<COLLADA xmlns="http://www.collada.org/2005/11/COLLADASchema" version="1.4.1">
  <asset>
    <created>2026-09-13T16:25:53.236133</created>
    <modified>2026-09-13T16:25:53.236133</modified>
    <up_axis>Y_UP</up_axis>
  </asset>
  <library_effects>
    <effect id="2a0efa7f509d4eb5b4c95b3d2fe7a697" name="2a0efa7f509d4eb5b4c95b3d2fe7a697">
      <profile_COMMON>
        <technique sid="common">
          <phong>
            <emission>
              <color>0.0 0.0 0.0 1.0</color>
            </emission>
            <ambient>
              <color>0.0 0.0 0.0 1.0</color>
            </ambient>
            <diffuse>
              <color>0.792156862745098 0.8196078431372549 0.9333333333333333 1.0</color>
            </diffuse>
            <specular>
              <color>0.0 0.0 0.0 1.0</color>
            </specular>
            <shininess>
              <float>0.0</float>
            </shininess>
            <reflective>
              <color>0.0 0.0 0.0 1.0</color>
            </reflective>
            <reflectivity>
              <float>0.0</float>
            </reflectivity>
            <transparent>
              <color>0.0 0.0 0.0 1.0</color>
            </transparent>
            <transparency>
              <float>1.0</float>
            </transparency>
          </phong>
        </technique>
        <extra>
          <technique profile="GOOGLEEARTH">
            <double_sided>0</double_sided>
          </technique>
        </extra>
      </profile_COMMON>
    </effect>
  </library_effects>
  <library_geometries>
    <geometry id="2df2b8e2fb304a448bcf071f04f3a8fc" name="cabb9215ed914daaaba895f86631bcfa">
      <mesh>
        <source id="verts-array">
          <float_array count="4398" id="verts-array-array">0.0435128 -0.02812504 0.00019579 0.0435511 -0.02816334 0.00038823 0.0175 -0.02816334 0.00038823 0.0175 -0.02831324 0.00075 0.043701 -0.02831324 0.00075 0.0175 -0.02855154 0.00106066 0.04381 -0.02842224 0.00091314 0.0436142 -0.02822644 0.00057403 0.0435 -0.02811224 -2.866171e-12 0.0175 -0.02811224 -2.866171e-12 0.0435128 -0.02812504 -0.00019579 0.0175 -0.02816334 -0.00038823 0.0435511 -0.02816334 -0.00038823 0.0436142 -0.02822644 -0.00057403 0.0175 -0.02831324 -0.00075 0.043701 -0.02831324 -0.00075 0.04381 -0.02842224 -0.00091314 0.0175 -0.02855154 -0.00106066 0.0439393 -0.02855154 -0.00106066 0.0175 -0.02886224 -0.00129904 0.04425 -0.02886224 -0.00129904 0.0175 -0.02922404 -0.00144889 0.0446118 -0.02922404 -0.00144889 0.0175 -0.02961224 -0.0015 0.045 -0.02961224 -0.0015 0.0175 -0.03000044 -0.00144889 0.0446118 -0.03000044 -0.00144889 0.0175 -0.03036224 -0.00129904 0.04425 -0.03036224 -0.00129904 0.0175 -0.03067294 -0.00106066 0.0439393 -0.03067294 -0.00106066 0.0175 -0.03091124 -0.00075 0.0175 -0.03106114 -0.00038823 0.0435511 -0.03106114 -0.00038823 0.0436142 -0.03099804 -0.00057403 0.043701 -0.03091124 -0.00075 0.04381 -0.03080224 -0.00091314 0.0175 -0.03106114 0.00038823 0.0435128 -0.03109944 0.00019579 0.0175 -0.03111224 -2.866171e-12 0.0435 -0.03111224 -2.866171e-12 0.0435128 -0.03109944 -0.00019579 0.0175 -0.03091124 0.00075 0.0436142 -0.03099804 0.00057403 0.0435511 -0.03106114 0.00038823 0.0439393 -0.02855154 0.00106066 0.04425 -0.02886224 0.00129904 0.0175 -0.02886224 0.00129904 0.0446118 -0.02922404 0.00144889 0.0175 -0.02922404 0.00144889 0.045 -0.02961224 0.0015 0.0175 -0.02961224 0.0015 0.0446118 -0.03000044 0.00144889 0.0175 -0.03000044 0.00144889 0.04425 -0.03036224 0.00129904 0.0175 -0.03036224 0.00129904 0.0439393 -0.03067294 0.00106066 0.0175 -0.03067294 0.00106066 0.04381 -0.03080224 0.00091314 0.043701 -0.03091124 0.00075 -0.08745 -0.02831324 0.00075 -0.08745 -0.02816334 0.00038823 -0.0464489 -0.02816334 0.00038823 -0.04619 -0.02842224 0.00091314 -0.08745 -0.02855154 0.00106066 -0.046299 -0.02831324 0.00075 -0.0463858 -0.02822644 0.00057403 -0.08745 -0.02811224 -2.866171e-12 -0.08745 -0.02816334 -0.00038823 -0.0464489 -0.02816334 -0.00038823 -0.0464872 -0.02812504 -0.00019579 -0.0465 -0.02811224 -2.866171e-12 -0.0464872 -0.02812504 0.00019579 -0.0460607 -0.02855154 -0.00106066 -0.04619 -0.02842224 -0.00091314 -0.08745 -0.02831324 -0.00075 -0.046299 -0.02831324 -0.00075 -0.0463858 -0.02822644 -0.00057403 -0.08745 -0.02855154 -0.00106066 -0.08745 -0.02886224 -0.00129904 -0.04575 -0.02886224 -0.00129904 -0.08745 -0.02922404 -0.00144889 -0.0453882 -0.02922404 -0.00144889 -0.08745 -0.02961224 -0.0015 -0.045 -0.02961224 -0.0015 -0.08745 -0.03000044 -0.00144889 -0.0453882 -0.03000044 -0.00144889 -0.08745 -0.03036224 -0.00129904 -0.04575 -0.03036224 -0.00129904 -0.08745 -0.03067294 -0.00106066 -0.0460607 -0.03067294 -0.00106066 -0.08745 -0.03091124 -0.00075 -0.08745 -0.03106114 -0.00038823 -0.0464489 -0.03106114 -0.00038823 -0.0463858 -0.03099804 -0.00057403 -0.046299 -0.03091124 -0.00075 -0.04619 -0.03080224 -0.00091314 -0.08745 -0.03111224 -2.866171e-12 -0.08745 -0.03106114 0.00038823 -0.0464489 -0.03106114 0.00038823 -0.0464872 -0.03109944 0.00019579 -0.0465 -0.03111224 -2.866171e-12 -0.0464872 -0.03109944 -0.00019579 -0.0460607 -0.03067294 0.00106066 -0.04619 -0.03080224 0.00091314 -0.08745 -0.03091124 0.00075 -0.046299 -0.03091124 0.00075 -0.0463858 -0.03099804 0.00057403 -0.0460607 -0.02855154 0.00106066 -0.04575 -0.02886224 0.00129904 -0.08745 -0.02886224 0.00129904 -0.0453882 -0.02922404 0.00144889 -0.08745 -0.02922404 0.00144889 -0.045 -0.02961224 0.0015 -0.08745 -0.02961224 0.0015 -0.0453882 -0.03000044 0.00144889 -0.08745 -0.03000044 0.00144889 -0.04575 -0.03036224 0.00129904 -0.08745 -0.03036224 0.00129904 -0.08745 -0.03067294 0.00106066 -0.0435128 -0.03109944 0.00019579 -0.0435511 -0.03106114 0.00038823 -0.0175 -0.03106114 0.00038823 -0.0175 -0.03091124 0.00075 -0.043701 -0.03091124 0.00075 -0.0175 -0.03067294 0.00106066 -0.04381 -0.03080224 0.00091314 -0.0436142 -0.03099804 0.00057403 -0.0435 -0.03111224 -2.866171e-12 -0.0175 -0.03111224 -2.866171e-12 -0.0435128 -0.03109944 -0.00019579 -0.0175 -0.03106114 -0.00038823 -0.0435511 -0.03106114 -0.00038823 -0.0436142 -0.03099804 -0.00057403 -0.0175 -0.03091124 -0.00075 -0.043701 -0.03091124 -0.00075 -0.04381 -0.03080224 -0.00091314 -0.0175 -0.03067294 -0.00106066 -0.0439393 -0.03067294 -0.00106066 -0.0175 -0.03036224 -0.00129904 -0.04425 -0.03036224 -0.00129904 -0.0175 -0.03000044 -0.00144889 -0.0446118 -0.03000044 -0.00144889 -0.0175 -0.02961224 -0.0015 -0.0175 -0.02922404 -0.00144889 -0.0446118 -0.02922404 -0.00144889 -0.0175 -0.02886224 -0.00129904 -0.04425 -0.02886224 -0.00129904 -0.0175 -0.02855154 -0.00106066 -0.0439393 -0.02855154 -0.00106066 -0.0175 -0.02831324 -0.00075 -0.0175 -0.02816334 -0.00038823 -0.0435511 -0.02816334 -0.00038823 -0.0436142 -0.02822644 -0.00057403 -0.043701 -0.02831324 -0.00075 -0.04381 -0.02842224 -0.00091314 -0.0175 -0.02816334 0.00038823 -0.0435128 -0.02812504 0.00019579 -0.0175 -0.02811224 -2.866171e-12 -0.0435 -0.02811224 -2.866171e-12 -0.0435128 -0.02812504 -0.00019579 -0.0175 -0.02831324 0.00075 -0.0436142 -0.02822644 0.00057403 -0.0435511 -0.02816334 0.00038823 -0.0439393 -0.03067294 0.00106066 -0.04425 -0.03036224 0.00129904 -0.0175 -0.03036224 0.00129904 -0.0446118 -0.03000044 0.00144889 -0.0175 -0.03000044 0.00144889 -0.0175 -0.02961224 0.0015 -0.0446118 -0.02922404 0.00144889 -0.0175 -0.02922404 0.00144889 -0.04425 -0.02886224 0.00129904 -0.0175 -0.02886224 0.00129904 -0.0439393 -0.02855154 0.00106066 -0.0175 -0.02855154 0.00106066 -0.04381 -0.02842224 0.00091314 -0.043701 -0.02831324 0.00075 0.08745 -0.03091124 0.00075 0.08745 -0.03106114 0.00038823 0.0464489 -0.03106114 0.00038823 0.04619 -0.03080224 0.00091314 0.08745 -0.03067294 0.00106066 0.046299 -0.03091124 0.00075 0.0463858 -0.03099804 0.00057403 0.08745 -0.03111224 -2.866171e-12 0.08745 -0.03106114 -0.00038823 0.0464489 -0.03106114 -0.00038823 0.0464872 -0.03109944 -0.00019579 0.0465 -0.03111224 -2.866171e-12 0.0464872 -0.03109944 0.00019579 0.0460607 -0.03067294 -0.00106066 0.04619 -0.03080224 -0.00091314 0.08745 -0.03091124 -0.00075 0.046299 -0.03091124 -0.00075 0.0463858 -0.03099804 -0.00057403 0.08745 -0.03067294 -0.00106066 0.08745 -0.03036224 -0.00129904 0.04575 -0.03036224 -0.00129904 0.08745 -0.03000044 -0.00144889 0.0453882 -0.03000044 -0.00144889 0.08745 -0.02961224 -0.0015 0.08745 -0.02922404 -0.00144889 0.0453882 -0.02922404 -0.00144889 0.08745 -0.02886224 -0.00129904 0.04575 -0.02886224 -0.00129904 0.08745 -0.02855154 -0.00106066 0.0460607 -0.02855154 -0.00106066 0.08745 -0.02831324 -0.00075 0.08745 -0.02816334 -0.00038823 0.0464489 -0.02816334 -0.00038823 0.0463858 -0.02822644 -0.00057403 0.046299 -0.02831324 -0.00075 0.04619 -0.02842224 -0.00091314 0.08745 -0.02811224 -2.866171e-12 0.08745 -0.02816334 0.00038823 0.0464489 -0.02816334 0.00038823 0.0464872 -0.02812504 0.00019579 0.0465 -0.02811224 -2.866171e-12 0.0464872 -0.02812504 -0.00019579 0.0460607 -0.02855154 0.00106066 0.04619 -0.02842224 0.00091314 0.08745 -0.02831324 0.00075 0.046299 -0.02831324 0.00075 0.0463858 -0.02822644 0.00057403 0.0460607 -0.03067294 0.00106066 0.04575 -0.03036224 0.00129904 0.08745 -0.03036224 0.00129904 0.0453882 -0.03000044 0.00144889 0.08745 -0.03000044 0.00144889 0.08745 -0.02961224 0.0015 0.0453882 -0.02922404 0.00144889 0.08745 -0.02922404 0.00144889 0.04575 -0.02886224 0.00129904 0.08745 -0.02886224 0.00129904 0.08745 -0.02855154 0.00106066 -0.08745 0.01652676 0.00075 -0.0690431 0.01652676 0.00075 -0.0691249 0.01641666 0.00091466 -0.08745 0.01628846 0.00106066 -0.0689784 0.01661296 0.00057553 -0.08745 0.01667666 0.00038823 -0.0689301 0.01667666 0.00038823 -0.0689011 0.01671466 0.00019776 -0.08745 0.01672776 -2.866171e-12 -0.0688911 0.01672776 -2.866171e-12 -0.0689009 0.01671496 -0.00019585 -0.08745 0.01667666 -0.00038823 -0.0689301 0.01667666 -0.00038823 -0.0689784 0.01661296 -0.00057563 -0.08745 0.01652676 -0.00075 -0.0690431 0.01652676 -0.00075 -0.069125 0.01641656 -0.0009148 -0.08745 0.01628846 -0.00106066 -0.0692187 0.01628846 -0.00106066 -0.08745 0.01597776 -0.00129904 -0.0694403 0.01597776 -0.00129904 -0.08745 0.01561596 -0.00144889 -0.0696883 0.01561596 -0.00144889 -0.08745 0.01522776 -0.0015 -0.0699429 0.01522776 -0.0015 -0.08745 0.01483956 -0.00144889 -0.070186 0.01483956 -0.00144889 -0.08745 0.01447776 -0.00129904 -0.0704026 0.01447776 -0.00129904 -0.0704716 0.01435776 -0.00120693 -0.08745 0.01416706 -0.00106066 -0.0705812 0.01416706 -0.00106066 -0.08745 0.01392876 -0.00075 -0.08745 0.01377886 -0.00038823 -0.0707951 0.01377886 -0.00038823 -0.0707606 0.01384276 -0.00057588 -0.0707138 0.01392876 -0.00075 -0.0706528 0.01403926 -0.0009151 -0.08745 0.01377886 0.00038823 -0.0708156 0.01374076 0.000197 -0.08745 0.01372776 -2.866171e-12 -0.0708225 0.01372776 -2.866171e-12 -0.0708156 0.01374056 -0.00019583 -0.08745 0.01392876 0.00075 -0.0707607 0.01384266 0.00057572 -0.0707951 0.01377886 0.00038823 -0.08745 0.01416706 0.00106066 -0.070653 0.01403896 0.00091474 -0.0707138 0.01392876 0.00075 -0.0692187 0.01628846 0.00106066 -0.0694403 0.01597776 0.00129904 -0.08745 0.01597776 0.00129904 -0.0696883 0.01561596 0.00144889 -0.08745 0.01561596 0.00144889 -0.0699429 0.01522776 0.0015 -0.08745 0.01522776 0.0015 -0.070186 0.01483956 0.00144889 -0.08745 0.01483956 0.00144889 -0.0704026 0.01447776 0.00129904 -0.08745 0.01447776 0.00129904 -0.0704716 0.01435776 0.00120693 -0.0705812 0.01416706 0.00106066 0.0705812 0.01416706 0.00106066 0.0704716 0.01435776 0.00120693 0.08745 0.01416706 0.00106066 0.08745 0.01447776 0.00129904 0.08745 0.01392876 0.00075 0.08745 0.01377886 0.00038823 0.0707951 0.01377886 0.00038823 0.0707607 0.01384266 0.00057572 0.0707138 0.01392876 0.00075 0.070653 0.01403896 0.00091474 0.08745 0.01377886 -0.00038823 0.0708156 0.01374056 -0.00019583 0.08745 0.01372776 -2.866171e-12 0.0708225 0.01372776 -2.866171e-12 0.0708156 0.01374076 0.000197 0.08745 0.01392876 -0.00075 0.0707606 0.01384276 -0.00057588 0.0707951 0.01377886 -0.00038823 0.08745 0.01416706 -0.00106066 0.0706528 0.01403926 -0.0009151 0.0707138 0.01392876 -0.00075 0.08745 0.01628846 -0.00106066 0.0694403 0.01597776 -0.00129904 0.08745 0.01597776 -0.00129904 0.0696883 0.01561596 -0.00144889 0.08745 0.01561596 -0.00144889 0.0699429 0.01522776 -0.0015 0.08745 0.01522776 -0.0015 0.070186 0.01483956 -0.00144889 0.08745 0.01483956 -0.00144889 0.0704026 0.01447776 -0.00129904 0.08745 0.01447776 -0.00129904 0.0704716 0.01435776 -0.00120693 0.0705812 0.01416706 -0.00106066 0.08745 0.01652676 -0.00075 0.069125 0.01641656 -0.0009148 0.0692187 0.01628846 -0.00106066 0.08745 0.01667666 -0.00038823 0.0689784 0.01661296 -0.00057563 0.0690431 0.01652676 -0.00075 0.08745 0.01672776 -2.866171e-12 0.0689009 0.01671496 -0.00019585 0.0689301 0.01667666 -0.00038823 0.08745 0.01667666 0.00038823 0.0689011 0.01671466 0.00019776 0.0688911 0.01672776 -2.866171e-12 0.08745 0.01652676 0.00075 0.0689784 0.01661296 0.00057553 0.0689301 0.01667666 0.00038823 0.0704026 0.01447776 0.00129904 0.070186 0.01483956 0.00144889 0.08745 0.01483956 0.00144889 0.0699429 0.01522776 0.0015 0.08745 0.01522776 0.0015 0.0696883 0.01561596 0.00144889 0.08745 0.01561596 0.00144889 0.0694403 0.01597776 0.00129904 0.08745 0.01597776 0.00129904 0.0692187 0.01628846 0.00106066 0.08745 0.01628846 0.00106066 0.0691249 0.01641666 0.00091466 0.0690431 0.01652676 0.00075 -0.0321256 0.01392876 0.00075 -0.032186 0.01403826 0.0009138 0.0322581 0.01416706 0.00106066 -0.0322581 0.01416706 0.00106066 0.0323677 0.01435776 0.00120693 -0.0323677 0.01435776 0.00120693 0.0324367 0.01447776 0.00129904 0.032186 0.01403826 0.0009138 0.0321256 0.01392876 0.00075 -0.0320788 0.01384286 0.00057612 -0.0320443 0.01377886 0.00038823 0.0320788 0.01384286 0.00057612 0.0320443 0.01377886 0.00038823 -0.0320238 0.01374076 0.00019709 -0.0320169 0.01372776 -2.866171e-12 0.0320238 0.01374076 0.00019709 0.0320169 0.01372776 -2.866171e-12 -0.0320238 0.01374066 -0.00019622 -0.0320443 0.01377886 -0.00038823 0.0320238 0.01374066 -0.00019622 0.0320443 0.01377886 -0.00038823 -0.0320787 0.01384266 -0.00057567 -0.0321256 0.01392876 -0.00075 0.0320787 0.01384266 -0.00057567 0.0321256 0.01392876 -0.00075 -0.0321866 0.01403926 -0.00091511 -0.0322581 0.01416706 -0.00106066 0.0321866 0.01403926 -0.00091511 0.0322581 0.01416706 -0.00106066 -0.0323677 0.01435776 -0.00120693 0.0323677 0.01435776 -0.00120693 -0.0324367 0.01447776 -0.00129904 0.0324367 0.01447776 -0.00129904 0.0326533 0.01483956 -0.00144889 -0.0326533 0.01483956 -0.00144889 0.0328964 0.01522776 -0.0015 -0.0328964 0.01522776 -0.0015 0.033151 0.01561596 -0.00144889 -0.033151 0.01561596 -0.00144889 0.033399 0.01597776 -0.00129904 -0.033399 0.01597776 -0.00129904 0.0336206 0.01628846 -0.00106066 -0.0336206 0.01628846 -0.00106066 0.0337141 0.01641606 -0.00091536 -0.0337141 0.01641606 -0.00091536 0.0337963 0.01652676 -0.00075 -0.0337963 0.01652676 -0.00075 -0.0338609 0.01661286 -0.00057577 0.0338609 0.01661286 -0.00057577 -0.0339092 0.01667666 -0.00038823 0.0339092 0.01667666 -0.00038823 -0.0339384 0.01671496 -0.00019585 0.0339384 0.01671496 -0.00019585 -0.0339482 0.01672776 -2.866171e-12 0.0339482 0.01672776 -2.866171e-12 -0.0339383 0.01671476 0.00019733 0.0339383 0.01671476 0.00019733 -0.0339092 0.01667666 0.00038823 0.0339092 0.01667666 0.00038823 0.0338606 0.01661246 0.0005766 -0.0338606 0.01661246 0.0005766 0.0337963 0.01652676 0.00075 -0.0337963 0.01652676 0.00075 -0.033714 0.01641596 0.00091556 0.033714 0.01641596 0.00091556 -0.0336206 0.01628846 0.00106066 -0.0324367 0.01447776 0.00129904 -0.0326533 0.01483956 0.00144889 0.0326533 0.01483956 0.00144889 -0.0328964 0.01522776 0.0015 0.0328964 0.01522776 0.0015 -0.033151 0.01561596 0.00144889 0.033151 0.01561596 0.00144889 -0.033399 0.01597776 0.00129904 0.033399 0.01597776 0.00129904 0.0336206 0.01628846 0.00106066 0.0698449 0.03667589 -0.0025 0.0708664 0.03330859 -0.0025 0.0552399 0.02502386 -0.0025 -0.0175 -0.02161224 -0.0025 -0.0175 -0.03661224 -0.0025 -0.0372784 -0.01349494 -0.0025 -0.0695 0.04017776 -0.0025 0.0695 0.04017776 -0.0025 -0.0698449 0.03667589 -0.0025 -0.0734197 0.003358061 -0.0025 -0.0730855 -0.0004621388 -0.0025 -0.08745 -0.03661224 -0.0025 -0.0720929 -0.004166339 -0.0025 -0.0704722 -0.007641939 -0.0025 -0.0307465 -0.004166339 -0.0025 0.0175 -0.02161224 -0.0025 -0.0323671 -0.007641939 -0.0025 -0.0345667 -0.01078324 -0.0025 -0.0805808 0.02359416 -0.0025 -0.0774775 0.02525286 -0.0025 -0.0704722 0.01435806 -0.0025 -0.0297539 0.007178361 -0.0025 -0.0307465 0.01088256 -0.0025 0.0323671 0.01435806 -0.0025 -0.0682727 -0.01078324 -0.0025 -0.065561 -0.01349494 -0.0025 -0.0624197 -0.01569444 -0.0025 -0.08745 0.02222776 -0.0025 -0.0839481 0.02257266 -0.0025 -0.0730855 0.007178361 -0.0025 -0.0720929 0.01088256 -0.0025 0.0475994 0.02502386 -0.0025 -0.0372784 0.02021106 -0.0025 0.0514197 0.02535806 -0.0025 -0.0404197 0.02241066 -0.0025 -0.0438952 0.02403126 -0.0025 0.0345667 0.01749936 -0.0025 0.0294197 0.003358061 -0.0025 0.0297539 -0.0004621388 -0.0025 0.0307465 -0.004166339 -0.0025 0.0323671 -0.007641939 -0.0025 0.0345667 -0.01078324 -0.0025 0.0175 -0.03661224 -0.0025 -0.0475994 -0.01830774 -0.0025 -0.0438952 -0.01731514 -0.0025 -0.0404197 -0.01569444 -0.0025 -0.0708664 0.03330859 -0.0025 -0.0475994 0.02502386 -0.0025 -0.0725251 0.03020527 -0.0025 -0.0514197 0.02535806 -0.0025 -0.0552399 0.02502386 -0.0025 0.0438952 0.02403126 -0.0025 0.0404197 0.02241066 -0.0025 -0.0345667 0.01749936 -0.0025 -0.0323671 0.01435806 -0.0025 0.0774775 0.02525286 -0.0025 0.0682727 0.01749936 -0.0025 0.0747574 0.02748516 -0.0025 0.065561 0.02021106 -0.0025 0.0725251 0.03020527 -0.0025 0.0624197 0.02241066 -0.0025 0.0589441 0.02403126 -0.0025 0.0839481 0.02257266 -0.0025 0.0720929 -0.004166339 -0.0025 0.0805808 0.02359416 -0.0025 0.0730855 -0.0004621388 -0.0025 0.0734197 0.003358061 -0.0025 0.0372784 -0.01349494 -0.0025 0.0404197 -0.01569444 -0.0025 0.0438952 -0.01731514 -0.0025 0.0589441 -0.01731514 -0.0025 0.0624197 -0.01569444 -0.0025 0.08745 -0.03661224 -0.0025 0.065561 -0.01349494 -0.0025 0.0682727 -0.01078324 -0.0025 0.08745 0.02222776 -0.0025 0.0704722 -0.007641939 -0.0025 -0.0589441 0.02403126 -0.0025 -0.0624197 0.02241066 -0.0025 -0.0747574 0.02748516 -0.0025 -0.065561 0.02021106 -0.0025 -0.0682727 0.01749936 -0.0025 0.0372784 0.02021106 -0.0025 0.0730855 0.007178361 -0.0025 0.0720929 0.01088256 -0.0025 0.0704722 0.01435806 -0.0025 0.0475994 -0.01830774 -0.0025 0.0514197 -0.01864194 -0.0025 0.0552399 -0.01830774 -0.0025 -0.0589441 -0.01731514 -0.0025 -0.0552399 -0.01830774 -0.0025 -0.0514197 -0.01864194 -0.0025 -0.0297539 -0.0004621388 -0.0025 -0.0294197 0.003358061 -0.0025 0.0297539 0.007178361 -0.0025 0.0307465 0.01088256 -0.0025 -0.0704026 0.01447776 0.00129904 -0.070186 0.01483956 0.00144889 -0.0704722 0.01435806 0.0025 -0.0699429 0.01522776 0.0015 -0.0682727 0.01749936 0.0025 -0.0696883 0.01561596 0.00144889 -0.0694403 0.01597776 0.00129904 -0.0692187 0.01628846 0.00106066 -0.0689301 0.01667666 0.00038823 -0.0689011 0.01671466 0.00019776 -0.0689784 0.01661296 0.00057553 -0.0691249 0.01641666 0.00091466 -0.0690431 0.01652676 0.00075 -0.0688911 0.01672776 -2.866171e-12 -0.0689009 0.01671496 -0.00019585 -0.0682727 0.01749936 -0.0025 -0.0689301 0.01667666 -0.00038823 -0.0689784 0.01661296 -0.00057563 -0.0690431 0.01652676 -0.00075 -0.069125 0.01641656 -0.0009148 -0.0692187 0.01628846 -0.00106066 -0.0694403 0.01597776 -0.00129904 -0.0696883 0.01561596 -0.00144889 -0.0704722 0.01435806 -0.0025 -0.0699429 0.01522776 -0.0015 -0.070186 0.01483956 -0.00144889 -0.0706528 0.01403926 -0.0009151 -0.0707138 0.01392876 -0.00075 -0.0720929 0.01088256 -0.0025 -0.0707606 0.01384276 -0.00057588 -0.0707951 0.01377886 -0.00038823 -0.0704026 0.01447776 -0.00129904 -0.0704716 0.01435776 -0.00120693 -0.0705812 0.01416706 -0.00106066 -0.0708156 0.01374056 -0.00019583 -0.0708225 0.01372776 -2.866171e-12 -0.0720929 0.01088256 0.0025 -0.0708156 0.01374076 0.000197 -0.0707951 0.01377886 0.00038823 -0.0707607 0.01384266 0.00057572 -0.0707138 0.01392876 0.00075 -0.070653 0.01403896 0.00091474 -0.0705812 0.01416706 0.00106066 -0.0704716 0.01435776 0.00120693 -0.0324367 0.01447776 -0.00129904 -0.0326533 0.01483956 -0.00144889 -0.0323671 0.01435806 -0.0025 -0.0328964 0.01522776 -0.0015 -0.0345667 0.01749936 -0.0025 -0.033151 0.01561596 -0.00144889 -0.033399 0.01597776 -0.00129904 -0.0336206 0.01628846 -0.00106066 -0.0339092 0.01667666 -0.00038823 -0.0339384 0.01671496 -0.00019585 -0.0338609 0.01661286 -0.00057577 -0.0337141 0.01641606 -0.00091536 -0.0337963 0.01652676 -0.00075 -0.0339482 0.01672776 -2.866171e-12 -0.0339383 0.01671476 0.00019733 -0.0345667 0.01749936 0.0025 -0.0339092 0.01667666 0.00038823 -0.0338606 0.01661246 0.0005766 -0.0337963 0.01652676 0.00075 -0.033714 0.01641596 0.00091556 -0.0336206 0.01628846 0.00106066 -0.033399 0.01597776 0.00129904 -0.033151 0.01561596 0.00144889 -0.0323671 0.01435806 0.0025 -0.0328964 0.01522776 0.0015 -0.0326533 0.01483956 0.00144889 -0.0320443 0.01377886 0.00038823 -0.0320238 0.01374076 0.00019709 -0.0307465 0.01088256 0.0025 -0.032186 0.01403826 0.0009138 -0.0321256 0.01392876 0.00075 -0.0320788 0.01384286 0.00057612 -0.0324367 0.01447776 0.00129904 -0.0323677 0.01435776 0.00120693 -0.0322581 0.01416706 0.00106066 -0.0320169 0.01372776 -2.866171e-12 -0.0320238 0.01374066 -0.00019622 -0.0307465 0.01088256 -0.0025 -0.0320443 0.01377886 -0.00038823 -0.0320787 0.01384266 -0.00057567 -0.0321256 0.01392876 -0.00075 -0.0321866 0.01403926 -0.00091511 -0.0322581 0.01416706 -0.00106066 -0.0323677 0.01435776 -0.00120693 -0.065561 0.02021106 0.0025 -0.065561 0.02021106 -0.0025 -0.0624197 0.02241066 0.0025 -0.0624197 0.02241066 -0.0025 -0.0589441 0.02403126 0.0025 -0.0589441 0.02403126 -0.0025 -0.0552399 0.02502386 0.0025 -0.0552399 0.02502386 -0.0025 -0.0514197 0.02535806 0.0025 -0.0514197 0.02535806 -0.0025 -0.0475994 0.02502386 0.0025 -0.0475994 0.02502386 -0.0025 -0.0438952 0.02403126 0.0025 -0.0438952 0.02403126 -0.0025 -0.0404197 0.02241066 0.0025 -0.0404197 0.02241066 -0.0025 -0.0372784 0.02021106 0.0025 -0.0372784 0.02021106 -0.0025 -0.0297539 0.007178361 0.0025 -0.0297539 0.007178361 -0.0025 -0.0294197 0.003358061 0.0025 -0.0294197 0.003358061 -0.0025 -0.0297539 -0.0004621388 0.0025 -0.0297539 -0.0004621388 -0.0025 -0.0307465 -0.004166339 0.0025 -0.0307465 -0.004166339 -0.0025 -0.0323671 -0.007641939 0.0025 -0.0323671 -0.007641939 -0.0025 -0.0345667 -0.01078324 0.0025 -0.0345667 -0.01078324 -0.0025 -0.0372784 -0.01349494 0.0025 -0.0372784 -0.01349494 -0.0025 -0.0404197 -0.01569444 0.0025 -0.0404197 -0.01569444 -0.0025 -0.0438952 -0.01731514 0.0025 -0.0438952 -0.01731514 -0.0025 -0.0475994 -0.01830774 0.0025 -0.0475994 -0.01830774 -0.0025 -0.0514197 -0.01864194 0.0025 -0.0514197 -0.01864194 -0.0025 -0.0552399 -0.01830774 0.0025 -0.0552399 -0.01830774 -0.0025 -0.0589441 -0.01731514 0.0025 -0.0589441 -0.01731514 -0.0025 -0.0624197 -0.01569444 0.0025 -0.0624197 -0.01569444 -0.0025 -0.065561 -0.01349494 0.0025 -0.065561 -0.01349494 -0.0025 -0.0682727 -0.01078324 0.0025 -0.0682727 -0.01078324 -0.0025 -0.0704722 -0.007641939 0.0025 -0.0704722 -0.007641939 -0.0025 -0.0720929 -0.004166339 0.0025 -0.0720929 -0.004166339 -0.0025 -0.0730855 -0.0004621388 0.0025 -0.0730855 -0.0004621388 -0.0025 -0.0734197 0.003358061 0.0025 -0.0734197 0.003358061 -0.0025 -0.0730855 0.007178361 0.0025 -0.0730855 0.007178361 -0.0025 0.08745 0.02222776 0.0025 0.08745 0.02222776 -0.0025 0.0839481 0.02257266 0.0025 0.0839481 0.02257266 -0.0025 0.0805808 0.02359416 0.0025 0.0805808 0.02359416 -0.0025 0.0774775 0.02525286 0.0025 0.0774775 0.02525286 -0.0025 0.0747574 0.02748516 0.0025 0.0747574 0.02748516 -0.0025 0.0725251 0.03020527 0.0025 0.0725251 0.03020527 -0.0025 0.0708664 0.03330859 0.0025 0.0708664 0.03330859 -0.0025 0.0698449 0.03667589 0.0025 0.0698449 0.03667589 -0.0025 0.0695 0.04017776 0.0025 0.0695 0.04017776 -0.0025 0.08745 -0.02831324 -0.00075 0.08745 -0.02855154 -0.00106066 0.08745 0.02222776 -0.0025 0.08745 -0.03000044 -0.00144889 0.08745 -0.03036224 -0.00129904 0.08745 -0.03661224 -0.0025 0.08745 -0.03067294 -0.00106066 0.08745 -0.03091124 -0.00075 0.08745 0.01672776 -2.866171e-12 0.08745 0.01667666 0.00038823 0.08745 0.02222776 0.0025 0.08745 0.01667666 -0.00038823 0.08745 0.01652676 -0.00075 0.08745 0.01628846 -0.00106066 0.08745 -0.02886224 -0.00129904 0.08745 -0.02922404 -0.00144889 0.08745 -0.02961224 -0.0015 0.08745 -0.03106114 -0.00038823 0.08745 -0.03111224 -2.866171e-12 0.08745 -0.03661224 0.0025 0.08745 -0.03106114 0.00038823 0.08745 -0.03091124 0.00075 0.08745 -0.03067294 0.00106066 0.08745 -0.03036224 0.00129904 0.08745 0.01416706 -0.00106066 0.08745 0.01392876 -0.00075 0.08745 -0.02811224 -2.866171e-12 0.08745 0.01377886 0.00038823 0.08745 -0.02886224 0.00129904 0.08745 -0.02855154 0.00106066 0.08745 0.01416706 0.00106066 0.08745 0.01392876 0.00075 0.08745 0.01447776 -0.00129904 0.08745 0.01447776 0.00129904 0.08745 0.01483956 0.00144889 0.08745 0.01522776 0.0015 0.08745 0.01561596 0.00144889 0.08745 0.01597776 0.00129904 0.08745 -0.03000044 0.00144889 0.08745 -0.02961224 0.0015 0.08745 -0.02922404 0.00144889 0.08745 0.01628846 0.00106066 0.08745 0.01652676 0.00075 0.08745 0.01597776 -0.00129904 0.08745 0.01561596 -0.00144889 0.08745 0.01522776 -0.0015 0.08745 -0.02816334 -0.00038823 0.08745 0.01483956 -0.00144889 0.08745 0.01377886 -0.00038823 0.08745 0.01372776 -2.866171e-12 0.08745 -0.02816334 0.00038823 0.08745 -0.02831324 0.00075 0.0446118 -0.03661224 -0.00144889 0.04425 -0.03661224 -0.00129904 0.0175 -0.03661224 -0.0025 0.0439393 -0.03661224 -0.00106066 0.043701 -0.03661224 -0.00075 0.0464489 -0.03661224 -0.00038823 0.046299 -0.03661224 -0.00075 0.08745 -0.03661224 -0.0025 0.045 -0.03661224 -0.0015 0.0453882 -0.03661224 -0.00144889 0.0435511 -0.03661224 0.00038823 0.0175 -0.03661224 0.0025 0.0435 -0.03661224 -2.866171e-12 0.0435511 -0.03661224 -0.00038823 0.0460607 -0.03661224 -0.00106066 0.04575 -0.03661224 -0.00129904 0.043701 -0.03661224 0.00075 0.0439393 -0.03661224 0.00106066 0.04425 -0.03661224 0.00129904 0.0446118 -0.03661224 0.00144889 0.045 -0.03661224 0.0015 0.08745 -0.03661224 0.0025 0.0453882 -0.03661224 0.00144889 0.04575 -0.03661224 0.00129904 0.0460607 -0.03661224 0.00106066 0.046299 -0.03661224 0.00075 0.0464489 -0.03661224 0.00038823 0.0465 -0.03661224 -2.866171e-12 0.0175 -0.02855154 0.00106066 0.0175 -0.02886224 0.00129904 0.0175 -0.02161224 0.0025 0.0175 -0.02831324 0.00075 0.0175 -0.03661224 0.0025 0.0175 -0.03036224 0.00129904 0.0175 -0.03067294 0.00106066 0.0175 -0.02922404 0.00144889 0.0175 -0.02961224 0.0015 0.0175 -0.03000044 0.00144889 0.0175 -0.03106114 -0.00038823 0.0175 -0.03091124 -0.00075 0.0175 -0.03661224 -0.0025 0.0175 -0.03067294 -0.00106066 0.0175 -0.03036224 -0.00129904 0.0175 -0.02886224 -0.00129904 0.0175 -0.02855154 -0.00106066 0.0175 -0.02161224 -0.0025 0.0175 -0.02831324 -0.00075 0.0175 -0.03091124 0.00075 0.0175 -0.03106114 0.00038823 0.0175 -0.03111224 -2.866171e-12 0.0175 -0.02816334 -0.00038823 0.0175 -0.02811224 -2.866171e-12 0.0175 -0.02816334 0.00038823 0.0175 -0.03000044 -0.00144889 0.0175 -0.02961224 -0.0015 0.0175 -0.02922404 -0.00144889 0.0175 -0.02161224 0.0025 -0.0175 -0.02161224 0.0025 0.0175 -0.02161224 -0.0025 -0.0175 -0.02161224 -0.0025 -0.0175 -0.03067294 0.00106066 -0.0175 -0.03036224 0.00129904 -0.0175 -0.03661224 0.0025 -0.0175 -0.03036224 -0.00129904 -0.0175 -0.03067294 -0.00106066 -0.0175 -0.03661224 -0.0025 -0.0175 -0.03091124 -0.00075 -0.0175 -0.03091124 0.00075 -0.0175 -0.02161224 0.0025 -0.0175 -0.02886224 0.00129904 -0.0175 -0.02855154 0.00106066 -0.0175 -0.02816334 -0.00038823 -0.0175 -0.02831324 -0.00075 -0.0175 -0.02161224 -0.0025 -0.0175 -0.02855154 -0.00106066 -0.0175 -0.02886224 -0.00129904 -0.0175 -0.02922404 -0.00144889 -0.0175 -0.02961224 -0.0015 -0.0175 -0.03000044 -0.00144889 -0.0175 -0.03106114 -0.00038823 -0.0175 -0.03111224 -2.866171e-12 -0.0175 -0.03106114 0.00038823 -0.0175 -0.03000044 0.00144889 -0.0175 -0.02961224 0.0015 -0.0175 -0.02922404 0.00144889 -0.0175 -0.02831324 0.00075 -0.0175 -0.02816334 0.00038823 -0.0175 -0.02811224 -2.866171e-12 -0.0446118 -0.03661224 -0.00144889 -0.045 -0.03661224 -0.0015 -0.0175 -0.03661224 -0.0025 -0.0460607 -0.03661224 -0.00106066 -0.046299 -0.03661224 -0.00075 -0.08745 -0.03661224 -0.0025 -0.04575 -0.03661224 -0.00129904 -0.0435511 -0.03661224 -0.00038823 -0.043701 -0.03661224 -0.00075 -0.0453882 -0.03661224 -0.00144889 -0.04575 -0.03661224 0.00129904 -0.08745 -0.03661224 0.0025 -0.0460607 -0.03661224 0.00106066 -0.046299 -0.03661224 0.00075 -0.0439393 -0.03661224 -0.00106066 -0.04425 -0.03661224 -0.00129904 -0.0464489 -0.03661224 -0.00038823 -0.0465 -0.03661224 -2.866171e-12 -0.0464489 -0.03661224 0.00038823 -0.0453882 -0.03661224 0.00144889 -0.045 -0.03661224 0.0015 -0.0175 -0.03661224 0.0025 -0.0446118 -0.03661224 0.00144889 -0.04425 -0.03661224 0.00129904 -0.0439393 -0.03661224 0.00106066 -0.043701 -0.03661224 0.00075 -0.0435511 -0.03661224 0.00038823 -0.0435 -0.03661224 -2.866171e-12 -0.08745 0.01447776 0.00129904 -0.08745 0.01416706 0.00106066 -0.08745 -0.02811224 -2.866171e-12 -0.08745 0.01377886 0.00038823 -0.08745 -0.02855154 -0.00106066 -0.08745 -0.02831324 -0.00075 -0.08745 -0.03091124 -0.00075 -0.08745 -0.03067294 -0.00106066 -0.08745 -0.03661224 -0.0025 -0.08745 -0.02831324 0.00075 -0.08745 -0.02855154 0.00106066 -0.08745 0.02222776 0.0025 -0.08745 0.01392876 0.00075 -0.08745 -0.02816334 -0.00038823 -0.08745 0.01392876 -0.00075 -0.08745 0.01416706 -0.00106066 -0.08745 0.01561596 -0.00144889 -0.08745 0.01597776 -0.00129904 -0.08745 0.02222776 -0.0025 -0.08745 0.01628846 -0.00106066 -0.08745 0.01667666 0.00038823 -0.08745 0.01652676 0.00075 -0.08745 0.01628846 0.00106066 -0.08745 -0.03000044 0.00144889 -0.08745 -0.03036224 0.00129904 -0.08745 -0.03661224 0.0025 -0.08745 -0.03067294 0.00106066 -0.08745 -0.03091124 0.00075 -0.08745 -0.03036224 -0.00129904 -0.08745 -0.03000044 -0.00144889 -0.08745 -0.02961224 -0.0015 -0.08745 0.01447776 -0.00129904 -0.08745 0.01483956 -0.00144889 -0.08745 0.01522776 -0.0015 -0.08745 0.01652676 -0.00075 -0.08745 0.01667666 -0.00038823 -0.08745 0.01672776 -2.866171e-12 -0.08745 -0.02886224 0.00129904 -0.08745 -0.02922404 0.00144889 -0.08745 -0.02961224 0.0015 -0.08745 -0.03106114 0.00038823 -0.08745 -0.03111224 -2.866171e-12 -0.08745 -0.03106114 -0.00038823 -0.08745 0.01377886 -0.00038823 -0.08745 0.01372776 -2.866171e-12 -0.08745 -0.02922404 -0.00144889 -0.08745 -0.02886224 -0.00129904 -0.08745 0.01597776 0.00129904 -0.08745 0.01561596 0.00144889 -0.08745 0.01522776 0.0015 -0.08745 -0.02816334 0.00038823 -0.08745 0.01483956 0.00144889 -0.0695 0.04017776 0.0025 -0.0695 0.04017776 -0.0025 -0.0698449 0.03667589 0.0025 -0.0698449 0.03667589 -0.0025 -0.0708664 0.03330859 0.0025 -0.0708664 0.03330859 -0.0025 -0.0725251 0.03020527 0.0025 -0.0725251 0.03020527 -0.0025 -0.0747574 0.02748516 0.0025 -0.0747574 0.02748516 -0.0025 -0.0774775 0.02525286 0.0025 -0.0774775 0.02525286 -0.0025 -0.0805808 0.02359416 0.0025 -0.0805808 0.02359416 -0.0025 -0.0839481 0.02257266 0.0025 -0.0839481 0.02257266 -0.0025 -0.08745 0.02222776 0.0025 -0.08745 0.02222776 -0.0025 -0.0695 0.04017776 0.0025 0.0695 0.04017776 0.0025 -0.0695 0.04017776 -0.0025 0.0695 0.04017776 -0.0025 0.0175 -0.02161224 0.0025 0.0514197 -0.01864194 0.0025 0.0475994 -0.01830774 0.0025 0.0720929 -0.004166339 0.0025 0.0704722 -0.007641939 0.0025 0.08745 -0.03661224 0.0025 0.0624197 -0.01569444 0.0025 0.0589441 -0.01731514 0.0025 -0.0698449 0.03667589 0.0025 0.08745 0.02222776 0.0025 0.0839481 0.02257266 0.0025 0.0695 0.04017776 0.0025 -0.0695 0.04017776 0.0025 0.0698449 0.03667589 0.0025 0.0708664 0.03330859 0.0025 0.0774775 0.02525286 0.0025 0.0747574 0.02748516 0.0025 0.0725251 0.03020527 0.0025 0.0372784 -0.01349494 0.0025 -0.0294197 0.003358061 0.0025 0.0404197 -0.01569444 0.0025 0.0438952 -0.01731514 0.0025 -0.0725251 0.03020527 0.0025 -0.0747574 0.02748516 0.0025 -0.0734197 0.003358061 0.0025 -0.0774775 0.02525286 0.0025 -0.0730855 -0.0004621388 0.0025 0.0682727 -0.01078324 0.0025 0.065561 -0.01349494 0.0025 0.0805808 0.02359416 0.0025 -0.0730855 0.007178361 0.0025 -0.0720929 0.01088256 0.0025 -0.0704722 0.01435806 0.0025 0.0175 -0.03661224 0.0025 0.0552399 -0.01830774 0.0025 0.0624197 0.02241066 0.0025 0.065561 0.02021106 0.0025 0.0682727 0.01749936 0.0025 0.0704722 0.01435806 0.0025 0.0720929 0.01088256 0.0025 -0.0682727 0.01749936 0.0025 -0.065561 0.02021106 0.0025 -0.0708664 0.03330859 0.0025 -0.0624197 0.02241066 0.0025 -0.0589441 0.02403126 0.0025 -0.0682727 -0.01078324 0.0025 -0.0704722 -0.007641939 0.0025 -0.08745 -0.03661224 0.0025 -0.0720929 -0.004166339 0.0025 0.0730855 0.007178361 0.0025 0.0734197 0.003358061 0.0025 0.0730855 -0.0004621388 0.0025 -0.0805808 0.02359416 0.0025 -0.0839481 0.02257266 0.0025 -0.08745 0.02222776 0.0025 -0.0175 -0.02161224 0.0025 -0.0297539 -0.0004621388 0.0025 -0.0307465 -0.004166339 0.0025 -0.0175 -0.03661224 0.0025 -0.0404197 -0.01569444 0.0025 -0.0438952 -0.01731514 0.0025 -0.0589441 -0.01731514 0.0025 -0.0624197 -0.01569444 0.0025 -0.065561 -0.01349494 0.0025 0.0345667 -0.01078324 0.0025 0.0323671 -0.007641939 0.0025 0.0307465 -0.004166339 0.0025 0.0372784 0.02021106 0.0025 0.0404197 0.02241066 0.0025 -0.0307465 0.01088256 0.0025 -0.0323671 -0.007641939 0.0025 -0.0345667 -0.01078324 0.0025 -0.0372784 -0.01349494 0.0025 0.0514197 0.02535806 0.0025 -0.0372784 0.02021106 0.0025 0.0475994 0.02502386 0.0025 -0.0345667 0.01749936 0.0025 -0.0323671 0.01435806 0.0025 0.0438952 0.02403126 0.0025 -0.0475994 -0.01830774 0.0025 -0.0514197 -0.01864194 0.0025 -0.0552399 -0.01830774 0.0025 -0.0475994 0.02502386 0.0025 -0.0514197 0.02535806 0.0025 -0.0552399 0.02502386 0.0025 -0.0438952 0.02403126 0.0025 -0.0404197 0.02241066 0.0025 0.0297539 -0.0004621388 0.0025 0.0294197 0.003358061 0.0025 -0.0297539 0.007178361 0.0025 0.0297539 0.007178361 0.0025 0.0307465 0.01088256 0.0025 0.0323671 0.01435806 0.0025 0.0345667 0.01749936 0.0025 0.0552399 0.02502386 0.0025 0.0589441 0.02403126 0.0025 0.0324367 0.01447776 0.00129904 0.0326533 0.01483956 0.00144889 0.0323671 0.01435806 0.0025 0.0328964 0.01522776 0.0015 0.0345667 0.01749936 0.0025 0.033151 0.01561596 0.00144889 0.033399 0.01597776 0.00129904 0.0336206 0.01628846 0.00106066 0.0339092 0.01667666 0.00038823 0.0339383 0.01671476 0.00019733 0.0338606 0.01661246 0.0005766 0.033714 0.01641596 0.00091556 0.0337963 0.01652676 0.00075 0.0339482 0.01672776 -2.866171e-12 0.0339384 0.01671496 -0.00019585 0.0345667 0.01749936 -0.0025 0.0339092 0.01667666 -0.00038823 0.0338609 0.01661286 -0.00057577 0.0337963 0.01652676 -0.00075 0.0337141 0.01641606 -0.00091536 0.0336206 0.01628846 -0.00106066 0.033399 0.01597776 -0.00129904 0.033151 0.01561596 -0.00144889 0.0323671 0.01435806 -0.0025 0.0328964 0.01522776 -0.0015 0.0326533 0.01483956 -0.00144889 0.0321866 0.01403926 -0.00091511 0.0321256 0.01392876 -0.00075 0.0307465 0.01088256 -0.0025 0.0320787 0.01384266 -0.00057567 0.0320443 0.01377886 -0.00038823 0.0324367 0.01447776 -0.00129904 0.0323677 0.01435776 -0.00120693 0.0322581 0.01416706 -0.00106066 0.0320238 0.01374066 -0.00019622 0.0320169 0.01372776 -2.866171e-12 0.0307465 0.01088256 0.0025 0.0320238 0.01374076 0.00019709 0.0320443 0.01377886 0.00038823 0.0320788 0.01384286 0.00057612 0.0321256 0.01392876 0.00075 0.032186 0.01403826 0.0009138 0.0322581 0.01416706 0.00106066 0.0323677 0.01435776 0.00120693 0.0704026 0.01447776 -0.00129904 0.070186 0.01483956 -0.00144889 0.0704722 0.01435806 -0.0025 0.0699429 0.01522776 -0.0015 0.0682727 0.01749936 -0.0025 0.0696883 0.01561596 -0.00144889 0.0694403 0.01597776 -0.00129904 0.0692187 0.01628846 -0.00106066 0.0689301 0.01667666 -0.00038823 0.0689009 0.01671496 -0.00019585 0.0689784 0.01661296 -0.00057563 0.069125 0.01641656 -0.0009148 0.0690431 0.01652676 -0.00075 0.0688911 0.01672776 -2.866171e-12 0.0689011 0.01671466 0.00019776 0.0682727 0.01749936 0.0025 0.0689301 0.01667666 0.00038823 0.0689784 0.01661296 0.00057553 0.0690431 0.01652676 0.00075 0.0691249 0.01641666 0.00091466 0.0692187 0.01628846 0.00106066 0.0694403 0.01597776 0.00129904 0.0696883 0.01561596 0.00144889 0.0704722 0.01435806 0.0025 0.0699429 0.01522776 0.0015 0.070186 0.01483956 0.00144889 0.0707951 0.01377886 0.00038823 0.0708156 0.01374076 0.000197 0.0720929 0.01088256 0.0025 0.070653 0.01403896 0.00091474 0.0707138 0.01392876 0.00075 0.0707607 0.01384266 0.00057572 0.0704026 0.01447776 0.00129904 0.0704716 0.01435776 0.00120693 0.0705812 0.01416706 0.00106066 0.0708225 0.01372776 -2.866171e-12 0.0708156 0.01374056 -0.00019583 0.0720929 0.01088256 -0.0025 0.0707951 0.01377886 -0.00038823 0.0707606 0.01384276 -0.00057588 0.0707138 0.01392876 -0.00075 0.0706528 0.01403926 -0.0009151 0.0705812 0.01416706 -0.00106066 0.0704716 0.01435776 -0.00120693 0.0372784 0.02021106 0.0025 0.0372784 0.02021106 -0.0025 0.0404197 0.02241066 0.0025 0.0404197 0.02241066 -0.0025 0.0438952 0.02403126 0.0025 0.0438952 0.02403126 -0.0025 0.0475994 0.02502386 0.0025 0.0475994 0.02502386 -0.0025 0.0514197 0.02535806 0.0025 0.0514197 0.02535806 -0.0025 0.0552399 0.02502386 0.0025 0.0552399 0.02502386 -0.0025 0.0589441 0.02403126 0.0025 0.0589441 0.02403126 -0.0025 0.0624197 0.02241066 0.0025 0.0624197 0.02241066 -0.0025 0.065561 0.02021106 0.0025 0.065561 0.02021106 -0.0025 0.0730855 0.007178361 0.0025 0.0730855 0.007178361 -0.0025 0.0734197 0.003358061 0.0025 0.0734197 0.003358061 -0.0025 0.0730855 -0.0004621388 0.0025 0.0730855 -0.0004621388 -0.0025 0.0720929 -0.004166339 0.0025 0.0720929 -0.004166339 -0.0025 0.0704722 -0.007641939 0.0025 0.0704722 -0.007641939 -0.0025 0.0682727 -0.01078324 0.0025 0.0682727 -0.01078324 -0.0025 0.065561 -0.01349494 0.0025 0.065561 -0.01349494 -0.0025 0.0624197 -0.01569444 0.0025 0.0624197 -0.01569444 -0.0025 0.0589441 -0.01731514 0.0025 0.0589441 -0.01731514 -0.0025 0.0552399 -0.01830774 0.0025 0.0552399 -0.01830774 -0.0025 0.0514197 -0.01864194 0.0025 0.0514197 -0.01864194 -0.0025 0.0475994 -0.01830774 0.0025 0.0475994 -0.01830774 -0.0025 0.0438952 -0.01731514 0.0025 0.0438952 -0.01731514 -0.0025 0.0404197 -0.01569444 0.0025 0.0404197 -0.01569444 -0.0025 0.0372784 -0.01349494 0.0025 0.0372784 -0.01349494 -0.0025 0.0345667 -0.01078324 0.0025 0.0345667 -0.01078324 -0.0025 0.0323671 -0.007641939 0.0025 0.0323671 -0.007641939 -0.0025 0.0307465 -0.004166339 0.0025 0.0307465 -0.004166339 -0.0025 0.0297539 -0.0004621388 0.0025 0.0297539 -0.0004621388 -0.0025 0.0294197 0.003358061 0.0025 0.0294197 0.003358061 -0.0025 0.0297539 0.007178361 0.0025 0.0297539 0.007178361 -0.0025 -0.0435128 -0.03109944 -0.00019579 -0.0435511 -0.03106114 -0.00038823 -0.0435511 -0.03661224 -0.00038823 -0.043701 -0.03661224 -0.00075 -0.043701 -0.03091124 -0.00075 -0.0439393 -0.03661224 -0.00106066 -0.04381 -0.03080224 -0.00091314 -0.0436142 -0.03099804 -0.00057403 -0.0435 -0.03111224 -2.866171e-12 -0.0435 -0.03661224 -2.866171e-12 -0.0435128 -0.03109944 0.00019579 -0.0435511 -0.03661224 0.00038823 -0.0435511 -0.03106114 0.00038823 -0.0436142 -0.03099804 0.00057403 -0.043701 -0.03661224 0.00075 -0.043701 -0.03091124 0.00075 -0.04381 -0.03080224 0.00091314 -0.0439393 -0.03661224 0.00106066 -0.0439393 -0.03067294 0.00106066 -0.04425 -0.03661224 0.00129904 -0.04425 -0.03036224 0.00129904 -0.0446118 -0.03661224 0.00144889 -0.0446118 -0.03000044 0.00144889 -0.045 -0.03661224 0.0015 -0.0453882 -0.03661224 0.00144889 -0.0453882 -0.03000044 0.00144889 -0.04575 -0.03661224 0.00129904 -0.04575 -0.03036224 0.00129904 -0.0460607 -0.03661224 0.00106066 -0.0460607 -0.03067294 0.00106066 -0.046299 -0.03661224 0.00075 -0.0464489 -0.03661224 0.00038823 -0.0464489 -0.03106114 0.00038823 -0.0463858 -0.03099804 0.00057403 -0.046299 -0.03091124 0.00075 -0.04619 -0.03080224 0.00091314 -0.0464489 -0.03661224 -0.00038823 -0.0464872 -0.03109944 -0.00019579 -0.0465 -0.03661224 -2.866171e-12 -0.0465 -0.03111224 -2.866171e-12 -0.0464872 -0.03109944 0.00019579 -0.046299 -0.03661224 -0.00075 -0.0463858 -0.03099804 -0.00057403 -0.0464489 -0.03106114 -0.00038823 -0.0439393 -0.03067294 -0.00106066 -0.04425 -0.03036224 -0.00129904 -0.04425 -0.03661224 -0.00129904 -0.0446118 -0.03000044 -0.00144889 -0.0446118 -0.03661224 -0.00144889 -0.045 -0.03661224 -0.0015 -0.0453882 -0.03000044 -0.00144889 -0.0453882 -0.03661224 -0.00144889 -0.04575 -0.03036224 -0.00129904 -0.04575 -0.03661224 -0.00129904 -0.0460607 -0.03067294 -0.00106066 -0.0460607 -0.03661224 -0.00106066 -0.04619 -0.03080224 -0.00091314 -0.046299 -0.03091124 -0.00075 -0.0464872 -0.02812504 -0.00019579 -0.0464489 -0.02816334 -0.00038823 -0.0464489 -0.02661224 -0.00038823 -0.046299 -0.02661224 -0.00075 -0.046299 -0.02831324 -0.00075 -0.0460607 -0.02661224 -0.00106066 -0.04619 -0.02842224 -0.00091314 -0.0463858 -0.02822644 -0.00057403 -0.0465 -0.02811224 -2.866171e-12 -0.0465 -0.02661224 -2.866171e-12 -0.0464872 -0.02812504 0.00019579 -0.0464489 -0.02661224 0.00038823 -0.0464489 -0.02816334 0.00038823 -0.0463858 -0.02822644 0.00057403 -0.046299 -0.02661224 0.00075 -0.046299 -0.02831324 0.00075 -0.04619 -0.02842224 0.00091314 -0.0460607 -0.02661224 0.00106066 -0.0460607 -0.02855154 0.00106066 -0.04575 -0.02661224 0.00129904 -0.04575 -0.02886224 0.00129904 -0.0453882 -0.02661224 0.00144889 -0.0453882 -0.02922404 0.00144889 -0.045 -0.02661224 0.0015 -0.0446118 -0.02661224 0.00144889 -0.0446118 -0.02922404 0.00144889 -0.04425 -0.02661224 0.00129904 -0.04425 -0.02886224 0.00129904 -0.0439393 -0.02661224 0.00106066 -0.0439393 -0.02855154 0.00106066 -0.043701 -0.02661224 0.00075 -0.0435511 -0.02661224 0.00038823 -0.0435511 -0.02816334 0.00038823 -0.0436142 -0.02822644 0.00057403 -0.043701 -0.02831324 0.00075 -0.04381 -0.02842224 0.00091314 -0.0435511 -0.02661224 -0.00038823 -0.0435128 -0.02812504 -0.00019579 -0.0435 -0.02661224 -2.866171e-12 -0.0435 -0.02811224 -2.866171e-12 -0.0435128 -0.02812504 0.00019579 -0.043701 -0.02661224 -0.00075 -0.0436142 -0.02822644 -0.00057403 -0.0435511 -0.02816334 -0.00038823 -0.0460607 -0.02855154 -0.00106066 -0.04575 -0.02886224 -0.00129904 -0.04575 -0.02661224 -0.00129904 -0.0453882 -0.02922404 -0.00144889 -0.0453882 -0.02661224 -0.00144889 -0.045 -0.02661224 -0.0015 -0.0446118 -0.02922404 -0.00144889 -0.0446118 -0.02661224 -0.00144889 -0.04425 -0.02886224 -0.00129904 -0.04425 -0.02661224 -0.00129904 -0.0439393 -0.02855154 -0.00106066 -0.0439393 -0.02661224 -0.00106066 -0.04381 -0.02842224 -0.00091314 -0.043701 -0.02831324 -0.00075 -0.04575 -0.02661224 -0.00129904 -0.0453882 -0.02661224 -0.00144889 -0.045 -0.02661224 -2.866171e-12 -0.045 -0.02661224 -0.0015 -0.0446118 -0.02661224 -0.00144889 -0.0464489 -0.02661224 -0.00038823 -0.046299 -0.02661224 -0.00075 -0.0460607 -0.02661224 -0.00106066 -0.046299 -0.02661224 0.00075 -0.0464489 -0.02661224 0.00038823 -0.0465 -0.02661224 -2.866171e-12 -0.0453882 -0.02661224 0.00144889 -0.04575 -0.02661224 0.00129904 -0.0460607 -0.02661224 0.00106066 -0.04425 -0.02661224 0.00129904 -0.0446118 -0.02661224 0.00144889 -0.045 -0.02661224 0.0015 -0.0435511 -0.02661224 0.00038823 -0.043701 -0.02661224 0.00075 -0.0439393 -0.02661224 0.00106066 -0.043701 -0.02661224 -0.00075 -0.0435511 -0.02661224 -0.00038823 -0.0435 -0.02661224 -2.866171e-12 -0.04425 -0.02661224 -0.00129904 -0.0439393 -0.02661224 -0.00106066 0.0464872 -0.03109944 -0.00019579 0.0464489 -0.03106114 -0.00038823 0.0464489 -0.03661224 -0.00038823 0.046299 -0.03661224 -0.00075 0.046299 -0.03091124 -0.00075 0.0460607 -0.03661224 -0.00106066 0.04619 -0.03080224 -0.00091314 0.0463858 -0.03099804 -0.00057403 0.0465 -0.03111224 -2.866171e-12 0.0465 -0.03661224 -2.866171e-12 0.0464872 -0.03109944 0.00019579 0.0464489 -0.03661224 0.00038823 0.0464489 -0.03106114 0.00038823 0.0463858 -0.03099804 0.00057403 0.046299 -0.03661224 0.00075 0.046299 -0.03091124 0.00075 0.04619 -0.03080224 0.00091314 0.0460607 -0.03661224 0.00106066 0.0460607 -0.03067294 0.00106066 0.04575 -0.03661224 0.00129904 0.04575 -0.03036224 0.00129904 0.0453882 -0.03661224 0.00144889 0.0453882 -0.03000044 0.00144889 0.045 -0.03661224 0.0015 0.0446118 -0.03661224 0.00144889 0.0446118 -0.03000044 0.00144889 0.04425 -0.03661224 0.00129904 0.04425 -0.03036224 0.00129904 0.0439393 -0.03661224 0.00106066 0.0439393 -0.03067294 0.00106066 0.043701 -0.03661224 0.00075 0.0435511 -0.03661224 0.00038823 0.0435511 -0.03106114 0.00038823 0.0436142 -0.03099804 0.00057403 0.043701 -0.03091124 0.00075 0.04381 -0.03080224 0.00091314 0.0435511 -0.03661224 -0.00038823 0.0435128 -0.03109944 -0.00019579 0.0435 -0.03661224 -2.866171e-12 0.0435 -0.03111224 -2.866171e-12 0.0435128 -0.03109944 0.00019579 0.043701 -0.03661224 -0.00075 0.0436142 -0.03099804 -0.00057403 0.0435511 -0.03106114 -0.00038823 0.0460607 -0.03067294 -0.00106066 0.04575 -0.03036224 -0.00129904 0.04575 -0.03661224 -0.00129904 0.0453882 -0.03000044 -0.00144889 0.0453882 -0.03661224 -0.00144889 0.045 -0.03661224 -0.0015 0.0446118 -0.03000044 -0.00144889 0.0446118 -0.03661224 -0.00144889 0.04425 -0.03036224 -0.00129904 0.04425 -0.03661224 -0.00129904 0.0439393 -0.03067294 -0.00106066 0.0439393 -0.03661224 -0.00106066 0.04381 -0.03080224 -0.00091314 0.043701 -0.03091124 -0.00075 0.0435128 -0.02812504 -0.00019579 0.0435511 -0.02816334 -0.00038823 0.0435511 -0.02661224 -0.00038823 0.043701 -0.02661224 -0.00075 0.043701 -0.02831324 -0.00075 0.0439393 -0.02661224 -0.00106066 0.04381 -0.02842224 -0.00091314 0.0436142 -0.02822644 -0.00057403 0.0435 -0.02811224 -2.866171e-12 0.0435 -0.02661224 -2.866171e-12 0.0435128 -0.02812504 0.00019579 0.0435511 -0.02661224 0.00038823 0.0435511 -0.02816334 0.00038823 0.0436142 -0.02822644 0.00057403 0.043701 -0.02661224 0.00075 0.043701 -0.02831324 0.00075 0.04381 -0.02842224 0.00091314 0.0439393 -0.02661224 0.00106066 0.0439393 -0.02855154 0.00106066 0.04425 -0.02661224 0.00129904 0.04425 -0.02886224 0.00129904 0.0446118 -0.02661224 0.00144889 0.0446118 -0.02922404 0.00144889 0.045 -0.02661224 0.0015 0.0453882 -0.02661224 0.00144889 0.0453882 -0.02922404 0.00144889 0.04575 -0.02661224 0.00129904 0.04575 -0.02886224 0.00129904 0.0460607 -0.02661224 0.00106066 0.0460607 -0.02855154 0.00106066 0.046299 -0.02661224 0.00075 0.0464489 -0.02661224 0.00038823 0.0464489 -0.02816334 0.00038823 0.0463858 -0.02822644 0.00057403 0.046299 -0.02831324 0.00075 0.04619 -0.02842224 0.00091314 0.0464489 -0.02661224 -0.00038823 0.0464872 -0.02812504 -0.00019579 0.0465 -0.02661224 -2.866171e-12 0.0465 -0.02811224 -2.866171e-12 0.0464872 -0.02812504 0.00019579 0.046299 -0.02661224 -0.00075 0.0463858 -0.02822644 -0.00057403 0.0464489 -0.02816334 -0.00038823 0.0439393 -0.02855154 -0.00106066 0.04425 -0.02886224 -0.00129904 0.04425 -0.02661224 -0.00129904 0.0446118 -0.02922404 -0.00144889 0.0446118 -0.02661224 -0.00144889 0.045 -0.02661224 -0.0015 0.0453882 -0.02922404 -0.00144889 0.0453882 -0.02661224 -0.00144889 0.04575 -0.02886224 -0.00129904 0.04575 -0.02661224 -0.00129904 0.0460607 -0.02855154 -0.00106066 0.0460607 -0.02661224 -0.00106066 0.04619 -0.02842224 -0.00091314 0.046299 -0.02831324 -0.00075 0.04425 -0.02661224 -0.00129904 0.0446118 -0.02661224 -0.00144889 0.045 -0.02661224 -2.866171e-12 0.045 -0.02661224 -0.0015 0.0453882 -0.02661224 -0.00144889 0.0435511 -0.02661224 -0.00038823 0.043701 -0.02661224 -0.00075 0.0439393 -0.02661224 -0.00106066 0.043701 -0.02661224 0.00075 0.0435511 -0.02661224 0.00038823 0.0435 -0.02661224 -2.866171e-12 0.0446118 -0.02661224 0.00144889 0.04425 -0.02661224 0.00129904 0.0439393 -0.02661224 0.00106066 0.04575 -0.02661224 0.00129904 0.0453882 -0.02661224 0.00144889 0.045 -0.02661224 0.0015 0.0464489 -0.02661224 0.00038823 0.046299 -0.02661224 0.00075 0.0460607 -0.02661224 0.00106066 0.046299 -0.02661224 -0.00075 0.0464489 -0.02661224 -0.00038823 0.0465 -0.02661224 -2.866171e-12 0.04575 -0.02661224 -0.00129904 0.0460607 -0.02661224 -0.00106066</float_array>
          <technique_common>
            <accessor count="1466" source="#verts-array-array" stride="3">
              <param type="float" name="X"/>
              <param type="float" name="Y"/>
              <param type="float" name="Z"/>
            </accessor>
          </technique_common>
        </source>
        <source id="normals-array">
          <float_array count="4398" id="normals-array-array">0.0004574025 -0.990796 -0.1353626 0.0005613048 -0.9630904 -0.2691776 2.390081e-06 -0.9659143 -0.258862 2.370502e-06 -0.8660353 -0.4999828 0.0006186845 -0.8561689 -0.5166957 2.335096e-06 -0.7071421 -0.7070715 0.0003226796 -0.7798425 -0.6259757 0.0003824645 -0.9181852 -0.3961512 0.0004895836 -0.9999998 -0.0003335257 0.0002481096 -1 -0.0001573598 2.281115e-06 -0.9907593 0.135632 0.000494667 -0.965914 0.2588629 0 -0.9632201 0.2687136 2.273378e-06 -0.9181144 0.3963155 0.000490861 -0.8660345 0.499984 0 -0.8565023 0.5161432 2.255771e-06 -0.7797657 0.6260715 0.0002443217 -0.7070325 0.707181 0 -0.6552456 0.7554159 0 -0.4999623 0.8660472 0 -0.4490044 0.8935295 0 -0.2588079 0.9659288 0 -0.1972985 0.9803435 0 2.049557e-16 1 -1.262926e-16 -1.329395e-17 1 0 0.2588079 0.9659288 0 0.1972985 0.9803435 0 0.4999623 0.8660472 0 0.4490044 0.8935295 2.335096e-06 0.7071421 0.7070715 0 0.6552456 0.7554159 2.370502e-06 0.8660353 0.4999828 2.390081e-06 0.9659143 0.258862 0.0005613048 0.9630904 0.2691776 0.0003824645 0.9181852 0.3961512 0.0006186845 0.8561689 0.5166957 0.0003226796 0.7798425 0.6259757 0.000494667 0.965914 -0.2588629 2.281115e-06 0.9907593 -0.135632 0.0002481096 1 0.0001573598 0.0004895836 0.9999998 0.0003335257 0.0004574025 0.990796 0.1353626 0.000490861 0.8660345 -0.499984 2.273378e-06 0.9181144 -0.3963155 0 0.9632201 -0.2687136 0 -0.6552456 -0.7554159 0 -0.4490044 -0.8935295 0 -0.4999623 -0.8660472 0 -0.1972985 -0.9803435 0 -0.2588079 -0.9659288 1.262926e-16 1.329395e-17 -1 0 -2.049557e-16 -1 0 0.1972985 -0.9803435 0 0.2588079 -0.9659288 0 0.4490044 -0.8935295 0 0.4999623 -0.8660472 0 0.6552456 -0.7554159 0.0002443217 0.7070325 -0.707181 2.255771e-06 0.7797657 -0.6260715 0 0.8565023 -0.5161432 9.578958e-07 -0.8660353 -0.4999828 9.637487e-07 -0.9659143 -0.258862 0.0003583078 -0.9631376 -0.2690089 0.0002055503 -0.7798148 -0.6260103 9.48129e-07 -0.7071421 -0.7070715 0.0003961313 -0.8562895 -0.5164961 0.0002429125 -0.9181595 -0.3962109 9.625347e-07 -1 -4.571481e-09 9.544333e-07 -0.9659143 0.258862 0.000263799 -0.9632578 0.2685782 0.0003399216 -0.9907242 0.1358875 0.0003120079 -0.9999999 -0.0002118488 0.0002899922 -0.9907827 -0.1354608 0.0001890877 -0.6552961 0.7553721 0.0004176991 -0.7794727 0.6264361 9.4264e-07 -0.8660354 0.4999828 0.0002217365 -0.856551 0.5160623 0.0003841104 -0.9179708 0.3966477 0 -0.7071421 0.7070715 0 -0.4999623 0.8660472 0 -0.4490044 0.8935295 0 -0.2588079 0.9659288 0 -0.1972985 0.9803435 0 6.772449e-16 1 -1.262926e-16 -3.988186e-16 1 0 0.2588079 0.9659288 0 0.1972985 0.9803435 0 0.4999623 0.8660472 0 0.4490044 0.8935295 9.48129e-07 0.7071421 0.7070715 0 0.6552456 0.7554159 9.578958e-07 0.8660353 0.4999828 9.637487e-07 0.9659143 0.258862 0.0003583078 0.9631376 0.2690089 0.0002429125 0.9181595 0.3962109 0.0003961313 0.8562895 0.5164961 0.0002055503 0.7798148 0.6260103 9.625347e-07 1 4.571481e-09 9.544333e-07 0.9659143 -0.258862 0.000263799 0.9632578 -0.2685782 0.0003399216 0.9907242 -0.1358875 0.0003120079 0.9999999 0.0002118488 0.0002899922 0.9907827 0.1354608 0.0001890877 0.6552961 -0.7553721 0.0004176991 0.7794727 -0.6264361 9.4264e-07 0.8660354 -0.4999828 0.0002217365 0.856551 -0.5160623 0.0003841104 0.9179708 -0.3966477 0 -0.6552456 -0.7554159 0 -0.4490044 -0.8935295 0 -0.4999623 -0.8660472 0 -0.1972985 -0.9803435 0 -0.2588079 -0.9659288 1.262926e-16 3.988186e-16 -1 0 -6.772449e-16 -1 0 0.1972985 -0.9803435 0 0.2588079 -0.9659288 0 0.4490044 -0.8935295 0 0.4999623 -0.8660472 0 0.7071421 -0.7070715 -0.0004574025 0.990796 -0.1353626 -0.0005613048 0.9630904 -0.2691776 -2.390081e-06 0.9659143 -0.258862 -2.370502e-06 0.8660353 -0.4999828 -0.0006186845 0.8561689 -0.5166957 -2.335096e-06 0.7071421 -0.7070715 -0.0003226796 0.7798425 -0.6259757 -0.0003824645 0.9181852 -0.3961512 -0.0004895836 0.9999998 -0.0003335257 -0.0002481096 1 -0.0001573598 -2.281115e-06 0.9907593 0.135632 -0.000494667 0.965914 0.2588629 0 0.9632201 0.2687136 -2.273378e-06 0.9181144 0.3963155 -0.000490861 0.8660345 0.499984 0 0.8565023 0.5161432 -2.255771e-06 0.7797657 0.6260715 -0.0002443217 0.7070325 0.707181 0 0.6552456 0.7554159 0 0.4999623 0.8660472 0 0.4490044 0.8935295 0 0.2588079 0.9659288 0 0.1972985 0.9803435 0 1.247556e-16 1 0 -0.2588079 0.9659288 0 -0.1972985 0.9803435 0 -0.4999623 0.8660472 0 -0.4490044 0.8935295 -2.335096e-06 -0.7071421 0.7070715 0 -0.6552456 0.7554159 -2.370502e-06 -0.8660353 0.4999828 -2.390081e-06 -0.9659143 0.258862 -0.0005613048 -0.9630904 0.2691776 -0.0003824645 -0.9181852 0.3961512 -0.0006186845 -0.8561689 0.5166957 -0.0003226796 -0.7798425 0.6259757 -0.000494667 -0.965914 -0.2588629 -2.281115e-06 -0.9907593 -0.135632 -0.0002481096 -1 0.0001573598 -0.0004895836 -0.9999998 0.0003335257 -0.0004574025 -0.990796 0.1353626 -0.000490861 -0.8660345 -0.499984 -2.273378e-06 -0.9181144 -0.3963155 0 -0.9632201 -0.2687136 0 0.6552456 -0.7554159 0 0.4490044 -0.8935295 0 0.4999623 -0.8660472 0 0.1972985 -0.9803435 0 0.2588079 -0.9659288 0 -1.247556e-16 -1 0 -0.1972985 -0.9803435 0 -0.2588079 -0.9659288 0 -0.4490044 -0.8935295 0 -0.4999623 -0.8660472 0 -0.6552456 -0.7554159 -0.0002443217 -0.7070325 -0.707181 -2.255771e-06 -0.7797657 -0.6260715 0 -0.8565023 -0.5161432 -9.578958e-07 0.8660353 -0.4999828 -9.637487e-07 0.9659143 -0.258862 -0.0003583078 0.9631376 -0.2690089 -0.0002055503 0.7798148 -0.6260103 -9.48129e-07 0.7071421 -0.7070715 -0.0003961313 0.8562895 -0.5164961 -0.0002429125 0.9181595 -0.3962109 -9.625347e-07 1 -4.571481e-09 -9.544333e-07 0.9659143 0.258862 -0.000263799 0.9632578 0.2685782 -0.0003399216 0.9907242 0.1358875 -0.0003120079 0.9999999 -0.0002118488 -0.0002899922 0.9907827 -0.1354608 -0.0001890877 0.6552961 0.7553721 -0.0004176991 0.7794727 0.6264361 -9.4264e-07 0.8660354 0.4999828 -0.0002217365 0.856551 0.5160623 -0.0003841104 0.9179708 0.3966477 0 0.7071421 0.7070715 0 0.4999623 0.8660472 0 0.4490044 0.8935295 0 0.2588079 0.9659288 0 0.1972985 0.9803435 0 -1.604001e-16 1 0 -0.2588079 0.9659288 0 -0.1972985 0.9803435 0 -0.4999623 0.8660472 0 -0.4490044 0.8935295 -9.48129e-07 -0.7071421 0.7070715 0 -0.6552456 0.7554159 -9.578958e-07 -0.8660353 0.4999828 -9.637487e-07 -0.9659143 0.258862 -0.0003583078 -0.9631376 0.2690089 -0.0002429125 -0.9181595 0.3962109 -0.0003961313 -0.8562895 0.5164961 -0.0002055503 -0.7798148 0.6260103 -9.625347e-07 -1 4.571481e-09 -9.544333e-07 -0.9659143 -0.258862 -0.000263799 -0.9632578 -0.2685782 -0.0003399216 -0.9907242 -0.1358875 -0.0003120079 -0.9999999 0.0002118488 -0.0002899922 -0.9907827 0.1354608 -0.0001890877 -0.6552961 -0.7553721 -0.0004176991 -0.7794727 -0.6264361 -9.4264e-07 -0.8660354 -0.4999828 -0.0002217365 -0.856551 -0.5160623 -0.0003841104 -0.9179708 -0.3966477 0 0.6552456 -0.7554159 0 0.4490044 -0.8935295 0 0.4999623 -0.8660472 0 0.1972985 -0.9803435 0 0.2588079 -0.9659288 0 1.604001e-16 -1 0 -0.1972985 -0.9803435 0 -0.2588079 -0.9659288 0 -0.4490044 -0.8935295 0 -0.4999623 -0.8660472 0 -0.7071421 -0.7070715 0.0006998604 -0.8660361 -0.499981 0 -0.8732455 -0.4872806 4.871924e-06 -0.8038542 -0.5948264 0.0003515043 -0.7069841 -0.7072293 4.828848e-06 -0.9281671 -0.3721636 0.000694593 -0.9659145 -0.2588605 0 -0.9679043 -0.251319 4.803279e-06 -0.9919134 -0.1269168 0.0006936125 -0.9999998 -8.246942e-07 0 -0.9999999 -0.0004296672 4.821434e-06 -0.9919942 0.1262834 0.0006969041 -0.9659144 0.2588607 0 -0.9679768 0.2510397 4.843687e-06 -0.928169 0.3721591 0.0007010595 -0.8660358 0.4999814 0 -0.8731747 0.4874073 4.873896e-06 -0.8038248 0.5948661 0.0003516686 -0.706984 0.7072294 0 -0.7054499 0.7087598 0 -0.4999623 0.8660472 0 -0.5391947 0.8421811 0 -0.2588079 0.9659288 0 -0.304817 0.9524109 0 -3.742669e-16 1 0 -0.0470809 0.9988911 0 0.2588079 0.9659288 0 0.2163432 0.9763174 -9.787065e-07 0.4999628 0.8660469 0 0.4666408 0.8844469 -1.432841e-08 0.6087864 0.7933342 4.750707e-06 0.7071416 0.7070719 0 0.6656684 0.7462477 5.7867e-06 0.8660353 0.4999828 5.845641e-06 0.9659143 0.258862 0.0008117268 0.9641304 0.2654276 0.0006663631 0.9204883 0.3907696 0.0008647067 0.8597707 0.5106796 0.0006027686 0.7849218 0.6195945 0.0007704546 0.9659139 -0.2588625 5.660775e-06 0.9910186 -0.133724 0.0003857016 0.9999999 0.0002453029 0.0007616874 0.9999997 0.0001994174 0.0007450439 0.9911313 0.1328845 0.000767017 0.8660343 -0.499984 5.636912e-06 0.920366 -0.391058 0 0.9643028 -0.2648021 0.0003813576 0.7069697 -0.7072437 5.577753e-06 0.7848324 -0.6197081 0 0.860199 -0.5099586 0 -0.7054924 -0.7087175 0 -0.5391947 -0.8421811 0 -0.4999623 -0.8660472 0 -0.304817 -0.9524109 0 -0.2588079 -0.9659288 0 -0.0470809 -0.9988911 0 -6.772449e-16 -1 0 0.2163432 -0.9763174 0 0.2588079 -0.9659288 0 0.4666408 -0.8844469 -9.787065e-07 0.4999628 -0.8660469 -1.432841e-08 0.6087864 -0.7933342 0 0.6656825 -0.7462351 0 0.6656825 -0.7462351 1.432841e-08 0.6087864 -0.7933342 -4.759233e-06 0.7071416 -0.7070719 9.787065e-07 0.4999628 -0.8660469 -5.800813e-06 0.8660353 -0.4999828 -5.824924e-06 0.9659143 -0.258862 -0.0008145392 0.9641392 -0.2653959 -0.0006686542 0.9205057 -0.3907285 -0.0008680368 0.8598216 -0.5105938 -0.0006051502 0.7850095 -0.6194834 -0.0007708705 0.9659135 0.2588639 -5.682485e-06 0.991071 0.1333348 -0.0003870915 0.9999999 -0.0002461758 -0.0007543513 0.9999994 -0.0008101859 -0.0007378293 0.9910784 -0.1332779 -0.0007655084 0.8660344 0.4999838 -5.624158e-06 0.9203491 0.3910978 0 0.9642935 0.2648357 -0.0003807959 0.70697 0.7072435 -5.570028e-06 0.7847454 0.6198183 0 0.8601467 0.5100467 -0.0003516686 -0.706984 0.7072294 0 -0.5391947 0.8421811 0 -0.4999623 0.8660472 0 -0.304817 0.9524109 0 -0.2588079 0.9659288 0 -0.0470809 0.9988911 0 -6.772449e-16 1 0 0.2163432 0.9763174 0 0.2588079 0.9659288 0 0.4666408 0.8844469 9.787065e-07 0.4999628 0.8660469 1.432841e-08 0.6087864 0.7933342 0 0.6656684 0.7462477 -0.0007010595 -0.8660358 0.4999814 -4.873896e-06 -0.8038248 0.5948661 0 -0.7054499 0.7087598 -0.0006969041 -0.9659144 0.2588607 -4.843687e-06 -0.928169 0.3721591 0 -0.8731747 0.4874073 -0.0006936125 -0.9999998 -8.246942e-07 -4.821434e-06 -0.9919942 0.1262834 0 -0.9679768 0.2510397 -0.000694593 -0.9659145 -0.2588605 -4.803279e-06 -0.9919134 -0.1269168 0 -0.9999999 -0.0004296672 -0.0006998604 -0.8660361 -0.499981 -4.828848e-06 -0.9281671 -0.3721636 0 -0.9679043 -0.251319 0 0.4666408 -0.8844469 0 0.2163432 -0.9763174 0 0.2588079 -0.9659288 0 -0.0470809 -0.9988911 0 -3.742669e-16 -1 0 -0.304817 -0.9524109 0 -0.2588079 -0.9659288 0 -0.5391947 -0.8421811 0 -0.4999623 -0.8660472 0 -0.7054924 -0.7087175 -0.0003515043 -0.7069841 -0.7072293 -4.871924e-06 -0.8038542 -0.5948264 0 -0.8732455 -0.4872806 -0.0002296244 0.860193 -0.5099686 -0.0001578647 0.7851416 -0.6193163 0.000150862 0.6658859 -0.7460536 0 0.6658349 -0.7460991 0 0.6087864 -0.7933342 0 0.6087864 -0.7933342 0 0.4666408 -0.8844469 0.0002414462 0.7849625 -0.6195433 0.0001671971 0.8603354 -0.5097284 -0.0001721856 0.9203515 -0.3910922 -0.0002128075 0.9642048 -0.2651585 0.0002282166 0.9202445 -0.3913439 0.0001832092 0.9642753 -0.2649022 -0.0001906419 0.9910298 -0.1336411 -0.0001977801 1 -0.0002354808 0.0002109293 0.9909944 -0.1339032 0.0001984579 1 2.606818e-05 -0.0002097327 0.9910348 0.133604 -0.0001822223 0.9643548 0.2646125 0.0001912933 0.99107 0.1333424 0.0002135103 0.9642845 0.2648687 -0.0002278513 0.9203067 0.3911976 -0.000166923 0.8601996 0.5099574 0.0001727924 0.9204136 0.3909459 0.0002278089 0.860058 0.5101962 -0.000243608 0.7846103 0.6199892 -0.0001521853 0.6657227 0.7461992 0.0001565676 0.7847904 0.6197613 0 0.6656713 0.7462451 0 0.6087864 0.7933342 0 0.6087864 0.7933342 0 0.4666408 0.8844469 0 0.4666408 0.8844469 0 0.2163432 0.9763174 0 0.2163432 0.9763174 0 -0.0470809 0.9988911 0 -0.0470809 0.9988911 0 -0.304817 0.9524109 0 -0.304817 0.9524109 0 -0.5391947 0.8421811 0 -0.5391947 0.8421811 0 -0.7054753 0.7087345 0 -0.7054753 0.7087345 0 -0.8036436 0.5951109 0 -0.8036436 0.5951109 0 -0.8731174 0.48751 0 -0.8731174 0.48751 0 -0.9281322 0.3722508 0 -0.9281322 0.3722508 0 -0.9679482 0.25115 0 -0.9679482 0.25115 0 -0.9919942 0.1262834 0 -0.9919942 0.1262834 0 -1 -0.0002577675 0 -1 -0.0002577675 0 -0.991933 -0.1267632 0 -0.991933 -0.1267632 0 -0.9678244 -0.2516267 0 -0.9678244 -0.2516267 0 -0.9280043 -0.3725694 0 -0.9280043 -0.3725694 0 -0.8731304 -0.4874868 0 -0.8731304 -0.4874868 0 -0.8036343 -0.5951234 0 -0.8036343 -0.5951234 0 -0.7053383 -0.7088708 0 0.4666408 -0.8844469 0 0.2163432 -0.9763174 0 0.2163432 -0.9763174 0 -0.0470809 -0.9988911 0 -0.0470809 -0.9988911 0 -0.304817 -0.9524109 0 -0.304817 -0.9524109 0 -0.5391947 -0.8421811 0 -0.5391947 -0.8421811 0 -0.7053383 -0.7088708 0 0 -1 0 0 -1 0 0 -1 0 0 -1 0 0 -1 0 0 -1 0 0 -1 0 0 -1 0 0 -1 0 0 -1 0 0 -1 0 0 -1 0 0 -1 0 0 -1 0 0 -1 0 0 -1 0 0 -1 0 0 -1 0 0 -1 0 0 -1 0 0 -1 0 0 -1 0 0 -1 0 0 -1 0 0 -1 0 0 -1 0 0 -1 0 0 -1 0 0 -1 0 0 -1 0 0 -1 0 0 -1 0 0 -1 0 0 -1 0 0 -1 0 0 -1 0 0 -1 0 0 -1 0 0 -1 0 0 -1 0 0 -1 0 0 -1 0 0 -1 0 0 -1 0 0 -1 0 0 -1 0 0 -1 0 0 -1 0 0 -1 0 0 -1 0 0 -1 0 0 -1 0 0 -1 0 0 -1 0 0 -1 0 0 -1 0 0 -1 0 0 -1 0 0 -1 0 0 -1 0 0 -1 0 0 -1 0 0 -1 0 0 -1 0 0 -1 0 0 -1 0 0 -1 0 0 -1 0 0 -1 0 0 -1 0 0 -1 0 0 -1 0 0 -1 0 0 -1 0 0 -1 0 0 -1 0 0 -1 0 0 -1 0 0 -1 0 0 -1 0 0 -1 0 0 -1 0 0 -1 0 0 -1 0 0 -1 0 0 -1 0 0 -1 0 0 -1 0 0 -1 0 0 -1 0 0 -1 0 0 -1 0 0 -1 0 0 -1 0 0 -1 0 0 -1 0.8633978 -0.5045237 -0.0002489657 0.8524699 -0.5227248 -0.007339971 0.8721239 -0.4887389 -0.02311145 0.8270249 -0.5591972 -0.05769169 0.755677 -0.6547595 -0.01556233 0.8215848 -0.5610281 -0.1012217 0.8097852 -0.5849025 -0.04622765 0.8009087 -0.5983441 -0.02301382 0.7865441 -0.6175193 -0.004281199 0.7834738 -0.6214215 -0.002043866 0.7894135 -0.6138247 -0.006752421 0.7957535 -0.6054525 -0.0142668 0.7924276 -0.6098858 -0.009892137 0.7810048 -0.624525 -1.631235e-05 0.7833476 -0.6215808 0.001966424 0.7553845 -0.6550943 0.01567767 0.7866102 -0.6174347 0.004334775 0.7894129 -0.6138254 0.006752272 0.7924098 -0.6099093 0.009871253 0.7957479 -0.6054598 0.01427205 0.8009268 -0.5983186 0.02304723 0.8097852 -0.5849025 0.04622765 0.8185246 -0.5707486 0.0652949 0.8748728 -0.4840234 0.01786023 0.8372934 -0.5458433 0.03154052 0.8524699 -0.5227248 0.007339971 0.8986302 -0.4357007 0.05127074 0.9019853 -0.4301037 0.0378594 0.9409782 -0.3384414 0.004170265 0.9048853 -0.4247996 0.02698027 0.9076281 -0.4194129 0.01743841 0.8633978 -0.5045237 0.0002489657 0.8905886 -0.4541606 0.02429394 0.8929729 -0.4438296 0.074931 0.9119876 -0.4101701 0.006249956 0.9139995 -0.4057062 0.002731907 0.9411461 -0.3379727 -0.004292696 0.9105 -0.4134295 -0.008112256 0.9075725 -0.4195253 -0.01762677 0.9048943 -0.4247812 -0.02696837 0.9019831 -0.4301076 -0.03786788 0.8986301 -0.435699 -0.05128674 0.8940514 -0.4472768 -0.02480978 0.8668053 -0.4986465 0.000517897 -0.8633978 -0.5045237 0.0002489657 -0.8524699 -0.5227248 0.007339971 -0.8721264 -0.4887341 0.02311849 -0.8270161 -0.5592079 0.05771304 -0.7556669 -0.654771 0.01556751 -0.821575 -0.561032 0.1012798 -0.8097738 -0.5849151 0.04626804 -0.8008027 -0.5984912 0.02287607 -0.7866376 -0.6173994 0.004394281 -0.7833088 -0.6216297 0.001973231 -0.7895562 -0.6136395 0.006900075 -0.7956962 -0.6055304 0.01416059 -0.7924959 -0.6097957 0.009972328 -0.780973 -0.6245648 -2.582314e-05 -0.7835075 -0.6213788 -0.002094214 -0.7553744 -0.6551058 -0.01568226 -0.786517 -0.6175536 -0.004296671 -0.7895669 -0.6136256 -0.006908926 -0.7924761 -0.6098218 -0.00994911 -0.7956907 -0.6055375 -0.01416656 -0.8008219 -0.5984642 -0.0229114 -0.8097738 -0.5849151 -0.04626804 -0.8185136 -0.5707612 -0.06532336 -0.8748764 -0.4840167 -0.01786617 -0.8372934 -0.5458433 -0.03154052 -0.8524699 -0.5227248 -0.007339971 -0.9075728 -0.4195247 -0.01762577 -0.9104998 -0.4134299 -0.008113176 -0.9409965 -0.3383899 -0.004234013 -0.8987005 -0.4355869 -0.05100381 -0.9019891 -0.4300969 -0.0378446 -0.9048919 -0.4247855 -0.0269793 -0.8633978 -0.5045237 -0.0002489657 -0.8905947 -0.4541482 -0.02430079 -0.8930058 -0.4437785 -0.07484192 -0.9121654 -0.4098223 6.394086e-05 -0.9104768 -0.4134794 0.008166328 -0.9411621 -0.3379276 0.004351264 -0.9076136 -0.4194422 0.01748754 -0.9048943 -0.4247811 0.02696746 -0.9019634 -0.4301422 0.03794366 -0.8986911 -0.4356041 0.05102342 -0.8940984 -0.4471935 0.02461904 -0.8668053 -0.4986465 -0.000517897 0.6427907 -0.7660418 0 0.6427907 -0.7660418 0 0.4999934 -0.8660292 0 0.4999934 -0.8660292 0 0.3420166 -0.9396939 0 0.3420166 -0.9396939 0 0.1736528 -0.9848069 0 0.1736528 -0.9848069 0 1.136271e-06 -1 0 1.136271e-06 -1 0 -0.1736517 -0.9848071 0 -0.1736517 -0.9848071 0 -0.3420217 -0.939692 0 -0.3420217 -0.939692 0 -0.4999982 -0.8660265 0 -0.4999982 -0.8660265 0 -0.6427907 -0.7660418 0 -0.6427907 -0.7660418 0 -0.9848071 -0.1736517 0 -0.9848071 -0.1736517 0 -1 1.136271e-06 0 -1 1.136271e-06 0 -0.9848069 0.1736528 0 -0.9848069 0.1736528 0 -0.9396939 0.3420166 0 -0.9396939 0.3420166 0 -0.8660292 0.4999934 0 -0.8660292 0.4999934 0 -0.7660418 0.6427907 0 -0.7660418 0.6427907 0 -0.6427825 0.7660487 0 -0.6427825 0.7660487 0 -0.4999992 0.8660259 0 -0.4999992 0.8660259 0 -0.3420329 0.939688 0 -0.3420329 0.939688 0 -0.1736517 0.9848071 0 -0.1736517 0.9848071 0 1.136271e-06 1 0 1.136271e-06 1 0 0.1736528 0.9848069 0 0.1736528 0.9848069 0 0.3420277 0.9396899 0 0.3420277 0.9396899 0 0.4999944 0.8660286 0 0.4999944 0.8660286 0 0.6427825 0.7660487 0 0.6427825 0.7660487 0 0.7660487 0.6427825 0 0.7660487 0.6427825 0 0.8660286 0.4999944 0 0.8660286 0.4999944 0 0.9396899 0.3420277 0 0.9396899 0.3420277 0 0.9848069 0.1736528 0 0.9848069 0.1736528 0 1 1.136271e-06 0 1 1.136271e-06 0 0.9848071 -0.1736517 0 0.9848071 -0.1736517 0 0.09801516 0.9951849 0 0.09801516 0.9951849 0 0.1950948 0.9807844 0 0.1950948 0.9807844 0 0.3826829 0.9238797 0 0.3826829 0.9238797 0 0.5555626 0.8314747 0 0.5555626 0.8314747 0 0.7071074 0.7071061 0 0.7071074 0.7071061 0 0.831476 0.5555607 0 0.831476 0.5555607 0 0.9238802 0.3826817 0 0.9238802 0.3826817 0 0.9807843 0.1950952 0 0.9807843 0.1950952 0 0.9951848 0.09801599 0 0.9951848 0.09801599 0 1 0 0 1 0 0 1 0 0 1 0 0 1 0 0 1 0 0 1 0 0 1 0 0 1 0 0 1 0 0 1 0 0 1 0 0 1 0 0 1 0 0 1 0 0 1 0 0 1 0 0 1 0 0 1 0 0 1 0 0 1 0 0 1 0 0 1 0 0 1 0 0 1 0 0 1 0 0 1 0 0 1 0 0 1 0 0 1 0 0 1 0 0 1 0 0 1 0 0 1 0 0 1 0 0 1 0 0 1 0 0 1 0 0 1 0 0 1 0 0 1 0 0 1 0 0 1 0 0 1 0 0 1 0 0 1 0 0 1 0 0 1 0 0 1 0 0 1 0 0 1 0 0 1 0 0 0 -1 0 0 -1 0 0 -1 0 0 -1 0 0 -1 0 0 -1 0 0 -1 0 0 -1 0 0 -1 0 0 -1 0 0 -1 0 0 -1 0 0 -1 0 0 -1 0 0 -1 0 0 -1 0 0 -1 0 0 -1 0 0 -1 0 0 -1 0 0 -1 0 0 -1 0 0 -1 0 0 -1 0 0 -1 0 0 -1 0 0 -1 0 0 -1 0 -1 0 0 -1 0 0 -1 0 0 -1 0 0 -1 0 0 -1 0 0 -1 0 0 -1 0 0 -1 0 0 -1 0 0 -1 0 0 -1 0 0 -1 0 0 -1 0 0 -1 0 0 -1 0 0 -1 0 0 -1 0 0 -1 0 0 -1 0 0 -1 0 0 -1 0 0 -1 0 0 -1 0 0 -1 0 0 -1 0 0 -1 0 0 -1 0 0 0 -1 0 0 -1 0 0 -1 0 0 -1 0 1 0 0 1 0 0 1 0 0 1 0 0 1 0 0 1 0 0 1 0 0 1 0 0 1 0 0 1 0 0 1 0 0 1 0 0 1 0 0 1 0 0 1 0 0 1 0 0 1 0 0 1 0 0 1 0 0 1 0 0 1 0 0 1 0 0 1 0 0 1 0 0 1 0 0 1 0 0 1 0 0 1 0 0 0 -1 0 0 -1 0 0 -1 0 0 -1 0 0 -1 0 0 -1 0 0 -1 0 0 -1 0 0 -1 0 0 -1 0 0 -1 0 0 -1 0 0 -1 0 0 -1 0 0 -1 0 0 -1 0 0 -1 0 0 -1 0 0 -1 0 0 -1 0 0 -1 0 0 -1 0 0 -1 0 0 -1 0 0 -1 0 0 -1 0 0 -1 0 0 -1 0 -1 0 0 -1 0 0 -1 0 0 -1 0 0 -1 0 0 -1 0 0 -1 0 0 -1 0 0 -1 0 0 -1 0 0 -1 0 0 -1 0 0 -1 0 0 -1 0 0 -1 0 0 -1 0 0 -1 0 0 -1 0 0 -1 0 0 -1 0 0 -1 0 0 -1 0 0 -1 0 0 -1 0 0 -1 0 0 -1 0 0 -1 0 0 -1 0 0 -1 0 0 -1 0 0 -1 0 0 -1 0 0 -1 0 0 -1 0 0 -1 0 0 -1 0 0 -1 0 0 -1 0 0 -1 0 0 -1 0 0 -1 0 0 -1 0 0 -1 0 0 -1 0 0 -1 0 0 -1 0 0 -1 0 0 -1 0 0 -1 0 0 -1 0 0 -1 0 0 -1 0 0 -0.9951848 0.09801599 0 -0.9951848 0.09801599 0 -0.9807843 0.1950952 0 -0.9807843 0.1950952 0 -0.9238802 0.3826817 0 -0.9238802 0.3826817 0 -0.831476 0.5555607 0 -0.831476 0.5555607 0 -0.7071074 0.7071061 0 -0.7071074 0.7071061 0 -0.5555626 0.8314747 0 -0.5555626 0.8314747 0 -0.3826829 0.9238797 0 -0.3826829 0.9238797 0 -0.1950948 0.9807844 0 -0.1950948 0.9807844 0 -0.09801516 0.9951849 0 -0.09801516 0.9951849 0 0 1 0 0 1 0 0 1 0 0 1 0 0 0 1 0 0 1 0 0 1 0 0 1 0 0 1 0 0 1 0 0 1 0 0 1 0 0 1 0 0 1 0 0 1 0 0 1 0 0 1 0 0 1 0 0 1 0 0 1 0 0 1 0 0 1 0 0 1 0 0 1 0 0 1 0 0 1 0 0 1 0 0 1 0 0 1 0 0 1 0 0 1 0 0 1 0 0 1 0 0 1 0 0 1 0 0 1 0 0 1 0 0 1 0 0 1 0 0 1 0 0 1 0 0 1 0 0 1 0 0 1 0 0 1 0 0 1 0 0 1 0 0 1 0 0 1 0 0 1 0 0 1 0 0 1 0 0 1 0 0 1 0 0 1 0 0 1 0 0 1 0 0 1 0 0 1 0 0 1 0 0 1 0 0 1 0 0 1 0 0 1 0 0 1 0 0 1 0 0 1 0 0 1 0 0 1 0 0 1 0 0 1 0 0 1 0 0 1 0 0 1 0 0 1 0 0 1 0 0 1 0 0 1 0 0 1 0 0 1 0 0 1 0 0 1 0 0 1 0 0 1 0 0 1 0 0 1 0 0 1 0 0 1 0 0 1 0 0 1 0 0 1 0 0 1 0 0 1 0 0 1 0 0 1 0 0 1 0 0 1 0 0 1 0 0 1 0 0 1 0.8633978 -0.5045237 -0.0002489657 0.8524699 -0.5227248 -0.007339971 0.8721264 -0.4887341 -0.02311849 0.8270161 -0.5592079 -0.05771304 0.7556668 -0.6547712 -0.01556757 0.821575 -0.561032 -0.1012798 0.8097738 -0.5849151 -0.04626804 0.8008219 -0.5984642 -0.0229114 0.786517 -0.6175536 -0.004296671 0.7835075 -0.6213788 -0.002094214 0.7895669 -0.6136256 -0.006908926 0.7956907 -0.6055375 -0.01416656 0.7924761 -0.6098218 -0.00994911 0.780973 -0.6245648 -2.582314e-05 0.7833088 -0.6216297 0.001973231 0.7553745 -0.6551056 0.0156822 0.7866376 -0.6173994 0.004394281 0.7895562 -0.6136395 0.006900075 0.7924959 -0.6097957 0.009972328 0.7956962 -0.6055304 0.01416059 0.8008027 -0.5984912 0.02287607 0.8097738 -0.5849151 0.04626804 0.8185136 -0.5707612 0.06532336 0.8748764 -0.4840167 0.01786617 0.8372934 -0.5458433 0.03154052 0.8524699 -0.5227248 0.007339971 0.8986911 -0.4356041 0.05102342 0.9019634 -0.4301422 0.03794366 0.940981 -0.3384337 0.004166891 0.9048943 -0.4247811 0.02696746 0.9076136 -0.4194422 0.01748754 0.8633978 -0.5045237 0.0002489657 0.8905947 -0.4541482 0.02430079 0.8930161 -0.4437648 0.0747997 0.9119506 -0.4102521 0.006270146 0.9139471 -0.4058251 0.002569902 0.9411487 -0.3379655 -0.004288883 0.9104998 -0.4134299 -0.008113176 0.9075728 -0.4195247 -0.01762577 0.9048919 -0.4247855 -0.0269793 0.9019891 -0.4300969 -0.0378446 0.8987005 -0.4355869 -0.05100381 0.8940899 -0.4472077 -0.0246693 0.8668053 -0.4986465 0.000517897 -0.8633978 -0.5045237 0.0002489657 -0.8524699 -0.5227248 0.007339971 -0.8721239 -0.4887389 0.02311145 -0.8270249 -0.5591972 0.05769169 -0.7556767 -0.6547599 0.01556306 -0.8215848 -0.5610281 0.1012217 -0.8097852 -0.5849025 0.04622765 -0.8009268 -0.5983186 0.02304723 -0.7866102 -0.6174347 0.004334775 -0.7833476 -0.6215808 0.001966424 -0.7894129 -0.6138254 0.006752272 -0.7957479 -0.6054598 0.01427205 -0.7924098 -0.6099093 0.009871253 -0.7810048 -0.624525 -1.631235e-05 -0.7834738 -0.6214215 -0.002043866 -0.7553848 -0.6550939 -0.01567693 -0.7865441 -0.6175193 -0.004281199 -0.7894135 -0.6138247 -0.006752421 -0.7924276 -0.6098858 -0.009892137 -0.7957535 -0.6054525 -0.0142668 -0.8009087 -0.5983441 -0.02301382 -0.8097852 -0.5849025 -0.04622765 -0.8185246 -0.5707486 -0.0652949 -0.8748728 -0.4840234 -0.01786023 -0.8372934 -0.5458433 -0.03154052 -0.8524699 -0.5227248 -0.007339971 -0.9075725 -0.4195253 -0.01762677 -0.9105 -0.4134295 -0.008112256 -0.9409944 -0.3383954 -0.004240326 -0.8986301 -0.435699 -0.05128674 -0.9019831 -0.4301076 -0.03786788 -0.9048943 -0.4247812 -0.02696837 -0.8633978 -0.5045237 -0.0002489657 -0.8905886 -0.4541606 -0.02429394 -0.8929614 -0.4438448 -0.0749778 -0.9121451 -0.4098674 0.0001239528 -0.9104526 -0.4135317 0.008225302 -0.9411598 -0.3379337 0.004357212 -0.9076281 -0.4194129 0.01743841 -0.9048853 -0.4247996 0.02698027 -0.9019853 -0.4301037 0.0378594 -0.8986302 -0.4357007 0.05127074 -0.8940608 -0.4472606 0.02476258 -0.8668053 -0.4986465 -0.000517897 0.6427907 -0.7660418 0 0.6427907 -0.7660418 0 0.4999982 -0.8660265 0 0.4999982 -0.8660265 0 0.3420217 -0.939692 0 0.3420217 -0.939692 0 0.1736517 -0.9848071 0 0.1736517 -0.9848071 0 -1.136271e-06 -1 0 -1.136271e-06 -1 0 -0.1736528 -0.9848069 0 -0.1736528 -0.9848069 0 -0.3420166 -0.9396939 0 -0.3420166 -0.9396939 0 -0.4999934 -0.8660292 0 -0.4999934 -0.8660292 0 -0.6427907 -0.7660418 0 -0.6427907 -0.7660418 0 -0.9848071 -0.1736517 0 -0.9848071 -0.1736517 0 -1 1.136271e-06 0 -1 1.136271e-06 0 -0.9848069 0.1736528 0 -0.9848069 0.1736528 0 -0.9396899 0.3420277 0 -0.9396899 0.3420277 0 -0.8660286 0.4999944 0 -0.8660286 0.4999944 0 -0.7660487 0.6427825 0 -0.7660487 0.6427825 0 -0.6427825 0.7660487 0 -0.6427825 0.7660487 0 -0.4999944 0.8660286 0 -0.4999944 0.8660286 0 -0.3420277 0.9396899 0 -0.3420277 0.9396899 0 -0.1736528 0.9848069 0 -0.1736528 0.9848069 0 -1.136271e-06 1 0 -1.136271e-06 1 0 0.1736517 0.9848071 0 0.1736517 0.9848071 0 0.3420329 0.939688 0 0.3420329 0.939688 0 0.4999992 0.8660259 0 0.4999992 0.8660259 0 0.6427825 0.7660487 0 0.6427825 0.7660487 0 0.7660418 0.6427907 0 0.7660418 0.6427907 0 0.8660292 0.4999934 0 0.8660292 0.4999934 0 0.9396939 0.3420166 0 0.9396939 0.3420166 0 0.9848069 0.1736528 0 0.9848069 0.1736528 0 1 1.136271e-06 0 1 1.136271e-06 0 0.9848071 -0.1736517 0 0.9848071 -0.1736517 0 -0.9909297 0.002194113 0.1343635 -0.9626183 0.002511875 0.2708499 -0.9659138 5.316364e-05 0.2588638 -0.8660344 5.160386e-05 0.4999843 -0.8550098 0.002690401 0.5186048 -0.7071409 4.847212e-05 0.7070726 -0.7801074 0.001475541 0.6256439 -0.9184394 0.001801548 0.3955577 -0.9999963 0.002226617 0.001568505 -0.9999991 0.001149694 0.0007423007 -0.9907593 5.07692e-05 -0.135632 -0.9659079 0.002276208 -0.2588759 -0.9632201 0 -0.2687136 -0.9181144 4.916763e-05 -0.3963155 -0.8660204 0.002214179 -0.5000038 -0.8565023 0 -0.5161432 -0.7797657 4.62409e-05 -0.6260715 -0.7066455 0.001087737 -0.7075669 -0.6552456 0 -0.7554159 -0.4999623 0 -0.8660472 -0.4490044 0 -0.8935295 -0.2588079 0 -0.9659288 -0.1972985 0 -0.9803435 -2.762446e-16 0 -1 0.2588079 0 -0.9659288 0.1972985 0 -0.9803435 0.4999623 0 -0.8660472 0.4490044 0 -0.8935295 0.7071409 4.847212e-05 -0.7070726 0.6552456 0 -0.7554159 0.8660344 5.160386e-05 -0.4999843 0.9659138 5.316364e-05 -0.2588638 0.9626183 0.002511875 -0.2708499 0.9184394 0.001801548 -0.3955577 0.8550098 0.002690401 -0.5186048 0.7801074 0.001475541 -0.6256439 0.9659079 0.002276208 0.2588759 0.9907593 5.07692e-05 0.135632 0.9999991 0.001149694 -0.0007423007 0.9999963 0.002226617 -0.001568505 0.9909297 0.002194113 -0.1343635 0.8660204 0.002214179 0.5000038 0.9181144 4.916763e-05 0.3963155 0.9632201 0 0.2687136 -0.6552456 0 0.7554159 -0.4490044 0 0.8935295 -0.4999623 0 0.8660472 -0.1972985 0 0.9803435 -0.2588079 0 0.9659288 2.762446e-16 0 1 0.1972985 0 0.9803435 0.2588079 0 0.9659288 0.4490044 0 0.8935295 0.4999623 0 0.8660472 0.6552456 0 0.7554159 0.7066455 0.001087737 0.7075669 0.7797657 4.62409e-05 0.6260715 0.8565023 0 0.5161432 0.9913385 -0.008425994 0.1310612 0.9611699 -0.007676933 0.2758505 0.9658914 -0.0006854594 0.2589467 0.8659971 -0.0006216732 0.5000487 0.8518928 -0.007652411 0.5236603 0.7071021 -0.0005077955 0.7071113 0.7808027 -0.004858224 0.6247587 0.9191887 -0.006501674 0.3937636 0.9999591 -0.007118512 0.005576586 0.9999886 -0.003934153 0.002691949 0.9907591 -0.000670702 -0.1356319 0.9658413 -0.007630309 -0.259022 0.9632201 0 -0.2687136 0.9181142 -0.0005920741 -0.3963155 0.8658769 -0.00701894 -0.5002078 0.8565023 0 -0.5161432 0.7797656 -0.0004747686 -0.6260714 0.7055495 -0.003322635 -0.7086528 0.6552456 0 -0.7554159 0.4999623 0 -0.8660472 0.4490044 0 -0.8935295 0.2588079 0 -0.9659288 0.1972985 0 -0.9803435 4.455559e-17 0 -1 -0.2588079 0 -0.9659288 -0.1972985 0 -0.9803435 -0.4999623 0 -0.8660472 -0.4490044 0 -0.8935295 -0.7071021 -0.0005077955 -0.7071113 -0.6552456 0 -0.7554159 -0.8659971 -0.0006216732 -0.5000487 -0.9658914 -0.0006854594 -0.2589467 -0.9611699 -0.007676933 -0.2758505 -0.9191887 -0.006501674 -0.3937636 -0.8518928 -0.007652411 -0.5236603 -0.7808027 -0.004858224 -0.6247587 -0.9658413 -0.007630309 0.259022 -0.9907591 -0.000670702 0.1356319 -0.9999886 -0.003934153 -0.002691949 -0.9999591 -0.007118512 -0.005576586 -0.9913385 -0.008425994 -0.1310612 -0.8658769 -0.00701894 0.5002078 -0.9181142 -0.0005920741 0.3963155 -0.9632201 0 0.2687136 0.6552456 0 0.7554159 0.4490044 0 0.8935295 0.4999623 0 0.8660472 0.1972985 0 0.9803435 0.2588079 0 0.9659288 -4.455559e-17 0 1 -0.1972985 0 0.9803435 -0.2588079 0 0.9659288 -0.4490044 0 0.8935295 -0.4999623 0 0.8660472 -0.6552456 0 0.7554159 -0.7055495 -0.003322635 0.7086528 -0.7797656 -0.0004747686 0.6260714 -0.8565023 0 0.5161432 0 -1 0 0 -1 0 0 -1 0 0 -1 0 0 -1 0 0 -1 0 0 -1 0 0 -1 0 0 -1 0 0 -1 0 0 -1 0 0 -1 0 0 -1 0 0 -1 0 0 -1 0 0 -1 0 0 -1 0 0 -1 0 0 -1 0 0 -1 0 0 -1 0 0 -1 0 0 -1 0 0 -1 0 0 -1 0 -0.9909297 0.002194113 0.1343635 -0.9626183 0.002511875 0.2708499 -0.9659138 5.316364e-05 0.2588638 -0.8660344 5.160386e-05 0.4999843 -0.8550098 0.002690401 0.5186048 -0.7071409 4.847212e-05 0.7070726 -0.7801074 0.001475541 0.6256439 -0.9184394 0.001801548 0.3955577 -0.9999963 0.002226617 0.001568505 -0.9999991 0.001149694 0.0007423007 -0.9907593 5.07692e-05 -0.135632 -0.9659079 0.002276208 -0.2588759 -0.9632201 0 -0.2687136 -0.9181144 4.916763e-05 -0.3963155 -0.8660204 0.002214179 -0.5000038 -0.8565023 0 -0.5161432 -0.7797657 4.62409e-05 -0.6260715 -0.7066455 0.001087737 -0.7075669 -0.6552456 0 -0.7554159 -0.4999623 0 -0.8660472 -0.4490044 0 -0.8935295 -0.2588079 0 -0.9659288 -0.1972985 0 -0.9803435 -2.762446e-16 0 -1 0.2588079 0 -0.9659288 0.1972985 0 -0.9803435 0.4999623 0 -0.8660472 0.4490044 0 -0.8935295 0.7071409 4.847212e-05 -0.7070726 0.6552456 0 -0.7554159 0.8660344 5.160386e-05 -0.4999843 0.9659138 5.316364e-05 -0.2588638 0.9626183 0.002511875 -0.2708499 0.9184394 0.001801548 -0.3955577 0.8550098 0.002690401 -0.5186048 0.7801074 0.001475541 -0.6256439 0.9659079 0.002276208 0.2588759 0.9907593 5.07692e-05 0.135632 0.9999991 0.001149694 -0.0007423007 0.9999963 0.002226617 -0.001568505 0.9909297 0.002194113 -0.1343635 0.8660204 0.002214179 0.5000038 0.9181144 4.916763e-05 0.3963155 0.9632201 0 0.2687136 -0.6552456 0 0.7554159 -0.4490044 0 0.8935295 -0.4999623 0 0.8660472 -0.1972985 0 0.9803435 -0.2588079 0 0.9659288 2.762446e-16 0 1 0.1972985 0 0.9803435 0.2588079 0 0.9659288 0.4490044 0 0.8935295 0.4999623 0 0.8660472 0.6552456 0 0.7554159 0.7066455 0.001087737 0.7075669 0.7797657 4.62409e-05 0.6260715 0.8565023 0 0.5161432 0.9913385 -0.008425994 0.1310612 0.9611699 -0.007676933 0.2758505 0.9658914 -0.0006854594 0.2589467 0.8659971 -0.0006216732 0.5000487 0.8518928 -0.007652411 0.5236603 0.7071021 -0.0005077955 0.7071113 0.7808027 -0.004858224 0.6247587 0.9191887 -0.006501674 0.3937636 0.9999591 -0.007118512 0.005576586 0.9999886 -0.003934153 0.002691949 0.9907591 -0.000670702 -0.1356319 0.9658413 -0.007630309 -0.259022 0.9632201 0 -0.2687136 0.9181142 -0.0005920741 -0.3963155 0.8658769 -0.00701894 -0.5002078 0.8565023 0 -0.5161432 0.7797656 -0.0004747686 -0.6260714 0.7055495 -0.003322635 -0.7086528 0.6552456 0 -0.7554159 0.4999623 0 -0.8660472 0.4490044 0 -0.8935295 0.2588079 0 -0.9659288 0.1972985 0 -0.9803435 4.455559e-17 0 -1 -0.2588079 0 -0.9659288 -0.1972985 0 -0.9803435 -0.4999623 0 -0.8660472 -0.4490044 0 -0.8935295 -0.7071021 -0.0005077955 -0.7071113 -0.6552456 0 -0.7554159 -0.8659971 -0.0006216732 -0.5000487 -0.9658914 -0.0006854594 -0.2589467 -0.9611699 -0.007676933 -0.2758505 -0.9191887 -0.006501674 -0.3937636 -0.8518928 -0.007652411 -0.5236603 -0.7808027 -0.004858224 -0.6247587 -0.9658413 -0.007630309 0.259022 -0.9907591 -0.000670702 0.1356319 -0.9999886 -0.003934153 -0.002691949 -0.9999591 -0.007118512 -0.005576586 -0.9913385 -0.008425994 -0.1310612 -0.8658769 -0.00701894 0.5002078 -0.9181142 -0.0005920741 0.3963155 -0.9632201 0 0.2687136 0.6552456 0 0.7554159 0.4490044 0 0.8935295 0.4999623 0 0.8660472 0.1972985 0 0.9803435 0.2588079 0 0.9659288 -4.455559e-17 0 1 -0.1972985 0 0.9803435 -0.2588079 0 0.9659288 -0.4490044 0 0.8935295 -0.4999623 0 0.8660472 -0.6552456 0 0.7554159 -0.7055495 -0.003322635 0.7086528 -0.7797656 -0.0004747686 0.6260714 -0.8565023 0 0.5161432 0 -1 0 0 -1 0 0 -1 0 0 -1 0 0 -1 0 0 -1 0 0 -1 0 0 -1 0 0 -1 0 0 -1 0 0 -1 0 0 -1 0 0 -1 0 0 -1 0 0 -1 0 0 -1 0 0 -1 0 0 -1 0 0 -1 0 0 -1 0 0 -1 0 0 -1 0 0 -1 0 0 -1 0 0 -1 0</float_array>
          <technique_common>
            <accessor count="1466" source="#normals-array-array" stride="3">
              <param type="float" name="X"/>
              <param type="float" name="Y"/>
              <param type="float" name="Z"/>
            </accessor>
          </technique_common>
        </source>
        <vertices id="verts-array-vertices">
          <input semantic="POSITION" source="#verts-array"/>
        </vertices>
        <triangles count="1484" material="material0">
          <input offset="0" semantic="VERTEX" source="#verts-array-vertices"/>
          <input offset="1" semantic="NORMAL" source="#normals-array"/>
          <p>0 0 1 1 2 2 3 3 4 4 5 5 6 6 5 5 4 4 2 2 1 1 3 3 7 7 3 3 1 1 3 3 7 7 4 4 0 0 2 2 8 8 9 9 8 8 2 2 8 8 9 9 10 10 11 11 10 10 9 9 10 10 11 11 12 12 12 12 11 11 13 13 14 14 13 13 11 11 13 13 14 14 15 15 15 15 14 14 16 16 17 17 16 16 14 14 16 16 17 17 18 18 19 19 18 18 17 17 18 18 19 19 20 20 21 21 20 20 19 19 20 20 21 21 22 22 23 23 22 22 21 21 22 22 23 23 24 24 25 25 24 24 23 23 24 24 25 25 26 26 27 27 26 26 25 25 26 26 27 27 28 28 29 29 28 28 27 27 28 28 29 29 30 30 31 31 32 32 33 33 33 33 34 34 31 31 35 35 31 31 34 34 31 31 35 35 29 29 36 36 29 29 35 35 29 29 36 36 30 30 37 37 38 38 39 39 40 40 39 39 38 38 39 39 40 40 32 32 41 41 32 32 40 40 32 32 41 41 33 33 42 42 43 43 37 37 44 44 37 37 43 43 37 37 44 44 38 38 6 6 45 45 5 5 46 46 5 5 45 45 5 5 46 46 47 47 48 48 47 47 46 46 47 47 48 48 49 49 50 50 49 49 48 48 49 49 50 50 51 51 52 52 51 51 50 50 51 51 52 52 53 53 54 54 53 53 52 52 53 53 54 54 55 55 56 56 55 55 54 54 55 55 56 56 57 57 58 58 57 57 56 56 57 57 58 58 42 42 59 59 42 42 58 58 42 42 59 59 43 43 60 60 61 61 62 62 63 63 64 64 65 65 60 60 65 65 64 64 65 65 60 60 66 66 62 62 66 66 60 60 67 67 68 68 69 69 69 69 70 70 67 67 71 71 67 67 70 70 67 67 71 71 61 61 72 72 61 61 71 71 61 61 72 72 62 62 73 73 74 74 75 75 76 76 75 75 74 74 75 75 76 76 68 68 77 77 68 68 76 76 68 68 77 77 69 69 75 75 78 78 73 73 79 79 73 73 78 78 73 73 79 79 80 80 81 81 80 80 79 79 80 80 81 81 82 82 83 83 82 82 81 81 82 82 83 83 84 84 85 85 84 84 83 83 84 84 85 85 86 86 87 87 86 86 85 85 86 86 87 87 88 88 89 89 88 88 87 87 88 88 89 89 90 90 91 91 92 92 93 93 93 93 94 94 91 91 95 95 91 91 94 94 91 91 95 95 89 89 96 96 89 89 95 95 89 89 96 96 90 90 97 97 98 98 99 99 99 99 100 100 97 97 101 101 97 97 100 100 97 97 101 101 92 92 102 102 92 92 101 101 92 92 102 102 93 93 103 103 104 104 105 105 106 106 105 105 104 104 105 105 106 106 98 98 107 107 98 98 106 106 98 98 107 107 99 99 63 63 108 108 64 64 109 109 64 64 108 108 64 64 109 109 110 110 111 111 110 110 109 109 110 110 111 111 112 112 113 113 112 112 111 111 112 112 113 113 114 114 115 115 114 114 113 113 114 114 115 115 116 116 117 117 116 116 115 115 116 116 117 117 118 118 103 103 118 118 117 117 118 118 103 103 119 119 105 105 119 119 103 103 120 120 121 121 122 122 123 123 124 124 125 125 126 126 125 125 124 124 122 122 121 121 123 123 127 127 123 123 121 121 123 123 127 127 124 124 120 120 122 122 128 128 129 129 128 128 122 122 128 128 129 129 130 130 131 131 130 130 129 129 130 130 131 131 132 132 132 132 131 131 133 133 134 134 133 133 131 131 133 133 134 134 135 135 135 135 134 134 136 136 137 137 136 136 134 134 136 136 137 137 138 138 139 139 138 138 137 137 138 138 139 139 140 140 141 141 140 140 139 139 140 140 141 141 142 142 143 143 142 142 141 141 142 142 143 143 84 84 144 144 84 84 143 143 84 84 144 144 145 145 146 146 145 145 144 144 145 145 146 146 147 147 148 148 147 147 146 146 147 147 148 148 149 149 150 150 151 151 152 152 152 152 153 153 150 150 154 154 150 150 153 153 150 150 154 154 148 148 155 155 148 148 154 154 148 148 155 155 149 149 156 156 157 157 158 158 159 159 158 158 157 157 158 158 159 159 151 151 160 160 151 151 159 159 151 151 160 160 152 152 161 161 162 162 156 156 163 163 156 156 162 162 156 156 163 163 157 157 126 126 164 164 125 125 165 165 125 125 164 164 125 125 165 165 166 166 167 167 166 166 165 165 166 166 167 167 168 168 113 113 168 168 167 167 168 168 113 113 169 169 170 170 169 169 113 113 169 169 170 170 171 171 172 172 171 171 170 170 171 171 172 172 173 173 174 174 173 173 172 172 173 173 174 174 175 175 176 176 175 175 174 174 175 175 176 176 161 161 177 177 161 161 176 176 161 161 177 177 162 162 178 178 179 179 180 180 181 181 182 182 183 183 178 178 183 183 182 182 183 183 178 178 184 184 180 180 184 184 178 178 185 185 186 186 187 187 187 187 188 188 185 185 189 189 185 185 188 188 185 185 189 189 179 179 190 190 179 179 189 189 179 179 190 190 180 180 191 191 192 192 193 193 194 194 193 193 192 192 193 193 194 194 186 186 195 195 186 186 194 194 186 186 195 195 187 187 193 193 196 196 191 191 197 197 191 191 196 196 191 191 197 197 198 198 199 199 198 198 197 197 198 198 199 199 200 200 201 201 200 200 199 199 200 200 201 201 24 24 202 202 24 24 201 201 24 24 202 202 203 203 204 204 203 203 202 202 203 203 204 204 205 205 206 206 205 205 204 204 205 205 206 206 207 207 208 208 209 209 210 210 210 210 211 211 208 208 212 212 208 208 211 211 208 208 212 212 206 206 213 213 206 206 212 212 206 206 213 213 207 207 214 214 215 215 216 216 216 216 217 217 214 214 218 218 214 214 217 217 214 214 218 218 209 209 219 219 209 209 218 218 209 209 219 219 210 210 220 220 221 221 222 222 223 223 222 222 221 221 222 222 223 223 215 215 224 224 215 215 223 223 215 215 224 224 216 216 181 181 225 225 182 182 226 226 182 182 225 225 182 182 226 226 227 227 228 228 227 227 226 226 227 227 228 228 229 229 50 50 229 229 228 228 229 229 50 50 230 230 231 231 230 230 50 50 230 230 231 231 232 232 233 233 232 232 231 231 232 232 233 233 234 234 220 220 234 234 233 233 234 234 220 220 235 235 222 222 235 235 220 220 236 236 237 237 238 238 236 236 238 238 239 239 237 237 236 236 240 240 241 241 240 240 236 236 240 240 241 241 242 242 242 242 241 241 243 243 244 244 243 243 241 241 243 243 244 244 245 245 245 245 244 244 246 246 247 247 246 246 244 244 246 246 247 247 248 248 248 248 247 247 249 249 250 250 249 249 247 247 249 249 250 250 251 251 251 251 250 250 252 252 253 253 252 252 250 250 252 252 253 253 254 254 255 255 254 254 253 253 254 254 255 255 256 256 257 257 256 256 255 255 256 256 257 257 258 258 259 259 258 258 257 257 258 258 259 259 260 260 261 261 260 260 259 259 260 260 261 261 262 262 263 263 262 262 261 261 262 262 263 263 264 264 264 264 263 263 265 265 266 266 265 265 263 263 265 265 266 266 267 267 268 268 269 269 270 270 270 270 271 271 268 268 272 272 268 268 271 271 268 268 272 272 266 266 273 273 266 266 272 272 266 266 273 273 267 267 274 274 275 275 276 276 277 277 276 276 275 275 276 276 277 277 269 269 278 278 269 269 277 277 269 269 278 278 270 270 279 279 280 280 274 274 281 281 274 274 280 280 274 274 281 281 275 275 282 282 283 283 279 279 284 284 279 279 283 283 279 279 284 284 280 280 238 238 285 285 239 239 286 286 239 239 285 285 239 239 286 286 287 287 288 288 287 287 286 286 287 287 288 288 289 289 290 290 289 289 288 288 289 289 290 290 291 291 292 292 291 291 290 290 291 291 292 292 293 293 294 294 293 293 292 292 293 293 294 294 295 295 296 296 295 295 294 294 295 295 296 296 282 282 297 297 282 282 296 296 282 282 297 297 283 283 298 298 299 299 300 300 301 301 300 300 299 299 302 302 303 303 304 304 304 304 305 305 302 302 306 306 302 302 305 305 302 302 306 306 300 300 307 307 300 300 306 306 300 300 307 307 298 298 308 308 309 309 310 310 311 311 310 310 309 309 310 310 311 311 303 303 312 312 303 303 311 311 303 303 312 312 304 304 313 313 314 314 308 308 315 315 308 308 314 314 308 308 315 315 309 309 316 316 317 317 313 313 318 318 313 313 317 317 313 313 318 318 314 314 319 319 320 320 321 321 322 322 321 321 320 320 321 321 322 322 323 323 324 324 323 323 322 322 323 323 324 324 325 325 326 326 325 325 324 324 325 325 326 326 327 327 328 328 327 327 326 326 327 327 328 328 329 329 330 330 329 329 328 328 329 329 330 330 316 316 331 331 316 316 330 330 316 316 331 331 317 317 332 332 333 333 319 319 334 334 319 319 333 333 319 319 334 334 320 320 335 335 336 336 332 332 337 337 332 332 336 336 332 332 337 337 333 333 338 338 339 339 335 335 340 340 335 335 339 339 335 335 340 340 336 336 341 341 342 342 338 338 343 343 338 338 342 342 338 338 343 343 339 339 344 344 345 345 341 341 346 346 341 341 345 345 341 341 346 346 342 342 299 299 347 347 301 301 348 348 301 301 347 347 301 301 348 348 349 349 350 350 349 349 348 348 349 349 350 350 351 351 352 352 351 351 350 350 351 351 352 352 353 353 354 354 353 353 352 352 353 353 354 354 355 355 356 356 355 355 354 354 355 355 356 356 357 357 358 358 357 357 356 356 357 357 358 358 344 344 359 359 344 344 358 358 344 344 359 359 345 345 360 360 361 361 362 362 363 363 362 362 361 361 362 362 363 363 364 364 365 365 364 364 363 363 364 364 365 365 366 366 362 362 367 367 360 360 368 368 360 360 367 367 360 360 368 368 369 369 370 370 369 369 368 368 368 368 371 371 370 370 372 372 370 370 371 371 370 370 372 372 373 373 374 374 373 373 372 372 372 372 375 375 374 374 376 376 374 374 375 375 374 374 376 376 377 377 378 378 377 377 376 376 376 376 379 379 378 378 380 380 378 378 379 379 378 378 380 380 381 381 382 382 381 381 380 380 380 380 383 383 382 382 384 384 382 382 383 383 382 382 384 384 385 385 386 386 385 385 384 384 384 384 387 387 386 386 388 388 386 386 387 387 386 386 388 388 389 389 390 390 389 389 388 388 389 389 390 390 391 391 390 390 392 392 391 391 393 393 391 391 392 392 391 391 393 393 394 394 395 395 394 394 393 393 394 394 395 395 396 396 397 397 396 396 395 395 396 396 397 397 398 398 399 399 398 398 397 397 398 398 399 399 400 400 401 401 400 400 399 399 400 400 401 401 402 402 403 403 402 402 401 401 402 402 403 403 404 404 405 405 404 404 403 403 404 404 405 405 406 406 406 406 405 405 407 407 408 408 407 407 405 405 407 407 408 408 409 409 410 410 409 409 408 408 409 409 410 410 411 411 412 412 411 411 410 410 411 411 412 412 413 413 414 414 413 413 412 412 413 413 414 414 415 415 416 416 415 415 414 414 415 415 416 416 417 417 416 416 418 418 417 417 419 419 417 417 418 418 417 417 419 419 420 420 421 421 420 420 419 419 420 420 421 421 422 422 422 422 421 421 423 423 424 424 423 423 421 421 423 423 424 424 425 425 365 365 426 426 366 366 427 427 366 366 426 426 366 366 427 427 428 428 429 429 428 428 427 427 428 428 429 429 430 430 431 431 430 430 429 429 430 430 431 431 432 432 433 433 432 432 431 431 432 432 433 433 434 434 425 425 434 434 433 433 434 434 425 425 435 435 424 424 435 435 425 425 436 436 437 437 438 438 439 439 440 440 441 441 442 442 443 443 444 444 436 436 444 444 443 443 445 445 446 446 447 447 448 448 447 447 446 446 447 447 448 448 449 449 450 450 451 451 452 452 439 439 452 452 451 451 452 452 439 439 453 453 441 441 453 453 439 439 454 454 455 455 456 456 457 457 458 458 459 459 449 449 460 460 447 447 461 461 447 447 460 460 447 447 461 461 462 462 447 447 463 463 445 445 464 464 445 445 463 463 445 445 464 464 465 465 454 454 465 465 464 464 465 465 454 454 466 466 456 456 466 466 454 454 467 467 468 468 469 469 470 470 469 469 468 468 469 469 470 470 471 471 459 459 458 458 472 472 450 450 473 473 451 451 474 474 451 451 473 473 451 451 474 474 475 475 475 475 476 476 451 451 477 477 451 451 476 476 451 451 477 477 478 478 479 479 480 480 440 440 481 481 440 440 480 480 440 440 481 481 441 441 482 482 483 483 484 484 485 485 484 484 483 483 484 484 485 485 486 486 467 467 487 487 468 468 488 488 468 468 487 487 468 468 488 488 489 489 490 490 489 489 488 488 436 436 438 438 444 444 469 469 444 444 438 438 444 444 469 469 482 482 471 471 482 482 469 469 482 482 471 471 483 483 491 491 492 492 493 493 494 494 493 493 492 492 493 493 494 494 495 495 496 496 495 495 494 494 495 495 496 496 437 437 497 497 437 437 496 496 437 437 497 497 438 438 498 498 499 499 500 500 501 501 500 500 499 499 500 500 501 501 502 502 477 477 503 503 478 478 504 504 478 478 503 503 478 478 504 504 505 505 506 506 507 507 508 508 509 509 508 508 507 507 508 508 509 509 510 510 498 498 511 511 499 499 508 508 499 499 511 511 499 499 508 508 512 512 510 510 512 512 508 508 486 486 513 513 484 484 514 514 484 484 513 513 484 484 514 514 515 515 516 516 515 515 514 514 515 515 516 516 455 455 517 517 455 455 516 516 455 455 517 517 456 456 490 490 488 488 458 458 518 518 458 458 488 488 458 458 518 518 472 472 502 502 519 519 500 500 520 520 500 500 519 519 500 500 520 520 491 491 521 521 491 491 520 520 491 491 521 521 492 492 505 505 522 522 478 478 523 523 478 478 522 522 478 478 523 523 508 508 524 524 508 508 523 523 508 508 524 524 506 506 462 462 525 525 447 447 526 526 447 447 525 525 447 447 526 526 440 440 527 527 440 440 526 526 440 440 527 527 479 479 450 450 528 528 473 473 529 529 473 473 528 528 473 473 529 529 530 530 457 457 530 530 529 529 530 530 457 457 531 531 459 459 531 531 457 457 532 532 533 533 534 534 535 535 534 534 533 533 534 534 535 535 536 536 535 535 537 537 536 536 538 538 536 536 537 537 536 536 538 538 539 539 540 540 541 541 536 536 540 540 536 536 542 542 539 539 543 543 536 536 544 544 536 536 543 543 536 536 544 544 542 542 545 545 546 546 547 547 548 548 547 547 546 546 547 547 548 548 549 549 549 549 550 550 547 547 551 551 547 547 550 550 547 547 551 551 552 552 552 552 553 553 547 547 554 554 547 547 553 553 547 547 554 554 555 555 556 556 555 555 554 554 555 555 556 556 557 557 558 558 559 559 560 560 561 561 560 560 559 559 560 560 561 561 562 562 557 557 563 563 555 555 564 564 555 555 563 563 555 555 564 564 560 560 565 565 560 560 564 564 560 560 565 565 558 558 566 566 567 567 568 568 569 569 568 568 567 567 569 569 570 570 568 568 571 571 568 568 570 570 568 568 571 571 572 572 572 572 573 573 568 568 574 574 568 568 573 573 568 568 574 574 534 534 575 575 534 534 574 574 534 534 575 575 532 532 576 576 577 577 578 578 579 579 578 578 577 577 578 578 579 579 580 580 579 579 581 581 580 580 582 582 580 580 581 581 580 580 582 582 583 583 584 584 585 585 580 580 584 584 580 580 586 586 583 583 587 587 580 580 588 588 580 580 587 587 580 580 588 588 586 586 589 589 590 590 591 591 592 592 591 591 590 590 591 591 592 592 593 593 593 593 594 594 591 591 595 595 591 591 594 594 591 591 595 595 596 596 596 596 597 597 591 591 598 598 591 591 597 597 591 591 598 598 599 599 600 600 599 599 598 598 599 599 600 600 601 601 602 602 603 603 604 604 605 605 606 606 604 604 607 607 604 604 606 606 604 604 607 607 602 602 601 601 608 608 599 599 609 609 599 599 608 608 599 599 609 609 604 604 610 610 604 604 609 609 604 604 610 610 605 605 611 611 612 612 613 613 612 612 614 614 613 613 615 615 613 613 614 614 613 613 615 615 616 616 616 616 617 617 613 613 618 618 613 613 617 617 613 613 618 618 578 578 619 619 578 578 618 618 578 578 619 619 576 576 541 541 545 545 536 536 547 547 536 536 545 545 536 536 547 547 620 620 621 621 620 620 547 547 620 620 621 621 622 622 623 623 622 622 621 621 622 622 623 623 624 624 625 625 624 624 623 623 624 624 625 625 626 626 627 627 626 626 625 625 626 626 627 627 628 628 629 629 628 628 627 627 628 628 629 629 630 630 631 631 630 630 629 629 630 630 631 631 632 632 633 633 632 632 631 631 632 632 633 633 634 634 635 635 634 634 633 633 634 634 635 635 636 636 637 637 636 636 635 635 636 636 637 637 591 591 580 580 591 591 637 637 591 591 580 580 589 589 585 585 589 589 580 580 603 603 611 611 604 604 613 613 604 604 611 611 604 604 613 613 638 638 639 639 638 638 613 613 638 638 639 639 640 640 641 641 640 640 639 639 640 640 641 641 642 642 643 643 642 642 641 641 642 642 643 643 644 644 645 645 644 644 643 643 644 644 645 645 646 646 647 647 646 646 645 645 646 646 647 647 648 648 649 649 648 648 647 647 648 648 649 649 650 650 651 651 650 650 649 649 650 650 651 651 652 652 653 653 652 652 651 651 652 652 653 653 654 654 655 655 654 654 653 653 654 654 655 655 656 656 657 657 656 656 655 655 656 656 657 657 658 658 659 659 658 658 657 657 658 658 659 659 660 660 661 661 660 660 659 659 660 660 661 661 662 662 663 663 662 662 661 661 662 662 663 663 664 664 665 665 664 664 663 663 664 664 665 665 666 666 667 667 666 666 665 665 666 666 667 667 668 668 669 669 668 668 667 667 668 668 669 669 670 670 671 671 670 670 669 669 670 670 671 671 672 672 673 673 672 672 671 671 672 672 673 673 674 674 675 675 674 674 673 673 674 674 675 675 676 676 677 677 676 676 675 675 676 676 677 677 678 678 679 679 678 678 677 677 678 678 679 679 568 568 560 560 568 568 679 679 568 568 560 560 566 566 562 562 566 566 560 560 680 680 681 681 682 682 683 683 682 682 681 681 682 682 683 683 684 684 685 685 684 684 683 683 684 684 685 685 686 686 687 687 686 686 685 685 686 686 687 687 688 688 689 689 688 688 687 687 688 688 689 689 690 690 691 691 690 690 689 689 690 690 691 691 692 692 693 693 692 692 691 691 692 692 693 693 694 694 695 695 694 694 693 693 694 694 695 695 696 696 697 697 696 696 695 695 698 698 699 699 700 700 701 701 702 702 703 703 704 704 703 703 702 702 703 703 704 704 705 705 706 706 700 700 707 707 708 708 707 707 700 700 706 706 709 709 700 700 710 710 700 700 709 709 700 700 710 710 711 711 699 699 712 712 700 700 713 713 700 700 712 712 700 700 713 713 703 703 714 714 703 703 713 713 703 703 714 714 701 701 705 705 715 715 703 703 716 716 703 703 715 715 703 703 716 716 717 717 718 718 717 717 716 716 718 718 719 719 717 717 720 720 717 717 719 719 717 717 720 720 721 721 722 722 723 723 724 724 725 725 726 726 727 727 728 728 717 717 729 729 725 725 729 729 717 717 722 722 724 724 730 730 728 728 731 731 717 717 732 732 717 717 731 731 717 717 732 732 708 708 732 732 733 733 708 708 734 734 708 708 733 733 708 708 734 734 735 735 721 721 736 736 717 717 737 737 717 717 736 736 717 717 737 737 725 725 738 738 725 725 737 737 725 725 738 738 726 726 735 735 739 739 708 708 740 740 708 708 739 739 708 708 740 740 707 707 711 711 741 741 700 700 742 742 700 700 741 741 700 700 742 742 743 743 698 698 700 700 744 744 743 743 744 744 700 700 744 744 743 743 724 724 745 745 724 724 743 743 724 724 745 745 730 730 723 723 746 746 724 724 747 747 724 724 746 746 724 724 747 747 748 748 725 725 748 748 747 747 748 748 725 725 749 749 727 727 749 749 725 725 750 750 751 751 752 752 753 753 752 752 751 751 752 752 753 753 754 754 755 755 756 756 757 757 750 750 752 752 758 758 757 757 758 758 752 752 758 758 757 757 759 759 760 760 761 761 762 762 752 752 762 762 761 761 762 762 752 752 763 763 754 754 763 763 752 752 756 756 764 764 757 757 765 765 757 757 764 764 757 757 765 765 759 759 760 760 766 766 761 761 767 767 761 761 766 766 761 761 767 767 768 768 768 768 769 769 761 761 770 770 761 761 769 769 761 761 770 770 771 771 770 770 772 772 771 771 773 773 771 771 772 772 771 771 773 773 774 774 774 774 775 775 771 771 776 776 771 771 775 775 771 771 776 776 757 757 777 777 757 757 776 776 757 757 777 777 755 755 778 778 779 779 780 780 778 778 780 780 781 781 782 782 783 783 784 784 779 779 785 785 780 780 786 786 780 780 785 785 780 780 786 786 782 782 787 787 782 782 786 786 782 782 787 787 783 783 788 788 789 789 790 790 791 791 790 790 789 789 790 790 791 791 792 792 793 793 794 794 795 795 796 796 795 795 794 794 784 784 797 797 782 782 798 798 782 782 797 797 782 782 798 798 790 790 799 799 790 790 798 798 790 790 799 799 788 788 796 796 800 800 795 795 801 801 795 795 800 800 795 795 801 801 780 780 802 802 780 780 801 801 780 780 802 802 781 781 792 792 803 803 790 790 804 804 790 790 803 803 790 790 804 804 795 795 805 805 795 795 804 804 795 795 805 805 793 793 806 806 807 807 808 808 809 809 808 808 807 807 810 810 811 811 812 812 813 813 814 814 815 815 816 816 815 815 814 814 810 810 812 812 817 817 818 818 819 819 820 820 821 821 822 822 823 823 824 824 823 823 822 822 823 823 824 824 825 825 825 825 826 826 823 823 827 827 823 823 826 826 823 823 827 827 815 815 828 828 815 815 827 827 815 815 828 828 813 813 816 816 829 829 815 815 830 830 815 815 829 829 815 815 830 830 812 812 831 831 812 812 830 830 812 812 831 831 817 817 811 811 832 832 812 812 833 833 812 812 832 832 812 812 833 833 818 818 834 834 818 818 833 833 818 818 834 834 819 819 820 820 835 835 818 818 836 836 818 818 835 835 818 818 836 836 823 823 837 837 823 823 836 836 823 823 837 837 821 821 838 838 839 839 840 840 841 841 842 842 843 843 841 841 843 843 844 844 845 845 846 846 840 840 840 840 839 839 843 843 847 847 843 843 839 839 843 843 847 847 844 844 848 848 849 849 850 850 851 851 850 850 849 849 846 846 852 852 840 840 853 853 840 840 852 852 840 840 853 853 838 838 842 842 854 854 843 843 855 855 843 843 854 854 843 843 855 855 849 849 856 856 849 849 855 855 849 849 856 856 851 851 848 848 857 857 849 849 858 858 849 849 857 857 849 849 858 858 859 859 858 858 860 860 859 859 861 861 859 859 860 860 859 859 861 861 862 862 862 862 863 863 859 859 864 864 859 859 863 863 859 859 864 864 840 840 865 865 840 840 864 864 840 840 865 865 845 845 866 866 867 867 868 868 869 869 870 870 871 871 872 872 873 873 874 874 875 875 876 876 877 877 867 867 878 878 868 868 869 869 868 868 878 878 868 868 869 869 879 879 871 871 879 879 869 869 874 874 880 880 881 881 882 882 883 883 884 884 885 885 884 884 883 883 886 886 887 887 877 877 888 888 877 877 887 887 889 889 890 890 891 891 892 892 891 891 890 890 891 891 892 892 893 893 873 873 894 894 874 874 895 895 874 874 894 894 874 874 895 895 896 896 881 881 897 897 874 874 898 898 874 874 897 897 874 874 898 898 884 884 899 899 884 884 898 898 884 884 899 899 882 882 885 885 900 900 884 884 901 901 884 884 900 900 884 884 901 901 877 877 902 902 877 877 901 901 877 877 902 902 886 886 876 876 903 903 877 877 904 904 877 877 903 903 877 877 904 904 891 891 905 905 891 891 904 904 891 891 905 905 889 889 893 893 906 906 891 891 907 907 891 891 906 906 891 891 907 907 874 874 908 908 874 874 907 907 874 874 908 908 872 872 880 880 874 874 909 909 896 896 909 909 874 874 909 909 896 896 910 910 911 911 910 910 896 896 910 910 911 911 869 869 912 912 869 869 911 911 869 869 912 912 870 870 888 888 913 913 877 877 914 914 877 877 913 913 877 877 914 914 915 915 875 875 877 877 916 916 915 915 916 916 877 877 916 916 915 915 868 868 917 917 868 868 915 915 868 868 917 917 866 866 918 918 919 919 920 920 921 921 920 920 919 919 920 920 921 921 922 922 923 923 922 922 921 921 922 922 923 923 924 924 925 925 924 924 923 923 924 924 925 925 926 926 927 927 926 926 925 925 926 926 927 927 928 928 929 929 928 928 927 927 928 928 929 929 930 930 931 931 930 930 929 929 930 930 931 931 932 932 933 933 932 932 931 931 932 932 933 933 934 934 935 935 934 934 933 933 936 936 937 937 938 938 939 939 938 938 937 937 940 940 941 941 942 942 943 943 944 944 945 945 945 945 946 946 947 947 948 948 949 949 950 950 951 951 952 952 953 953 954 954 953 953 952 952 955 955 956 956 952 952 957 957 952 952 956 956 952 952 957 957 954 954 958 958 959 959 960 960 961 961 960 960 959 959 962 962 963 963 964 964 965 965 964 964 963 963 964 964 965 965 966 966 944 944 967 967 945 945 968 968 945 945 967 967 945 945 968 968 946 946 948 948 950 950 952 952 969 969 952 952 950 950 952 952 969 969 955 955 964 964 970 970 962 962 971 971 962 962 970 970 962 962 971 971 972 972 940 940 973 973 941 941 945 945 941 941 973 973 941 941 945 945 974 974 947 947 974 974 945 945 975 975 976 976 949 949 976 976 977 977 949 949 978 978 949 949 977 977 949 949 978 978 979 979 972 972 980 980 962 962 981 981 962 962 980 980 962 962 981 981 982 982 983 983 982 982 981 981 982 982 983 983 984 984 985 985 986 986 987 987 988 988 987 987 986 986 979 979 989 989 949 949 990 990 949 949 989 989 949 949 990 990 945 945 991 991 945 945 990 990 945 945 991 991 943 943 965 965 992 992 966 966 993 993 966 966 992 992 966 966 993 993 988 988 994 994 988 988 993 993 988 988 994 994 987 987 942 942 961 961 940 940 959 959 940 940 961 961 940 940 959 959 995 995 996 996 995 995 959 959 995 995 996 996 997 997 998 998 999 999 1000 1000 1001 1001 1002 1002 987 987 1003 1003 987 987 1002 1002 987 987 1003 1003 985 985 958 958 1004 1004 959 959 1005 1005 959 959 1004 1004 959 959 1005 1005 1006 1006 1007 1007 1008 1008 1009 1009 997 997 1010 1010 995 995 1011 1011 995 995 1010 1010 995 995 1011 1011 998 998 1012 1012 998 998 1011 1011 998 998 1012 1012 999 999 1013 1013 1014 1014 1015 1015 1016 1016 1015 1015 1014 1014 1016 1016 1017 1017 1015 1015 1009 1009 1015 1015 1017 1017 1015 1015 1009 1009 1018 1018 1008 1008 1018 1018 1009 1009 1000 1000 1019 1019 998 998 1020 1020 998 998 1019 1019 998 998 1020 1020 987 987 1021 1021 987 987 1020 1020 987 987 1021 1021 1001 1001 1022 1022 948 948 1023 1023 982 982 1023 1023 948 948 1023 1023 982 982 1024 1024 984 984 1024 1024 982 982 1022 1022 1025 1025 1013 1013 1026 1026 1013 1013 1025 1025 1013 1013 1026 1026 1014 1014 1006 1006 1027 1027 959 959 1028 1028 959 959 1027 1027 959 959 1028 1028 1029 1029 1030 1030 1029 1029 1028 1028 1030 1030 1031 1031 1029 1029 1032 1032 1029 1029 1031 1031 1029 1029 1032 1032 1009 1009 1033 1033 1009 1009 1032 1032 1009 1009 1033 1033 1007 1007 1022 1022 1013 1013 948 948 1034 1034 948 948 1013 1013 948 948 1034 1034 949 949 1035 1035 949 949 1034 1034 949 949 1035 1035 975 975 1036 1036 1037 1037 1038 1038 1039 1039 1038 1038 1037 1037 1038 1038 1039 1039 1040 1040 1039 1039 1041 1041 1040 1040 1042 1042 1040 1040 1041 1041 1040 1040 1042 1042 1043 1043 1044 1044 1045 1045 1040 1040 1044 1044 1040 1040 1046 1046 1043 1043 1047 1047 1040 1040 1048 1048 1040 1040 1047 1047 1040 1040 1048 1048 1046 1046 1049 1049 1050 1050 1051 1051 1052 1052 1051 1051 1050 1050 1051 1051 1052 1052 1053 1053 1053 1053 1054 1054 1051 1051 1055 1055 1051 1051 1054 1054 1051 1051 1055 1055 1056 1056 1056 1056 1057 1057 1051 1051 1058 1058 1051 1051 1057 1057 1051 1051 1058 1058 1059 1059 1060 1060 1059 1059 1058 1058 1059 1059 1060 1060 1061 1061 1062 1062 1063 1063 1064 1064 1065 1065 1064 1064 1063 1063 1064 1064 1065 1065 1066 1066 1061 1061 1067 1067 1059 1059 1068 1068 1059 1059 1067 1067 1059 1059 1068 1068 1064 1064 1069 1069 1064 1064 1068 1068 1064 1064 1069 1069 1062 1062 1070 1070 1071 1071 1072 1072 1073 1073 1072 1072 1071 1071 1073 1073 1074 1074 1072 1072 1075 1075 1072 1072 1074 1074 1072 1072 1075 1075 1076 1076 1076 1076 1077 1077 1072 1072 1078 1078 1072 1072 1077 1077 1072 1072 1078 1078 1038 1038 1079 1079 1038 1038 1078 1078 1038 1038 1079 1079 1036 1036 1080 1080 1081 1081 1082 1082 1083 1083 1082 1082 1081 1081 1082 1082 1083 1083 1084 1084 1083 1083 1085 1085 1084 1084 1086 1086 1084 1084 1085 1085 1084 1084 1086 1086 1087 1087 1088 1088 1089 1089 1084 1084 1088 1088 1084 1084 1090 1090 1087 1087 1091 1091 1084 1084 1092 1092 1084 1084 1091 1091 1084 1084 1092 1092 1090 1090 1093 1093 1094 1094 1095 1095 1096 1096 1095 1095 1094 1094 1095 1095 1096 1096 1097 1097 1097 1097 1098 1098 1095 1095 1099 1099 1095 1095 1098 1098 1095 1095 1099 1099 1100 1100 1100 1100 1101 1101 1095 1095 1102 1102 1095 1095 1101 1101 1095 1095 1102 1102 1103 1103 1104 1104 1103 1103 1102 1102 1103 1103 1104 1104 1105 1105 1106 1106 1107 1107 1108 1108 1109 1109 1110 1110 1108 1108 1111 1111 1108 1108 1110 1110 1108 1108 1111 1111 1106 1106 1105 1105 1112 1112 1103 1103 1113 1113 1103 1103 1112 1112 1103 1103 1113 1113 1108 1108 1114 1114 1108 1108 1113 1113 1108 1108 1114 1114 1109 1109 1115 1115 1116 1116 1117 1117 1116 1116 1118 1118 1117 1117 1119 1119 1117 1117 1118 1118 1117 1117 1119 1119 1120 1120 1120 1120 1121 1121 1117 1117 1122 1122 1117 1117 1121 1121 1117 1117 1122 1122 1082 1082 1123 1123 1082 1082 1122 1122 1082 1082 1123 1123 1080 1080 1045 1045 1049 1049 1040 1040 1051 1051 1040 1040 1049 1049 1040 1040 1051 1051 1124 1124 1125 1125 1124 1124 1051 1051 1124 1124 1125 1125 1126 1126 1127 1127 1126 1126 1125 1125 1126 1126 1127 1127 1128 1128 1129 1129 1128 1128 1127 1127 1128 1128 1129 1129 1130 1130 1131 1131 1130 1130 1129 1129 1130 1130 1131 1131 1132 1132 1133 1133 1132 1132 1131 1131 1132 1132 1133 1133 1134 1134 1135 1135 1134 1134 1133 1133 1134 1134 1135 1135 1136 1136 1137 1137 1136 1136 1135 1135 1136 1136 1137 1137 1138 1138 1139 1139 1138 1138 1137 1137 1138 1138 1139 1139 1140 1140 1141 1141 1140 1140 1139 1139 1140 1140 1141 1141 1095 1095 1084 1084 1095 1095 1141 1141 1095 1095 1084 1084 1093 1093 1089 1089 1093 1093 1084 1084 1107 1107 1115 1115 1108 1108 1117 1117 1108 1108 1115 1115 1108 1108 1117 1117 1142 1142 1143 1143 1142 1142 1117 1117 1142 1142 1143 1143 1144 1144 1145 1145 1144 1144 1143 1143 1144 1144 1145 1145 1146 1146 1147 1147 1146 1146 1145 1145 1146 1146 1147 1147 1148 1148 1149 1149 1148 1148 1147 1147 1148 1148 1149 1149 1150 1150 1151 1151 1150 1150 1149 1149 1150 1150 1151 1151 1152 1152 1153 1153 1152 1152 1151 1151 1152 1152 1153 1153 1154 1154 1155 1155 1154 1154 1153 1153 1154 1154 1155 1155 1156 1156 1157 1157 1156 1156 1155 1155 1156 1156 1157 1157 1158 1158 1159 1159 1158 1158 1157 1157 1158 1158 1159 1159 1160 1160 1161 1161 1160 1160 1159 1159 1160 1160 1161 1161 1162 1162 1163 1163 1162 1162 1161 1161 1162 1162 1163 1163 1164 1164 1165 1165 1164 1164 1163 1163 1164 1164 1165 1165 1166 1166 1167 1167 1166 1166 1165 1165 1166 1166 1167 1167 1168 1168 1169 1169 1168 1168 1167 1167 1168 1168 1169 1169 1170 1170 1171 1171 1170 1170 1169 1169 1170 1170 1171 1171 1172 1172 1173 1173 1172 1172 1171 1171 1172 1172 1173 1173 1174 1174 1175 1175 1174 1174 1173 1173 1174 1174 1175 1175 1176 1176 1177 1177 1176 1176 1175 1175 1176 1176 1177 1177 1178 1178 1179 1179 1178 1178 1177 1177 1178 1178 1179 1179 1180 1180 1181 1181 1180 1180 1179 1179 1180 1180 1181 1181 1182 1182 1183 1183 1182 1182 1181 1181 1182 1182 1183 1183 1072 1072 1064 1064 1072 1072 1183 1183 1072 1072 1064 1064 1070 1070 1066 1066 1070 1070 1064 1064 1184 1184 1185 1185 1186 1186 1187 1187 1188 1188 1189 1189 1190 1190 1189 1189 1188 1188 1186 1186 1185 1185 1187 1187 1191 1191 1187 1187 1185 1185 1187 1187 1191 1191 1188 1188 1184 1184 1186 1186 1192 1192 1193 1193 1192 1192 1186 1186 1192 1192 1193 1193 1194 1194 1195 1195 1194 1194 1193 1193 1194 1194 1195 1195 1196 1196 1196 1196 1195 1195 1197 1197 1198 1198 1197 1197 1195 1195 1197 1197 1198 1198 1199 1199 1199 1199 1198 1198 1200 1200 1201 1201 1200 1200 1198 1198 1200 1200 1201 1201 1202 1202 1203 1203 1202 1202 1201 1201 1202 1202 1203 1203 1204 1204 1205 1205 1204 1204 1203 1203 1204 1204 1205 1205 1206 1206 1207 1207 1206 1206 1205 1205 1206 1206 1207 1207 113 113 1208 1208 113 113 1207 1207 113 113 1208 1208 1209 1209 1210 1210 1209 1209 1208 1208 1209 1209 1210 1210 1211 1211 1212 1212 1211 1211 1210 1210 1211 1211 1212 1212 1213 1213 1214 1214 1215 1215 1216 1216 1216 1216 1217 1217 1214 1214 1218 1218 1214 1214 1217 1217 1214 1214 1218 1218 1212 1212 1219 1219 1212 1212 1218 1218 1212 1212 1219 1219 1213 1213 1220 1220 1221 1221 1222 1222 1223 1223 1222 1222 1221 1221 1222 1222 1223 1223 1215 1215 1224 1224 1215 1215 1223 1223 1215 1215 1224 1224 1216 1216 1225 1225 1226 1226 1220 1220 1227 1227 1220 1220 1226 1226 1220 1220 1227 1227 1221 1221 1190 1190 1228 1228 1189 1189 1229 1229 1189 1189 1228 1228 1189 1189 1229 1229 1230 1230 1231 1231 1230 1230 1229 1229 1230 1230 1231 1231 1232 1232 84 84 1232 1232 1231 1231 1232 1232 84 84 1233 1233 1234 1234 1233 1233 84 84 1233 1233 1234 1234 1235 1235 1236 1236 1235 1235 1234 1234 1235 1235 1236 1236 1237 1237 1238 1238 1237 1237 1236 1236 1237 1237 1238 1238 1239 1239 1240 1240 1239 1239 1238 1238 1239 1239 1240 1240 1225 1225 1241 1241 1225 1225 1240 1240 1225 1225 1241 1241 1226 1226 1242 1242 1243 1243 1244 1244 1245 1245 1246 1246 1247 1247 1248 1248 1247 1247 1246 1246 1244 1244 1243 1243 1245 1245 1249 1249 1245 1245 1243 1243 1245 1245 1249 1249 1246 1246 1242 1242 1244 1244 1250 1250 1251 1251 1250 1250 1244 1244 1250 1250 1251 1251 1252 1252 1253 1253 1252 1252 1251 1251 1252 1252 1253 1253 1254 1254 1254 1254 1253 1253 1255 1255 1256 1256 1255 1255 1253 1253 1255 1255 1256 1256 1257 1257 1257 1257 1256 1256 1258 1258 1259 1259 1258 1258 1256 1256 1258 1258 1259 1259 1260 1260 1261 1261 1260 1260 1259 1259 1260 1260 1261 1261 1262 1262 1263 1263 1262 1262 1261 1261 1262 1262 1263 1263 1264 1264 1265 1265 1264 1264 1263 1263 1264 1264 1265 1265 113 113 1266 1266 113 113 1265 1265 113 113 1266 1266 1267 1267 1268 1268 1267 1267 1266 1266 1267 1267 1268 1268 1269 1269 1270 1270 1269 1269 1268 1268 1269 1269 1270 1270 1271 1271 1272 1272 1273 1273 1274 1274 1274 1274 1275 1275 1272 1272 1276 1276 1272 1272 1275 1275 1272 1272 1276 1276 1270 1270 1277 1277 1270 1270 1276 1276 1270 1270 1277 1277 1271 1271 1278 1278 1279 1279 1280 1280 1281 1281 1280 1280 1279 1279 1280 1280 1281 1281 1273 1273 1282 1282 1273 1273 1281 1281 1273 1273 1282 1282 1274 1274 1283 1283 1284 1284 1278 1278 1285 1285 1278 1278 1284 1284 1278 1278 1285 1285 1279 1279 1248 1248 1286 1286 1247 1247 1287 1287 1247 1247 1286 1286 1247 1247 1287 1287 1288 1288 1289 1289 1288 1288 1287 1287 1288 1288 1289 1289 1290 1290 84 84 1290 1290 1289 1289 1290 1290 84 84 1291 1291 1292 1292 1291 1291 84 84 1291 1291 1292 1292 1293 1293 1294 1294 1293 1293 1292 1292 1293 1293 1294 1294 1295 1295 1296 1296 1295 1295 1294 1294 1295 1295 1296 1296 1297 1297 1298 1298 1297 1297 1296 1296 1297 1297 1298 1298 1283 1283 1299 1299 1283 1283 1298 1298 1283 1283 1299 1299 1284 1284 1300 1300 1301 1301 1302 1302 1303 1303 1302 1302 1301 1301 1302 1302 1303 1303 1304 1304 1305 1305 1306 1306 1302 1302 1307 1307 1302 1302 1306 1306 1302 1302 1307 1307 1300 1300 1308 1308 1309 1309 1302 1302 1310 1310 1302 1302 1309 1309 1302 1302 1310 1310 1305 1305 1311 1311 1312 1312 1302 1302 1313 1313 1302 1302 1312 1312 1302 1302 1313 1313 1308 1308 1314 1314 1315 1315 1302 1302 1316 1316 1302 1302 1315 1315 1302 1302 1316 1316 1311 1311 1317 1317 1318 1318 1302 1302 1319 1319 1302 1302 1318 1318 1302 1302 1319 1319 1314 1314 1320 1320 1321 1321 1302 1302 1322 1322 1302 1302 1321 1321 1302 1302 1322 1322 1317 1317 1304 1304 1323 1323 1302 1302 1324 1324 1302 1302 1323 1323 1302 1302 1324 1324 1320 1320 1325 1325 1326 1326 1327 1327 1328 1328 1329 1329 1330 1330 1331 1331 1330 1330 1329 1329 1327 1327 1326 1326 1328 1328 1332 1332 1328 1328 1326 1326 1328 1328 1332 1332 1329 1329 1325 1325 1327 1327 1333 1333 1334 1334 1333 1333 1327 1327 1333 1333 1334 1334 1335 1335 1336 1336 1335 1335 1334 1334 1335 1335 1336 1336 1337 1337 1337 1337 1336 1336 1338 1338 1339 1339 1338 1338 1336 1336 1338 1338 1339 1339 1340 1340 1340 1340 1339 1339 1341 1341 1342 1342 1341 1341 1339 1339 1341 1341 1342 1342 1343 1343 1344 1344 1343 1343 1342 1342 1343 1343 1344 1344 1345 1345 1346 1346 1345 1345 1344 1344 1345 1345 1346 1346 1347 1347 1348 1348 1347 1347 1346 1346 1347 1347 1348 1348 50 50 1349 1349 50 50 1348 1348 50 50 1349 1349 1350 1350 1351 1351 1350 1350 1349 1349 1350 1350 1351 1351 1352 1352 1353 1353 1352 1352 1351 1351 1352 1352 1353 1353 1354 1354 1355 1355 1356 1356 1357 1357 1357 1357 1358 1358 1355 1355 1359 1359 1355 1355 1358 1358 1355 1355 1359 1359 1353 1353 1360 1360 1353 1353 1359 1359 1353 1353 1360 1360 1354 1354 1361 1361 1362 1362 1363 1363 1364 1364 1363 1363 1362 1362 1363 1363 1364 1364 1356 1356 1365 1365 1356 1356 1364 1364 1356 1356 1365 1365 1357 1357 1366 1366 1367 1367 1361 1361 1368 1368 1361 1361 1367 1367 1361 1361 1368 1368 1362 1362 1331 1331 1369 1369 1330 1330 1370 1370 1330 1330 1369 1369 1330 1330 1370 1370 1371 1371 1372 1372 1371 1371 1370 1370 1371 1371 1372 1372 1373 1373 24 24 1373 1373 1372 1372 1373 1373 24 24 1374 1374 1375 1375 1374 1374 24 24 1374 1374 1375 1375 1376 1376 1377 1377 1376 1376 1375 1375 1376 1376 1377 1377 1378 1378 1379 1379 1378 1378 1377 1377 1378 1378 1379 1379 1380 1380 1381 1381 1380 1380 1379 1379 1380 1380 1381 1381 1366 1366 1382 1382 1366 1366 1381 1381 1366 1366 1382 1382 1367 1367 1383 1383 1384 1384 1385 1385 1386 1386 1387 1387 1388 1388 1389 1389 1388 1388 1387 1387 1385 1385 1384 1384 1386 1386 1390 1390 1386 1386 1384 1384 1386 1386 1390 1390 1387 1387 1383 1383 1385 1385 1391 1391 1392 1392 1391 1391 1385 1385 1391 1391 1392 1392 1393 1393 1394 1394 1393 1393 1392 1392 1393 1393 1394 1394 1395 1395 1395 1395 1394 1394 1396 1396 1397 1397 1396 1396 1394 1394 1396 1396 1397 1397 1398 1398 1398 1398 1397 1397 1399 1399 1400 1400 1399 1399 1397 1397 1399 1399 1400 1400 1401 1401 1402 1402 1401 1401 1400 1400 1401 1401 1402 1402 1403 1403 1404 1404 1403 1403 1402 1402 1403 1403 1404 1404 1405 1405 1406 1406 1405 1405 1404 1404 1405 1405 1406 1406 50 50 1407 1407 50 50 1406 1406 50 50 1407 1407 1408 1408 1409 1409 1408 1408 1407 1407 1408 1408 1409 1409 1410 1410 1411 1411 1410 1410 1409 1409 1410 1410 1411 1411 1412 1412 1413 1413 1414 1414 1415 1415 1415 1415 1416 1416 1413 1413 1417 1417 1413 1413 1416 1416 1413 1413 1417 1417 1411 1411 1418 1418 1411 1411 1417 1417 1411 1411 1418 1418 1412 1412 1419 1419 1420 1420 1421 1421 1422 1422 1421 1421 1420 1420 1421 1421 1422 1422 1414 1414 1423 1423 1414 1414 1422 1422 1414 1414 1423 1423 1415 1415 1424 1424 1425 1425 1419 1419 1426 1426 1419 1419 1425 1425 1419 1419 1426 1426 1420 1420 1389 1389 1427 1427 1388 1388 1428 1428 1388 1388 1427 1427 1388 1388 1428 1428 1429 1429 1430 1430 1429 1429 1428 1428 1429 1429 1430 1430 1431 1431 24 24 1431 1431 1430 1430 1431 1431 24 24 1432 1432 1433 1433 1432 1432 24 24 1432 1432 1433 1433 1434 1434 1435 1435 1434 1434 1433 1433 1434 1434 1435 1435 1436 1436 1437 1437 1436 1436 1435 1435 1436 1436 1437 1437 1438 1438 1439 1439 1438 1438 1437 1437 1438 1438 1439 1439 1424 1424 1440 1440 1424 1424 1439 1439 1424 1424 1440 1440 1425 1425 1441 1441 1442 1442 1443 1443 1444 1444 1443 1443 1442 1442 1443 1443 1444 1444 1445 1445 1446 1446 1447 1447 1443 1443 1448 1448 1443 1443 1447 1447 1443 1443 1448 1448 1441 1441 1449 1449 1450 1450 1443 1443 1451 1451 1443 1443 1450 1450 1443 1443 1451 1451 1446 1446 1452 1452 1453 1453 1443 1443 1454 1454 1443 1443 1453 1453 1443 1443 1454 1454 1449 1449 1455 1455 1456 1456 1443 1443 1457 1457 1443 1443 1456 1456 1443 1443 1457 1457 1452 1452 1458 1458 1459 1459 1443 1443 1460 1460 1443 1443 1459 1459 1443 1443 1460 1460 1455 1455 1461 1461 1462 1462 1443 1443 1463 1463 1443 1443 1462 1462 1443 1443 1463 1463 1458 1458 1445 1445 1464 1464 1443 1443 1465 1465 1443 1443 1464 1464 1443 1443 1465 1465 1461 1461</p>
        </triangles>
      </mesh>
    </geometry>
  </library_geometries>
  <library_materials>
    <material id="e286761b9ba34fa49d881c3645c1ada3" name="defaultmaterial">
      <instance_effect url="#2a0efa7f509d4eb5b4c95b3d2fe7a697"/>
    </material>
  </library_materials>
  <library_visual_scenes>
    <visual_scene id="scene">
      <node id="node0" name="node0">
        <instance_geometry url="#2df2b8e2fb304a448bcf071f04f3a8fc">
          <bind_material>
            <technique_common>
              <instance_material symbol="material0" target="#e286761b9ba34fa49d881c3645c1ada3"/>
            </technique_common>
          </bind_material>
        </instance_geometry>
      </node>
    </visual_scene>
  </library_visual_scenes>
  <scene>
    <instance_visual_scene url="#scene"/>
  </scene>
</COLLADA>
