<COLLADA xmlns="http://www.collada.org/2005/11/COLLADASchema" version="1.4.1">
  <asset>
    <created>2026-09-13T16:25:53.109098</created>
    <modified>2026-09-13T16:25:53.109098</modified>
    <up_axis>Y_UP</up_axis>
  </asset>
  <library_effects>
    <effect id="a97096d1483747c7ad295f25108d0c2d" name="a97096d1483747c7ad295f25108d0c2d">
      <profile_COMMON>
        <technique sid="common">
          <phong>
            <emission>
              <color>0.0 0.0 0.0 1.0</color>
            </emission>
            <ambient>
              <color>0.0 0.0 0.0 1.0</color>
            </ambient>
            <diffuse>
              <color>0.792156862745098 0.8196078431372549 0.9333333333333333 1.0</color>
            </diffuse>
            <specular>
              <color>0.0 0.0 0.0 1.0</color>
            </specular>
            <shininess>
              <float>0.0</float>
            </shininess>
            <reflective>
              <color>0.0 0.0 0.0 1.0</color>
            </reflective>
            <reflectivity>
              <float>0.0</float>
            </reflectivity>
            <transparent>
              <color>0.0 0.0 0.0 1.0</color>
            </transparent>
            <transparency>
              <float>1.0</float>
            </transparency>
          </phong>
        </technique>
        <extra>
          <technique profile="GOOGLEEARTH">
            <double_sided>0</double_sided>
          </technique>
        </extra>
      </profile_COMMON>
    </effect>
  </library_effects>
  <library_geometries>
    <geometry id="b2eb3b5c5ecc44a6a40e4f53daadd9b6" name="6435ddc5177f49e1b4c7c6175bb2d687">
      <mesh>
        <source id="verts-array">
          <float_array count="10893" id="verts-array-array">-0.08794754 0.004931172 0.02615469 -0.09094754 0.004931172 0.02615469 -0.08794754 -0.03385173 0.02615469 -0.09094754 -0.03185173 0.02615469 -0.09077714 -0.03314583 0.02615469 -0.006245039 -0.03685173 0.02615469 -0.006245039 -0.03385173 0.02615469 -0.08594754 -0.03685173 0.02615469 -0.08724164 -0.03668133 0.02615469 -0.08844754 -0.03618183 0.02615469 -0.09027764 -0.03435173 0.02615469 -0.08948304 -0.03538723 0.02615469 0.09094746 0.004931172 0.02615469 0.08794746 0.004931172 0.02615469 0.09094746 -0.03185173 0.02615469 0.08794746 -0.03385173 0.02615469 0.09077706 -0.03314583 0.02615469 0.09027756 -0.03435173 0.02615469 0.006244961 -0.03385173 0.02615469 0.006244961 -0.03685173 0.02615469 0.08594746 -0.03685173 0.02615469 0.08724156 -0.03668133 0.02615469 0.08844746 -0.03618183 0.02615469 0.08948296 -0.03538723 0.02615469 0.09060676 0.02350707 0.03874289 0.09037656 0.02378627 0.03948509 0.08794746 0.02378627 0.03948509 0.08801366 0.02471297 0.04322139 0.08794746 0.02472577 0.04329609 0.08960776 0.02429607 0.04115469 0.08888316 0.02454417 0.04223949 0.09086486 0.02293147 0.03743759 0.08794746 0.02203237 0.03578419 0.09094746 0.02225167 0.03615469 0.08794746 0.009005072 0.02657399 0.09094746 0.009005072 0.02657399 0.08794746 0.01290827 0.02781439 0.09094746 0.01290827 0.02781439 0.08794746 0.01647687 0.02982389 0.09094746 0.01647687 0.02982389 0.08794746 0.01956137 0.03251809 0.09094746 0.01956137 0.03251809 0.09094746 0.02203237 0.03578419 -0.09060684 0.02350707 0.03874289 -0.09086564 0.02292877 0.03743209 -0.08794754 0.02378627 0.03948509 -0.08794754 0.02203237 0.03578419 -0.08794754 0.02472577 0.04329609 -0.08801864 0.02471547 0.04322579 -0.08888574 0.02454347 0.04223619 -0.08960784 0.02429607 0.04115469 -0.09037664 0.02378627 0.03948509 -0.09094754 0.02225167 0.03615469 -0.09094754 0.02203237 0.03578419 -0.08794754 0.01956137 0.03251809 -0.09094754 0.01956137 0.03251809 -0.08794754 0.01647687 0.02982389 -0.09094754 0.01647687 0.02982389 -0.08794754 0.01290827 0.02781439 -0.09094754 0.01290827 0.02781439 -0.08794754 0.009005072 0.02657399 -0.09094754 0.009005072 0.02657399 0.07533746 0.04465097 0.04318539 0.07523566 0.04303717 0.04393119 0.07533786 0.04452537 0.04315469 0.07533786 0.04303717 0.04315469 0.07533686 0.04484097 0.04323179 0.07533646 0.04503717 0.04324469 0.07533686 0.04523357 0.04323179 0.07533756 0.04542537 0.04319359 0.07523566 0.05074349 0.04393119 0.07533786 0.04554887 0.04315469 0.07533786 0.05074349 0.04315469 0.07493596 0.05074349 0.04465469 0.07493596 0.04303717 0.04465469 0.07445916 0.05074349 0.04527599 0.07445916 0.04303717 0.04527599 0.07383786 0.05074349 0.04575279 0.07383786 0.04303717 0.04575279 0.07311426 0.05074349 0.04605249 0.07311426 0.04303717 0.04605249 0.07233786 0.05074349 0.04615469 0.07233786 0.04303717 0.04615469 0.07705406 0.03674917 -0.01084531 0.07784106 0.03549637 -0.01084531 0.07775916 0.03543517 -0.01162177 0.08468856 0.03087937 -0.01084531 0.08633186 0.03053147 -0.01084531 0.08631876 0.03043007 -0.01162177 0.07244666 0.04168217 -0.01384531 0.07233786 0.04303717 -0.01384531 0.07311426 0.04303717 -0.01374309 0.08350276 0.02807367 -0.01384531 0.08117196 0.02897467 -0.01384531 0.08372386 0.02881797 -0.01374309 0.08150896 0.02967417 -0.01374309 0.08392986 0.02951157 -0.01344339 0.08182306 0.03032597 -0.01344339 0.08410676 0.03010717 -0.01296663 0.08209276 0.03088577 -0.01296663 0.08424256 0.03056427 -0.01234531 0.08229966 0.03131527 -0.01234531 0.08432786 0.03085157 -0.01162177 0.08242976 0.03158527 -0.01162177 0.08435696 0.03094947 -0.01084531 0.07901476 0.03023607 -0.01384531 0.07708656 0.03182547 -0.01384531 0.07945916 0.03087287 -0.01374309 0.07762686 0.03238317 -0.01374309 0.07987316 0.03146617 -0.01344339 0.07813026 0.03290287 -0.01344339 0.08022876 0.03197567 -0.01296663 0.07856256 0.03334917 -0.01296663 0.08050156 0.03236667 -0.01234531 0.07889426 0.03369157 -0.01234531 0.08067306 0.03261247 -0.01162177 0.07910276 0.03390687 -0.01162177 0.07410736 0.03581827 -0.01384531 0.07313276 0.03811927 -0.01384531 0.07479586 0.03617737 -0.01374309 0.07386976 0.03836387 -0.01374309 0.07543736 0.03651197 -0.01344339 0.07455636 0.03859187 -0.01344339 0.07598826 0.03679927 -0.01296663 0.07514606 0.03878757 -0.01296663 0.07641096 0.03701977 -0.01234531 0.07559856 0.03893777 -0.01234531 0.07667666 0.03715837 -0.01162177 0.07588296 0.03903217 -0.01162177 0.07676726 0.03720567 -0.01084531 0.07253786 0.04054627 -0.01384531 0.07330436 0.04067017 -0.01374309 0.07401866 0.04078567 -0.01344339 0.07383786 0.04303717 -0.01344339 0.07463196 0.04088477 -0.01296663 0.07445916 0.04303717 -0.01296663 0.07510266 0.04096087 -0.01234531 0.07493596 0.04303717 -0.01234531 0.07539856 0.04100867 -0.01162177 0.07523566 0.04303717 -0.01162177 0.08628036 0.03013287 -0.01234531 0.08621926 0.02966007 -0.01296663 0.08613966 0.02904387 -0.01344339 0.08604696 0.02832627 -0.01374309 0.08594746 0.02755617 -0.01384531 0.08073156 0.03269627 -0.01084531 0.08166296 0.03215167 -0.01084531 0.08247416 0.03167737 -0.01084531 0.07904196 0.03413037 -0.01084531 0.07917396 0.03398027 -0.01084531 0.07751896 0.03525597 -0.01234531 0.07713686 0.03497087 -0.01296663 0.07663886 0.03459927 -0.01344339 0.07605896 0.03416657 -0.01374309 0.07543666 0.03370227 -0.01384531 0.07549946 0.04102497 -0.01084531 0.07580396 0.03978247 -0.01084531 0.07598006 0.03906447 -0.01084531 0.07533786 0.04303717 -0.01084531 0.07533786 0.05074349 -0.01084531 0.07523566 0.05074349 -0.01162177 0.07493596 0.05074349 -0.01234531 0.07445916 0.05074349 -0.01296663 0.07383786 0.05074349 -0.01344339 0.07311426 0.05074349 -0.01374309 0.07233786 0.05074349 -0.01384531 0.08639226 0.03052377 -0.01084391 0.08639816 0.03012037 -0.01233888 0.08630386 0.02903127 -0.01343557 0.08622606 0.02831507 -0.01373669 0.08613456 0.02754667 -0.01384181 0.08710906 0.02826737 -0.01360686 0.08705856 0.02750527 -0.01372029 0.08723846 0.02749867 -0.013665 0.08778406 0.02823937 -0.01339018 0.08776586 0.02747947 -0.01350292 0.08844146 0.02746027 -0.01316339 0.08858116 0.02821587 -0.01297974 0.08860036 0.02745577 -0.01308352 0.08915686 0.02820507 -0.01255006 0.08920126 0.02744317 -0.01264171 0.08946776 0.02743927 -0.01236607 0.08978296 0.02819947 -0.01189578 0.08985216 0.02743367 -0.01196836 0.09018986 0.02819907 -0.01129665 0.09027336 0.02742987 -0.01135272 0.09027686 0.02742987 -0.01134498 0.09057066 0.02820107 -0.01046482 0.09066566 0.02742797 -0.0105001 0.08640826 0.03041937 -0.0116176 0.08669086 0.03049027 -0.0107953 0.08684946 0.03037457 -0.01154209 0.08691946 0.03046947 -0.01070835 0.08718686 0.03034887 -0.0114186 0.08718906 0.03045037 -0.01054059 0.08758566 0.03032817 -0.011186 0.08738326 0.03044017 -0.01036387 0.08787416 0.03031957 -0.01094297 0.08759356 0.03043247 -0.01009453 0.08818856 0.03031637 -0.01057301 0.08772966 0.03042937 -0.009848275 0.08839326 0.03031767 -0.01023407 0.08785646 0.03042787 -0.009507235 0.08858526 0.03032127 -0.009763125 0.08791896 0.03042757 -0.009219325 0.08868046 0.03032387 -0.009364325 0.08636256 0.02964697 -0.01295887 0.08697776 0.03006867 -0.01223941 0.08706726 0.02959297 -0.01284105 0.08742066 0.03003997 -0.01208225 0.08760556 0.02956307 -0.01265575 0.08794456 0.03001807 -0.01178919 0.08824216 0.02954027 -0.01231069 0.08832406 0.03001017 -0.01148406 0.08870336 0.02953217 -0.01195159 0.08873846 0.03000917 -0.01101978 0.08920696 0.02953127 -0.01140524 0.08900916 0.03001277 -0.01059408 0.08953596 0.02953517 -0.01090421 0.08926336 0.03001917 -0.01000172 0.08984506 0.02954197 -0.01020692 0.08938966 0.03002347 -0.009499475 0.08999856 0.02954657 -0.009615585 0.08711206 0.02897897 -0.01330716 0.08772946 0.02894947 -0.01310148 0.08845916 0.02892617 -0.01271638 0.08898716 0.02891697 -0.01231488 0.08956296 0.02891447 -0.01170384 0.08993846 0.02891687 -0.01114374 0.09029086 0.02892207 -0.01036484 0.09046566 0.02892567 -0.009704765 0.09075916 0.02820297 -0.009760955 0.08794746 0.03042757 -0.008845315 0.08861336 0.03033987 -0.008845315 0.08872396 0.03032527 -0.008845315 0.08924106 0.03011107 -0.008845315 0.08944746 0.03002557 -0.008845315 0.08980266 0.02975307 -0.008845315 0.09006876 0.02954887 -0.008845315 0.09027306 0.02928267 -0.008845315 0.09054556 0.02892757 -0.008845315 0.09063106 0.02872117 -0.008845315 0.09084526 0.02820397 -0.008845315 0.09085976 0.02809347 -0.008845315 0.09076366 0.02742777 -0.01013579 0.09085926 0.02742757 -0.009780335 0.09094746 0.02742757 -0.008845315 0.09094746 0.02742757 0.03615469 0.09085976 0.02809347 0.03615469 0.09084526 0.02820397 0.03615469 0.09063106 0.02872117 0.03615469 0.09054556 0.02892757 0.03615469 0.09027306 0.02928267 0.03615469 0.09006876 0.02954887 0.03615469 0.08980266 0.02975307 0.03615469 0.08944746 0.03002557 0.03615469 0.08924106 0.03011107 0.03615469 0.08872396 0.03032527 0.03615469 0.08861336 0.03033987 0.03615469 0.08794746 0.03042757 0.03615469 0.08594656 0.02782567 0.04481319 0.08598246 0.02781937 0.04479469 0.08605886 0.02852777 0.04464809 0.08468406 0.03085807 0.04249479 0.08463826 0.03086947 0.04252409 0.08489616 0.03070757 0.04318649 0.09060276 0.02742947 0.03874209 0.09085516 0.02742767 0.03750999 0.09075446 0.02820217 0.03749579 0.08793386 0.03042757 0.03663979 0.08870786 0.03032457 0.03669359 0.08942886 0.03002457 0.03674369 0.09004796 0.02954767 0.03678679 0.09052306 0.02892657 0.03681979 0.09082156 0.02820347 0.03684059 0.09092346 0.02742757 0.03684769 0.09045916 0.02892407 0.03745499 0.08998906 0.02954467 0.03739039 0.08937626 0.03002167 0.03730629 0.08866216 0.03032277 0.03720839 0.08789526 0.03042767 0.03710339 0.09058996 0.02742957 0.03880469 0.09049416 0.02819847 0.03877499 0.09021146 0.02891607 0.03869419 0.08976076 0.02953437 0.03856759 0.08917226 0.03001197 0.03840369 0.08848506 0.03031707 0.03821349 0.08774526 0.03042917 0.03800969 0.09015346 0.02743747 0.04005969 0.09006736 0.02819797 0.04001169 0.08980646 0.02890877 0.03989029 0.08938766 0.02952347 0.03970329 0.08883846 0.03000187 0.03946309 0.08819476 0.03031267 0.03918539 0.08749846 0.03043557 0.03888819 0.08735976 0.03044127 0.03926219 0.08803196 0.03031287 0.03959819 0.08865186 0.02999927 0.03991249 0.08917916 0.02952057 0.04018479 0.08957986 0.02890787 0.04039749 0.08982826 0.02820057 0.04053689 0.08925176 0.02747277 0.04172589 0.08958916 0.02745817 0.04114399 0.08990806 0.02744447 0.04059399 0.08698866 0.03046407 0.04005449 0.08653746 0.03050657 0.04077969 0.08759856 0.03032307 0.04047089 0.08707456 0.03035397 0.04126749 0.08815576 0.03000307 0.04086109 0.08755836 0.03002857 0.04172559 0.08862546 0.02952417 0.04120069 0.08795926 0.02955017 0.04212589 0.08897796 0.02891637 0.04146829 0.08825286 0.02894817 0.04244389 0.08919126 0.02821797 0.04164709 0.08842116 0.02825917 0.04266029 0.08845386 0.02752547 0.04276179 0.08801766 0.02756307 0.04322489 0.08799156 0.02756527 0.04325269 0.08797686 0.02829317 0.04313979 0.08783556 0.02897727 0.04290529 0.08757626 0.02957607 0.04256329 0.08721456 0.03005367 0.04213439 0.08677226 0.03038117 0.04164459 0.08627596 0.03053877 0.04112329 0.08703436 0.02766977 0.04408879 0.08706076 0.02838727 0.04395649 0.08697746 0.02906227 0.04369119 0.08678946 0.02965487 0.04330839 0.08650776 0.03012977 0.04283079 0.08614906 0.03045907 0.04228679 0.08573476 0.03062317 0.04170859 0.08604186 0.02919457 0.04435769 0.08593266 0.02978047 0.04394059 0.08573756 0.03025107 0.04342139 0.08546806 0.03057867 0.04283049 0.08513996 0.03074407 0.04220269 0.08509536 0.02797467 0.04525389 0.08521676 0.02867707 0.04510119 0.08525756 0.02933807 0.04479629 0.08521526 0.02991857 0.04435719 0.08509236 0.03038417 0.04380979 0.08398716 0.03106557 0.04283309 0.08415706 0.03091417 0.04353339 0.08425996 0.03060027 0.04419159 0.08428956 0.03014277 0.04476789 0.08424426 0.02956927 0.04522759 0.08412666 0.02891437 0.04554309 0.08275046 0.02852037 0.04599079 0.08353156 0.02832207 0.04579739 0.08394386 0.02821737 0.04569519 0.08331236 0.03131037 0.04303999 0.08298776 0.03144387 0.04310159 0.08339416 0.03117707 0.04377379 0.08302836 0.03132207 0.04384989 0.08340196 0.03087767 0.04446169 0.08299076 0.03103137 0.04455019 0.08333516 0.03043087 0.04506059 0.08287736 0.03059047 0.04515779 0.08319786 0.02986457 0.04553319 0.08269546 0.03002767 0.04563359 0.08299886 0.02921417 0.04584989 0.08245676 0.02937887 0.04594739 0.08129566 0.02977907 0.04605249 0.08162016 0.03042577 0.04575279 0.08189876 0.03098117 0.04527599 0.08211256 0.03140727 0.04465469 0.08224696 0.03167517 0.04393119 0.08229276 0.03176647 0.04315469 0.08217656 0.02868567 0.04607889 0.08094746 0.02908507 0.04615469 0.07929286 0.03099057 0.04605249 0.07971496 0.03157817 0.04575279 0.08007756 0.03208277 0.04527599 0.08035566 0.03246997 0.04465469 0.08166166 0.03214827 0.04315469 0.08053056 0.03271337 0.04393119 0.08059016 0.03279637 0.04315469 0.07907086 0.03408127 0.04315469 0.07899886 0.03400867 0.04393119 0.07903436 0.03412357 0.04315469 0.07768996 0.03552887 0.04393119 0.07777246 0.03558917 0.04315469 0.07663656 0.03723597 0.04393119 0.07705606 0.03675017 0.04315469 0.07672756 0.03728257 0.04315469 0.07596196 0.03911927 0.04315469 0.07586476 0.03908747 0.04393119 0.07580196 0.03978187 0.04315469 0.07539386 0.04103747 0.04393119 0.07549486 0.04105347 0.04315469 0.07878786 0.03379587 0.04465469 0.07744816 0.03535177 0.04465469 0.07636986 0.03709917 0.04465469 0.07557996 0.03899437 0.04465469 0.07509796 0.04099027 0.04465469 0.07845226 0.03345717 0.04527599 0.07706346 0.03507017 0.04527599 0.07594566 0.03688157 0.04527599 0.07512676 0.03884627 0.04527599 0.07462716 0.04091527 0.04527599 0.07801486 0.03301597 0.04575279 0.07656206 0.03470317 0.04575279 0.07539286 0.03659807 0.04575279 0.07453616 0.03865317 0.04575279 0.07401356 0.04081757 0.04575279 0.07750556 0.03250207 0.04605249 0.07597826 0.03427587 0.04605249 0.07474906 0.03626787 0.04605249 0.07384846 0.03842837 0.04605249 0.07329896 0.04070367 0.04605249 0.07883976 0.03035997 0.04615469 0.07695896 0.03195057 0.04615469 0.07535166 0.03381727 0.04615469 0.07405816 0.03591347 0.04615469 0.07311046 0.03818717 0.04615469 0.07253216 0.04058157 0.04615469 -0.08353164 0.02832207 0.04579739 -0.08275054 0.02852037 0.04599079 -0.08299894 0.02921417 0.04584989 -0.08594664 0.02782567 0.04481319 -0.08509544 0.02797467 0.04525389 -0.08521684 0.02867707 0.04510119 -0.09085984 0.02809347 0.03615469 -0.09094754 0.02742757 0.03615469 -0.09092354 0.02742757 0.03684769 -0.09063114 0.02872117 0.03615469 -0.09084534 0.02820397 0.03615469 -0.09082164 0.02820347 0.03684059 -0.09027314 0.02928267 0.03615469 -0.09054564 0.02892757 0.03615469 -0.09052314 0.02892657 0.03681979 -0.08980274 0.02975307 0.03615469 -0.09006884 0.02954887 0.03615469 -0.09004804 0.02954767 0.03678679 -0.08924114 0.03011107 0.03615469 -0.08944754 0.03002557 0.03615469 -0.08942894 0.03002457 0.03674369 -0.08870794 0.03032457 0.03669359 -0.08872404 0.03032527 0.03615469 -0.08793394 0.03042757 0.03663979 -0.08794754 0.03042757 0.03615469 -0.08861344 0.03033987 0.03615469 -0.09085524 0.02742767 0.03750999 -0.09075454 0.02820217 0.03749579 -0.09060284 0.02742947 0.03874209 -0.09049424 0.02819847 0.03877499 -0.09059004 0.02742957 0.03880469 -0.09015354 0.02743747 0.04005969 -0.09006744 0.02819797 0.04001169 -0.08990814 0.02744447 0.04059399 -0.08982834 0.02820057 0.04053689 -0.08958924 0.02745817 0.04114399 -0.08919134 0.02821797 0.04164709 -0.08925184 0.02747277 0.04172589 -0.08845394 0.02752547 0.04276179 -0.08842124 0.02825917 0.04266029 -0.08801774 0.02756307 0.04322489 -0.08797694 0.02829317 0.04313979 -0.08799164 0.02756527 0.04325269 -0.08703444 0.02766977 0.04408879 -0.08706084 0.02838727 0.04395649 -0.08598254 0.02781937 0.04479469 -0.08605894 0.02852777 0.04464809 -0.09045924 0.02892407 0.03745499 -0.09021154 0.02891607 0.03869419 -0.08980654 0.02890877 0.03989029 -0.08957994 0.02890787 0.04039749 -0.08897804 0.02891637 0.04146829 -0.08825294 0.02894817 0.04244389 -0.08783564 0.02897727 0.04290529 -0.08697754 0.02906227 0.04369119 -0.08604194 0.02919457 0.04435769 -0.08998914 0.02954467 0.03739039 -0.08976084 0.02953437 0.03856759 -0.08938774 0.02952347 0.03970329 -0.08917924 0.02952057 0.04018479 -0.08862554 0.02952417 0.04120069 -0.08795934 0.02955017 0.04212589 -0.08757634 0.02957607 0.04256329 -0.08678954 0.02965487 0.04330839 -0.08593274 0.02978047 0.04394059 -0.08937634 0.03002167 0.03730629 -0.08917234 0.03001197 0.03840369 -0.08883854 0.03000187 0.03946309 -0.08865194 0.02999927 0.03991249 -0.08815584 0.03000307 0.04086109 -0.08755844 0.03002857 0.04172559 -0.08721464 0.03005367 0.04213439 -0.08650784 0.03012977 0.04283079 -0.08573764 0.03025107 0.04342139 -0.08866224 0.03032277 0.03720839 -0.08848514 0.03031707 0.03821349 -0.08819484 0.03031267 0.03918539 -0.08803204 0.03031287 0.03959819 -0.08759864 0.03032307 0.04047089 -0.08707464 0.03035397 0.04126749 -0.08677234 0.03038117 0.04164459 -0.08614914 0.03045907 0.04228679 -0.08546814 0.03057867 0.04283049 -0.08468414 0.03085807 0.04249479 -0.08514004 0.03074407 0.04220269 -0.08573484 0.03062317 0.04170859 -0.08627604 0.03053877 0.04112329 -0.08653754 0.03050657 0.04077969 -0.08698874 0.03046407 0.04005449 -0.08735984 0.03044127 0.03926219 -0.08749854 0.03043557 0.03888819 -0.08774534 0.03042917 0.03800969 -0.08789534 0.03042767 0.03710339 -0.08463834 0.03086947 0.04252409 -0.08489624 0.03070757 0.04318649 -0.08509244 0.03038417 0.04380979 -0.08521534 0.02991857 0.04435719 -0.08525764 0.02933807 0.04479629 -0.08398724 0.03106557 0.04283309 -0.08415714 0.03091417 0.04353339 -0.08426004 0.03060027 0.04419159 -0.08428964 0.03014277 0.04476789 -0.08424434 0.02956927 0.04522759 -0.08412674 0.02891437 0.04554309 -0.08394394 0.02821737 0.04569519 -0.08331244 0.03131037 0.04303999 -0.08339424 0.03117707 0.04377379 -0.08340204 0.03087767 0.04446169 -0.08333524 0.03043087 0.04506059 -0.08319794 0.02986457 0.04553319 -0.08298784 0.03144387 0.04310159 -0.08302844 0.03132207 0.04384989 -0.08299084 0.03103137 0.04455019 -0.08287744 0.03059047 0.04515779 -0.08269554 0.03002767 0.04563359 -0.08245684 0.02937887 0.04594739 -0.08217664 0.02868567 0.04607889 -0.08229284 0.03176647 0.04315469 -0.08224704 0.03167517 0.04393119 -0.08211264 0.03140727 0.04465469 -0.08189884 0.03098117 0.04527599 -0.08162024 0.03042577 0.04575279 -0.08129574 0.02977907 0.04605249 -0.08094754 0.02908507 0.04615469 -0.08604704 0.02832627 -0.01374309 -0.08594754 0.02755617 -0.01384531 -0.08613464 0.02754667 -0.01384181 -0.08621934 0.02966007 -0.01296663 -0.08613974 0.02904387 -0.01344339 -0.08630394 0.02903127 -0.01343557 -0.08631884 0.03043007 -0.01162177 -0.08628044 0.03013287 -0.01234531 -0.08639824 0.03012037 -0.01233888 -0.08633194 0.03053147 -0.01084531 -0.08640834 0.03041937 -0.0116176 -0.08622614 0.02831507 -0.01373669 -0.08705864 0.02750527 -0.01372029 -0.08710914 0.02826737 -0.01360686 -0.08723854 0.02749867 -0.013665 -0.08778414 0.02823937 -0.01339018 -0.08776594 0.02747947 -0.01350292 -0.08844154 0.02746027 -0.01316339 -0.08858124 0.02821587 -0.01297974 -0.08860044 0.02745577 -0.01308352 -0.08920134 0.02744317 -0.01264171 -0.08915694 0.02820507 -0.01255006 -0.08946784 0.02743927 -0.01236607 -0.08978304 0.02819947 -0.01189578 -0.08985224 0.02743367 -0.01196836 -0.09027344 0.02742987 -0.01135272 -0.09018994 0.02819907 -0.01129665 -0.09027694 0.02742987 -0.01134498 -0.09057074 0.02820107 -0.01046482 -0.09085934 0.02742757 -0.009780335 -0.09075924 0.02820297 -0.009760955 -0.09076374 0.02742777 -0.01013579 -0.09066574 0.02742797 -0.0105001 -0.08636264 0.02964697 -0.01295887 -0.08711214 0.02897897 -0.01330716 -0.08706734 0.02959297 -0.01284105 -0.08772954 0.02894947 -0.01310148 -0.08760564 0.02956307 -0.01265575 -0.08845924 0.02892617 -0.01271638 -0.08824224 0.02954027 -0.01231069 -0.08898724 0.02891697 -0.01231488 -0.08870344 0.02953217 -0.01195159 -0.08956304 0.02891447 -0.01170384 -0.08920704 0.02953127 -0.01140524 -0.08993854 0.02891687 -0.01114374 -0.08953604 0.02953517 -0.01090421 -0.09029094 0.02892207 -0.01036484 -0.08984514 0.02954197 -0.01020692 -0.09046574 0.02892567 -0.009704765 -0.08999864 0.02954657 -0.009615585 -0.08697784 0.03006867 -0.01223941 -0.08684954 0.03037457 -0.01154209 -0.08742074 0.03003997 -0.01208225 -0.08718694 0.03034887 -0.0114186 -0.08794464 0.03001807 -0.01178919 -0.08758574 0.03032817 -0.011186 -0.08832414 0.03001017 -0.01148406 -0.08787424 0.03031957 -0.01094297 -0.08873854 0.03000917 -0.01101978 -0.08818864 0.03031637 -0.01057301 -0.08900924 0.03001277 -0.01059408 -0.08839334 0.03031767 -0.01023407 -0.08926344 0.03001917 -0.01000172 -0.08858534 0.03032127 -0.009763125 -0.08938974 0.03002347 -0.009499475 -0.08868054 0.03032387 -0.009364325 -0.09094754 0.02742757 -0.008845315 -0.09085984 0.02809347 -0.008845315 -0.09084534 0.02820397 -0.008845315 -0.09063114 0.02872117 -0.008845315 -0.09054564 0.02892757 -0.008845315 -0.09027314 0.02928267 -0.008845315 -0.09006884 0.02954887 -0.008845315 -0.08980274 0.02975307 -0.008845315 -0.08944754 0.03002557 -0.008845315 -0.08924114 0.03011107 -0.008845315 -0.08872404 0.03032527 -0.008845315 -0.08861344 0.03033987 -0.008845315 -0.08639234 0.03052377 -0.01084391 -0.08669094 0.03049027 -0.0107953 -0.08691954 0.03046947 -0.01070835 -0.08718914 0.03045037 -0.01054059 -0.08738334 0.03044017 -0.01036387 -0.08759364 0.03043247 -0.01009453 -0.08772974 0.03042937 -0.009848275 -0.08785654 0.03042787 -0.009507235 -0.08791904 0.03042757 -0.009219325 -0.08794754 0.03042757 -0.008845315 -0.07533794 0.05074349 0.04315469 -0.07533794 0.04554887 0.04315469 -0.07523574 0.05074349 0.04393119 -0.07533754 0.04542337 0.04318539 -0.07533694 0.04523327 0.04323179 -0.07533654 0.04503717 0.04324469 -0.07523574 0.04303717 0.04393119 -0.07533694 0.04484077 0.04323179 -0.07533764 0.04464887 0.04319359 -0.07533794 0.04452537 0.04315469 -0.07533794 0.04303717 0.04315469 -0.07493604 0.04303717 0.04465469 -0.07493604 0.05074349 0.04465469 -0.07445924 0.04303717 0.04527599 -0.07445924 0.05074349 0.04527599 -0.07383794 0.04303717 0.04575279 -0.07383794 0.05074349 0.04575279 -0.07311434 0.04303717 0.04605249 -0.07311434 0.05074349 0.04605249 -0.07233794 0.04303717 0.04615469 -0.07233794 0.05074349 0.04615469 -0.07329904 0.04070367 0.04605249 -0.07401364 0.04081757 0.04575279 -0.07462724 0.04091527 0.04527599 -0.07509804 0.04099027 0.04465469 -0.08166174 0.03214827 0.04315469 -0.07549494 0.04105347 0.04315469 -0.07539394 0.04103747 0.04393119 -0.07586484 0.03908747 0.04393119 -0.07580204 0.03978187 0.04315469 -0.07596204 0.03911927 0.04315469 -0.07672764 0.03728257 0.04315469 -0.07663664 0.03723597 0.04393119 -0.07705614 0.03675017 0.04315469 -0.07769004 0.03552887 0.04393119 -0.07777254 0.03558917 0.04315469 -0.07903444 0.03412357 0.04315469 -0.07899894 0.03400867 0.04393119 -0.08059024 0.03279637 0.04315469 -0.07558004 0.03899437 0.04465469 -0.07636994 0.03709917 0.04465469 -0.07744824 0.03535177 0.04465469 -0.07878794 0.03379587 0.04465469 -0.08053064 0.03271337 0.04393119 -0.08035574 0.03246997 0.04465469 -0.07512684 0.03884627 0.04527599 -0.07594574 0.03688157 0.04527599 -0.07706354 0.03507017 0.04527599 -0.07845234 0.03345717 0.04527599 -0.08007764 0.03208277 0.04527599 -0.07453624 0.03865317 0.04575279 -0.07539294 0.03659807 0.04575279 -0.07656214 0.03470317 0.04575279 -0.07801494 0.03301597 0.04575279 -0.07971504 0.03157817 0.04575279 -0.07384854 0.03842837 0.04605249 -0.07474914 0.03626787 0.04605249 -0.07597834 0.03427587 0.04605249 -0.07750564 0.03250207 0.04605249 -0.07929294 0.03099057 0.04605249 -0.07253224 0.04058157 0.04615469 -0.07311054 0.03818717 0.04615469 -0.07405824 0.03591347 0.04615469 -0.07535174 0.03381727 0.04615469 -0.07695904 0.03195057 0.04615469 -0.07883984 0.03035997 0.04615469 -0.07907094 0.03408127 0.04315469 -0.08468864 0.03087937 -0.01084531 -0.08435704 0.03094947 -0.01084531 -0.08432794 0.03085157 -0.01162177 -0.08166304 0.03215167 -0.01084531 -0.08073164 0.03269627 -0.01084531 -0.08067314 0.03261247 -0.01162177 -0.07904204 0.03413037 -0.01084531 -0.07784114 0.03549637 -0.01084531 -0.07775924 0.03543517 -0.01162177 -0.07580404 0.03978247 -0.01084531 -0.07549954 0.04102497 -0.01084531 -0.07539864 0.04100867 -0.01162177 -0.08064414 0.02928337 -0.01384531 -0.08117204 0.02897467 -0.01384531 -0.08150904 0.02967417 -0.01374309 -0.07233794 0.04303717 -0.01384531 -0.07244674 0.04168217 -0.01384531 -0.07330444 0.04067017 -0.01374309 -0.07901484 0.03023607 -0.01384531 -0.07479594 0.03617737 -0.01374309 -0.07605904 0.03416657 -0.01374309 -0.07543744 0.03651197 -0.01344339 -0.07663894 0.03459927 -0.01344339 -0.07598834 0.03679927 -0.01296663 -0.07713694 0.03497087 -0.01296663 -0.07641104 0.03701977 -0.01234531 -0.07751904 0.03525597 -0.01234531 -0.07667674 0.03715837 -0.01162177 -0.07533794 0.04303717 -0.01084531 -0.07523574 0.04303717 -0.01162177 -0.07510274 0.04096087 -0.01234531 -0.07493604 0.04303717 -0.01234531 -0.07463204 0.04088477 -0.01296663 -0.07445924 0.04303717 -0.01296663 -0.07401874 0.04078567 -0.01344339 -0.07383794 0.04303717 -0.01344339 -0.07311434 0.04303717 -0.01374309 -0.07598014 0.03906447 -0.01084531 -0.07588304 0.03903217 -0.01162177 -0.07559864 0.03893777 -0.01234531 -0.07514614 0.03878757 -0.01296663 -0.07455644 0.03859187 -0.01344339 -0.07386984 0.03836387 -0.01374309 -0.07676734 0.03720567 -0.01084531 -0.07705414 0.03674917 -0.01084531 -0.07917404 0.03398027 -0.01084531 -0.07910284 0.03390687 -0.01162177 -0.07889434 0.03369157 -0.01234531 -0.07856264 0.03334917 -0.01296663 -0.07813034 0.03290287 -0.01344339 -0.07762694 0.03238317 -0.01374309 -0.07945924 0.03087287 -0.01374309 -0.07987324 0.03146617 -0.01344339 -0.08022884 0.03197567 -0.01296663 -0.08050164 0.03236667 -0.01234531 -0.08247424 0.03167737 -0.01084531 -0.08242984 0.03158527 -0.01162177 -0.08229974 0.03131527 -0.01234531 -0.08209284 0.03088577 -0.01296663 -0.08182314 0.03032597 -0.01344339 -0.07708664 0.03182547 -0.01384531 -0.07543674 0.03370227 -0.01384531 -0.07410744 0.03581827 -0.01384531 -0.07313284 0.03811927 -0.01384531 -0.07253794 0.04054627 -0.01384531 -0.08350284 0.02807367 -0.01384531 -0.08372394 0.02881797 -0.01374309 -0.08392994 0.02951157 -0.01344339 -0.08410684 0.03010717 -0.01296663 -0.08424264 0.03056427 -0.01234531 -0.07233794 0.05074349 -0.01384531 -0.07311434 0.05074349 -0.01374309 -0.07383794 0.05074349 -0.01344339 -0.07445924 0.05074349 -0.01296663 -0.07493604 0.05074349 -0.01234531 -0.07523574 0.05074349 -0.01162177 -0.07533794 0.05074349 -0.01084531 0.09094746 -0.03185173 -0.008845315 0.09077706 -0.03185173 -0.01013941 0.09027756 -0.03185173 -0.01134531 0.08948296 -0.03185173 -0.01238084 0.08594746 0.006116872 -0.01384531 0.08594746 -0.03185173 -0.01384531 0.08594746 -0.03139393 -0.01384531 0.08724156 -0.03185173 -0.01367494 0.08594746 -0.02261983 -0.01384531 0.08844746 -0.03185173 -0.01317544 -0.08724164 -0.03668133 -0.008845315 -0.08844754 -0.03618183 -0.008845315 -0.08719754 -0.03651683 -0.01013941 -0.08836234 -0.03603433 -0.01013941 -0.08706824 -0.03603433 -0.01134531 -0.08811264 -0.03560173 -0.01134531 -0.08686264 -0.03526683 -0.01238084 -0.08771534 -0.03491363 -0.01238084 -0.08659464 -0.03426653 -0.01317544 -0.08719754 -0.03401683 -0.01317544 -0.08628244 -0.03310173 -0.01367494 -0.08659464 -0.03297243 -0.01367494 -0.08594754 -0.03185173 -0.01384531 -0.08948304 -0.03538723 -0.008845315 -0.08936264 -0.03526683 -0.01013941 -0.08900944 -0.03491363 -0.01134531 -0.08844754 -0.03435173 -0.01238084 -0.08771534 -0.03361953 -0.01317544 -0.08686264 -0.03276683 -0.01367494 -0.08594754 -0.03685173 -0.008845315 -0.08594754 -0.03668133 -0.01013941 -0.08594754 -0.03618183 -0.01134531 -0.08594754 -0.03538723 -0.01238084 -0.08594754 -0.03435173 -0.01317544 -0.08594754 -0.03314583 -0.01367494 -0.09027764 -0.03435173 -0.008845315 -0.09077714 -0.03314583 -0.008845315 -0.09013014 -0.03426653 -0.01013941 -0.09061264 -0.03310173 -0.01013941 -0.08969754 -0.03401683 -0.01134531 -0.09013014 -0.03297243 -0.01134531 -0.08900944 -0.03361953 -0.01238084 -0.08936264 -0.03276683 -0.01238084 -0.08811264 -0.03310173 -0.01317544 -0.08836234 -0.03249873 -0.01317544 -0.08706824 -0.03249873 -0.01367494 -0.08719754 -0.03218663 -0.01367494 -0.09094754 -0.03185173 -0.008845315 -0.09077714 -0.03185173 -0.01013941 -0.09027764 -0.03185173 -0.01134531 -0.08948304 -0.03185173 -0.01238084 -0.08844754 -0.03185173 -0.01317544 -0.08724164 -0.03185173 -0.01367494 0.08594746 -0.03685173 -0.008845315 -0.08064414 -0.03185173 -0.01384531 -0.05192034 -0.03185173 -0.01384531 -0.02389004 -0.03185173 -0.01384531 -0.01189004 -0.03185173 -0.01384531 0.08594746 -0.03668133 -0.01013941 0.08594746 -0.03618183 -0.01134531 0.08594746 -0.03538723 -0.01238084 0.08594746 -0.03435173 -0.01317544 0.08594746 -0.03314583 -0.01367494 0.01188996 -0.03185173 -0.01384531 0.02388996 -0.03185173 -0.01384531 0.05192026 -0.03185173 -0.01384531 0.09077706 -0.03314583 -0.008845315 0.09027756 -0.03435173 -0.008845315 0.09061256 -0.03310173 -0.01013941 0.09013006 -0.03426653 -0.01013941 0.09013006 -0.03297243 -0.01134531 0.08969746 -0.03401683 -0.01134531 0.08936256 -0.03276683 -0.01238084 0.08900936 -0.03361953 -0.01238084 0.08836226 -0.03249873 -0.01317544 0.08811256 -0.03310173 -0.01317544 0.08719746 -0.03218663 -0.01367494 0.08706816 -0.03249873 -0.01367494 0.08948296 -0.03538723 -0.008845315 0.08936256 -0.03526683 -0.01013941 0.08900936 -0.03491363 -0.01134531 0.08844746 -0.03435173 -0.01238084 0.08771526 -0.03361953 -0.01317544 0.08686256 -0.03276683 -0.01367494 0.08844746 -0.03618183 -0.008845315 0.08724156 -0.03668133 -0.008845315 0.08836226 -0.03603433 -0.01013941 0.08719746 -0.03651683 -0.01013941 0.08811256 -0.03560173 -0.01134531 0.08706816 -0.03603433 -0.01134531 0.08771526 -0.03491363 -0.01238084 0.08686256 -0.03526683 -0.01238084 0.08719746 -0.03401683 -0.01317544 0.08659456 -0.03426653 -0.01317544 0.08659456 -0.03297243 -0.01367494 0.08628236 -0.03310173 -0.01367494 -0.08594754 0.006116872 -0.01384531 -0.08594754 -0.02261983 -0.01384531 -0.08594754 -0.03139393 -0.01384531 0.09094746 -0.03185173 0.02615469 0.09077706 -0.03314583 0.02615469 0.09027756 -0.03435173 0.02615469 0.08948296 -0.03538723 0.02615469 0.08844746 -0.03618183 0.02615469 0.08724156 -0.03668133 0.02615469 0.08594746 -0.03685173 0.02615469 -0.09094754 -0.03185173 0.02615469 -0.09077714 -0.03314583 0.02615469 -0.09027764 -0.03435173 0.02615469 -0.08948304 -0.03538723 0.02615469 -0.08844754 -0.03618183 0.02615469 -0.08724164 -0.03668133 0.02615469 -0.08594754 -0.03685173 0.02615469 0.08794746 0.02508717 0.04329609 0.08794746 0.02472577 0.04329609 0.08801366 0.02471297 0.04322139 0.09086486 0.02293147 0.03743759 0.09094746 0.02225167 0.03615469 0.09060676 0.02350707 0.03874289 0.09037656 0.02378627 0.03948509 0.08960776 0.02429607 0.04115469 0.08888316 0.02454417 0.04223949 0.08699216 0.02511257 0.04412099 0.08594746 0.02519887 0.04481499 0.08444556 0.02543207 0.04552289 0.08353566 0.02563777 0.04581399 0.08094746 0.02650827 0.04615469 0.08108016 0.02645837 0.04614569 0.08229986 0.02599877 0.04606279 -0.08094754 0.02650827 0.04615469 -0.08107834 0.02645347 0.04615379 -0.08230304 0.02599767 0.04606239 -0.08353574 0.02563777 0.04581399 -0.08444564 0.02543207 0.04552289 -0.08594754 0.02519887 0.04481499 -0.08801864 0.02471547 0.04322579 -0.08794754 0.02472577 0.04329609 -0.08794754 0.02508717 0.04329609 -0.08699734 0.02511227 0.04411709 -0.08888574 0.02454347 0.04223619 -0.08960784 0.02429607 0.04115469 -0.09037664 0.02378627 0.03948509 -0.09060684 0.02350707 0.03874289 -0.09086564 0.02292877 0.03743209 -0.09094754 0.02225167 0.03615469 0.08683676 0.03047657 0.03893159 0.08713796 0.03045357 -0.009845315 0.09094746 -0.02760173 0.02189109 0.09094746 -0.02723993 0.02174119 0.09094746 -0.02685173 0.02169009 0.09094746 -0.02791243 0.02212939 0.09094746 -0.02815073 0.02244009 0.09094746 0.01723827 0.02189109 0.09094746 0.01692757 0.02212939 0.09094746 -0.02610173 0.02189109 0.09094746 -0.02830063 0.02280189 0.09094746 -0.02835173 0.02319009 0.09094746 -0.02830063 0.02357829 0.09094746 -0.02815073 0.02394009 0.09094746 -0.02791243 0.02425079 0.09094746 -0.02760173 0.02448909 0.09094746 0.01798827 0.02169009 0.09094746 0.01760007 0.02174119 0.09094746 0.01928727 0.02244009 0.09094746 0.01904897 0.02212939 0.09094746 -0.02610173 0.02448909 0.09094746 -0.02579103 0.02425079 0.09094746 0.004931172 0.02615469 0.09094746 -0.02555273 0.02394009 0.09094746 -0.02540283 0.02357829 0.09094746 -0.02535173 0.02319009 0.09094746 -0.02646353 0.02174119 0.09094746 0.01723827 0.02448909 0.09094746 0.01760007 0.02463899 0.09094746 0.01647687 0.02982389 0.09094746 -0.02723993 0.02463899 0.09094746 -0.02685173 0.02469009 0.09094746 -0.02646353 0.02463899 0.09094746 0.01873827 0.02189109 0.09094746 0.01837647 0.02174119 0.09094746 0.01956137 0.03251809 0.09094746 0.01798827 0.02469009 0.09094746 0.02203237 0.03578419 0.09094746 0.01928727 0.02394009 0.09094746 0.01943717 0.02357829 0.09094746 0.01948827 0.02319009 0.09094746 0.01943717 0.02280189 0.09094746 0.01837647 0.02463899 0.09094746 0.01873827 0.02448909 0.09094746 0.01904897 0.02425079 0.09094746 0.01668927 0.02244009 0.09094746 0.01653937 0.02280189 0.09094746 -0.02579103 0.02212939 0.09094746 -0.02555273 0.02244009 0.09094746 0.01692757 0.02425079 0.09094746 0.01290827 0.02781439 0.09094746 0.01668927 0.02394009 0.09094746 0.009005072 0.02657399 0.09094746 0.01653937 0.02357829 0.09094746 0.01648827 0.02319009 0.09094746 -0.02540283 0.02280189 -0.06999754 0.05074349 0.04615469 -0.06999754 0.04303717 0.04615469 -0.07034244 0.03953527 0.04615469 -0.07136394 0.03616797 0.04615469 -0.07797504 0.02811227 0.04615469 -0.07525494 0.03034457 0.04615469 -0.07302264 0.03306467 0.04615469 -0.08064414 -0.03139393 -0.01384531 -0.05192034 -0.03139393 -0.01384531 0.02388996 -0.03139393 -0.01384531 0.05192026 -0.03139393 -0.01384531 -0.06999754 0.04303717 -0.01384531 -0.05192034 0.04303717 -0.01384531 -0.05192034 0.04168217 -0.01384531 0.02214416 0.04303717 -0.01384531 0.02388996 0.04303717 -0.01384531 0.02388996 0.04168217 -0.01384531 0.05192026 0.04168217 -0.01384531 0.05192026 0.04303717 -0.01384531 0.06999746 0.04303717 -0.01384531 0.07244666 0.04168217 -0.01384531 0.06999746 0.05074349 -0.01384531 0.01188996 0.05846617 -0.01384531 0.01627996 0.05532715 -0.01384531 0.01633106 0.05493892 -0.01384531 0.01816816 0.05387826 -0.01384531 0.01852996 0.05402811 -0.01384531 0.01884066 0.05426649 -0.01384531 0.01907896 0.05457715 -0.01384531 0.01922886 0.05493892 -0.01384531 0.02214416 0.05846617 -0.01384531 0.01927996 0.05532715 -0.01384531 0.01922886 0.05571538 -0.01384531 0.01188996 0.04168217 -0.01384531 0.01648096 0.05457715 -0.01384531 0.01671926 0.05426649 -0.01384531 0.01907896 0.05607715 -0.01384531 0.01884066 0.05638781 -0.01384531 0.01852996 0.05662619 -0.01384531 0.01702996 0.05662619 -0.01384531 0.01671926 0.05638781 -0.01384531 0.01702996 0.05402811 -0.01384531 0.01739176 0.05387826 -0.01384531 0.01777996 0.05382715 -0.01384531 0.01816816 0.05677604 -0.01384531 0.01777996 0.05682715 -0.01384531 0.01739176 0.05677604 -0.01384531 0.01648096 0.05607715 -0.01384531 0.01633106 0.05571538 -0.01384531 -0.01628004 0.05532715 -0.01384531 -0.01633114 0.05571538 -0.01384531 -0.01189004 0.05846617 -0.01384531 -0.01739184 0.05387826 -0.01384531 -0.01703004 0.05402811 -0.01384531 -0.01189004 0.04168217 -0.01384531 -0.01778004 0.05382715 -0.01384531 -0.02214424 0.05846617 -0.01384531 -0.01928004 0.05532715 -0.01384531 -0.02214424 0.04303717 -0.01384531 -0.01922894 0.05493892 -0.01384531 -0.01907904 0.05457715 -0.01384531 -0.01671934 0.05426649 -0.01384531 -0.01648104 0.05457715 -0.01384531 -0.01633114 0.05493892 -0.01384531 -0.01884074 0.05426649 -0.01384531 -0.01853004 0.05402811 -0.01384531 -0.01816824 0.05387826 -0.01384531 -0.01648104 0.05607715 -0.01384531 -0.01671934 0.05638781 -0.01384531 -0.01703004 0.05662619 -0.01384531 -0.01739184 0.05677604 -0.01384531 -0.01778004 0.05682715 -0.01384531 -0.01816824 0.05677604 -0.01384531 -0.01853004 0.05662619 -0.01384531 -0.01884074 0.05638781 -0.01384531 -0.01907904 0.05607715 -0.01384531 -0.01922894 0.05571538 -0.01384531 -0.02389004 0.04168217 -0.01384531 -0.02389004 0.04303717 -0.01384531 -0.06999754 0.05074349 -0.01384531 -0.07244674 0.04168217 -0.01384531 -0.07459064 0.02933617 -0.01384531 -0.07490134 0.02909777 -0.01384531 -0.07459064 0.02673807 -0.01384531 -0.08064414 0.006116872 -0.01384531 -0.07490134 0.02697647 -0.01384531 -0.07513974 0.02728717 -0.01384531 -0.05192034 0.006116872 -0.01384531 -0.07309064 0.02673807 -0.01384531 -0.07278004 0.02697647 -0.01384531 -0.07528954 0.02764897 -0.01384531 -0.08064414 0.02928337 -0.01384531 -0.07534064 0.02803717 -0.01384531 -0.07254164 0.02728717 -0.01384531 -0.07239174 0.02764897 -0.01384531 -0.07234064 0.02803717 -0.01384531 -0.07239174 0.02842537 -0.01384531 -0.07513974 0.02878717 -0.01384531 -0.07528954 0.02842537 -0.01384531 -0.07422884 0.02658827 -0.01384531 -0.07384064 0.02653717 -0.01384531 -0.07345244 0.02658827 -0.01384531 -0.07254164 0.02878717 -0.01384531 -0.07278004 0.02909777 -0.01384531 -0.07309064 0.02933617 -0.01384531 -0.07345244 0.02948607 -0.01384531 -0.07422884 0.02948607 -0.01384531 -0.07384064 0.02953717 -0.01384531 0.05192026 0.006116872 -0.01384531 0.07254156 0.02728717 -0.01384531 0.07277996 0.02697647 -0.01384531 0.07309056 0.02933617 -0.01384531 0.07277996 0.02909777 -0.01384531 0.07254156 0.02878717 -0.01384531 0.07309056 0.02673807 -0.01384531 0.07345236 0.02658827 -0.01384531 0.07384056 0.02653717 -0.01384531 0.07422876 0.02658827 -0.01384531 0.07459056 0.02673807 -0.01384531 0.07490126 0.02697647 -0.01384531 0.07239166 0.02842537 -0.01384531 0.07234056 0.02803717 -0.01384531 0.07239166 0.02764897 -0.01384531 0.07513966 0.02728717 -0.01384531 0.07528946 0.02764897 -0.01384531 0.07534056 0.02803717 -0.01384531 0.07528946 0.02842537 -0.01384531 0.07513966 0.02878717 -0.01384531 0.07490126 0.02909777 -0.01384531 0.07459056 0.02933617 -0.01384531 0.07422876 0.02948607 -0.01384531 0.07384056 0.02953717 -0.01384531 0.07345236 0.02948607 -0.01384531 -0.01189004 -0.03139393 -0.01384531 0.01188996 -0.03139393 -0.01384531 0.05192026 -0.02261983 -0.01384531 0.007499961 -0.02793623 -0.01384531 0.01188996 -0.02261983 -0.01384531 0.007499961 -0.03093623 -0.01384531 -0.007500039 -0.03093623 -0.01384531 -0.007500039 -0.02793623 -0.01384531 -0.01189004 -0.02261983 -0.01384531 -0.02389004 -0.03139393 -0.01384531 -0.05192034 -0.02261983 -0.01384531 -0.02389004 -0.02261983 -0.01384531 0.07513966 -0.01505343 -0.01384531 0.07490126 -0.01474283 -0.01384531 0.07459056 -0.01450443 -0.01384531 0.07239166 -0.01619173 -0.01384531 0.07254156 -0.01655343 -0.01384531 0.07277996 -0.01686413 -0.01384531 0.07309056 -0.01710253 -0.01384531 0.07309056 -0.01450443 -0.01384531 0.07277996 -0.01474283 -0.01384531 0.07345236 -0.01725233 -0.01384531 0.07384056 -0.01730343 -0.01384531 0.07422876 -0.01725233 -0.01384531 0.07422876 -0.01435463 -0.01384531 0.07384056 -0.01430343 -0.01384531 0.07345236 -0.01435463 -0.01384531 0.07254156 -0.01505343 -0.01384531 0.07239166 -0.01541523 -0.01384531 0.07234056 -0.01580343 -0.01384531 0.07459056 -0.01710253 -0.01384531 0.07490126 -0.01686413 -0.01384531 0.07513966 -0.01655343 -0.01384531 0.07528946 -0.01619173 -0.01384531 0.07534056 -0.01580343 -0.01384531 0.07528946 -0.01541523 -0.01384531 0.03129896 -0.01505343 -0.01384531 0.03106066 -0.01474283 -0.01384531 0.03038816 -0.01725233 -0.01384531 0.03074996 -0.01710253 -0.01384531 0.03106066 -0.01686413 -0.01384531 0.03129896 -0.01655343 -0.01384531 0.02961176 -0.01435463 -0.01384531 0.02924996 -0.01450443 -0.01384531 0.02388996 0.006116872 -0.01384531 0.02893926 -0.01474283 -0.01384531 0.02855106 -0.01619173 -0.01384531 0.02870096 -0.01655343 -0.01384531 0.02388996 -0.02261983 -0.01384531 0.02893926 -0.01686413 -0.01384531 0.03144886 -0.01619173 -0.01384531 0.03149996 -0.01580343 -0.01384531 0.03144886 -0.01541523 -0.01384531 0.02870096 -0.01505343 -0.01384531 0.02855106 -0.01541523 -0.01384531 0.02849996 -0.01580343 -0.01384531 0.02924996 -0.01710253 -0.01384531 0.02961176 -0.01725233 -0.01384531 0.02999996 -0.01730343 -0.01384531 0.03074996 -0.01450443 -0.01384531 0.03038816 -0.01435463 -0.01384531 0.02999996 -0.01430343 -0.01384531 -0.03075004 -0.01450443 -0.01384531 -0.03106074 -0.01474283 -0.01384531 -0.02961184 -0.01725233 -0.01384531 -0.02925004 -0.01710253 -0.01384531 -0.02893934 -0.01686413 -0.01384531 -0.02870104 -0.01655343 -0.01384531 -0.02870104 -0.01505343 -0.01384531 -0.02893934 -0.01474283 -0.01384531 -0.02389004 0.006116872 -0.01384531 -0.02925004 -0.01450443 -0.01384531 -0.03150004 -0.01580343 -0.01384531 -0.03144894 -0.01541523 -0.01384531 -0.03129904 -0.01505343 -0.01384531 -0.03144894 -0.01619173 -0.01384531 -0.03129904 -0.01655343 -0.01384531 -0.03106074 -0.01686413 -0.01384531 -0.03075004 -0.01710253 -0.01384531 -0.03038824 -0.01725233 -0.01384531 -0.03000004 -0.01730343 -0.01384531 -0.02961184 -0.01435463 -0.01384531 -0.03000004 -0.01430343 -0.01384531 -0.03038824 -0.01435463 -0.01384531 -0.02855114 -0.01619173 -0.01384531 -0.02850004 -0.01580343 -0.01384531 -0.02855114 -0.01541523 -0.01384531 -0.07254164 -0.01505343 -0.01384531 -0.07278004 -0.01474283 -0.01384531 -0.07490134 -0.01686413 -0.01384531 -0.08064414 -0.02261983 -0.01384531 -0.07513974 -0.01655343 -0.01384531 -0.07528954 -0.01619173 -0.01384531 -0.07459064 -0.01710253 -0.01384531 -0.07422884 -0.01725233 -0.01384531 -0.07384064 -0.01730343 -0.01384531 -0.07309064 -0.01450443 -0.01384531 -0.07345244 -0.01435463 -0.01384531 -0.07384064 -0.01430343 -0.01384531 -0.07345244 -0.01725233 -0.01384531 -0.07422884 -0.01435463 -0.01384531 -0.07459064 -0.01450443 -0.01384531 -0.07490134 -0.01474283 -0.01384531 -0.07513974 -0.01505343 -0.01384531 -0.07528954 -0.01541523 -0.01384531 -0.07534064 -0.01580343 -0.01384531 -0.07309064 -0.01710253 -0.01384531 -0.07278004 -0.01686413 -0.01384531 -0.07254164 -0.01655343 -0.01384531 -0.07239174 -0.01619173 -0.01384531 -0.07234064 -0.01580343 -0.01384531 -0.07239174 -0.01541523 -0.01384531 0.03144886 0.02842537 -0.01384531 0.03129896 0.02878717 -0.01384531 0.02855106 0.02764897 -0.01384531 0.02849996 0.02803717 -0.01384531 0.03074996 0.02673807 -0.01384531 0.03106066 0.02697647 -0.01384531 0.02870096 0.02728717 -0.01384531 0.02893926 0.02697647 -0.01384531 0.02924996 0.02673807 -0.01384531 0.02961176 0.02658827 -0.01384531 0.02999996 0.02653717 -0.01384531 0.03038816 0.02658827 -0.01384531 0.03129896 0.02728717 -0.01384531 0.03144886 0.02764897 -0.01384531 0.03149996 0.02803717 -0.01384531 0.02999996 0.02953717 -0.01384531 0.02961176 0.02948607 -0.01384531 0.02924996 0.02933617 -0.01384531 0.02893926 0.02909777 -0.01384531 0.02870096 0.02878717 -0.01384531 0.02855106 0.02842537 -0.01384531 0.03106066 0.02909777 -0.01384531 0.03074996 0.02933617 -0.01384531 0.03038816 0.02948607 -0.01384531 0.01188996 0.006116872 -0.01384531 -0.01189004 0.006116872 -0.01384531 -0.03129904 0.02728717 -0.01384531 -0.03106074 0.02697647 -0.01384531 -0.03106074 0.02909777 -0.01384531 -0.03129904 0.02878717 -0.01384531 -0.03144894 0.02842537 -0.01384531 -0.03150004 0.02803717 -0.01384531 -0.03144894 0.02764897 -0.01384531 -0.03075004 0.02673807 -0.01384531 -0.03038824 0.02658827 -0.01384531 -0.03000004 0.02653717 -0.01384531 -0.02961184 0.02658827 -0.01384531 -0.02925004 0.02673807 -0.01384531 -0.02893934 0.02697647 -0.01384531 -0.02870104 0.02728717 -0.01384531 -0.02870104 0.02878717 -0.01384531 -0.02893934 0.02909777 -0.01384531 -0.02925004 0.02933617 -0.01384531 -0.02961184 0.02948607 -0.01384531 -0.02855114 0.02764897 -0.01384531 -0.02850004 0.02803717 -0.01384531 -0.02855114 0.02842537 -0.01384531 -0.03000004 0.02953717 -0.01384531 -0.03038824 0.02948607 -0.01384531 -0.03075004 0.02933617 -0.01384531 -0.08794754 -0.02791243 0.02425079 -0.08794754 -0.02760173 0.02448909 -0.08794754 -0.03385173 0.02615469 -0.08794754 0.01928727 0.02244009 -0.08794754 0.01904897 0.02212939 -0.08794754 0.02508717 -0.01084531 -0.08794754 0.01873827 0.02189109 -0.08794754 0.01837647 0.02174119 -0.08794754 0.01798827 0.02169009 -0.08794754 0.006116872 -0.01084531 -0.08794754 0.01668927 0.02244009 -0.08794754 0.01653937 0.02280189 -0.08794754 -0.02685173 0.02169009 -0.08794754 -0.02760173 0.02189109 -0.08794754 -0.02791243 0.02212939 -0.08794754 -0.03385173 -0.01084531 -0.08794754 -0.02815073 0.02244009 -0.08794754 -0.02830063 0.02280189 -0.08794754 -0.02835173 0.02319009 -0.08794754 -0.02830063 0.02357829 -0.08794754 -0.02815073 0.02394009 -0.08794754 -0.02610173 0.02448909 -0.08794754 -0.02579103 0.02425079 -0.08794754 0.004931172 0.02615469 -0.08794754 -0.02555273 0.02394009 -0.08794754 -0.02540283 0.02357829 -0.08794754 -0.02535173 0.02319009 -0.08794754 -0.02723993 0.02463899 -0.08794754 -0.02685173 0.02469009 -0.08794754 -0.02646353 0.02463899 -0.08794754 -0.02723993 0.02174119 -0.08794754 -0.03239393 -0.01084531 -0.08794754 -0.02261983 -0.01084531 -0.08794754 0.02508717 0.04329609 -0.08794754 0.01904897 0.02425079 -0.08794754 0.01928727 0.02394009 -0.08794754 0.01943717 0.02357829 -0.08794754 0.01948827 0.02319009 -0.08794754 0.01943717 0.02280189 -0.08794754 0.01760007 0.02174119 -0.08794754 0.01723827 0.02189109 -0.08794754 0.01692757 0.02212939 -0.08794754 0.02472577 0.04329609 -0.08794754 0.02378627 0.03948509 -0.08794754 0.01873827 0.02448909 -0.08794754 0.01837647 0.02463899 -0.08794754 0.02203237 0.03578419 -0.08794754 0.01798827 0.02469009 -0.08794754 0.01956137 0.03251809 -0.08794754 0.01760007 0.02463899 -0.08794754 0.01647687 0.02982389 -0.08794754 0.01723827 0.02448909 -0.08794754 -0.02555273 0.02244009 -0.08794754 -0.02579103 0.02212939 -0.08794754 -0.02610173 0.02189109 -0.08794754 -0.02646353 0.02174119 -0.08794754 0.01692757 0.02425079 -0.08794754 0.01290827 0.02781439 -0.08794754 0.01668927 0.02394009 -0.08794754 0.009005072 0.02657399 -0.08794754 0.01653937 0.02357829 -0.08794754 0.01648827 0.02319009 -0.08794754 -0.02540283 0.02280189 -0.01189004 -0.03385173 -0.01084531 -0.01175884 -0.03385173 -0.005811245 -0.01150004 -0.03385173 -0.005845315 -0.04575004 -0.03385173 0.02495369 -0.04606074 -0.03385173 0.02471539 -0.08794754 -0.03385173 0.02615469 -0.04629904 -0.03385173 0.02440469 -0.04644894 -0.03385173 0.02404289 0.04424996 -0.03385173 0.02495369 0.04393926 -0.03385173 0.02471539 0.006244961 -0.03385173 0.02615469 -0.01246594 -0.03385173 -0.004586495 -0.04606074 -0.03385173 0.02259399 -0.01236604 -0.03385173 -0.004345315 -0.04575004 -0.03385173 0.02235569 -0.01220714 -0.03385173 -0.004138205 -0.02389004 -0.03385173 -0.01084531 -0.01220714 -0.03385173 -0.005552425 -0.01200004 -0.03385173 -0.005711335 -0.04629904 -0.03385173 0.02290469 -0.08794754 -0.03385173 -0.01084531 -0.04644894 -0.03385173 0.02326649 -0.04650004 -0.03385173 0.02365469 -0.01150004 -0.03385173 -0.003845315 -0.01175884 -0.03385173 -0.003879385 -0.01200004 -0.03385173 -0.003979295 -0.04538824 -0.03385173 0.02220579 -0.04500004 -0.03385173 0.02215469 -0.04461184 -0.03385173 0.02220579 -0.04425004 -0.03385173 0.02235569 -0.04393934 -0.03385173 0.02259399 -0.04370104 -0.03385173 0.02290469 0.04629896 -0.03385173 0.02440469 0.04606066 -0.03385173 0.02471539 0.08794746 -0.03385173 0.02615469 0.04574996 -0.03385173 0.02495369 0.04538816 -0.03385173 0.02510359 0.04499996 -0.03385173 0.02515469 0.04461176 -0.03385173 0.02510359 -0.08164414 -0.03385173 -0.01084531 -0.05192034 -0.03385173 -0.01084531 0.01124116 -0.03385173 -0.003879385 0.005445121 -0.03385173 0.01529379 0.01149996 -0.03385173 -0.003845315 0.006723891 -0.03385173 0.01682009 0.007586111 -0.03385173 0.01861499 -0.04425004 -0.03385173 0.02495369 -0.006245039 -0.03385173 0.02615469 -0.04393934 -0.03385173 0.02471539 -0.04370104 -0.03385173 0.02440469 -0.04461184 -0.03385173 0.02510359 -0.04500004 -0.03385173 0.02515469 -0.04538824 -0.03385173 0.02510359 -0.01250004 -0.03385173 -0.004845315 -0.01246594 -0.03385173 -0.005104135 -0.01236604 -0.03385173 -0.005345315 -0.01053414 -0.03385173 -0.004586495 -0.01063404 -0.03385173 -0.004345315 0.01079286 -0.03385173 -0.004138205 -0.003829089 -0.03385173 0.01413059 -0.001975759 -0.03385173 0.01340249 -3.880569e-08 -0.03385173 0.01315469 0.01099996 -0.03385173 -0.003979295 0.001975681 -0.03385173 0.01340249 0.003829011 -0.03385173 0.01413059 -0.01124124 -0.03385173 -0.005811245 -0.01100004 -0.03385173 -0.005711335 0.01188996 -0.03385173 -0.01084531 -0.01079294 -0.03385173 -0.005552425 -0.01063404 -0.03385173 -0.005345315 0.04644886 -0.03385173 0.02326649 0.04649996 -0.03385173 0.02365469 0.04644886 -0.03385173 0.02404289 0.04370096 -0.03385173 0.02440469 0.04355106 -0.03385173 0.02404289 0.007286341 -0.03385173 0.02445749 0.007876321 -0.03385173 0.02255569 -0.007876399 -0.03385173 0.02255569 -0.04355114 -0.03385173 0.02326649 -0.007286419 -0.03385173 0.02445749 -0.04350004 -0.03385173 0.02365469 -0.04355114 -0.03385173 0.02404289 -0.005445199 -0.03385173 0.01529379 -0.01079294 -0.03385173 -0.004138205 -0.007978429 -0.03385173 0.02056709 -0.01053414 -0.03385173 -0.005104135 0.01063396 -0.03385173 -0.005345315 0.01079286 -0.03385173 -0.005552425 0.007978351 -0.03385173 0.02056709 0.01175876 -0.03385173 -0.003879385 0.01199996 -0.03385173 -0.003979295 0.01220706 -0.03385173 -0.004138205 0.01099996 -0.03385173 -0.005711335 0.01124116 -0.03385173 -0.005811245 0.01149996 -0.03385173 -0.005845315 -0.01100004 -0.03385173 -0.003979295 -0.01124124 -0.03385173 -0.003879385 -0.006723969 -0.03385173 0.01682009 -0.007586189 -0.03385173 0.01861499 0.01236596 -0.03385173 -0.005345315 0.01246586 -0.03385173 -0.005104135 0.04355106 -0.03385173 0.02326649 0.01249996 -0.03385173 -0.004845315 0.01246586 -0.03385173 -0.004586495 0.04349996 -0.03385173 0.02365469 0.01236596 -0.03385173 -0.004345315 0.04629896 -0.03385173 0.02290469 0.08794746 -0.03385173 -0.01084531 0.04606066 -0.03385173 0.02259399 0.01175876 -0.03385173 -0.005811245 0.01199996 -0.03385173 -0.005711335 0.02388996 -0.03385173 -0.01084531 0.01220706 -0.03385173 -0.005552425 0.04393926 -0.03385173 0.02259399 0.04370096 -0.03385173 0.02290469 0.04574996 -0.03385173 0.02235569 0.05192026 -0.03385173 -0.01084531 0.04538816 -0.03385173 0.02220579 0.01063396 -0.03385173 -0.004345315 0.01053406 -0.03385173 -0.004586495 -0.01050004 -0.03385173 -0.004845315 0.01049996 -0.03385173 -0.004845315 0.01053406 -0.03385173 -0.005104135 0.04424996 -0.03385173 0.02235569 0.04461176 -0.03385173 0.02220579 0.04499996 -0.03385173 0.02215469 0.08794746 -0.03385173 0.02615469 0.08794746 -0.02723993 0.02463899 0.08794746 -0.02760173 0.02448909 0.08794746 -0.02791243 0.02425079 0.08794746 -0.02815073 0.02394009 0.08794746 -0.02830063 0.02357829 0.08794746 -0.02835173 0.02319009 0.08794746 -0.02830063 0.02280189 0.08794746 -0.03385173 -0.01084531 0.08794746 -0.02815073 0.02244009 0.08794746 -0.02791243 0.02212939 0.08794746 0.01723827 0.02448909 0.08794746 0.01692757 0.02425079 0.08794746 -0.02646353 0.02463899 0.08794746 0.004931172 0.02615469 0.08794746 0.009005072 0.02657399 0.08794746 0.01760007 0.02463899 0.08794746 -0.02540283 0.02280189 0.08794746 -0.02535173 0.02319009 0.08794746 0.02508717 -0.01084531 0.08794746 0.01692757 0.02212939 0.08794746 0.01723827 0.02189109 0.08794746 0.01760007 0.02174119 0.08794746 0.01798827 0.02169009 0.08794746 0.01837647 0.02174119 0.08794746 0.01873827 0.02189109 0.08794746 0.01904897 0.02212939 0.08794746 0.01928727 0.02244009 0.08794746 0.01928727 0.02394009 0.08794746 0.01904897 0.02425079 0.08794746 0.02508717 0.04329609 0.08794746 0.01873827 0.02448909 0.08794746 0.006116872 -0.01084531 0.08794746 -0.02579103 0.02212939 0.08794746 -0.02555273 0.02244009 0.08794746 -0.02760173 0.02189109 0.08794746 -0.02723993 0.02174119 0.08794746 -0.03239393 -0.01084531 0.08794746 -0.02685173 0.02169009 0.08794746 -0.02261983 -0.01084531 0.08794746 -0.02646353 0.02174119 0.08794746 -0.02610173 0.02189109 0.08794746 0.01943717 0.02280189 0.08794746 0.01948827 0.02319009 0.08794746 0.01943717 0.02357829 0.08794746 0.02472577 0.04329609 0.08794746 0.02378627 0.03948509 0.08794746 0.02203237 0.03578419 0.08794746 0.01837647 0.02463899 0.08794746 0.01956137 0.03251809 0.08794746 0.01798827 0.02469009 0.08794746 0.01647687 0.02982389 0.08794746 0.01290827 0.02781439 0.08794746 0.01648827 0.02319009 0.08794746 0.01653937 0.02280189 0.08794746 0.01668927 0.02244009 0.08794746 -0.02685173 0.02469009 0.08794746 0.01653937 0.02357829 0.08794746 -0.02555273 0.02394009 0.08794746 -0.02579103 0.02425079 0.08794746 0.01668927 0.02394009 0.08794746 -0.02610173 0.02448909 0.08794746 -0.02540283 0.02357829 0.08229986 0.02599877 0.04606279 0.08108016 0.02645837 0.04614569 0.08107826 0.02645347 -0.01084531 0.08094746 0.02650827 0.04615469 0.07797496 0.02811227 -0.01084531 0.08794746 0.02508717 -0.01084531 0.08794746 0.02508717 0.04329609 0.08444556 0.02543207 -0.01084531 0.08699216 0.02511257 0.04412099 0.08594746 0.02519887 0.04481499 0.08444556 0.02543207 0.04552289 0.08353566 0.02563777 0.04581399 0.06999746 0.04303717 0.04615469 0.06999746 0.04303717 -0.01084531 0.07013096 0.04168217 -0.01084531 0.07034236 0.03953527 0.04615469 0.07797496 0.02811227 0.04615469 0.07525486 0.03034457 0.04615469 0.07525486 0.03034457 -0.01084531 0.07302256 0.03306467 0.04615469 0.07302256 0.03306467 -0.01084531 0.07136386 0.03616797 0.04615469 0.07136386 0.03616797 -0.01084531 0.07034236 0.03953527 -0.01084531 -0.06999754 0.04464887 0.04319359 -0.06999754 0.04503717 0.04324469 -0.06999754 0.04303717 0.04615469 -0.06999754 0.04397647 0.006683985 -0.06999754 0.04373807 0.006994685 -0.06999754 0.04303717 -0.01084531 -0.06999754 0.04633617 0.02399469 -0.06999754 0.04609777 0.02368399 -0.06999754 0.05074349 -0.01384531 -0.06999754 0.04358827 0.008132885 -0.06999754 0.04373807 0.008494685 -0.06999754 0.04464887 0.02329579 -0.06999754 0.04397647 0.008805385 -0.06999754 0.04373807 0.02549469 -0.06999754 0.04397647 0.02580539 -0.06999754 0.04464887 0.04029579 -0.06999754 0.04358827 0.02513289 -0.06999754 0.04428717 0.006445685 -0.06999754 0.04653717 0.007744685 -0.06999754 0.04609777 0.006683985 -0.06999754 0.04578717 0.006445685 -0.06999754 0.04542537 0.006295785 -0.06999754 0.04303717 -0.01384531 -0.06999754 0.04503717 0.006244685 -0.06999754 0.04464887 0.006295785 -0.06999754 0.04353717 0.007744685 -0.06999754 0.04428717 0.02344569 -0.06999754 0.04397647 0.02368399 -0.06999754 0.05074349 0.04615469 -0.06999754 0.04542537 0.04319359 -0.06999754 0.04578717 0.04304369 -0.06999754 0.04609777 0.04280539 -0.06999754 0.04633617 0.04249469 -0.06999754 0.04648607 0.04213289 -0.06999754 0.04653717 0.04174469 -0.06999754 0.04648607 0.04135649 -0.06999754 0.04633617 0.04099469 -0.06999754 0.04609777 0.04068399 -0.06999754 0.04542537 0.009193585 -0.06999754 0.04578717 0.009043685 -0.06999754 0.04609777 0.008805385 -0.06999754 0.04648607 0.007356485 -0.06999754 0.04633617 0.006994685 -0.06999754 0.04542537 0.04029579 -0.06999754 0.04578717 0.02604369 -0.06999754 0.04578717 0.04044569 -0.06999754 0.04609777 0.02580539 -0.06999754 0.04633617 0.02549469 -0.06999754 0.04633617 0.008494685 -0.06999754 0.04648607 0.008132885 -0.06999754 0.04353717 0.02474469 -0.06999754 0.04428717 0.04044569 -0.06999754 0.04397647 0.04068399 -0.06999754 0.04648607 0.02513289 -0.06999754 0.04653717 0.02474469 -0.06999754 0.04648607 0.02435649 -0.06999754 0.04358827 0.007356485 -0.06999754 0.04373807 0.02399469 -0.06999754 0.04373807 0.04249469 -0.06999754 0.04397647 0.04280539 -0.06999754 0.04428717 0.04304369 -0.06999754 0.04428717 0.02604369 -0.06999754 0.04464887 0.02619359 -0.06999754 0.04503717 0.04024469 -0.06999754 0.04503717 0.02624469 -0.06999754 0.04542537 0.02619359 -0.06999754 0.04428717 0.009043685 -0.06999754 0.04464887 0.009193585 -0.06999754 0.04503717 0.02324469 -0.06999754 0.04503717 0.009244685 -0.06999754 0.04542537 0.02329579 -0.06999754 0.04578717 0.02344569 -0.06999754 0.04373807 0.04099469 -0.06999754 0.04358827 0.02435649 -0.06999754 0.04358827 0.04135649 -0.06999754 0.04353717 0.04174469 -0.06999754 0.04358827 0.04213289 0.06999746 0.04578717 0.04044569 0.06999746 0.04609777 0.04068399 0.06999746 0.04542537 0.02619359 0.06999746 0.04542537 0.04029579 0.06999746 0.04648607 0.04135649 0.06999746 0.04653717 0.04174469 0.06999746 0.05074349 0.04615469 0.06999746 0.04633617 0.04099469 0.06999746 0.04358827 0.02435649 0.06999746 0.04373807 0.02399469 0.06999746 0.04503717 0.009244685 0.06999746 0.04653717 0.007744685 0.06999746 0.04648607 0.008132885 0.06999746 0.04464887 0.02329579 0.06999746 0.04633617 0.008494685 0.06999746 0.04609777 0.008805385 0.06999746 0.04373807 0.006994685 0.06999746 0.04397647 0.006683985 0.06999746 0.04542537 0.006295785 0.06999746 0.04578717 0.006445685 0.06999746 0.05074349 -0.01384531 0.06999746 0.04609777 0.006683985 0.06999746 0.04648607 0.04213289 0.06999746 0.04633617 0.04249469 0.06999746 0.04609777 0.04280539 0.06999746 0.04428717 0.006445685 0.06999746 0.04464887 0.006295785 0.06999746 0.04503717 0.006244685 0.06999746 0.04578717 0.04304369 0.06999746 0.04542537 0.04319359 0.06999746 0.04503717 0.04324469 0.06999746 0.04464887 0.04319359 0.06999746 0.04578717 0.009043685 0.06999746 0.04542537 0.009193585 0.06999746 0.04428717 0.02344569 0.06999746 0.04397647 0.02368399 0.06999746 0.04428717 0.009043685 0.06999746 0.04397647 0.008805385 0.06999746 0.04353717 0.02474469 0.06999746 0.04303717 -0.01384531 0.06999746 0.04633617 0.02549469 0.06999746 0.04609777 0.02580539 0.06999746 0.04373807 0.04099469 0.06999746 0.04397647 0.04068399 0.06999746 0.04428717 0.02604369 0.06999746 0.04428717 0.04044569 0.06999746 0.04464887 0.04029579 0.06999746 0.04609777 0.02368399 0.06999746 0.04633617 0.02399469 0.06999746 0.04578717 0.02604369 0.06999746 0.04428717 0.04304369 0.06999746 0.04397647 0.04280539 0.06999746 0.04373807 0.04249469 0.06999746 0.04464887 0.009193585 0.06999746 0.04373807 0.008494685 0.06999746 0.04358827 0.008132885 0.06999746 0.04353717 0.007744685 0.06999746 0.04358827 0.007356485 0.06999746 0.04633617 0.006994685 0.06999746 0.04648607 0.007356485 0.06999746 0.04648607 0.02435649 0.06999746 0.04653717 0.02474469 0.06999746 0.04648607 0.02513289 0.06999746 0.04503717 0.04024469 0.06999746 0.04503717 0.02624469 0.06999746 0.04464887 0.02619359 0.06999746 0.04397647 0.02580539 0.06999746 0.04373807 0.02549469 0.06999746 0.04503717 0.02324469 0.06999746 0.04542537 0.02329579 0.06999746 0.04578717 0.02344569 0.06999746 0.04358827 0.04213289 0.06999746 0.04353717 0.04174469 0.06999746 0.04358827 0.04135649 0.06999746 0.04358827 0.02513289 0.07523566 0.05074349 0.04393119 0.07533786 0.05074349 0.04315469 0.07233786 0.05074349 0.04615469 0.07233786 0.05074349 -0.01384531 0.06999746 0.05074349 -0.01384531 0.06999746 0.05074349 0.04615469 0.07445916 0.05074349 -0.01296663 0.07383786 0.05074349 -0.01344339 0.07493596 0.05074349 -0.01234531 0.07523566 0.05074349 -0.01162177 0.07533786 0.05074349 -0.01084531 0.07311426 0.05074349 -0.01374309 0.07311426 0.05074349 0.04605249 0.07383786 0.05074349 0.04575279 0.07493596 0.05074349 0.04465469 0.07445916 0.05074349 0.04527599 0.07533786 0.04428717 0.04304369 0.07533786 0.04428717 0.02344569 0.07533786 0.04397647 0.02368399 0.07533786 0.04353717 0.007744685 0.07533786 0.04373807 0.02549469 0.07533786 0.04397647 0.02580539 0.07533786 0.04464887 0.04029579 0.07533786 0.04633617 0.02399469 0.07533786 0.04609777 0.02368399 0.07533786 0.04358827 0.008132885 0.07533786 0.04578717 0.02344569 0.07533786 0.04648607 0.02435649 0.07533786 0.04373807 0.008494685 0.07533786 0.04397647 0.008805385 0.07533786 0.04464887 0.006295785 0.07533786 0.04428717 0.006445685 0.07533786 0.04397647 0.006683985 0.07533786 0.04373807 0.006994685 0.07533786 0.04428717 0.04044569 0.07533786 0.04353717 0.02474469 0.07533786 0.04358827 0.02513289 0.07533786 0.04609777 0.008805385 0.07533786 0.04633617 0.008494685 0.07533786 0.04373807 0.02399469 0.07533786 0.04358827 0.02435649 0.07533786 0.04542537 0.02329579 0.07533786 0.04503717 0.02324469 0.07533786 0.04464887 0.02329579 0.07533786 0.04578717 0.04304369 0.07533786 0.04609777 0.04280539 0.07533786 0.04633617 0.04249469 0.07533786 0.04648607 0.02513289 0.07533786 0.04609777 0.04068399 0.07533786 0.04633617 0.02549469 0.07533786 0.04609777 0.02580539 0.07533786 0.04633617 0.006994685 0.07533786 0.04609777 0.006683985 0.07533786 0.04428717 0.009043685 0.07533786 0.04464887 0.009193585 0.07533786 0.04653717 0.02474469 0.07533786 0.04578717 0.02604369 0.07533786 0.04578717 0.04044569 0.07533786 0.04542537 0.04029579 0.07533786 0.04648607 0.008132885 0.07533786 0.04653717 0.007744685 0.07533786 0.04648607 0.007356485 0.07533786 0.04578717 0.006445685 0.07533786 0.04542537 0.006295785 0.07533786 0.04503717 0.006244685 0.07533786 0.04397647 0.04068399 0.07533786 0.04373807 0.04099469 0.07533786 0.04358827 0.04135649 0.07533786 0.04648607 0.04213289 0.07533786 0.04653717 0.04174469 0.07533786 0.04648607 0.04135649 0.07533786 0.04428717 0.02604369 0.07533786 0.04464887 0.02619359 0.07533786 0.04503717 0.04024469 0.07533786 0.04503717 0.02624469 0.07533786 0.04542537 0.02619359 0.07533786 0.04358827 0.007356485 0.07533786 0.04353717 0.04174469 0.07533786 0.04358827 0.04213289 0.07533786 0.04373807 0.04249469 0.07533786 0.04397647 0.04280539 0.07533786 0.04633617 0.04099469 0.07533786 0.04503717 0.009244685 0.07533786 0.04542537 0.009193585 0.07533786 0.04578717 0.009043685 -0.07233794 0.05074349 0.04615469 -0.06999754 0.05074349 0.04615469 -0.07233794 0.05074349 -0.01384531 -0.06999754 0.05074349 -0.01384531 -0.07311434 0.05074349 -0.01374309 -0.07523574 0.05074349 -0.01162177 -0.07533794 0.05074349 -0.01084531 -0.07383794 0.05074349 -0.01344339 -0.07445924 0.05074349 -0.01296663 -0.07493604 0.05074349 -0.01234531 -0.07445924 0.05074349 0.04527599 -0.07383794 0.05074349 0.04575279 -0.07493604 0.05074349 0.04465469 -0.07523574 0.05074349 0.04393119 -0.07533794 0.05074349 0.04315469 -0.07311434 0.05074349 0.04605249 -0.07533794 0.04578717 0.04304369 -0.07533794 0.04578717 0.02344569 -0.07533794 0.04609777 0.02368399 -0.07533794 0.04542537 0.009193585 -0.07533794 0.04358827 0.02435649 -0.07533794 0.04373807 0.02399469 -0.07533794 0.04503717 0.009244685 -0.07533794 0.04397647 0.02368399 -0.07533794 0.04428717 0.02344569 -0.07533794 0.04542537 0.006295785 -0.07533794 0.04503717 0.006244685 -0.07533794 0.04464887 0.006295785 -0.07533794 0.04578717 0.006445685 -0.07533794 0.04609777 0.006683985 -0.07533794 0.04633617 0.006994685 -0.07533794 0.04633617 0.008494685 -0.07533794 0.04609777 0.008805385 -0.07533794 0.04578717 0.009043685 -0.07533794 0.04464887 0.02329579 -0.07533794 0.04503717 0.02324469 -0.07533794 0.04542537 0.02329579 -0.07533794 0.04633617 0.02399469 -0.07533794 0.04648607 0.02435649 -0.07533794 0.04653717 0.02474469 -0.07533794 0.04648607 0.02513289 -0.07533794 0.04428717 0.04304369 -0.07533794 0.04464887 0.02619359 -0.07533794 0.04428717 0.02604369 -0.07533794 0.04464887 0.04029579 -0.07533794 0.04397647 0.02580539 -0.07533794 0.04373807 0.02549469 -0.07533794 0.04373807 0.006994685 -0.07533794 0.04397647 0.006683985 -0.07533794 0.04428717 0.006445685 -0.07533794 0.04648607 0.007356485 -0.07533794 0.04653717 0.007744685 -0.07533794 0.04648607 0.008132885 -0.07533794 0.04503717 0.02624469 -0.07533794 0.04503717 0.04024469 -0.07533794 0.04542537 0.02619359 -0.07533794 0.04609777 0.04068399 -0.07533794 0.04633617 0.04099469 -0.07533794 0.04648607 0.04135649 -0.07533794 0.04653717 0.04174469 -0.07533794 0.04648607 0.04213289 -0.07533794 0.04353717 0.02474469 -0.07533794 0.04464887 0.009193585 -0.07533794 0.04428717 0.009043685 -0.07533794 0.04358827 0.02513289 -0.07533794 0.04428717 0.04044569 -0.07533794 0.04397647 0.04068399 -0.07533794 0.04353717 0.007744685 -0.07533794 0.04358827 0.007356485 -0.07533794 0.04633617 0.02549469 -0.07533794 0.04609777 0.02580539 -0.07533794 0.04578717 0.02604369 -0.07533794 0.04578717 0.04044569 -0.07533794 0.04542537 0.04029579 -0.07533794 0.04633617 0.04249469 -0.07533794 0.04609777 0.04280539 -0.07533794 0.04397647 0.04280539 -0.07533794 0.04373807 0.04249469 -0.07533794 0.04358827 0.04213289 -0.07533794 0.04353717 0.04174469 -0.07533794 0.04358827 0.04135649 -0.07533794 0.04373807 0.04099469 -0.07533794 0.04397647 0.008805385 -0.07533794 0.04373807 0.008494685 -0.07533794 0.04358827 0.008132885 -0.08713804 0.03045357 -0.009845315 -0.08683684 0.03047657 0.03893159 0.07797496 0.02811227 0.04615469 0.07525486 0.03034457 0.04615469 0.07302256 0.03306467 0.04615469 0.07136386 0.03616797 0.04615469 0.06999746 0.05074349 0.04615469 0.06999746 0.04303717 0.04615469 0.07034236 0.03953527 0.04615469 -0.09094754 0.004931172 0.02615469 -0.09094754 -0.02685173 0.02469009 -0.09094754 -0.02723993 0.02463899 -0.09094754 -0.02760173 0.02448909 -0.09094754 0.01873827 0.02189109 -0.09094754 0.01904897 0.02212939 -0.09094754 -0.02540283 0.02357829 -0.09094754 -0.02555273 0.02394009 -0.09094754 -0.02579103 0.02425079 -0.09094754 -0.02610173 0.02448909 -0.09094754 -0.02646353 0.02463899 -0.09094754 -0.02791243 0.02425079 -0.09094754 -0.02815073 0.02394009 -0.09094754 -0.02830063 0.02357829 -0.09094754 -0.02835173 0.02319009 -0.09094754 -0.02830063 0.02280189 -0.09094754 -0.02815073 0.02244009 -0.09094754 -0.02791243 0.02212939 -0.09094754 0.02203237 0.03578419 -0.09094754 0.01928727 0.02244009 -0.09094754 0.01943717 0.02280189 -0.09094754 0.01948827 0.02319009 -0.09094754 0.01943717 0.02357829 -0.09094754 0.01723827 0.02189109 -0.09094754 0.01760007 0.02174119 -0.09094754 0.01798827 0.02169009 -0.09094754 0.01837647 0.02174119 -0.09094754 0.01873827 0.02448909 -0.09094754 0.01837647 0.02463899 -0.09094754 0.01956137 0.03251809 -0.09094754 0.01798827 0.02469009 -0.09094754 0.01647687 0.02982389 -0.09094754 0.01928727 0.02394009 -0.09094754 0.01904897 0.02425079 -0.09094754 -0.02555273 0.02244009 -0.09094754 -0.02540283 0.02280189 -0.09094754 -0.02535173 0.02319009 -0.09094754 -0.02760173 0.02189109 -0.09094754 -0.02723993 0.02174119 -0.09094754 -0.02685173 0.02169009 -0.09094754 -0.02646353 0.02174119 -0.09094754 -0.02610173 0.02189109 -0.09094754 -0.02579103 0.02212939 -0.09094754 0.01760007 0.02463899 -0.09094754 0.01723827 0.02448909 -0.09094754 0.01290827 0.02781439 -0.09094754 0.01692757 0.02425079 -0.09094754 0.009005072 0.02657399 -0.09094754 0.01668927 0.02394009 -0.09094754 0.01653937 0.02357829 -0.09094754 0.01648827 0.02319009 -0.09094754 0.01653937 0.02280189 -0.09094754 0.01668927 0.02244009 -0.09094754 0.01692757 0.02212939 0.01236596 -0.03685173 -0.005345315 0.01220706 -0.03685173 -0.005552425 0.04393926 -0.03685173 0.02259399 0.04424996 -0.03685173 0.02235569 0.01149996 -0.03685173 -0.005845315 -0.01079294 -0.03685173 -0.004138205 -0.01063404 -0.03685173 -0.004345315 0.04355106 -0.03685173 0.02404289 0.006244961 -0.03685173 0.02615469 0.04349996 -0.03685173 0.02365469 0.007286341 -0.03685173 0.02445749 0.04355106 -0.03685173 0.02326649 0.007876321 -0.03685173 0.02255569 -0.01053414 -0.03685173 -0.004586495 -0.01050004 -0.03685173 -0.004845315 -0.01053414 -0.03685173 -0.005104135 -0.01246594 -0.03685173 -0.004586495 -0.01236604 -0.03685173 -0.004345315 -0.04370104 -0.03685173 0.02440469 -0.01220714 -0.03685173 -0.004138205 -0.04393934 -0.03685173 0.02471539 -0.01175884 -0.03685173 -0.005811245 -0.01150004 -0.03685173 -0.005845315 -0.01124124 -0.03685173 -0.005811245 -0.04538824 -0.03685173 0.02220579 -0.01220714 -0.03685173 -0.005552425 -0.04500004 -0.03685173 0.02215469 -0.01236604 -0.03685173 -0.005345315 -0.01246594 -0.03685173 -0.005104135 0.01099996 -0.03685173 -0.005711335 0.01079286 -0.03685173 -0.005552425 -0.04425004 -0.03685173 0.02495369 0.04574996 -0.03685173 0.02495369 0.04606066 -0.03685173 0.02471539 0.04629896 -0.03685173 0.02440469 0.04644886 -0.03685173 0.02404289 0.04606066 -0.03685173 0.02259399 0.04574996 -0.03685173 0.02235569 -0.01063404 -0.03685173 -0.005345315 -0.01079294 -0.03685173 -0.005552425 -0.01100004 -0.03685173 -0.005711335 -0.04355114 -0.03685173 0.02404289 -0.04350004 -0.03685173 0.02365469 -0.04355114 -0.03685173 0.02326649 -0.04370104 -0.03685173 0.02290469 -0.04393934 -0.03685173 0.02259399 -0.04425004 -0.03685173 0.02235569 -0.01250004 -0.03685173 -0.004845315 -0.04461184 -0.03685173 0.02220579 -0.01200004 -0.03685173 -0.003979295 -0.01175884 -0.03685173 -0.003879385 -0.01150004 -0.03685173 -0.003845315 0.01049996 -0.03685173 -0.004845315 0.01053406 -0.03685173 -0.004586495 -0.04650004 -0.03685173 0.02365469 -0.04644894 -0.03685173 0.02404289 0.01199996 -0.03685173 -0.003979295 0.01220706 -0.03685173 -0.004138205 0.01236596 -0.03685173 -0.004345315 0.01246586 -0.03685173 -0.004586495 0.04370096 -0.03685173 0.02440469 0.04393926 -0.03685173 0.02471539 0.04424996 -0.03685173 0.02495369 0.04649996 -0.03685173 0.02365469 0.04644886 -0.03685173 0.02326649 0.04629896 -0.03685173 0.02290469 -0.01200004 -0.03685173 -0.005711335 -0.04575004 -0.03685173 0.02235569 0.01063396 -0.03685173 -0.005345315 0.01053406 -0.03685173 -0.005104135 -0.04629904 -0.03685173 0.02440469 -0.04606074 -0.03685173 0.02471539 -0.04575004 -0.03685173 0.02495369 0.01199996 -0.03685173 -0.005711335 0.01175876 -0.03685173 -0.005811245 0.01124116 -0.03685173 -0.005811245 -0.01124124 -0.03685173 -0.003879385 -0.01100004 -0.03685173 -0.003979295 -0.04606074 -0.03685173 0.02259399 -0.04629904 -0.03685173 0.02290469 -0.04644894 -0.03685173 0.02326649 0.04370096 -0.03685173 0.02290469 0.01249996 -0.03685173 -0.004845315 0.01246586 -0.03685173 -0.005104135 0.04461176 -0.03685173 0.02510359 0.04499996 -0.03685173 0.02515469 0.04538816 -0.03685173 0.02510359 -0.04538824 -0.03685173 0.02510359 -0.04500004 -0.03685173 0.02515469 -0.006245039 -0.03685173 0.02615469 0.04538816 -0.03685173 0.02220579 0.04499996 -0.03685173 0.02215469 0.04461176 -0.03685173 0.02220579 0.01063396 -0.03685173 -0.004345315 0.01079286 -0.03685173 -0.004138205 -0.001975759 -0.03685173 0.01340249 -3.880569e-08 -0.03685173 0.01315469 -0.003829089 -0.03685173 0.01413059 -0.04461184 -0.03685173 0.02510359 -0.005445199 -0.03685173 0.01529379 -0.006723969 -0.03685173 0.01682009 -0.007586189 -0.03685173 0.01861499 -0.007978429 -0.03685173 0.02056709 -0.007876399 -0.03685173 0.02255569 -0.007286419 -0.03685173 0.02445749 0.001975681 -0.03685173 0.01340249 0.01099996 -0.03685173 -0.003979295 0.003829011 -0.03685173 0.01413059 0.01124116 -0.03685173 -0.003879385 0.005445121 -0.03685173 0.01529379 0.006723891 -0.03685173 0.01682009 0.01149996 -0.03685173 -0.003845315 0.007586111 -0.03685173 0.01861499 0.01175876 -0.03685173 -0.003879385 0.007978351 -0.03685173 0.02056709 -0.08794754 0.02508717 0.04329609 -0.08794754 0.02508717 -0.01084531 -0.08699734 0.02511227 0.04411709 -0.08444564 0.02543207 -0.01084531 -0.08594754 0.02519887 0.04481499 -0.08164414 0.02628187 -0.01084531 -0.08353574 0.02563777 0.04581399 -0.08444564 0.02543207 0.04552289 -0.07013104 0.04168217 -0.01084531 -0.07034244 0.03953527 0.04615469 -0.07034244 0.03953527 -0.01084531 -0.07136394 0.03616797 0.04615469 -0.07136394 0.03616797 -0.01084531 -0.07302264 0.03306467 0.04615469 -0.07302264 0.03306467 -0.01084531 -0.07525494 0.03034457 0.04615469 -0.07525494 0.03034457 -0.01084531 -0.07797504 0.02811227 0.04615469 -0.07797504 0.02811227 -0.01084531 -0.08094754 0.02650827 0.04615469 -0.08107834 0.02645347 -0.01084531 -0.08107834 0.02645347 0.04615379 -0.08230304 0.02599767 0.04606239 0.01188996 -0.02261983 -0.01084531 0.01188996 0.006116872 -0.01084531 -0.01189004 0.006116872 -0.01084531 -0.02855114 0.02842537 -0.01084531 -0.02850004 0.02803717 -0.01084531 -0.02389004 0.04168217 -0.01084531 0.01188996 0.04168217 -0.01084531 -0.01189004 0.04168217 -0.01084531 -0.07239174 0.02842537 -0.01084531 -0.07234064 0.02803717 -0.01084531 -0.05192034 0.04168217 -0.01084531 -0.08444564 0.02543207 -0.01084531 -0.08794754 0.02508717 -0.01084531 -0.08794754 0.006116872 -0.01084531 0.07528946 0.02842537 -0.01084531 0.07534056 0.02803717 -0.01084531 0.07797496 0.02811227 -0.01084531 -0.02214424 0.04303717 -0.01084531 -0.01189004 0.05846617 -0.01084531 -0.01628004 0.05532715 -0.01084531 -0.01633114 0.05493892 -0.01084531 -0.01648104 0.05457715 -0.01084531 -0.01671934 0.05426649 -0.01084531 -0.01816824 0.05387826 -0.01084531 -0.01853004 0.05402811 -0.01084531 -0.01884074 0.05426649 -0.01084531 -0.01703004 0.05402811 -0.01084531 -0.01739184 0.05387826 -0.01084531 -0.01778004 0.05382715 -0.01084531 -0.01907904 0.05457715 -0.01084531 -0.01922894 0.05493892 -0.01084531 -0.02214424 0.05846617 -0.01084531 -0.01928004 0.05532715 -0.01084531 -0.01922894 0.05571538 -0.01084531 -0.01907904 0.05607715 -0.01084531 -0.01884074 0.05638781 -0.01084531 -0.01853004 0.05662619 -0.01084531 -0.01703004 0.05662619 -0.01084531 -0.01671934 0.05638781 -0.01084531 -0.01816824 0.05677604 -0.01084531 -0.01778004 0.05682715 -0.01084531 -0.01739184 0.05677604 -0.01084531 -0.01648104 0.05607715 -0.01084531 -0.01633114 0.05571538 -0.01084531 0.02214416 0.05846617 -0.01084531 0.01927996 0.05532715 -0.01084531 0.02214416 0.04303717 -0.01084531 0.01922886 0.05493892 -0.01084531 0.01907896 0.05457715 -0.01084531 0.01884066 0.05426649 -0.01084531 0.01852996 0.05402811 -0.01084531 0.01702996 0.05402811 -0.01084531 0.01671926 0.05426649 -0.01084531 0.01648096 0.05457715 -0.01084531 0.01633106 0.05571538 -0.01084531 0.01188996 0.05846617 -0.01084531 0.01627996 0.05532715 -0.01084531 0.01633106 0.05493892 -0.01084531 0.01816816 0.05387826 -0.01084531 0.01777996 0.05382715 -0.01084531 0.01739176 0.05387826 -0.01084531 0.01648096 0.05607715 -0.01084531 0.01671926 0.05638781 -0.01084531 0.01702996 0.05662619 -0.01084531 0.01739176 0.05677604 -0.01084531 0.01777996 0.05682715 -0.01084531 0.01816816 0.05677604 -0.01084531 0.01852996 0.05662619 -0.01084531 0.01884066 0.05638781 -0.01084531 0.01907896 0.05607715 -0.01084531 0.01922886 0.05571538 -0.01084531 0.05192026 0.04303717 -0.01084531 0.02388996 0.04303717 -0.01084531 0.05192026 0.04168217 -0.01084531 0.02388996 0.04168217 -0.01084531 0.08107826 0.02645347 -0.01084531 0.07528946 0.02764897 -0.01084531 0.08444556 0.02543207 -0.01084531 0.08794746 0.006116872 -0.01084531 0.08794746 0.02508717 -0.01084531 0.07309056 0.02673807 -0.01084531 0.07277996 0.02697647 -0.01084531 0.05192026 0.006116872 -0.01084531 0.07239166 0.02842537 -0.01084531 0.07254156 0.02878717 -0.01084531 0.07277996 0.02909777 -0.01084531 0.07309056 0.02933617 -0.01084531 0.07525486 0.03034457 -0.01084531 0.07490126 0.02909777 -0.01084531 0.07513966 0.02878717 -0.01084531 0.07459056 0.02673807 -0.01084531 0.07490126 0.02697647 -0.01084531 0.07513966 0.02728717 -0.01084531 0.07422876 0.02658827 -0.01084531 0.07384056 0.02653717 -0.01084531 0.07345236 0.02658827 -0.01084531 0.07254156 0.02728717 -0.01084531 0.07239166 0.02764897 -0.01084531 0.07234056 0.02803717 -0.01084531 0.07345236 0.02948607 -0.01084531 0.07302256 0.03306467 -0.01084531 0.06999746 0.04303717 -0.01084531 0.07013096 0.04168217 -0.01084531 0.07034236 0.03953527 -0.01084531 0.07136386 0.03616797 -0.01084531 0.07384056 0.02953717 -0.01084531 0.07422876 0.02948607 -0.01084531 0.07459056 0.02933617 -0.01084531 -0.07254164 0.02728717 -0.01084531 -0.07278004 0.02697647 -0.01084531 -0.05192034 0.006116872 -0.01084531 -0.07534064 0.02803717 -0.01084531 -0.07528954 0.02842537 -0.01084531 -0.07797504 0.02811227 -0.01084531 -0.07513974 0.02878717 -0.01084531 -0.07525494 0.03034457 -0.01084531 -0.07239174 0.02764897 -0.01084531 -0.07422884 0.02658827 -0.01084531 -0.07459064 0.02673807 -0.01084531 -0.08164414 0.006116872 -0.01084531 -0.07490134 0.02697647 -0.01084531 -0.08164414 0.02628187 -0.01084531 -0.07513974 0.02728717 -0.01084531 -0.07528954 0.02764897 -0.01084531 -0.07490134 0.02909777 -0.01084531 -0.07459064 0.02933617 -0.01084531 -0.07302264 0.03306467 -0.01084531 -0.07422884 0.02948607 -0.01084531 -0.07309064 0.02673807 -0.01084531 -0.07345244 0.02658827 -0.01084531 -0.07384064 0.02653717 -0.01084531 -0.08107834 0.02645347 -0.01084531 -0.07384064 0.02953717 -0.01084531 -0.07345244 0.02948607 -0.01084531 -0.07136394 0.03616797 -0.01084531 -0.07309064 0.02933617 -0.01084531 -0.07034244 0.03953527 -0.01084531 -0.07278004 0.02909777 -0.01084531 -0.07254164 0.02878717 -0.01084531 -0.05192034 0.04303717 -0.01084531 -0.06999754 0.04303717 -0.01084531 -0.07013104 0.04168217 -0.01084531 -0.02389004 0.04303717 -0.01084531 0.03106066 0.02909777 -0.01084531 0.03129896 0.02878717 -0.01084531 0.03144886 0.02842537 -0.01084531 0.03149996 0.02803717 -0.01084531 0.03144886 0.02764897 -0.01084531 0.03129896 0.02728717 -0.01084531 0.03106066 0.02697647 -0.01084531 0.03074996 0.02673807 -0.01084531 0.03038816 0.02658827 -0.01084531 0.02388996 0.006116872 -0.01084531 0.02999996 0.02653717 -0.01084531 0.02961176 0.02658827 -0.01084531 0.02924996 0.02673807 -0.01084531 0.02893926 0.02697647 -0.01084531 0.02870096 0.02728717 -0.01084531 0.02855106 0.02764897 -0.01084531 0.02849996 0.02803717 -0.01084531 0.02855106 0.02842537 -0.01084531 0.02870096 0.02878717 -0.01084531 0.02893926 0.02909777 -0.01084531 0.02924996 0.02933617 -0.01084531 0.02961176 0.02948607 -0.01084531 0.02999996 0.02953717 -0.01084531 0.03038816 0.02948607 -0.01084531 0.03074996 0.02933617 -0.01084531 -0.03144894 0.02842537 -0.01084531 -0.03129904 0.02878717 -0.01084531 -0.02870104 0.02878717 -0.01084531 -0.02855114 0.02764897 -0.01084531 -0.02870104 0.02728717 -0.01084531 -0.02389004 0.006116872 -0.01084531 -0.02893934 0.02697647 -0.01084531 -0.02925004 0.02673807 -0.01084531 -0.03075004 0.02673807 -0.01084531 -0.03106074 0.02697647 -0.01084531 -0.03000004 0.02953717 -0.01084531 -0.02961184 0.02948607 -0.01084531 -0.03129904 0.02728717 -0.01084531 -0.03144894 0.02764897 -0.01084531 -0.03150004 0.02803717 -0.01084531 -0.02925004 0.02933617 -0.01084531 -0.02893934 0.02909777 -0.01084531 -0.02961184 0.02658827 -0.01084531 -0.03000004 0.02653717 -0.01084531 -0.03038824 0.02658827 -0.01084531 -0.03106074 0.02909777 -0.01084531 -0.03075004 0.02933617 -0.01084531 -0.03038824 0.02948607 -0.01084531 0.07528946 -0.01619173 -0.01084531 0.07513966 -0.01655343 -0.01084531 0.08794746 -0.02261983 -0.01084531 0.07490126 -0.01686413 -0.01084531 0.07459056 -0.01710253 -0.01084531 0.05192026 -0.02261983 -0.01084531 0.07422876 -0.01725233 -0.01084531 0.07384056 -0.01730343 -0.01084531 0.07345236 -0.01725233 -0.01084531 0.07309056 -0.01710253 -0.01084531 0.07277996 -0.01686413 -0.01084531 0.07254156 -0.01655343 -0.01084531 0.07239166 -0.01619173 -0.01084531 0.07234056 -0.01580343 -0.01084531 0.07239166 -0.01541523 -0.01084531 0.07254156 -0.01505343 -0.01084531 0.07277996 -0.01474283 -0.01084531 0.07309056 -0.01450443 -0.01084531 0.07345236 -0.01435463 -0.01084531 0.07384056 -0.01430343 -0.01084531 0.07422876 -0.01435463 -0.01084531 0.07459056 -0.01450443 -0.01084531 0.07490126 -0.01474283 -0.01084531 0.07513966 -0.01505343 -0.01084531 0.07528946 -0.01541523 -0.01084531 0.07534056 -0.01580343 -0.01084531 0.03149996 -0.01580343 -0.01084531 0.03144886 -0.01619173 -0.01084531 0.03144886 -0.01541523 -0.01084531 0.03129896 -0.01655343 -0.01084531 0.03106066 -0.01686413 -0.01084531 0.03074996 -0.01710253 -0.01084531 0.02999996 -0.01730343 -0.01084531 0.02961176 -0.01725233 -0.01084531 0.02388996 -0.02261983 -0.01084531 0.03074996 -0.01450443 -0.01084531 0.03106066 -0.01474283 -0.01084531 0.03129896 -0.01505343 -0.01084531 0.02924996 -0.01450443 -0.01084531 0.02893926 -0.01474283 -0.01084531 0.02870096 -0.01505343 -0.01084531 0.03038816 -0.01725233 -0.01084531 0.02924996 -0.01710253 -0.01084531 0.02893926 -0.01686413 -0.01084531 0.02870096 -0.01655343 -0.01084531 0.02855106 -0.01619173 -0.01084531 0.02849996 -0.01580343 -0.01084531 0.02855106 -0.01541523 -0.01084531 0.02961176 -0.01435463 -0.01084531 0.02999996 -0.01430343 -0.01084531 0.03038816 -0.01435463 -0.01084531 -0.02961184 -0.01435463 -0.01084531 -0.02925004 -0.01450443 -0.01084531 -0.02389004 -0.02261983 -0.01084531 -0.02850004 -0.01580343 -0.01084531 -0.02855114 -0.01619173 -0.01084531 -0.02893934 -0.01474283 -0.01084531 -0.02870104 -0.01505343 -0.01084531 -0.02855114 -0.01541523 -0.01084531 -0.02870104 -0.01655343 -0.01084531 -0.02893934 -0.01686413 -0.01084531 -0.02925004 -0.01710253 -0.01084531 -0.03038824 -0.01725233 -0.01084531 -0.05192034 -0.02261983 -0.01084531 -0.03000004 -0.01730343 -0.01084531 -0.02961184 -0.01725233 -0.01084531 -0.01189004 -0.02261983 -0.01084531 -0.03075004 -0.01710253 -0.01084531 -0.03106074 -0.01686413 -0.01084531 -0.03129904 -0.01655343 -0.01084531 -0.03129904 -0.01505343 -0.01084531 -0.03106074 -0.01474283 -0.01084531 -0.03144894 -0.01619173 -0.01084531 -0.03150004 -0.01580343 -0.01084531 -0.03144894 -0.01541523 -0.01084531 -0.03075004 -0.01450443 -0.01084531 -0.03038824 -0.01435463 -0.01084531 -0.03000004 -0.01430343 -0.01084531 -0.07278004 -0.01686413 -0.01084531 -0.07254164 -0.01655343 -0.01084531 -0.07239174 -0.01619173 -0.01084531 -0.07309064 -0.01710253 -0.01084531 -0.07345244 -0.01725233 -0.01084531 -0.08164414 -0.02261983 -0.01084531 -0.07384064 -0.01730343 -0.01084531 -0.07422884 -0.01725233 -0.01084531 -0.07459064 -0.01710253 -0.01084531 -0.07490134 -0.01686413 -0.01084531 -0.07513974 -0.01655343 -0.01084531 -0.07528954 -0.01541523 -0.01084531 -0.07534064 -0.01580343 -0.01084531 -0.07528954 -0.01619173 -0.01084531 -0.07513974 -0.01505343 -0.01084531 -0.07490134 -0.01474283 -0.01084531 -0.07459064 -0.01450443 -0.01084531 -0.07309064 -0.01450443 -0.01084531 -0.07278004 -0.01474283 -0.01084531 -0.07422884 -0.01435463 -0.01084531 -0.07384064 -0.01430343 -0.01084531 -0.07345244 -0.01435463 -0.01084531 -0.07254164 -0.01505343 -0.01084531 -0.07239174 -0.01541523 -0.01084531 -0.07234064 -0.01580343 -0.01084531 -0.08794754 -0.02261983 -0.01084531 0.08794746 -0.03239393 -0.01084531 0.05192026 -0.03239393 -0.01084531 0.08794746 -0.03385173 -0.01084531 0.02388996 -0.03239393 -0.01084531 0.01188996 -0.03239393 -0.01084531 -0.007500039 -0.03093623 -0.01084531 -0.01189004 -0.03239393 -0.01084531 0.007499961 -0.03093623 -0.01084531 0.007499961 -0.02793623 -0.01084531 -0.007500039 -0.02793623 -0.01084531 -0.02389004 -0.03239393 -0.01084531 -0.05192034 -0.03239393 -0.01084531 -0.08164414 -0.03239393 -0.01084531 -0.08794754 -0.03239393 -0.01084531 0.05192026 -0.03385173 -0.01084531 0.02388996 -0.03385173 -0.01084531 0.01188996 -0.03385173 -0.01084531 -0.01189004 -0.03385173 -0.01084531 -0.02389004 -0.03385173 -0.01084531 -0.05192034 -0.03385173 -0.01084531 -0.08164414 -0.03385173 -0.01084531 -0.08794754 -0.03385173 -0.01084531 0.01627996 0.05532715 -0.01084531 0.01627996 0.05532715 -0.01384531 0.01633106 0.05571538 -0.01084531 0.01633106 0.05571538 -0.01384531 0.01648096 0.05607715 -0.01084531 0.01648096 0.05607715 -0.01384531 0.01671926 0.05638781 -0.01084531 0.01671926 0.05638781 -0.01384531 0.01702996 0.05662619 -0.01084531 0.01702996 0.05662619 -0.01384531 0.01739176 0.05677604 -0.01084531 0.01739176 0.05677604 -0.01384531 0.01777996 0.05682715 -0.01084531 0.01777996 0.05682715 -0.01384531 0.01816816 0.05677604 -0.01084531 0.01816816 0.05677604 -0.01384531 0.01852996 0.05662619 -0.01084531 0.01852996 0.05662619 -0.01384531 0.01884066 0.05638781 -0.01084531 0.01884066 0.05638781 -0.01384531 0.01907896 0.05607715 -0.01084531 0.01907896 0.05607715 -0.01384531 0.01922886 0.05571538 -0.01084531 0.01922886 0.05571538 -0.01384531 0.01927996 0.05532715 -0.01084531 0.01927996 0.05532715 -0.01384531 0.01922886 0.05493892 -0.01084531 0.01922886 0.05493892 -0.01384531 0.01907896 0.05457715 -0.01084531 0.01907896 0.05457715 -0.01384531 0.01884066 0.05426649 -0.01084531 0.01884066 0.05426649 -0.01384531 0.01852996 0.05402811 -0.01084531 0.01852996 0.05402811 -0.01384531 0.01816816 0.05387826 -0.01084531 0.01816816 0.05387826 -0.01384531 0.01777996 0.05382715 -0.01084531 0.01777996 0.05382715 -0.01384531 0.01739176 0.05387826 -0.01084531 0.01739176 0.05387826 -0.01384531 0.01702996 0.05402811 -0.01084531 0.01702996 0.05402811 -0.01384531 0.01671926 0.05426649 -0.01084531 0.01671926 0.05426649 -0.01384531 0.01648096 0.05457715 -0.01084531 0.01648096 0.05457715 -0.01384531 0.01633106 0.05493892 -0.01084531 0.01633106 0.05493892 -0.01384531 0.02849996 0.02803717 -0.01084531 0.02849996 0.02803717 -0.01384531 0.02855106 0.02842537 -0.01084531 0.02855106 0.02842537 -0.01384531 0.02870096 0.02878717 -0.01084531 0.02870096 0.02878717 -0.01384531 0.02893926 0.02909777 -0.01084531 0.02893926 0.02909777 -0.01384531 0.02924996 0.02933617 -0.01084531 0.02924996 0.02933617 -0.01384531 0.02961176 0.02948607 -0.01084531 0.02961176 0.02948607 -0.01384531 0.02999996 0.02953717 -0.01084531 0.02999996 0.02953717 -0.01384531 0.03038816 0.02948607 -0.01084531 0.03038816 0.02948607 -0.01384531 0.03074996 0.02933617 -0.01084531 0.03074996 0.02933617 -0.01384531 0.03106066 0.02909777 -0.01084531 0.03106066 0.02909777 -0.01384531 0.03129896 0.02878717 -0.01084531 0.03129896 0.02878717 -0.01384531 0.03144886 0.02842537 -0.01084531 0.03144886 0.02842537 -0.01384531 0.03149996 0.02803717 -0.01084531 0.03149996 0.02803717 -0.01384531 0.03144886 0.02764897 -0.01084531 0.03144886 0.02764897 -0.01384531 0.03129896 0.02728717 -0.01084531 0.03129896 0.02728717 -0.01384531 0.03106066 0.02697647 -0.01084531 0.03106066 0.02697647 -0.01384531 0.03074996 0.02673807 -0.01084531 0.03074996 0.02673807 -0.01384531 0.03038816 0.02658827 -0.01084531 0.03038816 0.02658827 -0.01384531 0.02999996 0.02653717 -0.01084531 0.02999996 0.02653717 -0.01384531 0.02961176 0.02658827 -0.01084531 0.02961176 0.02658827 -0.01384531 0.02924996 0.02673807 -0.01084531 0.02924996 0.02673807 -0.01384531 0.02893926 0.02697647 -0.01084531 0.02893926 0.02697647 -0.01384531 0.02870096 0.02728717 -0.01084531 0.02870096 0.02728717 -0.01384531 0.02855106 0.02764897 -0.01084531 0.02855106 0.02764897 -0.01384531 0.07234056 -0.01580343 -0.01084531 0.07234056 -0.01580343 -0.01384531 0.07239166 -0.01541523 -0.01084531 0.07239166 -0.01541523 -0.01384531 0.07254156 -0.01505343 -0.01084531 0.07254156 -0.01505343 -0.01384531 0.07277996 -0.01474283 -0.01084531 0.07277996 -0.01474283 -0.01384531 0.07309056 -0.01450443 -0.01084531 0.07309056 -0.01450443 -0.01384531 0.07345236 -0.01435463 -0.01084531 0.07345236 -0.01435463 -0.01384531 0.07384056 -0.01430343 -0.01084531 0.07384056 -0.01430343 -0.01384531 0.07422876 -0.01435463 -0.01084531 0.07422876 -0.01435463 -0.01384531 0.07459056 -0.01450443 -0.01084531 0.07459056 -0.01450443 -0.01384531 0.07490126 -0.01474283 -0.01084531 0.07490126 -0.01474283 -0.01384531 0.07513966 -0.01505343 -0.01084531 0.07513966 -0.01505343 -0.01384531 0.07528946 -0.01541523 -0.01084531 0.07528946 -0.01541523 -0.01384531 0.07534056 -0.01580343 -0.01084531 0.07534056 -0.01580343 -0.01384531 0.07528946 -0.01619173 -0.01084531 0.07528946 -0.01619173 -0.01384531 0.07513966 -0.01655343 -0.01084531 0.07513966 -0.01655343 -0.01384531 0.07490126 -0.01686413 -0.01084531 0.07490126 -0.01686413 -0.01384531 0.07459056 -0.01710253 -0.01084531 0.07459056 -0.01710253 -0.01384531 0.07422876 -0.01725233 -0.01084531 0.07422876 -0.01725233 -0.01384531 0.07384056 -0.01730343 -0.01084531 0.07384056 -0.01730343 -0.01384531 0.07345236 -0.01725233 -0.01084531 0.07345236 -0.01725233 -0.01384531 0.07309056 -0.01710253 -0.01084531 0.07309056 -0.01710253 -0.01384531 0.07277996 -0.01686413 -0.01084531 0.07277996 -0.01686413 -0.01384531 0.07254156 -0.01655343 -0.01084531 0.07254156 -0.01655343 -0.01384531 0.07239166 -0.01619173 -0.01084531 0.07239166 -0.01619173 -0.01384531 0.07234056 0.02803717 -0.01084531 0.07234056 0.02803717 -0.01384531 0.07239166 0.02842537 -0.01084531 0.07239166 0.02842537 -0.01384531 0.07254156 0.02878717 -0.01084531 0.07254156 0.02878717 -0.01384531 0.07277996 0.02909777 -0.01084531 0.07277996 0.02909777 -0.01384531 0.07309056 0.02933617 -0.01084531 0.07309056 0.02933617 -0.01384531 0.07345236 0.02948607 -0.01084531 0.07345236 0.02948607 -0.01384531 0.07384056 0.02953717 -0.01084531 0.07384056 0.02953717 -0.01384531 0.07422876 0.02948607 -0.01084531 0.07422876 0.02948607 -0.01384531 0.07459056 0.02933617 -0.01084531 0.07459056 0.02933617 -0.01384531 0.07490126 0.02909777 -0.01084531 0.07490126 0.02909777 -0.01384531 0.07513966 0.02878717 -0.01084531 0.07513966 0.02878717 -0.01384531 0.07528946 0.02842537 -0.01084531 0.07528946 0.02842537 -0.01384531 0.07534056 0.02803717 -0.01084531 0.07534056 0.02803717 -0.01384531 0.07528946 0.02764897 -0.01084531 0.07528946 0.02764897 -0.01384531 0.07513966 0.02728717 -0.01084531 0.07513966 0.02728717 -0.01384531 0.07490126 0.02697647 -0.01084531 0.07490126 0.02697647 -0.01384531 0.07459056 0.02673807 -0.01084531 0.07459056 0.02673807 -0.01384531 0.07422876 0.02658827 -0.01084531 0.07422876 0.02658827 -0.01384531 0.07384056 0.02653717 -0.01084531 0.07384056 0.02653717 -0.01384531 0.07345236 0.02658827 -0.01084531 0.07345236 0.02658827 -0.01384531 0.07309056 0.02673807 -0.01084531 0.07309056 0.02673807 -0.01384531 0.07277996 0.02697647 -0.01084531 0.07277996 0.02697647 -0.01384531 0.07254156 0.02728717 -0.01084531 0.07254156 0.02728717 -0.01384531 0.07239166 0.02764897 -0.01084531 0.07239166 0.02764897 -0.01384531 0.02849996 -0.01580343 -0.01084531 0.02849996 -0.01580343 -0.01384531 0.02855106 -0.01541523 -0.01084531 0.02855106 -0.01541523 -0.01384531 0.02870096 -0.01505343 -0.01084531 0.02870096 -0.01505343 -0.01384531 0.02893926 -0.01474283 -0.01084531 0.02893926 -0.01474283 -0.01384531 0.02924996 -0.01450443 -0.01084531 0.02924996 -0.01450443 -0.01384531 0.02961176 -0.01435463 -0.01084531 0.02961176 -0.01435463 -0.01384531 0.02999996 -0.01430343 -0.01084531 0.02999996 -0.01430343 -0.01384531 0.03038816 -0.01435463 -0.01084531 0.03038816 -0.01435463 -0.01384531 0.03074996 -0.01450443 -0.01084531 0.03074996 -0.01450443 -0.01384531 0.03106066 -0.01474283 -0.01084531 0.03106066 -0.01474283 -0.01384531 0.03129896 -0.01505343 -0.01084531 0.03129896 -0.01505343 -0.01384531 0.03144886 -0.01541523 -0.01084531 0.03144886 -0.01541523 -0.01384531 0.03149996 -0.01580343 -0.01084531 0.03149996 -0.01580343 -0.01384531 0.03144886 -0.01619173 -0.01084531 0.03144886 -0.01619173 -0.01384531 0.03129896 -0.01655343 -0.01084531 0.03129896 -0.01655343 -0.01384531 0.03106066 -0.01686413 -0.01084531 0.03106066 -0.01686413 -0.01384531 0.03074996 -0.01710253 -0.01084531 0.03074996 -0.01710253 -0.01384531 0.03038816 -0.01725233 -0.01084531 0.03038816 -0.01725233 -0.01384531 0.02999996 -0.01730343 -0.01084531 0.02999996 -0.01730343 -0.01384531 0.02961176 -0.01725233 -0.01084531 0.02961176 -0.01725233 -0.01384531 0.02924996 -0.01710253 -0.01084531 0.02924996 -0.01710253 -0.01384531 0.02893926 -0.01686413 -0.01084531 0.02893926 -0.01686413 -0.01384531 0.02870096 -0.01655343 -0.01084531 0.02870096 -0.01655343 -0.01384531 0.02855106 -0.01619173 -0.01084531 0.02855106 -0.01619173 -0.01384531 -0.02214424 0.04303717 -0.01084531 -0.02214424 0.05846617 -0.01084531 -0.02214424 0.04303717 -0.01384531 -0.02214424 0.05846617 -0.01384531 -0.02214424 0.05846617 -0.01384531 -0.02214424 0.05846617 -0.01084531 -0.01189004 0.05846617 -0.01384531 -0.01189004 0.05846617 -0.01084531 0.01188996 0.05846617 -0.01384531 0.01188996 0.05846617 -0.01084531 0.02214416 0.05846617 -0.01384531 0.02214416 0.05846617 -0.01084531 0.02214416 0.05846617 -0.01084531 0.02214416 0.04303717 -0.01084531 0.02214416 0.05846617 -0.01384531 0.02214416 0.04303717 -0.01384531 0.02214416 0.04303717 -0.01384531 0.02214416 0.04303717 -0.01084531 0.02388996 0.04303717 -0.01384531 0.02388996 0.04303717 -0.01084531 0.05192026 0.04303717 -0.01384531 0.05192026 0.04303717 -0.01084531 0.06999746 0.04303717 -0.01384531 0.06999746 0.04303717 -0.01084531 -0.06999754 0.04303717 -0.01384531 -0.06999754 0.04303717 -0.01084531 -0.05192034 0.04303717 -0.01384531 -0.05192034 0.04303717 -0.01084531 -0.02389004 0.04303717 -0.01384531 -0.02389004 0.04303717 -0.01084531 -0.02214424 0.04303717 -0.01384531 -0.02214424 0.04303717 -0.01084531 -0.01928004 0.05532715 -0.01084531 -0.01928004 0.05532715 -0.01384531 -0.01922894 0.05571538 -0.01084531 -0.01922894 0.05571538 -0.01384531 -0.01907904 0.05607715 -0.01084531 -0.01907904 0.05607715 -0.01384531 -0.01884074 0.05638781 -0.01084531 -0.01884074 0.05638781 -0.01384531 -0.01853004 0.05662619 -0.01084531 -0.01853004 0.05662619 -0.01384531 -0.01816824 0.05677604 -0.01084531 -0.01816824 0.05677604 -0.01384531 -0.01778004 0.05682715 -0.01084531 -0.01778004 0.05682715 -0.01384531 -0.01739184 0.05677604 -0.01084531 -0.01739184 0.05677604 -0.01384531 -0.01703004 0.05662619 -0.01084531 -0.01703004 0.05662619 -0.01384531 -0.01671934 0.05638781 -0.01084531 -0.01671934 0.05638781 -0.01384531 -0.01648104 0.05607715 -0.01084531 -0.01648104 0.05607715 -0.01384531 -0.01633114 0.05571538 -0.01084531 -0.01633114 0.05571538 -0.01384531 -0.01628004 0.05532715 -0.01084531 -0.01628004 0.05532715 -0.01384531 -0.01633114 0.05493892 -0.01084531 -0.01633114 0.05493892 -0.01384531 -0.01648104 0.05457715 -0.01084531 -0.01648104 0.05457715 -0.01384531 -0.01671934 0.05426649 -0.01084531 -0.01671934 0.05426649 -0.01384531 -0.01703004 0.05402811 -0.01084531 -0.01703004 0.05402811 -0.01384531 -0.01739184 0.05387826 -0.01084531 -0.01739184 0.05387826 -0.01384531 -0.01778004 0.05382715 -0.01084531 -0.01778004 0.05382715 -0.01384531 -0.01816824 0.05387826 -0.01084531 -0.01816824 0.05387826 -0.01384531 -0.01853004 0.05402811 -0.01084531 -0.01853004 0.05402811 -0.01384531 -0.01884074 0.05426649 -0.01084531 -0.01884074 0.05426649 -0.01384531 -0.01907904 0.05457715 -0.01084531 -0.01907904 0.05457715 -0.01384531 -0.01922894 0.05493892 -0.01084531 -0.01922894 0.05493892 -0.01384531 -0.03150004 -0.01580343 -0.01084531 -0.03150004 -0.01580343 -0.01384531 -0.03144894 -0.01541523 -0.01084531 -0.03144894 -0.01541523 -0.01384531 -0.03129904 -0.01505343 -0.01084531 -0.03129904 -0.01505343 -0.01384531 -0.03106074 -0.01474283 -0.01084531 -0.03106074 -0.01474283 -0.01384531 -0.03075004 -0.01450443 -0.01084531 -0.03075004 -0.01450443 -0.01384531 -0.03038824 -0.01435463 -0.01084531 -0.03038824 -0.01435463 -0.01384531 -0.03000004 -0.01430343 -0.01084531 -0.03000004 -0.01430343 -0.01384531 -0.02961184 -0.01435463 -0.01084531 -0.02961184 -0.01435463 -0.01384531 -0.02925004 -0.01450443 -0.01084531 -0.02925004 -0.01450443 -0.01384531 -0.02893934 -0.01474283 -0.01084531 -0.02893934 -0.01474283 -0.01384531 -0.02870104 -0.01505343 -0.01084531 -0.02870104 -0.01505343 -0.01384531 -0.02855114 -0.01541523 -0.01084531 -0.02855114 -0.01541523 -0.01384531 -0.02850004 -0.01580343 -0.01084531 -0.02850004 -0.01580343 -0.01384531 -0.02855114 -0.01619173 -0.01084531 -0.02855114 -0.01619173 -0.01384531 -0.02870104 -0.01655343 -0.01084531 -0.02870104 -0.01655343 -0.01384531 -0.02893934 -0.01686413 -0.01084531 -0.02893934 -0.01686413 -0.01384531 -0.02925004 -0.01710253 -0.01084531 -0.02925004 -0.01710253 -0.01384531 -0.02961184 -0.01725233 -0.01084531 -0.02961184 -0.01725233 -0.01384531 -0.03000004 -0.01730343 -0.01084531 -0.03000004 -0.01730343 -0.01384531 -0.03038824 -0.01725233 -0.01084531 -0.03038824 -0.01725233 -0.01384531 -0.03075004 -0.01710253 -0.01084531 -0.03075004 -0.01710253 -0.01384531 -0.03106074 -0.01686413 -0.01084531 -0.03106074 -0.01686413 -0.01384531 -0.03129904 -0.01655343 -0.01084531 -0.03129904 -0.01655343 -0.01384531 -0.03144894 -0.01619173 -0.01084531 -0.03144894 -0.01619173 -0.01384531 -0.07534064 0.02803717 -0.01084531 -0.07534064 0.02803717 -0.01384531 -0.07528954 0.02842537 -0.01084531 -0.07528954 0.02842537 -0.01384531 -0.07513974 0.02878717 -0.01084531 -0.07513974 0.02878717 -0.01384531 -0.07490134 0.02909777 -0.01084531 -0.07490134 0.02909777 -0.01384531 -0.07459064 0.02933617 -0.01084531 -0.07459064 0.02933617 -0.01384531 -0.07422884 0.02948607 -0.01084531 -0.07422884 0.02948607 -0.01384531 -0.07384064 0.02953717 -0.01084531 -0.07384064 0.02953717 -0.01384531 -0.07345244 0.02948607 -0.01084531 -0.07345244 0.02948607 -0.01384531 -0.07309064 0.02933617 -0.01084531 -0.07309064 0.02933617 -0.01384531 -0.07278004 0.02909777 -0.01084531 -0.07278004 0.02909777 -0.01384531 -0.07254164 0.02878717 -0.01084531 -0.07254164 0.02878717 -0.01384531 -0.07239174 0.02842537 -0.01084531 -0.07239174 0.02842537 -0.01384531 -0.07234064 0.02803717 -0.01084531 -0.07234064 0.02803717 -0.01384531 -0.07239174 0.02764897 -0.01084531 -0.07239174 0.02764897 -0.01384531 -0.07254164 0.02728717 -0.01084531 -0.07254164 0.02728717 -0.01384531 -0.07278004 0.02697647 -0.01084531 -0.07278004 0.02697647 -0.01384531 -0.07309064 0.02673807 -0.01084531 -0.07309064 0.02673807 -0.01384531 -0.07345244 0.02658827 -0.01084531 -0.07345244 0.02658827 -0.01384531 -0.07384064 0.02653717 -0.01084531 -0.07384064 0.02653717 -0.01384531 -0.07422884 0.02658827 -0.01084531 -0.07422884 0.02658827 -0.01384531 -0.07459064 0.02673807 -0.01084531 -0.07459064 0.02673807 -0.01384531 -0.07490134 0.02697647 -0.01084531 -0.07490134 0.02697647 -0.01384531 -0.07513974 0.02728717 -0.01084531 -0.07513974 0.02728717 -0.01384531 -0.07528954 0.02764897 -0.01084531 -0.07528954 0.02764897 -0.01384531 -0.07534064 -0.01580343 -0.01084531 -0.07534064 -0.01580343 -0.01384531 -0.07528954 -0.01541523 -0.01084531 -0.07528954 -0.01541523 -0.01384531 -0.07513974 -0.01505343 -0.01084531 -0.07513974 -0.01505343 -0.01384531 -0.07490134 -0.01474283 -0.01084531 -0.07490134 -0.01474283 -0.01384531 -0.07459064 -0.01450443 -0.01084531 -0.07459064 -0.01450443 -0.01384531 -0.07422884 -0.01435463 -0.01084531 -0.07422884 -0.01435463 -0.01384531 -0.07384064 -0.01430343 -0.01084531 -0.07384064 -0.01430343 -0.01384531 -0.07345244 -0.01435463 -0.01084531 -0.07345244 -0.01435463 -0.01384531 -0.07309064 -0.01450443 -0.01084531 -0.07309064 -0.01450443 -0.01384531 -0.07278004 -0.01474283 -0.01084531 -0.07278004 -0.01474283 -0.01384531 -0.07254164 -0.01505343 -0.01084531 -0.07254164 -0.01505343 -0.01384531 -0.07239174 -0.01541523 -0.01084531 -0.07239174 -0.01541523 -0.01384531 -0.07234064 -0.01580343 -0.01084531 -0.07234064 -0.01580343 -0.01384531 -0.07239174 -0.01619173 -0.01084531 -0.07239174 -0.01619173 -0.01384531 -0.07254164 -0.01655343 -0.01084531 -0.07254164 -0.01655343 -0.01384531 -0.07278004 -0.01686413 -0.01084531 -0.07278004 -0.01686413 -0.01384531 -0.07309064 -0.01710253 -0.01084531 -0.07309064 -0.01710253 -0.01384531 -0.07345244 -0.01725233 -0.01084531 -0.07345244 -0.01725233 -0.01384531 -0.07384064 -0.01730343 -0.01084531 -0.07384064 -0.01730343 -0.01384531 -0.07422884 -0.01725233 -0.01084531 -0.07422884 -0.01725233 -0.01384531 -0.07459064 -0.01710253 -0.01084531 -0.07459064 -0.01710253 -0.01384531 -0.07490134 -0.01686413 -0.01084531 -0.07490134 -0.01686413 -0.01384531 -0.07513974 -0.01655343 -0.01084531 -0.07513974 -0.01655343 -0.01384531 -0.07528954 -0.01619173 -0.01084531 -0.07528954 -0.01619173 -0.01384531 -0.03150004 0.02803717 -0.01084531 -0.03150004 0.02803717 -0.01384531 -0.03144894 0.02842537 -0.01084531 -0.03144894 0.02842537 -0.01384531 -0.03129904 0.02878717 -0.01084531 -0.03129904 0.02878717 -0.01384531 -0.03106074 0.02909777 -0.01084531 -0.03106074 0.02909777 -0.01384531 -0.03075004 0.02933617 -0.01084531 -0.03075004 0.02933617 -0.01384531 -0.03038824 0.02948607 -0.01084531 -0.03038824 0.02948607 -0.01384531 -0.03000004 0.02953717 -0.01084531 -0.03000004 0.02953717 -0.01384531 -0.02961184 0.02948607 -0.01084531 -0.02961184 0.02948607 -0.01384531 -0.02925004 0.02933617 -0.01084531 -0.02925004 0.02933617 -0.01384531 -0.02893934 0.02909777 -0.01084531 -0.02893934 0.02909777 -0.01384531 -0.02870104 0.02878717 -0.01084531 -0.02870104 0.02878717 -0.01384531 -0.02855114 0.02842537 -0.01084531 -0.02855114 0.02842537 -0.01384531 -0.02850004 0.02803717 -0.01084531 -0.02850004 0.02803717 -0.01384531 -0.02855114 0.02764897 -0.01084531 -0.02855114 0.02764897 -0.01384531 -0.02870104 0.02728717 -0.01084531 -0.02870104 0.02728717 -0.01384531 -0.02893934 0.02697647 -0.01084531 -0.02893934 0.02697647 -0.01384531 -0.02925004 0.02673807 -0.01084531 -0.02925004 0.02673807 -0.01384531 -0.02961184 0.02658827 -0.01084531 -0.02961184 0.02658827 -0.01384531 -0.03000004 0.02653717 -0.01084531 -0.03000004 0.02653717 -0.01384531 -0.03038824 0.02658827 -0.01084531 -0.03038824 0.02658827 -0.01384531 -0.03075004 0.02673807 -0.01084531 -0.03075004 0.02673807 -0.01384531 -0.03106074 0.02697647 -0.01084531 -0.03106074 0.02697647 -0.01384531 -0.03129904 0.02728717 -0.01084531 -0.03129904 0.02728717 -0.01384531 -0.03144894 0.02764897 -0.01084531 -0.03144894 0.02764897 -0.01384531 0.07533686 0.04484097 0.04323179 0.06999746 0.04464887 0.04319359 0.07533646 0.04503717 0.04324469 0.06999746 0.04503717 0.04324469 0.07533686 0.04523357 0.04323179 0.06999746 0.04542537 0.04319359 0.06999746 0.04578717 0.04304369 0.07533786 0.04554887 0.04315469 0.07533756 0.04542537 0.04319359 0.07533746 0.04465097 0.04318539 0.07533786 0.04452537 0.04315469 0.06999746 0.04428717 0.04304369 0.07533786 0.04428717 0.04304369 0.06999746 0.04397647 0.04280539 0.07533786 0.04397647 0.04280539 0.06999746 0.04373807 0.04249469 0.07533786 0.04373807 0.04249469 0.06999746 0.04358827 0.04213289 0.07533786 0.04358827 0.04213289 0.06999746 0.04353717 0.04174469 0.07533786 0.04353717 0.04174469 0.06999746 0.04358827 0.04135649 0.07533786 0.04358827 0.04135649 0.06999746 0.04373807 0.04099469 0.07533786 0.04373807 0.04099469 0.06999746 0.04397647 0.04068399 0.07533786 0.04397647 0.04068399 0.06999746 0.04428717 0.04044569 0.07533786 0.04428717 0.04044569 0.06999746 0.04464887 0.04029579 0.07533786 0.04464887 0.04029579 0.06999746 0.04503717 0.04024469 0.07533786 0.04503717 0.04024469 0.06999746 0.04542537 0.04029579 0.07533786 0.04542537 0.04029579 0.06999746 0.04578717 0.04044569 0.07533786 0.04578717 0.04044569 0.06999746 0.04609777 0.04068399 0.07533786 0.04609777 0.04068399 0.06999746 0.04633617 0.04099469 0.07533786 0.04633617 0.04099469 0.06999746 0.04648607 0.04135649 0.07533786 0.04648607 0.04135649 0.06999746 0.04653717 0.04174469 0.07533786 0.04653717 0.04174469 0.06999746 0.04648607 0.04213289 0.07533786 0.04648607 0.04213289 0.06999746 0.04633617 0.04249469 0.07533786 0.04633617 0.04249469 0.06999746 0.04609777 0.04280539 0.07533786 0.04609777 0.04280539 0.07533786 0.04578717 0.04304369 -0.07533694 0.04523327 0.04323179 -0.06999754 0.04542537 0.04319359 -0.07533654 0.04503717 0.04324469 -0.06999754 0.04503717 0.04324469 -0.07533694 0.04484077 0.04323179 -0.06999754 0.04464887 0.04319359 -0.06999754 0.04428717 0.04304369 -0.07533794 0.04452537 0.04315469 -0.07533764 0.04464887 0.04319359 -0.07533754 0.04542337 0.04318539 -0.07533794 0.04554887 0.04315469 -0.06999754 0.04578717 0.04304369 -0.07533794 0.04578717 0.04304369 -0.06999754 0.04609777 0.04280539 -0.07533794 0.04609777 0.04280539 -0.06999754 0.04633617 0.04249469 -0.07533794 0.04633617 0.04249469 -0.06999754 0.04648607 0.04213289 -0.07533794 0.04648607 0.04213289 -0.06999754 0.04653717 0.04174469 -0.07533794 0.04653717 0.04174469 -0.06999754 0.04648607 0.04135649 -0.07533794 0.04648607 0.04135649 -0.06999754 0.04633617 0.04099469 -0.07533794 0.04633617 0.04099469 -0.06999754 0.04609777 0.04068399 -0.07533794 0.04609777 0.04068399 -0.06999754 0.04578717 0.04044569 -0.07533794 0.04578717 0.04044569 -0.06999754 0.04542537 0.04029579 -0.07533794 0.04542537 0.04029579 -0.06999754 0.04503717 0.04024469 -0.07533794 0.04503717 0.04024469 -0.06999754 0.04464887 0.04029579 -0.07533794 0.04464887 0.04029579 -0.06999754 0.04428717 0.04044569 -0.07533794 0.04428717 0.04044569 -0.06999754 0.04397647 0.04068399 -0.07533794 0.04397647 0.04068399 -0.06999754 0.04373807 0.04099469 -0.07533794 0.04373807 0.04099469 -0.06999754 0.04358827 0.04135649 -0.07533794 0.04358827 0.04135649 -0.06999754 0.04353717 0.04174469 -0.07533794 0.04353717 0.04174469 -0.06999754 0.04358827 0.04213289 -0.07533794 0.04358827 0.04213289 -0.06999754 0.04373807 0.04249469 -0.07533794 0.04373807 0.04249469 -0.06999754 0.04397647 0.04280539 -0.07533794 0.04397647 0.04280539 -0.07533794 0.04428717 0.04304369 -0.06999754 0.04503717 0.02624469 -0.07533794 0.04503717 0.02624469 -0.06999754 0.04542537 0.02619359 -0.07533794 0.04542537 0.02619359 -0.06999754 0.04578717 0.02604369 -0.07533794 0.04578717 0.02604369 -0.06999754 0.04609777 0.02580539 -0.07533794 0.04609777 0.02580539 -0.06999754 0.04633617 0.02549469 -0.07533794 0.04633617 0.02549469 -0.06999754 0.04648607 0.02513289 -0.07533794 0.04648607 0.02513289 -0.06999754 0.04653717 0.02474469 -0.07533794 0.04653717 0.02474469 -0.06999754 0.04648607 0.02435649 -0.07533794 0.04648607 0.02435649 -0.06999754 0.04633617 0.02399469 -0.07533794 0.04633617 0.02399469 -0.06999754 0.04609777 0.02368399 -0.07533794 0.04609777 0.02368399 -0.06999754 0.04578717 0.02344569 -0.07533794 0.04578717 0.02344569 -0.06999754 0.04542537 0.02329579 -0.07533794 0.04542537 0.02329579 -0.06999754 0.04503717 0.02324469 -0.07533794 0.04503717 0.02324469 -0.06999754 0.04464887 0.02329579 -0.07533794 0.04464887 0.02329579 -0.06999754 0.04428717 0.02344569 -0.07533794 0.04428717 0.02344569 -0.06999754 0.04397647 0.02368399 -0.07533794 0.04397647 0.02368399 -0.06999754 0.04373807 0.02399469 -0.07533794 0.04373807 0.02399469 -0.06999754 0.04358827 0.02435649 -0.07533794 0.04358827 0.02435649 -0.06999754 0.04353717 0.02474469 -0.07533794 0.04353717 0.02474469 -0.06999754 0.04358827 0.02513289 -0.07533794 0.04358827 0.02513289 -0.06999754 0.04373807 0.02549469 -0.07533794 0.04373807 0.02549469 -0.06999754 0.04397647 0.02580539 -0.07533794 0.04397647 0.02580539 -0.06999754 0.04428717 0.02604369 -0.07533794 0.04428717 0.02604369 -0.06999754 0.04464887 0.02619359 -0.07533794 0.04464887 0.02619359 -0.06999754 0.04503717 0.009244685 -0.07533794 0.04503717 0.009244685 -0.06999754 0.04542537 0.009193585 -0.07533794 0.04542537 0.009193585 -0.06999754 0.04578717 0.009043685 -0.07533794 0.04578717 0.009043685 -0.06999754 0.04609777 0.008805385 -0.07533794 0.04609777 0.008805385 -0.06999754 0.04633617 0.008494685 -0.07533794 0.04633617 0.008494685 -0.06999754 0.04648607 0.008132885 -0.07533794 0.04648607 0.008132885 -0.06999754 0.04653717 0.007744685 -0.07533794 0.04653717 0.007744685 -0.06999754 0.04648607 0.007356485 -0.07533794 0.04648607 0.007356485 -0.06999754 0.04633617 0.006994685 -0.07533794 0.04633617 0.006994685 -0.06999754 0.04609777 0.006683985 -0.07533794 0.04609777 0.006683985 -0.06999754 0.04578717 0.006445685 -0.07533794 0.04578717 0.006445685 -0.06999754 0.04542537 0.006295785 -0.07533794 0.04542537 0.006295785 -0.06999754 0.04503717 0.006244685 -0.07533794 0.04503717 0.006244685 -0.06999754 0.04464887 0.006295785 -0.07533794 0.04464887 0.006295785 -0.06999754 0.04428717 0.006445685 -0.07533794 0.04428717 0.006445685 -0.06999754 0.04397647 0.006683985 -0.07533794 0.04397647 0.006683985 -0.06999754 0.04373807 0.006994685 -0.07533794 0.04373807 0.006994685 -0.06999754 0.04358827 0.007356485 -0.07533794 0.04358827 0.007356485 -0.06999754 0.04353717 0.007744685 -0.07533794 0.04353717 0.007744685 -0.06999754 0.04358827 0.008132885 -0.07533794 0.04358827 0.008132885 -0.06999754 0.04373807 0.008494685 -0.07533794 0.04373807 0.008494685 -0.06999754 0.04397647 0.008805385 -0.07533794 0.04397647 0.008805385 -0.06999754 0.04428717 0.009043685 -0.07533794 0.04428717 0.009043685 -0.06999754 0.04464887 0.009193585 -0.07533794 0.04464887 0.009193585 0.07533786 0.04503717 0.02624469 0.06999746 0.04503717 0.02624469 0.07533786 0.04542537 0.02619359 0.06999746 0.04542537 0.02619359 0.07533786 0.04578717 0.02604369 0.06999746 0.04578717 0.02604369 0.07533786 0.04609777 0.02580539 0.06999746 0.04609777 0.02580539 0.07533786 0.04633617 0.02549469 0.06999746 0.04633617 0.02549469 0.07533786 0.04648607 0.02513289 0.06999746 0.04648607 0.02513289 0.07533786 0.04653717 0.02474469 0.06999746 0.04653717 0.02474469 0.07533786 0.04648607 0.02435649 0.06999746 0.04648607 0.02435649 0.07533786 0.04633617 0.02399469 0.06999746 0.04633617 0.02399469 0.07533786 0.04609777 0.02368399 0.06999746 0.04609777 0.02368399 0.07533786 0.04578717 0.02344569 0.06999746 0.04578717 0.02344569 0.07533786 0.04542537 0.02329579 0.06999746 0.04542537 0.02329579 0.07533786 0.04503717 0.02324469 0.06999746 0.04503717 0.02324469 0.07533786 0.04464887 0.02329579 0.06999746 0.04464887 0.02329579 0.07533786 0.04428717 0.02344569 0.06999746 0.04428717 0.02344569 0.07533786 0.04397647 0.02368399 0.06999746 0.04397647 0.02368399 0.07533786 0.04373807 0.02399469 0.06999746 0.04373807 0.02399469 0.07533786 0.04358827 0.02435649 0.06999746 0.04358827 0.02435649 0.07533786 0.04353717 0.02474469 0.06999746 0.04353717 0.02474469 0.07533786 0.04358827 0.02513289 0.06999746 0.04358827 0.02513289 0.07533786 0.04373807 0.02549469 0.06999746 0.04373807 0.02549469 0.07533786 0.04397647 0.02580539 0.06999746 0.04397647 0.02580539 0.07533786 0.04428717 0.02604369 0.06999746 0.04428717 0.02604369 0.07533786 0.04464887 0.02619359 0.06999746 0.04464887 0.02619359 0.07533786 0.04503717 0.009244685 0.06999746 0.04503717 0.009244685 0.07533786 0.04542537 0.009193585 0.06999746 0.04542537 0.009193585 0.07533786 0.04578717 0.009043685 0.06999746 0.04578717 0.009043685 0.07533786 0.04609777 0.008805385 0.06999746 0.04609777 0.008805385 0.07533786 0.04633617 0.008494685 0.06999746 0.04633617 0.008494685 0.07533786 0.04648607 0.008132885 0.06999746 0.04648607 0.008132885 0.07533786 0.04653717 0.007744685 0.06999746 0.04653717 0.007744685 0.07533786 0.04648607 0.007356485 0.06999746 0.04648607 0.007356485 0.07533786 0.04633617 0.006994685 0.06999746 0.04633617 0.006994685 0.07533786 0.04609777 0.006683985 0.06999746 0.04609777 0.006683985 0.07533786 0.04578717 0.006445685 0.06999746 0.04578717 0.006445685 0.07533786 0.04542537 0.006295785 0.06999746 0.04542537 0.006295785 0.07533786 0.04503717 0.006244685 0.06999746 0.04503717 0.006244685 0.07533786 0.04464887 0.006295785 0.06999746 0.04464887 0.006295785 0.07533786 0.04428717 0.006445685 0.06999746 0.04428717 0.006445685 0.07533786 0.04397647 0.006683985 0.06999746 0.04397647 0.006683985 0.07533786 0.04373807 0.006994685 0.06999746 0.04373807 0.006994685 0.07533786 0.04358827 0.007356485 0.06999746 0.04358827 0.007356485 0.07533786 0.04353717 0.007744685 0.06999746 0.04353717 0.007744685 0.07533786 0.04358827 0.008132885 0.06999746 0.04358827 0.008132885 0.07533786 0.04373807 0.008494685 0.06999746 0.04373807 0.008494685 0.07533786 0.04397647 0.008805385 0.06999746 0.04397647 0.008805385 0.07533786 0.04428717 0.009043685 0.06999746 0.04428717 0.009043685 0.07533786 0.04464887 0.009193585 0.06999746 0.04464887 0.009193585 -0.006245039 -0.03385173 0.02615469 -0.006245039 -0.03685173 0.02615469 -0.007286419 -0.03385173 0.02445749 -0.007286419 -0.03685173 0.02445749 -0.007876399 -0.03385173 0.02255569 -0.007876399 -0.03685173 0.02255569 -0.007978429 -0.03385173 0.02056709 -0.007978429 -0.03685173 0.02056709 -0.007586189 -0.03385173 0.01861499 -0.007586189 -0.03685173 0.01861499 -0.006723969 -0.03385173 0.01682009 -0.006723969 -0.03685173 0.01682009 -0.005445199 -0.03385173 0.01529379 -0.005445199 -0.03685173 0.01529379 -0.003829089 -0.03385173 0.01413059 -0.003829089 -0.03685173 0.01413059 -0.001975759 -0.03385173 0.01340249 -0.001975759 -0.03685173 0.01340249 -3.880569e-08 -0.03385173 0.01315469 -3.880569e-08 -0.03685173 0.01315469 0.001975681 -0.03385173 0.01340249 0.001975681 -0.03685173 0.01340249 0.003829011 -0.03385173 0.01413059 0.003829011 -0.03685173 0.01413059 0.005445121 -0.03385173 0.01529379 0.005445121 -0.03685173 0.01529379 0.006723891 -0.03385173 0.01682009 0.006723891 -0.03685173 0.01682009 0.007586111 -0.03385173 0.01861499 0.007586111 -0.03685173 0.01861499 0.007978351 -0.03385173 0.02056709 0.007978351 -0.03685173 0.02056709 0.007876321 -0.03385173 0.02255569 0.007876321 -0.03685173 0.02255569 0.007286341 -0.03385173 0.02445749 0.007286341 -0.03685173 0.02445749 0.006244961 -0.03385173 0.02615469 0.006244961 -0.03685173 0.02615469 -0.01150004 -0.03385173 -0.005845315 -0.01150004 -0.03685173 -0.005845315 -0.01124124 -0.03385173 -0.005811245 -0.01124124 -0.03685173 -0.005811245 -0.01100004 -0.03385173 -0.005711335 -0.01100004 -0.03685173 -0.005711335 -0.01079294 -0.03385173 -0.005552425 -0.01079294 -0.03685173 -0.005552425 -0.01063404 -0.03385173 -0.005345315 -0.01063404 -0.03685173 -0.005345315 -0.01053414 -0.03385173 -0.005104135 -0.01053414 -0.03685173 -0.005104135 -0.01050004 -0.03385173 -0.004845315 -0.01050004 -0.03685173 -0.004845315 -0.01053414 -0.03385173 -0.004586495 -0.01053414 -0.03685173 -0.004586495 -0.01063404 -0.03385173 -0.004345315 -0.01063404 -0.03685173 -0.004345315 -0.01079294 -0.03385173 -0.004138205 -0.01079294 -0.03685173 -0.004138205 -0.01100004 -0.03385173 -0.003979295 -0.01100004 -0.03685173 -0.003979295 -0.01124124 -0.03385173 -0.003879385 -0.01124124 -0.03685173 -0.003879385 -0.01150004 -0.03385173 -0.003845315 -0.01150004 -0.03685173 -0.003845315 -0.01175884 -0.03385173 -0.003879385 -0.01175884 -0.03685173 -0.003879385 -0.01200004 -0.03385173 -0.003979295 -0.01200004 -0.03685173 -0.003979295 -0.01220714 -0.03385173 -0.004138205 -0.01220714 -0.03685173 -0.004138205 -0.01236604 -0.03385173 -0.004345315 -0.01236604 -0.03685173 -0.004345315 -0.01246594 -0.03385173 -0.004586495 -0.01246594 -0.03685173 -0.004586495 -0.01250004 -0.03385173 -0.004845315 -0.01250004 -0.03685173 -0.004845315 -0.01246594 -0.03385173 -0.005104135 -0.01246594 -0.03685173 -0.005104135 -0.01236604 -0.03385173 -0.005345315 -0.01236604 -0.03685173 -0.005345315 -0.01220714 -0.03385173 -0.005552425 -0.01220714 -0.03685173 -0.005552425 -0.01200004 -0.03385173 -0.005711335 -0.01200004 -0.03685173 -0.005711335 -0.01175884 -0.03385173 -0.005811245 -0.01175884 -0.03685173 -0.005811245 0.01149996 -0.03385173 -0.005845315 0.01149996 -0.03685173 -0.005845315 0.01175876 -0.03385173 -0.005811245 0.01175876 -0.03685173 -0.005811245 0.01199996 -0.03385173 -0.005711335 0.01199996 -0.03685173 -0.005711335 0.01220706 -0.03385173 -0.005552425 0.01220706 -0.03685173 -0.005552425 0.01236596 -0.03385173 -0.005345315 0.01236596 -0.03685173 -0.005345315 0.01246586 -0.03385173 -0.005104135 0.01246586 -0.03685173 -0.005104135 0.01249996 -0.03385173 -0.004845315 0.01249996 -0.03685173 -0.004845315 0.01246586 -0.03385173 -0.004586495 0.01246586 -0.03685173 -0.004586495 0.01236596 -0.03385173 -0.004345315 0.01236596 -0.03685173 -0.004345315 0.01220706 -0.03385173 -0.004138205 0.01220706 -0.03685173 -0.004138205 0.01199996 -0.03385173 -0.003979295 0.01199996 -0.03685173 -0.003979295 0.01175876 -0.03385173 -0.003879385 0.01175876 -0.03685173 -0.003879385 0.01149996 -0.03385173 -0.003845315 0.01149996 -0.03685173 -0.003845315 0.01124116 -0.03385173 -0.003879385 0.01124116 -0.03685173 -0.003879385 0.01099996 -0.03385173 -0.003979295 0.01099996 -0.03685173 -0.003979295 0.01079286 -0.03385173 -0.004138205 0.01079286 -0.03685173 -0.004138205 0.01063396 -0.03385173 -0.004345315 0.01063396 -0.03685173 -0.004345315 0.01053406 -0.03385173 -0.004586495 0.01053406 -0.03685173 -0.004586495 0.01049996 -0.03385173 -0.004845315 0.01049996 -0.03685173 -0.004845315 0.01053406 -0.03385173 -0.005104135 0.01053406 -0.03685173 -0.005104135 0.01063396 -0.03385173 -0.005345315 0.01063396 -0.03685173 -0.005345315 0.01079286 -0.03385173 -0.005552425 0.01079286 -0.03685173 -0.005552425 0.01099996 -0.03385173 -0.005711335 0.01099996 -0.03685173 -0.005711335 0.01124116 -0.03385173 -0.005811245 0.01124116 -0.03685173 -0.005811245 -0.007500039 -0.02793623 -0.01084531 -0.007500039 -0.02793623 -0.01384531 0.007499961 -0.02793623 -0.01084531 0.007499961 -0.02793623 -0.01384531 0.007499961 -0.02793623 -0.01084531 0.007499961 -0.02793623 -0.01384531 0.007499961 -0.03093623 -0.01084531 0.007499961 -0.03093623 -0.01384531 0.007499961 -0.03093623 -0.01084531 0.007499961 -0.03093623 -0.01384531 -0.007500039 -0.03093623 -0.01084531 -0.007500039 -0.03093623 -0.01384531 -0.007500039 -0.03093623 -0.01084531 -0.007500039 -0.03093623 -0.01384531 -0.007500039 -0.02793623 -0.01084531 -0.007500039 -0.02793623 -0.01384531 -0.08794754 -0.02685173 0.02469009 -0.09094754 -0.02685173 0.02469009 -0.08794754 -0.02646353 0.02463899 -0.09094754 -0.02646353 0.02463899 -0.08794754 -0.02610173 0.02448909 -0.09094754 -0.02610173 0.02448909 -0.08794754 -0.02579103 0.02425079 -0.09094754 -0.02579103 0.02425079 -0.08794754 -0.02555273 0.02394009 -0.09094754 -0.02555273 0.02394009 -0.08794754 -0.02540283 0.02357829 -0.09094754 -0.02540283 0.02357829 -0.08794754 -0.02535173 0.02319009 -0.09094754 -0.02535173 0.02319009 -0.08794754 -0.02540283 0.02280189 -0.09094754 -0.02540283 0.02280189 -0.08794754 -0.02555273 0.02244009 -0.09094754 -0.02555273 0.02244009 -0.08794754 -0.02579103 0.02212939 -0.09094754 -0.02579103 0.02212939 -0.08794754 -0.02610173 0.02189109 -0.09094754 -0.02610173 0.02189109 -0.08794754 -0.02646353 0.02174119 -0.09094754 -0.02646353 0.02174119 -0.08794754 -0.02685173 0.02169009 -0.09094754 -0.02685173 0.02169009 -0.08794754 -0.02723993 0.02174119 -0.09094754 -0.02723993 0.02174119 -0.08794754 -0.02760173 0.02189109 -0.09094754 -0.02760173 0.02189109 -0.08794754 -0.02791243 0.02212939 -0.09094754 -0.02791243 0.02212939 -0.08794754 -0.02815073 0.02244009 -0.09094754 -0.02815073 0.02244009 -0.08794754 -0.02830063 0.02280189 -0.09094754 -0.02830063 0.02280189 -0.08794754 -0.02835173 0.02319009 -0.09094754 -0.02835173 0.02319009 -0.08794754 -0.02830063 0.02357829 -0.09094754 -0.02830063 0.02357829 -0.08794754 -0.02815073 0.02394009 -0.09094754 -0.02815073 0.02394009 -0.08794754 -0.02791243 0.02425079 -0.09094754 -0.02791243 0.02425079 -0.08794754 -0.02760173 0.02448909 -0.09094754 -0.02760173 0.02448909 -0.08794754 -0.02723993 0.02463899 -0.09094754 -0.02723993 0.02463899 -0.08794754 0.01798827 0.02469009 -0.09094754 0.01798827 0.02469009 -0.08794754 0.01837647 0.02463899 -0.09094754 0.01837647 0.02463899 -0.08794754 0.01873827 0.02448909 -0.09094754 0.01873827 0.02448909 -0.08794754 0.01904897 0.02425079 -0.09094754 0.01904897 0.02425079 -0.08794754 0.01928727 0.02394009 -0.09094754 0.01928727 0.02394009 -0.08794754 0.01943717 0.02357829 -0.09094754 0.01943717 0.02357829 -0.08794754 0.01948827 0.02319009 -0.09094754 0.01948827 0.02319009 -0.08794754 0.01943717 0.02280189 -0.09094754 0.01943717 0.02280189 -0.08794754 0.01928727 0.02244009 -0.09094754 0.01928727 0.02244009 -0.08794754 0.01904897 0.02212939 -0.09094754 0.01904897 0.02212939 -0.08794754 0.01873827 0.02189109 -0.09094754 0.01873827 0.02189109 -0.08794754 0.01837647 0.02174119 -0.09094754 0.01837647 0.02174119 -0.08794754 0.01798827 0.02169009 -0.09094754 0.01798827 0.02169009 -0.08794754 0.01760007 0.02174119 -0.09094754 0.01760007 0.02174119 -0.08794754 0.01723827 0.02189109 -0.09094754 0.01723827 0.02189109 -0.08794754 0.01692757 0.02212939 -0.09094754 0.01692757 0.02212939 -0.08794754 0.01668927 0.02244009 -0.09094754 0.01668927 0.02244009 -0.08794754 0.01653937 0.02280189 -0.09094754 0.01653937 0.02280189 -0.08794754 0.01648827 0.02319009 -0.09094754 0.01648827 0.02319009 -0.08794754 0.01653937 0.02357829 -0.09094754 0.01653937 0.02357829 -0.08794754 0.01668927 0.02394009 -0.09094754 0.01668927 0.02394009 -0.08794754 0.01692757 0.02425079 -0.09094754 0.01692757 0.02425079 -0.08794754 0.01723827 0.02448909 -0.09094754 0.01723827 0.02448909 -0.08794754 0.01760007 0.02463899 -0.09094754 0.01760007 0.02463899 0.09094746 -0.02685173 0.02469009 0.08794746 -0.02685173 0.02469009 0.09094746 -0.02646353 0.02463899 0.08794746 -0.02646353 0.02463899 0.09094746 -0.02610173 0.02448909 0.08794746 -0.02610173 0.02448909 0.09094746 -0.02579103 0.02425079 0.08794746 -0.02579103 0.02425079 0.09094746 -0.02555273 0.02394009 0.08794746 -0.02555273 0.02394009 0.09094746 -0.02540283 0.02357829 0.08794746 -0.02540283 0.02357829 0.09094746 -0.02535173 0.02319009 0.08794746 -0.02535173 0.02319009 0.09094746 -0.02540283 0.02280189 0.08794746 -0.02540283 0.02280189 0.09094746 -0.02555273 0.02244009 0.08794746 -0.02555273 0.02244009 0.09094746 -0.02579103 0.02212939 0.08794746 -0.02579103 0.02212939 0.09094746 -0.02610173 0.02189109 0.08794746 -0.02610173 0.02189109 0.09094746 -0.02646353 0.02174119 0.08794746 -0.02646353 0.02174119 0.09094746 -0.02685173 0.02169009 0.08794746 -0.02685173 0.02169009 0.09094746 -0.02723993 0.02174119 0.08794746 -0.02723993 0.02174119 0.09094746 -0.02760173 0.02189109 0.08794746 -0.02760173 0.02189109 0.09094746 -0.02791243 0.02212939 0.08794746 -0.02791243 0.02212939 0.09094746 -0.02815073 0.02244009 0.08794746 -0.02815073 0.02244009 0.09094746 -0.02830063 0.02280189 0.08794746 -0.02830063 0.02280189 0.09094746 -0.02835173 0.02319009 0.08794746 -0.02835173 0.02319009 0.09094746 -0.02830063 0.02357829 0.08794746 -0.02830063 0.02357829 0.09094746 -0.02815073 0.02394009 0.08794746 -0.02815073 0.02394009 0.09094746 -0.02791243 0.02425079 0.08794746 -0.02791243 0.02425079 0.09094746 -0.02760173 0.02448909 0.08794746 -0.02760173 0.02448909 0.09094746 -0.02723993 0.02463899 0.08794746 -0.02723993 0.02463899 0.09094746 0.01798827 0.02469009 0.08794746 0.01798827 0.02469009 0.09094746 0.01837647 0.02463899 0.08794746 0.01837647 0.02463899 0.09094746 0.01873827 0.02448909 0.08794746 0.01873827 0.02448909 0.09094746 0.01904897 0.02425079 0.08794746 0.01904897 0.02425079 0.09094746 0.01928727 0.02394009 0.08794746 0.01928727 0.02394009 0.09094746 0.01943717 0.02357829 0.08794746 0.01943717 0.02357829 0.09094746 0.01948827 0.02319009 0.08794746 0.01948827 0.02319009 0.09094746 0.01943717 0.02280189 0.08794746 0.01943717 0.02280189 0.09094746 0.01928727 0.02244009 0.08794746 0.01928727 0.02244009 0.09094746 0.01904897 0.02212939 0.08794746 0.01904897 0.02212939 0.09094746 0.01873827 0.02189109 0.08794746 0.01873827 0.02189109 0.09094746 0.01837647 0.02174119 0.08794746 0.01837647 0.02174119 0.09094746 0.01798827 0.02169009 0.08794746 0.01798827 0.02169009 0.09094746 0.01760007 0.02174119 0.08794746 0.01760007 0.02174119 0.09094746 0.01723827 0.02189109 0.08794746 0.01723827 0.02189109 0.09094746 0.01692757 0.02212939 0.08794746 0.01692757 0.02212939 0.09094746 0.01668927 0.02244009 0.08794746 0.01668927 0.02244009 0.09094746 0.01653937 0.02280189 0.08794746 0.01653937 0.02280189 0.09094746 0.01648827 0.02319009 0.08794746 0.01648827 0.02319009 0.09094746 0.01653937 0.02357829 0.08794746 0.01653937 0.02357829 0.09094746 0.01668927 0.02394009 0.08794746 0.01668927 0.02394009 0.09094746 0.01692757 0.02425079 0.08794746 0.01692757 0.02425079 0.09094746 0.01723827 0.02448909 0.08794746 0.01723827 0.02448909 0.09094746 0.01760007 0.02463899 0.08794746 0.01760007 0.02463899 0.04499996 -0.03385173 0.02215469 0.04499996 -0.03685173 0.02215469 0.04538816 -0.03385173 0.02220579 0.04538816 -0.03685173 0.02220579 0.04574996 -0.03385173 0.02235569 0.04574996 -0.03685173 0.02235569 0.04606066 -0.03385173 0.02259399 0.04606066 -0.03685173 0.02259399 0.04629896 -0.03385173 0.02290469 0.04629896 -0.03685173 0.02290469 0.04644886 -0.03385173 0.02326649 0.04644886 -0.03685173 0.02326649 0.04649996 -0.03385173 0.02365469 0.04649996 -0.03685173 0.02365469 0.04644886 -0.03385173 0.02404289 0.04644886 -0.03685173 0.02404289 0.04629896 -0.03385173 0.02440469 0.04629896 -0.03685173 0.02440469 0.04606066 -0.03385173 0.02471539 0.04606066 -0.03685173 0.02471539 0.04574996 -0.03385173 0.02495369 0.04574996 -0.03685173 0.02495369 0.04538816 -0.03385173 0.02510359 0.04538816 -0.03685173 0.02510359 0.04499996 -0.03385173 0.02515469 0.04499996 -0.03685173 0.02515469 0.04461176 -0.03385173 0.02510359 0.04461176 -0.03685173 0.02510359 0.04424996 -0.03385173 0.02495369 0.04424996 -0.03685173 0.02495369 0.04393926 -0.03385173 0.02471539 0.04393926 -0.03685173 0.02471539 0.04370096 -0.03385173 0.02440469 0.04370096 -0.03685173 0.02440469 0.04355106 -0.03385173 0.02404289 0.04355106 -0.03685173 0.02404289 0.04349996 -0.03385173 0.02365469 0.04349996 -0.03685173 0.02365469 0.04355106 -0.03385173 0.02326649 0.04355106 -0.03685173 0.02326649 0.04370096 -0.03385173 0.02290469 0.04370096 -0.03685173 0.02290469 0.04393926 -0.03385173 0.02259399 0.04393926 -0.03685173 0.02259399 0.04424996 -0.03385173 0.02235569 0.04424996 -0.03685173 0.02235569 0.04461176 -0.03385173 0.02220579 0.04461176 -0.03685173 0.02220579 -0.04500004 -0.03385173 0.02215469 -0.04500004 -0.03685173 0.02215469 -0.04461184 -0.03385173 0.02220579 -0.04461184 -0.03685173 0.02220579 -0.04425004 -0.03385173 0.02235569 -0.04425004 -0.03685173 0.02235569 -0.04393934 -0.03385173 0.02259399 -0.04393934 -0.03685173 0.02259399 -0.04370104 -0.03385173 0.02290469 -0.04370104 -0.03685173 0.02290469 -0.04355114 -0.03385173 0.02326649 -0.04355114 -0.03685173 0.02326649 -0.04350004 -0.03385173 0.02365469 -0.04350004 -0.03685173 0.02365469 -0.04355114 -0.03385173 0.02404289 -0.04355114 -0.03685173 0.02404289 -0.04370104 -0.03385173 0.02440469 -0.04370104 -0.03685173 0.02440469 -0.04393934 -0.03385173 0.02471539 -0.04393934 -0.03685173 0.02471539 -0.04425004 -0.03385173 0.02495369 -0.04425004 -0.03685173 0.02495369 -0.04461184 -0.03385173 0.02510359 -0.04461184 -0.03685173 0.02510359 -0.04500004 -0.03385173 0.02515469 -0.04500004 -0.03685173 0.02515469 -0.04538824 -0.03385173 0.02510359 -0.04538824 -0.03685173 0.02510359 -0.04575004 -0.03385173 0.02495369 -0.04575004 -0.03685173 0.02495369 -0.04606074 -0.03385173 0.02471539 -0.04606074 -0.03685173 0.02471539 -0.04629904 -0.03385173 0.02440469 -0.04629904 -0.03685173 0.02440469 -0.04644894 -0.03385173 0.02404289 -0.04644894 -0.03685173 0.02404289 -0.04650004 -0.03385173 0.02365469 -0.04650004 -0.03685173 0.02365469 -0.04644894 -0.03385173 0.02326649 -0.04644894 -0.03685173 0.02326649 -0.04629904 -0.03385173 0.02290469 -0.04629904 -0.03685173 0.02290469 -0.04606074 -0.03385173 0.02259399 -0.04606074 -0.03685173 0.02259399 -0.04575004 -0.03385173 0.02235569 -0.04575004 -0.03685173 0.02235569 -0.04538824 -0.03385173 0.02220579 -0.04538824 -0.03685173 0.02220579</float_array>
          <technique_common>
            <accessor count="3631" source="#verts-array-array" stride="3">
              <param type="float" name="X"/>
              <param type="float" name="Y"/>
              <param type="float" name="Z"/>
            </accessor>
          </technique_common>
        </source>
        <source id="normals-array">
          <float_array count="10893" id="normals-array-array">0 -0.0512587 0.9986854 0 -0.0512587 0.9986854 0 0 1 0 0 1 0 0 1 0 0 1 0 0 1 0 0 1 0 0 1 0 0 1 0 0 1 0 0 1 0 -0.0512587 0.9986854 0 -0.0512587 0.9986854 0 0 1 0 0 1 0 0 1 0 0 1 0 0 1 0 0 1 0 0 1 0 0 1 0 0 1 0 0 1 0.01174259 -0.9213102 0.3886511 0 -0.9442682 0.3291772 0.0271197 -0.9398605 0.3404801 0.08195408 -0.967665 0.2385541 0.08207947 -0.9676555 0.2385495 0.02699705 -0.9632428 0.2672724 0.07052547 -0.9676357 0.2422961 0.02112689 -0.899197 0.4370336 0.01234313 -0.8495863 0.5273052 0.003605145 -0.8730702 0.4875813 0 -0.2036943 0.9790345 0 -0.2036943 0.9790345 0 -0.3988602 0.9170117 0 -0.3988602 0.9170117 0 -0.5772889 0.81654 0 -0.5772889 0.81654 0 -0.7315106 0.6818301 0 -0.7315106 0.6818301 0 -0.8303475 0.5572459 -0.01177808 -0.9212635 0.3887607 -0.02111129 -0.8991463 0.4371386 -0.02711084 -0.9398486 0.3405137 -0.01234344 -0.8495891 0.5273007 -0.09556919 -0.9664874 0.2382616 -0.09199857 -0.9667981 0.2384066 -0.06988694 -0.9676326 0.2424933 -0.02698467 -0.9632399 0.2672838 0 -0.9442682 0.3291772 -0.003595501 -0.8730374 0.48764 0 -0.8303475 0.5572459 0 -0.7315106 0.6818301 0 -0.7315106 0.6818301 0 -0.5772889 0.81654 0 -0.5772889 0.81654 0 -0.3988602 0.9170117 0 -0.3988602 0.9170117 0 -0.2036943 0.9790345 0 -0.2036943 0.9790345 0.9954393 -0.0196523 0.09335056 0.9649867 0.03787824 0.2595493 0.9961403 -0.01424191 0.08661235 0.9970748 0.03946054 0.06545756 0.9926209 -0.008796936 0.1209398 0.986058 0.007364267 0.1662392 0.9904465 0.001664166 0.1378873 0.9978561 0.01015258 0.06465417 0.965926 7.89335e-05 0.2588183 0.9989335 0.01030424 0.0450085 0.9978601 0 0.06538534 0.8660054 0 0.5000346 0.8646704 0.03424645 0.501171 0.7071068 0 0.7071068 0.7051758 0.02789155 0.7084837 0.5000135 0 0.8660176 0.4974387 0.01961427 0.8672773 0.2587957 0 0.9659321 0.2557096 0.01000504 0.9667019 0.06539365 0 0.9978595 0.06375614 0.002457834 0.9979625 0.8449749 0.5308116 -0.06524112 0.7997375 0.5967455 -0.06568736 0.7738067 0.5773778 -0.2604958 0.2066124 0.9762679 -0.06490293 0.1640603 0.9840183 -0.06922565 0.1635947 0.9513079 -0.2612472 0.130525 0.0104818 -0.9913896 0.06374618 0.002492796 -0.997963 0.25568 0.01014853 -0.9667082 0.01767629 0.05951056 -0.9980712 0.02694685 0.05592771 -0.9980711 0.07191761 0.2421304 -0.9675747 0.1096417 0.2275497 -0.9675742 0.1409309 0.4744876 -0.8689074 0.2148483 0.4458996 -0.8689153 0.2003785 0.674588 -0.7104783 0.3054628 0.6339852 -0.7104612 0.2461141 0.8285444 -0.5029334 0.3751664 0.7786797 -0.5028996 0.274901 0.9255204 -0.260464 0.4190692 0.8697808 -0.2605041 0.2839954 0.9565951 -0.06536319 0.03552321 0.05090544 -0.9980715 0.04319139 0.04458624 -0.9980714 0.1445508 0.2071496 -0.9675712 0.1757442 0.1814235 -0.967574 0.2832586 0.4059275 -0.8689001 0.3443914 0.3555152 -0.8689094 0.40272 0.5771261 -0.710452 0.4896595 0.5054715 -0.7104451 0.4946226 0.7088223 -0.502911 0.6013973 0.620822 -0.5028929 0.5524978 0.7917637 -0.2604926 0.6717575 0.6934518 -0.260512 0.05503897 0.02870711 -0.9980714 0.05891298 0.01955639 -0.9980715 0.2239551 0.1168095 -0.9675741 0.2397325 0.07958702 -0.9675713 0.438871 0.2289108 -0.8689028 0.4697776 0.1559496 -0.8689009 0.6239696 0.3254655 -0.7104464 0.6679014 0.2217236 -0.710455 0.7663641 0.3997322 -0.5028918 0.8203274 0.2723238 -0.5028943 0.8560273 0.4465083 -0.2604758 0.9162999 0.3041821 -0.2605145 0.8847166 0.4614796 -0.06567424 0.06128434 0.009906449 -0.9980712 0.2493452 0.04030626 -0.9675755 0.4886434 0.07898376 -0.8689011 0.4973836 0.01989265 -0.8673026 0.6947297 0.112297 -0.7104506 0.7051348 0.02828238 -0.708509 0.8532482 0.1379048 -0.5029411 0.8646493 0.03473814 -0.5011735 0.9531043 0.1540413 -0.2605062 0.9649764 0.03880531 -0.2594509 0.1490555 0.8513695 -0.5029438 0.1244154 0.6931652 -0.7099597 0.09126266 0.4876165 -0.8682749 0.05186329 0.2488087 -0.9671631 0.01763802 0.06177806 -0.9979341 0.5701231 0.8187927 -0.06736678 0.5045457 0.8608006 -0.06675279 0.4331856 0.8989215 -0.06550052 0.7494274 0.6588675 -0.06520872 0.6941833 0.7167977 -0.06565483 0.692761 0.516899 -0.5028893 0.5640377 0.4208516 -0.7104543 0.3967034 0.2959949 -0.8689151 0.2024433 0.1510521 -0.9675743 0.04975745 0.03712706 -0.998071 0.9850607 0.159215 -0.0656207 0.9691787 0.237575 -0.06519846 0.9470035 0.3144323 -0.06570245 0.9970525 0.04003907 -0.0654454 0.9978599 0 -0.06538867 0.9659296 0 -0.258805 0.8660142 0 -0.5000194 0.7070965 0 -0.707117 0.4999947 0 -0.8660285 0.2588103 0 -0.9659282 0.06540818 0 -0.9978586 0.1270332 0.9887571 -0.07887893 0.1407935 0.8538664 -0.5010882 0.1245361 0.4891428 -0.8632671 0.103424 0.2509402 -0.9624617 0.07755975 0.06441194 -0.9949048 0.2292428 0.2527839 -0.9399724 0.2137697 0.06203018 -0.9749127 0.2953559 0.06048749 -0.9534706 0.3772137 0.2516267 -0.8912877 0.3718664 0.06361359 -0.926104 0.451579 0.0633561 -0.8899789 0.5176399 0.2520786 -0.8176218 0.5218108 0.06357079 -0.8506893 0.6428979 0.2519953 -0.7233123 0.6564625 0.06360492 -0.7516724 0.7184962 0.0636858 -0.692609 0.752772 0.2535024 -0.6075121 0.7735901 0.06464626 -0.6303802 0.8424872 0.2545232 -0.4747982 0.8697258 0.06442876 -0.4893117 0.9081003 0.06412374 -0.413814 0.9093422 0.2560026 -0.3279625 0.9383737 0.06471203 -0.3395101 0.1347871 0.9555413 -0.2622466 0.1213296 0.9899182 -0.07308297 0.1530564 0.954355 -0.2564767 0.11334 0.9914526 -0.06462006 0.1757761 0.95418 -0.2421636 0.1036422 0.9930222 -0.05625967 0.195434 0.9553837 -0.2214668 0.09710793 0.9940352 -0.0496399 0.2151602 0.9567919 -0.19559 0.09235558 0.9947806 -0.04338214 0.2307521 0.9589995 -0.1645403 0.09128641 0.9952041 -0.03514984 0.2454679 0.960828 -0.1286666 0.08921874 0.9957073 -0.02463683 0.2554636 0.9626825 -0.08933465 0.08635915 0.9961827 -0.01273131 0.2625691 0.9637595 -0.04717043 0.1373153 0.6947587 -0.7060133 0.1928317 0.8512089 -0.4881181 0.2198639 0.69224 -0.6873599 0.2550242 0.8497675 -0.4613652 0.3176907 0.6901185 -0.6502377 0.3120692 0.850836 -0.4227186 0.4083601 0.6911644 -0.5962665 0.365852 0.8523396 -0.373724 0.4924968 0.6924479 -0.5272218 0.411555 0.8553818 -0.3145545 0.5649747 0.6956711 -0.4436726 0.4508806 0.8579443 -0.2462484 0.6259459 0.6982809 -0.3472687 0.4795558 0.8607535 -0.170674 0.671134 0.7012668 -0.2404245 0.4982827 0.8623757 -0.08956825 0.7000213 0.7029342 -0.1259115 0.2324406 0.4880396 -0.8413018 0.3596524 0.4857964 -0.7966505 0.4781305 0.486896 -0.7309743 0.5869652 0.4877303 -0.6462128 0.6811439 0.4905419 -0.5435178 0.7593488 0.4925896 -0.425141 0.8176211 0.4950333 -0.2940032 0.8543755 0.4963766 -0.1537947 0.9511642 0.2567611 -0.1713486 0.0831178 0.9965353 -0.00297563 0.13107 0.9913519 -0.006492796 0.2621694 0.9649421 -0.01240639 0.3828963 0.9236148 -0.01805819 0.502491 0.8642591 -0.02364257 0.608658 0.7929173 -0.02859263 0.7084946 0.7049307 -0.03328786 0.7928527 0.608275 -0.03723104 0.8661998 0.4980418 -0.04064932 0.9230469 0.3822356 -0.04336427 0.9652413 0.25741 -0.0452685 0.9903969 0.1301794 -0.0465549 0.9636614 0.06512272 -0.259067 0.9820456 0.06516124 -0.1770323 0.9967714 0.0652291 -0.04681771 0.9978007 0.06362905 0.01857973 0.9913228 0.1303254 0.01715688 0.9659396 0.2582246 0.01675554 0.9237865 0.3825743 0.01598284 0.8662338 0.4994133 0.01501048 0.7932823 0.6086988 0.01374535 0.7076743 0.7064315 0.01230948 0.6088097 0.7932459 0.01056645 0.5009004 0.8654617 0.008651324 0.382817 0.9238002 0.006658176 0.2601337 0.965562 0.004528 0.1308926 0.9913936 0.002425745 0.08797599 0.9961221 0.001006938 0.4652571 0.05822772 0.8832584 0.5118783 0.05903493 0.8570271 0.5343016 0.2320313 0.8128243 0.2711264 0.9610008 0.0544782 0.296768 0.9533311 0.05557559 0.3516267 0.9090077 0.2237493 0.9772693 0.06057925 0.2031619 0.9863187 0.0653461 0.1513449 0.9553382 0.2568201 0.1461926 0.09039532 0.9958953 0.004618428 0.2616572 0.9650022 0.01750209 0.5015149 0.8644799 0.03401901 0.7072163 0.7053482 0.04826018 0.8648856 0.4984631 0.05922327 0.9638999 0.2579205 0.06613605 0.9957555 0.06308214 0.06701994 0.857957 0.4968076 0.1307365 0.702734 0.7034366 0.1064982 0.5000169 0.8627565 0.07506256 0.2633153 0.9639438 0.03843659 0.09441263 0.9954758 0.01068881 0.963696 0.06001079 0.2601707 0.9329696 0.2544686 0.2545848 0.839811 0.4928364 0.2276616 0.6910246 0.698623 0.1855017 0.4962397 0.8582576 0.1309201 0.268168 0.9610058 0.06748172 0.1016062 0.9946363 0.01935762 0.9250485 0.06142376 0.3748499 0.8990516 0.2518402 0.3581659 0.8119767 0.4882243 0.319892 0.6720814 0.6930655 0.2607045 0.4882777 0.8529438 0.1845852 0.2723659 0.9573471 0.09645359 0.1083688 0.993756 0.02655752 0.1136425 0.9931452 0.02734865 0.2742919 0.9547925 0.1146092 0.4780558 0.8494921 0.2232171 0.6509369 0.6896187 0.3173442 0.781892 0.4856067 0.390936 0.862544 0.2500823 0.4398599 0.8306116 0.05356777 0.5542697 0.8619888 0.06241616 0.5030702 0.8879731 0.06155662 0.4557571 0.1344422 0.9904141 0.03170585 0.1638954 0.9856618 0.0401137 0.2850869 0.948277 0.1396287 0.2945019 0.9415701 0.1634453 0.4700083 0.8405501 0.2693841 0.4581382 0.8319802 0.3129193 0.6253419 0.6803745 0.3821493 0.5935739 0.6717877 0.443138 0.7414914 0.4779341 0.4709241 0.6927069 0.4709197 0.5462525 0.8118348 0.2453376 0.5298431 0.7492572 0.2408015 0.6169507 0.7632048 0.05367427 0.6439235 0.7302547 0.05994261 0.6805402 0.6961124 0.05963682 0.7154516 0.6920238 0.2404519 0.6806511 0.6468304 0.4685822 0.6016985 0.5635549 0.6678887 0.4861384 0.4464043 0.8271821 0.3413107 0.302393 0.9368628 0.1756319 0.1937635 0.9799408 0.04660192 0.6118704 0.05748143 0.7888666 0.6187651 0.235993 0.749291 0.5918905 0.4603279 0.6616373 0.5301836 0.6579054 0.5348512 0.437128 0.8168583 0.3763797 0.318103 0.9276638 0.1955772 0.2189627 0.9745852 0.04731782 0.5283433 0.4542231 0.7173107 0.491279 0.6498495 0.5799488 0.4253466 0.8076253 0.408438 0.3341725 0.9181934 0.2127198 0.2560732 0.9652868 0.05145735 0.4177085 0.04931592 0.9072417 0.4517866 0.2321221 0.861399 0.4667831 0.4517778 0.7602699 0.4544373 0.6450747 0.6143007 0.4152763 0.8005498 0.4320482 0.3350583 0.9403398 0.05913476 0.3721661 0.897209 0.2377151 0.4062992 0.7914554 0.4566391 0.4158688 0.6382024 0.6478818 0.4004439 0.4468961 0.7999554 0.3570609 0.2270535 0.9060652 0.2051042 0.04593759 0.9776615 0.2526401 0.06748811 0.9652038 0.3093255 0.0579948 0.9491861 0.3726507 0.9258489 0.06273191 0.4070458 0.9111805 0.06374761 0.3913043 0.8862276 0.2479547 0.4104518 0.8762667 0.2523608 0.3976679 0.7842691 0.4762166 0.3939562 0.780041 0.4861425 0.3791524 0.6334099 0.6745631 0.352226 0.633953 0.688506 0.3368841 0.4432234 0.8306997 0.2879867 0.4475408 0.8466232 0.2768395 0.2207386 0.9352189 0.2054131 0.2327154 0.9506045 0.1399774 0.2137872 0.9667995 0.2514977 0.427974 0.868094 0.3458105 0.6133169 0.7101109 0.41648 0.7570498 0.5034083 0.4586647 0.8491546 0.2618457 0.4702996 0.8800308 0.06606036 0.1271886 0.0465199 0.990787 0.04954404 0.04904069 0.9975672 0.1474249 0.2051991 0.9675532 0.2888532 0.4020571 0.8688578 0.4106381 0.5715891 0.7103959 0.5043287 0.7019792 0.5028696 0.5164388 0.853833 0.06527028 0.5633208 0.7841062 0.2604747 0.5826451 0.8099975 0.0665483 0.7016301 0.7094265 0.06655266 0.6796565 0.6857289 0.2604667 0.7558445 0.6514865 0.06530235 0.7790758 0.5702612 0.260467 0.8051847 0.5893751 0.0656846 0.8590705 0.4406069 0.2605062 0.8491981 0.5240302 0.06523057 0.8878937 0.4553408 0.06564685 0.9484499 0.3100431 0.06569615 0.9176938 0.2999832 0.2604769 0.9699841 0.2342478 0.06525957 0.9534641 0.1518695 0.2604646 0.9854166 0.1569812 0.06565866 0.6084725 0.6138967 0.5028837 0.697463 0.5105375 0.5028885 0.7690943 0.3944575 0.5028889 0.8215921 0.2685606 0.5028535 0.8536156 0.1359697 0.5028445 0.4954446 0.4998725 0.7103958 0.5679101 0.4157069 0.7103984 0.6262599 0.3211903 0.7103769 0.6689569 0.2186704 0.7104083 0.6950466 0.1107148 0.710389 0.3485234 0.3516274 0.8688438 0.3994819 0.2924152 0.8688542 0.4405266 0.2259358 0.8688437 0.4705525 0.1538195 0.8688613 0.4888865 0.07787564 0.8688644 0.1778656 0.1794541 0.9675537 0.203888 0.1492399 0.9675521 0.2248143 0.1153071 0.9675551 0.2401617 0.07850641 0.9675532 0.2494965 0.03974797 0.9675596 0.03623918 0.05044141 0.9980693 0.04372481 0.04411451 0.9980692 0.05011841 0.03668569 0.9980693 0.0552663 0.02834575 0.9980692 0.05904295 0.01930052 0.9980688 0.06133933 0.009771744 0.9980691 -0.2599485 0.06287313 0.9635734 -0.2055585 0.05865854 0.9768853 -0.2729099 0.228291 0.9345605 -0.4688991 0.06237336 0.8810466 -0.4158964 0.06067143 0.9073859 -0.4483061 0.2349973 0.8624372 -0.9913228 0.1303254 0.01715688 -0.9977995 0.06365161 0.01856164 -0.9957457 0.0631718 0.06708044 -0.9237865 0.3825743 0.01598284 -0.9659396 0.2582246 0.01675554 -0.9638756 0.2579737 0.06628231 -0.7932823 0.6086988 0.01374535 -0.8662338 0.4994133 0.01501048 -0.864823 0.4985383 0.05950489 -0.6088097 0.7932459 0.01056645 -0.7076743 0.7064315 0.01230948 -0.7071545 0.7053813 0.04867997 -0.382817 0.9238002 0.006658176 -0.5009004 0.8654617 0.008651324 -0.5014111 0.8645184 0.03456793 -0.2615512 0.9650179 0.01820703 -0.2601337 0.965562 0.004528 -0.09082357 0.9958541 0.005067137 -0.08772309 0.9961445 0.0009186526 -0.1308926 0.9913936 0.002425745 -0.9862982 0.06494077 0.1516529 -0.955235 0.257126 0.1463295 -0.9773673 0.06012118 0.2028267 -0.9327097 0.2549644 0.2550408 -0.9636161 0.06023632 0.2604143 -0.9251272 0.06237861 0.3744979 -0.8989986 0.252265 0.358 -0.8878948 0.06230147 0.4558085 -0.8622878 0.2511329 0.4397636 -0.8643144 0.06609123 0.4985906 -0.8105968 0.2469103 0.5310066 -0.8293923 0.06478077 0.5548981 -0.7606722 0.0625652 0.6461141 -0.7497701 0.2420465 0.6158395 -0.730001 0.06051241 0.6807619 -0.6901718 0.2419267 0.6820076 -0.6953515 0.06162544 0.7160228 -0.6114883 0.06155764 0.7888553 -0.6180126 0.2363818 0.7497893 -0.5134309 0.06073804 0.8559788 -0.5360001 0.2337145 0.8112222 -0.8577535 0.4970272 0.1312363 -0.8394641 0.4931956 0.2281625 -0.8118626 0.4886444 0.3195398 -0.7811303 0.4861095 0.391833 -0.7408976 0.4784896 0.4712945 -0.6929163 0.4713037 0.5456554 -0.645584 0.4690659 0.6026596 -0.5913177 0.4606648 0.661915 -0.5282927 0.454235 0.7173405 -0.7024673 0.703585 0.107275 -0.6905244 0.6989393 0.1861716 -0.6719527 0.6933913 0.2601692 -0.6499596 0.6900019 0.318512 -0.6246129 0.680868 0.3824624 -0.5939364 0.6720902 0.4421926 -0.5621751 0.6682967 0.4871742 -0.5297585 0.6581521 0.534969 -0.491595 0.6497479 0.5797948 -0.4996357 0.8628812 0.07615833 -0.4955872 0.8584998 0.131801 -0.4882126 0.8531585 0.1837636 -0.4767757 0.8497997 0.2247784 -0.4691815 0.8409314 0.2696352 -0.4587301 0.8321364 0.3116339 -0.4448521 0.8275655 0.3424061 -0.4368948 0.8170006 0.3763416 -0.4260498 0.807415 0.4081208 -0.2628926 0.9640009 0.03987096 -0.2673971 0.9611403 0.0686157 -0.272339 0.9574688 0.0953146 -0.2727017 0.9550042 0.1166223 -0.2842262 0.9485082 0.1398127 -0.2954094 0.941569 0.1618058 -0.3006659 0.9371746 0.1769287 -0.3181666 0.9276967 0.1953173 -0.3384046 0.9165364 0.2131745 -0.2710468 0.9610276 0.05440183 -0.2611553 0.9638777 0.05232277 -0.2238992 0.9732396 0.05170917 -0.1973499 0.9790067 0.05097859 -0.169458 0.9846373 0.04211117 -0.1395124 0.9896216 0.03442994 -0.1170545 0.9926661 0.03020458 -0.1121049 0.993332 0.02690638 -0.1044393 0.9943159 0.0206982 -0.09592817 0.9953186 0.01177466 -0.295499 0.9535372 0.05871258 -0.3508452 0.9085038 0.226999 -0.4149941 0.8003885 0.4326177 -0.453784 0.6449699 0.6148934 -0.4658447 0.4517437 0.7608655 -0.3372061 0.9393144 0.06309116 -0.3732075 0.8966002 0.2383784 -0.4067771 0.7908325 0.4572924 -0.4157925 0.6376752 0.6484496 -0.3998491 0.4464954 0.8004765 -0.3617983 0.2291748 0.9036487 -0.3100946 0.06398334 0.9485502 -0.3744219 0.9249525 0.06535333 -0.3935554 0.884995 0.2487931 -0.3998057 0.7828171 0.4768153 -0.3811855 0.6317929 0.6749336 -0.338811 0.4415816 0.8307905 -0.4070952 0.9110237 0.06564565 -0.4098358 0.8760729 0.2540294 -0.3924204 0.779891 0.4876231 -0.3498945 0.6338625 0.6897769 -0.2849517 0.4475912 0.8476229 -0.201746 0.2329966 0.9513207 -0.1238654 0.06582857 0.9901131 -0.4711382 0.8795181 0.06690807 -0.4610963 0.8475362 0.2628166 -0.4203563 0.7543556 0.5042302 -0.3509912 0.6096873 0.7106944 -0.257917 0.4235172 0.8683962 -0.1476 0.2086523 0.9667877 -0.05417694 0.05128952 0.9972132 -0.05064865 0.2492416 -0.967116 -0.01695095 0.06101015 -0.9979932 -0.07604468 0.0616372 -0.9951975 -0.123684 0.6934754 -0.7097846 -0.09028241 0.4880147 -0.8681537 -0.121919 0.4901257 -0.8630832 -0.163315 0.9514191 -0.2610169 -0.1485585 0.8515855 -0.5027251 -0.1388128 0.854581 -0.5004221 -0.1639865 0.9840381 -0.06911961 -0.1332333 0.9559859 -0.261419 -0.1005114 0.2519377 -0.9625097 -0.2159078 0.05963186 -0.9745911 -0.2320575 0.25142 -0.9396474 -0.2953559 0.06048749 -0.9534706 -0.3775143 0.2490178 -0.891893 -0.3721045 0.06321934 -0.9260354 -0.4507597 0.063955 -0.8903513 -0.5174077 0.25084 -0.8181495 -0.5216323 0.06396615 -0.8507691 -0.6575757 0.06203716 -0.7508299 -0.6437794 0.2511718 -0.7228145 -0.7181684 0.0628835 -0.6930222 -0.7529123 0.2526743 -0.6076832 -0.773532 0.06401474 -0.630516 -0.8702928 0.06251404 -0.4885514 -0.8428157 0.2540814 -0.4744517 -0.9077717 0.0630982 -0.4146916 -0.9095217 0.2555056 -0.3278523 -0.9820816 0.0649593 -0.1769068 -0.9512413 0.256584 -0.171186 -0.9636614 0.06512272 -0.259067 -0.9384072 0.06492371 -0.3393772 -0.1349817 0.6956509 -0.7055847 -0.2332358 0.4884979 -0.8408156 -0.22028 0.6927424 -0.6867203 -0.3595979 0.4860609 -0.7965138 -0.3173309 0.6904465 -0.6500652 -0.478789 0.4869178 -0.7305287 -0.4088459 0.691219 -0.5958702 -0.5871093 0.4876037 -0.6461775 -0.4924966 0.6923774 -0.5273145 -0.6816671 0.4902955 -0.543084 -0.5655222 0.6955009 -0.4432417 -0.7595817 0.4923143 -0.4250438 -0.6261928 0.6980824 -0.3472226 -0.817888 0.4948136 -0.2936303 -0.6715024 0.7010976 -0.2398889 -0.8544977 0.4963009 -0.1533594 -0.7002112 0.7028591 -0.1252733 -0.1928007 0.8516907 -0.4872894 -0.1525315 0.9547158 -0.2554445 -0.2542899 0.8501119 -0.4611361 -0.1745223 0.9545218 -0.2417231 -0.3123071 0.8509552 -0.4223027 -0.1953205 0.9555445 -0.2208724 -0.3656318 0.852374 -0.3738609 -0.2145341 0.9568976 -0.1957601 -0.4120686 0.8553031 -0.3140956 -0.2311643 0.9590024 -0.1639432 -0.451097 0.8578419 -0.2462087 -0.2455174 0.9608237 -0.1286038 -0.4799819 0.8606504 -0.1699947 -0.2558375 0.9626662 -0.08843627 -0.4985349 0.8623223 -0.08867418 -0.2628078 0.963751 -0.04600112 -0.9967784 0.06502924 -0.04694787 -0.9903969 0.1301794 -0.0465549 -0.9652413 0.25741 -0.0452685 -0.9230469 0.3822356 -0.04336427 -0.8661998 0.4980418 -0.04064932 -0.7928527 0.608275 -0.03723104 -0.7084946 0.7049307 -0.03328786 -0.608658 0.7929173 -0.02859263 -0.502491 0.8642591 -0.02364257 -0.3828963 0.9236148 -0.01805819 -0.2621694 0.9649421 -0.01240639 -0.13107 0.9913519 -0.006492796 -0.1261591 0.9889529 -0.07782003 -0.1203802 0.9901927 -0.07090192 -0.1109896 0.9918984 -0.06179648 -0.1011516 0.9934594 -0.05297984 -0.0933368 0.9945229 -0.04703669 -0.08908769 0.9951905 -0.04073444 -0.08802932 0.9955465 -0.03373414 -0.08693757 0.995942 -0.02326651 -0.08559773 0.9962604 -0.01176108 -0.08294426 0.9965501 -0.002870389 -0.9978601 0 0.06538534 -0.9985204 0.00906021 0.05361799 -0.9659261 7.814864e-05 0.2588182 -0.9982615 0.01098374 0.05790859 -0.9907135 0.001903673 0.1359528 -0.98605 0.007380595 0.1662856 -0.9649836 0.03787013 0.2595623 -0.9924121 -0.008107967 0.1226888 -0.9950654 -0.01828175 0.09752232 -0.9966255 -0.01743784 0.08020925 -0.9970759 0.03946 0.065442 -0.864671 0.03423607 0.5011705 -0.8660054 0 0.5000346 -0.7051795 0.02788936 0.7084801 -0.7071068 0 0.7071068 -0.4974378 0.01961656 0.8672778 -0.5000135 0 0.8660176 -0.2557098 0.01000628 0.9667018 -0.2587957 0 0.9659321 -0.06375563 0.002458437 0.9979625 -0.06539365 0 0.9978595 -0.2494999 0.03974333 0.9675589 -0.4888825 0.07786999 0.8688672 -0.695048 0.1107229 0.7103864 -0.8536159 0.1359831 0.5028403 -0.5164351 0.8538452 0.06513908 -0.9854212 0.156966 0.06562626 -0.9534628 0.1518647 0.2604723 -0.917693 0.2999933 0.260468 -0.9699832 0.2342579 0.06523638 -0.9484627 0.3100172 0.06563447 -0.8878871 0.4553638 0.06557709 -0.8590761 0.4406 0.2604991 -0.8492125 0.5240166 0.06515175 -0.7790765 0.5702572 0.2604736 -0.8052055 0.5893625 0.06554381 -0.7558166 0.6515283 0.06520888 -0.6796553 0.6857321 0.2604613 -0.582282 0.8103341 0.06562209 -0.8215885 0.2685633 0.5028579 -0.7690951 0.3944476 0.5028954 -0.6974645 0.510542 0.5028819 -0.6084736 0.6138933 0.5028866 -0.5633229 0.7841082 0.2604643 -0.5043229 0.7019776 0.5028776 -0.6689583 0.2186559 0.7104114 -0.6262544 0.321204 0.7103755 -0.5679138 0.4156999 0.7103995 -0.4954451 0.4998757 0.7103931 -0.4106423 0.5715945 0.7103891 -0.4705537 0.1538183 0.8688608 -0.4405229 0.2259414 0.8688441 -0.3994837 0.2924106 0.8688549 -0.3485185 0.3516315 0.8688441 -0.2888533 0.402053 0.8688597 -0.2401621 0.07851272 0.9675525 -0.2248176 0.1153041 0.9675547 -0.2038863 0.149243 0.967552 -0.1778669 0.1794523 0.9675537 -0.1474231 0.2051996 0.9675534 -0.06133926 0.009770783 0.9980691 -0.05904228 0.01930145 0.9980689 -0.05526609 0.02834478 0.9980693 -0.0501185 0.03668569 0.9980693 -0.04372454 0.04411462 0.9980692 -0.03623981 0.0504412 0.9980693 -0.7020465 0.7090879 0.0657645 -0.2065937 0.9762709 -0.06491623 -0.2840103 0.9565918 -0.0653473 -0.274909 0.9255167 -0.2604688 -0.5037143 0.8614132 -0.06510929 -0.5710049 0.8183269 -0.06553241 -0.5524985 0.7917614 -0.2604981 -0.7487587 0.6595051 -0.06643384 -0.7997608 0.5967297 -0.06554683 -0.7738076 0.5773756 -0.260498 -0.9691784 0.2375835 -0.06517156 -0.9850636 0.1592084 -0.06559219 -0.9531039 0.1540512 -0.2605018 -0.06609765 0.1130373 -0.9913898 -0.02694722 0.05592699 -0.9980711 -0.1096414 0.2275524 -0.9675736 -0.06374584 0.002493197 -0.9979631 -0.130522 0.01048013 -0.99139 -0.2493409 0.04030721 -0.9675766 -0.03552304 0.05090594 -0.9980715 -0.2239563 0.1168124 -0.9675735 -0.2024444 0.1510512 -0.9675742 -0.4388718 0.2289098 -0.8689027 -0.3967013 0.2959989 -0.8689147 -0.6239685 0.3254613 -0.7104493 -0.5640334 0.4208538 -0.7104565 -0.7663654 0.3997339 -0.5028886 -0.6927637 0.5168989 -0.5028857 -0.8560296 0.4464972 -0.2604872 -0.9970535 0.04003146 -0.06543568 -0.964976 0.03880103 -0.2594529 -0.8532456 0.1379175 -0.5029421 -0.8646504 0.03473426 -0.5011718 -0.6947283 0.1122926 -0.7104526 -0.7051365 0.02828431 -0.7085072 -0.4886482 0.07898219 -0.8688986 -0.4973826 0.01989566 -0.8673031 -0.2556797 0.01014968 -0.9667083 -0.9470121 0.3144213 -0.06563002 -0.9162971 0.3041857 -0.2605202 -0.82033 0.2723151 -0.5028948 -0.6678959 0.2217256 -0.7104596 -0.4697825 0.1559487 -0.8688984 -0.2397315 0.07958263 -0.9675719 -0.884719 0.461487 -0.06558983 -0.8449881 0.5307997 -0.0651678 -0.6947908 0.7160922 -0.06691643 -0.6717511 0.6934558 -0.2605177 -0.6013992 0.6208208 -0.5028921 -0.4896636 0.5054702 -0.7104431 -0.3443901 0.355517 -0.8689092 -0.1757405 0.181423 -0.9675748 -0.1445536 0.2071473 -0.9675713 -0.283267 0.4059235 -0.8688993 -0.4027199 0.577125 -0.710453 -0.4946176 0.7088252 -0.5029118 -0.4331488 0.8989435 -0.06544198 -0.4190596 0.8697835 -0.2605106 -0.375174 0.7786726 -0.502905 -0.3054655 0.6339877 -0.7104579 -0.2148397 0.4459014 -0.8689165 -0.04319179 0.04458724 -0.9980714 -0.04975839 0.03712562 -0.998071 -0.05503785 0.02870753 -0.9980715 -0.05891334 0.0195574 -0.9980715 -0.06128515 0.009905756 -0.9980711 -0.01767699 0.05951083 -0.9980711 -0.07191863 0.2421304 -0.9675746 -0.1409339 0.4744836 -0.8689091 -0.2003694 0.6745926 -0.7104765 -0.2460963 0.8285482 -0.5029359 -0.06540818 0 -0.9978586 -0.2588103 0 -0.9659282 -0.4999947 0 -0.8660285 -0.7070965 0 -0.707117 -0.8660142 0 -0.5000194 -0.9659296 0 -0.258805 -0.9978599 0 -0.06538867 0.9957495 -0.06524526 -0.06500693 0.9643318 -0.06304809 -0.257078 0.8660047 -0.05679271 -0.4968003 0.7088982 -0.0466643 -0.7037655 0.06791378 6.378231e-05 -0.9976912 0.05376763 -0.05376749 -0.9971049 0.06540294 3.376892e-15 -0.9978589 0.26371 -0.0178466 -0.9644369 0.06540294 0 -0.9978589 0.5038713 -0.03341641 -0.8631321 -0.2582737 -0.9638802 -0.06503662 -0.4989528 -0.8641854 -0.06503678 -0.2501684 -0.9337089 -0.2561319 -0.4833159 -0.8371403 -0.2561284 -0.2248141 -0.8390943 -0.4953578 -0.4343367 -0.7523173 -0.4953487 -0.1843745 -0.6881911 -0.7017115 -0.3562353 -0.6169992 -0.7017182 -0.1314918 -0.4907456 -0.8613238 -0.2540209 -0.4400038 -0.8613188 -0.06959385 -0.2597433 -0.9631667 -0.1344377 -0.2328876 -0.9631666 -0.05376763 -0.05376749 -0.9971049 -0.7056058 -0.7056152 -0.06502052 -0.6835176 -0.6835267 -0.2561151 -0.6142583 -0.6142488 -0.4953637 -0.5037836 -0.503776 -0.7017206 -0.3592564 -0.359266 -0.8613146 -0.1901617 -0.1901383 -0.9631646 -0.06510074 -0.9957529 -0.06510074 -0.06290329 -0.9643653 -0.2569879 -0.05661993 -0.865956 -0.4969049 -0.04654061 -0.7090068 -0.7036642 -0.03329355 -0.5037463 -0.8632098 -0.01767091 -0.2638183 -0.9644105 -0.86419 -0.4989453 -0.06503213 -0.9638778 -0.2582842 -0.06502988 -0.8371429 -0.4833098 -0.2561317 -0.9337052 -0.250176 -0.2561379 -0.7523091 -0.4343425 -0.495356 -0.8390957 -0.2248133 -0.4953558 -0.6170047 -0.3562461 -0.7017078 -0.6881852 -0.184372 -0.701718 -0.4400026 -0.2540015 -0.8613251 -0.4907479 -0.1314692 -0.8613259 -0.2328857 -0.1344142 -0.9631703 -0.2597465 -0.06961265 -0.9631645 -0.995754 -0.06509204 -0.06509196 -0.9643784 -0.06304518 -0.256904 -0.8659032 -0.05676304 -0.4969805 -0.7089645 -0.04645025 -0.7037129 -0.5037723 -0.03316384 -0.8631996 -0.2638539 -0.0176168 -0.9644018 0.06509204 -0.995754 -0.06509196 3.394921e-17 -0.06540294 -0.9978589 0 -0.06540294 -0.9978589 0 -0.06540294 -0.9978589 0 -0.06540294 -0.9978589 0.06289515 -0.9643631 -0.2569982 0.05661866 -0.8659586 -0.4969005 0.04653969 -0.7090006 -0.7036705 0.03330041 -0.5037516 -0.8632065 0.01767148 -0.2638189 -0.9644103 0 -0.06540294 -0.9978589 0 -0.06540294 -0.9978589 -2.616312e-17 -0.06540294 -0.9978589 0.9638802 -0.2582737 -0.06503662 0.8641854 -0.4989528 -0.06503678 0.9337089 -0.2501684 -0.2561319 0.8371403 -0.4833159 -0.2561284 0.8390943 -0.2248141 -0.4953578 0.7523173 -0.4343367 -0.4953487 0.6881874 -0.184376 -0.7017148 0.6169985 -0.3562323 -0.7017203 0.4907464 -0.1314824 -0.8613248 0.4400088 -0.2540098 -0.8613195 0.2597424 -0.06960545 -0.9631661 0.2328811 -0.1344285 -0.9631694 0.7056152 -0.7056058 -0.06502052 0.6835267 -0.6835176 -0.2561151 0.6142488 -0.6142583 -0.4953637 0.503776 -0.5037836 -0.7017206 0.3592655 -0.3592526 -0.8613164 0.1901744 -0.1901347 -0.9631628 0.4989453 -0.86419 -0.06503213 0.2582842 -0.9638778 -0.06502988 0.4833098 -0.8371429 -0.2561317 0.250176 -0.9337052 -0.2561379 0.4343425 -0.7523091 -0.495356 0.2248133 -0.8390957 -0.4953558 0.3562461 -0.6170047 -0.7017078 0.1843731 -0.6881868 -0.7017161 0.2540146 -0.4400004 -0.8613224 0.131483 -0.490751 -0.861322 0.1344342 -0.2328863 -0.9631674 0.06959318 -0.2597439 -0.9631666 -0.06791378 6.378231e-05 -0.9976912 -0.06540294 0 -0.9978589 -0.06540294 3.272809e-15 -0.9978589 0.9978582 -0.06541393 0 0.965923 -0.2588295 0 0.8660204 -0.5000086 0 0.7071068 -0.7071068 0 0.5000086 -0.8660204 0 0.2588295 -0.965923 0 0.06541393 -0.9978582 0 -0.9978582 -0.06541393 0 -0.965923 -0.2588295 0 -0.8660204 -0.5000086 0 -0.7071068 -0.7071068 0 -0.5000086 -0.8660204 0 -0.2588295 -0.965923 0 -0.06541393 -0.9978582 0 0.7149665 -0.0005878493 0.6991585 0.7484034 0 0.6632438 0.7528847 0.004128034 0.6581395 0.993797 -0.0007287149 0.1112073 0.9997612 0 0.02185405 0.9722067 -3.173006e-05 0.2341241 0.9390408 -0.002701769 0.3437952 0.8748986 -0.002278011 0.4843007 0.7941699 0.01258973 0.6075654 0.6061422 0.001034595 0.7953557 0.495662 0.000716846 0.8685152 0.3683768 0.009276552 0.9296303 0.2667497 0.009277579 0.9637212 0.04191388 -0.001346059 0.9991203 0.07467735 0.00173537 0.9972062 0.1463881 0.00827532 0.9891926 -0.004448116 0 0.9999901 -0.04752005 -0.0008115835 0.99887 -0.1460989 -0.004690261 0.9892589 -0.2595218 -0.00359468 0.9657306 -0.3694918 -0.006570182 0.9292108 -0.4980548 -0.004991863 0.8671312 -0.7279225 -0.003418334 0.6856509 -0.7030949 0 0.711096 -0.6880927 0.0001497401 0.7256228 -0.6062292 -0.0007372802 0.7952896 -0.7969147 -0.005216055 0.6040694 -0.8762514 -0.007542965 0.4817951 -0.9390826 -0.002879385 0.3436795 -0.9725209 0.001039245 0.2328133 -0.9937957 -0.0001795063 0.1112212 -0.9997632 0 0.0217606 0.09629323 0.9953487 0.002914352 0.06819696 0.9976666 -0.003241696 1 0 0 1 0 0 1 0 0 1 0 0 1 0 0 1 0 0 1 0 0 1 0 0 1 0 0 1 0 0 1 0 0 1 0 0 1 0 0 1 0 0 1 0 0 1 0 0 1 0 0 1 0 0 1 0 0 1 0 0 1 0 0 1 0 0 1 0 0 1 0 0 1 0 0 1 0 0 1 0 0 1 0 0 1 0 0 1 0 0 1 0 0 1 0 0 1 0 0 1 0 0 1 0 0 1 0 0 1 0 0 1 0 0 1 0 0 1 0 0 1 0 0 1 0 0 1 0 0 1 0 0 1 0 0 1 0 0 1 0 0 1 0 0 1 0 0 1 0 0 1 0 0 1 0 0 1 0 0 1 0 0 0 0 1 0 0 1 0 0 1 0 0 1 0 0 1 0 0 1 0 0 1 0 0 -1 0 0 -1 0 0 -1 -2.527194e-17 1.622662e-17 -1 -6.531043e-16 2.873347e-16 -1 0 0 -1 0 0 -1 0 0 -1 0 0 -1 0 0 -1 0 0 -1 0 0 -1 6.531043e-16 2.873347e-16 -1 1.432881e-15 8.908974e-16 -1 1.482416e-15 0 -1 0 0 -1 0 0 -1 0 0 -1 0 0 -1 0 0 -1 0 0 -1 0 0 -1 0 0 -1 0 0 -1 0 0 -1 0 0 -1 0 0 -1 0 0 -1 0 0 -1 0 0 -1 0 0 -1 0 0 -1 0 0 -1 0 0 -1 0 0 -1 0 0 -1 0 0 -1 0 0 -1 0 0 -1 0 0 -1 0 0 -1 0 0 -1 0 0 -1 0 0 -1 0 0 -1 0 0 -1 0 0 -1 0 0 -1 0 0 -1 0 0 -1 0 0 -1 0 0 -1 0 0 -1 0 0 -1 0 0 -1 0 0 -1 0 0 -1 0 0 -1 0 0 -1 0 0 -1 0 0 -1 0 0 -1 0 0 -1 0 0 -1 0 0 -1 0 0 -1 0 0 -1 0 0 -1 0 0 -1 0 0 -1 0 0 -1 0 0 -1 -1.482416e-15 0 -1 -1.432881e-15 8.908974e-16 -1 -4.910019e-16 9.014205e-16 -1 -6.411842e-16 6.952901e-16 -1 0 0 -1 2.3968e-17 -2.242794e-17 -1 0 0 -1 0 0 -1 0 0 -1 0 0 -1 0 0 -1 0 0 -1 -2.123094e-15 6.21718e-16 -1 0 0 -1 0 0 -1 0 0 -1 0 0 -1 0 0 -1 -3.593326e-16 5.413383e-16 -1 0 0 -1 0 0 -1 0 0 -1 0 0 -1 0 0 -1 0 0 -1 -4.538864e-17 1.140988e-16 -1 2.956897e-17 4.102607e-16 -1 -3.076868e-16 8.230629e-16 -1 -8.177887e-17 6.450656e-16 -1 0 0 -1 0 0 -1 0 0 -1 4.538864e-17 1.140988e-16 -1 0 0 -1 0 0 -1 0 0 -1 0 0 -1 0 0 -1 0 0 -1 0 0 -1 1.850893e-16 -9.713233e-18 -1 0 0 -1 0 0 -1 0 0 -1 3.26278e-16 -2.115244e-16 -1 3.658066e-16 -7.152091e-17 -1 4.963704e-16 5.617314e-17 -1 6.603469e-16 2.688894e-16 -1 7.579637e-16 5.099469e-16 -1 7.142784e-16 6.996863e-16 -1 5.076671e-16 7.428347e-16 -1 2.598418e-16 6.428819e-16 -1 5.364323e-17 4.764865e-16 -1 -6.648288e-17 3.475008e-16 -1 0 0 -1 0 0 -1 0 0 -1 0 0 -1 0 0 -1 0 0 -1 0 0 -1 0 0 -1 0 0 -1 0 0 -1 0 0 -1 0 0 -1 0 0 -1 0 0 -1 0 0 -1 0 0 -1 0 0 -1 0 0 -1 0 0 -1 0 0 -1 0 0 -1 0 0 -1 0 0 -1 0 0 -1 0 0 -1 0 0 -1 0 0 -1 0 0 -1 0 0 -1 0 0 -1 0 0 -1 0 0 -1 0 0 -1 0 0 -1 0 0 -1 0 0 -1 0 0 -1 0 0 -1 0 0 -1 0 0 -1 0 0 -1 0 0 -1 0 0 -1 0 0 -1 0 0 -1 0 0 -1 0 0 -1 0 0 -1 0 0 -1 0 0 -1 0 0 -1 0 0 -1 0 0 -1 0 0 -1 0 0 -1 0 0 -1 0 0 -1 0 0 -1 0 0 -1 0 0 -1 0 0 -1 0 0 -1 0 0 -1 0 0 -1 0 0 -1 0 0 -1 0 0 -1 0 0 -1 0 0 -1 0 0 -1 0 0 -1 0 0 -1 0 0 -1 0 0 -1 0 0 -1 0 0 -1 0 0 -1 0 0 -1 0 0 -1 0 0 -1 0 0 -1 0 0 -1 0 0 -1 0 0 -1 0 0 -1 0 0 -1 0 0 -1 0 0 -1 0 0 -1 0 0 -1 0 0 -1 0 0 -1 0 0 -1 0 0 -1 0 0 -1 0 0 -1 0 0 -1 0 0 -1 0 0 -1 0 0 -1 0 0 -1 0 0 -1 0 0 -1 0 0 -1 0 0 -1 0 0 -1 0 0 -1 0 0 -1 0 0 -1 0 0 -1 0 0 -1 0 0 -1 0 0 -1 0 0 -1 0 0 -1 0 0 -1 0 0 -1 0 0 -1 0 0 -1 0 0 -1 0 0 -1 0 0 -1 0 0 -1 0 0 -1 0 0 -1 0 0 -1 0 0 -1 0 0 -1 0 0 -1 0 0 -1 0 0 -1 0 0 -1 0 0 -1 0 0 -1 0 0 -1 0 0 -1 0 0 -1 0 0 -1 0 0 -1 0 0 -1 0 0 -1 0 0 -1 0 0 -1 0 0 -1 0 0 -1 0 0 -1 0 0 -1 0 0 -1 0 0 -1 0 0 -1 0 0 -1 0 0 -1 0 0 -1 0 0 -1 0 0 -1 0 0 -1 0 0 -1 0 0 -1 0 0 -1 0 0 -1 0 0 -1 0 0 -1 1 0 0 1 0 0 1 0 0 1 0 0 1 0 0 1 0 0 1 0 0 1 0 0 1 0 0 1 0 0 1 0 0 1 0 0 1 0 0 1 0 0 1 0 0 1 0 0 1 0 0 1 0 0 1 0 0 1 0 0 1 0 0 1 0 0 1 0 0 1 0 0 1 0 0 1 0 0 1 0 0 1 0 0 1 0 0 1 0 0 1 0 0 1 0 0 1 0 0 1 0 0 1 0 0 1 0 0 1 0 0 1 0 0 1 0 0 1 0 0 1 0 0 1 0 0 1 0 0 1 0 0 1 0 0 1 0 0 1 0 0 1 0 0 1 0 0 1 0 0 1 0 0 1 0 0 1 0 0 1 0 0 1 0 0 1 0 0 1 0 0 1 0 0 1 0 0 1 0 0 1 0 0 1 0 0 1 0 0 0 1 0 0 1 0 0 1 0 0 1 0 0 1 0 0 1 0 0 1 0 0 1 0 0 1 0 0 1 0 0 1 0 0 1 0 0 1 0 0 1 0 0 1 0 0 1 0 0 1 0 0 1 0 0 1 0 0 1 0 0 1 0 0 1 0 0 1 0 0 1 0 0 1 0 0 1 0 0 1 0 0 1 0 0 1 0 0 1 0 0 1 0 0 1 0 0 1 0 0 1 0 0 1 0 0 1 0 0 1 0 0 1 0 0 1 0 0 1 0 0 1 0 0 1 0 0 1 0 0 1 0 0 1 0 0 1 0 0 1 0 0 1 0 0 1 0 0 1 0 0 1 0 0 1 0 0 1 0 0 1 0 0 1 0 0 1 0 0 1 0 0 1 0 0 1 0 0 1 0 0 1 0 0 1 0 0 1 0 0 1 0 0 1 0 0 1 0 0 1 0 0 1 0 0 1 0 0 1 0 0 1 0 0 1 0 0 1 0 0 1 0 0 1 0 0 1 0 0 1 0 0 1 0 0 1 0 0 1 0 0 1 0 0 1 0 0 1 0 0 1 0 0 1 0 0 1 0 0 1 0 0 1 0 0 1 0 0 1 0 0 1 0 0 1 0 0 1 0 0 1 0 0 1 0 0 1 0 0 1 0 0 1 0 0 1 0 0 1 0 0 1 0 0 1 0 0 1 0 0 1 0 0 1 0 0 1 0 0 1 0 0 1 0 0 1 0 0 1 0 0 1 0 0 1 0 0 1 0 0 1 0 0 1 0 0 1 0 0 1 0 0 1 0 0 1 0 0 1 0 0 1 0 0 1 0 0 1 0 0 1 0 0 1 0 0 1 0 -1 0 0 -1 0 0 -1 0 0 -1 0 0 -1 0 0 -1 0 0 -1 0 0 -1 0 0 -1 0 0 -1 0 0 -1 0 0 -1 0 0 -1 0 0 -1 0 0 -1 0 0 -1 0 0 -1 0 0 -1 0 0 -1 0 0 -1 0 0 -1 0 0 -1 0 0 -1 0 0 -1 0 0 -1 0 0 -1 0 0 -1 0 0 -1 0 0 -1 0 0 -1 0 0 -1 0 0 -1 0 0 -1 0 0 -1 0 0 -1 0 0 -1 0 0 -1 0 0 -1 0 0 -1 0 0 -1 0 0 -1 0 0 -1 0 0 -1 0 0 -1 0 0 -1 0 0 -1 0 0 -1 0 0 -1 0 0 -1 0 0 -1 0 0 -1 0 0 -1 0 0 -1 0 0 -1 0 0 -1 0 0 -1 0 0 -1 0 0 -1 0 0 -1 0 0 -1 0 0 -1 0 0 -1 0 0 -1 0 0 -0.3193723 -0.9476291 -0.0007159216 -0.352274 -0.9358969 9.221132e-05 -0.3826142 -0.9239082 -0.0001521891 -0.4156682 -0.9095163 4.04885e-05 -0.5556348 -0.8314264 -0.0001130779 -0.09801516 -0.9951849 0 -0.03230239 -0.999469 -0.004277634 -0.1950827 -0.9807868 -3.767369e-05 -0.06763284 -0.9977067 -0.002665879 -0.1298578 -0.9915324 -0.0006502277 -0.197585 -0.9802822 -0.002660218 -0.2552987 -0.966858 -0.002846754 -0.9987955 -0.04906694 -4.034649e-07 -0.9994646 -0.03271814 0 -0.9951843 -0.09802145 -1.607616e-08 -0.9807844 -0.1950945 -4.012783e-07 -0.5572128 -0.8303697 0 -0.7071068 -0.7071068 0 -0.7071068 -0.7071068 0 -0.8314747 -0.5555626 0 -0.8314747 -0.5555626 0 -0.9238797 -0.3826829 0 -0.9238797 -0.3826829 0 -0.9807865 -0.1950842 0 1 0 0 1 0 0 0.9987955 -0.04906694 -4.034649e-07 1 0 0 1 0 0 0.9994646 -0.03271814 0 1 0 0 1 0 0 1 0 0 1 0 0 1 0 0 1 0 0 1 0 0 1 0 0 1 0 0 1 0 0 1 0 0 1 0 0 1 0 0 1 0 0 1 0 0 1 0 0 1 0 0 1 0 0 1 0 0 1 0 0 1 0 0 1 0 0 1 0 0 1 0 0 1 0 0 1 0 0 1 0 0 1 0 0 1 0 0 1 0 0 1 0 0 1 0 0 1 0 0 1 0 0 1 0 0 1 0 0 1 0 0 1 0 0 1 0 0 1 0 0 1 0 0 1 0 0 1 0 0 1 0 0 1 0 0 1 0 0 1 0 0 1 0 0 1 0 0 1 0 0 1 0 0 1 0 0 1 0 0 1 0 0 1 0 0 1 0 0 1 0 0 1 0 0 1 0 0 1 0 0 1 0 0 1 0 0 1 0 0 1 0 0 1 0 0 1 0 0 1 0 0 1 0 0 1 0 0 1 0 0 1 0 0 -1 0 0 -1 0 0 -1 0 0 -1 0 0 -1 0 0 -1 0 0 -1 0 0 -1 0 0 -1 0 0 -1 0 0 -1 0 0 -1 0 0 -1 0 0 -1 0 0 -1 0 0 -1 0 0 -1 0 0 -1 0 0 -1 0 0 -1 0 0 -1 0 0 -1 0 0 -1 0 0 -1 0 0 -1 0 0 -1 0 0 -1 0 0 -1 0 0 -1 0 0 -1 0 0 -1 0 0 -1 0 0 -1 0 0 -1 0 0 -1 0 0 -1 0 0 -1 0 0 -1 0 0 -1 0 0 -1 0 0 -1 0 0 -1 0 0 -1 0 0 -1 0 0 -1 0 0 -1 0 0 -1 0 0 -1 0 0 -1 0 0 -1 0 0 -1 0 0 -1 0 0 -1 0 0 -1 0 0 -1 0 0 -1 0 0 -1 0 0 -1 0 0 -1 0 0 -1 0 0 -1 0 0 -1 0 0 -1 0 0 -1 0 0 -1 0 0 -1 0 0 -1 0 0 -1 0 0 -1 0 0 -1 0 0 -1 0 0 -1 0 0 -1 0 0 -1 0 0 -1 0 0 0 1 0 0 1 0 0 1 0 0 1 0 0 1 0 0 1 0 0 1 0 0 1 0 0 1 0 0 1 0 0 1 0 0 1 0 0 1 0 0 1 0 0 1 0 0 1 0 1 0 0 1 0 0 1 0 0 1 0 0 1 0 0 1 0 0 1 0 0 1 0 0 1 0 0 1 0 0 1 0 0 1 0 0 1 0 0 1 0 0 1 0 0 1 0 0 1 0 0 1 0 0 1 0 0 1 0 0 1 0 0 1 0 0 1 0 0 1 0 0 1 0 0 1 0 0 1 0 0 1 0 0 1 0 0 1 0 0 1 0 0 1 0 0 1 0 0 1 0 0 1 0 0 1 0 0 1 0 0 1 0 0 1 0 0 1 0 0 1 0 0 1 0 0 1 0 0 1 0 0 1 0 0 1 0 0 1 0 0 1 0 0 1 0 0 1 0 0 1 0 0 1 0 0 1 0 0 1 0 0 1 0 0 1 0 0 1 0 0 1 0 0 1 0 0 1 0 0 1 0 0 1 0 0 1 0 0 1 0 0 1 0 0 1 0 0 1 0 0 1 0 0 1 0 0 0 1 0 0 1 0 0 1 0 0 1 0 0 1 0 0 1 0 0 1 0 0 1 0 0 1 0 0 1 0 0 1 0 0 1 0 0 1 0 0 1 0 0 1 0 0 1 0 -1 0 0 -1 0 0 -1 0 0 -1 0 0 -1 0 0 -1 0 0 -1 0 0 -1 0 0 -1 0 0 -1 0 0 -1 0 0 -1 0 0 -1 0 0 -1 0 0 -1 0 0 -1 0 0 -1 0 0 -1 0 0 -1 0 0 -1 0 0 -1 0 0 -1 0 0 -1 0 0 -1 0 0 -1 0 0 -1 0 0 -1 0 0 -1 0 0 -1 0 0 -1 0 0 -1 0 0 -1 0 0 -1 0 0 -1 0 0 -1 0 0 -1 0 0 -1 0 0 -1 0 0 -1 0 0 -1 0 0 -1 0 0 -1 0 0 -1 0 0 -1 0 0 -1 0 0 -1 0 0 -1 0 0 -1 0 0 -1 0 0 -1 0 0 -1 0 0 -1 0 0 -1 0 0 -1 0 0 -1 0 0 -1 0 0 -1 0 0 -1 0 0 -1 0 0 -1 0 0 -1 0 0 -1 0 0 -1 0 0 -1 0 0 -1 0 0 -1 0 0 -1 0 0 -1 0 0 -1 0 0 -0.06820382 0.9976662 -0.003212822 -0.09629479 0.9953486 0.002903035 0 0 1 0 0 1 0 0 1 0 0 1 0 0 1 0 0 1 0 0 1 -1 0 0 -1 0 0 -1 0 0 -1 0 0 -1 0 0 -1 0 0 -1 0 0 -1 0 0 -1 0 0 -1 0 0 -1 0 0 -1 0 0 -1 0 0 -1 0 0 -1 0 0 -1 0 0 -1 0 0 -1 0 0 -1 0 0 -1 0 0 -1 0 0 -1 0 0 -1 0 0 -1 0 0 -1 0 0 -1 0 0 -1 0 0 -1 0 0 -1 0 0 -1 0 0 -1 0 0 -1 0 0 -1 0 0 -1 0 0 -1 0 0 -1 0 0 -1 0 0 -1 0 0 -1 0 0 -1 0 0 -1 0 0 -1 0 0 -1 0 0 -1 0 0 -1 0 0 -1 0 0 -1 0 0 -1 0 0 -1 0 0 -1 0 0 -1 0 0 -1 0 0 -1 0 0 -1 0 0 0 -1 0 0 -1 0 0 -1 0 0 -1 0 0 -1 0 0 -1 0 0 -1 0 0 -1 0 0 -1 0 0 -1 0 0 -1 0 0 -1 0 0 -1 0 0 -1 0 0 -1 0 0 -1 0 0 -1 0 0 -1 0 0 -1 0 0 -1 0 0 -1 0 0 -1 0 0 -1 0 0 -1 0 0 -1 0 0 -1 0 0 -1 0 0 -1 0 0 -1 0 0 -1 0 0 -1 0 0 -1 0 0 -1 0 0 -1 0 0 -1 0 0 -1 0 0 -1 0 0 -1 0 0 -1 0 0 -1 0 0 -1 0 0 -1 0 0 -1 0 0 -1 0 0 -1 0 0 -1 0 0 -1 0 0 -1 0 0 -1 0 0 -1 0 0 -1 0 0 -1 0 0 -1 0 0 -1 0 0 -1 0 0 -1 0 0 -1 0 0 -1 0 0 -1 0 0 -1 0 0 -1 0 0 -1 0 0 -1 0 0 -1 0 0 -1 0 0 -1 0 0 -1 0 0 -1 0 0 -1 0 0 -1 0 0 -1 0 0 -1 0 0 -1 0 0 -1 0 0 -1 0 0 -1 0 0 -1 0 0 -1 0 0 -1 0 0 -1 0 0 -1 0 0 -1 0 0 -1 0 0 -1 0 0 -1 0 0 -1 0 0 -1 0 0 -1 0 0 -1 0 0 -1 0 0 -1 0 0 -1 0 0 -1 0 0 -1 0 0 -1 0 0 -1 0 0 -1 0 0 -1 0 0 -1 0 0 -1 0 0 -1 0 0 -1 0 0 -1 0 0 -1 0 0 -1 0 0 -1 0 0 -1 0 0 -1 0 0 -1 0 0 -1 0 0 -1 0 0 -1 0 0 -1 0 0 -1 0 0 -1 0 0.02640628 -0.9996513 0 0.09722951 -0.9952612 -0.00122641 0.06788713 -0.9976921 -0.001371996 0.1951015 -0.9807823 -0.00120672 0.1298256 -0.9915366 -0.0006511149 0.2906163 -0.9568395 -0.0005962546 0.256028 -0.966669 -0.0009011575 0.1953063 -0.9807423 0 0.9951843 -0.09802145 -1.607616e-08 0.9807844 -0.1950945 -4.012783e-07 0.9807865 -0.1950842 0 0.9238797 -0.3826829 0 0.9238797 -0.3826829 0 0.8314747 -0.5555626 0 0.8314747 -0.5555626 0 0.7071068 -0.7071068 0 0.7071068 -0.7071068 0 0.5572128 -0.8303697 0 0.5556348 -0.8314264 -0.0001130779 0.4312594 -0.902228 -4.605547e-06 0.3825955 -0.9239159 -0.0001173207 0.3679756 -0.9298354 -0.0003106271 0.3175643 -0.9482361 -0.001058654 0 0 1 0 0 1 0 0 1 0 0 1 0 0 1 0 0 1 0 0 1 0 0 1 0 0 1 0 0 1 0 0 1 0 0 1 0 0 1 0 0 1 0 0 1 0 0 1 0 0 1 0 0 1 0 0 1 0 0 1 0 0 1 0 0 1 0 0 1 0 0 1 0 0 1 0 0 1 0 0 1 0 0 1 0 0 1 0 0 1 0 0 1 0 0 1 0 0 1 0 0 1 0 0 1 0 0 1 0 0 1 0 0 1 0 0 1 0 0 1 0 0 1 0 0 1 0 0 1 0 0 1 0 0 1 0 0 1 0 0 1 0 0 1 0 0 1 0 0 1 0 0 1 0 0 1 0 0 1 0 0 1 0 0 1 0 0 1 0 0 1 0 0 1 0 0 1 0 0 1 0 0 1 0 0 1 0 0 1 0 0 1 0 0 1 0 0 1 0 0 1 0 0 1 0 0 1 0 0 1 0 0 1 0 0 1 0 0 1 0 0 1 0 0 1 0 0 1 0 0 1 0 0 1 0 0 1 0 0 1 0 0 1 0 0 1 0 0 1 0 0 1 0 0 1 0 0 1 0 0 1 0 0 1 0 0 1 0 0 1 0 0 1 0 0 1 0 0 1 0 0 1 0 0 1 0 0 1 0 0 1 0 0 1 0 0 1 0 0 1 0 0 1 0 0 1 0 0 1 0 0 1 0 0 1 0 0 1 0 0 1 0 0 1 0 0 1 0 0 1 0 0 1 0 0 1 0 0 1 0 0 1 0 0 1 0 0 1 0 0 1 0 0 1 0 0 1 0 0 1 0 0 1 0 0 1 0 0 1 0 0 1 0 0 1 0 0 1 0 0 1 0 0 1 0 0 1 0 0 1 0 0 1 0 0 1 0 0 1 0 0 1 0 0 1 0 0 1 0 0 1 0 0 1 0 0 1 0 0 1 0 0 1 0 0 1 0 0 1 0 0 1 0 0 1 0 0 1 0 0 1 0 0 1 0 0 1 0 0 1 0 0 1 0 0 1 0 0 1 0 0 1 0 0 1 0 0 1 0 0 1 0 0 1 0 0 1 0 0 1 0 0 1 0 0 1 0 0 1 0 0 1 0 0 1 0 0 1 0 0 1 0 0 1 0 0 1 0 0 1 0 0 1 0 0 1 0 0 1 0 0 1 0 0 1 0 0 1 0 0 1 0 0 1 0 0 1 0 0 1 0 0 1 0 0 1 0 0 1 0 0 1 0 0 1 0 0 1 0 0 1 0 0 1 0 0 1 0 0 1 0 0 1 0 0 1 0 0 1 0 0 1 0 0 1 0 0 1 0 0 1 0 0 1 0 0 1 0 0 1 0 0 1 0 0 1 0 0 1 0 0 1 0 0 1 0 0 1 0 0 1 0 0 1 0 0 1 0 0 1 0 0 1 0 0 1 0 0 1 0 0 1 0 0 1 0 0 1 0 0 1 0 0 1 0 0 1 0 0 1 0 0 1 0 0 1 0 0 1 0 0 1 0 0 1 0 0 1 0 0 1 0 0 1 0 0 1 0 0 1 0 0 1 0 0 1 0 0 1 0 0 1 0 0 1 0 0 1 0 0 1 0 0 1 0 0 1 0 0 1 0 0 1 0 0 1 0 0 1 0 0 1 0 0 1 0 0 1 0 0 1 0 0 1 0 0 1 0 0 1 0 0 1 0 0 1 0 0 1 0 0 1 0 0 1 0 0 1 0 0 1 0 0 1 0 0 1 0 0 1 0 0 1 0 0 1 0 0 1 0 0 1 0 0 1 0 0 1 0 0 1 0 0 1 0 0 1 0 0 1 0 0 1 0 0 1 0 0 1 0 0 1 0 0 1 0 0 1 0 0 1 0 0 1 0 0 1 0 0 1 0 0 1 0 0 1 0 0 1 0 0 1 0 0 1 0 0 1 0 0 1 0 0 1 0 0 1 0 0 1 0 0 1 0 0 1 0 0 1 0 0 1 0 0 1 0 0 1 0 0 1 0 0 1 0 0 1 0 0 1 0 0 1 0 0 1 0 0 1 0 0 1 0 0 1 0 0 1 0 0 1 0 0 1 0 0 1 0 0 1 0 0 1 0 0 1 0 0 1 0 0 1 0 0 1 0 0 1 0 0 1 1 -1.137276e-15 0 1 -1.131707e-15 0 0.9659143 -0.258862 0 0.9659143 -0.258862 0 0.8660353 -0.4999828 0 0.8660353 -0.4999828 0 0.7071421 -0.7070715 0 0.7071421 -0.7070715 0 0.4999623 -0.8660472 0 0.4999623 -0.8660472 0 0.2588079 -0.9659288 0 0.2588079 -0.9659288 0 -5.792226e-16 -1 0 -5.881337e-16 -1 0 -0.2588079 -0.9659288 0 -0.2588079 -0.9659288 0 -0.4999623 -0.8660472 0 -0.4999623 -0.8660472 0 -0.7071421 -0.7070715 0 -0.7071421 -0.7070715 0 -0.8660353 -0.4999828 0 -0.8660353 -0.4999828 0 -0.9659143 -0.258862 0 -0.9659143 -0.258862 0 -1 -1.15844e-15 0 -1 -1.149529e-15 0 -0.9659143 0.258862 0 -0.9659143 0.258862 0 -0.8660353 0.4999828 0 -0.8660353 0.4999828 0 -0.7071421 0.7070715 0 -0.7071421 0.7070715 0 -0.4999623 0.8660472 0 -0.4999623 0.8660472 0 -0.2588079 0.9659288 0 -0.2588079 0.9659288 0 -5.881337e-16 1 0 -5.792226e-16 1 0 0.2588079 0.9659288 0 0.2588079 0.9659288 0 0.4999623 0.8660472 0 0.4999623 0.8660472 0 0.7071421 0.7070715 0 0.7071421 0.7070715 0 0.8660353 0.4999828 0 0.8660353 0.4999828 0 0.9659143 0.258862 0 0.9659143 0.258862 0 1 -1.143961e-15 0 1 -1.140619e-15 0 0.9659168 -0.2588526 0 0.9659168 -0.2588526 0 0.8660194 -0.5000105 0 0.8660194 -0.5000105 0 0.7071235 -0.7070901 0 0.7071235 -0.7070901 0 0.5000309 -0.8660076 0 0.5000309 -0.8660076 0 0.2588526 -0.9659168 0 0.2588526 -0.9659168 0 5.703096e-16 -1 0 5.703096e-16 -1 0 -0.2588526 -0.9659168 0 -0.2588526 -0.9659168 0 -0.5000309 -0.8660076 0 -0.5000309 -0.8660076 0 -0.7071235 -0.7070901 0 -0.7071235 -0.7070901 0 -0.8660194 -0.5000105 0 -0.8660194 -0.5000105 0 -0.9659168 -0.2588526 0 -0.9659168 -0.2588526 0 -1 -1.167352e-15 0 -1 -1.158441e-15 0 -0.9659168 0.2588526 0 -0.9659168 0.2588526 0 -0.8660582 0.4999432 0 -0.8660582 0.4999432 0 -0.7071784 0.7070351 0 -0.7071784 0.7070351 0 -0.4999287 0.8660665 0 -0.4999287 0.8660665 0 -0.2587387 0.9659474 0 -0.2587387 0.9659474 0 5.703096e-16 1 0 5.703096e-16 1 0 0.2587387 0.9659474 0 0.2587387 0.9659474 0 0.4999287 0.8660665 0 0.4999287 0.8660665 0 0.7071784 0.7070351 0 0.7071784 0.7070351 0 0.8660582 0.4999432 0 0.8660582 0.4999432 0 0.9659168 0.2588526 0 0.9659168 0.2588526 0 1 -1.666131e-05 0 1 -1.666131e-05 0 0.9659168 -0.2588526 0 0.9659168 -0.2588526 0 0.8659687 -0.5000982 0 0.8659687 -0.5000982 0 0.7071068 -0.7071068 0 0.7071068 -0.7071068 0 0.4999961 -0.8660277 0 0.4999961 -0.8660277 0 0.258861 -0.9659146 0 0.258861 -0.9659146 0 4.63392e-15 -1 0 4.625009e-15 -1 0 -0.258861 -0.9659146 0 -0.258861 -0.9659146 0 -0.4999287 -0.8660665 0 -0.4999287 -0.8660665 0 -0.7070518 -0.7071617 0 -0.7070518 -0.7071617 0 -0.8660277 -0.4999961 0 -0.8660277 -0.4999961 0 -0.9659474 -0.2587387 0 -0.9659474 -0.2587387 0 -1 -1.666131e-05 0 -1 -1.666131e-05 0 -0.965939 0.2587698 0 -0.965939 0.2587698 0 -0.8660421 0.499971 0 -0.8660421 0.499971 0 -0.7071068 0.7071068 0 -0.7071068 0.7071068 0 -0.4999287 0.8660665 0 -0.4999287 0.8660665 0 -0.2587387 0.9659474 0 -0.2587387 0.9659474 0 4.633766e-15 1 0 4.633766e-15 1 0 0.2587387 0.9659474 0 0.2587387 0.9659474 0 0.4999961 0.8660277 0 0.4999961 0.8660277 0 0.7071617 0.7070518 0 0.7071617 0.7070518 0 0.8659831 0.5000732 0 0.8659831 0.5000732 0 0.9659085 0.2588838 0 0.9659085 0.2588838 0 1 -1.160669e-15 0 1 -1.158441e-15 0 0.9659168 -0.2588526 0 0.9659168 -0.2588526 0 0.8659687 -0.5000982 0 0.8659687 -0.5000982 0 0.7071068 -0.7071068 0 0.7071068 -0.7071068 0 0.5000982 -0.8659687 0 0.5000982 -0.8659687 0 0.2588526 -0.9659168 0 0.2588526 -0.9659168 0 4.624854e-15 -1 0 4.615943e-15 -1 0 -0.2588526 -0.9659168 0 -0.2588526 -0.9659168 0 -0.5000309 -0.8660076 0 -0.5000309 -0.8660076 0 -0.7070518 -0.7071617 0 -0.7070518 -0.7071617 0 -0.8660277 -0.4999961 0 -0.8660277 -0.4999961 0 -0.9659474 -0.2587387 0 -0.9659474 -0.2587387 0 -1 -1.158441e-15 0 -1 -1.158441e-15 0 -0.9659474 0.2587387 0 -0.9659474 0.2587387 0 -0.8660665 0.4999287 0 -0.8660665 0.4999287 0 -0.7071068 0.7071068 0 -0.7071068 0.7071068 0 -0.4999287 0.8660665 0 -0.4999287 0.8660665 0 -0.2587387 0.9659474 0 -0.2587387 0.9659474 0 4.624854e-15 1 0 4.624854e-15 1 0 0.2587387 0.9659474 0 0.2587387 0.9659474 0 0.4999961 0.8660277 0 0.4999961 0.8660277 0 0.7071617 0.7070518 0 0.7071617 0.7070518 0 0.8660076 0.5000309 0 0.8660076 0.5000309 0 0.9659168 0.2588526 0 0.9659168 0.2588526 0 1 -1.666131e-05 0 1 -1.666131e-05 0 0.9659168 -0.2588526 0 0.9659168 -0.2588526 0 0.8660194 -0.5000105 0 0.8660194 -0.5000105 0 0.7071235 -0.7070901 0 0.7071235 -0.7070901 0 0.4999287 -0.8660665 0 0.4999287 -0.8660665 0 0.258861 -0.9659146 0 0.258861 -0.9659146 0 5.7924e-16 -1 0 5.881514e-16 -1 0 -0.258861 -0.9659146 0 -0.258861 -0.9659146 0 -0.4999287 -0.8660665 0 -0.4999287 -0.8660665 0 -0.7071235 -0.7070901 0 -0.7071235 -0.7070901 0 -0.8660194 -0.5000105 0 -0.8660194 -0.5000105 0 -0.9659168 -0.2588526 0 -0.9659168 -0.2588526 0 -1 -1.666131e-05 0 -1 -1.666131e-05 0 -0.9659085 0.2588838 0 -0.9659085 0.2588838 0 -0.8660338 0.4999855 0 -0.8660338 0.4999855 0 -0.7071784 0.7070351 0 -0.7071784 0.7070351 0 -0.4999287 0.8660665 0 -0.4999287 0.8660665 0 -0.2587387 0.9659474 0 -0.2587387 0.9659474 0 5.881318e-16 1 0 5.792207e-16 1 0 0.2587387 0.9659474 0 0.2587387 0.9659474 0 0.4999287 0.8660665 0 0.4999287 0.8660665 0 0.7071784 0.7070351 0 0.7071784 0.7070351 0 0.8660338 0.4999855 0 0.8660338 0.4999855 0 0.9659085 0.2588838 0 0.9659085 0.2588838 0 -1 0 0 -1 0 0 -1 0 0 -1 0 0 0 1 0 0 1 0 0 1 0 0 1 0 0 1 0 0 1 0 0 1 0 0 1 0 1 0 0 1 0 0 1 0 0 1 0 0 0 1 0 0 1 0 0 1 0 0 1 0 0 1 0 0 1 0 0 1 0 0 1 0 0 1 0 0 1 0 0 1 0 0 1 0 0 1 0 0 1 0 0 1 0 0 1 0 1 -1.148415e-15 0 1 -1.15844e-15 0 0.9659143 -0.258862 0 0.9659143 -0.258862 0 0.8660353 -0.4999828 0 0.8660353 -0.4999828 0 0.7071421 -0.7070715 0 0.7071421 -0.7070715 0 0.4999623 -0.8660472 0 0.4999623 -0.8660472 0 0.2588079 -0.9659288 0 0.2588079 -0.9659288 0 5.881337e-16 -1 0 5.792226e-16 -1 0 -0.2588079 -0.9659288 0 -0.2588079 -0.9659288 0 -0.4999623 -0.8660472 0 -0.4999623 -0.8660472 0 -0.7071421 -0.7070715 0 -0.7071421 -0.7070715 0 -0.8660353 -0.4999828 0 -0.8660353 -0.4999828 0 -0.9659143 -0.258862 0 -0.9659143 -0.258862 0 -1 -1.131707e-15 0 -1 -1.140618e-15 0 -0.9659143 0.258862 0 -0.9659143 0.258862 0 -0.8660353 0.4999828 0 -0.8660353 0.4999828 0 -0.7071421 0.7070715 0 -0.7071421 0.7070715 0 -0.4999623 0.8660472 0 -0.4999623 0.8660472 0 -0.2588079 0.9659288 0 -0.2588079 0.9659288 0 5.792226e-16 1 0 5.881337e-16 1 0 0.2588079 0.9659288 0 0.2588079 0.9659288 0 0.4999623 0.8660472 0 0.4999623 0.8660472 0 0.7071421 0.7070715 0 0.7071421 0.7070715 0 0.8660353 0.4999828 0 0.8660353 0.4999828 0 0.9659143 0.258862 0 0.9659143 0.258862 0 1 -1.666131e-05 0 1 -1.666131e-05 0 0.9659168 -0.2588526 0 0.9659168 -0.2588526 0 0.8660194 -0.5000105 0 0.8660194 -0.5000105 0 0.7071235 -0.7070901 0 0.7071235 -0.7070901 0 0.4999287 -0.8660665 0 0.4999287 -0.8660665 0 0.258861 -0.9659146 0 0.258861 -0.9659146 0 -5.881514e-16 -1 0 -5.7924e-16 -1 0 -0.258861 -0.9659146 0 -0.258861 -0.9659146 0 -0.4999287 -0.8660665 0 -0.4999287 -0.8660665 0 -0.7071235 -0.7070901 0 -0.7071235 -0.7070901 0 -0.8660194 -0.5000105 0 -0.8660194 -0.5000105 0 -0.9659168 -0.2588526 0 -0.9659168 -0.2588526 0 -1 -1.666131e-05 0 -1 -1.666131e-05 0 -0.9659085 0.2588838 0 -0.9659085 0.2588838 0 -0.8660338 0.4999855 0 -0.8660338 0.4999855 0 -0.7071784 0.7070351 0 -0.7071784 0.7070351 0 -0.4999287 0.8660665 0 -0.4999287 0.8660665 0 -0.2587387 0.9659474 0 -0.2587387 0.9659474 0 -5.792207e-16 1 0 -5.881318e-16 1 0 0.2587387 0.9659474 0 0.2587387 0.9659474 0 0.4999287 0.8660665 0 0.4999287 0.8660665 0 0.7071784 0.7070351 0 0.7071784 0.7070351 0 0.8660338 0.4999855 0 0.8660338 0.4999855 0 0.9659085 0.2588838 0 0.9659085 0.2588838 0 1 -1.159555e-15 0 1 -1.158441e-15 0 0.9659474 -0.2587387 0 0.9659474 -0.2587387 0 0.8660277 -0.4999961 0 0.8660277 -0.4999961 0 0.7070518 -0.7071617 0 0.7070518 -0.7071617 0 0.5000309 -0.8660076 0 0.5000309 -0.8660076 0 0.2588526 -0.9659168 0 0.2588526 -0.9659168 0 -4.615943e-15 -1 0 -4.615943e-15 -1 0 -0.2588526 -0.9659168 0 -0.2588526 -0.9659168 0 -0.5000982 -0.8659687 0 -0.5000982 -0.8659687 0 -0.7071068 -0.7071068 0 -0.7071068 -0.7071068 0 -0.8659687 -0.5000982 0 -0.8659687 -0.5000982 0 -0.9659168 -0.2588526 0 -0.9659168 -0.2588526 0 -1 -1.158441e-15 0 -1 -1.158441e-15 0 -0.9659168 0.2588526 0 -0.9659168 0.2588526 0 -0.8660076 0.5000309 0 -0.8660076 0.5000309 0 -0.7071617 0.7070518 0 -0.7071617 0.7070518 0 -0.4999961 0.8660277 0 -0.4999961 0.8660277 0 -0.2587387 0.9659474 0 -0.2587387 0.9659474 0 -4.624854e-15 1 0 -4.624854e-15 1 0 0.2587387 0.9659474 0 0.2587387 0.9659474 0 0.4999287 0.8660665 0 0.4999287 0.8660665 0 0.7071068 0.7071068 0 0.7071068 0.7071068 0 0.8660665 0.4999287 0 0.8660665 0.4999287 0 0.9659474 0.2587387 0 0.9659474 0.2587387 0 1 -1.666131e-05 0 1 -1.666131e-05 0 0.9659474 -0.2587387 0 0.9659474 -0.2587387 0 0.8660277 -0.4999961 0 0.8660277 -0.4999961 0 0.7070518 -0.7071617 0 0.7070518 -0.7071617 0 0.4999287 -0.8660665 0 0.4999287 -0.8660665 0 0.258861 -0.9659146 0 0.258861 -0.9659146 0 -4.625009e-15 -1 0 -4.63392e-15 -1 0 -0.258861 -0.9659146 0 -0.258861 -0.9659146 0 -0.4999961 -0.8660277 0 -0.4999961 -0.8660277 0 -0.7071068 -0.7071068 0 -0.7071068 -0.7071068 0 -0.8659687 -0.5000982 0 -0.8659687 -0.5000982 0 -0.9659168 -0.2588526 0 -0.9659168 -0.2588526 0 -1 -1.666131e-05 0 -1 -1.666131e-05 0 -0.9659085 0.2588838 0 -0.9659085 0.2588838 0 -0.8659831 0.5000732 0 -0.8659831 0.5000732 0 -0.7071617 0.7070518 0 -0.7071617 0.7070518 0 -0.4999961 0.8660277 0 -0.4999961 0.8660277 0 -0.2587387 0.9659474 0 -0.2587387 0.9659474 0 -4.633766e-15 1 0 -4.633766e-15 1 0 0.2587387 0.9659474 0 0.2587387 0.9659474 0 0.4999287 0.8660665 0 0.4999287 0.8660665 0 0.7071068 0.7071068 0 0.7071068 0.7071068 0 0.8660421 0.499971 0 0.8660421 0.499971 0 0.965939 0.2587698 0 0.965939 0.2587698 0 1 -1.160669e-15 0 1 -1.167352e-15 0 0.9659168 -0.2588526 0 0.9659168 -0.2588526 0 0.8660194 -0.5000105 0 0.8660194 -0.5000105 0 0.7071235 -0.7070901 0 0.7071235 -0.7070901 0 0.5000309 -0.8660076 0 0.5000309 -0.8660076 0 0.2588526 -0.9659168 0 0.2588526 -0.9659168 0 -5.703096e-16 -1 0 -5.703096e-16 -1 0 -0.2588526 -0.9659168 0 -0.2588526 -0.9659168 0 -0.5000309 -0.8660076 0 -0.5000309 -0.8660076 0 -0.7071235 -0.7070901 0 -0.7071235 -0.7070901 0 -0.8660194 -0.5000105 0 -0.8660194 -0.5000105 0 -0.9659168 -0.2588526 0 -0.9659168 -0.2588526 0 -1 -1.140619e-15 0 -1 -1.140619e-15 0 -0.9659168 0.2588526 0 -0.9659168 0.2588526 0 -0.8660582 0.4999432 0 -0.8660582 0.4999432 0 -0.7071784 0.7070351 0 -0.7071784 0.7070351 0 -0.4999287 0.8660665 0 -0.4999287 0.8660665 0 -0.2587387 0.9659474 0 -0.2587387 0.9659474 0 -5.703096e-16 1 0 -5.703096e-16 1 0 0.2587387 0.9659474 0 0.2587387 0.9659474 0 0.4999287 0.8660665 0 0.4999287 0.8660665 0 0.7071784 0.7070351 0 0.7071784 0.7070351 0 0.8660582 0.4999432 0 0.8660582 0.4999432 0 0.9659168 0.2588526 0 0.9659168 0.2588526 0 0.00167159 0.1501388 -0.9886635 0.001080315 0.2582322 -0.9660823 0.002283219 0.001554297 -0.9999962 0.001184425 0.000748678 -0.999999 5.620882e-05 -0.1308317 -0.9914046 0.002238171 -0.2589388 -0.9658911 0.001036717 -0.5005947 -0.8656811 4.965199e-05 -0.3621536 -0.9321184 0 -0.2483436 -0.968672 -0.001585038 0.2373329 -0.9714271 -0.0007334164 0.3320734 -0.9432533 0.001037865 0.5005704 -0.8656952 0 0.5185695 -0.8550355 0 0.7070351 -0.7071784 0 0.7070351 -0.7071784 0 0.8660665 -0.4999287 0 0.8660665 -0.4999287 0 0.9659474 -0.2587387 0 0.9659474 -0.2587387 0 1 -2.281238e-15 0 1 -2.29015e-15 0 0.9659474 0.2587387 0 0.9659474 0.2587387 0 0.8660665 0.4999287 0 0.8660665 0.4999287 0 0.7070351 0.7071784 0 0.7070351 0.7071784 0 0.4999855 0.8660338 0 0.4999855 0.8660338 0 0.2588838 0.9659085 0 0.2588838 0.9659085 0 -1.666131e-05 1 0 -1.666131e-05 1 0 -0.2588526 0.9659168 0 -0.2588526 0.9659168 0 -0.5000105 0.8660194 0 -0.5000105 0.8660194 0 -0.7070901 0.7071235 0 -0.7070901 0.7071235 0 -0.8660076 0.5000309 0 -0.8660076 0.5000309 0 -0.9659168 0.2588526 0 -0.9659168 0.2588526 0 -1 -2.29015e-15 0 -1 -2.281238e-15 0 -0.9659168 -0.2588526 0 -0.9659168 -0.2588526 0 -0.8660076 -0.5000309 0 -0.8660076 -0.5000309 0 -0.7070901 -0.7071235 0 -0.7070901 -0.7071235 0 -0.5185672 -0.8550368 -0.001673139 -0.150097 -0.9886699 -0.001079177 -0.2582018 -0.9660904 -0.00228267 -0.001570628 -0.9999962 -0.001183822 -0.0007816105 -0.999999 -5.619424e-05 0.130782 -0.9914111 -0.002238745 0.2589688 -0.9658831 -0.001037865 0.5005704 -0.8656952 -4.969579e-05 0.3622286 -0.9320893 0 0.2482953 -0.9686844 0.001580593 -0.2373636 -0.9714196 0.0007312498 -0.3320828 -0.9432499 -0.001036717 -0.5005947 -0.8656811 0 -0.5185672 -0.8550368 0 -0.7070901 -0.7071235 0 -0.7070901 -0.7071235 0 -0.8660076 -0.5000309 0 -0.8660076 -0.5000309 0 -0.9659168 -0.2588526 0 -0.9659168 -0.2588526 0 -1 -2.281238e-15 0 -1 -2.29015e-15 0 -0.9659168 0.2588526 0 -0.9659168 0.2588526 0 -0.8660076 0.5000309 0 -0.8660076 0.5000309 0 -0.7070901 0.7071235 0 -0.7070901 0.7071235 0 -0.5000105 0.8660194 0 -0.5000105 0.8660194 0 -0.2588526 0.9659168 0 -0.2588526 0.9659168 0 -1.666131e-05 1 0 -1.666131e-05 1 0 0.2588838 0.9659085 0 0.2588838 0.9659085 0 0.4999855 0.8660338 0 0.4999855 0.8660338 0 0.7070351 0.7071784 0 0.7070351 0.7071784 0 0.8660665 0.4999287 0 0.8660665 0.4999287 0 0.9659474 0.2587387 0 0.9659474 0.2587387 0 1 -2.29015e-15 0 1 -2.281238e-15 0 0.9659474 -0.2587387 0 0.9659474 -0.2587387 0 0.8660665 -0.4999287 0 0.8660665 -0.4999287 0 0.7070351 -0.7071784 0 0.7070351 -0.7071784 0 0.5185695 -0.8550355 0 -1.666131e-05 -1 0 -1.666131e-05 -1 0 -0.2588526 -0.9659168 0 -0.2588526 -0.9659168 0 -0.5000105 -0.8660194 0 -0.5000105 -0.8660194 0 -0.7070901 -0.7071235 0 -0.7070901 -0.7071235 0 -0.8660076 -0.5000309 0 -0.8660076 -0.5000309 0 -0.9659168 -0.2588526 0 -0.9659168 -0.2588526 0 -1 -1.158441e-15 0 -1 -1.158441e-15 0 -0.9659168 0.2588526 0 -0.9659168 0.2588526 0 -0.8660076 0.5000309 0 -0.8660076 0.5000309 0 -0.7070901 0.7071235 0 -0.7070901 0.7071235 0 -0.5000105 0.8660194 0 -0.5000105 0.8660194 0 -0.2588526 0.9659168 0 -0.2588526 0.9659168 0 -1.666131e-05 1 0 -1.666131e-05 1 0 0.2588838 0.9659085 0 0.2588838 0.9659085 0 0.4999855 0.8660338 0 0.4999855 0.8660338 0 0.7070351 0.7071784 0 0.7070351 0.7071784 0 0.8660665 0.4999287 0 0.8660665 0.4999287 0 0.9659474 0.2587387 0 0.9659474 0.2587387 0 1 -1.158441e-15 0 1 -1.158441e-15 0 0.9659474 -0.2587387 0 0.9659474 -0.2587387 0 0.8660665 -0.4999287 0 0.8660665 -0.4999287 0 0.7070351 -0.7071784 0 0.7070351 -0.7071784 0 0.4999855 -0.8660338 0 0.4999855 -0.8660338 0 0.2588838 -0.9659085 0 0.2588838 -0.9659085 0 -1.666131e-05 -1 0 -1.666131e-05 -1 0 -0.2588526 -0.9659168 0 -0.2588526 -0.9659168 0 -0.5000105 -0.8660194 0 -0.5000105 -0.8660194 0 -0.7070901 -0.7071235 0 -0.7070901 -0.7071235 0 -0.8660076 -0.5000309 0 -0.8660076 -0.5000309 0 -0.9659168 -0.2588526 0 -0.9659168 -0.2588526 0 -1 -5.881318e-16 0 -1 -5.792207e-16 0 -0.9659168 0.2588526 0 -0.9659168 0.2588526 0 -0.8660076 0.5000309 0 -0.8660076 0.5000309 0 -0.7070901 0.7071235 0 -0.7070901 0.7071235 0 -0.5000105 0.8660194 0 -0.5000105 0.8660194 0 -0.2588526 0.9659168 0 -0.2588526 0.9659168 0 -1.666131e-05 1 0 -1.666131e-05 1 0 0.2588838 0.9659085 0 0.2588838 0.9659085 0 0.4999855 0.8660338 0 0.4999855 0.8660338 0 0.7070351 0.7071784 0 0.7070351 0.7071784 0 0.8660665 0.4999287 0 0.8660665 0.4999287 0 0.9659474 0.2587387 0 0.9659474 0.2587387 0 1 -5.792207e-16 0 1 -5.881318e-16 0 0.9659474 -0.2587387 0 0.9659474 -0.2587387 0 0.8660665 -0.4999287 0 0.8660665 -0.4999287 0 0.7070351 -0.7071784 0 0.7070351 -0.7071784 0 0.4999855 -0.8660338 0 0.4999855 -0.8660338 0 0.2588838 -0.9659085 0 0.2588838 -0.9659085 0 -1.666131e-05 -1 0 -1.666131e-05 -1 0 -0.2588526 -0.9659168 0 -0.2588526 -0.9659168 0 -0.5000105 -0.8660194 0 -0.5000105 -0.8660194 0 -0.7070901 -0.7071235 0 -0.7070901 -0.7071235 0 -0.8660076 -0.5000309 0 -0.8660076 -0.5000309 0 -0.9659168 -0.2588526 0 -0.9659168 -0.2588526 0 -1 -1.158441e-15 0 -1 -1.158441e-15 0 -0.9659168 0.2588526 0 -0.9659168 0.2588526 0 -0.8660076 0.5000309 0 -0.8660076 0.5000309 0 -0.7070901 0.7071235 0 -0.7070901 0.7071235 0 -0.5000105 0.8660194 0 -0.5000105 0.8660194 0 -0.2588526 0.9659168 0 -0.2588526 0.9659168 0 -1.666131e-05 1 0 -1.666131e-05 1 0 0.2588838 0.9659085 0 0.2588838 0.9659085 0 0.4999855 0.8660338 0 0.4999855 0.8660338 0 0.7070351 0.7071784 0 0.7070351 0.7071784 0 0.8660665 0.4999287 0 0.8660665 0.4999287 0 0.9659474 0.2587387 0 0.9659474 0.2587387 0 1 -1.158441e-15 0 1 -1.158441e-15 0 0.9659474 -0.2587387 0 0.9659474 -0.2587387 0 0.8660665 -0.4999287 0 0.8660665 -0.4999287 0 0.7070351 -0.7071784 0 0.7070351 -0.7071784 0 0.4999855 -0.8660338 0 0.4999855 -0.8660338 0 0.2588838 -0.9659085 0 0.2588838 -0.9659085 0 -1.666131e-05 -1 0 -1.666131e-05 -1 0 -0.2588526 -0.9659168 0 -0.2588526 -0.9659168 0 -0.5000105 -0.8660194 0 -0.5000105 -0.8660194 0 -0.7070901 -0.7071235 0 -0.7070901 -0.7071235 0 -0.8660076 -0.5000309 0 -0.8660076 -0.5000309 0 -0.9659168 -0.2588526 0 -0.9659168 -0.2588526 0 -1 -5.881318e-16 0 -1 -5.792207e-16 0 -0.9659168 0.2588526 0 -0.9659168 0.2588526 0 -0.8660076 0.5000309 0 -0.8660076 0.5000309 0 -0.7070901 0.7071235 0 -0.7070901 0.7071235 0 -0.5000105 0.8660194 0 -0.5000105 0.8660194 0 -0.2588526 0.9659168 0 -0.2588526 0.9659168 0 -1.666131e-05 1 0 -1.666131e-05 1 0 0.2588838 0.9659085 0 0.2588838 0.9659085 0 0.4999855 0.8660338 0 0.4999855 0.8660338 0 0.7070351 0.7071784 0 0.7070351 0.7071784 0 0.8660665 0.4999287 0 0.8660665 0.4999287 0 0.9659474 0.2587387 0 0.9659474 0.2587387 0 1 -5.792207e-16 0 1 -5.881318e-16 0 0.9659474 -0.2587387 0 0.9659474 -0.2587387 0 0.8660665 -0.4999287 0 0.8660665 -0.4999287 0 0.7070351 -0.7071784 0 0.7070351 -0.7071784 0 0.4999855 -0.8660338 0 0.4999855 -0.8660338 0 0.2588838 -0.9659085 0 0.2588838 -0.9659085 0.8523415 0 -0.5229857 0.8523415 0 -0.5229857 0.9107998 0 -0.4128483 0.9107998 0 -0.4128483 0.9845458 0 -0.1751275 0.9845458 0 -0.1751275 0.997299 0 0.07344848 0.997299 0 0.07344848 0.9482693 0 0.317467 0.9482693 0 0.317467 0.8404938 0 0.5418212 0.8404938 0 0.5418212 0.680641 0 0.7326172 0.680641 0 0.7326172 0.4786341 0 0.8780145 0.4786341 0 0.8780145 0.2469716 0 0.9690227 0.2469716 0 0.9690227 3.899993e-15 0 1 3.904445e-15 0 1 -0.2469716 0 0.9690227 -0.2469716 0 0.9690227 -0.4786341 0 0.8780145 -0.4786341 0 0.8780145 -0.680641 0 0.7326172 -0.680641 0 0.7326172 -0.8404938 0 0.5418212 -0.8404938 0 0.5418212 -0.9482693 0 0.317467 -0.9482693 0 0.317467 -0.997299 0 0.07344848 -0.997299 0 0.07344848 -0.9845458 0 -0.1751275 -0.9845458 0 -0.1751275 -0.9107998 0 -0.4128483 -0.9107998 0 -0.4128483 -0.8523415 0 -0.5229857 -0.8523415 0 -0.5229857 -4.260621e-16 0 1 -4.36644e-16 0 1 -0.2588189 0 0.9659259 -0.2588189 0 0.9659259 -0.4999981 0 0.8660265 -0.4999981 0 0.8660265 -0.7071258 0 0.7070878 -0.7071258 0 0.7070878 -0.8660415 0 0.4999722 -0.8660415 0 0.4999722 -0.9659132 0 0.2588661 -0.9659132 0 0.2588661 -1 0 -4.3665e-16 -1 0 -4.3665e-16 -0.9659132 0 -0.2588661 -0.9659132 0 -0.2588661 -0.8660415 0 -0.4999722 -0.8660415 0 -0.4999722 -0.7071258 0 -0.7070878 -0.7071258 0 -0.7070878 -0.4999981 0 -0.8660265 -0.4999981 0 -0.8660265 -0.2588189 0 -0.9659259 -0.2588189 0 -0.9659259 -4.36644e-16 0 -1 -4.277329e-16 0 -1 0.2588189 0 -0.9659259 0.2588189 0 -0.9659259 0.4999981 0 -0.8660265 0.4999981 0 -0.8660265 0.7071258 0 -0.7070878 0.7071258 0 -0.7070878 0.8660415 0 -0.4999722 0.8660415 0 -0.4999722 0.9659132 0 -0.2588661 0.9659132 0 -0.2588661 1 0 -4.3665e-16 1 0 -4.3665e-16 0.9659132 0 0.2588661 0.9659132 0 0.2588661 0.8660415 0 0.4999722 0.8660415 0 0.4999722 0.7071258 0 0.7070878 0.7071258 0 0.7070878 0.4999981 0 0.8660265 0.4999981 0 0.8660265 0.2588189 0 0.9659259 0.2588189 0 0.9659259 4.355301e-16 0 1 4.277329e-16 0 1 -0.2588189 0 0.9659259 -0.2588189 0 0.9659259 -0.4999981 0 0.8660265 -0.4999981 0 0.8660265 -0.7071258 0 0.7070878 -0.7071258 0 0.7070878 -0.8660415 0 0.4999722 -0.8660415 0 0.4999722 -0.9659132 0 0.2588661 -0.9659132 0 0.2588661 -1 0 -4.3665e-16 -1 0 -4.3665e-16 -0.9659132 0 -0.2588661 -0.9659132 0 -0.2588661 -0.8660415 0 -0.4999722 -0.8660415 0 -0.4999722 -0.7071258 0 -0.7070878 -0.7071258 0 -0.7070878 -0.4999981 0 -0.8660265 -0.4999981 0 -0.8660265 -0.2588189 0 -0.9659259 -0.2588189 0 -0.9659259 4.277329e-16 0 -1 4.36644e-16 0 -1 0.2588189 0 -0.9659259 0.2588189 0 -0.9659259 0.4999981 0 -0.8660265 0.4999981 0 -0.8660265 0.7071258 0 -0.7070878 0.7071258 0 -0.7070878 0.8660415 0 -0.4999722 0.8660415 0 -0.4999722 0.9659132 0 -0.2588661 0.9659132 0 -0.2588661 1 0 -4.3665e-16 1 0 -4.3665e-16 0.9659132 0 0.2588661 0.9659132 0 0.2588661 0.8660415 0 0.4999722 0.8660415 0 0.4999722 0.7071258 0 0.7070878 0.7071258 0 0.7070878 0.4999981 0 0.8660265 0.4999981 0 0.8660265 0.2588189 0 0.9659259 0.2588189 0 0.9659259 0 -1 0 0 -1 0 0 -1 0 0 -1 0 -1 0 0 -1 0 0 -1 0 0 -1 0 0 0 1 0 0 1 0 0 1 0 0 1 0 1 0 0 1 0 0 1 0 0 1 0 0 0 1.113886e-18 -1 0 0 -1 0 -0.2588526 -0.9659168 0 -0.2588526 -0.9659168 0 -0.4999432 -0.8660582 0 -0.4999432 -0.8660582 0 -0.7071068 -0.7071068 0 -0.7071068 -0.7071068 0 -0.8660582 -0.4999432 0 -0.8660582 -0.4999432 0 -0.9659168 -0.2588526 0 -0.9659168 -0.2588526 0 -1 -1.176264e-15 0 -1 -1.176264e-15 0 -0.9659168 0.2588526 0 -0.9659168 0.2588526 0 -0.8660582 0.4999432 0 -0.8660582 0.4999432 0 -0.7071068 0.7071068 0 -0.7071068 0.7071068 0 -0.4999432 0.8660582 0 -0.4999432 0.8660582 0 -0.2588526 0.9659168 0 -0.2588526 0.9659168 0 0 1 0 0 1 0 0.2588526 0.9659168 0 0.2588526 0.9659168 0 0.4999432 0.8660582 0 0.4999432 0.8660582 0 0.7071068 0.7071068 0 0.7071068 0.7071068 0 0.8660582 0.4999432 0 0.8660582 0.4999432 0 0.9659168 0.2588526 0 0.9659168 0.2588526 0 1 -1.140619e-15 0 1 -1.140619e-15 0 0.9659168 -0.2588526 0 0.9659168 -0.2588526 0 0.8660582 -0.4999432 0 0.8660582 -0.4999432 0 0.7071068 -0.7071068 0 0.7071068 -0.7071068 0 0.4999432 -0.8660582 0 0.4999432 -0.8660582 0 0.2588526 -0.9659168 0 0.2588526 -0.9659168 0 -1.130594e-15 -1 0 -1.140619e-15 -1 0 -0.2588526 -0.9659168 0 -0.2588526 -0.9659168 0 -0.4999432 -0.8660582 0 -0.4999432 -0.8660582 0 -0.7071068 -0.7071068 0 -0.7071068 -0.7071068 0 -0.8660582 -0.4999432 0 -0.8660582 -0.4999432 0 -0.9659168 -0.2588526 0 -0.9659168 -0.2588526 0 -1 -1.140619e-15 0 -1 -1.131708e-15 0 -0.9659168 0.2588526 0 -0.9659168 0.2588526 0 -0.8660582 0.4999432 0 -0.8660582 0.4999432 0 -0.7071068 0.7071068 0 -0.7071068 0.7071068 0 -0.4999432 0.8660582 0 -0.4999432 0.8660582 0 -0.2588526 0.9659168 0 -0.2588526 0.9659168 0 -1.176264e-15 1 0 -1.176264e-15 1 0 0.2588526 0.9659168 0 0.2588526 0.9659168 0 0.4999432 0.8660582 0 0.4999432 0.8660582 0 0.7071068 0.7071068 0 0.7071068 0.7071068 0 0.8660582 0.4999432 0 0.8660582 0.4999432 0 0.9659168 0.2588526 0 0.9659168 0.2588526 0 1 -1.176264e-15 0 1 -1.176264e-15 0 0.9659168 -0.2588526 0 0.9659168 -0.2588526 0 0.8660582 -0.4999432 0 0.8660582 -0.4999432 0 0.7071068 -0.7071068 0 0.7071068 -0.7071068 0 0.4999432 -0.8660582 0 0.4999432 -0.8660582 0 0.2588526 -0.9659168 0 0.2588526 -0.9659168 0 1.113886e-18 -1 0 0 -1 0 -0.2588526 -0.9659168 0 -0.2588526 -0.9659168 0 -0.4999432 -0.8660582 0 -0.4999432 -0.8660582 0 -0.7071068 -0.7071068 0 -0.7071068 -0.7071068 0 -0.8660582 -0.4999432 0 -0.8660582 -0.4999432 0 -0.9659168 -0.2588526 0 -0.9659168 -0.2588526 0 -1 -1.176264e-15 0 -1 -1.176264e-15 0 -0.9659168 0.2588526 0 -0.9659168 0.2588526 0 -0.8660582 0.4999432 0 -0.8660582 0.4999432 0 -0.7071068 0.7071068 0 -0.7071068 0.7071068 0 -0.4999432 0.8660582 0 -0.4999432 0.8660582 0 -0.2588526 0.9659168 0 -0.2588526 0.9659168 0 0 1 0 0 1 0 0.2588526 0.9659168 0 0.2588526 0.9659168 0 0.4999432 0.8660582 0 0.4999432 0.8660582 0 0.7071068 0.7071068 0 0.7071068 0.7071068 0 0.8660582 0.4999432 0 0.8660582 0.4999432 0 0.9659168 0.2588526 0 0.9659168 0.2588526 0 1 -1.140619e-15 0 1 -1.140619e-15 0 0.9659168 -0.2588526 0 0.9659168 -0.2588526 0 0.8660582 -0.4999432 0 0.8660582 -0.4999432 0 0.7071068 -0.7071068 0 0.7071068 -0.7071068 0 0.4999432 -0.8660582 0 0.4999432 -0.8660582 0 0.2588526 -0.9659168 0 0.2588526 -0.9659168 0 -1.130594e-15 -1 0 -1.140619e-15 -1 0 -0.2588526 -0.9659168 0 -0.2588526 -0.9659168 0 -0.4999432 -0.8660582 0 -0.4999432 -0.8660582 0 -0.7071068 -0.7071068 0 -0.7071068 -0.7071068 0 -0.8660582 -0.4999432 0 -0.8660582 -0.4999432 0 -0.9659168 -0.2588526 0 -0.9659168 -0.2588526 0 -1 -1.140619e-15 0 -1 -1.131708e-15 0 -0.9659168 0.2588526 0 -0.9659168 0.2588526 0 -0.8660582 0.4999432 0 -0.8660582 0.4999432 0 -0.7071068 0.7071068 0 -0.7071068 0.7071068 0 -0.4999432 0.8660582 0 -0.4999432 0.8660582 0 -0.2588526 0.9659168 0 -0.2588526 0.9659168 0 -1.176264e-15 1 0 -1.176264e-15 1 0 0.2588526 0.9659168 0 0.2588526 0.9659168 0 0.4999432 0.8660582 0 0.4999432 0.8660582 0 0.7071068 0.7071068 0 0.7071068 0.7071068 0 0.8660582 0.4999432 0 0.8660582 0.4999432 0 0.9659168 0.2588526 0 0.9659168 0.2588526 0 1 -1.176264e-15 0 1 -1.176264e-15 0 0.9659168 -0.2588526 0 0.9659168 -0.2588526 0 0.8660582 -0.4999432 0 0.8660582 -0.4999432 0 0.7071068 -0.7071068 0 0.7071068 -0.7071068 0 0.4999432 -0.8660582 0 0.4999432 -0.8660582 0 0.2588526 -0.9659168 0 0.2588526 -0.9659168 -3.341658e-18 0 1 0 0 1 -0.2588526 0 0.9659168 -0.2588526 0 0.9659168 -0.4999432 0 0.8660582 -0.4999432 0 0.8660582 -0.7071068 0 0.7071068 -0.7071068 0 0.7071068 -0.8660582 0 0.4999432 -0.8660582 0 0.4999432 -0.9659168 0 0.2588526 -0.9659168 0 0.2588526 -1 0 0 -1 0 0 -0.9659168 0 -0.2588526 -0.9659168 0 -0.2588526 -0.8660582 0 -0.4999432 -0.8660582 0 -0.4999432 -0.7071068 0 -0.7071068 -0.7071068 0 -0.7071068 -0.4999432 0 -0.8660582 -0.4999432 0 -0.8660582 -0.2588526 0 -0.9659168 -0.2588526 0 -0.9659168 0 0 -1 0 0 -1 0.2588526 0 -0.9659168 0.2588526 0 -0.9659168 0.4999432 0 -0.8660582 0.4999432 0 -0.8660582 0.7071068 0 -0.7071068 0.7071068 0 -0.7071068 0.8660582 0 -0.4999432 0.8660582 0 -0.4999432 0.9659168 0 -0.2588526 0.9659168 0 -0.2588526 1 0 0 1 0 0 0.9659168 0 0.2588526 0.9659168 0 0.2588526 0.8660582 0 0.4999432 0.8660582 0 0.4999432 0.7071068 0 0.7071068 0.7071068 0 0.7071068 0.4999432 0 0.8660582 0.4999432 0 0.8660582 0.2588526 0 0.9659168 0.2588526 0 0.9659168 -3.341658e-18 0 1 0 0 1 -0.2588526 0 0.9659168 -0.2588526 0 0.9659168 -0.4999432 0 0.8660582 -0.4999432 0 0.8660582 -0.7071068 0 0.7071068 -0.7071068 0 0.7071068 -0.8660582 0 0.4999432 -0.8660582 0 0.4999432 -0.9659168 0 0.2588526 -0.9659168 0 0.2588526 -1 0 0 -1 0 0 -0.9659168 0 -0.2588526 -0.9659168 0 -0.2588526 -0.8660582 0 -0.4999432 -0.8660582 0 -0.4999432 -0.7071068 0 -0.7071068 -0.7071068 0 -0.7071068 -0.4999432 0 -0.8660582 -0.4999432 0 -0.8660582 -0.2588526 0 -0.9659168 -0.2588526 0 -0.9659168 0 0 -1 0 0 -1 0.2588526 0 -0.9659168 0.2588526 0 -0.9659168 0.4999432 0 -0.8660582 0.4999432 0 -0.8660582 0.7071068 0 -0.7071068 0.7071068 0 -0.7071068 0.8660582 0 -0.4999432 0.8660582 0 -0.4999432 0.9659168 0 -0.2588526 0.9659168 0 -0.2588526 1 0 0 1 0 0 0.9659168 0 0.2588526 0.9659168 0 0.2588526 0.8660582 0 0.4999432 0.8660582 0 0.4999432 0.7071068 0 0.7071068 0.7071068 0 0.7071068 0.4999432 0 0.8660582 0.4999432 0 0.8660582 0.2588526 0 0.9659168 0.2588526 0 0.9659168</float_array>
          <technique_common>
            <accessor count="3631" source="#normals-array-array" stride="3">
              <param type="float" name="X"/>
              <param type="float" name="Y"/>
              <param type="float" name="Z"/>
            </accessor>
          </technique_common>
        </source>
        <vertices id="verts-array-vertices">
          <input semantic="POSITION" source="#verts-array"/>
        </vertices>
        <triangles count="4512" material="material0">
          <input offset="0" semantic="VERTEX" source="#verts-array-vertices"/>
          <input offset="1" semantic="NORMAL" source="#normals-array"/>
          <p>0 0 1 1 2 2 3 3 2 2 1 1 2 2 3 3 4 4 5 5 6 6 7 7 2 2 7 7 6 6 7 7 2 2 8 8 9 9 8 8 2 2 4 4 10 10 2 2 11 11 2 2 10 10 2 2 11 11 9 9 12 12 13 13 14 14 15 15 14 14 13 13 14 14 15 15 16 16 17 17 16 16 15 15 18 18 19 19 15 15 20 20 15 15 19 19 15 15 20 20 21 21 21 21 22 22 15 15 23 23 15 15 22 22 15 15 23 23 17 17 24 24 25 25 26 26 27 27 28 28 26 26 25 25 29 29 26 26 30 30 26 26 29 29 26 26 30 30 27 27 24 24 26 26 31 31 32 32 31 31 26 26 31 31 32 32 33 33 13 13 12 12 34 34 35 35 34 34 12 12 34 34 35 35 36 36 37 37 36 36 35 35 36 36 37 37 38 38 39 39 38 38 37 37 38 38 39 39 40 40 41 41 40 40 39 39 40 40 41 41 32 32 42 42 32 32 41 41 32 32 42 42 33 33 43 43 44 44 45 45 46 46 45 45 44 44 47 47 48 48 45 45 49 49 45 45 48 48 49 49 50 50 45 45 51 51 45 45 50 50 45 45 51 51 43 43 44 44 52 52 46 46 53 53 46 46 52 52 46 46 53 53 54 54 55 55 54 54 53 53 54 54 55 55 56 56 57 57 56 56 55 55 56 56 57 57 58 58 59 59 58 58 57 57 58 58 59 59 60 60 61 61 60 60 59 59 60 60 61 61 0 0 1 1 0 0 61 61 62 62 63 63 64 64 65 65 64 64 63 63 62 62 66 66 63 63 67 67 63 63 66 66 63 63 67 67 68 68 68 68 69 69 70 70 71 71 70 70 69 69 70 70 71 71 72 72 68 68 70 70 63 63 73 73 63 63 70 70 63 63 73 73 74 74 75 75 74 74 73 73 74 74 75 75 76 76 77 77 76 76 75 75 76 76 77 77 78 78 79 79 78 78 77 77 78 78 79 79 80 80 81 81 80 80 79 79 80 80 81 81 82 82 83 83 84 84 85 85 86 86 87 87 88 88 89 89 90 90 91 91 92 92 93 93 94 94 95 95 94 94 93 93 94 94 95 95 96 96 97 97 96 96 95 95 96 96 97 97 98 98 99 99 98 98 97 97 98 98 99 99 100 100 101 101 100 100 99 99 100 100 101 101 102 102 103 103 102 102 101 101 102 102 103 103 104 104 105 105 106 106 107 107 108 108 107 107 106 106 107 107 108 108 109 109 110 110 109 109 108 108 109 109 110 110 111 111 112 112 111 111 110 110 111 111 112 112 113 113 114 114 113 113 112 112 113 113 114 114 115 115 116 116 115 115 114 114 117 117 118 118 119 119 120 120 119 119 118 118 119 119 120 120 121 121 122 122 121 121 120 120 121 121 122 122 123 123 124 124 123 123 122 122 123 123 124 124 125 125 126 126 125 125 124 124 125 125 126 126 127 127 128 128 127 127 126 126 127 127 128 128 129 129 130 130 89 89 131 131 91 91 131 131 89 89 131 131 91 91 132 132 133 133 132 132 91 91 132 132 133 133 134 134 135 135 134 134 133 133 134 134 135 135 136 136 137 137 136 136 135 135 136 136 137 137 138 138 139 139 138 138 137 137 104 104 86 86 102 102 88 88 102 102 86 86 102 102 88 88 100 100 140 140 100 100 88 88 100 100 140 140 98 98 141 141 98 98 140 140 98 98 141 141 96 96 142 142 96 96 141 141 96 96 142 142 94 94 143 143 94 94 142 142 94 94 143 143 92 92 144 144 92 92 143 143 145 145 146 146 103 103 147 147 103 103 146 146 103 103 147 147 104 104 148 148 149 149 116 116 145 145 116 116 149 149 116 116 145 145 115 115 103 103 115 115 145 145 115 115 103 103 113 113 101 101 113 113 103 103 113 113 101 101 111 111 99 99 111 111 101 101 111 111 99 99 109 109 97 97 109 109 99 99 109 109 97 97 107 107 95 95 107 107 97 97 107 107 95 95 105 105 93 93 105 105 95 95 84 84 148 148 85 85 116 116 85 85 148 148 85 85 116 116 150 150 114 114 150 150 116 116 150 150 114 114 151 151 112 112 151 151 114 114 151 151 112 112 152 152 110 110 152 152 112 112 152 152 110 110 153 153 108 108 153 153 110 110 153 153 108 108 154 154 106 106 154 154 108 108 129 129 83 83 127 127 85 85 127 127 83 83 127 127 85 85 125 125 150 150 125 125 85 85 125 125 150 150 123 123 151 151 123 123 150 150 123 123 151 151 121 121 152 152 121 121 151 151 121 121 152 152 119 119 153 153 119 119 152 152 119 119 153 153 117 117 154 154 117 117 153 153 155 155 156 156 128 128 157 157 128 128 156 156 128 128 157 157 129 129 118 118 130 130 120 120 131 131 120 120 130 130 120 120 131 131 122 122 132 132 122 122 131 131 122 122 132 132 124 124 134 134 124 124 132 132 124 124 134 134 126 126 136 136 126 126 134 134 126 126 136 136 128 128 138 138 128 128 136 136 128 128 138 138 155 155 139 139 155 155 138 138 155 155 139 139 158 158 159 159 158 158 139 139 159 159 139 139 160 160 137 137 160 160 139 139 160 160 137 137 161 161 135 135 161 161 137 137 161 161 135 135 162 162 133 133 162 162 135 135 162 162 133 133 163 163 91 91 163 163 133 133 163 163 91 91 164 164 90 90 164 164 91 91 164 164 90 90 165 165 88 88 87 87 166 166 141 141 140 140 167 167 143 143 142 142 168 168 144 144 143 143 169 169 144 144 169 169 170 170 171 171 170 170 169 169 170 170 171 171 172 172 172 172 171 171 173 173 174 174 173 173 171 171 173 173 174 174 175 175 175 175 174 174 176 176 177 177 176 176 174 174 176 176 177 177 178 178 179 179 178 178 177 177 178 178 179 179 180 180 180 180 179 179 181 181 182 182 181 181 179 179 181 181 182 182 183 183 184 184 183 183 182 182 183 183 184 184 185 185 185 185 184 184 186 186 187 187 186 186 184 184 186 186 187 187 188 188 88 88 166 166 189 189 190 190 189 189 166 166 189 189 190 190 191 191 192 192 191 191 190 190 191 191 192 192 193 193 194 194 193 193 192 192 193 193 194 194 195 195 196 196 195 195 194 194 195 195 196 196 197 197 198 198 197 197 196 196 197 197 198 198 199 199 200 200 199 199 198 198 199 199 200 200 201 201 202 202 201 201 200 200 201 201 202 202 203 203 204 204 203 203 202 202 203 203 204 204 205 205 141 141 167 167 206 206 207 207 206 206 167 167 206 206 207 207 208 208 209 209 208 208 207 207 208 208 209 209 210 210 211 211 210 210 209 209 210 210 211 211 212 212 213 213 212 212 211 211 212 212 213 213 214 214 215 215 214 214 213 213 214 214 215 215 216 216 217 217 216 216 215 215 216 216 217 217 218 218 219 219 218 218 217 217 218 218 219 219 220 220 221 221 220 220 219 219 220 220 221 221 222 222 143 143 168 168 169 169 223 223 169 169 168 168 169 169 223 223 171 171 224 224 171 171 223 223 171 171 224 224 174 174 225 225 174 174 224 224 174 174 225 225 177 177 226 226 177 177 225 225 177 177 226 226 179 179 227 227 179 179 226 226 179 179 227 227 182 182 228 228 182 182 227 227 182 182 228 228 184 184 229 229 184 184 228 228 184 184 229 229 187 187 230 230 187 187 229 229 187 187 230 230 231 231 204 204 232 232 233 233 204 204 233 233 205 205 234 234 205 205 233 233 205 205 234 234 235 235 235 235 221 221 205 205 219 219 205 205 221 221 205 205 219 219 203 203 217 217 203 203 219 219 203 203 217 217 201 201 215 215 201 201 217 217 201 201 215 215 199 199 213 213 199 199 215 215 199 199 213 213 197 197 211 211 197 197 213 213 197 197 211 211 195 195 209 209 195 195 211 211 195 195 209 209 193 193 207 207 193 193 209 209 193 193 207 207 191 191 167 167 191 191 207 207 191 191 167 167 189 189 140 140 189 189 167 167 189 189 140 140 88 88 235 235 236 236 221 221 237 237 221 221 236 236 221 221 237 237 222 222 238 238 222 222 237 237 222 222 238 238 239 239 239 239 230 230 222 222 229 229 222 222 230 230 222 222 229 229 220 220 228 228 220 220 229 229 220 220 228 228 218 218 227 227 218 218 228 228 218 218 227 227 216 216 226 226 216 216 227 227 216 216 226 226 214 214 225 225 214 214 226 226 214 214 225 225 212 212 224 224 212 212 225 225 212 212 224 224 210 210 223 223 210 210 224 224 210 210 223 223 208 208 168 168 208 208 223 223 208 208 168 168 206 206 142 142 206 206 168 168 206 206 142 142 141 141 239 239 240 240 230 230 241 241 230 230 240 240 230 230 241 241 231 231 242 242 231 231 241 241 231 231 242 242 243 243 188 188 187 187 244 244 231 231 244 244 187 187 244 244 231 231 245 245 243 243 245 245 231 231 245 245 243 243 246 246 246 246 243 243 247 247 248 248 247 247 243 243 248 248 243 243 249 249 242 242 249 249 243 243 249 249 242 242 250 250 241 241 250 250 242 242 250 250 241 241 251 251 240 240 251 251 241 241 251 251 240 240 252 252 239 239 252 252 240 240 252 252 239 239 253 253 238 238 253 253 239 239 253 253 238 238 254 254 237 237 254 254 238 238 254 254 237 237 255 255 236 236 255 255 237 237 255 255 236 236 256 256 235 235 256 256 236 236 256 256 235 235 257 257 234 234 257 257 235 235 257 257 234 234 258 258 234 234 233 233 258 258 232 232 258 258 233 233 258 258 232 232 259 259 260 260 261 261 262 262 263 263 264 264 265 265 266 266 267 267 268 268 259 259 269 269 258 258 270 270 258 258 269 269 258 258 270 270 257 257 257 257 270 270 256 256 271 271 256 256 270 270 256 256 271 271 255 255 255 255 271 271 254 254 272 272 254 254 271 271 254 254 272 272 253 253 253 253 272 272 252 252 273 273 252 252 272 272 252 252 273 273 251 251 251 251 273 273 250 250 274 274 250 250 273 273 250 250 274 274 249 249 249 249 274 274 248 248 275 275 248 248 274 274 248 248 275 275 247 247 267 267 275 275 268 268 274 274 268 268 275 275 268 268 274 274 276 276 273 273 276 276 274 274 276 276 273 273 277 277 272 272 277 277 273 273 277 277 272 272 278 278 271 271 278 278 272 272 278 278 271 271 279 279 270 270 279 279 271 271 279 279 270 270 280 280 269 269 280 280 270 270 281 281 266 266 282 282 268 268 282 282 266 266 282 282 268 268 283 283 276 276 283 283 268 268 283 283 276 276 284 284 277 277 284 284 276 276 284 284 277 277 285 285 278 278 285 285 277 277 285 285 278 278 286 286 279 279 286 286 278 278 286 286 279 279 287 287 280 280 287 287 279 279 288 288 281 281 289 289 282 282 289 289 281 281 289 289 282 282 290 290 283 283 290 290 282 282 290 290 283 283 291 291 284 284 291 291 283 283 291 291 284 284 292 292 285 285 292 292 284 284 292 292 285 285 293 293 286 286 293 293 285 285 293 293 286 286 294 294 287 287 294 294 286 286 294 294 295 295 293 293 296 296 293 293 295 295 293 293 296 296 292 292 297 297 292 292 296 296 292 292 297 297 291 291 298 298 291 291 297 297 291 291 298 298 290 290 299 299 290 290 298 298 290 290 299 299 289 289 300 300 289 289 299 299 289 289 300 300 288 288 301 301 302 302 300 300 303 303 300 300 302 302 300 300 303 303 288 288 304 304 305 305 306 306 307 307 306 306 305 305 306 306 307 307 308 308 309 309 308 308 307 307 308 308 309 309 310 310 311 311 310 310 309 309 310 310 311 311 312 312 313 313 312 312 311 311 312 312 313 313 314 314 315 315 314 314 313 313 295 295 304 304 296 296 306 306 296 296 304 304 296 296 306 306 297 297 308 308 297 297 306 306 297 297 308 308 298 298 310 310 298 298 308 308 298 298 310 310 299 299 312 312 299 299 310 310 299 299 312 312 300 300 314 314 300 300 312 312 300 300 314 314 301 301 315 315 301 301 314 314 301 301 315 315 316 316 317 317 316 316 315 315 318 318 317 317 319 319 315 315 319 319 317 317 319 319 315 315 320 320 313 313 320 320 315 315 320 320 313 313 321 321 311 311 321 321 313 313 321 321 311 311 322 322 309 309 322 322 311 311 322 322 309 309 323 323 307 307 323 323 309 309 323 323 307 307 324 324 305 305 324 324 307 307 325 325 318 318 326 326 319 319 326 326 318 318 326 326 319 319 327 327 320 320 327 327 319 319 327 327 320 320 328 328 321 321 328 328 320 320 328 328 321 321 329 329 322 322 329 329 321 321 329 329 322 322 330 330 323 323 330 330 322 322 330 330 323 323 331 331 324 324 331 331 323 323 261 261 325 325 262 262 326 326 262 262 325 325 262 262 326 326 332 332 327 327 332 332 326 326 332 332 327 327 333 333 328 328 333 333 327 327 333 333 328 328 334 334 329 329 334 334 328 328 334 334 329 329 335 335 330 330 335 335 329 329 335 335 330 330 336 336 331 331 336 336 330 330 337 337 260 260 338 338 262 262 338 338 260 260 338 338 262 262 339 339 332 332 339 339 262 262 339 339 332 332 340 340 333 333 340 340 332 332 340 340 333 333 341 341 334 334 341 341 333 333 341 341 334 334 265 265 335 335 265 265 334 334 265 265 335 335 263 263 336 336 263 263 335 335 264 264 342 342 265 265 343 343 265 265 342 342 265 265 343 343 341 341 344 344 341 341 343 343 341 341 344 344 340 340 345 345 340 340 344 344 340 340 345 345 339 339 346 346 339 339 345 345 339 339 346 346 338 338 347 347 338 338 346 346 338 338 347 347 337 337 348 348 349 349 347 347 350 350 347 347 349 349 347 347 350 350 337 337 351 351 352 352 353 353 354 354 353 353 352 352 353 353 354 354 355 355 356 356 355 355 354 354 355 355 356 356 357 357 358 358 357 357 356 356 357 357 358 358 359 359 360 360 359 359 358 358 359 359 360 360 361 361 362 362 361 361 360 360 363 363 362 362 364 364 360 360 364 364 362 362 364 364 360 360 365 365 358 358 365 365 360 360 365 365 358 358 366 366 356 356 366 366 358 358 366 366 356 356 367 367 354 354 367 367 356 356 367 367 354 354 368 368 352 352 368 368 354 354 342 342 351 351 343 343 353 353 343 343 351 351 343 343 353 353 344 344 355 355 344 344 353 353 344 344 355 355 345 345 357 357 345 345 355 355 345 345 357 357 346 346 359 359 346 346 357 357 346 346 359 359 347 347 361 361 347 347 359 359 347 347 361 361 348 348 362 362 348 348 361 361 348 348 362 362 369 369 363 363 369 369 362 362 369 369 363 363 370 370 370 370 363 363 371 371 363 363 364 364 372 372 364 364 365 365 373 373 365 365 366 366 374 374 368 368 375 375 367 367 376 376 367 367 375 375 367 367 376 376 366 366 375 375 377 377 376 376 378 378 376 376 377 377 376 376 378 378 379 379 380 380 379 379 378 378 379 379 380 380 381 381 382 382 381 381 380 380 381 381 382 382 383 383 384 384 383 383 382 382 384 384 385 385 383 383 386 386 383 383 385 385 383 383 386 386 387 387 388 388 387 387 386 386 387 387 388 388 389 389 388 388 390 390 389 389 65 65 389 389 390 390 389 389 65 65 63 63 366 366 376 376 374 374 379 379 374 374 376 376 374 374 379 379 391 391 381 381 391 391 379 379 391 391 381 381 392 392 383 383 392 392 381 381 392 392 383 383 393 393 387 387 393 393 383 383 393 393 387 387 394 394 389 389 394 394 387 387 394 394 389 389 395 395 63 63 395 395 389 389 395 395 63 63 74 74 365 365 374 374 373 373 391 391 373 373 374 374 373 373 391 391 396 396 392 392 396 396 391 391 396 396 392 392 397 397 393 393 397 397 392 392 397 397 393 393 398 398 394 394 398 398 393 393 398 398 394 394 399 399 395 395 399 399 394 394 399 399 395 395 400 400 74 74 400 400 395 395 400 400 74 74 76 76 364 364 373 373 372 372 396 396 372 372 373 373 372 372 396 396 401 401 397 397 401 401 396 396 401 401 397 397 402 402 398 398 402 402 397 397 402 402 398 398 403 403 399 399 403 403 398 398 403 403 399 399 404 404 400 400 404 404 399 399 404 404 400 400 405 405 76 76 405 405 400 400 405 405 76 76 78 78 363 363 372 372 371 371 401 401 371 371 372 372 371 371 401 401 406 406 402 402 406 406 401 401 406 406 402 402 407 407 403 403 407 407 402 402 407 407 403 403 408 408 404 404 408 408 403 403 408 408 404 404 409 409 405 405 409 409 404 404 409 409 405 405 410 410 78 78 410 410 405 405 410 410 78 78 80 80 370 370 371 371 411 411 406 406 411 411 371 371 411 411 406 406 412 412 407 407 412 412 406 406 412 412 407 407 413 413 408 408 413 413 407 407 413 413 408 408 414 414 409 409 414 414 408 408 414 414 409 409 415 415 410 410 415 415 409 409 415 415 410 410 416 416 80 80 416 416 410 410 416 416 80 80 82 82 417 417 418 418 419 419 420 420 421 421 422 422 423 423 424 424 425 425 426 426 427 427 428 428 423 423 428 428 427 427 429 429 430 430 431 431 426 426 431 431 430 430 432 432 433 433 434 434 429 429 434 434 433 433 435 435 436 436 437 437 432 432 437 437 436 436 438 438 439 439 435 435 440 440 441 441 442 442 423 423 425 425 428 428 443 443 428 428 425 425 428 428 443 443 444 444 445 445 444 444 443 443 444 444 445 445 446 446 445 445 447 447 446 446 448 448 446 446 447 447 446 446 448 448 449 449 450 450 449 449 448 448 449 449 450 450 451 451 452 452 451 451 450 450 451 451 452 452 453 453 452 452 454 454 453 453 455 455 453 453 454 454 453 453 455 455 456 456 457 457 456 456 455 455 456 456 457 457 458 458 457 457 459 459 458 458 460 460 458 458 459 459 458 458 460 460 461 461 462 462 461 461 460 460 461 461 462 462 463 463 426 426 428 428 431 431 444 444 431 431 428 428 431 431 444 444 464 464 446 446 464 464 444 444 464 464 446 446 465 465 449 449 465 465 446 446 465 465 449 449 466 466 451 451 466 466 449 449 466 466 451 451 467 467 453 453 467 467 451 451 467 467 453 453 468 468 456 456 468 468 453 453 468 468 456 456 469 469 458 458 469 469 456 456 469 469 458 458 470 470 461 461 470 470 458 458 470 470 461 461 471 471 463 463 471 471 461 461 471 471 463 463 472 472 429 429 431 431 434 434 464 464 434 434 431 431 434 434 464 464 473 473 465 465 473 473 464 464 473 473 465 465 474 474 466 466 474 474 465 465 474 474 466 466 475 475 467 467 475 475 466 466 475 475 467 467 476 476 468 468 476 476 467 467 476 476 468 468 477 477 469 469 477 477 468 468 477 477 469 469 478 478 470 470 478 478 469 469 478 478 470 470 479 479 471 471 479 479 470 470 479 479 471 471 480 480 472 472 480 480 471 471 480 480 472 472 481 481 432 432 434 434 437 437 473 473 437 437 434 434 437 437 473 473 482 482 474 474 482 482 473 473 482 482 474 474 483 483 475 475 483 483 474 474 483 483 475 475 484 484 476 476 484 484 475 475 484 484 476 476 485 485 477 477 485 485 476 476 485 485 477 477 486 486 478 478 486 486 477 477 486 486 478 478 487 487 479 479 487 487 478 478 487 487 479 479 488 488 480 480 488 488 479 479 488 488 480 480 489 489 481 481 489 489 480 480 489 489 481 481 490 490 435 435 437 437 438 438 482 482 438 438 437 437 438 438 482 482 491 491 483 483 491 491 482 482 491 491 483 483 492 492 484 484 492 492 483 483 492 492 484 484 493 493 485 485 493 493 484 484 493 493 485 485 494 494 486 486 494 494 485 485 494 494 486 486 495 495 487 487 495 495 486 486 495 495 487 487 496 496 488 488 496 496 487 487 496 496 488 488 497 497 489 489 497 497 488 488 497 497 489 489 498 498 490 490 498 498 489 489 498 498 490 490 499 499 500 500 501 501 499 499 502 502 499 499 501 501 499 499 502 502 498 498 503 503 498 498 502 502 498 498 503 503 497 497 504 504 497 497 503 503 497 497 504 504 496 496 505 505 496 496 504 504 496 496 505 505 495 495 506 506 495 495 505 505 495 495 506 506 494 494 507 507 494 494 506 506 494 494 507 507 493 493 508 508 493 493 507 507 493 493 508 508 492 492 509 509 492 492 508 508 492 492 509 509 491 491 440 440 491 491 509 509 491 491 440 440 438 438 442 442 438 438 440 440 438 438 442 442 439 439 510 510 500 500 511 511 499 499 511 511 500 500 511 511 499 499 512 512 490 490 512 512 499 499 512 512 490 490 513 513 481 481 513 513 490 490 513 513 481 481 514 514 472 472 514 514 481 481 514 514 472 472 422 422 463 463 422 422 472 472 422 422 463 463 420 420 462 462 420 420 463 463 515 515 510 510 516 516 511 511 516 516 510 510 516 516 511 511 517 517 512 512 517 517 511 511 517 517 512 512 518 518 513 513 518 518 512 512 518 518 513 513 519 519 514 514 519 519 513 513 519 519 514 514 520 520 422 422 520 520 514 514 520 520 422 422 521 521 421 421 521 521 422 422 522 522 515 515 523 523 516 516 523 523 515 515 523 523 516 516 524 524 517 517 524 524 516 516 524 524 517 517 525 525 518 518 525 525 517 517 525 525 518 518 526 526 519 519 526 526 518 518 526 526 519 519 419 419 520 520 419 419 519 519 419 419 520 520 417 417 521 521 417 417 520 520 527 527 522 522 528 528 523 523 528 528 522 522 528 528 523 523 529 529 524 524 529 529 523 523 529 529 524 524 530 530 525 525 530 530 524 524 530 530 525 525 531 531 526 526 531 531 525 525 531 531 526 526 532 532 419 419 532 532 526 526 532 532 419 419 533 533 418 418 533 533 419 419 534 534 527 527 535 535 528 528 535 535 527 527 535 535 528 528 536 536 529 529 536 536 528 528 536 536 529 529 537 537 530 530 537 537 529 529 537 537 530 530 538 538 531 531 538 538 530 530 538 538 531 531 539 539 532 532 539 539 531 531 539 539 532 532 540 540 533 533 540 540 532 532 541 541 542 542 543 543 544 544 545 545 546 546 547 547 548 548 549 549 550 550 547 547 551 551 541 541 543 543 552 552 553 553 552 552 543 543 552 552 553 553 554 554 555 555 554 554 553 553 554 554 555 555 556 556 555 555 557 557 556 556 558 558 556 556 557 557 556 556 558 558 559 559 558 558 560 560 559 559 561 561 559 559 560 560 559 559 561 561 562 562 563 563 562 562 561 561 562 562 563 563 564 564 563 563 565 565 564 564 566 566 564 564 565 565 564 564 566 566 567 567 568 568 567 567 566 566 567 567 568 568 569 569 570 570 571 571 572 572 569 569 572 572 571 571 572 572 569 569 573 573 568 568 573 573 569 569 544 544 546 546 574 574 575 575 574 574 546 546 574 574 575 575 576 576 577 577 576 576 575 575 576 576 577 577 578 578 579 579 578 578 577 577 578 578 579 579 580 580 581 581 580 580 579 579 580 580 581 581 582 582 583 583 582 582 581 581 582 582 583 583 584 584 585 585 584 584 583 583 584 584 585 585 586 586 587 587 586 586 585 585 586 586 587 587 588 588 589 589 588 588 587 587 588 588 589 589 590 590 547 547 549 549 551 551 591 591 551 551 549 549 551 551 591 591 592 592 593 593 592 592 591 591 592 592 593 593 594 594 595 595 594 594 593 593 594 594 595 595 596 596 597 597 596 596 595 595 596 596 597 597 598 598 599 599 598 598 597 597 598 598 599 599 600 600 601 601 600 600 599 599 600 600 601 601 602 602 603 603 602 602 601 601 602 602 603 603 604 604 605 605 604 604 603 603 604 604 605 605 606 606 570 570 607 607 608 608 570 570 608 608 571 571 609 609 571 571 608 608 571 571 609 609 610 610 610 610 589 589 571 571 587 587 571 571 589 589 571 571 587 587 569 569 585 585 569 569 587 587 569 569 585 585 567 567 583 583 567 567 585 585 567 567 583 583 564 564 581 581 564 564 583 583 564 564 581 581 562 562 579 579 562 562 581 581 562 562 579 579 559 559 577 577 559 559 579 579 559 559 577 577 556 556 575 575 556 556 577 577 556 556 575 575 554 554 546 546 554 554 575 575 554 554 546 546 552 552 545 545 552 552 546 546 552 552 545 545 541 541 610 610 611 611 589 589 612 612 589 589 611 611 589 589 612 612 590 590 613 613 590 590 612 612 590 590 613 613 614 614 614 614 605 605 590 590 603 603 590 590 605 605 590 590 603 603 588 588 601 601 588 588 603 603 588 588 601 601 586 586 599 599 586 586 601 601 586 586 599 599 584 584 597 597 584 584 599 599 584 584 597 597 582 582 595 595 582 582 597 597 582 582 595 595 580 580 593 593 580 580 595 595 580 580 593 593 578 578 591 591 578 578 593 593 578 578 591 591 576 576 549 549 576 576 591 591 576 576 549 549 574 574 548 548 574 574 549 549 574 574 548 548 544 544 614 614 615 615 605 605 616 616 605 605 615 615 605 605 616 616 606 606 617 617 606 606 616 616 606 606 617 617 618 618 550 550 551 551 619 619 592 592 619 619 551 551 619 619 592 592 620 620 594 594 620 620 592 592 620 620 594 594 621 621 596 596 621 621 594 594 621 621 596 596 622 622 598 598 622 622 596 596 622 622 598 598 623 623 600 600 623 623 598 598 623 623 600 600 624 624 602 602 624 624 600 600 624 624 602 602 625 625 604 604 625 625 602 602 625 625 604 604 626 626 606 606 626 626 604 604 626 626 606 606 627 627 618 618 627 627 606 606 627 627 618 618 628 628 629 629 630 630 631 631 632 632 631 631 630 630 631 631 632 632 633 633 633 633 634 634 635 635 636 636 635 635 634 634 636 636 637 637 635 635 638 638 635 635 637 637 635 635 638 638 639 639 633 633 635 635 631 631 640 640 631 631 635 635 631 631 640 640 641 641 642 642 641 641 640 640 641 641 642 642 643 643 644 644 643 643 642 642 643 643 644 644 645 645 646 646 645 645 644 644 645 645 646 646 647 647 648 648 647 647 646 646 647 647 648 648 649 649 648 648 646 646 650 650 646 646 644 644 651 651 644 644 642 642 652 652 642 642 640 640 653 653 654 654 534 534 535 535 635 635 639 639 655 655 640 640 635 635 656 656 655 655 656 656 635 635 656 656 655 655 657 657 658 658 657 657 655 655 658 658 659 659 657 657 660 660 657 657 659 659 657 657 660 660 661 661 662 662 661 661 660 660 661 661 662 662 663 663 662 662 664 664 663 663 665 665 663 663 664 664 663 663 665 665 666 666 654 654 535 535 667 667 640 640 656 656 653 653 657 657 653 653 656 656 653 653 657 657 668 668 661 661 668 668 657 657 668 668 661 661 669 669 663 663 669 669 661 661 669 669 663 663 670 670 666 666 670 670 663 663 670 670 666 666 671 671 672 672 671 671 666 666 671 671 672 672 673 673 642 642 653 653 652 652 668 668 652 652 653 653 652 652 668 668 674 674 669 669 674 674 668 668 674 674 669 669 675 675 670 670 675 675 669 669 675 675 670 670 676 676 671 671 676 676 670 670 676 676 671 671 677 677 673 673 677 677 671 671 677 677 673 673 678 678 644 644 652 652 651 651 674 674 651 651 652 652 651 651 674 674 679 679 675 675 679 679 674 674 679 679 675 675 680 680 676 676 680 680 675 675 680 680 676 676 681 681 677 677 681 681 676 676 681 681 677 677 682 682 678 678 682 682 677 677 682 682 678 678 683 683 646 646 651 651 650 650 679 679 650 650 651 651 650 650 679 679 684 684 680 680 684 684 679 679 684 684 680 680 685 685 681 681 685 685 680 680 685 685 681 681 686 686 682 682 686 686 681 681 686 686 682 682 687 687 683 683 687 687 682 682 687 687 683 683 688 688 648 648 650 650 689 689 684 684 689 689 650 650 689 689 684 684 690 690 685 685 690 690 684 684 690 690 685 685 691 691 686 686 691 691 685 685 691 691 686 686 692 692 687 687 692 692 686 686 692 692 687 687 693 693 688 688 693 693 687 687 693 693 688 688 694 694 665 665 695 695 666 666 667 667 666 666 695 695 666 666 667 667 672 672 535 535 672 672 667 667 672 672 535 535 673 673 536 536 673 673 535 535 673 673 536 536 678 678 537 537 678 678 536 536 678 678 537 537 683 683 538 538 683 683 537 537 683 683 538 538 688 688 539 539 688 688 538 538 688 688 539 539 694 694 540 540 694 694 539 539 628 628 618 618 441 441 442 442 441 441 618 618 442 442 618 618 439 439 617 617 439 439 618 618 439 439 617 617 435 435 616 616 435 435 617 617 435 435 616 616 436 436 615 615 436 436 616 616 436 436 615 615 432 432 614 614 432 432 615 615 432 432 614 614 433 433 613 613 433 433 614 614 433 433 613 613 429 429 612 612 429 429 613 613 429 429 612 612 430 430 611 611 430 430 612 612 430 430 611 611 426 426 610 610 426 426 611 611 426 426 610 610 427 427 609 609 427 427 610 610 427 427 609 609 423 423 609 609 608 608 423 423 607 607 423 423 608 608 423 423 607 607 424 424 696 696 697 697 698 698 699 699 700 700 701 701 702 702 703 703 704 704 705 705 706 706 707 707 708 708 709 709 710 710 711 711 712 712 713 713 708 708 710 710 714 714 715 715 716 716 717 717 718 718 717 717 716 716 717 717 718 718 719 719 720 720 719 719 718 718 719 719 720 720 721 721 722 722 721 721 720 720 721 721 722 722 723 723 704 704 723 723 722 722 706 706 724 724 707 707 725 725 707 707 724 724 707 707 725 725 726 726 727 727 726 726 725 725 726 726 727 727 728 728 729 729 728 728 727 727 728 728 729 729 730 730 731 731 730 730 729 729 730 730 731 731 713 713 732 732 713 713 731 731 713 713 732 732 711 711 733 733 705 705 734 734 707 707 734 734 705 705 734 734 707 707 735 735 726 726 735 735 707 707 735 735 726 726 736 736 728 728 736 736 726 726 736 736 728 728 737 737 730 730 737 737 728 728 737 737 730 730 738 738 713 713 738 738 730 730 738 738 715 715 737 737 717 717 737 737 715 715 737 737 717 717 736 736 719 719 736 736 717 717 736 736 719 719 735 735 721 721 735 735 719 719 735 735 721 721 734 734 723 723 734 734 721 721 734 734 723 723 733 733 739 739 733 733 723 723 704 704 703 703 723 723 740 740 723 723 703 703 723 723 740 740 739 739 741 741 702 702 742 742 704 704 742 742 702 702 742 742 704 704 743 743 722 722 743 743 704 704 743 743 722 722 744 744 720 720 744 744 722 722 744 744 720 720 745 745 718 718 745 745 720 720 745 745 718 718 746 746 716 716 746 746 718 718 746 746 747 747 745 745 748 748 745 745 747 747 745 745 748 748 744 744 749 749 744 744 748 748 744 744 749 749 743 743 750 750 743 743 749 749 743 743 750 750 742 742 701 701 742 742 750 750 742 742 701 701 741 741 700 700 741 741 701 701 751 751 699 699 752 752 701 701 752 752 699 699 752 752 701 701 753 753 750 750 753 753 701 701 753 753 750 750 754 754 749 749 754 754 750 750 754 754 749 749 755 755 748 748 755 755 749 749 755 755 748 748 710 710 747 747 710 710 748 748 710 710 747 747 714 714 746 746 714 714 747 747 714 714 746 746 756 756 716 716 756 756 746 746 756 756 716 716 757 757 715 715 757 757 716 716 757 757 715 715 758 758 738 738 758 758 715 715 758 758 738 738 759 759 713 713 759 759 738 738 759 759 713 713 760 760 712 712 760 760 713 713 709 709 761 761 710 710 762 762 710 710 761 761 710 710 762 762 755 755 763 763 755 755 762 762 755 755 763 763 754 754 764 764 754 754 763 763 754 754 764 764 753 753 765 765 753 753 764 764 753 753 765 765 752 752 698 698 752 752 765 765 752 752 698 698 751 751 697 697 751 751 698 698 550 550 696 696 547 547 698 698 547 547 696 696 547 547 698 698 548 548 765 765 548 548 698 698 548 548 765 765 544 544 764 764 544 544 765 765 544 544 764 764 545 545 763 763 545 545 764 764 545 545 763 763 541 541 762 762 541 541 763 763 541 541 762 762 542 542 761 761 542 542 762 762 766 766 711 711 732 732 766 766 732 732 767 767 731 731 767 767 732 732 767 767 731 731 768 768 729 729 768 768 731 731 768 768 729 729 769 769 727 727 769 769 729 729 769 769 727 727 770 770 725 725 770 770 727 727 770 770 725 725 771 771 724 724 771 771 725 725 771 771 724 724 772 772 246 246 773 773 245 245 774 774 245 245 773 773 245 245 774 774 244 244 775 775 186 186 774 774 188 188 774 774 186 186 774 774 188 188 244 244 180 180 181 181 776 776 183 183 776 776 181 181 776 776 183 183 775 775 185 185 775 775 183 183 775 775 185 185 186 186 777 777 144 144 170 170 778 778 779 779 780 780 781 781 780 780 779 779 780 780 781 781 777 777 170 170 172 172 777 777 173 173 777 777 172 172 777 777 173 173 780 780 175 175 780 780 173 173 780 780 175 175 782 782 176 176 782 782 175 175 782 782 176 176 776 776 178 178 776 776 176 176 776 776 178 178 180 180 783 783 784 784 785 785 786 786 785 785 784 784 785 785 786 786 787 787 788 788 787 787 786 786 787 787 788 788 789 789 790 790 789 789 788 788 789 789 790 790 791 791 792 792 791 791 790 790 791 791 792 792 793 793 794 794 793 793 792 792 793 793 794 794 795 795 784 784 796 796 786 786 797 797 786 786 796 796 786 786 797 797 788 788 798 798 788 788 797 797 788 788 798 798 790 790 799 799 790 790 798 798 790 790 799 799 792 792 800 800 792 792 799 799 792 792 800 800 794 794 801 801 794 794 800 800 794 794 801 801 795 795 802 802 783 783 803 803 785 785 803 803 783 783 803 803 785 785 804 804 787 787 804 804 785 785 804 804 787 787 805 805 789 789 805 805 787 787 805 805 789 789 806 806 791 791 806 806 789 789 806 806 791 791 807 807 793 793 807 807 791 791 807 807 793 793 795 795 808 808 809 809 810 810 811 811 810 810 809 809 810 810 811 811 812 812 813 813 812 812 811 811 812 812 813 813 814 814 815 815 814 814 813 813 814 814 815 815 816 816 817 817 816 816 815 815 816 816 817 817 818 818 819 819 818 818 817 817 818 818 819 819 795 795 809 809 820 820 811 811 821 821 811 811 820 820 811 811 821 821 813 813 822 822 813 813 821 821 813 813 822 822 815 815 823 823 815 815 822 822 815 815 823 823 817 817 824 824 817 817 823 823 817 817 824 824 819 819 825 825 819 819 824 824 819 819 825 825 795 795 796 796 808 808 797 797 810 810 797 797 808 808 797 797 810 810 798 798 812 812 798 798 810 810 798 798 812 812 799 799 814 814 799 799 812 812 799 799 814 814 800 800 816 816 800 800 814 814 800 800 816 816 801 801 818 818 801 801 816 816 801 801 818 818 795 795 826 826 802 802 803 803 807 807 795 795 827 827 827 827 828 828 807 807 829 829 807 807 828 828 807 807 829 829 830 830 826 826 803 803 831 831 804 804 831 831 803 803 831 831 804 804 832 832 805 805 832 832 804 804 832 832 805 805 833 833 806 806 833 833 805 805 833 833 806 806 834 834 807 807 834 834 806 806 834 834 807 807 835 835 830 830 835 835 807 807 835 835 830 830 836 836 836 836 837 837 835 835 838 838 835 835 837 837 835 835 838 838 778 778 839 839 840 840 841 841 842 842 841 841 840 840 841 841 842 842 843 843 844 844 843 843 842 842 843 843 844 844 845 845 846 846 845 845 844 844 845 845 846 846 847 847 848 848 847 847 846 846 847 847 848 848 849 849 850 850 849 849 848 848 849 849 850 850 778 778 840 840 851 851 842 842 852 852 842 842 851 851 842 842 852 852 844 844 853 853 844 844 852 852 844 844 853 853 846 846 854 854 846 846 853 853 846 846 854 854 848 848 855 855 848 848 854 854 848 848 855 855 850 850 856 856 850 850 855 855 850 850 856 856 778 778 773 773 839 839 774 774 841 841 774 774 839 839 774 774 841 841 775 775 843 843 775 775 841 841 775 775 843 843 776 776 845 845 776 776 843 843 776 776 845 845 782 782 847 847 782 782 845 845 782 782 847 847 780 780 849 849 780 780 847 847 780 780 849 849 778 778 857 857 858 858 859 859 860 860 859 859 858 858 859 859 860 860 861 861 862 862 861 861 860 860 861 861 862 862 863 863 864 864 863 863 862 862 863 863 864 864 865 865 866 866 865 865 864 864 865 865 866 866 867 867 868 868 867 867 866 866 867 867 868 868 778 778 858 858 826 826 860 860 831 831 860 860 826 826 860 860 831 831 862 862 832 832 862 862 831 831 862 862 832 832 864 864 833 833 864 864 832 832 864 864 833 833 866 866 834 834 866 866 833 833 866 866 834 834 868 868 835 835 868 868 834 834 868 868 835 835 778 778 851 851 857 857 852 852 859 859 852 852 857 857 852 852 859 859 853 853 861 861 853 853 859 859 853 853 861 861 854 854 863 863 854 854 861 861 854 854 863 863 855 855 865 865 855 855 863 863 855 855 865 865 856 856 867 867 856 856 865 865 856 856 867 867 778 778 560 560 558 558 824 824 543 543 542 542 869 869 869 869 870 870 825 825 871 871 825 825 870 870 825 825 871 871 795 795 824 824 558 558 825 825 558 558 557 557 825 825 555 555 825 825 557 557 825 825 555 555 869 869 553 553 869 869 555 555 869 869 553 553 543 543 566 566 565 565 823 823 563 563 823 823 565 565 823 823 563 563 824 824 561 561 824 824 563 563 824 824 561 561 560 560 566 566 823 823 568 568 822 822 568 568 823 823 568 568 822 822 573 573 821 821 573 573 822 822 573 573 821 821 572 572 820 820 607 607 821 821 570 570 821 821 607 607 821 821 570 570 572 572 773 773 872 872 873 873 773 773 873 873 839 839 874 874 839 839 873 873 839 839 874 874 840 840 875 875 840 840 874 874 840 840 875 875 851 851 876 876 851 851 875 875 851 851 876 876 857 857 877 877 857 857 876 876 857 857 877 877 858 858 878 878 858 858 877 877 858 858 878 878 826 826 879 879 820 820 809 809 879 879 809 809 880 880 808 808 880 880 809 809 880 880 808 808 881 881 796 796 881 881 808 808 881 881 796 796 882 882 784 784 882 882 796 796 882 882 784 784 883 883 783 783 883 883 784 784 883 883 783 783 884 884 802 802 884 884 783 783 884 884 802 802 885 885 886 886 887 887 888 888 889 889 890 890 247 247 247 247 275 275 889 889 267 267 889 889 275 275 889 889 267 267 891 891 266 266 891 891 267 267 891 891 266 266 892 892 266 266 281 281 892 892 288 288 892 892 281 281 892 892 288 288 893 893 288 288 303 303 893 893 302 302 893 893 303 303 893 893 302 302 894 894 301 301 894 894 302 302 894 894 301 301 888 888 301 301 316 316 888 888 317 317 888 888 316 316 888 888 317 317 886 886 318 318 886 886 317 317 886 886 318 318 895 895 325 325 895 895 318 318 895 895 325 325 896 896 325 325 261 261 896 896 260 260 896 896 261 261 896 896 260 260 897 897 337 337 897 897 260 260 897 897 337 337 898 898 370 370 899 899 369 369 900 900 369 369 899 899 369 369 900 900 348 348 901 901 348 348 900 900 348 348 901 901 349 349 898 898 349 349 901 901 349 349 898 898 350 350 337 337 350 350 898 898 902 902 540 540 903 903 533 533 903 903 540 540 903 903 533 533 904 904 418 418 904 904 533 533 904 904 418 418 905 905 418 418 417 417 905 905 521 521 905 905 417 417 905 905 521 521 906 906 421 421 906 906 521 521 906 906 421 421 907 907 908 908 909 909 910 910 421 421 420 420 907 907 462 462 907 907 420 420 907 907 462 462 911 911 460 460 911 911 462 462 911 911 460 460 910 910 460 460 459 459 910 910 457 457 910 910 459 459 910 910 457 457 908 908 455 455 908 908 457 457 908 908 455 455 912 912 454 454 912 912 455 455 912 912 454 454 913 913 447 447 445 445 914 914 915 915 914 914 445 445 454 454 452 452 913 913 450 450 913 913 452 452 913 913 450 450 914 914 448 448 914 914 450 450 914 914 448 448 447 447 425 425 424 424 916 916 917 917 916 916 424 424 915 915 445 445 916 916 443 443 916 916 445 445 916 916 443 443 425 425 294 294 287 287 918 918 280 280 918 918 287 287 918 918 280 280 269 269 305 305 304 304 918 918 295 295 918 918 304 304 918 918 295 295 294 294 919 919 87 87 918 918 196 196 194 194 919 919 192 192 919 919 194 194 192 192 190 190 919 919 166 166 919 919 190 190 919 919 166 166 87 87 269 269 259 259 918 918 232 232 918 918 259 259 918 918 232 232 919 919 204 204 919 919 232 232 919 919 204 204 202 202 202 202 200 200 919 919 198 198 919 919 200 200 919 919 198 198 196 196 86 86 336 336 87 87 331 331 87 87 336 336 87 87 331 331 918 918 324 324 918 918 331 331 918 918 324 324 305 305 352 352 351 351 147 147 342 342 147 147 351 351 147 147 342 342 104 104 264 264 104 104 342 342 104 104 264 264 86 86 263 263 86 86 264 264 86 86 263 263 336 336 378 378 377 377 146 146 375 375 146 146 377 377 146 146 375 375 147 147 368 368 147 147 375 375 147 147 368 368 352 352 146 146 145 145 378 378 149 149 378 378 145 145 378 378 149 149 380 380 148 148 380 380 149 149 380 380 148 148 382 382 84 84 382 382 148 148 382 382 84 84 384 384 83 83 384 384 84 84 384 384 83 83 385 385 129 129 385 385 83 83 385 385 129 129 386 386 157 157 386 386 129 129 386 386 157 157 388 388 156 156 388 388 157 157 388 388 156 156 390 390 155 155 390 390 156 156 390 390 155 155 65 65 158 158 65 65 155 155 920 920 773 773 921 921 922 922 921 921 773 773 920 920 923 923 773 773 924 924 773 773 923 923 773 773 924 924 872 872 925 925 926 926 927 927 924 924 928 928 872 872 929 929 872 872 928 928 872 872 929 929 930 930 930 930 931 931 872 872 932 932 872 872 931 931 872 872 932 932 933 933 246 246 934 934 935 935 936 936 937 937 246 246 938 938 939 939 940 940 939 939 941 941 940 940 942 942 940 940 941 941 940 940 942 942 943 943 935 935 925 925 246 246 927 927 246 246 925 925 246 246 927 927 773 773 944 944 773 773 927 927 773 773 944 944 922 922 945 945 946 946 947 947 933 933 948 948 872 872 949 949 872 872 948 948 872 872 949 949 940 940 950 950 940 940 949 949 940 940 950 950 938 938 937 937 951 951 246 246 952 952 246 246 951 951 246 246 952 952 934 934 947 947 946 946 953 953 954 954 953 953 946 946 953 953 954 954 955 955 247 247 890 890 955 955 956 956 957 957 247 247 958 958 247 247 957 957 247 247 958 958 246 246 959 959 246 246 958 958 246 246 959 959 936 936 954 954 960 960 955 955 961 961 955 955 960 960 955 955 961 961 247 247 962 962 247 247 961 961 247 247 962 962 956 956 926 926 963 963 927 927 964 964 927 927 963 963 927 927 964 964 965 965 966 966 965 965 964 964 945 945 947 947 967 967 968 968 967 967 947 947 967 967 968 968 969 969 970 970 969 969 968 968 969 969 970 970 971 971 940 940 971 971 970 970 971 971 940 940 972 972 943 943 972 972 940 940 972 972 943 943 964 964 973 973 964 964 943 943 964 964 973 973 966 966 974 974 649 649 975 975 648 648 975 975 649 649 975 975 648 648 976 976 689 689 976 976 648 648 976 976 689 689 977 977 540 540 902 902 694 694 978 978 694 694 902 902 694 694 978 978 693 693 979 979 693 693 978 978 693 693 979 979 692 692 980 980 692 692 979 979 692 692 980 980 691 691 977 977 691 691 980 980 691 691 977 977 690 690 689 689 690 690 977 977 828 828 827 827 981 981 829 829 828 828 982 982 838 838 837 837 983 983 778 778 838 838 984 984 985 985 986 986 987 987 988 988 989 989 990 990 990 990 989 989 991 991 992 992 993 993 994 994 995 995 165 165 993 993 90 90 993 993 165 165 993 993 90 90 994 994 996 996 997 997 998 998 999 999 1000 1000 988 988 1001 1001 988 988 1000 1000 1001 1001 1002 1002 988 988 1003 1003 988 988 1002 1002 988 988 1003 1003 1004 1004 1005 1005 1004 1004 1003 1003 1004 1004 1005 1005 1006 1006 996 996 998 998 1007 1007 1008 1008 1007 1007 998 998 1007 1007 1008 1008 1009 1009 1006 1006 1010 1010 1004 1004 1011 1011 1004 1004 1010 1010 1004 1004 1011 1011 1012 1012 996 996 1013 1013 1014 1014 1009 1009 1015 1015 1007 1007 1016 1016 1007 1007 1015 1015 1007 1007 1016 1016 988 988 1017 1017 988 988 1016 1016 988 988 1017 1017 999 999 1012 1012 1018 1018 1004 1004 1019 1019 1004 1004 1018 1018 1004 1004 1019 1019 996 996 1020 1020 996 996 1019 1019 996 996 1020 1020 1013 1013 1014 1014 1021 1021 996 996 1022 1022 996 996 1021 1021 996 996 1022 1022 997 997 1023 1023 1024 1024 1025 1025 1026 1026 1027 1027 1028 1028 1026 1026 1028 1028 1029 1029 1030 1030 1031 1031 1032 1032 1033 1033 1032 1032 1031 1031 1032 1032 1033 1033 1034 1034 1027 1027 1035 1035 1028 1028 1036 1036 1028 1028 1035 1035 1028 1028 1036 1036 1025 1025 1037 1037 1025 1025 1036 1036 1025 1025 1037 1037 1023 1023 1034 1034 1038 1038 1032 1032 1039 1039 1032 1032 1038 1038 1032 1032 1039 1039 1040 1040 1024 1024 1041 1041 1025 1025 1042 1042 1025 1025 1041 1041 1025 1025 1042 1042 1043 1043 1043 1043 1044 1044 1025 1025 1045 1045 1025 1025 1044 1044 1025 1025 1045 1045 1030 1030 1045 1045 1046 1046 1030 1030 1047 1047 1030 1030 1046 1046 1030 1030 1047 1047 1048 1048 1048 1048 1049 1049 1030 1030 1050 1050 1030 1030 1049 1049 1030 1030 1050 1050 1031 1031 987 987 986 986 1051 1051 1052 1052 1051 1051 986 986 1051 1051 1052 1052 1032 1032 766 766 1053 1053 711 711 985 985 711 711 1053 1053 711 711 985 985 1054 1054 987 987 1054 1054 985 985 1055 1055 1056 1056 756 756 1057 1057 1058 1058 1059 1059 1060 1060 1059 1059 1058 1058 1061 1061 1062 1062 1063 1063 1060 1060 1058 1058 1064 1064 1065 1065 1064 1064 1058 1058 1064 1064 1065 1065 1066 1066 1063 1063 1067 1067 1061 1061 1068 1068 1061 1061 1067 1067 1061 1061 1068 1068 987 987 1069 1069 987 987 1068 1068 987 987 1069 1069 1070 1070 756 756 1056 1056 714 714 1071 1071 714 714 1056 1056 714 714 1071 1071 1065 1065 1072 1072 1065 1065 1071 1071 1065 1065 1072 1072 1066 1066 1057 1057 1073 1073 1058 1058 1074 1074 1058 1058 1073 1073 1058 1058 1074 1074 1061 1061 1075 1075 1061 1061 1074 1074 1061 1061 1075 1075 1062 1062 1070 1070 1076 1076 987 987 1077 1077 987 987 1076 1076 987 987 1077 1077 1054 1054 1078 1078 1054 1054 1077 1077 1054 1054 1078 1078 760 760 1079 1079 760 760 1078 1078 1055 1055 756 756 1080 1080 757 757 1080 1080 756 756 1080 1080 757 757 1081 1081 758 758 1081 1081 757 757 1081 1081 758 758 1079 1079 759 759 1079 1079 758 758 1079 1079 759 759 760 760 542 542 761 761 1058 1058 709 709 1058 1058 761 761 1058 1058 709 709 1065 1065 1082 1082 1083 1083 1084 1084 1085 1085 1086 1086 991 991 1087 1087 991 991 1086 1086 1084 1084 1088 1088 1082 1082 1089 1089 1082 1082 1088 1088 1082 1082 1089 1089 777 777 1090 1090 777 777 1089 1089 777 777 1090 1090 1091 1091 1091 1091 1092 1092 777 777 1093 1093 777 777 1092 1092 777 777 1093 1093 144 144 1087 1087 1094 1094 991 991 1095 1095 991 991 1094 1094 991 991 1095 1095 1082 1082 1096 1096 1082 1082 1095 1095 1082 1082 1096 1096 1083 1083 1093 1093 1097 1097 144 144 1098 1098 144 144 1097 1097 144 144 1098 1098 92 92 1099 1099 92 92 1098 1098 92 92 1099 1099 93 93 1100 1100 93 93 1099 1099 93 93 1100 1100 105 105 1101 1101 105 105 1100 1100 105 105 1101 1101 106 106 1101 1101 1102 1102 106 106 1103 1103 106 106 1102 1102 106 106 1103 1103 154 154 1104 1104 154 154 1103 1103 154 154 1104 1104 117 117 1105 1105 117 117 1104 1104 117 117 1105 1105 118 118 1106 1106 118 118 1105 1105 118 118 1106 1106 130 130 1085 1085 130 130 1106 1106 130 130 1085 1085 994 994 991 991 994 994 1085 1085 994 994 991 991 992 992 989 989 992 992 991 991 830 830 1107 1107 836 836 1108 1108 836 836 1107 1107 778 778 984 984 779 779 1109 1109 779 779 984 984 779 779 1109 1109 781 781 1110 1110 1111 1111 1112 1112 1108 1108 1112 1112 1111 1111 1112 1112 1108 1108 1113 1113 1107 1107 1113 1113 1108 1108 1113 1113 1107 1107 1114 1114 1115 1115 1114 1114 1107 1107 1114 1114 1115 1115 1110 1110 829 829 982 982 1116 1116 1117 1117 1116 1116 982 982 1116 1116 1117 1117 1118 1118 1119 1119 1120 1120 777 777 1121 1121 777 777 1120 1120 1122 1122 1123 1123 1109 1109 1124 1124 1109 1109 1123 1123 1109 1109 1124 1124 1125 1125 1126 1126 1127 1127 1082 1082 1125 1125 1128 1128 1109 1109 1129 1129 1109 1109 1128 1128 1109 1109 1129 1129 781 781 1130 1130 781 781 1129 1129 1121 1121 1131 1131 777 777 1132 1132 777 777 1131 1131 777 777 1132 1132 1082 1082 1133 1133 1082 1082 1132 1132 1082 1082 1133 1133 1126 1126 1127 1127 1134 1134 1082 1082 1135 1135 1082 1082 1134 1134 1082 1082 1135 1135 1109 1109 1136 1136 1109 1109 1135 1135 1109 1109 1136 1136 1122 1122 1130 1130 1137 1137 781 781 1138 1138 781 781 1137 1137 781 781 1138 1138 1139 1139 1139 1139 1140 1140 781 781 1141 1141 781 781 1140 1140 781 781 1141 1141 777 777 1142 1142 777 777 1141 1141 777 777 1142 1142 1119 1119 1082 1082 1143 1143 1144 1144 1145 1145 1146 1146 1109 1109 1147 1147 1109 1109 1146 1146 1109 1109 1147 1147 1148 1148 1149 1149 1150 1150 1151 1151 1152 1152 1151 1151 1150 1150 1153 1153 1154 1154 1155 1155 1156 1156 1155 1155 1154 1154 1148 1148 1157 1157 1109 1109 1158 1158 1109 1109 1157 1157 1109 1109 1158 1158 1082 1082 1159 1159 1082 1082 1158 1158 1082 1082 1159 1159 1143 1143 1152 1152 1160 1160 1151 1151 1161 1161 1151 1151 1160 1160 1151 1151 1161 1161 1155 1155 1162 1162 1155 1155 1161 1161 1155 1155 1162 1162 1153 1153 1156 1156 1163 1163 1155 1155 1164 1164 1155 1155 1163 1163 1155 1155 1164 1164 1165 1165 1144 1144 1166 1166 1082 1082 1167 1167 1082 1082 1166 1166 1082 1082 1167 1167 1151 1151 1168 1168 1151 1151 1167 1167 1151 1151 1168 1168 1149 1149 838 838 983 983 984 984 1155 1155 984 984 983 983 984 984 1155 1155 1109 1109 1165 1165 1109 1109 1155 1155 1109 1109 1165 1165 1145 1145 1169 1169 1170 1170 1061 1061 1171 1171 1172 1172 1118 1118 1173 1173 1118 1118 1172 1172 1118 1118 1173 1173 1174 1174 1175 1175 1176 1176 1177 1177 1178 1178 1177 1177 1176 1176 1179 1179 1117 1117 1180 1180 1061 1061 1180 1180 1117 1117 1180 1180 1061 1061 1181 1181 1170 1170 1181 1181 1061 1061 1179 1179 1182 1182 1117 1117 1183 1183 1117 1117 1182 1182 1117 1117 1183 1183 1184 1184 1184 1184 1185 1185 1117 1117 1186 1186 1117 1117 1185 1185 1117 1117 1186 1186 1118 1118 1187 1187 1118 1118 1186 1186 1118 1118 1187 1187 1171 1171 1178 1178 1188 1188 1177 1177 1189 1189 1177 1177 1188 1188 1177 1177 1189 1189 1061 1061 1190 1190 1061 1061 1189 1189 1061 1061 1190 1190 1169 1169 1174 1174 1191 1191 1118 1118 1192 1192 1118 1118 1191 1191 1118 1118 1192 1192 1177 1177 1193 1193 1177 1177 1192 1192 1177 1177 1193 1193 1175 1175 1194 1194 1195 1195 1061 1061 1196 1196 1197 1197 1198 1198 1199 1199 1198 1198 1197 1197 1196 1196 1200 1200 1197 1197 1201 1201 1197 1197 1200 1200 1197 1197 1201 1201 1202 1202 1195 1195 1203 1203 1061 1061 1204 1204 1061 1061 1203 1203 1061 1061 1204 1204 1058 1058 1205 1205 1058 1058 1204 1204 828 828 981 981 982 982 1197 1197 982 982 981 981 982 982 1197 1197 1117 1117 1202 1202 1117 1117 1197 1197 1117 1117 1202 1202 1206 1206 1205 1205 1207 1207 1058 1058 1208 1208 1058 1058 1207 1207 1058 1058 1208 1208 1209 1209 1209 1209 1210 1210 1058 1058 1211 1211 1058 1058 1210 1210 1058 1058 1211 1211 1197 1197 1212 1212 1197 1197 1211 1211 1197 1197 1212 1212 1199 1199 1206 1206 1213 1213 1117 1117 1214 1214 1117 1117 1213 1213 1117 1117 1214 1214 1215 1215 1215 1215 1216 1216 1117 1117 1217 1217 1117 1117 1216 1216 1117 1117 1217 1217 1061 1061 1218 1218 1061 1061 1217 1217 1061 1061 1218 1218 1194 1194 542 542 1058 1058 869 869 1197 1197 869 869 1058 1058 869 869 1197 1197 870 870 981 981 870 870 1197 1197 870 870 981 981 871 871 827 827 871 871 981 981 871 871 827 827 795 795 1219 1219 1220 1220 991 991 1221 1221 1151 1151 1222 1222 990 990 1222 1222 1151 1151 1082 1082 1223 1223 1224 1224 1221 1221 1225 1225 1151 1151 1226 1226 1151 1151 1225 1225 1151 1151 1226 1226 1227 1227 1227 1227 1228 1228 1151 1151 1229 1229 1151 1151 1228 1228 1151 1151 1229 1229 1082 1082 1230 1230 1082 1082 1229 1229 1082 1082 1230 1230 1223 1223 1224 1224 1231 1231 1082 1082 1232 1232 1082 1082 1231 1231 1082 1082 1232 1232 991 991 1233 1233 991 991 1232 1232 991 991 1233 1233 1219 1219 1234 1234 1235 1235 990 990 1236 1236 990 990 1235 1235 990 990 1236 1236 1237 1237 1237 1237 1238 1238 990 990 1239 1239 990 990 1238 1238 990 990 1239 1239 1222 1222 1220 1220 1240 1240 991 991 1241 1241 991 991 1240 1240 991 991 1241 1241 990 990 1242 1242 990 990 1241 1241 990 990 1242 1242 1234 1234 988 988 990 990 1007 1007 1151 1151 1007 1007 990 990 1007 1007 1151 1151 1243 1243 1155 1155 1243 1243 1151 1151 1243 1243 1155 1155 1111 1111 983 983 1111 1111 1155 1155 1111 1111 983 983 1108 1108 837 837 1108 1108 983 983 1108 1108 837 837 836 836 1040 1040 1029 1029 1032 1032 1028 1028 1032 1032 1029 1029 1032 1032 1028 1028 1051 1051 1244 1244 1051 1051 1028 1028 1051 1051 1244 1244 1177 1177 1115 1115 1177 1177 1244 1244 1177 1177 1115 1115 1118 1118 1107 1107 1118 1118 1115 1115 1118 1118 1107 1107 1116 1116 830 830 1116 1116 1107 1107 1116 1116 830 830 829 829 1061 1061 1245 1245 1246 1246 1247 1247 1248 1248 987 987 1248 1248 1249 1249 987 987 1250 1250 987 987 1249 1249 987 987 1250 1250 1061 1061 1251 1251 1061 1061 1250 1250 1061 1061 1251 1251 1245 1245 1246 1246 1252 1252 1061 1061 1253 1253 1061 1061 1252 1252 1061 1061 1253 1253 1177 1177 1254 1254 1177 1177 1253 1253 1177 1177 1254 1254 1255 1255 1255 1255 1256 1256 1177 1177 1257 1257 1177 1177 1256 1256 1177 1177 1257 1257 1258 1258 1259 1259 1260 1260 1051 1051 1261 1261 1051 1051 1260 1260 1051 1051 1261 1261 1262 1262 1258 1258 1263 1263 1177 1177 1264 1264 1177 1177 1263 1263 1177 1177 1264 1264 1051 1051 1265 1265 1051 1051 1264 1264 1051 1051 1265 1265 1259 1259 1262 1262 1266 1266 1051 1051 1267 1267 1051 1051 1266 1266 1051 1051 1267 1267 987 987 1268 1268 987 987 1267 1267 987 987 1268 1268 1247 1247 1110 1110 1115 1115 1111 1111 1244 1244 1111 1111 1115 1115 1111 1111 1244 1244 1243 1243 1028 1028 1243 1243 1244 1244 1243 1243 1028 1028 1007 1007 1025 1025 1007 1007 1028 1028 1007 1007 1025 1025 996 996 1269 1269 1270 1270 1271 1271 1272 1272 1273 1273 1274 1274 1275 1275 1274 1274 1273 1273 1275 1275 1276 1276 1274 1274 1277 1277 1274 1274 1276 1276 1274 1274 1277 1277 1278 1278 1279 1279 1280 1280 1281 1281 1282 1282 1283 1283 1284 1284 1285 1285 1284 1284 1283 1283 1284 1284 1285 1285 1271 1271 1286 1286 1271 1271 1285 1285 1271 1271 1286 1286 1287 1287 1287 1287 1288 1288 1271 1271 1289 1289 1271 1271 1288 1288 1271 1271 1289 1289 1269 1269 1290 1290 1291 1291 1292 1292 1291 1291 1293 1293 1292 1292 1294 1294 1292 1292 1293 1293 1292 1292 1294 1294 1295 1295 1270 1270 1296 1296 1271 1271 1297 1297 1271 1271 1296 1296 1271 1271 1297 1297 1292 1292 1298 1298 1292 1292 1297 1297 1292 1292 1298 1298 1290 1290 1282 1282 1284 1284 1299 1299 1300 1300 1299 1299 1284 1284 1299 1299 1300 1300 1281 1281 1301 1301 1281 1281 1300 1300 1281 1281 1301 1301 1279 1279 1302 1302 1303 1303 1304 1304 1304 1304 1305 1305 1302 1302 1306 1306 1302 1302 1305 1305 1302 1302 1306 1306 1274 1274 1307 1307 1274 1274 1306 1306 1274 1274 1307 1307 1272 1272 1277 1277 1308 1308 1278 1278 1309 1309 1278 1278 1308 1308 1278 1278 1309 1309 1301 1301 1310 1310 1301 1301 1309 1309 1301 1301 1310 1310 1279 1279 1302 1302 1311 1311 1312 1312 1303 1303 1302 1302 1313 1313 1312 1312 1313 1313 1302 1302 1313 1313 1312 1312 1314 1314 1315 1315 1314 1314 1312 1312 1314 1314 1315 1315 1316 1316 1317 1317 1316 1316 1315 1315 1316 1316 1317 1317 1318 1318 1319 1319 1318 1318 1317 1317 1318 1318 1319 1319 1320 1320 1280 1280 1321 1321 1322 1322 1322 1322 1323 1323 1280 1280 1324 1324 1280 1280 1323 1323 1280 1280 1324 1324 1281 1281 1320 1320 1319 1319 1325 1325 1326 1326 1325 1325 1319 1319 1325 1325 1326 1326 1327 1327 1328 1328 1327 1327 1326 1326 1327 1327 1328 1328 1329 1329 1292 1292 1329 1329 1328 1328 1329 1329 1292 1292 1330 1330 1295 1295 1330 1330 1292 1292 1330 1330 1295 1295 1280 1280 1331 1331 1280 1280 1295 1295 1280 1280 1331 1331 1321 1321 1332 1332 1333 1333 1334 1334 1335 1335 1336 1336 1337 1337 1338 1338 1337 1337 1336 1336 1337 1337 1338 1338 1339 1339 1340 1340 1341 1341 1342 1342 1343 1343 1344 1344 1345 1345 1346 1346 1345 1345 1344 1344 1345 1345 1346 1346 1347 1347 1348 1348 1349 1349 1332 1332 1350 1350 1332 1332 1349 1349 1332 1332 1350 1350 1333 1333 1351 1351 1352 1352 1353 1353 1337 1337 1353 1353 1352 1352 1353 1353 1337 1337 1354 1354 1339 1339 1354 1354 1337 1337 1355 1355 1356 1356 1346 1346 1357 1357 1346 1346 1356 1356 1346 1346 1357 1357 1347 1347 1346 1346 1358 1358 1355 1355 1359 1359 1355 1355 1358 1358 1355 1355 1359 1359 1360 1360 1360 1360 1361 1361 1355 1355 1362 1362 1355 1355 1361 1361 1355 1355 1362 1362 1363 1363 1364 1364 1365 1365 1366 1366 1367 1367 1366 1366 1365 1365 1367 1367 1368 1368 1366 1366 1369 1369 1366 1366 1368 1368 1366 1366 1369 1369 1342 1342 1370 1370 1342 1342 1369 1369 1342 1342 1370 1370 1340 1340 1351 1351 1344 1344 1352 1352 1343 1343 1352 1352 1344 1344 1352 1352 1343 1343 1371 1371 1372 1372 1371 1371 1343 1343 1373 1373 1374 1374 1375 1375 1376 1376 1375 1375 1374 1374 1375 1375 1376 1376 1377 1377 1378 1378 1379 1379 1380 1380 1381 1381 1380 1380 1379 1379 1378 1378 1382 1382 1379 1379 1383 1383 1379 1379 1382 1382 1379 1379 1383 1383 1337 1337 1384 1384 1337 1337 1383 1383 1337 1337 1384 1384 1335 1335 1343 1343 1385 1385 1372 1372 1386 1386 1372 1372 1385 1385 1372 1372 1386 1386 1348 1348 1387 1387 1348 1348 1386 1386 1348 1348 1387 1387 1349 1349 1388 1388 1389 1389 1390 1390 1391 1391 1392 1392 1390 1390 1393 1393 1390 1390 1392 1392 1390 1390 1393 1393 1394 1394 1395 1395 1394 1394 1393 1393 1394 1394 1395 1395 1373 1373 1396 1396 1373 1373 1395 1395 1373 1373 1396 1396 1374 1374 1334 1334 1397 1397 1332 1332 1398 1398 1332 1332 1397 1397 1332 1332 1398 1398 1399 1399 1400 1400 1399 1399 1398 1398 1399 1399 1400 1400 1401 1401 1402 1402 1403 1403 1366 1366 1404 1404 1366 1366 1403 1403 1366 1366 1404 1404 1364 1364 1341 1341 1405 1405 1342 1342 1406 1406 1342 1342 1405 1405 1342 1342 1406 1406 1407 1407 1408 1408 1407 1407 1406 1406 1409 1409 1410 1410 1411 1411 1412 1412 1411 1411 1410 1410 1411 1411 1412 1412 1379 1379 1413 1413 1379 1379 1412 1412 1379 1379 1413 1413 1381 1381 1391 1391 1390 1390 1414 1414 1389 1389 1414 1414 1390 1390 1414 1414 1389 1389 1415 1415 1416 1416 1355 1355 1409 1409 1363 1363 1409 1409 1355 1355 1409 1409 1363 1363 1410 1410 1417 1417 1418 1418 1401 1401 1419 1419 1401 1401 1418 1418 1401 1401 1419 1419 1399 1399 1377 1377 1420 1420 1375 1375 1408 1408 1375 1375 1420 1420 1375 1375 1408 1408 1421 1421 1406 1406 1421 1421 1408 1408 1421 1421 1406 1406 1422 1422 1423 1423 1422 1422 1406 1406 1419 1419 1424 1424 1399 1399 1425 1425 1399 1399 1424 1424 1399 1399 1425 1425 1426 1426 1415 1415 1427 1427 1414 1414 1428 1428 1414 1414 1427 1427 1414 1414 1428 1428 1429 1429 1355 1355 1429 1429 1428 1428 1429 1429 1355 1355 1430 1430 1416 1416 1430 1430 1355 1355 1431 1431 1432 1432 1433 1433 1434 1434 1433 1433 1432 1432 1433 1433 1434 1434 1435 1435 1406 1406 1436 1436 1423 1423 1433 1433 1423 1423 1436 1436 1423 1423 1433 1433 1437 1437 1435 1435 1437 1437 1433 1433 1402 1402 1366 1366 1438 1438 1439 1439 1438 1438 1366 1366 1438 1438 1439 1439 1440 1440 1426 1426 1441 1441 1399 1399 1442 1442 1399 1399 1441 1441 1399 1399 1442 1442 1443 1443 1444 1444 1443 1443 1442 1442 1443 1443 1444 1444 1445 1445 1431 1431 1445 1445 1444 1444 1445 1445 1431 1431 1446 1446 1433 1433 1446 1446 1431 1431 1440 1440 1439 1439 1447 1447 1448 1448 1447 1447 1439 1439 1447 1447 1448 1448 1449 1449 1390 1390 1450 1450 1388 1388 1451 1451 1388 1388 1450 1450 1388 1388 1451 1451 1452 1452 1453 1453 1452 1452 1451 1451 1452 1452 1453 1453 1417 1417 1454 1454 1417 1417 1453 1453 1417 1417 1454 1454 1418 1418 1445 1445 1455 1455 1443 1443 1456 1456 1443 1443 1455 1455 1443 1443 1456 1456 1448 1448 1457 1457 1448 1448 1456 1456 1448 1448 1457 1457 1449 1449 1458 1458 1459 1459 1460 1460 1460 1460 1461 1461 1458 1458 1462 1462 1458 1458 1461 1461 1458 1458 1462 1462 1463 1463 1463 1463 1464 1464 1458 1458 1465 1465 1458 1458 1464 1464 1458 1458 1465 1465 1466 1466 1467 1467 1466 1466 1465 1465 1466 1466 1467 1467 1468 1468 1469 1469 1470 1470 1471 1471 1472 1472 1473 1473 1474 1474 1475 1475 1476 1476 1477 1477 1478 1478 1477 1477 1476 1476 1477 1477 1478 1478 1479 1479 1479 1479 1480 1480 1477 1477 1481 1481 1477 1477 1480 1480 1477 1477 1481 1481 1482 1482 1482 1482 1483 1483 1477 1477 1484 1484 1477 1477 1483 1483 1477 1477 1484 1484 1485 1485 1486 1486 1487 1487 1488 1488 1489 1489 1488 1488 1487 1487 1490 1490 1491 1491 1477 1477 1492 1492 1477 1477 1491 1491 1477 1477 1492 1492 1475 1475 1468 1468 1493 1493 1466 1466 1494 1494 1466 1466 1493 1493 1466 1466 1494 1494 1495 1495 1496 1496 1495 1495 1494 1494 1495 1495 1496 1496 1497 1497 1498 1498 1497 1497 1496 1496 1497 1497 1498 1498 1490 1490 1499 1499 1490 1490 1498 1498 1490 1490 1499 1499 1491 1491 1485 1485 1500 1500 1477 1477 1501 1501 1477 1477 1500 1500 1477 1477 1501 1501 1488 1488 1502 1502 1488 1488 1501 1501 1488 1488 1502 1502 1486 1486 1503 1503 1488 1488 1504 1504 1489 1489 1504 1504 1488 1488 1504 1504 1489 1489 1505 1505 1506 1506 1505 1505 1489 1489 1505 1505 1506 1506 1507 1507 1508 1508 1507 1507 1506 1506 1507 1507 1508 1508 1509 1509 1474 1474 1509 1509 1508 1508 1509 1509 1474 1474 1510 1510 1473 1473 1510 1510 1474 1474 1511 1511 1512 1512 1476 1476 1513 1513 1476 1476 1512 1512 1476 1476 1513 1513 1478 1478 1459 1459 1458 1458 1514 1514 1472 1472 1514 1514 1458 1458 1514 1514 1472 1472 1471 1471 1474 1474 1471 1471 1472 1472 1471 1471 1474 1474 1469 1469 1515 1515 1516 1516 1517 1517 1470 1470 1518 1518 1471 1471 1515 1515 1471 1471 1518 1518 1471 1471 1515 1515 1519 1519 1517 1517 1519 1519 1515 1515 1511 1511 1476 1476 1515 1515 1520 1520 1515 1515 1476 1476 1515 1515 1520 1520 1516 1516 1521 1521 1522 1522 1523 1523 1524 1524 1523 1523 1522 1522 1523 1523 1524 1524 1525 1525 1526 1526 1527 1527 1528 1528 1529 1529 1528 1528 1527 1527 1529 1529 1530 1530 1528 1528 1531 1531 1528 1528 1530 1530 1528 1528 1531 1531 1523 1523 1532 1532 1523 1523 1531 1531 1523 1523 1532 1532 1521 1521 1533 1533 1534 1534 1535 1535 1533 1533 1535 1535 1536 1536 1524 1524 1537 1537 1525 1525 1538 1538 1525 1525 1537 1537 1525 1525 1538 1538 1539 1539 1540 1540 1539 1539 1538 1538 1539 1539 1540 1540 1541 1541 1542 1542 1541 1541 1540 1540 1541 1541 1542 1542 1543 1543 1536 1536 1543 1543 1542 1542 1543 1543 1536 1536 1544 1544 1535 1535 1544 1544 1536 1536 1545 1545 1546 1546 1547 1547 1548 1548 1549 1549 1550 1550 1551 1551 1552 1552 1553 1553 1554 1554 1555 1555 1556 1556 1557 1557 1556 1556 1555 1555 1558 1558 1559 1559 1560 1560 1558 1558 1560 1560 1561 1561 1548 1548 1550 1550 1562 1562 1553 1553 1552 1552 1563 1563 1564 1564 1565 1565 1553 1553 1566 1566 1553 1553 1565 1565 1553 1553 1566 1566 1567 1567 1568 1568 1567 1567 1566 1566 1567 1567 1568 1568 1550 1550 1569 1569 1550 1550 1568 1568 1550 1550 1569 1569 1562 1562 1554 1554 1556 1556 1570 1570 1571 1571 1570 1570 1556 1556 1570 1570 1571 1571 1572 1572 1547 1547 1546 1546 1573 1573 1574 1574 1573 1573 1546 1546 1573 1573 1574 1574 1575 1575 1575 1575 1576 1576 1573 1573 1577 1577 1573 1573 1576 1576 1573 1573 1577 1577 1578 1578 1578 1578 1579 1579 1573 1573 1580 1580 1573 1573 1579 1579 1573 1573 1580 1580 1553 1553 1581 1581 1553 1553 1580 1580 1553 1553 1581 1581 1582 1582 1583 1583 1584 1584 1552 1552 1585 1585 1552 1552 1584 1584 1563 1563 1586 1586 1553 1553 1587 1587 1553 1553 1586 1586 1553 1553 1587 1587 1564 1564 1588 1588 1589 1589 1590 1590 1591 1591 1590 1590 1589 1589 1590 1590 1591 1591 1582 1582 1592 1592 1582 1582 1591 1591 1585 1585 1593 1593 1552 1552 1594 1594 1552 1552 1593 1593 1552 1552 1594 1594 1563 1563 1561 1561 1560 1560 1595 1595 1596 1596 1595 1595 1560 1560 1595 1595 1596 1596 1597 1597 1592 1592 1598 1598 1582 1582 1599 1599 1582 1582 1598 1598 1582 1582 1599 1599 1553 1553 1600 1600 1553 1553 1599 1599 1553 1553 1600 1600 1551 1551 1549 1549 1601 1601 1550 1550 1570 1570 1550 1550 1601 1601 1550 1550 1570 1570 1602 1602 1572 1572 1602 1602 1570 1570 1603 1603 1604 1604 1547 1547 1605 1605 1547 1547 1604 1604 1547 1547 1605 1605 1545 1545 1559 1559 1606 1606 1560 1560 1607 1607 1560 1560 1606 1606 1560 1560 1607 1607 1608 1608 1609 1609 1608 1608 1607 1607 1608 1608 1609 1609 1588 1588 1610 1610 1588 1588 1609 1609 1588 1588 1610 1610 1589 1589 1557 1557 1611 1611 1556 1556 1612 1612 1556 1556 1611 1611 1556 1556 1612 1612 1613 1613 1614 1614 1613 1613 1612 1612 1613 1613 1614 1614 1615 1615 1583 1583 1615 1615 1614 1614 1615 1615 1583 1583 1616 1616 1552 1552 1616 1616 1583 1583 1597 1597 1617 1617 1595 1595 1550 1550 1595 1595 1617 1617 1595 1595 1550 1550 1618 1618 1602 1602 1618 1618 1550 1550 1617 1617 1619 1619 1550 1550 1620 1620 1550 1550 1619 1619 1550 1550 1620 1620 1547 1547 1621 1621 1547 1547 1620 1620 1547 1547 1621 1621 1603 1603 1622 1622 1623 1623 1624 1624 1622 1622 1624 1624 1625 1625 1626 1626 1627 1627 1628 1628 1626 1626 1628 1628 1629 1629 1630 1630 1631 1631 1632 1632 1633 1633 1634 1634 1635 1635 1636 1636 1635 1635 1634 1634 1635 1635 1636 1636 1637 1637 1638 1638 1639 1639 1534 1534 1640 1640 1641 1641 1642 1642 1643 1643 1642 1642 1641 1641 1627 1627 1644 1644 1628 1628 1645 1645 1628 1628 1644 1644 1628 1628 1645 1645 1646 1646 1639 1639 1647 1647 1534 1534 1648 1648 1534 1534 1647 1647 1534 1534 1648 1648 1649 1649 1646 1646 1650 1650 1628 1628 1651 1651 1628 1628 1650 1650 1628 1628 1651 1651 1533 1533 1652 1652 1533 1533 1651 1651 1533 1533 1652 1652 1653 1653 1637 1637 1654 1654 1635 1635 1655 1655 1635 1635 1654 1654 1635 1635 1655 1655 1656 1656 1632 1632 1656 1656 1655 1655 1656 1656 1632 1632 1657 1657 1631 1631 1657 1657 1632 1632 1658 1658 1659 1659 1660 1660 1640 1640 1642 1642 1649 1649 1661 1661 1649 1649 1642 1642 1649 1649 1661 1661 1534 1534 1662 1662 1663 1663 1628 1628 1664 1664 1665 1665 1666 1666 1667 1667 1666 1666 1665 1665 1666 1666 1667 1667 1668 1668 1642 1642 1669 1669 1670 1670 1623 1623 1629 1629 1624 1624 1628 1628 1624 1624 1629 1629 1624 1624 1628 1628 1671 1671 1663 1663 1671 1671 1628 1628 1653 1653 1672 1672 1533 1533 1673 1673 1533 1533 1672 1672 1533 1533 1673 1673 1674 1674 1630 1630 1632 1632 1660 1660 1675 1675 1660 1660 1632 1632 1660 1660 1675 1675 1658 1658 1676 1676 1677 1677 1533 1533 1678 1678 1533 1533 1677 1677 1533 1533 1678 1678 1534 1534 1679 1679 1534 1534 1678 1678 1534 1534 1679 1679 1638 1638 1643 1643 1680 1680 1642 1642 1681 1681 1642 1642 1680 1680 1642 1642 1681 1681 1633 1633 1670 1670 1682 1682 1642 1642 1683 1683 1642 1642 1682 1682 1642 1642 1683 1683 1628 1628 1684 1684 1628 1628 1683 1683 1628 1628 1684 1684 1662 1662 1625 1625 1624 1624 1685 1685 1686 1686 1685 1685 1624 1624 1685 1685 1686 1686 1668 1668 1687 1687 1668 1668 1686 1686 1668 1668 1687 1687 1666 1666 1666 1666 1688 1688 1533 1533 1689 1689 1533 1533 1688 1688 1635 1635 1690 1690 1633 1633 1691 1691 1633 1633 1690 1690 1633 1633 1691 1691 1642 1642 1692 1692 1642 1642 1691 1691 1642 1642 1692 1692 1669 1669 1674 1674 1693 1693 1533 1533 1694 1694 1533 1533 1693 1693 1533 1533 1694 1694 1666 1666 1695 1695 1666 1666 1694 1694 1666 1666 1695 1695 1664 1664 1689 1689 1696 1696 1533 1533 1660 1660 1533 1533 1696 1696 1533 1533 1660 1660 1676 1676 1659 1659 1676 1676 1660 1660 1697 1697 1698 1698 1699 1699 1698 1698 1700 1700 1699 1699 1701 1701 1699 1699 1700 1700 1699 1699 1701 1701 1702 1702 1703 1703 1704 1704 1705 1705 1706 1706 1705 1705 1704 1704 1698 1698 1707 1707 1700 1700 1706 1706 1700 1700 1707 1707 1700 1700 1706 1706 1708 1708 1704 1704 1708 1708 1706 1706 1699 1699 1709 1709 1697 1697 1710 1710 1697 1697 1709 1709 1697 1697 1710 1710 1711 1711 1712 1712 1711 1711 1710 1710 1713 1713 64 64 65 65 1714 1714 1715 1715 1716 1716 1717 1717 1718 1718 1719 1719 1720 1720 1721 1721 1722 1722 1723 1723 1722 1722 1721 1721 1720 1720 1722 1722 1724 1724 1725 1725 1724 1724 1722 1722 1724 1724 1725 1725 1726 1726 1727 1727 1728 1728 158 158 1729 1729 158 158 1728 1728 158 158 1729 1729 1730 1730 1731 1731 1732 1732 1719 1719 1733 1733 1719 1719 1732 1732 1719 1719 1733 1733 1717 1717 72 72 1734 1734 1735 1735 1736 1736 1737 1737 158 158 1723 1723 1738 1738 1722 1722 1739 1739 1722 1722 1738 1738 1722 1722 1739 1739 1716 1716 1740 1740 1716 1716 1739 1739 1716 1716 1740 1740 1714 1714 71 71 1741 1741 72 72 1742 1742 72 72 1741 1741 72 72 1742 1742 1743 1743 1744 1744 1745 1745 1746 1746 1747 1747 1746 1746 1745 1745 159 159 1748 1748 1749 1749 1726 1726 1750 1750 1724 1724 1751 1751 1724 1724 1750 1750 1724 1724 1751 1751 1752 1752 1747 1747 1745 1745 1753 1753 1754 1754 1753 1753 1745 1745 1753 1753 1754 1754 1755 1755 1735 1735 1756 1756 72 72 1757 1757 72 72 1756 1756 72 72 1757 1757 159 159 1758 1758 159 159 1757 1757 159 159 1758 1758 1748 1748 1749 1749 1759 1759 159 159 1760 1760 159 159 1759 1759 159 159 1760 1760 158 158 1761 1761 158 158 1760 1760 158 158 1761 1761 1727 1727 1731 1731 1762 1762 1732 1732 1763 1763 1732 1732 1762 1762 1732 1732 1763 1763 1764 1764 1743 1743 1765 1765 72 72 1766 1766 72 72 1765 1765 72 72 1766 1766 1767 1767 1718 1718 1768 1768 1719 1719 1769 1769 1719 1719 1768 1768 1719 1719 1769 1769 1770 1770 1771 1771 1770 1770 1769 1769 1770 1770 1771 1771 1755 1755 1772 1772 1755 1755 1771 1771 1755 1755 1772 1772 1753 1753 1730 1730 1773 1773 158 158 1716 1716 158 158 1773 1773 158 158 1716 1716 1736 1736 1715 1715 1736 1736 1716 1716 1737 1737 1732 1732 158 158 1764 1764 158 158 1732 1732 158 158 1764 1764 65 65 1774 1774 65 65 1764 1764 65 65 1774 1774 1775 1775 1775 1775 1776 1776 65 65 1777 1777 65 65 1776 1776 65 65 1777 1777 1713 1713 1744 1744 1752 1752 1745 1745 72 72 1745 1745 1752 1752 1745 1745 72 72 1778 1778 1767 1767 1778 1778 72 72 1751 1751 1779 1779 1752 1752 1780 1780 1752 1752 1779 1779 1752 1752 1780 1780 72 72 1781 1781 72 72 1780 1780 72 72 1781 1781 1734 1734 1782 1782 1783 1783 1784 1784 1785 1785 1784 1784 1783 1783 1786 1786 1787 1787 1784 1784 1788 1788 1784 1784 1787 1787 1784 1784 1788 1788 1782 1782 1786 1786 1789 1789 1787 1787 1790 1790 1787 1787 1789 1789 1787 1787 1790 1790 1791 1791 1792 1792 1793 1793 1794 1794 1795 1795 1794 1794 1793 1793 1788 1788 1796 1796 1782 1782 1795 1795 1782 1782 1796 1796 1782 1782 1795 1795 1797 1797 1793 1793 1797 1797 1795 1795 1798 1798 630 630 629 629 1799 1799 1800 1800 1801 1801 1802 1802 1803 1803 1804 1804 1805 1805 1804 1804 1803 1803 1804 1804 1805 1805 1806 1806 1807 1807 772 772 1808 1808 724 724 1808 1808 772 772 1808 1808 724 724 1809 1809 1807 1807 1810 1810 772 772 1811 1811 772 772 1810 1810 772 772 1811 1811 1812 1812 1813 1813 1814 1814 629 629 1815 1815 629 629 1814 1814 629 629 1815 1815 1801 1801 1806 1806 1816 1816 1804 1804 1817 1817 1804 1804 1816 1816 1804 1804 1817 1817 1801 1801 1818 1818 1801 1801 1817 1817 1801 1801 1818 1818 1799 1799 1800 1800 1819 1819 1801 1801 1820 1820 1801 1801 1819 1819 1801 1801 1820 1820 629 629 1821 1821 629 629 1820 1820 629 629 1821 1821 1822 1822 639 639 638 638 1823 1823 1824 1824 1825 1825 1826 1826 1827 1827 1826 1826 1825 1825 1826 1826 1827 1827 1828 1828 1829 1829 1830 1830 724 724 1831 1831 724 724 1830 1830 724 724 1831 1831 1809 1809 1812 1812 1832 1832 772 772 1833 1833 772 772 1832 1832 772 772 1833 1833 629 629 1834 1834 629 629 1833 1833 629 629 1834 1834 1813 1813 1824 1824 1826 1826 1835 1835 1836 1836 1835 1835 1826 1826 1835 1835 1836 1836 1837 1837 1838 1838 1839 1839 629 629 1839 1839 1840 1840 629 629 1841 1841 629 629 1840 1840 629 629 1841 1841 1842 1842 1802 1802 1804 1804 1843 1843 1844 1844 1843 1843 1804 1804 1843 1843 1844 1844 1845 1845 1828 1828 1846 1846 1826 1826 1843 1843 1826 1826 1846 1846 1826 1826 1843 1843 1847 1847 1848 1848 1847 1847 1843 1843 639 639 1849 1849 724 724 1850 1850 724 724 1849 1849 724 724 1850 1850 1829 1829 1822 1822 1851 1851 629 629 1852 1852 629 629 1851 1851 629 629 1852 1852 1838 1838 1853 1853 1838 1838 1852 1852 1838 1838 1853 1853 1854 1854 1837 1837 1854 1854 1853 1853 1854 1854 1837 1837 1855 1855 1836 1836 1855 1855 1837 1837 1842 1842 1856 1856 629 629 1857 1857 629 629 1856 1856 629 629 1857 1857 1798 1798 1823 1823 1858 1858 639 639 1859 1859 639 639 1858 1858 639 639 1859 1859 1860 1860 1860 1860 1861 1861 639 639 1862 1862 639 639 1861 1861 639 639 1862 1862 1843 1843 1863 1863 1843 1843 1862 1862 1843 1843 1863 1863 1848 1848 1845 1845 1864 1864 1843 1843 1865 1865 1843 1843 1864 1864 1843 1843 1865 1865 639 639 1866 1866 639 639 1865 1865 639 639 1866 1866 1849 1849 522 522 751 751 515 515 697 697 515 515 751 751 502 502 501 501 696 696 500 500 696 696 501 501 696 696 500 500 697 697 510 510 697 697 500 500 697 697 510 510 515 515 623 623 624 624 1867 1867 624 624 625 625 1867 1867 626 626 1867 1867 625 625 1867 1867 626 626 627 627 620 620 621 621 1867 1867 622 622 1867 1867 621 621 1867 1867 622 622 623 623 1868 1868 550 550 1867 1867 619 619 1867 1867 550 550 1867 1867 619 619 620 620 504 504 1868 1868 505 505 506 506 505 505 1868 1868 696 696 550 550 502 502 1868 1868 502 502 550 550 502 502 1868 1868 503 503 504 504 503 503 1868 1868 627 627 628 628 1867 1867 441 441 1867 1867 628 628 1867 1867 441 441 1868 1868 440 440 1868 1868 441 441 1868 1868 440 440 509 509 509 509 508 508 1868 1868 507 507 1868 1868 508 508 1868 1868 507 507 506 506 639 639 724 724 655 655 706 706 655 655 724 724 655 655 706 706 658 658 705 705 658 658 706 706 658 658 705 705 659 659 733 733 659 659 705 705 659 659 733 733 660 660 739 739 660 660 733 733 660 660 739 739 662 662 740 740 662 662 739 739 662 662 740 740 664 664 703 703 664 664 740 740 664 664 703 703 665 665 702 702 665 665 703 703 665 665 702 702 695 695 667 667 695 695 702 702 522 522 527 527 751 751 534 534 751 751 527 527 751 751 534 534 699 699 654 654 699 699 534 534 699 699 654 654 700 700 667 667 700 700 654 654 700 700 667 667 741 741 702 702 741 741 667 667 899 899 370 370 1869 1869 411 411 1869 1869 370 370 1869 1869 411 411 1870 1870 412 412 1870 1870 411 411 1870 1870 412 412 1871 1871 413 413 1871 1871 412 412 1871 1871 413 413 1872 1872 81 81 1873 1873 82 82 1874 1874 82 82 1873 1873 82 82 1874 1874 416 416 1875 1875 416 416 1874 1874 416 416 1875 1875 415 415 1872 1872 415 415 1875 1875 415 415 1872 1872 414 414 413 413 414 414 1872 1872 1876 1876 1877 1877 879 879 1878 1878 879 879 1877 1877 879 879 1878 1878 1879 1879 1880 1880 1881 1881 607 607 1882 1882 1883 1883 1876 1876 1884 1884 1876 1876 1883 1883 1884 1884 1885 1885 1876 1876 1886 1886 1876 1876 1885 1885 1876 1876 1886 1886 1877 1877 1879 1879 1887 1887 879 879 1888 1888 879 879 1887 1887 879 879 1888 1888 1889 1889 1889 1889 1890 1890 879 879 1891 1891 879 879 1890 1890 879 879 1891 1891 820 820 1892 1892 820 820 1891 1891 820 820 1892 1892 1893 1893 1894 1894 917 917 424 424 1881 1881 1895 1895 607 607 1896 1896 607 607 1895 1895 607 607 1896 1896 424 424 1897 1897 424 424 1896 1896 424 424 1897 1897 1898 1898 820 820 1899 1899 607 607 1900 1900 607 607 1899 1899 1900 1900 1901 1901 607 607 1902 1902 607 607 1901 1901 607 607 1902 1902 1880 1880 424 424 1903 1903 1894 1894 1904 1904 1894 1894 1903 1903 1894 1894 1904 1904 1905 1905 1906 1906 1905 1905 1904 1904 1905 1905 1906 1906 1907 1907 1898 1898 1908 1908 424 424 1909 1909 424 424 1908 1908 424 424 1909 1909 1903 1903 1910 1910 1911 1911 1876 1876 1912 1912 1876 1876 1911 1911 1876 1876 1912 1912 1882 1882 1893 1893 1913 1913 820 820 1914 1914 820 820 1913 1913 820 820 1914 1914 1915 1915 1916 1916 1917 1917 1876 1876 1918 1918 1876 1876 1917 1917 1876 1876 1918 1918 1910 1910 1906 1906 1919 1919 1907 1907 1920 1920 1907 1907 1919 1919 1907 1907 1920 1920 1921 1921 1922 1922 1921 1921 1920 1920 1921 1921 1922 1922 1923 1923 1924 1924 1923 1923 1922 1922 1923 1923 1924 1924 1876 1876 1925 1925 1876 1876 1924 1924 1876 1876 1925 1925 1916 1916 1925 1925 1926 1926 1916 1916 1927 1927 1916 1916 1926 1926 1916 1916 1927 1927 1915 1915 1928 1928 1915 1915 1927 1927 1915 1915 1928 1928 820 820 1929 1929 820 820 1928 1928 820 820 1929 1929 1899 1899 1930 1930 1931 1931 1932 1932 1932 1932 1931 1931 1933 1933 1934 1934 1935 1935 1936 1936 1937 1937 1938 1938 1939 1939 1940 1940 1939 1939 1938 1938 1939 1939 1940 1940 1941 1941 1942 1942 1941 1941 1940 1940 1936 1936 1943 1943 1934 1934 1944 1944 1934 1934 1943 1943 1934 1934 1944 1944 1945 1945 1946 1946 1947 1947 1948 1948 1949 1949 1948 1948 1947 1947 1948 1948 1949 1949 1950 1950 1951 1951 802 802 1952 1952 826 826 1952 1952 802 802 1952 1952 826 826 1953 1953 1954 1954 1955 1955 1956 1956 1957 1957 1956 1956 1955 1955 1956 1956 1957 1957 1958 1958 1959 1959 1960 1960 1961 1961 1962 1962 1963 1963 878 878 1964 1964 878 878 1963 1963 878 878 1964 1964 1965 1965 826 826 1966 1966 1967 1967 1945 1945 1968 1968 1934 1934 1969 1969 1934 1934 1968 1968 1934 1934 1969 1969 826 826 1970 1970 826 826 1969 1969 826 826 1970 1970 1953 1953 1948 1948 1971 1971 1946 1946 1972 1972 1946 1946 1971 1971 1946 1946 1972 1972 1973 1973 1973 1973 1974 1974 1946 1946 1975 1975 1946 1946 1974 1974 1946 1946 1975 1975 1976 1976 1958 1958 1977 1977 1956 1956 1946 1946 1956 1956 1977 1977 1956 1956 1946 1946 1978 1978 1976 1976 1978 1978 1946 1946 1949 1949 1979 1979 1950 1950 1980 1980 1950 1950 1979 1979 1950 1950 1980 1980 1981 1981 1961 1961 1982 1982 1983 1983 1984 1984 1985 1985 885 885 1941 1941 1986 1986 1987 1987 1932 1932 1988 1988 1989 1989 1937 1937 1990 1990 1938 1938 1991 1991 1938 1938 1990 1990 1938 1938 1991 1991 1992 1992 1965 1965 1993 1993 878 878 1994 1994 878 878 1993 1993 878 878 1994 1994 826 826 1995 1995 826 826 1994 1994 826 826 1995 1995 1966 1966 1951 1951 1996 1996 802 802 1955 1955 802 802 1996 1996 802 802 1955 1955 1997 1997 1954 1954 1997 1997 1955 1955 1960 1960 1998 1998 1961 1961 1999 1999 1961 1961 1998 1998 1961 1961 1999 1999 1982 1982 1985 1985 2000 2000 885 885 2001 2001 885 885 2000 2000 885 885 2001 2001 2002 2002 1931 1931 2003 2003 826 826 2004 2004 826 826 2003 2003 826 826 2004 2004 1934 1934 1961 1961 1950 1950 1959 1959 1981 1981 1959 1959 1950 1950 1959 1959 1981 1981 2005 2005 2006 2006 2005 2005 1981 1981 2005 2005 2006 2006 1934 1934 2007 2007 1934 1934 2006 2006 1934 1934 2007 2007 1935 1935 1997 1997 2008 2008 802 802 2009 2009 802 802 2008 2008 802 802 2009 2009 885 885 2010 2010 885 885 2009 2009 885 885 2010 2010 1984 1984 1988 1988 1932 1932 1987 1987 2011 2011 1987 1987 1932 1932 1987 1987 2011 2011 1941 1941 1989 1989 2012 2012 1932 1932 2013 2013 1932 1932 2012 2012 1932 1932 2013 2013 1930 1930 1992 1992 2014 2014 1938 1938 2015 2015 1938 1938 2014 2014 1938 1938 2015 2015 878 878 2016 2016 878 878 2015 2015 878 878 2016 2016 1962 1962 2002 2002 2017 2017 885 885 2018 2018 885 885 2017 2017 885 885 2018 2018 2019 2019 1967 1967 2020 2020 826 826 2021 2021 826 826 2020 2020 826 826 2021 2021 1931 1931 2022 2022 1931 1931 2021 2021 1931 1931 2022 2022 1933 1933 2023 2023 2024 2024 2025 2025 2025 2025 2024 2024 2026 2026 2027 2027 2028 2028 2025 2025 1961 1961 2025 2025 2028 2028 2025 2025 1961 1961 2023 2023 1983 1983 2023 2023 1961 1961 2027 2027 2029 2029 2028 2028 2030 2030 2028 2028 2029 2029 2028 2028 2030 2030 2031 2031 2031 2031 2032 2032 2028 2028 2033 2033 2028 2028 2032 2032 2028 2028 2033 2033 2018 2018 2034 2034 2018 2018 2033 2033 2018 2018 2034 2034 2019 2019 2026 2026 2024 2024 2035 2035 2036 2036 2035 2035 2024 2024 2035 2035 2036 2036 2037 2037 2038 2038 2037 2037 2036 2036 2037 2037 2038 2038 2039 2039 2039 2039 2038 2038 2040 2040 2041 2041 2040 2040 2038 2038 2040 2040 2041 2041 2042 2042 1986 1986 1941 1941 2043 2043 1942 1942 2043 2043 1941 1941 2043 2043 1942 1942 2041 2041 2044 2044 2041 2041 1942 1942 2041 2041 2044 2044 2042 2042 2045 2045 2046 2046 2047 2047 2048 2048 2047 2047 2046 2046 2047 2047 2048 2048 2049 2049 2050 2050 2051 2051 2048 2048 2052 2052 2048 2048 2051 2051 2048 2048 2052 2052 2049 2049 1550 1550 1547 1547 2053 2053 2054 2054 2053 2053 1547 1547 2053 2053 2054 2054 2055 2055 2056 2056 2055 2055 2054 2054 2055 2055 2056 2056 2057 2057 2058 2058 2057 2057 2056 2056 2057 2057 2058 2058 2059 2059 2060 2060 2059 2059 2058 2058 2059 2059 2060 2060 2061 2061 2062 2062 2061 2061 2060 2060 2061 2061 2062 2062 2063 2063 2064 2064 2063 2063 2062 2062 2063 2063 2064 2064 2065 2065 2066 2066 2065 2065 2064 2064 2065 2065 2066 2066 2050 2050 2067 2067 2050 2050 2066 2066 2050 2050 2067 2067 2051 2051 2068 2068 2069 2069 2070 2070 2071 2071 2072 2072 2073 2073 2069 2069 2074 2074 2075 2075 2076 2076 2077 2077 2078 2078 2079 2079 2080 2080 2081 2081 2082 2082 2083 2083 2084 2084 2073 2073 2075 2075 2085 2085 2086 2086 2087 2087 2088 2088 2088 2088 2089 2089 2075 2075 2090 2090 2075 2075 2089 2089 2091 2091 2092 2092 2085 2085 2093 2093 2085 2085 2092 2092 2090 2090 2094 2094 2075 2075 2095 2095 2075 2075 2094 2094 2075 2075 2095 2095 2085 2085 2096 2096 2085 2085 2095 2095 2085 2085 2096 2096 2091 2091 2093 2093 2097 2097 2085 2085 2098 2098 2085 2085 2097 2097 2085 2085 2098 2098 2099 2099 2100 2100 2099 2099 2098 2098 2099 2099 2100 2100 2101 2101 2101 2101 2102 2102 2099 2099 2103 2103 2099 2099 2102 2102 2099 2099 2103 2103 2104 2104 2086 2086 2105 2105 2106 2106 2104 2104 2107 2107 2099 2099 2108 2108 2099 2099 2107 2107 2099 2099 2108 2108 2086 2086 2109 2109 2086 2086 2108 2108 2086 2086 2109 2109 2105 2105 2106 2106 2110 2110 2086 2086 2111 2111 2086 2086 2110 2110 2086 2086 2111 2111 2087 2087 2112 2112 2113 2113 2114 2114 2115 2115 2114 2114 2113 2113 2115 2115 2116 2116 2114 2114 2117 2117 2114 2114 2116 2116 2114 2114 2117 2117 2118 2118 2119 2119 2120 2120 2074 2074 2121 2121 2074 2074 2120 2120 2122 2122 2123 2123 2124 2124 2125 2125 2124 2124 2123 2123 2118 2118 2126 2126 2114 2114 2127 2127 2114 2114 2126 2126 2114 2114 2127 2127 2074 2074 2128 2128 2074 2074 2127 2127 2074 2074 2128 2128 2119 2119 2122 2122 2129 2129 2123 2123 2130 2130 2123 2123 2129 2129 2123 2123 2130 2130 2131 2131 2131 2131 2132 2132 2123 2123 2133 2133 2123 2123 2132 2132 2123 2123 2133 2133 2112 2112 2133 2133 2134 2134 2112 2112 2135 2135 2112 2112 2134 2134 2112 2112 2135 2135 2136 2136 2136 2136 2137 2137 2112 2112 2138 2138 2112 2112 2137 2137 2112 2112 2138 2138 2113 2113 2139 2139 2140 2140 2141 2141 2142 2142 2141 2141 2140 2140 2084 2084 2083 2083 2143 2143 2144 2144 2143 2143 2083 2083 2143 2143 2144 2144 2145 2145 2146 2146 2147 2147 2145 2145 2148 2148 2149 2149 2150 2150 2151 2151 2152 2152 2141 2141 2153 2153 2141 2141 2152 2152 2141 2141 2153 2153 2154 2154 2155 2155 2156 2156 2084 2084 2157 2157 2084 2084 2156 2156 2084 2084 2157 2157 2082 2082 2158 2158 2146 2146 2159 2159 2145 2145 2159 2159 2146 2146 2159 2159 2145 2145 2160 2160 2144 2144 2160 2160 2145 2145 2158 2158 2161 2161 2146 2146 2162 2162 2146 2146 2161 2161 2146 2146 2162 2162 2150 2150 2163 2163 2150 2150 2162 2162 2150 2150 2163 2163 2148 2148 2149 2149 2164 2164 2150 2150 2165 2165 2150 2150 2164 2164 2150 2150 2165 2165 2141 2141 2166 2166 2141 2141 2165 2165 2141 2141 2166 2166 2151 2151 2154 2154 2167 2167 2168 2168 2169 2169 2139 2139 2170 2170 2141 2141 2170 2170 2139 2139 2170 2170 2141 2141 2171 2171 2154 2154 2171 2171 2141 2141 2171 2171 2154 2154 2172 2172 2168 2168 2172 2172 2154 2154 2167 2167 2173 2173 2168 2168 2174 2174 2168 2168 2173 2173 2168 2168 2174 2174 2155 2155 2175 2175 2155 2155 2174 2174 2155 2155 2175 2175 2156 2156 2176 2176 2177 2177 2178 2178 2179 2179 2180 2180 2181 2181 2182 2182 2181 2181 2180 2180 2181 2181 2182 2182 2183 2183 2078 2078 2077 2077 2178 2178 2184 2184 2178 2178 2077 2077 2178 2178 2184 2184 2176 2176 2185 2185 2186 2186 2187 2187 2188 2188 2187 2187 2186 2186 2187 2187 2188 2188 2189 2189 2190 2190 2189 2189 2188 2188 2189 2189 2190 2190 2191 2191 2182 2182 2192 2192 2183 2183 2193 2193 2183 2183 2192 2192 2183 2183 2193 2193 2194 2194 2195 2195 2194 2194 2193 2193 2177 2177 2196 2196 2178 2178 2197 2197 2178 2178 2196 2196 2178 2178 2197 2197 2187 2187 2198 2198 2187 2187 2197 2197 2187 2187 2198 2198 2185 2185 2179 2179 2181 2181 2191 2191 2199 2199 2191 2191 2181 2181 2191 2191 2199 2199 2189 2189 2195 2195 2200 2200 2194 2194 2201 2201 2194 2194 2200 2200 2194 2194 2201 2201 2202 2202 2203 2203 2202 2202 2201 2201 2202 2202 2203 2203 2204 2204 2205 2205 2204 2204 2203 2203 2204 2204 2205 2205 2078 2078 2206 2206 2078 2078 2205 2205 2078 2078 2206 2206 2076 2076 2207 2207 2208 2208 2209 2209 2085 2085 2210 2210 2073 2073 2207 2207 2073 2073 2210 2210 2073 2073 2207 2207 2078 2078 2209 2209 2078 2078 2207 2207 2078 2078 2209 2209 2204 2204 2088 2088 2075 2075 2086 2086 2074 2074 2086 2086 2075 2075 2086 2086 2074 2074 2123 2123 2121 2121 2123 2123 2074 2074 2123 2123 2121 2121 2125 2125 2211 2211 2212 2212 2141 2141 2212 2212 2213 2213 2141 2141 2214 2214 2141 2141 2213 2213 2141 2141 2214 2214 2150 2150 2214 2214 2215 2215 2150 2150 2216 2216 2150 2150 2215 2215 2150 2150 2216 2216 2217 2217 2217 2217 2218 2218 2150 2150 2219 2219 2150 2150 2218 2218 2150 2150 2219 2219 2220 2220 2221 2221 2220 2220 2219 2219 2220 2220 2221 2221 2222 2222 2222 2222 2223 2223 2220 2220 2224 2224 2220 2220 2223 2223 2220 2220 2224 2224 2225 2225 2225 2225 2226 2226 2220 2220 2227 2227 2220 2220 2226 2226 2220 2220 2227 2227 2142 2142 2228 2228 2142 2142 2227 2227 2142 2142 2228 2228 2229 2229 2229 2229 2230 2230 2142 2142 2231 2231 2142 2142 2230 2230 2142 2142 2231 2231 2232 2232 2232 2232 2233 2233 2142 2142 2234 2234 2142 2142 2233 2233 2142 2142 2234 2234 2141 2141 2235 2235 2141 2141 2234 2234 2141 2141 2235 2235 2211 2211 2236 2236 2237 2237 2078 2078 2071 2071 2073 2073 2238 2238 2239 2239 2240 2240 2241 2241 2242 2242 2241 2241 2240 2240 2241 2241 2242 2242 2243 2243 2069 2069 2075 2075 2070 2070 2073 2073 2070 2070 2075 2075 2070 2070 2073 2073 2241 2241 2072 2072 2241 2241 2073 2073 2241 2241 2072 2072 2239 2239 2178 2178 2244 2244 2245 2245 2246 2246 2247 2247 2073 2073 2245 2245 2248 2248 2178 2178 2249 2249 2178 2178 2248 2248 2178 2178 2249 2249 2078 2078 2250 2250 2078 2078 2249 2249 2078 2078 2250 2250 2236 2236 2247 2247 2251 2251 2073 2073 2252 2252 2073 2073 2251 2251 2073 2073 2252 2252 2238 2238 2243 2243 2253 2253 2241 2241 2254 2254 2241 2241 2253 2253 2241 2241 2254 2254 2178 2178 2255 2255 2178 2178 2254 2254 2178 2178 2255 2255 2244 2244 2237 2237 2256 2256 2078 2078 2257 2257 2078 2078 2256 2256 2078 2078 2257 2257 2073 2073 2258 2258 2073 2073 2257 2257 2073 2073 2258 2258 2246 2246 2259 2259 2260 2260 2261 2261 2262 2262 2261 2261 2260 2260 2261 2261 2262 2262 2263 2263 2264 2264 2265 2265 2266 2266 2266 2266 2267 2267 2264 2264 2268 2268 2264 2264 2267 2267 2264 2264 2268 2268 2269 2269 2269 2269 2270 2270 2264 2264 2271 2271 2264 2264 2270 2270 2264 2264 2271 2271 2272 2272 2272 2272 2273 2273 2150 2150 2274 2274 2150 2150 2273 2273 2150 2150 2274 2274 2275 2275 2275 2275 2276 2276 2150 2150 2277 2277 2150 2150 2276 2276 2150 2150 2277 2277 2146 2146 2278 2278 2146 2146 2277 2277 2278 2278 2279 2279 2146 2146 2280 2280 2146 2146 2279 2279 2146 2146 2280 2280 2281 2281 2281 2281 2282 2282 2146 2146 2283 2283 2146 2146 2282 2282 2146 2146 2283 2283 2261 2261 2284 2284 2261 2261 2283 2283 2261 2261 2284 2284 2259 2259 2264 2264 2285 2285 2286 2286 2272 2272 2150 2150 2264 2264 2287 2287 2264 2264 2150 2150 2264 2264 2287 2287 2285 2285 2286 2286 2288 2288 2264 2264 2289 2289 2264 2264 2288 2288 2264 2264 2289 2289 2290 2290 2291 2291 2292 2292 2293 2293 2294 2294 2295 2295 2150 2150 2296 2296 2150 2150 2295 2295 2150 2150 2296 2296 2287 2287 2297 2297 2220 2220 2298 2298 2299 2299 2298 2298 2220 2220 2291 2291 2293 2293 2300 2300 2292 2292 2301 2301 2293 2293 2302 2302 2293 2293 2301 2301 2293 2293 2302 2302 2303 2303 2303 2303 2304 2304 2293 2293 2305 2305 2293 2293 2304 2304 2293 2293 2305 2305 2220 2220 2306 2306 2220 2220 2305 2305 2220 2220 2306 2306 2299 2299 2297 2297 2307 2307 2220 2220 2308 2308 2220 2220 2307 2307 2220 2220 2308 2308 2150 2150 2309 2309 2150 2150 2308 2308 2150 2150 2309 2309 2294 2294 2241 2241 2310 2310 2311 2311 2312 2312 2313 2313 2314 2314 2311 2311 2315 2315 2241 2241 2316 2316 2241 2241 2315 2315 2241 2241 2316 2316 2317 2317 2314 2314 2318 2318 2312 2312 2319 2319 2312 2312 2318 2318 2312 2312 2319 2319 2320 2320 2321 2321 2322 2322 2323 2323 2312 2312 2323 2323 2322 2322 2323 2323 2312 2312 2324 2324 2320 2320 2324 2324 2312 2312 2068 2068 2070 2070 2325 2325 2241 2241 2325 2325 2070 2070 2325 2325 2241 2241 2312 2312 2317 2317 2312 2312 2241 2241 2312 2312 2317 2317 2313 2313 2321 2321 2326 2326 2322 2322 2327 2327 2322 2322 2326 2326 2322 2322 2327 2327 2328 2328 2329 2329 2330 2330 2178 2178 2328 2328 2331 2331 2322 2322 2332 2332 2322 2322 2331 2331 2322 2322 2332 2332 2178 2178 2333 2333 2178 2178 2332 2332 2178 2178 2333 2333 2329 2329 2330 2330 2334 2334 2178 2178 2335 2335 2178 2178 2334 2334 2178 2178 2335 2335 2241 2241 2336 2336 2241 2241 2335 2335 2241 2241 2336 2336 2310 2310 2337 2337 2322 2322 2338 2338 2339 2339 2338 2338 2322 2322 2337 2337 2340 2340 2322 2322 2341 2341 2322 2322 2340 2340 2322 2322 2341 2341 2342 2342 2343 2343 2342 2342 2341 2341 2342 2342 2343 2343 2344 2344 2344 2344 2345 2345 2342 2342 2346 2346 2342 2342 2345 2345 2342 2342 2346 2346 2347 2347 2348 2348 2187 2187 2349 2349 2342 2342 2349 2349 2187 2187 2349 2349 2342 2342 2350 2350 2347 2347 2350 2350 2342 2342 2348 2348 2351 2351 2187 2187 2352 2352 2187 2187 2351 2351 2187 2187 2352 2352 2353 2353 2354 2354 2355 2355 2178 2178 2353 2353 2356 2356 2187 2187 2357 2357 2187 2187 2356 2356 2187 2187 2357 2357 2178 2178 2358 2358 2178 2178 2357 2357 2178 2178 2358 2358 2354 2354 2355 2355 2359 2359 2178 2178 2360 2360 2178 2178 2359 2359 2178 2178 2360 2360 2322 2322 2361 2361 2322 2322 2360 2360 2322 2322 2361 2361 2339 2339 2189 2189 2079 2079 2187 2187 2081 2081 2187 2187 2079 2079 2187 2187 2081 2081 2342 2342 2362 2362 2342 2342 2081 2081 2263 2263 2265 2265 2261 2261 2264 2264 2261 2261 2265 2265 2261 2261 2264 2264 2363 2363 2364 2364 2363 2363 2264 2264 2363 2363 2364 2364 2365 2365 2290 2290 2300 2300 2264 2264 2293 2293 2264 2264 2300 2300 2264 2264 2293 2293 2364 2364 2366 2366 2364 2364 2293 2293 2140 2140 2114 2114 2142 2142 2074 2074 2142 2142 2114 2114 2142 2142 2074 2074 2220 2220 2069 2069 2220 2220 2074 2074 2220 2220 2069 2069 2293 2293 2068 2068 2293 2293 2069 2069 2293 2293 2068 2068 2366 2366 2367 2367 2366 2366 2068 2068 2368 2368 2369 2369 2370 2370 2367 2367 2370 2370 2369 2369 2370 2370 2367 2367 2371 2371 2068 2068 2371 2371 2367 2367 2371 2371 2068 2068 2372 2372 2325 2325 2372 2372 2068 2068 2372 2372 2325 2325 2368 2368 2368 2368 2325 2325 2369 2369 2312 2312 2369 2369 2325 2325 2369 2369 2312 2312 2373 2373 2322 2322 2373 2373 2312 2312 2373 2373 2322 2322 2374 2374 2342 2342 2374 2374 2322 2322 2374 2374 2342 2342 2375 2375 2362 2362 2375 2375 2342 2342 2375 2375 2362 2362 2376 2376 2365 2365 2364 2364 2377 2377 2366 2366 2377 2377 2364 2364 2377 2377 2366 2366 2378 2378 2367 2367 2378 2378 2366 2366 2378 2378 2367 2367 2379 2379 2369 2369 2379 2379 2367 2367 2379 2379 2369 2369 2380 2380 2373 2373 2380 2380 2369 2369 2380 2380 2373 2373 2381 2381 2374 2374 2381 2381 2373 2373 2381 2381 2374 2374 2382 2382 2375 2375 2382 2382 2374 2374 2382 2382 2375 2375 2383 2383 2376 2376 2383 2383 2375 2375 2383 2383 2376 2376 2384 2384 2385 2385 2386 2386 2387 2387 2388 2388 2387 2387 2386 2386 2387 2387 2388 2388 2389 2389 2390 2390 2389 2389 2388 2388 2389 2389 2390 2390 2391 2391 2392 2392 2391 2391 2390 2390 2391 2391 2392 2392 2393 2393 2394 2394 2393 2393 2392 2392 2393 2393 2394 2394 2395 2395 2396 2396 2395 2395 2394 2394 2395 2395 2396 2396 2397 2397 2398 2398 2397 2397 2396 2396 2397 2397 2398 2398 2399 2399 2400 2400 2399 2399 2398 2398 2399 2399 2400 2400 2401 2401 2402 2402 2401 2401 2400 2400 2401 2401 2402 2402 2403 2403 2404 2404 2403 2403 2402 2402 2403 2403 2404 2404 2405 2405 2406 2406 2405 2405 2404 2404 2405 2405 2406 2406 2407 2407 2408 2408 2407 2407 2406 2406 2407 2407 2408 2408 2409 2409 2410 2410 2409 2409 2408 2408 2409 2409 2410 2410 2411 2411 2412 2412 2411 2411 2410 2410 2411 2411 2412 2412 2413 2413 2414 2414 2413 2413 2412 2412 2413 2413 2414 2414 2415 2415 2416 2416 2415 2415 2414 2414 2415 2415 2416 2416 2417 2417 2418 2418 2417 2417 2416 2416 2417 2417 2418 2418 2419 2419 2420 2420 2419 2419 2418 2418 2419 2419 2420 2420 2421 2421 2422 2422 2421 2421 2420 2420 2421 2421 2422 2422 2423 2423 2424 2424 2423 2423 2422 2422 2423 2423 2424 2424 2425 2425 2426 2426 2425 2425 2424 2424 2425 2425 2426 2426 2427 2427 2428 2428 2427 2427 2426 2426 2427 2427 2428 2428 2429 2429 2430 2430 2429 2429 2428 2428 2429 2429 2430 2430 2431 2431 2432 2432 2431 2431 2430 2430 2431 2431 2432 2432 2385 2385 2386 2386 2385 2385 2432 2432 2433 2433 2434 2434 2435 2435 2436 2436 2435 2435 2434 2434 2435 2435 2436 2436 2437 2437 2438 2438 2437 2437 2436 2436 2437 2437 2438 2438 2439 2439 2440 2440 2439 2439 2438 2438 2439 2439 2440 2440 2441 2441 2442 2442 2441 2441 2440 2440 2441 2441 2442 2442 2443 2443 2444 2444 2443 2443 2442 2442 2443 2443 2444 2444 2445 2445 2446 2446 2445 2445 2444 2444 2445 2445 2446 2446 2447 2447 2448 2448 2447 2447 2446 2446 2447 2447 2448 2448 2449 2449 2450 2450 2449 2449 2448 2448 2449 2449 2450 2450 2451 2451 2452 2452 2451 2451 2450 2450 2451 2451 2452 2452 2453 2453 2454 2454 2453 2453 2452 2452 2453 2453 2454 2454 2455 2455 2456 2456 2455 2455 2454 2454 2455 2455 2456 2456 2457 2457 2458 2458 2457 2457 2456 2456 2457 2457 2458 2458 2459 2459 2460 2460 2459 2459 2458 2458 2459 2459 2460 2460 2461 2461 2462 2462 2461 2461 2460 2460 2461 2461 2462 2462 2463 2463 2464 2464 2463 2463 2462 2462 2463 2463 2464 2464 2465 2465 2466 2466 2465 2465 2464 2464 2465 2465 2466 2466 2467 2467 2468 2468 2467 2467 2466 2466 2467 2467 2468 2468 2469 2469 2470 2470 2469 2469 2468 2468 2469 2469 2470 2470 2471 2471 2472 2472 2471 2471 2470 2470 2471 2471 2472 2472 2473 2473 2474 2474 2473 2473 2472 2472 2473 2473 2474 2474 2475 2475 2476 2476 2475 2475 2474 2474 2475 2475 2476 2476 2477 2477 2478 2478 2477 2477 2476 2476 2477 2477 2478 2478 2479 2479 2480 2480 2479 2479 2478 2478 2479 2479 2480 2480 2433 2433 2434 2434 2433 2433 2480 2480 2481 2481 2482 2482 2483 2483 2484 2484 2483 2483 2482 2482 2483 2483 2484 2484 2485 2485 2486 2486 2485 2485 2484 2484 2485 2485 2486 2486 2487 2487 2488 2488 2487 2487 2486 2486 2487 2487 2488 2488 2489 2489 2490 2490 2489 2489 2488 2488 2489 2489 2490 2490 2491 2491 2492 2492 2491 2491 2490 2490 2491 2491 2492 2492 2493 2493 2494 2494 2493 2493 2492 2492 2493 2493 2494 2494 2495 2495 2496 2496 2495 2495 2494 2494 2495 2495 2496 2496 2497 2497 2498 2498 2497 2497 2496 2496 2497 2497 2498 2498 2499 2499 2500 2500 2499 2499 2498 2498 2499 2499 2500 2500 2501 2501 2502 2502 2501 2501 2500 2500 2501 2501 2502 2502 2503 2503 2504 2504 2503 2503 2502 2502 2503 2503 2504 2504 2505 2505 2506 2506 2505 2505 2504 2504 2505 2505 2506 2506 2507 2507 2508 2508 2507 2507 2506 2506 2507 2507 2508 2508 2509 2509 2510 2510 2509 2509 2508 2508 2509 2509 2510 2510 2511 2511 2512 2512 2511 2511 2510 2510 2511 2511 2512 2512 2513 2513 2514 2514 2513 2513 2512 2512 2513 2513 2514 2514 2515 2515 2516 2516 2515 2515 2514 2514 2515 2515 2516 2516 2517 2517 2518 2518 2517 2517 2516 2516 2517 2517 2518 2518 2519 2519 2520 2520 2519 2519 2518 2518 2519 2519 2520 2520 2521 2521 2522 2522 2521 2521 2520 2520 2521 2521 2522 2522 2523 2523 2524 2524 2523 2523 2522 2522 2523 2523 2524 2524 2525 2525 2526 2526 2525 2525 2524 2524 2525 2525 2526 2526 2527 2527 2528 2528 2527 2527 2526 2526 2527 2527 2528 2528 2481 2481 2482 2482 2481 2481 2528 2528 2529 2529 2530 2530 2531 2531 2532 2532 2531 2531 2530 2530 2531 2531 2532 2532 2533 2533 2534 2534 2533 2533 2532 2532 2533 2533 2534 2534 2535 2535 2536 2536 2535 2535 2534 2534 2535 2535 2536 2536 2537 2537 2538 2538 2537 2537 2536 2536 2537 2537 2538 2538 2539 2539 2540 2540 2539 2539 2538 2538 2539 2539 2540 2540 2541 2541 2542 2542 2541 2541 2540 2540 2541 2541 2542 2542 2543 2543 2544 2544 2543 2543 2542 2542 2543 2543 2544 2544 2545 2545 2546 2546 2545 2545 2544 2544 2545 2545 2546 2546 2547 2547 2548 2548 2547 2547 2546 2546 2547 2547 2548 2548 2549 2549 2550 2550 2549 2549 2548 2548 2549 2549 2550 2550 2551 2551 2552 2552 2551 2551 2550 2550 2551 2551 2552 2552 2553 2553 2554 2554 2553 2553 2552 2552 2553 2553 2554 2554 2555 2555 2556 2556 2555 2555 2554 2554 2555 2555 2556 2556 2557 2557 2558 2558 2557 2557 2556 2556 2557 2557 2558 2558 2559 2559 2560 2560 2559 2559 2558 2558 2559 2559 2560 2560 2561 2561 2562 2562 2561 2561 2560 2560 2561 2561 2562 2562 2563 2563 2564 2564 2563 2563 2562 2562 2563 2563 2564 2564 2565 2565 2566 2566 2565 2565 2564 2564 2565 2565 2566 2566 2567 2567 2568 2568 2567 2567 2566 2566 2567 2567 2568 2568 2569 2569 2570 2570 2569 2569 2568 2568 2569 2569 2570 2570 2571 2571 2572 2572 2571 2571 2570 2570 2571 2571 2572 2572 2573 2573 2574 2574 2573 2573 2572 2572 2573 2573 2574 2574 2575 2575 2576 2576 2575 2575 2574 2574 2575 2575 2576 2576 2529 2529 2530 2530 2529 2529 2576 2576 2577 2577 2578 2578 2579 2579 2580 2580 2579 2579 2578 2578 2579 2579 2580 2580 2581 2581 2582 2582 2581 2581 2580 2580 2581 2581 2582 2582 2583 2583 2584 2584 2583 2583 2582 2582 2583 2583 2584 2584 2585 2585 2586 2586 2585 2585 2584 2584 2585 2585 2586 2586 2587 2587 2588 2588 2587 2587 2586 2586 2587 2587 2588 2588 2589 2589 2590 2590 2589 2589 2588 2588 2589 2589 2590 2590 2591 2591 2592 2592 2591 2591 2590 2590 2591 2591 2592 2592 2593 2593 2594 2594 2593 2593 2592 2592 2593 2593 2594 2594 2595 2595 2596 2596 2595 2595 2594 2594 2595 2595 2596 2596 2597 2597 2598 2598 2597 2597 2596 2596 2597 2597 2598 2598 2599 2599 2600 2600 2599 2599 2598 2598 2599 2599 2600 2600 2601 2601 2602 2602 2601 2601 2600 2600 2601 2601 2602 2602 2603 2603 2604 2604 2603 2603 2602 2602 2603 2603 2604 2604 2605 2605 2606 2606 2605 2605 2604 2604 2605 2605 2606 2606 2607 2607 2608 2608 2607 2607 2606 2606 2607 2607 2608 2608 2609 2609 2610 2610 2609 2609 2608 2608 2609 2609 2610 2610 2611 2611 2612 2612 2611 2611 2610 2610 2611 2611 2612 2612 2613 2613 2614 2614 2613 2613 2612 2612 2613 2613 2614 2614 2615 2615 2616 2616 2615 2615 2614 2614 2615 2615 2616 2616 2617 2617 2618 2618 2617 2617 2616 2616 2617 2617 2618 2618 2619 2619 2620 2620 2619 2619 2618 2618 2619 2619 2620 2620 2621 2621 2622 2622 2621 2621 2620 2620 2621 2621 2622 2622 2623 2623 2624 2624 2623 2623 2622 2622 2623 2623 2624 2624 2577 2577 2578 2578 2577 2577 2624 2624 2625 2625 2626 2626 2627 2627 2628 2628 2627 2627 2626 2626 2629 2629 2630 2630 2631 2631 2632 2632 2631 2631 2630 2630 2631 2631 2632 2632 2633 2633 2634 2634 2633 2633 2632 2632 2633 2633 2634 2634 2635 2635 2636 2636 2635 2635 2634 2634 2637 2637 2638 2638 2639 2639 2640 2640 2639 2639 2638 2638 2641 2641 2642 2642 2643 2643 2644 2644 2643 2643 2642 2642 2643 2643 2644 2644 2645 2645 2646 2646 2645 2645 2644 2644 2645 2645 2646 2646 2647 2647 2648 2648 2647 2647 2646 2646 2649 2649 2650 2650 2651 2651 2652 2652 2651 2651 2650 2650 2651 2651 2652 2652 2653 2653 2654 2654 2653 2653 2652 2652 2653 2653 2654 2654 2655 2655 2656 2656 2655 2655 2654 2654 2657 2657 2658 2658 2659 2659 2660 2660 2659 2659 2658 2658 2659 2659 2660 2660 2661 2661 2662 2662 2661 2661 2660 2660 2661 2661 2662 2662 2663 2663 2664 2664 2663 2663 2662 2662 2663 2663 2664 2664 2665 2665 2666 2666 2665 2665 2664 2664 2665 2665 2666 2666 2667 2667 2668 2668 2667 2667 2666 2666 2667 2667 2668 2668 2669 2669 2670 2670 2669 2669 2668 2668 2669 2669 2670 2670 2671 2671 2672 2672 2671 2671 2670 2670 2671 2671 2672 2672 2673 2673 2674 2674 2673 2673 2672 2672 2673 2673 2674 2674 2675 2675 2676 2676 2675 2675 2674 2674 2675 2675 2676 2676 2677 2677 2678 2678 2677 2677 2676 2676 2677 2677 2678 2678 2679 2679 2680 2680 2679 2679 2678 2678 2679 2679 2680 2680 2681 2681 2682 2682 2681 2681 2680 2680 2681 2681 2682 2682 2683 2683 2684 2684 2683 2683 2682 2682 2683 2683 2684 2684 2685 2685 2686 2686 2685 2685 2684 2684 2685 2685 2686 2686 2687 2687 2688 2688 2687 2687 2686 2686 2687 2687 2688 2688 2689 2689 2690 2690 2689 2689 2688 2688 2689 2689 2690 2690 2691 2691 2692 2692 2691 2691 2690 2690 2691 2691 2692 2692 2693 2693 2694 2694 2693 2693 2692 2692 2693 2693 2694 2694 2695 2695 2696 2696 2695 2695 2694 2694 2695 2695 2696 2696 2697 2697 2698 2698 2697 2697 2696 2696 2697 2697 2698 2698 2699 2699 2700 2700 2699 2699 2698 2698 2699 2699 2700 2700 2701 2701 2702 2702 2701 2701 2700 2700 2701 2701 2702 2702 2703 2703 2704 2704 2703 2703 2702 2702 2703 2703 2704 2704 2657 2657 2658 2658 2657 2657 2704 2704 2705 2705 2706 2706 2707 2707 2708 2708 2707 2707 2706 2706 2707 2707 2708 2708 2709 2709 2710 2710 2709 2709 2708 2708 2709 2709 2710 2710 2711 2711 2712 2712 2711 2711 2710 2710 2711 2711 2712 2712 2713 2713 2714 2714 2713 2713 2712 2712 2713 2713 2714 2714 2715 2715 2716 2716 2715 2715 2714 2714 2715 2715 2716 2716 2717 2717 2718 2718 2717 2717 2716 2716 2717 2717 2718 2718 2719 2719 2720 2720 2719 2719 2718 2718 2719 2719 2720 2720 2721 2721 2722 2722 2721 2721 2720 2720 2721 2721 2722 2722 2723 2723 2724 2724 2723 2723 2722 2722 2723 2723 2724 2724 2725 2725 2726 2726 2725 2725 2724 2724 2725 2725 2726 2726 2727 2727 2728 2728 2727 2727 2726 2726 2727 2727 2728 2728 2729 2729 2730 2730 2729 2729 2728 2728 2729 2729 2730 2730 2731 2731 2732 2732 2731 2731 2730 2730 2731 2731 2732 2732 2733 2733 2734 2734 2733 2733 2732 2732 2733 2733 2734 2734 2735 2735 2736 2736 2735 2735 2734 2734 2735 2735 2736 2736 2737 2737 2738 2738 2737 2737 2736 2736 2737 2737 2738 2738 2739 2739 2740 2740 2739 2739 2738 2738 2739 2739 2740 2740 2741 2741 2742 2742 2741 2741 2740 2740 2741 2741 2742 2742 2743 2743 2744 2744 2743 2743 2742 2742 2743 2743 2744 2744 2745 2745 2746 2746 2745 2745 2744 2744 2745 2745 2746 2746 2747 2747 2748 2748 2747 2747 2746 2746 2747 2747 2748 2748 2749 2749 2750 2750 2749 2749 2748 2748 2749 2749 2750 2750 2751 2751 2752 2752 2751 2751 2750 2750 2751 2751 2752 2752 2705 2705 2706 2706 2705 2705 2752 2752 2753 2753 2754 2754 2755 2755 2756 2756 2755 2755 2754 2754 2755 2755 2756 2756 2757 2757 2758 2758 2757 2757 2756 2756 2757 2757 2758 2758 2759 2759 2760 2760 2759 2759 2758 2758 2759 2759 2760 2760 2761 2761 2762 2762 2761 2761 2760 2760 2761 2761 2762 2762 2763 2763 2764 2764 2763 2763 2762 2762 2763 2763 2764 2764 2765 2765 2766 2766 2765 2765 2764 2764 2765 2765 2766 2766 2767 2767 2768 2768 2767 2767 2766 2766 2767 2767 2768 2768 2769 2769 2770 2770 2769 2769 2768 2768 2769 2769 2770 2770 2771 2771 2772 2772 2771 2771 2770 2770 2771 2771 2772 2772 2773 2773 2774 2774 2773 2773 2772 2772 2773 2773 2774 2774 2775 2775 2776 2776 2775 2775 2774 2774 2775 2775 2776 2776 2777 2777 2778 2778 2777 2777 2776 2776 2777 2777 2778 2778 2779 2779 2780 2780 2779 2779 2778 2778 2779 2779 2780 2780 2781 2781 2782 2782 2781 2781 2780 2780 2781 2781 2782 2782 2783 2783 2784 2784 2783 2783 2782 2782 2783 2783 2784 2784 2785 2785 2786 2786 2785 2785 2784 2784 2785 2785 2786 2786 2787 2787 2788 2788 2787 2787 2786 2786 2787 2787 2788 2788 2789 2789 2790 2790 2789 2789 2788 2788 2789 2789 2790 2790 2791 2791 2792 2792 2791 2791 2790 2790 2791 2791 2792 2792 2793 2793 2794 2794 2793 2793 2792 2792 2793 2793 2794 2794 2795 2795 2796 2796 2795 2795 2794 2794 2795 2795 2796 2796 2797 2797 2798 2798 2797 2797 2796 2796 2797 2797 2798 2798 2799 2799 2800 2800 2799 2799 2798 2798 2799 2799 2800 2800 2753 2753 2754 2754 2753 2753 2800 2800 2801 2801 2802 2802 2803 2803 2804 2804 2803 2803 2802 2802 2803 2803 2804 2804 2805 2805 2806 2806 2805 2805 2804 2804 2805 2805 2806 2806 2807 2807 2808 2808 2807 2807 2806 2806 2807 2807 2808 2808 2809 2809 2810 2810 2809 2809 2808 2808 2809 2809 2810 2810 2811 2811 2812 2812 2811 2811 2810 2810 2811 2811 2812 2812 2813 2813 2814 2814 2813 2813 2812 2812 2813 2813 2814 2814 2815 2815 2816 2816 2815 2815 2814 2814 2815 2815 2816 2816 2817 2817 2818 2818 2817 2817 2816 2816 2817 2817 2818 2818 2819 2819 2820 2820 2819 2819 2818 2818 2819 2819 2820 2820 2821 2821 2822 2822 2821 2821 2820 2820 2821 2821 2822 2822 2823 2823 2824 2824 2823 2823 2822 2822 2823 2823 2824 2824 2825 2825 2826 2826 2825 2825 2824 2824 2825 2825 2826 2826 2827 2827 2828 2828 2827 2827 2826 2826 2827 2827 2828 2828 2829 2829 2830 2830 2829 2829 2828 2828 2829 2829 2830 2830 2831 2831 2832 2832 2831 2831 2830 2830 2831 2831 2832 2832 2833 2833 2834 2834 2833 2833 2832 2832 2833 2833 2834 2834 2835 2835 2836 2836 2835 2835 2834 2834 2835 2835 2836 2836 2837 2837 2838 2838 2837 2837 2836 2836 2837 2837 2838 2838 2839 2839 2840 2840 2839 2839 2838 2838 2839 2839 2840 2840 2841 2841 2842 2842 2841 2841 2840 2840 2841 2841 2842 2842 2843 2843 2844 2844 2843 2843 2842 2842 2843 2843 2844 2844 2845 2845 2846 2846 2845 2845 2844 2844 2845 2845 2846 2846 2847 2847 2848 2848 2847 2847 2846 2846 2847 2847 2848 2848 2801 2801 2802 2802 2801 2801 2848 2848 2849 2849 2850 2850 2851 2851 2852 2852 2851 2851 2850 2850 2851 2851 2852 2852 2853 2853 2854 2854 2853 2853 2852 2852 2853 2853 2854 2854 2855 2855 2856 2856 2855 2855 2854 2854 2855 2855 2856 2856 2857 2857 2858 2858 2857 2857 2856 2856 2857 2857 2858 2858 2859 2859 2860 2860 2859 2859 2858 2858 2859 2859 2860 2860 2861 2861 2862 2862 2861 2861 2860 2860 2861 2861 2862 2862 2863 2863 2864 2864 2863 2863 2862 2862 2863 2863 2864 2864 2865 2865 2866 2866 2865 2865 2864 2864 2865 2865 2866 2866 2867 2867 2868 2868 2867 2867 2866 2866 2867 2867 2868 2868 2869 2869 2870 2870 2869 2869 2868 2868 2869 2869 2870 2870 2871 2871 2872 2872 2871 2871 2870 2870 2871 2871 2872 2872 2873 2873 2874 2874 2873 2873 2872 2872 2873 2873 2874 2874 2875 2875 2876 2876 2875 2875 2874 2874 2875 2875 2876 2876 2877 2877 2878 2878 2877 2877 2876 2876 2877 2877 2878 2878 2879 2879 2880 2880 2879 2879 2878 2878 2879 2879 2880 2880 2881 2881 2882 2882 2881 2881 2880 2880 2881 2881 2882 2882 2883 2883 2884 2884 2883 2883 2882 2882 2883 2883 2884 2884 2885 2885 2886 2886 2885 2885 2884 2884 2885 2885 2886 2886 2887 2887 2888 2888 2887 2887 2886 2886 2887 2887 2888 2888 2889 2889 2890 2890 2889 2889 2888 2888 2889 2889 2890 2890 2891 2891 2892 2892 2891 2891 2890 2890 2891 2891 2892 2892 2893 2893 2894 2894 2893 2893 2892 2892 2893 2893 2894 2894 2895 2895 2896 2896 2895 2895 2894 2894 2895 2895 2896 2896 2849 2849 2850 2850 2849 2849 2896 2896 2897 2897 2898 2898 2899 2899 2900 2900 2899 2899 2898 2898 2899 2899 2900 2900 2901 2901 2902 2902 2901 2901 2900 2900 2903 2903 2904 2904 2902 2902 2905 2905 2902 2902 2904 2904 2902 2902 2905 2905 2901 2901 2897 2897 2906 2906 2898 2898 2907 2907 2898 2898 2906 2906 2898 2898 2907 2907 2908 2908 2909 2909 2908 2908 2907 2907 2908 2908 2909 2909 2910 2910 2911 2911 2910 2910 2909 2909 2910 2910 2911 2911 2912 2912 2913 2913 2912 2912 2911 2911 2912 2912 2913 2913 2914 2914 2915 2915 2914 2914 2913 2913 2914 2914 2915 2915 2916 2916 2917 2917 2916 2916 2915 2915 2916 2916 2917 2917 2918 2918 2919 2919 2918 2918 2917 2917 2918 2918 2919 2919 2920 2920 2921 2921 2920 2920 2919 2919 2920 2920 2921 2921 2922 2922 2923 2923 2922 2922 2921 2921 2922 2922 2923 2923 2924 2924 2925 2925 2924 2924 2923 2923 2924 2924 2925 2925 2926 2926 2927 2927 2926 2926 2925 2925 2926 2926 2927 2927 2928 2928 2929 2929 2928 2928 2927 2927 2928 2928 2929 2929 2930 2930 2931 2931 2930 2930 2929 2929 2930 2930 2931 2931 2932 2932 2933 2933 2932 2932 2931 2931 2932 2932 2933 2933 2934 2934 2935 2935 2934 2934 2933 2933 2934 2934 2935 2935 2936 2936 2937 2937 2936 2936 2935 2935 2936 2936 2937 2937 2938 2938 2939 2939 2938 2938 2937 2937 2938 2938 2939 2939 2940 2940 2941 2941 2940 2940 2939 2939 2940 2940 2941 2941 2942 2942 2943 2943 2942 2942 2941 2941 2942 2942 2943 2943 2944 2944 2945 2945 2944 2944 2943 2943 2944 2944 2945 2945 2946 2946 2947 2947 2946 2946 2945 2945 2946 2946 2947 2947 2903 2903 2948 2948 2903 2903 2947 2947 2903 2903 2948 2948 2904 2904 2949 2949 2950 2950 2951 2951 2952 2952 2951 2951 2950 2950 2951 2951 2952 2952 2953 2953 2954 2954 2953 2953 2952 2952 2955 2955 2956 2956 2954 2954 2957 2957 2954 2954 2956 2956 2954 2954 2957 2957 2953 2953 2949 2949 2958 2958 2950 2950 2959 2959 2950 2950 2958 2958 2950 2950 2959 2959 2960 2960 2961 2961 2960 2960 2959 2959 2960 2960 2961 2961 2962 2962 2963 2963 2962 2962 2961 2961 2962 2962 2963 2963 2964 2964 2965 2965 2964 2964 2963 2963 2964 2964 2965 2965 2966 2966 2967 2967 2966 2966 2965 2965 2966 2966 2967 2967 2968 2968 2969 2969 2968 2968 2967 2967 2968 2968 2969 2969 2970 2970 2971 2971 2970 2970 2969 2969 2970 2970 2971 2971 2972 2972 2973 2973 2972 2972 2971 2971 2972 2972 2973 2973 2974 2974 2975 2975 2974 2974 2973 2973 2974 2974 2975 2975 2976 2976 2977 2977 2976 2976 2975 2975 2976 2976 2977 2977 2978 2978 2979 2979 2978 2978 2977 2977 2978 2978 2979 2979 2980 2980 2981 2981 2980 2980 2979 2979 2980 2980 2981 2981 2982 2982 2983 2983 2982 2982 2981 2981 2982 2982 2983 2983 2984 2984 2985 2985 2984 2984 2983 2983 2984 2984 2985 2985 2986 2986 2987 2987 2986 2986 2985 2985 2986 2986 2987 2987 2988 2988 2989 2989 2988 2988 2987 2987 2988 2988 2989 2989 2990 2990 2991 2991 2990 2990 2989 2989 2990 2990 2991 2991 2992 2992 2993 2993 2992 2992 2991 2991 2992 2992 2993 2993 2994 2994 2995 2995 2994 2994 2993 2993 2994 2994 2995 2995 2996 2996 2997 2997 2996 2996 2995 2995 2996 2996 2997 2997 2998 2998 2999 2999 2998 2998 2997 2997 2998 2998 2999 2999 2955 2955 3000 3000 2955 2955 2999 2999 2955 2955 3000 3000 2956 2956 3001 3001 3002 3002 3003 3003 3004 3004 3003 3003 3002 3002 3003 3003 3004 3004 3005 3005 3006 3006 3005 3005 3004 3004 3005 3005 3006 3006 3007 3007 3008 3008 3007 3007 3006 3006 3007 3007 3008 3008 3009 3009 3010 3010 3009 3009 3008 3008 3009 3009 3010 3010 3011 3011 3012 3012 3011 3011 3010 3010 3011 3011 3012 3012 3013 3013 3014 3014 3013 3013 3012 3012 3013 3013 3014 3014 3015 3015 3016 3016 3015 3015 3014 3014 3015 3015 3016 3016 3017 3017 3018 3018 3017 3017 3016 3016 3017 3017 3018 3018 3019 3019 3020 3020 3019 3019 3018 3018 3019 3019 3020 3020 3021 3021 3022 3022 3021 3021 3020 3020 3021 3021 3022 3022 3023 3023 3024 3024 3023 3023 3022 3022 3023 3023 3024 3024 3025 3025 3026 3026 3025 3025 3024 3024 3025 3025 3026 3026 3027 3027 3028 3028 3027 3027 3026 3026 3027 3027 3028 3028 3029 3029 3030 3030 3029 3029 3028 3028 3029 3029 3030 3030 3031 3031 3032 3032 3031 3031 3030 3030 3031 3031 3032 3032 3033 3033 3034 3034 3033 3033 3032 3032 3033 3033 3034 3034 3035 3035 3036 3036 3035 3035 3034 3034 3035 3035 3036 3036 3037 3037 3038 3038 3037 3037 3036 3036 3037 3037 3038 3038 3039 3039 3040 3040 3039 3039 3038 3038 3039 3039 3040 3040 3041 3041 3042 3042 3041 3041 3040 3040 3041 3041 3042 3042 3043 3043 3044 3044 3043 3043 3042 3042 3043 3043 3044 3044 3045 3045 3046 3046 3045 3045 3044 3044 3045 3045 3046 3046 3047 3047 3048 3048 3047 3047 3046 3046 3047 3047 3048 3048 3001 3001 3002 3002 3001 3001 3048 3048 3049 3049 3050 3050 3051 3051 3052 3052 3051 3051 3050 3050 3051 3051 3052 3052 3053 3053 3054 3054 3053 3053 3052 3052 3053 3053 3054 3054 3055 3055 3056 3056 3055 3055 3054 3054 3055 3055 3056 3056 3057 3057 3058 3058 3057 3057 3056 3056 3057 3057 3058 3058 3059 3059 3060 3060 3059 3059 3058 3058 3059 3059 3060 3060 3061 3061 3062 3062 3061 3061 3060 3060 3061 3061 3062 3062 3063 3063 3064 3064 3063 3063 3062 3062 3063 3063 3064 3064 3065 3065 3066 3066 3065 3065 3064 3064 3065 3065 3066 3066 3067 3067 3068 3068 3067 3067 3066 3066 3067 3067 3068 3068 3069 3069 3070 3070 3069 3069 3068 3068 3069 3069 3070 3070 3071 3071 3072 3072 3071 3071 3070 3070 3071 3071 3072 3072 3073 3073 3074 3074 3073 3073 3072 3072 3073 3073 3074 3074 3075 3075 3076 3076 3075 3075 3074 3074 3075 3075 3076 3076 3077 3077 3078 3078 3077 3077 3076 3076 3077 3077 3078 3078 3079 3079 3080 3080 3079 3079 3078 3078 3079 3079 3080 3080 3081 3081 3082 3082 3081 3081 3080 3080 3081 3081 3082 3082 3083 3083 3084 3084 3083 3083 3082 3082 3083 3083 3084 3084 3085 3085 3086 3086 3085 3085 3084 3084 3085 3085 3086 3086 3087 3087 3088 3088 3087 3087 3086 3086 3087 3087 3088 3088 3089 3089 3090 3090 3089 3089 3088 3088 3089 3089 3090 3090 3091 3091 3092 3092 3091 3091 3090 3090 3091 3091 3092 3092 3093 3093 3094 3094 3093 3093 3092 3092 3093 3093 3094 3094 3095 3095 3096 3096 3095 3095 3094 3094 3095 3095 3096 3096 3049 3049 3050 3050 3049 3049 3096 3096 3097 3097 3098 3098 3099 3099 3100 3100 3099 3099 3098 3098 3099 3099 3100 3100 3101 3101 3102 3102 3101 3101 3100 3100 3101 3101 3102 3102 3103 3103 3104 3104 3103 3103 3102 3102 3103 3103 3104 3104 3105 3105 3106 3106 3105 3105 3104 3104 3105 3105 3106 3106 3107 3107 3108 3108 3107 3107 3106 3106 3107 3107 3108 3108 3109 3109 3110 3110 3109 3109 3108 3108 3109 3109 3110 3110 3111 3111 3112 3112 3111 3111 3110 3110 3111 3111 3112 3112 3113 3113 3114 3114 3113 3113 3112 3112 3113 3113 3114 3114 3115 3115 3116 3116 3115 3115 3114 3114 3115 3115 3116 3116 3117 3117 3118 3118 3117 3117 3116 3116 3117 3117 3118 3118 3119 3119 3120 3120 3119 3119 3118 3118 3119 3119 3120 3120 3121 3121 3122 3122 3121 3121 3120 3120 3121 3121 3122 3122 3123 3123 3124 3124 3123 3123 3122 3122 3123 3123 3124 3124 3125 3125 3126 3126 3125 3125 3124 3124 3125 3125 3126 3126 3127 3127 3128 3128 3127 3127 3126 3126 3127 3127 3128 3128 3129 3129 3130 3130 3129 3129 3128 3128 3129 3129 3130 3130 3131 3131 3132 3132 3131 3131 3130 3130 3131 3131 3132 3132 3133 3133 3134 3134 3133 3133 3132 3132 3133 3133 3134 3134 3135 3135 3136 3136 3135 3135 3134 3134 3135 3135 3136 3136 3137 3137 3138 3138 3137 3137 3136 3136 3137 3137 3138 3138 3139 3139 3140 3140 3139 3139 3138 3138 3139 3139 3140 3140 3141 3141 3142 3142 3141 3141 3140 3140 3141 3141 3142 3142 3143 3143 3144 3144 3143 3143 3142 3142 3143 3143 3144 3144 3097 3097 3098 3098 3097 3097 3144 3144 3145 3145 3146 3146 3147 3147 3148 3148 3147 3147 3146 3146 3147 3147 3148 3148 3149 3149 3150 3150 3149 3149 3148 3148 3149 3149 3150 3150 3151 3151 3152 3152 3151 3151 3150 3150 3151 3151 3152 3152 3153 3153 3154 3154 3153 3153 3152 3152 3153 3153 3154 3154 3155 3155 3156 3156 3155 3155 3154 3154 3155 3155 3156 3156 3157 3157 3158 3158 3157 3157 3156 3156 3157 3157 3158 3158 3159 3159 3160 3160 3159 3159 3158 3158 3159 3159 3160 3160 3161 3161 3162 3162 3161 3161 3160 3160 3161 3161 3162 3162 3163 3163 3164 3164 3163 3163 3162 3162 3163 3163 3164 3164 3165 3165 3166 3166 3165 3165 3164 3164 3165 3165 3166 3166 3167 3167 3168 3168 3167 3167 3166 3166 3167 3167 3168 3168 3169 3169 3170 3170 3169 3169 3168 3168 3169 3169 3170 3170 3171 3171 3172 3172 3171 3171 3170 3170 3171 3171 3172 3172 3173 3173 3174 3174 3173 3173 3172 3172 3173 3173 3174 3174 3175 3175 3176 3176 3175 3175 3174 3174 3175 3175 3176 3176 3177 3177 3178 3178 3177 3177 3176 3176 3177 3177 3178 3178 3179 3179 3180 3180 3179 3179 3178 3178 3179 3179 3180 3180 3181 3181 3182 3182 3181 3181 3180 3180 3181 3181 3182 3182 3183 3183 3184 3184 3183 3183 3182 3182 3183 3183 3184 3184 3185 3185 3186 3186 3185 3185 3184 3184 3185 3185 3186 3186 3187 3187 3188 3188 3187 3187 3186 3186 3187 3187 3188 3188 3189 3189 3190 3190 3189 3189 3188 3188 3189 3189 3190 3190 3191 3191 3192 3192 3191 3191 3190 3190 3191 3191 3192 3192 3145 3145 3146 3146 3145 3145 3192 3192 3193 3193 3194 3194 3195 3195 3196 3196 3195 3195 3194 3194 3195 3195 3196 3196 3197 3197 3198 3198 3197 3197 3196 3196 3197 3197 3198 3198 3199 3199 3200 3200 3199 3199 3198 3198 3199 3199 3200 3200 3201 3201 3202 3202 3201 3201 3200 3200 3201 3201 3202 3202 3203 3203 3204 3204 3203 3203 3202 3202 3203 3203 3204 3204 3205 3205 3206 3206 3205 3205 3204 3204 3205 3205 3206 3206 3207 3207 3208 3208 3207 3207 3206 3206 3207 3207 3208 3208 3209 3209 3210 3210 3209 3209 3208 3208 3209 3209 3210 3210 3211 3211 3212 3212 3211 3211 3210 3210 3211 3211 3212 3212 3213 3213 3214 3214 3213 3213 3212 3212 3213 3213 3214 3214 3215 3215 3216 3216 3215 3215 3214 3214 3215 3215 3216 3216 3217 3217 3218 3218 3217 3217 3216 3216 3217 3217 3218 3218 3219 3219 3220 3220 3219 3219 3218 3218 3219 3219 3220 3220 3221 3221 3222 3222 3221 3221 3220 3220 3221 3221 3222 3222 3223 3223 3224 3224 3223 3223 3222 3222 3223 3223 3224 3224 3225 3225 3226 3226 3225 3225 3224 3224 3225 3225 3226 3226 3227 3227 3228 3228 3227 3227 3226 3226 3227 3227 3228 3228 3229 3229 3230 3230 3229 3229 3228 3228 3231 3231 3232 3232 3233 3233 3234 3234 3233 3233 3232 3232 3233 3233 3234 3234 3235 3235 3236 3236 3235 3235 3234 3234 3235 3235 3236 3236 3237 3237 3238 3238 3237 3237 3236 3236 3237 3237 3238 3238 3239 3239 3240 3240 3239 3239 3238 3238 3239 3239 3240 3240 3241 3241 3242 3242 3241 3241 3240 3240 3241 3241 3242 3242 3243 3243 3244 3244 3243 3243 3242 3242 3243 3243 3244 3244 3245 3245 3246 3246 3245 3245 3244 3244 3245 3245 3246 3246 3247 3247 3248 3248 3247 3247 3246 3246 3247 3247 3248 3248 3249 3249 3250 3250 3249 3249 3248 3248 3249 3249 3250 3250 3251 3251 3252 3252 3251 3251 3250 3250 3251 3251 3252 3252 3253 3253 3254 3254 3253 3253 3252 3252 3253 3253 3254 3254 3255 3255 3256 3256 3255 3255 3254 3254 3255 3255 3256 3256 3257 3257 3258 3258 3257 3257 3256 3256 3257 3257 3258 3258 3259 3259 3260 3260 3259 3259 3258 3258 3259 3259 3260 3260 3261 3261 3262 3262 3261 3261 3260 3260 3261 3261 3262 3262 3263 3263 3264 3264 3263 3263 3262 3262 3263 3263 3264 3264 3265 3265 3266 3266 3265 3265 3264 3264 3265 3265 3266 3266 3267 3267 3268 3268 3267 3267 3266 3266 3267 3267 3268 3268 3269 3269 3270 3270 3269 3269 3268 3268 3269 3269 3270 3270 3271 3271 3272 3272 3271 3271 3270 3270 3271 3271 3272 3272 3273 3273 3274 3274 3273 3273 3272 3272 3273 3273 3274 3274 3275 3275 3276 3276 3275 3275 3274 3274 3275 3275 3276 3276 3277 3277 3278 3278 3277 3277 3276 3276 3277 3277 3278 3278 3231 3231 3232 3232 3231 3231 3278 3278 3279 3279 3280 3280 3281 3281 3282 3282 3281 3281 3280 3280 3281 3281 3282 3282 3283 3283 3284 3284 3283 3283 3282 3282 3283 3283 3284 3284 3285 3285 3286 3286 3285 3285 3284 3284 3285 3285 3286 3286 3287 3287 3288 3288 3287 3287 3286 3286 3287 3287 3288 3288 3289 3289 3290 3290 3289 3289 3288 3288 3289 3289 3290 3290 3291 3291 3292 3292 3291 3291 3290 3290 3291 3291 3292 3292 3293 3293 3294 3294 3293 3293 3292 3292 3293 3293 3294 3294 3295 3295 3296 3296 3295 3295 3294 3294 3295 3295 3296 3296 3297 3297 3298 3298 3297 3297 3296 3296 3297 3297 3298 3298 3299 3299 3300 3300 3299 3299 3298 3298 3299 3299 3300 3300 3301 3301 3302 3302 3301 3301 3300 3300 3301 3301 3302 3302 3303 3303 3304 3304 3303 3303 3302 3302 3303 3303 3304 3304 3305 3305 3306 3306 3305 3305 3304 3304 3305 3305 3306 3306 3307 3307 3308 3308 3307 3307 3306 3306 3307 3307 3308 3308 3309 3309 3310 3310 3309 3309 3308 3308 3309 3309 3310 3310 3311 3311 3312 3312 3311 3311 3310 3310 3311 3311 3312 3312 3313 3313 3314 3314 3313 3313 3312 3312 3313 3313 3314 3314 3315 3315 3316 3316 3315 3315 3314 3314 3315 3315 3316 3316 3317 3317 3318 3318 3317 3317 3316 3316 3317 3317 3318 3318 3319 3319 3320 3320 3319 3319 3318 3318 3319 3319 3320 3320 3321 3321 3322 3322 3321 3321 3320 3320 3321 3321 3322 3322 3323 3323 3324 3324 3323 3323 3322 3322 3323 3323 3324 3324 3325 3325 3326 3326 3325 3325 3324 3324 3325 3325 3326 3326 3279 3279 3280 3280 3279 3279 3326 3326 3327 3327 3328 3328 3329 3329 3330 3330 3329 3329 3328 3328 3331 3331 3332 3332 3333 3333 3334 3334 3333 3333 3332 3332 3335 3335 3336 3336 3337 3337 3338 3338 3337 3337 3336 3336 3339 3339 3340 3340 3341 3341 3342 3342 3341 3341 3340 3340 3343 3343 3344 3344 3345 3345 3346 3346 3345 3345 3344 3344 3345 3345 3346 3346 3347 3347 3348 3348 3347 3347 3346 3346 3347 3347 3348 3348 3349 3349 3350 3350 3349 3349 3348 3348 3349 3349 3350 3350 3351 3351 3352 3352 3351 3351 3350 3350 3351 3351 3352 3352 3353 3353 3354 3354 3353 3353 3352 3352 3353 3353 3354 3354 3355 3355 3356 3356 3355 3355 3354 3354 3355 3355 3356 3356 3357 3357 3358 3358 3357 3357 3356 3356 3357 3357 3358 3358 3359 3359 3360 3360 3359 3359 3358 3358 3359 3359 3360 3360 3361 3361 3362 3362 3361 3361 3360 3360 3361 3361 3362 3362 3363 3363 3364 3364 3363 3363 3362 3362 3363 3363 3364 3364 3365 3365 3366 3366 3365 3365 3364 3364 3365 3365 3366 3366 3367 3367 3368 3368 3367 3367 3366 3366 3367 3367 3368 3368 3369 3369 3370 3370 3369 3369 3368 3368 3369 3369 3370 3370 3371 3371 3372 3372 3371 3371 3370 3370 3371 3371 3372 3372 3373 3373 3374 3374 3373 3373 3372 3372 3373 3373 3374 3374 3375 3375 3376 3376 3375 3375 3374 3374 3375 3375 3376 3376 3377 3377 3378 3378 3377 3377 3376 3376 3377 3377 3378 3378 3379 3379 3380 3380 3379 3379 3378 3378 3379 3379 3380 3380 3381 3381 3382 3382 3381 3381 3380 3380 3381 3381 3382 3382 3383 3383 3384 3384 3383 3383 3382 3382 3383 3383 3384 3384 3385 3385 3386 3386 3385 3385 3384 3384 3385 3385 3386 3386 3387 3387 3388 3388 3387 3387 3386 3386 3387 3387 3388 3388 3389 3389 3390 3390 3389 3389 3388 3388 3389 3389 3390 3390 3343 3343 3344 3344 3343 3343 3390 3390 3391 3391 3392 3392 3393 3393 3394 3394 3393 3393 3392 3392 3393 3393 3394 3394 3395 3395 3396 3396 3395 3395 3394 3394 3395 3395 3396 3396 3397 3397 3398 3398 3397 3397 3396 3396 3397 3397 3398 3398 3399 3399 3400 3400 3399 3399 3398 3398 3399 3399 3400 3400 3401 3401 3402 3402 3401 3401 3400 3400 3401 3401 3402 3402 3403 3403 3404 3404 3403 3403 3402 3402 3403 3403 3404 3404 3405 3405 3406 3406 3405 3405 3404 3404 3405 3405 3406 3406 3407 3407 3408 3408 3407 3407 3406 3406 3407 3407 3408 3408 3409 3409 3410 3410 3409 3409 3408 3408 3409 3409 3410 3410 3411 3411 3412 3412 3411 3411 3410 3410 3411 3411 3412 3412 3413 3413 3414 3414 3413 3413 3412 3412 3413 3413 3414 3414 3415 3415 3416 3416 3415 3415 3414 3414 3415 3415 3416 3416 3417 3417 3418 3418 3417 3417 3416 3416 3417 3417 3418 3418 3419 3419 3420 3420 3419 3419 3418 3418 3419 3419 3420 3420 3421 3421 3422 3422 3421 3421 3420 3420 3421 3421 3422 3422 3423 3423 3424 3424 3423 3423 3422 3422 3423 3423 3424 3424 3425 3425 3426 3426 3425 3425 3424 3424 3425 3425 3426 3426 3427 3427 3428 3428 3427 3427 3426 3426 3427 3427 3428 3428 3429 3429 3430 3430 3429 3429 3428 3428 3429 3429 3430 3430 3431 3431 3432 3432 3431 3431 3430 3430 3431 3431 3432 3432 3433 3433 3434 3434 3433 3433 3432 3432 3433 3433 3434 3434 3435 3435 3436 3436 3435 3435 3434 3434 3435 3435 3436 3436 3437 3437 3438 3438 3437 3437 3436 3436 3437 3437 3438 3438 3391 3391 3392 3392 3391 3391 3438 3438 3439 3439 3440 3440 3441 3441 3442 3442 3441 3441 3440 3440 3441 3441 3442 3442 3443 3443 3444 3444 3443 3443 3442 3442 3443 3443 3444 3444 3445 3445 3446 3446 3445 3445 3444 3444 3445 3445 3446 3446 3447 3447 3448 3448 3447 3447 3446 3446 3447 3447 3448 3448 3449 3449 3450 3450 3449 3449 3448 3448 3449 3449 3450 3450 3451 3451 3452 3452 3451 3451 3450 3450 3451 3451 3452 3452 3453 3453 3454 3454 3453 3453 3452 3452 3453 3453 3454 3454 3455 3455 3456 3456 3455 3455 3454 3454 3455 3455 3456 3456 3457 3457 3458 3458 3457 3457 3456 3456 3457 3457 3458 3458 3459 3459 3460 3460 3459 3459 3458 3458 3459 3459 3460 3460 3461 3461 3462 3462 3461 3461 3460 3460 3461 3461 3462 3462 3463 3463 3464 3464 3463 3463 3462 3462 3463 3463 3464 3464 3465 3465 3466 3466 3465 3465 3464 3464 3465 3465 3466 3466 3467 3467 3468 3468 3467 3467 3466 3466 3467 3467 3468 3468 3469 3469 3470 3470 3469 3469 3468 3468 3469 3469 3470 3470 3471 3471 3472 3472 3471 3471 3470 3470 3471 3471 3472 3472 3473 3473 3474 3474 3473 3473 3472 3472 3473 3473 3474 3474 3475 3475 3476 3476 3475 3475 3474 3474 3475 3475 3476 3476 3477 3477 3478 3478 3477 3477 3476 3476 3477 3477 3478 3478 3479 3479 3480 3480 3479 3479 3478 3478 3479 3479 3480 3480 3481 3481 3482 3482 3481 3481 3480 3480 3481 3481 3482 3482 3483 3483 3484 3484 3483 3483 3482 3482 3483 3483 3484 3484 3485 3485 3486 3486 3485 3485 3484 3484 3485 3485 3486 3486 3439 3439 3440 3440 3439 3439 3486 3486 3487 3487 3488 3488 3489 3489 3490 3490 3489 3489 3488 3488 3489 3489 3490 3490 3491 3491 3492 3492 3491 3491 3490 3490 3491 3491 3492 3492 3493 3493 3494 3494 3493 3493 3492 3492 3493 3493 3494 3494 3495 3495 3496 3496 3495 3495 3494 3494 3495 3495 3496 3496 3497 3497 3498 3498 3497 3497 3496 3496 3497 3497 3498 3498 3499 3499 3500 3500 3499 3499 3498 3498 3499 3499 3500 3500 3501 3501 3502 3502 3501 3501 3500 3500 3501 3501 3502 3502 3503 3503 3504 3504 3503 3503 3502 3502 3503 3503 3504 3504 3505 3505 3506 3506 3505 3505 3504 3504 3505 3505 3506 3506 3507 3507 3508 3508 3507 3507 3506 3506 3507 3507 3508 3508 3509 3509 3510 3510 3509 3509 3508 3508 3509 3509 3510 3510 3511 3511 3512 3512 3511 3511 3510 3510 3511 3511 3512 3512 3513 3513 3514 3514 3513 3513 3512 3512 3513 3513 3514 3514 3515 3515 3516 3516 3515 3515 3514 3514 3515 3515 3516 3516 3517 3517 3518 3518 3517 3517 3516 3516 3517 3517 3518 3518 3519 3519 3520 3520 3519 3519 3518 3518 3519 3519 3520 3520 3521 3521 3522 3522 3521 3521 3520 3520 3521 3521 3522 3522 3523 3523 3524 3524 3523 3523 3522 3522 3523 3523 3524 3524 3525 3525 3526 3526 3525 3525 3524 3524 3525 3525 3526 3526 3527 3527 3528 3528 3527 3527 3526 3526 3527 3527 3528 3528 3529 3529 3530 3530 3529 3529 3528 3528 3529 3529 3530 3530 3531 3531 3532 3532 3531 3531 3530 3530 3531 3531 3532 3532 3533 3533 3534 3534 3533 3533 3532 3532 3533 3533 3534 3534 3487 3487 3488 3488 3487 3487 3534 3534 3535 3535 3536 3536 3537 3537 3538 3538 3537 3537 3536 3536 3537 3537 3538 3538 3539 3539 3540 3540 3539 3539 3538 3538 3539 3539 3540 3540 3541 3541 3542 3542 3541 3541 3540 3540 3541 3541 3542 3542 3543 3543 3544 3544 3543 3543 3542 3542 3543 3543 3544 3544 3545 3545 3546 3546 3545 3545 3544 3544 3545 3545 3546 3546 3547 3547 3548 3548 3547 3547 3546 3546 3547 3547 3548 3548 3549 3549 3550 3550 3549 3549 3548 3548 3549 3549 3550 3550 3551 3551 3552 3552 3551 3551 3550 3550 3551 3551 3552 3552 3553 3553 3554 3554 3553 3553 3552 3552 3553 3553 3554 3554 3555 3555 3556 3556 3555 3555 3554 3554 3555 3555 3556 3556 3557 3557 3558 3558 3557 3557 3556 3556 3557 3557 3558 3558 3559 3559 3560 3560 3559 3559 3558 3558 3559 3559 3560 3560 3561 3561 3562 3562 3561 3561 3560 3560 3561 3561 3562 3562 3563 3563 3564 3564 3563 3563 3562 3562 3563 3563 3564 3564 3565 3565 3566 3566 3565 3565 3564 3564 3565 3565 3566 3566 3567 3567 3568 3568 3567 3567 3566 3566 3567 3567 3568 3568 3569 3569 3570 3570 3569 3569 3568 3568 3569 3569 3570 3570 3571 3571 3572 3572 3571 3571 3570 3570 3571 3571 3572 3572 3573 3573 3574 3574 3573 3573 3572 3572 3573 3573 3574 3574 3575 3575 3576 3576 3575 3575 3574 3574 3575 3575 3576 3576 3577 3577 3578 3578 3577 3577 3576 3576 3577 3577 3578 3578 3579 3579 3580 3580 3579 3579 3578 3578 3579 3579 3580 3580 3581 3581 3582 3582 3581 3581 3580 3580 3581 3581 3582 3582 3535 3535 3536 3536 3535 3535 3582 3582 3583 3583 3584 3584 3585 3585 3586 3586 3585 3585 3584 3584 3585 3585 3586 3586 3587 3587 3588 3588 3587 3587 3586 3586 3587 3587 3588 3588 3589 3589 3590 3590 3589 3589 3588 3588 3589 3589 3590 3590 3591 3591 3592 3592 3591 3591 3590 3590 3591 3591 3592 3592 3593 3593 3594 3594 3593 3593 3592 3592 3593 3593 3594 3594 3595 3595 3596 3596 3595 3595 3594 3594 3595 3595 3596 3596 3597 3597 3598 3598 3597 3597 3596 3596 3597 3597 3598 3598 3599 3599 3600 3600 3599 3599 3598 3598 3599 3599 3600 3600 3601 3601 3602 3602 3601 3601 3600 3600 3601 3601 3602 3602 3603 3603 3604 3604 3603 3603 3602 3602 3603 3603 3604 3604 3605 3605 3606 3606 3605 3605 3604 3604 3605 3605 3606 3606 3607 3607 3608 3608 3607 3607 3606 3606 3607 3607 3608 3608 3609 3609 3610 3610 3609 3609 3608 3608 3609 3609 3610 3610 3611 3611 3612 3612 3611 3611 3610 3610 3611 3611 3612 3612 3613 3613 3614 3614 3613 3613 3612 3612 3613 3613 3614 3614 3615 3615 3616 3616 3615 3615 3614 3614 3615 3615 3616 3616 3617 3617 3618 3618 3617 3617 3616 3616 3617 3617 3618 3618 3619 3619 3620 3620 3619 3619 3618 3618 3619 3619 3620 3620 3621 3621 3622 3622 3621 3621 3620 3620 3621 3621 3622 3622 3623 3623 3624 3624 3623 3623 3622 3622 3623 3623 3624 3624 3625 3625 3626 3626 3625 3625 3624 3624 3625 3625 3626 3626 3627 3627 3628 3628 3627 3627 3626 3626 3627 3627 3628 3628 3629 3629 3630 3630 3629 3629 3628 3628 3629 3629 3630 3630 3583 3583 3584 3584 3583 3583 3630 3630</p>
        </triangles>
      </mesh>
    </geometry>
  </library_geometries>
  <library_materials>
    <material id="66963f7692b94465ae155c707dda218b" name="defaultmaterial">
      <instance_effect url="#a97096d1483747c7ad295f25108d0c2d"/>
    </material>
  </library_materials>
  <library_visual_scenes>
    <visual_scene id="scene">
      <node id="node0" name="node0">
        <instance_geometry url="#b2eb3b5c5ecc44a6a40e4f53daadd9b6">
          <bind_material>
            <technique_common>
              <instance_material symbol="material0" target="#66963f7692b94465ae155c707dda218b"/>
            </technique_common>
          </bind_material>
        </instance_geometry>
      </node>
    </visual_scene>
  </library_visual_scenes>
  <scene>
    <instance_visual_scene url="#scene"/>
  </scene>
</COLLADA>
