<COLLADA xmlns="http://www.collada.org/2005/11/COLLADASchema" version="1.4.1">
  <asset>
    <created>2026-09-13T16:25:54.922263</created>
    <modified>2026-09-13T16:25:54.922263</modified>
    <up_axis>Y_UP</up_axis>
  </asset>
  <library_effects>
    <effect id="67178637aabe4f64a906c41268567f49" name="67178637aabe4f64a906c41268567f49">
      <profile_COMMON>
        <technique sid="common">
          <phong>
            <emission>
              <color>0.0 0.0 0.0 1.0</color>
            </emission>
            <ambient>
              <color>0.0 0.0 0.0 1.0</color>
            </ambient>
            <diffuse>
              <color>0.792156862745098 0.8196078431372549 0.9333333333333333 1.0</color>
            </diffuse>
            <specular>
              <color>0.0 0.0 0.0 1.0</color>
            </specular>
            <shininess>
              <float>0.0</float>
            </shininess>
            <reflective>
              <color>0.0 0.0 0.0 1.0</color>
            </reflective>
            <reflectivity>
              <float>0.0</float>
            </reflectivity>
            <transparent>
              <color>0.0 0.0 0.0 1.0</color>
            </transparent>
            <transparency>
              <float>1.0</float>
            </transparency>
          </phong>
        </technique>
        <extra>
          <technique profile="GOOGLEEARTH">
            <double_sided>0</double_sided>
          </technique>
        </extra>
      </profile_COMMON>
    </effect>
  </library_effects>
  <library_geometries>
    <geometry id="d1dccdf71b5d45298f0358330a91ac84" name="078fce4ae11441ad9a82ecf2cfe383ae">
      <mesh>
        <source id="verts-array">
          <float_array count="25161" id="verts-array-array">-0.0100809 -0.003504327 0.007813895 -0.0100809 -0.003504327 0.006313895 -0.0145956 -0.005004327 0.007813895 -0.0129437 -0.004455467 0.006313895 -0.0135346 -0.004651807 0.006279295 -0.013821 -0.004746987 0.006227895 -0.014113 -0.004843987 0.006175595 -0.0145956 -0.005004327 0.006033095 0.004800001 0.009843193 0.007813895 0.006796151 0.01099567 0.007813895 0.004800001 0.009843193 0.006813895 0.006796151 0.01099567 0.006813895 0.008000001 -0.01031373 0.006813895 0.006796151 -0.01100433 0.006813895 0.006000001 -0.009159027 0.006813895 0.004800001 -0.009851847 0.006813895 0.006000001 -0.006849627 0.006813895 0.004800001 -0.006156807 0.006813895 0.008000001 -0.005694927 0.006813895 0.007662181 -0.004504327 0.006813895 0.008337821 -0.004504327 0.006813895 0.01 -0.006849627 0.006813895 0.0112 -0.006156807 0.006813895 0.01 -0.009159027 0.006813895 0.0112 -0.009851847 0.006813895 0.009203851 -0.01100433 0.006813895 0.008909331 -0.0005293273 0.008813895 0.009014221 -0.0002760873 0.008813895 0.01 -0.001159027 0.008813895 0.009050001 -4.327295e-06 0.008813895 0.01 0.001150373 0.008813895 0.009014221 0.0002674327 0.008813895 0.008909331 0.0005206727 0.008813895 0.008742461 0.0007381347 0.008813895 0.008000001 0.002305073 0.008813895 0.008525001 0.0009049997 0.008813895 0.008271761 0.001009893 0.008813895 0.008000001 0.001045673 0.008813895 0.008000001 -0.002313727 0.008813895 0.007728241 -0.001018547 0.008813895 0.008000001 -0.001054327 0.008813895 0.006985781 -0.0002760873 0.008813895 0.006000001 -0.001159027 0.008813895 0.006950001 -4.327295e-06 0.008813895 0.006000001 0.001150373 0.008813895 0.006985781 0.0002674327 0.008813895 0.007090671 0.0005206727 0.008813895 0.007090671 -0.0005293273 0.008813895 0.007257541 -0.0007467893 0.008813895 0.007475001 -0.0009136543 0.008813895 0.008271761 -0.001018547 0.008813895 0.008525001 -0.0009136543 0.008813895 0.008742461 -0.0007467893 0.008813895 0.007728241 0.001009893 0.008813895 0.007475001 0.0009049997 0.008813895 0.007257541 0.0007381347 0.008813895 0.0241 0.01078727 -0.01443887 0.0241 0.01060847 -0.01392785 0.0241668 0.01060167 -0.01393111 0.0241 0.01049347 -0.01374473 0.0241 0.01026297 -0.01337799 0.0241668 0.01025707 -0.01338268 0.0241 0.01003337 -0.01314839 0.0241 0.009803793 -0.0129188 0.0241668 0.009799103 -0.01292468 0.0241 0.009437053 -0.01268836 0.0241 0.009253933 -0.0125733 0.0241668 0.009250673 -0.01258008 0.0241 0.007248443 -0.01239448 0.0241 0.006737413 -0.0125733 0.0241668 0.006740673 -0.01258008 0.0241 0.006554293 -0.01268836 0.0241 0.006187553 -0.0129188 0.0241668 0.006192243 -0.01292468 0.0241 0.005957953 -0.01314839 0.0241 0.005728363 -0.01337799 0.0241668 0.005734243 -0.01338268 0.0241 0.005497923 -0.01374473 0.0241 0.005382863 -0.01392785 0.0241668 0.005389643 -0.01393111 0.0244 0.005460863 -0.01460755 0.0244 0.005653153 -0.01405801 0.0243925 0.005395783 -0.0145927 0.0243925 0.005593013 -0.01402905 0.0243703 0.005333963 -0.01457859 0.0243703 0.005535883 -0.01400154 0.0243345 0.005278503 -0.01456593 0.0243345 0.005484633 -0.01397686 0.024287 0.005232193 -0.01455536 0.024287 0.005441833 -0.01395625 0.0242302 0.005197343 -0.01454741 0.0242302 0.005409633 -0.01394074 0.0241668 0.005175713 -0.01454247 0.0244 0.008574223 -0.0126513 0.0244 0.009123773 -0.01284359 0.0243925 0.008589083 -0.01258622 0.0243925 0.009152733 -0.01278345 0.0243703 0.008603193 -0.0125244 0.0243703 0.009180243 -0.01272632 0.0243345 0.008615853 -0.01246894 0.0243345 0.009204923 -0.01267507 0.024287 0.008626423 -0.01242263 0.024287 0.009225543 -0.01263227 0.0242302 0.008634373 -0.01238778 0.0242302 0.009241043 -0.01260007 0.0241668 0.008639313 -0.01236615 0.0244 0.005395673 -0.01518611 0.0243925 0.005328913 -0.01518611 0.0243703 0.005265513 -0.01518611 0.0243345 0.005208623 -0.01518611 0.024287 0.005161123 -0.01518611 0.0242302 0.005125383 -0.01518611 0.0241668 0.005103193 -0.01518611 0.0241 0.005095673 -0.01518611 0.0241 0.005168383 -0.01454079 0.0241 0.005204043 -0.01443887 0.0244 0.005962913 -0.01356504 0.0243925 0.005910723 -0.01352342 0.0243703 0.005861143 -0.01348388 0.0243345 0.005816673 -0.01344842 0.024287 0.005779533 -0.0134188 0.0242302 0.005751593 -0.01339651 0.0242302 0.006206073 -0.01294203 0.024287 0.006228363 -0.01296997 0.0243345 0.006257983 -0.01300711 0.0243703 0.006293443 -0.01305158 0.0243925 0.006332983 -0.01310116 0.0244 0.006374603 -0.01315335 0.0242302 0.006750303 -0.01260007 0.024287 0.006765813 -0.01263227 0.0243345 0.006786423 -0.01267507 0.0243703 0.006811103 -0.01272632 0.0243925 0.006838613 -0.01278345 0.0244 0.006867573 -0.01284359 0.0241 0.007350363 -0.01235882 0.0241668 0.007352033 -0.01236615 0.0242302 0.007356973 -0.01238778 0.024287 0.007364923 -0.01242263 0.0243345 0.007375493 -0.01246894 0.0243703 0.007388153 -0.0125244 0.0243925 0.007402263 -0.01258622 0.0244 0.007417123 -0.0126513 0.0244 0.007995673 -0.01258611 0.0243925 0.007995673 -0.01251935 0.0243703 0.007995673 -0.01245595 0.0243345 0.007995673 -0.01239906 0.024287 0.007995673 -0.01235156 0.0242302 0.007995673 -0.01231582 0.0241668 0.007995673 -0.01229363 0.0241 0.007995673 -0.01228611 0.0241 0.008640983 -0.01235882 0.0241 0.008742903 -0.01239448 0.0244 0.009616743 -0.01315335 0.0243925 0.009658363 -0.01310116 0.0243703 0.009697903 -0.01305158 0.0243345 0.009733363 -0.01300711 0.024287 0.009762983 -0.01296997 0.0242302 0.009785273 -0.01294203 0.0242302 0.01023977 -0.01339651 0.024287 0.01021177 -0.0134188 0.0243345 0.01017467 -0.01344842 0.0243703 0.01013017 -0.01348388 0.0243925 0.01008067 -0.01352342 0.0244 0.01002847 -0.01356504 0.0242302 0.01058167 -0.01394074 0.024287 0.01054947 -0.01395625 0.0243345 0.01050667 -0.01397686 0.0243703 0.01045547 -0.01400154 0.0243925 0.01039837 -0.01402905 0.0244 0.01033817 -0.01405801 0.0241 0.01082297 -0.01454079 0.0241668 0.01081567 -0.01454247 0.0242302 0.01079397 -0.01454741 0.024287 0.01075917 -0.01455536 0.0243345 0.01071287 -0.01456593 0.0243703 0.01065737 -0.01457859 0.0243925 0.01059557 -0.0145927 0.0244 0.01053047 -0.01460755 0.0244 0.01059567 -0.01518611 0.0243925 0.01066247 -0.01518611 0.0243703 0.01072587 -0.01518611 0.0243345 0.01078267 -0.01518611 0.024287 0.01083017 -0.01518611 0.0242302 0.01086597 -0.01518611 0.0241668 0.01088817 -0.01518611 0.0241 0.01089567 -0.01518611 0.021 0.007145673 0.0008138945 0.024 0.007145673 0.0008138945 0.021 0.007174633 0.0005938945 0.024 0.007174633 0.0005938945 0.021 0.007259553 0.0003888945 0.024 0.007259553 0.0003888945 0.021 0.007394633 0.0002128945 0.024 0.007394633 0.0002128945 0.021 0.007570673 7.779453e-05 0.024 0.007570673 7.779453e-05 0.021 0.007775673 -7.105474e-06 0.024 0.007775673 -7.105474e-06 0.021 0.007995673 -3.610547e-05 0.024 0.007995673 -3.610547e-05 0.021 0.008215673 -7.105474e-06 0.024 0.008215673 -7.105474e-06 0.021 0.008420673 7.779453e-05 0.024 0.008420673 7.779453e-05 0.021 0.008596713 0.0002128945 0.024 0.008596713 0.0002128945 0.021 0.008731793 0.0003888945 0.024 0.008731793 0.0003888945 0.021 0.008816713 0.0005938945 0.024 0.008816713 0.0005938945 0.021 0.008845673 0.0008138945 0.024 0.008845673 0.0008138945 0.006000001 -0.002544667 0.007813895 0.006000001 -0.003504327 0.007813895 0.006000001 -0.002544667 0.006813895 0.006000001 -0.003504327 0.006313895 0.006000001 -0.001159027 0.006813895 0.006000001 0.003495673 0.007813895 0.006000001 0.002536013 0.007813895 0.006000001 0.003495673 0.006313895 0.006000001 0.002536013 0.006813895 0.006000001 0.001150373 0.006813895 0.006000001 0.001150373 0.008813895 0.006000001 -0.001159027 0.008813895 -0.006796149 0.01099567 0.007813895 -0.001203849 0.01099567 0.007813895 -0.004799999 0.009843193 0.007813895 -0.003199999 0.009843193 0.007813895 -0.004799999 0.006148153 0.007813895 -0.003199999 0.006148153 0.007813895 -0.007662179 0.004495673 0.007813895 -0.0003378214 0.004495673 0.007813895 0.01 0.001150373 0.006813895 0.01 -0.001159027 0.006813895 0.01 0.001150373 0.008813895 0.01 -0.001159027 0.008813895 0.006000001 -0.009159027 0.006813895 0.006000001 -0.006849627 0.006813895 0.006000001 -0.009159027 0.008813895 0.006000001 -0.006849627 0.008813895 0.024 0.002895673 -0.02318611 0.0241 0.002895673 -0.02318611 0.0241 0.002822963 -0.02383142 0.024 0.002811403 -0.02388013 0.0241 0.002806523 -0.02387842 0.024 0.002563493 -0.02453381 0.0241 0.002608483 -0.02444437 0.0241 0.002555463 -0.02452876 0.024 0.002166353 -0.02510917 0.0241 0.002262983 -0.02499423 0.0241 0.002157203 -0.02510001 0.024 0.001643063 -0.02557281 0.0241 0.001803793 -0.02545341 0.0241 0.001634793 -0.02555961 0.0241 0.001253933 -0.02579891 0.024 0.001024023 -0.02589761 0.0241 0.001018323 -0.02588141 0.0241 0.0006409837 -0.02601341 0.024 0.0003452287 -0.02606501 0.0241 0.0003431997 -0.02604691 0.0241 -4.327295e-06 -0.02608611 0.024 -0.0003538833 -0.02606501 0.0241 -0.0003518543 -0.02604691 0.0241 -0.0006496383 -0.02601341 0.024 -0.001032677 -0.02589761 0.0241 -0.001026977 -0.02588141 0.0241 -0.001262587 -0.02579891 0.024 -0.001651717 -0.02557281 0.0241 -0.001643447 -0.02555961 0.0241 -0.001812447 -0.02545341 0.024 -0.002175007 -0.02510917 0.0241 -0.002165857 -0.02510001 0.0241 -0.002271637 -0.02499423 0.024 -0.002572147 -0.02453381 0.0241 -0.002564117 -0.02452876 0.0241 -0.002617137 -0.02444437 0.024 -0.002820057 -0.02388013 0.0241 -0.002904327 -0.02318611 0.024 -0.002904327 -0.02318611 0.0241 -0.002831617 -0.02383142 0.0241 -0.002815177 -0.02387842 -0.005999999 0.009150373 0.006813895 -0.005999999 0.006840973 0.006813895 -0.005999999 0.009150373 0.008813895 -0.005999999 0.006840973 0.008813895 0.0148 -0.001504327 0.01081389 0.0148 -0.001504327 0.007813895 0.0148 0.002520673 0.01081389 0.0148 0.002895673 0.007813895 0.0148 0.002895673 0.01081389 0.008000001 0.005686273 0.006813895 0.006000001 0.006840973 0.006813895 0.008000001 0.005686273 0.008813895 0.006000001 0.006840973 0.008813895 -0.024 -0.007154327 0.0008138945 -0.021 -0.007154327 0.0008138945 -0.024 -0.007183287 0.001033895 -0.021 -0.007183287 0.001033895 -0.024 -0.007268207 0.001238895 -0.021 -0.007268207 0.001238895 -0.024 -0.007403287 0.001414895 -0.021 -0.007403287 0.001414895 -0.024 -0.007579327 0.001549995 -0.021 -0.007579327 0.001549995 -0.024 -0.007784327 0.001634895 -0.021 -0.007784327 0.001634895 -0.024 -0.008004327 0.001663895 -0.021 -0.008004327 0.001663895 -0.024 -0.008224327 0.001634895 -0.021 -0.008224327 0.001634895 -0.024 -0.008429327 0.001549995 -0.021 -0.008429327 0.001549995 -0.024 -0.008605367 0.001414895 -0.021 -0.008605367 0.001414895 -0.024 -0.008740447 0.001238895 -0.021 -0.008740447 0.001238895 -0.024 -0.008825367 0.001033895 -0.021 -0.008825367 0.001033895 -0.024 -0.008854327 0.0008138945 -0.021 -0.008854327 0.0008138945 -0.023 -0.006990107 -0.01545787 -0.023 -0.006169067 -0.01567786 -0.023 -0.007094997 -0.01571111 -0.023 -0.006358877 -0.01613611 -0.023 -0.007261867 -0.01592857 -0.023 -0.006660827 -0.01652961 -0.023 -0.007479327 -0.01609543 -0.023 -0.007054327 -0.01683156 -0.023 -0.007732567 -0.01620033 -0.023 -0.007512567 -0.01702137 -0.023 -0.008004327 -0.01623611 -0.023 -0.008004327 -0.01708611 -0.023 -0.008276087 -0.01620033 -0.023 -0.008496087 -0.01702137 -0.023 -0.008529327 -0.01609543 -0.023 -0.008954327 -0.01683156 -0.023 -0.008746787 -0.01592857 -0.023 -0.009347827 -0.01652961 -0.023 -0.008913657 -0.01571111 -0.023 -0.009649777 -0.01613611 -0.023 -0.009018547 -0.01545787 -0.023 -0.009839587 -0.01567786 -0.023 -0.009054327 -0.01518611 -0.023 -0.009904327 -0.01518611 -0.023 -0.009018547 -0.01491435 -0.023 -0.009839587 -0.01469435 -0.023 -0.008913657 -0.01466111 -0.023 -0.009649777 -0.01423611 -0.023 -0.008746787 -0.01444364 -0.023 -0.009347827 -0.01384261 -0.023 -0.008529327 -0.01427678 -0.023 -0.008954327 -0.01354066 -0.023 -0.008276087 -0.01417189 -0.023 -0.008496087 -0.01335085 -0.023 -0.008004327 -0.01413611 -0.023 -0.008004327 -0.01328611 -0.023 -0.007732567 -0.01417189 -0.023 -0.007512567 -0.01335085 -0.023 -0.007479327 -0.01427678 -0.023 -0.007054327 -0.01354066 -0.023 -0.007261867 -0.01444364 -0.023 -0.006660827 -0.01384261 -0.023 -0.007094997 -0.01466111 -0.023 -0.006358877 -0.01423611 -0.023 -0.006990107 -0.01491435 -0.023 -0.006169067 -0.01469435 -0.023 -0.006954327 -0.01518611 -0.023 -0.006104327 -0.01518611 0.01 0.009150373 0.006813895 0.01 0.006840973 0.006813895 0.01 0.009150373 0.008813895 0.01 0.006840973 0.008813895 -0.0173571 0.01249567 0.003433295 -0.0182215 0.01249567 0.002971195 -0.019 0.01249567 0.01081389 0.021 0.01249567 -0.004186105 0.021 0.01249567 -0.003086105 0.024 0.01249567 -0.004186105 0.024 0.01249567 -0.002161105 0.021 0.01249567 -0.001742405 0.0209039 0.01249567 -0.0007670055 0.024 0.01249567 0.005813895 0.0206194 0.01249567 0.0001709945 0.0201573 0.01249567 0.001035395 0.0195355 0.01249567 0.001793095 0.0189792 0.01249567 0.002349395 0.019 0.01249567 0.01081389 0.0182215 0.01249567 0.002971195 0.0173571 0.01249567 0.003433295 -0.024 0.01249567 0.005813895 -0.0189792 0.01249567 0.002349395 -0.0195355 0.01249567 0.001793095 -0.0164191 0.01249567 0.003717795 -0.018025 0.01249567 0.01081389 -0.0154437 0.01249567 0.003813895 -0.0201573 0.01249567 0.001035395 -0.0206194 0.01249567 0.0001709945 -0.024 0.01249567 -0.002161105 -0.0209039 0.01249567 -0.0007670055 -0.021 0.01249567 -0.004186105 -0.024 0.01249567 -0.004186105 -0.021 0.01249567 -0.003086105 -0.021 0.01249567 -0.001742405 -0.012 0.01249567 0.01081389 -0.002999999 0.01249567 0.01081389 0.0154437 0.01249567 0.003813895 0.003000001 0.01249567 0.01081389 0.005950001 0.01249567 0.01081389 0.0164191 0.01249567 0.003717795 0.012 0.01249567 0.01081389 0.0145956 -0.005004327 0.006033095 0.0140277 -0.004815647 0.006195395 0.0145956 -0.005004327 0.007813895 0.0138213 -0.004747067 0.006228695 0.0100809 -0.003504327 0.006313895 0.0100809 -0.003504327 0.007813895 0.0129437 -0.004455467 0.006313895 0.0134486 -0.004623227 0.006288695 0.0164792 -0.005004327 0.004849395 0.0164792 -0.006004327 0.004849395 0.0158026 -0.005004327 0.005415895 0.0158026 -0.006004327 0.005415895 0.0148571 -0.005004327 0.005933295 0.0148571 -0.006004327 0.005933295 0.0145956 -0.005004327 0.006033095 0.0144338 -0.006004327 0.006086695 0.0141126 -0.005897597 0.006175495 0.0140277 -0.004815647 0.006195395 0.0138211 -0.005800737 0.006227795 0.0138213 -0.004747067 0.006228695 0.0135337 -0.005705257 0.006279295 0.0134486 -0.004623227 0.006288695 0.0129437 -0.005509217 0.006313895 0.0129437 -0.004455467 0.006313895 0.0244 0.001339173 -0.02184261 0.0244 0.001616743 -0.02115335 0.0244 0.0009456727 -0.02154066 0.0244 0.001123773 -0.02084359 0.0244 0.0004874287 -0.02135085 0.0244 0.0005742267 -0.0206513 0.0244 -4.327295e-06 -0.02128611 0.0244 -4.327295e-06 -0.02058611 0.0244 -0.0004960833 -0.02135085 0.0244 -0.0005828813 -0.0206513 0.0244 -0.0009543273 -0.02154066 0.0244 -0.001132427 -0.02084359 0.0244 -0.001347827 -0.02184261 0.0244 -0.001649777 -0.02413611 0.0244 -0.002037087 -0.02480718 0.0244 -0.001347827 -0.02452961 0.0244 -0.001625397 -0.02521891 0.0244 -0.0009543273 -0.02483156 0.0244 -0.001132427 -0.02552861 0.0244 -0.0004960833 -0.02502137 0.0244 -0.0005828813 -0.02572091 0.0244 -4.327295e-06 -0.02508611 0.0244 -4.327295e-06 -0.02578611 0.0244 0.0004874287 -0.02502137 0.0244 0.0005742267 -0.02572091 0.0244 0.0009456727 -0.02483156 0.0244 0.001123773 -0.02552861 0.0244 0.001339173 -0.02452961 0.0244 -0.001625397 -0.02115335 0.0244 -0.002037087 -0.02156504 0.0244 -0.001649777 -0.02223611 0.0244 -0.002346847 -0.02205801 0.0244 -0.001839587 -0.02269435 0.0244 -0.002539137 -0.02260756 0.0244 -0.001904327 -0.02318611 0.0244 -0.002604327 -0.02318611 0.0244 -0.001839587 -0.02367787 0.0244 -0.002539137 -0.02376466 0.0244 -0.002346847 -0.02431421 0.0244 0.001616743 -0.02521891 0.0244 0.002028433 -0.02480718 0.0244 0.001641123 -0.02413611 0.0244 0.002338193 -0.02431421 0.0244 0.001830933 -0.02367787 0.0244 0.002530483 -0.02376466 0.0244 0.001895673 -0.02318611 0.0244 0.002595673 -0.02318611 0.0244 0.001830933 -0.02269435 0.0244 0.002530483 -0.02260756 0.0244 0.001641123 -0.02223611 0.0244 0.002338193 -0.02205801 0.0244 0.002028433 -0.02156504 0.0244 -0.008954327 -0.01354066 0.0244 -0.009625397 -0.01315335 0.0244 -0.009347827 -0.01384261 0.0244 -0.01003713 -0.01356504 0.0244 -0.009649777 -0.01423611 0.0244 -0.01034683 -0.01405801 0.0244 -0.009839587 -0.01469435 0.0244 -0.01053913 -0.01460755 0.0244 -0.009904327 -0.01518611 0.0244 -0.01060433 -0.01518611 0.0244 -0.009839587 -0.01567786 0.0244 -0.01053913 -0.01576466 0.0244 -0.009649777 -0.01613611 0.0244 -0.01034683 -0.01631421 0.0244 -0.009347827 -0.01652961 0.0244 -0.006660827 -0.01652961 0.0244 -0.005971567 -0.01680718 0.0244 -0.006358877 -0.01613611 0.0244 -0.005661807 -0.01631421 0.0244 -0.006169067 -0.01567786 0.0244 -0.005469517 -0.01576466 0.0244 -0.006104327 -0.01518611 0.0244 -0.005404327 -0.01518611 0.0244 -0.006169067 -0.01469435 0.0244 -0.005469517 -0.01460755 0.0244 -0.006358877 -0.01423611 0.0244 -0.005661807 -0.01405801 0.0244 -0.005971567 -0.01356504 0.0244 -0.006660827 -0.01384261 0.0244 -0.006383257 -0.01315335 0.0244 -0.007054327 -0.01354066 0.0244 -0.006876227 -0.01284359 0.0244 -0.007512567 -0.01335085 0.0244 -0.007425777 -0.0126513 0.0244 -0.008004327 -0.01328611 0.0244 -0.008004327 -0.01258611 0.0244 -0.008496087 -0.01335085 0.0244 -0.008582877 -0.0126513 0.0244 -0.009132427 -0.01284359 0.0244 -0.01003713 -0.01680718 0.0244 -0.009625397 -0.01721887 0.0244 -0.008954327 -0.01683156 0.0244 -0.009132427 -0.01752863 0.0244 -0.008496087 -0.01702137 0.0244 -0.008582877 -0.01772092 0.0244 -0.008004327 -0.01708611 0.0244 -0.008004327 -0.01778611 0.0244 -0.007512567 -0.01702137 0.0244 -0.007425777 -0.01772092 0.0244 -0.007054327 -0.01683156 0.0244 -0.006876227 -0.01752863 0.0244 -0.006383257 -0.01721887 0.0244 0.006652173 -0.01652961 0.0244 0.006374603 -0.01721887 0.0244 0.007045673 -0.01683156 0.0244 0.006867573 -0.01752863 0.0244 0.007503913 -0.01702137 0.0244 0.007417123 -0.01772092 0.0244 0.007995673 -0.01708611 0.0244 0.007995673 -0.01778611 0.0244 0.008487433 -0.01702137 0.0244 0.008574223 -0.01772092 0.0244 0.008945673 -0.01683156 0.0244 0.009123773 -0.01752863 0.0244 0.009616743 -0.01721887 0.0244 0.009339173 -0.01652961 0.0244 0.01002847 -0.01680718 0.0244 0.009641123 -0.01613611 0.0244 0.01033817 -0.01631421 0.0244 0.009830933 -0.01567786 0.0244 0.01053047 -0.01576466 0.0244 0.009895673 -0.01518611 0.0244 0.009830933 -0.01469435 0.0244 0.009641123 -0.01423611 0.0244 0.009339173 -0.01384261 0.0244 0.006652173 -0.01384261 0.0244 0.006350223 -0.01423611 0.0244 0.006160413 -0.01469435 0.0244 0.006095673 -0.01518611 0.0244 0.006160413 -0.01567786 0.0244 0.005460863 -0.01576466 0.0244 0.006350223 -0.01613611 0.0244 0.005653153 -0.01631421 0.0244 0.005962913 -0.01680718 0.0244 0.008945673 -0.01354066 0.0244 0.008487433 -0.01335085 0.0244 0.007995673 -0.01328611 0.0244 0.007503913 -0.01335085 0.0244 0.007045673 -0.01354066 -0.004449999 -0.003004327 0.01081389 -0.004449999 -0.003004327 0.006313895 -0.004579409 -0.002987287 0.01081389 -0.004579409 -0.002987287 0.006313895 -0.004699999 -0.002937337 0.01081389 -0.004699999 -0.002937337 0.006313895 -0.004803549 -0.002857877 0.01081389 -0.004803549 -0.002857877 0.006313895 -0.004883009 -0.002754327 0.01081389 -0.004883009 -0.002754327 0.006313895 -0.004932959 -0.002633737 0.01081389 -0.004932959 -0.002633737 0.006313895 -0.004946709 -0.002529327 0.01081389 -0.004949999 -0.002504327 0.006313895 -0.004949999 -0.002504327 0.01081389 -0.004949999 0.002495673 0.006313895 -0.004949999 0.002495673 0.01081389 -0.0183094 0.007995673 0.008813895 -0.0171547 0.005995673 0.008813895 -0.0183094 0.007995673 0.006813895 -0.0171547 0.005995673 0.006813895 0.023 0.009895673 -0.01518611 0.0244 0.009895673 -0.01518611 0.023 0.009830933 -0.01469435 0.0244 0.009830933 -0.01469435 0.023 0.009641123 -0.01423611 0.0244 0.009641123 -0.01423611 0.023 0.009339173 -0.01384261 0.0244 0.009339173 -0.01384261 0.023 0.008945673 -0.01354066 0.0244 0.008945673 -0.01354066 0.023 0.008487433 -0.01335085 0.0244 0.008487433 -0.01335085 0.023 0.007995673 -0.01328611 0.0244 0.007995673 -0.01328611 0.023 0.007503913 -0.01335085 0.0244 0.007503913 -0.01335085 0.023 0.007045673 -0.01354066 0.0244 0.007045673 -0.01354066 0.023 0.006652173 -0.01384261 0.0244 0.006652173 -0.01384261 0.023 0.006350223 -0.01423611 0.0244 0.006350223 -0.01423611 0.023 0.006160413 -0.01469435 0.0244 0.006160413 -0.01469435 0.023 0.006095673 -0.01518611 0.0244 0.006095673 -0.01518611 0.009919111 0.004495673 0.007813895 0.008337821 0.004495673 0.007813895 0.0138102 0.005788483 0.007813895 0.0112 0.006148153 0.007813895 0.0125359 0.007995673 0.007813895 0.0112 0.009843193 0.007813895 0.0142679 0.01099567 0.007813895 0.009203851 0.01099567 0.007813895 -0.024 -4.327295e-06 -0.01118611 -0.021 -4.327295e-06 -0.01118611 -0.024 -0.001039607 -0.01132241 -0.021 -0.001039607 -0.01132241 -0.024 -0.002004327 -0.01172201 -0.021 -0.002004327 -0.01172201 -0.021 -0.002529327 -0.01212486 -0.024 -0.002832757 -0.01235768 -0.021 -0.002832757 -0.01235768 -0.024 -0.003454327 -0.01316773 -0.021 -0.003468427 -0.01318611 -0.024 -0.003468427 -0.01318611 -0.024 -0.003868027 -0.01415083 -0.021 -0.003868027 -0.01415083 -0.024 -0.004004327 -0.01518611 -0.021 -0.004004327 -0.01518611 -0.024 -0.003868027 -0.01622139 -0.021 -0.003868027 -0.01622139 -0.024 -0.003468427 -0.01718611 -0.021 -0.003468427 -0.01718611 -0.024 -0.003454327 -0.01720449 -0.021 -0.003065577 -0.01771111 -0.024 -0.002832757 -0.01801454 -0.021 -0.002832757 -0.01801454 -0.021 -0.002529327 -0.01824736 -0.024 -0.002022707 -0.01863611 -0.021 -0.002004327 -0.01865021 -0.021 -4.327295e-06 -0.01918611 -0.024 -4.327295e-06 -0.01918611 -0.021 -0.001039607 -0.01904981 -0.024 -0.001039607 -0.01904981 -0.024 -0.002004327 -0.01865021 -0.007999999 0.001045673 0.008813895 -0.007999999 0.001045673 0.01081389 -0.008271759 0.001009893 0.008813895 -0.008271759 0.001009893 0.01081389 -0.008524999 0.0009049997 0.008813895 -0.008524999 0.0009049997 0.01081389 -0.008742459 0.0007381347 0.008813895 -0.008742459 0.0007381347 0.01081389 -0.008909329 0.0005206727 0.008813895 -0.008909329 0.0005206727 0.01081389 -0.009014219 0.0002674327 0.008813895 -0.009014219 0.0002674327 0.01081389 -0.009049999 -4.327295e-06 0.008813895 -0.009049999 -4.327295e-06 0.01081389 -0.009014219 -0.0002760873 0.008813895 -0.009014219 -0.0002760873 0.01081389 -0.008909329 -0.0005293273 0.008813895 -0.008909329 -0.0005293273 0.01081389 -0.008742459 -0.0007467893 0.008813895 -0.008742459 -0.0007467893 0.01081389 -0.008524999 -0.0009136543 0.008813895 -0.008524999 -0.0009136543 0.01081389 -0.008271759 -0.001018547 0.008813895 -0.008271759 -0.001018547 0.01081389 -0.007999999 -0.001054327 0.008813895 -0.007999999 -0.001054327 0.01081389 0.0148453 0.005995673 0.008813895 0.0148453 0.005995673 0.006813895 0.0136906 0.007995673 0.008813895 0.0136906 0.007995673 0.006813895 0.008000001 -0.005694927 0.006813895 0.01 -0.006849627 0.006813895 0.008000001 -0.005694927 0.008813895 0.01 -0.006849627 0.008813895 -0.007728239 0.001009893 0.008813895 -0.007999999 0.001045673 0.008813895 -0.007999999 0.002305073 0.008813895 -0.007999999 -0.002313727 0.008813895 -0.008271759 -0.001018547 0.008813895 -0.007999999 -0.001054327 0.008813895 -0.007728239 -0.001018547 0.008813895 -0.007474999 -0.0009136543 0.008813895 -0.005999999 -0.001159027 0.008813895 -0.007257539 -0.0007467893 0.008813895 -0.007090669 -0.0005293273 0.008813895 -0.006985779 0.0002674327 0.008813895 -0.005999999 0.001150373 0.008813895 -0.006949999 -4.327295e-06 0.008813895 -0.006985779 -0.0002760873 0.008813895 -0.007090669 0.0005206727 0.008813895 -0.007257539 0.0007381347 0.008813895 -0.007474999 0.0009049997 0.008813895 -0.008271759 0.001009893 0.008813895 -0.008524999 0.0009049997 0.008813895 -0.009999999 0.001150373 0.008813895 -0.008742459 0.0007381347 0.008813895 -0.008909329 0.0005206727 0.008813895 -0.009014219 0.0002674327 0.008813895 -0.009049999 -4.327295e-06 0.008813895 -0.009999999 -0.001159027 0.008813895 -0.009014219 -0.0002760873 0.008813895 -0.008909329 -0.0005293273 0.008813895 -0.008742459 -0.0007467893 0.008813895 -0.008524999 -0.0009136543 0.008813895 -0.0177 -0.0009043273 0.007813895 -0.0178 -0.0009043273 0.007813895 -0.0177 -0.0009043273 0.01081389 -0.0178 -0.0009043273 0.01081389 0.0241668 -0.002610357 -0.02444111 0.0241668 -0.002265757 -0.02498954 0.0241668 -0.001807757 -0.02544751 0.0241668 -0.001259327 -0.02579211 0.0241668 -0.0006479643 -0.02600611 0.0241668 -4.327295e-06 -0.02607861 0.0241668 0.0006393097 -0.02600611 0.0241668 0.002601703 -0.02444111 0.0241668 0.002815633 -0.02382975 0.0243925 0.002080623 -0.0248488 0.0243925 0.001658363 -0.02527111 0.0243703 0.002130203 -0.02488834 0.0243703 0.001697903 -0.02532061 0.0243345 0.002174673 -0.0249238 0.0243345 0.001733363 -0.02536511 0.024287 0.002211813 -0.02495342 0.0243925 0.002398333 -0.02434317 0.0243703 0.002455463 -0.02437068 0.0243345 0.002506713 -0.02439536 0.024287 0.002549513 -0.02441598 0.0242302 0.002581713 -0.02443148 0.0243925 0.002595563 -0.02377952 0.0243703 0.002657383 -0.02379363 0.0243345 0.002712843 -0.02380629 0.024287 0.002759153 -0.02381686 0.0242302 0.002794003 -0.02382481 0.0242302 0.001785273 -0.02543021 0.0241668 0.001799103 -0.02544751 0.0241668 0.002257103 -0.02498954 0.0243925 0.002662433 -0.02318611 0.0243703 0.002725833 -0.02318611 0.0243345 0.002782723 -0.02318611 0.024287 0.002830223 -0.02318611 0.0242302 0.002865963 -0.02318611 0.0241668 0.002888153 -0.02318611 0.024287 0.001762983 -0.02540221 0.0242302 0.002239753 -0.02497571 0.0241668 0.001250673 -0.02579211 0.0242302 0.001241043 -0.02577211 0.024287 0.001225533 -0.02573991 0.0243345 0.001204923 -0.02569711 0.0243703 0.001180243 -0.02564591 0.0243925 0.001152733 -0.02558881 0.0243925 0.0005890817 -0.02578601 0.0243703 0.0006031917 -0.02584781 0.0243345 0.0006158487 -0.02590331 0.024287 0.0006264187 -0.02594961 0.0242302 0.0006343727 -0.02598441 0.0243925 -4.327295e-06 -0.02585291 0.0243703 -4.327295e-06 -0.02591631 0.0243345 -4.327295e-06 -0.02597311 0.024287 -4.327295e-06 -0.02602061 0.0242302 -4.327295e-06 -0.02605641 0.0242302 -0.0006430273 -0.02598441 0.024287 -0.0006350733 -0.02594961 0.0243345 -0.0006245033 -0.02590331 0.0243703 -0.0006118463 -0.02584781 0.0243925 -0.0005977363 -0.02578601 0.0242302 -0.001249697 -0.02577211 0.024287 -0.001234187 -0.02573991 0.0243345 -0.001213577 -0.02569711 0.0243703 -0.001188897 -0.02564591 0.0243925 -0.001161387 -0.02558881 0.0242302 -0.001793927 -0.02543021 0.024287 -0.001771637 -0.02540221 0.0243345 -0.001742017 -0.02536511 0.0243703 -0.001706557 -0.02532061 0.0243925 -0.001667017 -0.02527111 0.0242302 -0.002248407 -0.02497571 0.024287 -0.002220467 -0.02495342 0.0243345 -0.002183327 -0.0249238 0.0243703 -0.002138857 -0.02488834 0.0243925 -0.002089277 -0.0248488 0.0242302 -0.002590367 -0.02443148 0.024287 -0.002558167 -0.02441598 0.0243345 -0.002515367 -0.02439536 0.0243703 -0.002464117 -0.02437068 0.0243925 -0.002406987 -0.02434317 0.0241668 -0.002824287 -0.02382975 0.0242302 -0.002802657 -0.02382481 0.024287 -0.002767807 -0.02381686 0.0243345 -0.002721497 -0.02380629 0.0243703 -0.002666037 -0.02379363 0.0243925 -0.002604217 -0.02377952 0.0243925 -0.002671087 -0.02318611 0.0243703 -0.002734487 -0.02318611 0.0243345 -0.002791377 -0.02318611 0.024287 -0.002838877 -0.02318611 0.0242302 -0.002874617 -0.02318611 0.0241668 -0.002896807 -0.02318611 -0.024 -0.0007549023 -0.004384905 -0.024 -4.327295e-06 -0.004286105 -0.0241 -4.327295e-06 -0.004286105 -0.0241 -0.0006496383 -0.004358805 -0.0241 -0.0007515583 -0.004394505 -0.024 -0.001454327 -0.004674605 -0.0241 -0.001262587 -0.004573305 -0.0241 -0.001445707 -0.004688305 -0.0241 -0.001812447 -0.004918805 -0.024 -0.002054937 -0.005135505 -0.0241 -0.002042047 -0.005148405 -0.0241 -0.002271637 -0.005377985 -0.024 -0.002515797 -0.005736105 -0.0241 -0.002502077 -0.005744725 -0.0241 -0.002617137 -0.005927845 -0.024 -0.002805507 -0.006435525 -0.0241 -0.002795957 -0.006438875 -0.0241 -0.002831617 -0.006540795 -0.024 -0.002904327 -0.007186105 -0.0241 -0.002904327 -0.007186105 -0.024 -0.002805507 -0.007936685 -0.0241 -0.002831617 -0.007831415 -0.0241 -0.002795957 -0.007933335 -0.024 -0.002515797 -0.008636105 -0.0241 -0.002617137 -0.008444365 -0.0241 -0.002502077 -0.008627485 -0.0241 -0.002271637 -0.008994225 -0.024 -0.002054937 -0.009236715 -0.0241 -0.002042047 -0.009223825 -0.0241 -0.001812447 -0.009453415 -0.024 -0.001454327 -0.009697575 -0.0241 -0.001445707 -0.009683855 -0.0241 -0.001262587 -0.009798915 -0.024 -0.0007549023 -0.009987295 -0.0241 -4.327295e-06 -0.01008611 -0.024 -4.327295e-06 -0.01008611 -0.0241 -0.0006496383 -0.0100134 -0.0241 -0.0007515583 -0.009977735 -0.0177574 0.01099567 0.007813895 -0.0177574 0.01095187 0.007813895 -0.021 0.01099567 0.004571295 -0.0187574 0.009219783 0.006813895 -0.021 0.007045673 0.004571295 -0.0187574 0.006771563 0.006813895 -0.021 0.005995673 0.004571295 -0.0183094 0.005995673 0.007261895 0.008000001 -0.002313727 0.008813895 0.008000001 -0.002313727 0.006813895 0.006000001 -0.001159027 0.008813895 0.006000001 -0.001159027 0.006813895 0.023 -0.001054327 -0.02318611 0.021 -0.001054327 -0.02318611 0.023 -0.001018547 -0.02291435 0.021 -0.001018547 -0.02291435 0.023 -0.0009136543 -0.02266111 0.021 -0.0009136543 -0.02266111 0.023 -0.0007467893 -0.02244365 0.021 -0.0007467893 -0.02244365 0.023 -0.0005293273 -0.02227678 0.021 -0.0005293273 -0.02227678 0.023 -0.0002760873 -0.02217189 0.021 -0.0002760873 -0.02217189 0.023 -4.327295e-06 -0.02213611 0.021 -4.327295e-06 -0.02213611 0.023 0.0002674327 -0.02217189 0.021 0.0002674327 -0.02217189 0.023 0.0005206727 -0.02227678 0.021 0.0005206727 -0.02227678 0.023 0.0007381347 -0.02244365 0.021 0.0007381347 -0.02244365 0.023 0.0009049997 -0.02266111 0.021 0.0009049997 -0.02266111 0.023 0.001009893 -0.02291435 0.021 0.001009893 -0.02291435 0.023 0.001045673 -0.02318611 0.021 0.001045673 -0.02318611 0.007662181 -0.003504327 0.007813895 0.006000001 -0.002544667 0.007813895 0.007662181 -0.003504327 0.006813895 0.006000001 -0.002544667 0.006813895 0.0112 -0.009851847 0.007813895 0.009203851 -0.01100433 0.007813895 0.0112 -0.009851847 0.006813895 0.009203851 -0.01100433 0.006813895 0.0241 0.002787303 -0.006438875 0.0241 0.002608483 -0.005927845 0.0241668 0.002601703 -0.005931105 0.0241 0.002493423 -0.005744725 0.0241 0.002262983 -0.005377985 0.0241668 0.002257103 -0.005382675 0.0241 0.002033393 -0.005148405 0.0241 0.001803793 -0.004918805 0.0241668 0.001799103 -0.004924705 0.0241 0.001437053 -0.004688305 0.0241 0.001253933 -0.004573305 0.0241668 0.001250673 -0.004580105 0.0241 -0.0007515583 -0.004394505 0.0241 -0.001262587 -0.004573305 0.0241668 -0.001259327 -0.004580105 0.0241 -0.001445707 -0.004688305 0.0241 -0.001812447 -0.004918805 0.0241668 -0.001807757 -0.004924705 0.0241 -0.002042047 -0.005148405 0.0241 -0.002271637 -0.005377985 0.0241668 -0.002265757 -0.005382675 0.0241 -0.002502077 -0.005744725 0.0241 -0.002617137 -0.005927845 0.0241668 -0.002610357 -0.005931105 0.0244 -0.002539137 -0.006607555 0.0244 -0.002346847 -0.006058005 0.0243925 -0.002604217 -0.006592695 0.0243925 -0.002406987 -0.006029045 0.0243703 -0.002666037 -0.006578585 0.0243703 -0.002464117 -0.006001535 0.0243345 -0.002721497 -0.006565925 0.0243345 -0.002515367 -0.005976855 0.024287 -0.002767807 -0.006555355 0.024287 -0.002558167 -0.005956235 0.0242302 -0.002802657 -0.006547405 0.0242302 -0.002590367 -0.005940735 0.0241668 -0.002824287 -0.006542465 0.0244 0.0005742267 -0.004651305 0.0244 0.001123773 -0.004843605 0.0243925 0.0005890817 -0.004586205 0.0243925 0.001152733 -0.004783405 0.0243703 0.0006031917 -0.004524405 0.0243703 0.001180243 -0.004726305 0.0243345 0.0006158487 -0.004468905 0.0243345 0.001204923 -0.004675105 0.024287 0.0006264187 -0.004422605 0.024287 0.001225533 -0.004632305 0.0242302 0.0006343727 -0.004387805 0.0242302 0.001241043 -0.004600105 0.0241668 0.0006393097 -0.004366105 0.0244 -0.002604327 -0.007186105 0.0243925 -0.002671087 -0.007186105 0.0243703 -0.002734487 -0.007186105 0.0243345 -0.002791377 -0.007186105 0.024287 -0.002838877 -0.007186105 0.0242302 -0.002874617 -0.007186105 0.0241668 -0.002896807 -0.007186105 0.0241 -0.002904327 -0.007186105 0.0241 -0.002831617 -0.006540795 0.0241 -0.002795957 -0.006438875 0.0244 -0.002037087 -0.005565035 0.0243925 -0.002089277 -0.005523415 0.0243703 -0.002138857 -0.005483875 0.0243345 -0.002183327 -0.005448415 0.024287 -0.002220467 -0.005418795 0.0242302 -0.002248407 -0.005396505 0.0242302 -0.001793927 -0.004942005 0.024287 -0.001771637 -0.004970005 0.0243345 -0.001742017 -0.005007105 0.0243703 -0.001706557 -0.005051605 0.0243925 -0.001667017 -0.005101105 0.0244 -0.001625397 -0.005153305 0.0242302 -0.001249697 -0.004600105 0.024287 -0.001234187 -0.004632305 0.0243345 -0.001213577 -0.004675105 0.0243703 -0.001188897 -0.004726305 0.0243925 -0.001161387 -0.004783405 0.0244 -0.001132427 -0.004843605 0.0241 -0.0006496383 -0.004358805 0.0241668 -0.0006479643 -0.004366105 0.0242302 -0.0006430273 -0.004387805 0.024287 -0.0006350733 -0.004422605 0.0243345 -0.0006245033 -0.004468905 0.0243703 -0.0006118463 -0.004524405 0.0243925 -0.0005977363 -0.004586205 0.0244 -0.0005828813 -0.004651305 0.0244 -4.327295e-06 -0.004586105 0.0243925 -4.327295e-06 -0.004519305 0.0243703 -4.327295e-06 -0.004455905 0.0243345 -4.327295e-06 -0.004399105 0.024287 -4.327295e-06 -0.004351605 0.0242302 -4.327295e-06 -0.004315805 0.0241668 -4.327295e-06 -0.004293605 0.0241 -4.327295e-06 -0.004286105 0.0241 0.0006409837 -0.004358805 0.0241 0.0007429037 -0.004394505 0.0244 0.001616743 -0.005153305 0.0243925 0.001658363 -0.005101105 0.0243703 0.001697903 -0.005051605 0.0243345 0.001733363 -0.005007105 0.024287 0.001762983 -0.004970005 0.0242302 0.001785273 -0.004942005 0.0242302 0.002239753 -0.005396505 0.024287 0.002211813 -0.005418795 0.0243345 0.002174673 -0.005448415 0.0243703 0.002130203 -0.005483875 0.0243925 0.002080623 -0.005523415 0.0244 0.002028433 -0.005565035 0.0242302 0.002581713 -0.005940735 0.024287 0.002549513 -0.005956235 0.0243345 0.002506713 -0.005976855 0.0243703 0.002455463 -0.006001535 0.0243925 0.002398333 -0.006029045 0.0244 0.002338193 -0.006058005 0.0241 0.002822963 -0.006540795 0.0241668 0.002815633 -0.006542465 0.0242302 0.002794003 -0.006547405 0.024287 0.002759153 -0.006555355 0.0243345 0.002712843 -0.006565925 0.0243703 0.002657383 -0.006578585 0.0243925 0.002595563 -0.006592695 0.0244 0.002530483 -0.006607555 0.0244 0.002595673 -0.007186105 0.0243925 0.002662433 -0.007186105 0.0243703 0.002725833 -0.007186105 0.0243345 0.002782723 -0.007186105 0.024287 0.002830223 -0.007186105 0.0242302 0.002865963 -0.007186105 0.0241668 0.002888153 -0.007186105 0.0241 0.002895673 -0.007186105 -0.007999999 -0.005694927 0.006813895 -0.005999999 -0.006849627 0.006813895 -0.007999999 -0.005694927 0.008813895 -0.005999999 -0.006849627 0.008813895 0.007662181 0.003495673 0.007813895 0.006000001 0.002536013 0.007813895 0.006000001 0.003495673 0.007813895 0.024 -0.01250433 -0.004186105 0.021 -0.01250433 -0.004186105 0.024 -0.01167753 -0.01063611 0.021 -0.01179613 -0.009711105 0.024 -0.01091503 -0.01658467 0.021 -0.01091503 -0.01658467 0.0148453 -0.01000433 0.006813895 0.0136906 -0.008004327 0.006813895 0.0148453 -0.01000433 0.008813895 0.0136906 -0.008004327 0.008813895 -0.0112 -0.001851847 0.006813895 -0.0112 -0.001851847 0.007813895 -0.0112 0.001843193 0.006813895 -0.0112 0.001843193 0.007813895 0.0177574 0.01099567 0.007813895 0.0177574 0.01095187 0.007813895 0.017732 0.01099567 0.007813895 -0.007999999 0.009045673 0.008813895 -0.007999999 0.009045673 0.01081389 -0.008271759 0.009009893 0.008813895 -0.008271759 0.009009893 0.01081389 -0.008524999 0.008905003 0.008813895 -0.008524999 0.008905003 0.01081389 -0.008742459 0.008738133 0.008813895 -0.008742459 0.008738133 0.01081389 -0.008909329 0.008520673 0.008813895 -0.008909329 0.008520673 0.01081389 -0.009014219 0.008267433 0.008813895 -0.009014219 0.008267433 0.01081389 -0.009049999 0.007995673 0.008813895 -0.009049999 0.007995673 0.01081389 -0.009014219 0.007723913 0.008813895 -0.009014219 0.007723913 0.01081389 -0.008909329 0.007470673 0.008813895 -0.008909329 0.007470673 0.01081389 -0.008742459 0.007253213 0.008813895 -0.008742459 0.007253213 0.01081389 -0.008524999 0.007086343 0.008813895 -0.008524999 0.007086343 0.01081389 -0.008271759 0.006981453 0.008813895 -0.008271759 0.006981453 0.01081389 -0.007999999 0.006945673 0.008813895 -0.007999999 0.006945673 0.01081389 -0.0183094 0.007995673 0.006813895 -0.0171547 0.009995673 0.006813895 -0.0183094 0.007995673 0.008813895 -0.0171547 0.009995673 0.008813895 0.0112 0.009843193 0.006813895 0.009203851 0.01099567 0.006813895 0.0112 0.009843193 0.007813895 0.009203851 0.01099567 0.007813895 -0.005999999 -0.003504327 0.006313895 0.009919111 -0.004504327 0.006313895 -0.009919109 -0.004504327 0.006313895 -0.0129437 -0.005509217 0.006313895 -0.0129437 -0.004455467 0.006313895 -0.0100809 -0.003504327 0.006313895 0.006000001 0.003495673 0.006313895 -0.009919109 0.004495673 0.006313895 0.009919111 0.004495673 0.006313895 0.0129437 0.005500563 0.006313895 0.0129437 0.004446813 0.006313895 0.0100809 0.003495673 0.006313895 -0.004932959 -0.002633737 0.006313895 -0.004883009 -0.002754327 0.006313895 0.004700001 -0.002937337 0.006313895 0.004803551 -0.002857877 0.006313895 0.006000001 -0.003504327 0.006313895 0.004883011 -0.002754327 0.006313895 -0.004699999 0.002928683 0.006313895 -0.004803549 0.002849223 0.006313895 -0.005999999 0.003495673 0.006313895 -0.004883009 0.002745673 0.006313895 -0.004803549 -0.002857877 0.006313895 -0.004699999 -0.002937337 0.006313895 -0.004579409 -0.002987287 0.006313895 0.004932961 0.002625083 0.006313895 0.004883011 0.002745673 0.006313895 0.004803551 0.002849223 0.006313895 0.004700001 0.002928683 0.006313895 0.004579411 0.002978633 0.006313895 -0.004932959 0.002625083 0.006313895 -0.004949999 0.002495673 0.006313895 -0.004949999 -0.002504327 0.006313895 -0.004449999 -0.003004327 0.006313895 0.004450001 -0.003004327 0.006313895 0.004579411 -0.002987287 0.006313895 0.004450001 0.002995673 0.006313895 -0.004449999 0.002995673 0.006313895 -0.004579409 0.002978633 0.006313895 0.0100809 -0.003504327 0.006313895 -0.0100809 0.003495673 0.006313895 -0.0129437 0.005500563 0.006313895 -0.0129437 0.004446813 0.006313895 0.004932961 -0.002633737 0.006313895 0.004950001 -0.002504327 0.006313895 0.004950001 0.002495673 0.006313895 -0.005999999 -0.009159027 0.006813895 -0.007999999 -0.01031373 0.006813895 -0.005999999 -0.009159027 0.008813895 -0.007999999 -0.01031373 0.008813895 0.004800001 -0.009851847 0.006813895 0.006796151 -0.01100433 0.006813895 0.004800001 -0.009851847 0.007813895 0.006796151 -0.01100433 0.007813895 -0.002645749 -0.003004327 0.009313895 -0.002645749 -0.003004327 0.01081389 -0.001853579 -0.003548937 0.009313895 -0.001853579 -0.003548937 0.01081389 -0.0009543504 -0.003888807 0.009313895 -0.0009543504 -0.003888807 0.01081389 5.663734e-10 -0.004004327 0.009313895 5.663734e-10 -0.004004327 0.01081389 0.0009543516 -0.003888807 0.009313895 0.0009543516 -0.003888807 0.01081389 0.001853581 -0.003548937 0.009313895 0.001853581 -0.003548937 0.01081389 0.002645751 -0.003004327 0.009313895 0.002645751 -0.003004327 0.01081389 -0.0183094 -0.006004327 0.006813895 -0.0183094 -0.006004327 0.007261895 -0.021 -0.006004327 0.004571295 -0.0148453 -0.006004327 0.008813895 -0.0171547 -0.006004327 0.008813895 -0.0148453 -0.006004327 0.006813895 -0.0171547 -0.006004327 0.006813895 -0.0144338 -0.006004327 0.006086695 -0.0144338 -0.006004327 0.006813895 -0.0148571 -0.006004327 0.005933295 -0.0158026 -0.006004327 0.005415895 -0.0195398 -0.006004327 0.001333895 -0.0190964 -0.006004327 0.002117595 -0.0185196 -0.006004327 0.002808995 -0.0198355 -0.006004327 0.0004833945 -0.021 -0.006004327 -0.003086105 -0.021 -0.006004327 -0.004186105 -0.0164792 -0.006004327 0.004849395 0.01 -0.006849627 0.006813895 0.01 -0.009159027 0.006813895 0.01 -0.006849627 0.008813895 0.01 -0.009159027 0.008813895 0.01 -0.006849627 0.008813895 0.009050001 -0.008004327 0.008813895 0.009014221 -0.007732567 0.008813895 0.009014221 -0.008276087 0.008813895 0.01 -0.009159027 0.008813895 0.008909331 -0.008529327 0.008813895 0.006985781 -0.008276087 0.008813895 0.006000001 -0.009159027 0.008813895 0.006950001 -0.008004327 0.008813895 0.006000001 -0.006849627 0.008813895 0.006985781 -0.007732567 0.008813895 0.007090671 -0.007479327 0.008813895 0.007728241 -0.009018547 0.008813895 0.008000001 -0.009054327 0.008813895 0.008000001 -0.01031373 0.008813895 0.008000001 -0.005694927 0.008813895 0.008271761 -0.006990107 0.008813895 0.008000001 -0.006954327 0.008813895 0.008909331 -0.007479327 0.008813895 0.008742461 -0.007261867 0.008813895 0.008525001 -0.007094997 0.008813895 0.007090671 -0.008529327 0.008813895 0.007257541 -0.008746787 0.008813895 0.007475001 -0.008913657 0.008813895 0.008271761 -0.009018547 0.008813895 0.008525001 -0.008913657 0.008813895 0.008742461 -0.008746787 0.008813895 0.007728241 -0.006990107 0.008813895 0.007475001 -0.007094997 0.008813895 0.007257541 -0.007261867 0.008813895 -0.009999999 -0.009159027 0.006813895 -0.009999999 -0.006849627 0.006813895 -0.009999999 -0.009159027 0.008813895 -0.009999999 -0.006849627 0.008813895 -0.0241 0.0006409837 -0.0100134 -0.024 0.0006896877 -0.01000184 -0.0241 0.0006879787 -0.009996955 -0.024 0.001343373 -0.009753925 -0.0241 0.001253933 -0.009798915 -0.0241 0.001338323 -0.009745895 -0.024 0.001918733 -0.009356785 -0.0241 0.001803793 -0.009453415 -0.0241 0.001909573 -0.009347635 -0.024 0.002382323 -0.008833495 -0.0241 0.002262983 -0.008994225 -0.0241 0.002369173 -0.008825225 -0.0241 0.002608483 -0.008444365 -0.024 0.002707223 -0.008214455 -0.0241 0.002690923 -0.008208755 -0.0241 0.002822963 -0.007831415 -0.024 0.002874533 -0.007535665 -0.0241 0.002856513 -0.007533635 -0.0241 0.002895673 -0.007186105 -0.024 0.002874533 -0.006836545 -0.0241 0.002856513 -0.006838575 -0.0241 0.002822963 -0.006540795 -0.024 0.002707223 -0.006157755 -0.0241 0.002690923 -0.006163455 -0.0241 0.002608483 -0.005927845 -0.024 0.002382323 -0.005538715 -0.0241 0.002369173 -0.005546985 -0.0241 0.002262983 -0.005377985 -0.024 0.001918733 -0.005015405 -0.0241 0.001909573 -0.005024605 -0.0241 0.001803793 -0.004918805 -0.024 0.001343373 -0.004618305 -0.0241 0.001338323 -0.004626305 -0.0241 0.001253933 -0.004573305 -0.024 0.0006896877 -0.004370405 -0.0241 0.0006409837 -0.004358805 -0.0241 0.0006879787 -0.004375305 0.0185196 0.004995673 0.002808995 0.0185196 0.005995673 0.002808995 0.0190964 0.004995673 0.002117595 0.0190964 0.005995673 0.002117595 0.0195398 0.004995673 0.001333895 0.0195398 0.005995673 0.001333895 0.0198355 0.004995673 0.0004833945 0.0198355 0.005995673 0.0004833945 -0.0144338 -0.006004327 0.006813895 -0.0138102 -0.005797137 0.006813895 -0.0125359 -0.008004327 0.006813895 -0.0183094 -0.006004327 0.006813895 -0.0171547 -0.006004327 0.006813895 -0.0187574 -0.006780217 0.006813895 -0.0183094 -0.008004327 0.006813895 -0.0148453 -0.006004327 0.006813895 -0.0136906 -0.008004327 0.006813895 -0.0148453 -0.01000433 0.006813895 -0.0142679 -0.01100433 0.006813895 -0.0171547 -0.01000433 0.006813895 -0.017732 -0.01100433 0.006813895 -0.0187574 -0.009228437 0.006813895 -0.0148453 -0.006004327 0.008813895 -0.0148453 -0.006004327 0.006813895 -0.0136906 -0.008004327 0.008813895 -0.0136906 -0.008004327 0.006813895 0.023 0.0007381347 -0.02244365 0.023 0.001339173 -0.02184261 0.023 0.0005206727 -0.02227678 0.023 0.0009456727 -0.02154066 0.023 0.0002674327 -0.02217189 0.023 0.0004874287 -0.02135085 0.023 -4.327295e-06 -0.02213611 0.023 -4.327295e-06 -0.02128611 0.023 -0.0002760873 -0.02217189 0.023 -0.0004960833 -0.02135085 0.023 -0.0005293273 -0.02227678 0.023 -0.0009543273 -0.02154066 0.023 -0.0007467893 -0.02244365 0.023 -0.001347827 -0.02184261 0.023 -0.0009136543 -0.02266111 0.023 -0.001649777 -0.02223611 0.023 -0.001018547 -0.02291435 0.023 -0.001839587 -0.02269435 0.023 -0.001054327 -0.02318611 0.023 -0.001904327 -0.02318611 0.023 -0.001018547 -0.02345787 0.023 -0.001839587 -0.02367787 0.023 -0.0009136543 -0.02371111 0.023 -0.001649777 -0.02413611 0.023 -0.0007467893 -0.02392857 0.023 -0.001347827 -0.02452961 0.023 -0.0005293273 -0.02409544 0.023 -0.0009543273 -0.02483156 0.023 -0.0002760873 -0.02420033 0.023 -0.0004960833 -0.02502137 0.023 -4.327295e-06 -0.02423611 0.023 -4.327295e-06 -0.02508611 0.023 0.0002674327 -0.02420033 0.023 0.0004874287 -0.02502137 0.023 0.0005206727 -0.02409544 0.023 0.0009456727 -0.02483156 0.023 0.0007381347 -0.02392857 0.023 0.001339173 -0.02452961 0.023 0.0009049997 -0.02371111 0.023 0.001641123 -0.02413611 0.023 0.001009893 -0.02345787 0.023 0.001830933 -0.02367787 0.023 0.001045673 -0.02318611 0.023 0.001895673 -0.02318611 0.023 0.001009893 -0.02291435 0.023 0.001830933 -0.02269435 0.023 0.0009049997 -0.02266111 0.023 0.001641123 -0.02223611 0.006000001 -0.006849627 0.006813895 0.008000001 -0.005694927 0.006813895 0.006000001 -0.006849627 0.008813895 0.008000001 -0.005694927 0.008813895 -0.0154 0.003495673 0.01081389 -0.0154 0.003495673 0.007813895 -0.0152447 0.003475233 0.01081389 -0.0152447 0.003475233 0.007813895 -0.0151 0.003415293 0.01081389 -0.0151 0.003415293 0.007813895 -0.0149757 0.003319933 0.01081389 -0.0149757 0.003319933 0.007813895 -0.0148804 0.003195673 0.01081389 -0.0148804 0.003195673 0.007813895 -0.0148204 0.003050963 0.01081389 -0.0148204 0.003050963 0.007813895 -0.0148 0.002895673 0.01081389 -0.0148 0.002895673 0.007813895 -0.01495 0.007995673 0.008813895 -0.01495 0.007995673 0.01081389 -0.0149858 0.008267433 0.008813895 -0.0149858 0.008267433 0.01081389 -0.0150907 0.008520673 0.008813895 -0.0150907 0.008520673 0.01081389 -0.0152575 0.008738133 0.008813895 -0.0152575 0.008738133 0.01081389 -0.015475 0.008905003 0.008813895 -0.015475 0.008905003 0.01081389 -0.0157282 0.009009893 0.008813895 -0.0157282 0.009009893 0.01081389 -0.016 0.009045673 0.008813895 -0.016 0.009045673 0.01081389 -0.0162718 0.009009893 0.008813895 -0.0162718 0.009009893 0.01081389 -0.016525 0.008905003 0.008813895 -0.016525 0.008905003 0.01081389 -0.0167425 0.008738133 0.008813895 -0.0167425 0.008738133 0.01081389 -0.0169093 0.008520673 0.008813895 -0.0169093 0.008520673 0.01081389 -0.0170142 0.008267433 0.008813895 -0.0170142 0.008267433 0.01081389 -0.01705 0.007995673 0.008813895 -0.01705 0.007995673 0.01081389 0.019 -0.01250433 0.01081389 0.019 -0.01077933 0.01081389 0.012 -0.01077933 0.01081389 -0.018025 0.005470673 0.01081389 -0.018025 0.01249567 0.01081389 -0.019 0.01249567 0.01081389 -0.004932959 -0.002633737 0.01081389 -0.004946709 -0.002529327 0.01081389 -0.012 -0.002529327 0.01081389 -0.004449999 0.002995673 0.01081389 -0.002999999 0.002995673 0.01081389 -0.002999999 0.005470673 0.01081389 0.0185 -0.001970357 0.01081389 0.0187071 -0.001811437 0.01081389 0.0178 -0.0009043273 0.01081389 -0.0178 -0.0009043273 0.01081389 -0.0178 0.002520673 0.01081389 -0.018025 0.002520673 0.01081389 0.005950001 0.005470673 0.01081389 0.012 0.002520673 0.01081389 0.012 0.005470673 0.01081389 0.0148 0.002895673 0.01081389 0.0148204 0.003050963 0.01081389 0.0148804 0.003195673 0.01081389 0.0149757 0.003319933 0.01081389 0.0151 0.003415293 0.01081389 0.0177796 0.003050963 0.01081389 0.019 0.002520673 0.01081389 0.0177196 0.003195673 0.01081389 0.019 0.004995673 0.01081389 0.0176243 0.003319933 0.01081389 0.0175 0.003415293 0.01081389 0.019 0.005470673 0.01081389 0.0173553 0.003475233 0.01081389 0.0152447 0.003475233 0.01081389 0.0154 0.003495673 0.01081389 0.0172 0.003495673 0.01081389 0.012 -0.002529327 0.01081389 0.0150871 -0.002529327 0.01081389 0.0150679 -0.002504327 0.01081389 0.0148681 -0.002021967 0.01081389 0.0148 -0.001504327 0.01081389 0.0148 0.002520673 0.01081389 0.0149858 -0.008276087 0.01081389 0.01495 -0.008004327 0.01081389 0.019 -0.005004327 0.01081389 0.0170142 -0.007732567 0.01081389 0.01705 -0.008004327 0.01081389 0.0170142 -0.008276087 0.01081389 0.0149858 -0.007732567 0.01081389 0.0150907 -0.007479327 0.01081389 0.0169093 -0.008529327 0.01081389 0.0167425 -0.008746787 0.01081389 0.016525 -0.008913657 0.01081389 0.015475 -0.008913657 0.01081389 0.0152575 -0.008746787 0.01081389 0.0150907 -0.008529327 0.01081389 0.016525 -0.007094997 0.01081389 0.0167425 -0.007261867 0.01081389 0.0169093 -0.007479327 0.01081389 0.0158 -0.003236377 0.01081389 0.0153858 -0.002918537 0.01081389 0.0157282 -0.006990107 0.01081389 0.015475 -0.007094997 0.01081389 0.0152575 -0.007261867 0.01081389 0.0162718 -0.009018547 0.01081389 0.016 -0.009054327 0.01081389 0.0157282 -0.009018547 0.01081389 0.0162824 -0.003436177 0.01081389 0.016 -0.006954327 0.01081389 0.0168 -0.003504327 0.01081389 0.0162718 -0.006990107 0.01081389 0.018 -0.003504327 0.01081389 0.0182588 -0.003538397 0.01081389 0.019 -0.004504327 0.01081389 0.0189659 -0.004245507 0.01081389 0.018866 -0.004004327 0.01081389 0.0187071 -0.003797217 0.01081389 0.0185 -0.003638297 0.01081389 -0.019 -0.01077933 0.01081389 -0.018025 -0.01077933 0.01081389 -0.019 -0.005004327 0.01081389 -0.018025 -0.003507617 0.01081389 -0.019 -0.004504327 0.01081389 -0.0182588 -0.003538397 0.01081389 -0.0185 -0.003638297 0.01081389 -0.0187071 -0.003797217 0.01081389 -0.018866 -0.004004327 0.01081389 -0.0189659 -0.004245507 0.01081389 -0.015475 -0.007094997 0.01081389 -0.0152575 -0.007261867 0.01081389 -0.0150907 -0.008529327 0.01081389 -0.0152575 -0.008746787 0.01081389 -0.012 -0.01077933 0.01081389 -0.0149858 -0.008276087 0.01081389 -0.0157282 -0.006990107 0.01081389 -0.015475 -0.008913657 0.01081389 -0.0157282 -0.009018547 0.01081389 -0.016 -0.009054327 0.01081389 -0.0162718 -0.009018547 0.01081389 -0.0150907 -0.007479327 0.01081389 -0.0149858 -0.007732567 0.01081389 -0.01495 -0.008004327 0.01081389 -0.016525 -0.008913657 0.01081389 -0.0167425 -0.008746787 0.01081389 -0.0169093 -0.008529327 0.01081389 -0.0158 -0.003236377 0.01081389 -0.0162824 -0.003436177 0.01081389 -0.0170142 -0.008276087 0.01081389 -0.01705 -0.008004327 0.01081389 -0.0170142 -0.007732567 0.01081389 -0.0169093 -0.007479327 0.01081389 -0.0167425 -0.007261867 0.01081389 -0.016525 -0.007094997 0.01081389 -0.018 -0.003504327 0.01081389 -0.0162718 -0.006990107 0.01081389 -0.0168 -0.003504327 0.01081389 -0.016 -0.006954327 0.01081389 -0.0148681 -0.002021967 0.01081389 -0.0150679 -0.002504327 0.01081389 -0.0150871 -0.002529327 0.01081389 -0.0153858 -0.002918537 0.01081389 -0.0178 0.002895673 0.01081389 -0.0177796 0.003050963 0.01081389 -0.0148804 0.003195673 0.01081389 -0.0148204 0.003050963 0.01081389 -0.012 0.005470673 0.01081389 -0.0177196 0.003195673 0.01081389 -0.0176243 0.003319933 0.01081389 -0.0175 0.003415293 0.01081389 -0.0148 0.002895673 0.01081389 -0.012 0.002520673 0.01081389 -0.0148 0.002520673 0.01081389 -0.0148 -0.001504327 0.01081389 -0.0152447 0.003475233 0.01081389 -0.0151 0.003415293 0.01081389 -0.0149757 0.003319933 0.01081389 -0.0173553 0.003475233 0.01081389 -0.0172 0.003495673 0.01081389 -0.0154 0.003495673 0.01081389 -0.0171204 -0.001349037 0.01081389 -0.0171804 -0.001204327 0.01081389 -0.0177 -0.0009043273 0.01081389 -0.018025 -0.002101037 0.01081389 -0.018 -0.002104327 0.01081389 -0.0177 -0.002104327 0.01081389 -0.0175447 -0.002083887 0.01081389 -0.0174 -0.002023947 0.01081389 -0.0172757 -0.001928587 0.01081389 -0.0171804 -0.001804327 0.01081389 -0.0172757 -0.001080067 0.01081389 -0.0174 -0.0009847123 0.01081389 -0.0175447 -0.0009247713 0.01081389 -0.0171204 -0.001659617 0.01081389 -0.0171 -0.001504327 0.01081389 -0.0187071 -0.001811437 0.01081389 -0.0185 -0.001970357 0.01081389 -0.0182588 -0.002070257 0.01081389 -0.018866 -0.001604327 0.01081389 0.0178 0.002895673 0.01081389 0.0178 0.002520673 0.01081389 0.019 -0.001104327 0.01081389 0.0182588 -0.002070257 0.01081389 0.018866 -0.001604327 0.01081389 0.0189659 -0.001363147 0.01081389 0.0174 -0.002023947 0.01081389 0.0175447 -0.002083887 0.01081389 0.0177 -0.0009043273 0.01081389 0.0177 -0.002104327 0.01081389 0.018 -0.002104327 0.01081389 0.0175447 -0.0009247713 0.01081389 0.0171804 -0.001804327 0.01081389 0.0172757 -0.001928587 0.01081389 0.0174 -0.0009847123 0.01081389 0.0172757 -0.001080067 0.01081389 0.0171804 -0.001204327 0.01081389 0.0171204 -0.001349037 0.01081389 0.0171 -0.001504327 0.01081389 0.0171204 -0.001659617 0.01081389 0.005950001 0.002520673 0.01081389 0.004950001 0.002495673 0.01081389 0.005950001 -0.002529327 0.01081389 0.004950001 -0.002504327 0.01081389 0.004946711 -0.002529327 0.01081389 0.004700001 0.002928683 0.01081389 0.004803551 0.002849223 0.01081389 0.004883011 0.002745673 0.01081389 0.004932961 0.002625083 0.01081389 0.004946711 0.002520673 0.01081389 0.003000001 0.002995673 0.01081389 0.004450001 0.002995673 0.01081389 0.004579411 0.002978633 0.01081389 0.003000001 0.005470673 0.01081389 0.0009543516 0.003880153 0.01081389 0.001853581 0.003540283 0.01081389 5.663734e-10 0.003995673 0.01081389 -0.0009543504 0.003880153 0.01081389 -0.002645749 0.002995673 0.01081389 -0.001853579 0.003540283 0.01081389 -0.004932959 0.002625083 0.01081389 -0.004883009 0.002745673 0.01081389 -0.004946709 0.002520673 0.01081389 -0.004803549 0.002849223 0.01081389 -0.004699999 0.002928683 0.01081389 -0.004579409 0.002978633 0.01081389 -0.006949999 -4.327295e-06 0.01081389 -0.004949999 -0.002504327 0.01081389 -0.006985779 0.0002674327 0.01081389 -0.004949999 0.002495673 0.01081389 -0.008909329 0.0005206727 0.01081389 -0.008742459 0.0007381347 0.01081389 -0.007728239 0.001009893 0.01081389 -0.007474999 0.0009049997 0.01081389 -0.007257539 0.0007381347 0.01081389 -0.007090669 0.0005206727 0.01081389 -0.008909329 -0.0005293273 0.01081389 -0.008742459 -0.0007467893 0.01081389 -0.008524999 -0.0009136543 0.01081389 -0.009014219 -0.0002760873 0.01081389 -0.009049999 -4.327295e-06 0.01081389 -0.009014219 0.0002674327 0.01081389 -0.008524999 0.0009049997 0.01081389 -0.008271759 0.001009893 0.01081389 -0.007999999 0.001045673 0.01081389 -0.006985779 -0.0002760873 0.01081389 -0.007090669 -0.0005293273 0.01081389 -0.007257539 -0.0007467893 0.01081389 -0.007474999 -0.0009136543 0.01081389 -0.007728239 -0.001018547 0.01081389 -0.007999999 -0.001054327 0.01081389 -0.008271759 -0.001018547 0.01081389 -0.004883009 -0.002754327 0.01081389 -0.004803549 -0.002857877 0.01081389 -0.006985779 -0.007732567 0.01081389 -0.006949999 -0.008004327 0.01081389 -0.002999999 -0.01077933 0.01081389 -0.006985779 -0.008276087 0.01081389 -0.007090669 -0.008529327 0.01081389 -0.007257539 -0.008746787 0.01081389 -0.007474999 -0.008913657 0.01081389 -0.008742459 -0.008746787 0.01081389 -0.008909329 -0.008529327 0.01081389 -0.008524999 -0.008913657 0.01081389 -0.008271759 -0.006990107 0.01081389 -0.007999999 -0.006954327 0.01081389 -0.007728239 -0.009018547 0.01081389 -0.007999999 -0.009054327 0.01081389 -0.008271759 -0.009018547 0.01081389 -0.009014219 -0.008276087 0.01081389 -0.009049999 -0.008004327 0.01081389 -0.009014219 -0.007732567 0.01081389 -0.008909329 -0.007479327 0.01081389 -0.008742459 -0.007261867 0.01081389 -0.008524999 -0.007094997 0.01081389 -0.004449999 -0.003004327 0.01081389 -0.007257539 -0.007261867 0.01081389 -0.002999999 -0.003004327 0.01081389 -0.007090669 -0.007479327 0.01081389 -0.004579409 -0.002987287 0.01081389 -0.004699999 -0.002937337 0.01081389 -0.007474999 -0.007094997 0.01081389 -0.007728239 -0.006990107 0.01081389 0.001014221 -0.007732567 0.01081389 0.001050001 -0.008004327 0.01081389 0.003000001 -0.01077933 0.01081389 0.001014221 -0.008276087 0.01081389 -0.001049999 -0.008004327 0.01081389 -0.001014219 -0.007732567 0.01081389 0.0009093276 -0.008529327 0.01081389 0.0007424626 -0.008746787 0.01081389 0.0005250006 -0.008913657 0.01081389 -0.0005249994 -0.008913657 0.01081389 -0.0007424614 -0.008746787 0.01081389 0.0002717606 -0.009018547 0.01081389 5.663734e-10 -0.009054327 0.01081389 -0.0002717594 -0.009018547 0.01081389 -0.0009093264 -0.008529327 0.01081389 -0.001014219 -0.008276087 0.01081389 -0.0009093264 -0.007479327 0.01081389 -0.0007424614 -0.007261867 0.01081389 -0.0005249994 -0.007094997 0.01081389 0.0005250006 -0.007094997 0.01081389 0.0007424626 -0.007261867 0.01081389 0.003000001 -0.003004327 0.01081389 0.0009093276 -0.007479327 0.01081389 -0.002645749 -0.003004327 0.01081389 -0.001853579 -0.003548937 0.01081389 -0.0009543504 -0.003888807 0.01081389 -0.0002717594 -0.006990107 0.01081389 5.663734e-10 -0.004004327 0.01081389 5.663734e-10 -0.006954327 0.01081389 0.0009543516 -0.003888807 0.01081389 0.0002717606 -0.006990107 0.01081389 0.001853581 -0.003548937 0.01081389 0.002645751 -0.003004327 0.01081389 0.004932961 -0.002633737 0.01081389 0.004883011 -0.002754327 0.01081389 0.005950001 -0.01077933 0.01081389 0.004803551 -0.002857877 0.01081389 0.004700001 -0.002937337 0.01081389 0.004450001 -0.003004327 0.01081389 0.004579411 -0.002987287 0.01081389 0.0162718 0.009009893 0.01081389 0.016525 0.008905003 0.01081389 0.019 0.01249567 0.01081389 0.0170142 0.008267433 0.01081389 0.01705 0.007995673 0.01081389 0.0170142 0.007723913 0.01081389 0.0149858 0.007723913 0.01081389 0.01495 0.007995673 0.01081389 0.012 0.01249567 0.01081389 0.0150907 0.008520673 0.01081389 0.0152575 0.008738133 0.01081389 0.0167425 0.008738133 0.01081389 0.0169093 0.008520673 0.01081389 0.0169093 0.007470673 0.01081389 0.0167425 0.007253213 0.01081389 0.016525 0.007086343 0.01081389 0.0149858 0.008267433 0.01081389 0.015475 0.007086343 0.01081389 0.0152575 0.007253213 0.01081389 0.0150907 0.007470673 0.01081389 0.0162718 0.006981453 0.01081389 0.016 0.006945673 0.01081389 0.0157282 0.006981453 0.01081389 0.015475 0.008905003 0.01081389 0.0157282 0.009009893 0.01081389 0.016 0.009045673 0.01081389 0.008525001 0.008905003 0.01081389 0.008742461 0.008738133 0.01081389 0.009050001 0.007995673 0.01081389 0.009014221 0.008267433 0.01081389 0.008909331 0.008520673 0.01081389 0.009014221 0.007723913 0.01081389 0.008909331 0.007470673 0.01081389 0.008742461 0.007253213 0.01081389 0.007728241 0.006981453 0.01081389 0.007475001 0.007086343 0.01081389 0.007257541 0.007253213 0.01081389 0.007090671 0.007470673 0.01081389 0.007090671 0.008520673 0.01081389 0.007257541 0.008738133 0.01081389 0.005950001 0.01249567 0.01081389 0.007475001 0.008905003 0.01081389 0.008525001 0.007086343 0.01081389 0.008271761 0.006981453 0.01081389 0.008000001 0.006945673 0.01081389 0.007728241 0.009009893 0.01081389 0.008000001 0.009045673 0.01081389 0.008271761 0.009009893 0.01081389 0.006985781 0.007723913 0.01081389 0.006950001 0.007995673 0.01081389 0.006985781 0.008267433 0.01081389 0.003000001 0.01249567 0.01081389 0.002645751 0.002995673 0.01081389 0.0005250006 0.008905003 0.01081389 0.0007424626 0.008738133 0.01081389 -0.001014219 0.008267433 0.01081389 -0.002999999 0.01249567 0.01081389 -0.001049999 0.007995673 0.01081389 -0.0009093264 0.008520673 0.01081389 -0.0007424614 0.008738133 0.01081389 -0.0005249994 0.008905003 0.01081389 0.001050001 0.007995673 0.01081389 0.001014221 0.008267433 0.01081389 0.0009093276 0.008520673 0.01081389 -0.0002717594 0.006981453 0.01081389 -0.0005249994 0.007086343 0.01081389 -0.0007424614 0.007253213 0.01081389 0.001014221 0.007723913 0.01081389 0.0009093276 0.007470673 0.01081389 0.0007424626 0.007253213 0.01081389 0.0005250006 0.007086343 0.01081389 0.0002717606 0.006981453 0.01081389 5.663734e-10 0.006945673 0.01081389 -0.0009093264 0.007470673 0.01081389 -0.001014219 0.007723913 0.01081389 -0.0002717594 0.009009893 0.01081389 5.663734e-10 0.009045673 0.01081389 0.0002717606 0.009009893 0.01081389 -0.008909329 0.008520673 0.01081389 -0.008742459 0.008738133 0.01081389 -0.012 0.01249567 0.01081389 -0.008524999 0.008905003 0.01081389 -0.006985779 0.007723913 0.01081389 -0.007090669 0.007470673 0.01081389 -0.007257539 0.007253213 0.01081389 -0.007474999 0.007086343 0.01081389 -0.007728239 0.006981453 0.01081389 -0.007999999 0.006945673 0.01081389 -0.008271759 0.006981453 0.01081389 -0.007474999 0.008905003 0.01081389 -0.007257539 0.008738133 0.01081389 -0.008524999 0.007086343 0.01081389 -0.008742459 0.007253213 0.01081389 -0.008909329 0.007470673 0.01081389 -0.009014219 0.007723913 0.01081389 -0.009049999 0.007995673 0.01081389 -0.009014219 0.008267433 0.01081389 -0.007090669 0.008520673 0.01081389 -0.006985779 0.008267433 0.01081389 -0.006949999 0.007995673 0.01081389 -0.008271759 0.009009893 0.01081389 -0.007999999 0.009045673 0.01081389 -0.007728239 0.009009893 0.01081389 -0.0150907 0.007470673 0.01081389 -0.0152575 0.007253213 0.01081389 -0.0149858 0.007723913 0.01081389 -0.0167425 0.008738133 0.01081389 -0.016525 0.008905003 0.01081389 -0.015475 0.008905003 0.01081389 -0.0152575 0.008738133 0.01081389 -0.0162718 0.006981453 0.01081389 -0.016525 0.007086343 0.01081389 -0.0167425 0.007253213 0.01081389 -0.0169093 0.007470673 0.01081389 -0.0169093 0.008520673 0.01081389 -0.0170142 0.007723913 0.01081389 -0.01705 0.007995673 0.01081389 -0.0170142 0.008267433 0.01081389 -0.0162718 0.009009893 0.01081389 -0.016 0.009045673 0.01081389 -0.0157282 0.009009893 0.01081389 -0.0150907 0.008520673 0.01081389 -0.0149858 0.008267433 0.01081389 -0.01495 0.007995673 0.01081389 -0.015475 0.007086343 0.01081389 -0.0157282 0.006981453 0.01081389 -0.016 0.006945673 0.01081389 -0.019 0.005470673 0.01081389 -0.019 0.004995673 0.01081389 -0.019 0.002520673 0.01081389 -0.019 -0.001104327 0.01081389 -0.0189659 -0.001363147 0.01081389 0.008909331 -0.0005293273 0.01081389 0.008742461 -0.0007467893 0.01081389 0.008909331 0.0005206727 0.01081389 0.009014221 0.0002674327 0.01081389 0.009050001 -4.327295e-06 0.01081389 0.009014221 -0.0002760873 0.01081389 0.008271761 0.001009893 0.01081389 0.008525001 0.0009049997 0.01081389 0.008742461 0.0007381347 0.01081389 0.007728241 -0.001018547 0.01081389 0.007475001 -0.0009136543 0.01081389 0.007257541 -0.0007467893 0.01081389 0.007090671 -0.0005293273 0.01081389 0.007090671 0.0005206727 0.01081389 0.007257541 0.0007381347 0.01081389 0.008525001 -0.0009136543 0.01081389 0.008271761 -0.001018547 0.01081389 0.008000001 -0.001054327 0.01081389 0.006985781 -0.0002760873 0.01081389 0.006950001 -4.327295e-06 0.01081389 0.006985781 0.0002674327 0.01081389 0.008000001 0.001045673 0.01081389 0.007475001 0.0009049997 0.01081389 0.007728241 0.001009893 0.01081389 0.008525001 -0.007094997 0.01081389 0.008742461 -0.007261867 0.01081389 0.008742461 -0.008746787 0.01081389 0.008909331 -0.008529327 0.01081389 0.009014221 -0.008276087 0.01081389 0.008525001 -0.008913657 0.01081389 0.008271761 -0.009018547 0.01081389 0.008000001 -0.009054327 0.01081389 0.007728241 -0.009018547 0.01081389 0.007475001 -0.008913657 0.01081389 0.007257541 -0.008746787 0.01081389 0.007090671 -0.008529327 0.01081389 0.008909331 -0.007479327 0.01081389 0.009014221 -0.007732567 0.01081389 0.009050001 -0.008004327 0.01081389 0.006985781 -0.007732567 0.01081389 0.006950001 -0.008004327 0.01081389 0.006985781 -0.008276087 0.01081389 0.007090671 -0.007479327 0.01081389 0.007257541 -0.007261867 0.01081389 0.007475001 -0.007094997 0.01081389 0.007728241 -0.006990107 0.01081389 0.008000001 -0.006954327 0.01081389 0.008271761 -0.006990107 0.01081389 0.012 -0.01250433 0.01081389 0.005950001 -0.01250433 0.01081389 0.003000001 -0.01250433 0.01081389 -0.002999999 -0.01250433 0.01081389 -0.012 -0.01250433 0.01081389 -0.018025 -0.01250433 0.01081389 -0.019 -0.01250433 0.01081389 -0.0112 0.006148153 0.006813895 -0.0112 0.006148153 0.007813895 -0.0112 0.009843193 0.006813895 -0.0112 0.009843193 0.007813895 0.0183094 0.005995673 0.006813895 0.0183094 0.005995673 0.007261895 0.021 0.005995673 0.004571295 0.0148453 0.005995673 0.008813895 0.0171547 0.005995673 0.008813895 0.0148453 0.005995673 0.006813895 0.0171547 0.005995673 0.006813895 0.0144338 0.005995673 0.006086695 0.0144338 0.005995673 0.006813895 0.0148571 0.005995673 0.005933295 0.0158026 0.005995673 0.005415895 0.0195398 0.005995673 0.001333895 0.0190964 0.005995673 0.002117595 0.0185196 0.005995673 0.002808995 0.0198355 0.005995673 0.0004833945 0.021 0.005995673 -0.003086105 0.021 0.005995673 -0.004186105 0.0164792 0.005995673 0.004849395 -0.024 0.001030953 -0.01904981 -0.021 0.001030953 -0.01904981 -0.024 0.001995673 -0.01865021 -0.021 0.001995673 -0.01865021 -0.024 0.002014053 -0.01863611 -0.021 0.002520673 -0.01824736 -0.024 0.002824103 -0.01801454 -0.021 0.002824103 -0.01801454 -0.021 0.003056923 -0.01771111 -0.024 0.003445673 -0.01720449 -0.021 0.003459773 -0.01718611 -0.021 0.001030953 -0.01132241 -0.024 0.001030953 -0.01132241 -0.021 0.001995673 -0.01172201 -0.024 0.001995673 -0.01172201 -0.021 0.002520673 -0.01212486 -0.024 0.002824103 -0.01235768 -0.021 0.002824103 -0.01235768 -0.024 0.003445673 -0.01316773 -0.021 0.003459773 -0.01318611 -0.024 0.003459773 -0.01318611 -0.021 0.003859373 -0.01415083 -0.024 0.003859373 -0.01415083 -0.021 0.003995673 -0.01518611 -0.024 0.003995673 -0.01518611 -0.021 0.003859373 -0.01622139 -0.024 0.003859373 -0.01622139 -0.024 0.003459773 -0.01718611 0.023 -0.006954327 -0.01518611 0.021 -0.006954327 -0.01518611 0.023 -0.006990107 -0.01545787 0.021 -0.006990107 -0.01545787 0.023 -0.007094997 -0.01571111 0.021 -0.007094997 -0.01571111 0.023 -0.007261867 -0.01592857 0.021 -0.007261867 -0.01592857 0.023 -0.007479327 -0.01609543 0.021 -0.007479327 -0.01609543 0.023 -0.007732567 -0.01620033 0.021 -0.007732567 -0.01620033 0.023 -0.008004327 -0.01623611 0.021 -0.008004327 -0.01623611 0.023 -0.008276087 -0.01620033 0.021 -0.008276087 -0.01620033 0.023 -0.008529327 -0.01609543 0.021 -0.008529327 -0.01609543 0.023 -0.008746787 -0.01592857 0.021 -0.008746787 -0.01592857 0.023 -0.008913657 -0.01571111 0.021 -0.008913657 -0.01571111 0.021 -0.008954327 -0.01561291 0.023 -0.009018547 -0.01545787 0.021 -0.009018547 -0.01545787 0.023 -0.009054327 -0.01518611 0.021 -0.009054327 -0.01518611 0.0171547 -0.01000433 0.006813895 0.0148453 -0.01000433 0.006813895 0.0171547 -0.01000433 0.008813895 0.0148453 -0.01000433 0.008813895 0.0112 0.009843193 0.006813895 0.0112 0.009843193 0.007813895 0.0112 0.006148153 0.006813895 0.0112 0.006148153 0.007813895 0.0112 0.001843193 0.006813895 0.008337821 0.003495673 0.006813895 0.0112 0.001843193 0.007813895 0.008337821 0.003495673 0.007813895 -0.0241 0.007248443 -0.01797774 -0.0241 0.006737413 -0.01779892 -0.0241668 0.006740673 -0.01779214 -0.0241 0.006554293 -0.01768386 -0.0241 0.006187553 -0.01745342 -0.0241668 0.006192243 -0.01744754 -0.0241 0.005957953 -0.01722383 -0.0241 0.005728363 -0.01699423 -0.0241668 0.005734243 -0.01698954 -0.0241 0.005497923 -0.01662749 -0.0241 0.005382863 -0.01644437 -0.0241668 0.005389643 -0.01644111 -0.0241 0.005204043 -0.01443887 -0.0241 0.005382863 -0.01392785 -0.0241668 0.005389643 -0.01393111 -0.0241 0.005497923 -0.01374473 -0.0241 0.005728363 -0.01337799 -0.0241668 0.005734243 -0.01338268 -0.0241 0.005957953 -0.01314839 -0.0241 0.006187553 -0.0129188 -0.0241668 0.006192243 -0.01292468 -0.0241 0.006554293 -0.01268836 -0.0241 0.006737413 -0.0125733 -0.0241668 0.006740673 -0.01258008 -0.0244 0.007417123 -0.0126513 -0.0244 0.006867573 -0.01284359 -0.0243925 0.007402263 -0.01258622 -0.0243925 0.006838613 -0.01278345 -0.0243703 0.007388153 -0.0125244 -0.0243703 0.006811103 -0.01272632 -0.0243345 0.007375493 -0.01246894 -0.0243345 0.006786423 -0.01267507 -0.024287 0.007364923 -0.01242263 -0.024287 0.006765813 -0.01263227 -0.0242302 0.007356973 -0.01238778 -0.0242302 0.006750303 -0.01260007 -0.0241668 0.007352033 -0.01236615 -0.0244 0.005460863 -0.01576466 -0.0244 0.005653153 -0.01631421 -0.0243925 0.005395783 -0.01577951 -0.0243925 0.005593013 -0.01634317 -0.0243703 0.005333963 -0.01579362 -0.0243703 0.005535883 -0.01637068 -0.0243345 0.005278503 -0.01580628 -0.0243345 0.005484633 -0.01639536 -0.024287 0.005232193 -0.01581685 -0.024287 0.005441833 -0.01641597 -0.0242302 0.005197343 -0.01582481 -0.0242302 0.005409633 -0.01643148 -0.0241668 0.005175713 -0.01582974 -0.0244 0.007995673 -0.01258611 -0.0243925 0.007995673 -0.01251935 -0.0243703 0.007995673 -0.01245595 -0.0243345 0.007995673 -0.01239906 -0.024287 0.007995673 -0.01235156 -0.0242302 0.007995673 -0.01231582 -0.0241668 0.007995673 -0.01229363 -0.0241 0.007995673 -0.01228611 -0.0241 0.007350363 -0.01235882 -0.0241 0.007248443 -0.01239448 -0.0244 0.006374603 -0.01315335 -0.0243925 0.006332983 -0.01310116 -0.0243703 0.006293443 -0.01305158 -0.0243345 0.006257983 -0.01300711 -0.024287 0.006228363 -0.01296997 -0.0242302 0.006206073 -0.01294203 -0.0242302 0.005751593 -0.01339651 -0.024287 0.005779533 -0.0134188 -0.0243345 0.005816673 -0.01344842 -0.0243703 0.005861143 -0.01348388 -0.0243925 0.005910723 -0.01352342 -0.0244 0.005962913 -0.01356504 -0.0242302 0.005409633 -0.01394074 -0.024287 0.005441833 -0.01395625 -0.0243345 0.005484633 -0.01397686 -0.0243703 0.005535883 -0.01400154 -0.0243925 0.005593013 -0.01402905 -0.0244 0.005653153 -0.01405801 -0.0241 0.005168383 -0.01454079 -0.0241668 0.005175713 -0.01454247 -0.0242302 0.005197343 -0.01454741 -0.024287 0.005232193 -0.01455536 -0.0243345 0.005278503 -0.01456593 -0.0243703 0.005333963 -0.01457859 -0.0243925 0.005395783 -0.0145927 -0.0244 0.005460863 -0.01460755 -0.0244 0.005395673 -0.01518611 -0.0243925 0.005328913 -0.01518611 -0.0243703 0.005265513 -0.01518611 -0.0243345 0.005208623 -0.01518611 -0.024287 0.005161123 -0.01518611 -0.0242302 0.005125383 -0.01518611 -0.0241668 0.005103193 -0.01518611 -0.0241 0.005095673 -0.01518611 -0.0241 0.005168383 -0.01583142 -0.0241 0.005204043 -0.01593334 -0.0244 0.005962913 -0.01680718 -0.0243925 0.005910723 -0.0168488 -0.0243703 0.005861143 -0.01688834 -0.0243345 0.005816673 -0.0169238 -0.024287 0.005779533 -0.01695342 -0.0242302 0.005751593 -0.01697571 -0.0242302 0.006206073 -0.01743019 -0.024287 0.006228363 -0.01740225 -0.0243345 0.006257983 -0.01736511 -0.0243703 0.006293443 -0.01732064 -0.0243925 0.006332983 -0.01727106 -0.0244 0.006374603 -0.01721887 -0.0242302 0.006750303 -0.01777215 -0.024287 0.006765813 -0.01773995 -0.0243345 0.006786423 -0.01769715 -0.0243703 0.006811103 -0.0176459 -0.0243925 0.006838613 -0.01758877 -0.0244 0.006867573 -0.01752863 -0.0241 0.007350363 -0.0180134 -0.0241668 0.007352033 -0.01800607 -0.0242302 0.007356973 -0.01798444 -0.024287 0.007364923 -0.01794959 -0.0243345 0.007375493 -0.01790328 -0.0243703 0.007388153 -0.01784782 -0.0243925 0.007402263 -0.017786 -0.0244 0.007417123 -0.01772092 -0.0244 0.007995673 -0.01778611 -0.0243925 0.007995673 -0.01785287 -0.0243703 0.007995673 -0.01791627 -0.0243345 0.007995673 -0.01797316 -0.024287 0.007995673 -0.01802066 -0.0242302 0.007995673 -0.0180564 -0.0241668 0.007995673 -0.01807859 -0.0241 0.007995673 -0.01808611 0.021 -0.007154327 0.0008138945 0.024 -0.007154327 0.0008138945 0.021 -0.007183287 0.001033895 0.024 -0.007183287 0.001033895 0.021 -0.007268207 0.001238895 0.024 -0.007268207 0.001238895 0.021 -0.007403287 0.001414895 0.024 -0.007403287 0.001414895 0.021 -0.007579327 0.001549995 0.024 -0.007579327 0.001549995 0.021 -0.007784327 0.001634895 0.024 -0.007784327 0.001634895 0.021 -0.008004327 0.001663895 0.024 -0.008004327 0.001663895 0.021 -0.008224327 0.001634895 0.024 -0.008224327 0.001634895 0.021 -0.008429327 0.001549995 0.024 -0.008429327 0.001549995 0.021 -0.008605367 0.001414895 0.024 -0.008605367 0.001414895 0.021 -0.008740447 0.001238895 0.024 -0.008740447 0.001238895 0.021 -0.008825367 0.001033895 0.024 -0.008825367 0.001033895 0.021 -0.008854327 0.0008138945 0.024 -0.008854327 0.0008138945 -0.0112 -0.009851847 0.006813895 -0.009203849 -0.01100433 0.006813895 -0.0112 -0.009851847 0.007813895 -0.009203849 -0.01100433 0.007813895 0.0112 -0.006156807 0.006813895 0.0112 -0.006156807 0.007813895 0.0112 -0.009851847 0.006813895 0.0112 -0.009851847 0.007813895 -0.0171547 0.009995673 0.006813895 -0.0148453 0.009995673 0.006813895 -0.0171547 0.009995673 0.008813895 -0.0148453 0.009995673 0.008813895 0.0112 -0.001851847 0.007813895 0.008337821 -0.003504327 0.007813895 0.0112 -0.001851847 0.006813895 0.008337821 -0.003504327 0.006813895 -0.0178 -0.0009043273 0.01081389 -0.0178 -0.0009043273 0.007813895 -0.0178 0.002520673 0.01081389 -0.0178 0.002895673 0.007813895 -0.0178 0.002895673 0.01081389 -0.0112 -0.001851847 0.006813895 -0.008337819 -0.003504327 0.006813895 -0.0112 -0.001851847 0.007813895 -0.008337819 -0.003504327 0.007813895 0.0178 0.002895673 0.01081389 0.0178 0.002895673 0.007813895 0.0178 0.002520673 0.01081389 0.0178 -0.0009043273 0.007813895 0.0178 -0.0009043273 0.01081389 0.0241 0.002787303 -0.02243888 0.0241 0.002608483 -0.02192785 0.0241668 0.002601703 -0.02193111 0.0241 0.002493423 -0.02174473 0.0241 0.002262983 -0.02137799 0.0241668 0.002257103 -0.02138268 0.0241 0.002033393 -0.02114839 0.0241 0.001803793 -0.0209188 0.0241668 0.001799103 -0.02092468 0.0241 0.001437053 -0.02068836 0.0241 0.001253933 -0.0205733 0.0241668 0.001250673 -0.02058008 0.0241 -0.0007515583 -0.02039448 0.0241 -0.001262587 -0.0205733 0.0241668 -0.001259327 -0.02058008 0.0241 -0.001445707 -0.02068836 0.0241 -0.001812447 -0.0209188 0.0241668 -0.001807757 -0.02092468 0.0241 -0.002042047 -0.02114839 0.0241 -0.002271637 -0.02137799 0.0241668 -0.002265757 -0.02138268 0.0241 -0.002502077 -0.02174473 0.0241 -0.002617137 -0.02192785 0.0241668 -0.002610357 -0.02193111 0.0243925 -0.002604217 -0.0225927 0.0243925 -0.002406987 -0.02202905 0.0243703 -0.002666037 -0.02257859 0.0243703 -0.002464117 -0.02200154 0.0243345 -0.002721497 -0.02256593 0.0243345 -0.002515367 -0.02197686 0.024287 -0.002767807 -0.02255536 0.024287 -0.002558167 -0.02195625 0.0242302 -0.002802657 -0.02254741 0.0242302 -0.002590367 -0.02194074 0.0241668 -0.002824287 -0.02254247 0.0243925 0.0005890817 -0.02058622 0.0243925 0.001152733 -0.02078345 0.0243703 0.0006031917 -0.0205244 0.0243703 0.001180243 -0.02072632 0.0243345 0.0006158487 -0.02046894 0.0243345 0.001204923 -0.02067507 0.024287 0.0006264187 -0.02042263 0.024287 0.001225533 -0.02063227 0.0242302 0.0006343727 -0.02038778 0.0242302 0.001241043 -0.02060007 0.0241668 0.0006393097 -0.02036615 0.0241 -0.002831617 -0.0225408 0.0241 -0.002795957 -0.02243888 0.0243925 -0.002089277 -0.02152342 0.0243703 -0.002138857 -0.02148388 0.0243345 -0.002183327 -0.02144842 0.024287 -0.002220467 -0.0214188 0.0242302 -0.002248407 -0.02139651 0.0242302 -0.001793927 -0.02094203 0.024287 -0.001771637 -0.02096997 0.0243345 -0.001742017 -0.02100711 0.0243703 -0.001706557 -0.02105158 0.0243925 -0.001667017 -0.02110116 0.0242302 -0.001249697 -0.02060007 0.024287 -0.001234187 -0.02063227 0.0243345 -0.001213577 -0.02067507 0.0243703 -0.001188897 -0.02072632 0.0243925 -0.001161387 -0.02078345 0.0241 -0.0006496383 -0.02035882 0.0241668 -0.0006479643 -0.02036615 0.0242302 -0.0006430273 -0.02038778 0.024287 -0.0006350733 -0.02042263 0.0243345 -0.0006245033 -0.02046894 0.0243703 -0.0006118463 -0.0205244 0.0243925 -0.0005977363 -0.02058622 0.0243925 -4.327295e-06 -0.02051935 0.0243703 -4.327295e-06 -0.02045595 0.0243345 -4.327295e-06 -0.02039906 0.024287 -4.327295e-06 -0.02035156 0.0242302 -4.327295e-06 -0.02031582 0.0241668 -4.327295e-06 -0.02029363 0.0241 -4.327295e-06 -0.02028611 0.0241 0.0006409837 -0.02035882 0.0241 0.0007429037 -0.02039448 0.0243925 0.001658363 -0.02110116 0.0243703 0.001697903 -0.02105158 0.0243345 0.001733363 -0.02100711 0.024287 0.001762983 -0.02096997 0.0242302 0.001785273 -0.02094203 0.0242302 0.002239753 -0.02139651 0.024287 0.002211813 -0.0214188 0.0243345 0.002174673 -0.02144842 0.0243703 0.002130203 -0.02148388 0.0243925 0.002080623 -0.02152342 0.0242302 0.002581713 -0.02194074 0.024287 0.002549513 -0.02195625 0.0243345 0.002506713 -0.02197686 0.0243703 0.002455463 -0.02200154 0.0243925 0.002398333 -0.02202905 0.0241 0.002822963 -0.0225408 0.0241668 0.002815633 -0.02254247 0.0242302 0.002794003 -0.02254741 0.024287 0.002759153 -0.02255536 0.0243345 0.002712843 -0.02256593 0.0243703 0.002657383 -0.02257859 0.0243925 0.002595563 -0.0225927 -0.004799999 0.009843193 0.006813895 -0.006796149 0.01099567 0.006813895 -0.004799999 0.009843193 0.007813895 -0.006796149 0.01099567 0.007813895 5.663734e-10 -0.01031373 0.006813895 -0.001203849 -0.01100433 0.006813895 -0.001999999 -0.009159027 0.006813895 -0.003199999 -0.009851847 0.006813895 -0.001999999 -0.006849627 0.006813895 -0.003199999 -0.006156807 0.006813895 5.663734e-10 -0.005694927 0.006813895 -0.0003378214 -0.004504327 0.006813895 0.0003378226 -0.004504327 0.006813895 0.002000001 -0.006849627 0.006813895 0.003200001 -0.006156807 0.006813895 0.002000001 -0.009159027 0.006813895 0.003200001 -0.009851847 0.006813895 0.001203851 -0.01100433 0.006813895 0.019 -0.005004327 0.007813895 0.0145956 -0.005004327 0.007813895 0.0112 -0.001851847 0.007813895 0.0100809 -0.003504327 0.007813895 0.008337821 -0.003504327 0.007813895 0.0175447 -0.002083887 0.007813895 0.0174 -0.002023947 0.007813895 0.0177 -0.0009043273 0.007813895 0.0145956 0.004995673 0.007813895 0.019 0.004995673 0.007813895 0.0100809 0.003495673 0.007813895 0.0112 0.001843193 0.007813895 0.008337821 0.003495673 0.007813895 0.0185 -0.001970357 0.007813895 0.0182588 -0.002070257 0.007813895 0.0178 -0.0009043273 0.007813895 0.018 -0.002104327 0.007813895 0.0177 -0.002104327 0.007813895 0.0171204 -0.001659617 0.007813895 0.0171 -0.001504327 0.007813895 0.0171804 -0.001804327 0.007813895 0.0171204 -0.001349037 0.007813895 0.0171804 -0.001204327 0.007813895 0.0172757 -0.001080067 0.007813895 0.0174 -0.0009847123 0.007813895 0.0172757 -0.001928587 0.007813895 0.0175447 -0.0009247713 0.007813895 0.0178 0.002895673 0.007813895 0.019 -0.001104327 0.007813895 0.0189659 -0.001363147 0.007813895 0.0177796 0.003050963 0.007813895 0.0177196 0.003195673 0.007813895 0.0176243 0.003319933 0.007813895 0.018866 -0.001604327 0.007813895 0.0187071 -0.001811437 0.007813895 0.0149757 0.003319933 0.007813895 0.0148804 0.003195673 0.007813895 0.0148204 0.003050963 0.007813895 0.0148 0.002895673 0.007813895 0.0148 -0.001504327 0.007813895 0.0148681 -0.002021967 0.007813895 0.0150679 -0.002504327 0.007813895 0.0175 0.003415293 0.007813895 0.0173553 0.003475233 0.007813895 0.0172 0.003495673 0.007813895 0.0162824 -0.003436177 0.007813895 0.0158 -0.003236377 0.007813895 0.0153858 -0.002918537 0.007813895 0.0168 -0.003504327 0.007813895 0.018 -0.003504327 0.007813895 0.019 -0.004504327 0.007813895 0.0182588 -0.003538397 0.007813895 0.0185 -0.003638297 0.007813895 0.0154 0.003495673 0.007813895 0.0152447 0.003475233 0.007813895 0.0151 0.003415293 0.007813895 0.0187071 -0.003797217 0.007813895 0.018866 -0.004004327 0.007813895 0.0189659 -0.004245507 0.007813895 -0.024 0.01249567 -0.004186105 -0.021 0.01249567 -0.004186105 -0.024 0.01166887 -0.01063611 -0.021 0.01178747 -0.009711105 -0.024 0.01090637 -0.01658467 -0.021 0.01090637 -0.01658467 -0.0187574 0.006771563 0.006813895 -0.0183094 0.005995673 0.006813895 -0.0183094 0.005995673 0.007261895 -0.021 0.001045673 -0.007186105 -0.023 0.001045673 -0.007186105 -0.021 0.001009893 -0.007457865 -0.023 0.001009893 -0.007457865 -0.021 0.0009049997 -0.007711105 -0.023 0.0009049997 -0.007711105 -0.021 0.0007381347 -0.007928565 -0.023 0.0007381347 -0.007928565 -0.021 0.0005206727 -0.008095435 -0.023 0.0005206727 -0.008095435 -0.021 0.0002674327 -0.008200325 -0.023 0.0002674327 -0.008200325 -0.021 -4.327295e-06 -0.008236105 -0.023 -4.327295e-06 -0.008236105 -0.021 -0.0002760873 -0.008200325 -0.023 -0.0002760873 -0.008200325 -0.021 -0.0005293273 -0.008095435 -0.023 -0.0005293273 -0.008095435 -0.021 -0.0007467893 -0.007928565 -0.023 -0.0007467893 -0.007928565 -0.021 -0.0009136543 -0.007711105 -0.023 -0.0009136543 -0.007711105 -0.021 -0.001018547 -0.007457865 -0.023 -0.001018547 -0.007457865 -0.021 -0.001054327 -0.007186105 -0.023 -0.001054327 -0.007186105 -0.0112 -0.006156807 0.007813895 -0.008337819 -0.004504327 0.007813895 -0.0112 -0.006156807 0.006813895 -0.008337819 -0.004504327 0.006813895 -0.007662179 0.003495673 0.007813895 -0.005999999 0.003495673 0.007813895 -0.005999999 0.002536013 0.007813895 0.0189792 0.01249567 0.002349395 0.0189792 0.01099567 0.002349395 0.0182215 0.01249567 0.002971195 0.0182215 0.01099567 0.002971195 0.0173571 0.01249567 0.003433295 0.0173571 0.01099567 0.003433295 0.0164191 0.01249567 0.003717795 0.0164191 0.01099567 0.003717795 0.0154437 0.01249567 0.003813895 0.0154437 0.01099567 0.003813895 0.0183094 -0.008004327 0.006813895 0.0171547 -0.006004327 0.006813895 0.0183094 -0.006004327 0.006813895 0.0144338 -0.006004327 0.006813895 0.0148453 -0.006004327 0.006813895 0.0136906 -0.008004327 0.006813895 0.0138102 -0.005797137 0.006813895 0.0187574 -0.006780217 0.006813895 0.0187574 -0.009228437 0.006813895 0.0171547 -0.01000433 0.006813895 0.017732 -0.01100433 0.006813895 0.0148453 -0.01000433 0.006813895 0.0142679 -0.01100433 0.006813895 0.0125359 -0.008004327 0.006813895 -0.0183094 0.007995673 0.008813895 -0.01705 0.007995673 0.008813895 -0.0170142 0.007723913 0.008813895 -0.01495 0.007995673 0.008813895 -0.0149858 0.008267433 0.008813895 -0.0136906 0.007995673 0.008813895 -0.0148453 0.009995673 0.008813895 -0.0152575 0.008738133 0.008813895 -0.015475 0.008905003 0.008813895 -0.0157282 0.009009893 0.008813895 -0.016 0.009045673 0.008813895 -0.0171547 0.009995673 0.008813895 -0.0162718 0.009009893 0.008813895 -0.016525 0.008905003 0.008813895 -0.0171547 0.005995673 0.008813895 -0.0150907 0.008520673 0.008813895 -0.0167425 0.008738133 0.008813895 -0.0169093 0.008520673 0.008813895 -0.0170142 0.008267433 0.008813895 -0.0169093 0.007470673 0.008813895 -0.0167425 0.007253213 0.008813895 -0.016525 0.007086343 0.008813895 -0.0162718 0.006981453 0.008813895 -0.016 0.006945673 0.008813895 -0.0148453 0.005995673 0.008813895 -0.0157282 0.006981453 0.008813895 -0.015475 0.007086343 0.008813895 -0.0152575 0.007253213 0.008813895 -0.0150907 0.007470673 0.008813895 -0.0149858 0.007723913 0.008813895 -0.021 0.001045673 -0.02318611 -0.023 0.001045673 -0.02318611 -0.021 0.001009893 -0.02345787 -0.023 0.001009893 -0.02345787 -0.021 0.0009049997 -0.02371111 -0.023 0.0009049997 -0.02371111 -0.021 0.0007381347 -0.02392857 -0.023 0.0007381347 -0.02392857 -0.021 0.0005206727 -0.02409544 -0.023 0.0005206727 -0.02409544 -0.021 0.0002674327 -0.02420033 -0.023 0.0002674327 -0.02420033 -0.021 -4.327295e-06 -0.02423611 -0.023 -4.327295e-06 -0.02423611 -0.021 -0.0002760873 -0.02420033 -0.023 -0.0002760873 -0.02420033 -0.021 -0.0005293273 -0.02409544 -0.023 -0.0005293273 -0.02409544 -0.021 -0.0007467893 -0.02392857 -0.023 -0.0007467893 -0.02392857 -0.021 -0.0009136543 -0.02371111 -0.023 -0.0009136543 -0.02371111 -0.021 -0.001018547 -0.02345787 -0.023 -0.001018547 -0.02345787 -0.021 -0.001054327 -0.02318611 -0.023 -0.001054327 -0.02318611 0.024 -0.01080553 -0.01443553 0.024 -0.01090433 -0.01518611 0.0241 -0.01090433 -0.01518611 0.0241 -0.01083163 -0.01454079 0.0241 -0.01079593 -0.01443887 0.024 -0.01051583 -0.01373611 0.0241 -0.01061713 -0.01392785 0.0241 -0.01050213 -0.01374473 0.0241 -0.01027163 -0.01337799 0.024 -0.01005493 -0.0131355 0.0241 -0.01004203 -0.01314839 0.024 -0.009879327 -0.01300075 0.0241 -0.009812447 -0.0129188 0.024 -0.009454327 -0.01267464 0.0241 -0.009445707 -0.01268836 0.0241 -0.009262587 -0.0125733 0.024 -0.008754907 -0.01238493 0.0241 -0.008751557 -0.01239448 0.0241 -0.008649637 -0.01235882 0.024 -0.008004327 -0.01228611 0.0241 -0.008004327 -0.01228611 0.024 -0.007253747 -0.01238493 0.0241 -0.007359017 -0.01235882 0.0241 -0.007257097 -0.01239448 0.024 -0.006554327 -0.01267464 0.0241 -0.006746067 -0.0125733 0.0241 -0.006562947 -0.01268836 0.0241 -0.006196207 -0.0129188 0.024 -0.005953717 -0.0131355 0.0241 -0.005966607 -0.01314839 0.0241 -0.005737017 -0.01337799 0.024 -0.005492857 -0.01373611 0.0241 -0.005506577 -0.01374473 0.0241 -0.005391517 -0.01392785 0.024 -0.005203137 -0.01443553 0.0241 -0.005104327 -0.01518611 0.024 -0.005104327 -0.01518611 0.0241 -0.005177037 -0.01454079 0.0241 -0.005212697 -0.01443887 -0.023 -4.327295e-06 -0.005286105 -0.0244 -4.327295e-06 -0.005286105 -0.023 0.0004874287 -0.005350845 -0.0244 0.0004874287 -0.005350845 -0.023 0.0009456727 -0.005540655 -0.0244 0.0009456727 -0.005540655 -0.023 0.001339173 -0.005842605 -0.0244 0.001339173 -0.005842605 -0.023 0.001641123 -0.006236105 -0.0244 0.001641123 -0.006236105 -0.023 0.001830933 -0.006694345 -0.0244 0.001830933 -0.006694345 -0.023 0.001895673 -0.007186105 -0.0244 0.001895673 -0.007186105 -0.023 0.001830933 -0.007677865 -0.0244 0.001830933 -0.007677865 -0.023 0.001641123 -0.008136105 -0.0244 0.001641123 -0.008136105 -0.023 0.001339173 -0.008529605 -0.0244 0.001339173 -0.008529605 -0.023 0.0009456727 -0.008831555 -0.0244 0.0009456727 -0.008831555 -0.023 0.0004874287 -0.009021365 -0.0244 0.0004874287 -0.009021365 -0.023 -4.327295e-06 -0.009086105 -0.0244 -4.327295e-06 -0.009086105 0.004450001 0.002995673 0.01081389 0.004450001 0.002995673 0.006313895 0.004579411 0.002978633 0.01081389 0.004579411 0.002978633 0.006313895 0.004700001 0.002928683 0.01081389 0.004700001 0.002928683 0.006313895 0.004803551 0.002849223 0.01081389 0.004803551 0.002849223 0.006313895 0.004883011 0.002745673 0.01081389 0.004883011 0.002745673 0.006313895 0.004932961 0.002625083 0.01081389 0.004932961 0.002625083 0.006313895 0.004946711 0.002520673 0.01081389 0.004950001 0.002495673 0.006313895 0.004950001 0.002495673 0.01081389 0.0241 0.005184823 -0.01587841 0.0241 0.005382863 -0.01644437 0.0241668 0.005389643 -0.01644111 0.0241 0.005435883 -0.01652876 0.0241 0.005728363 -0.01699423 0.0241668 0.005734243 -0.01698954 0.0241 0.005834143 -0.01710001 0.0241 0.006187553 -0.01745342 0.0241668 0.006192243 -0.01744754 0.0241 0.006356553 -0.01755961 0.0241 0.006737413 -0.01779892 0.0241668 0.006740673 -0.01779214 0.0241 0.006973023 -0.01788136 0.0241 0.007350363 -0.0180134 0.0241668 0.007352033 -0.01800607 0.0241 0.007648143 -0.01804695 0.0241 0.007995673 -0.01808611 0.0241668 0.007995673 -0.01807859 0.0241 0.008343203 -0.01804695 0.0241 0.008640983 -0.0180134 0.0241668 0.008639313 -0.01800607 0.0241 0.01055547 -0.01652876 0.0241 0.01060847 -0.01644437 0.0241668 0.01060167 -0.01644111 0.0241 0.01080647 -0.01587841 0.0241 0.01082297 -0.01583142 0.0241668 0.01081567 -0.01582974 0.0243925 0.01008067 -0.0168488 0.0243925 0.009658363 -0.01727106 0.0243703 0.01013017 -0.01688834 0.0243703 0.009697903 -0.01732064 0.0243345 0.01017467 -0.0169238 0.0243345 0.009733363 -0.01736511 0.024287 0.01021177 -0.01695342 0.0243925 0.01039837 -0.01634317 0.0243703 0.01045547 -0.01637068 0.0243345 0.01050667 -0.01639536 0.024287 0.01054947 -0.01641597 0.0242302 0.01058167 -0.01643148 0.0243925 0.01059557 -0.01577951 0.0243703 0.01065737 -0.01579362 0.0243345 0.01071287 -0.01580628 0.024287 0.01075917 -0.01581685 0.0242302 0.01079397 -0.01582481 0.0242302 0.009785273 -0.01743019 0.0241668 0.009799103 -0.01744754 0.0241668 0.01025707 -0.01698954 0.024287 0.009762983 -0.01740225 0.0242302 0.01023977 -0.01697571 0.0241 0.01026297 -0.01699423 0.0241 0.009018323 -0.01788136 0.0241 0.009253933 -0.01779892 0.0241668 0.009250673 -0.01779214 0.0242302 0.009241043 -0.01777215 0.024287 0.009225543 -0.01773995 0.0243345 0.009204923 -0.01769715 0.0243703 0.009180243 -0.0176459 0.0243925 0.009152733 -0.01758877 0.0241 0.009634793 -0.01755961 0.0241 0.009803793 -0.01745342 0.0241 0.01015717 -0.01710001 0.0243925 0.008589083 -0.017786 0.0243703 0.008603193 -0.01784782 0.0243345 0.008615853 -0.01790328 0.024287 0.008626423 -0.01794959 0.0242302 0.008634373 -0.01798444 0.0243925 0.007995673 -0.01785287 0.0243703 0.007995673 -0.01791627 0.0243345 0.007995673 -0.01797316 0.024287 0.007995673 -0.01802066 0.0242302 0.007995673 -0.0180564 0.0242302 0.007356973 -0.01798444 0.024287 0.007364923 -0.01794959 0.0243345 0.007375493 -0.01790328 0.0243703 0.007388153 -0.01784782 0.0243925 0.007402263 -0.017786 0.0242302 0.006750303 -0.01777215 0.024287 0.006765813 -0.01773995 0.0243345 0.006786423 -0.01769715 0.0243703 0.006811103 -0.0176459 0.0243925 0.006838613 -0.01758877 0.0242302 0.006206073 -0.01743019 0.024287 0.006228363 -0.01740225 0.0243345 0.006257983 -0.01736511 0.0243703 0.006293443 -0.01732064 0.0243925 0.006332983 -0.01727106 0.0242302 0.005751593 -0.01697571 0.024287 0.005779533 -0.01695342 0.0243345 0.005816673 -0.0169238 0.0243703 0.005861143 -0.01688834 0.0243925 0.005910723 -0.0168488 0.0242302 0.005409633 -0.01643148 0.024287 0.005441833 -0.01641597 0.0243345 0.005484633 -0.01639536 0.0243703 0.005535883 -0.01637068 0.0243925 0.005593013 -0.01634317 0.0241 0.005168383 -0.01583142 0.0241668 0.005175713 -0.01582974 0.0242302 0.005197343 -0.01582481 0.024287 0.005232193 -0.01581685 0.0243345 0.005278503 -0.01580628 0.0243703 0.005333963 -0.01579362 0.0243925 0.005395783 -0.01577951 -0.0136906 -0.008004327 0.006813895 -0.0148453 -0.01000433 0.006813895 -0.0136906 -0.008004327 0.008813895 -0.0148453 -0.01000433 0.008813895 0.024 0.01089567 -0.01518611 0.024 0.01081137 -0.01588012 0.024 0.01056347 -0.01653381 0.024 0.01016637 -0.01710917 0.024 0.009643063 -0.01757276 0.024 0.009024023 -0.01789766 0.024 0.008345233 -0.01806497 0.024 0.007646113 -0.01806497 0.024 0.006967323 -0.01789766 0.024 0.006348283 -0.01757276 0.024 0.006120673 -0.01737112 0.024 0.005824993 -0.01710917 0.024 0.005427853 -0.01653381 0.024 0.005179943 -0.01588012 0.024 0.005095673 -0.01518611 -0.004799999 0.009843193 0.006813895 -0.004799999 0.009843193 0.007813895 -0.004799999 0.006148153 0.006813895 -0.004799999 0.006148153 0.007813895 0.0112 0.006148153 0.007813895 0.008337821 0.004495673 0.007813895 0.0112 0.006148153 0.006813895 0.008337821 0.004495673 0.006813895 -0.018 -0.003504327 0.01081389 -0.018 -0.003504327 0.007813895 -0.018025 -0.003507617 0.01081389 -0.0182588 -0.003538397 0.007813895 -0.0182588 -0.003538397 0.01081389 -0.0185 -0.003638297 0.007813895 -0.0185 -0.003638297 0.01081389 -0.0187071 -0.003797217 0.007813895 -0.0187071 -0.003797217 0.01081389 -0.018866 -0.004004327 0.007813895 -0.018866 -0.004004327 0.01081389 -0.0189659 -0.004245507 0.007813895 -0.0189659 -0.004245507 0.01081389 -0.019 -0.004504327 0.007813895 -0.019 -0.004504327 0.01081389 0.002000001 -0.006849627 0.006813895 0.002000001 -0.009159027 0.006813895 0.002000001 -0.006849627 0.008813895 0.002000001 -0.009159027 0.008813895 -0.019 0.004995673 0.007813895 -0.0145956 0.004995673 0.007813895 -0.0112 0.001843193 0.007813895 -0.0100809 0.003495673 0.007813895 -0.008337819 0.003495673 0.007813895 -0.0177 -0.0009043273 0.007813895 -0.0177 -0.002104327 0.007813895 -0.0178 -0.0009043273 0.007813895 -0.018 -0.002104327 0.007813895 -0.0175447 -0.0009247713 0.007813895 -0.0174 -0.0009847123 0.007813895 -0.0171 -0.001504327 0.007813895 -0.0145956 -0.005004327 0.007813895 -0.019 -0.005004327 0.007813895 -0.0100809 -0.003504327 0.007813895 -0.0112 -0.001851847 0.007813895 -0.008337819 -0.003504327 0.007813895 -0.0182588 -0.002070257 0.007813895 -0.0185 -0.001970357 0.007813895 -0.0187071 -0.001811437 0.007813895 -0.0171804 -0.001804327 0.007813895 -0.0172757 -0.001928587 0.007813895 -0.0172757 -0.001080067 0.007813895 -0.0171804 -0.001204327 0.007813895 -0.0171204 -0.001349037 0.007813895 -0.0174 -0.002023947 0.007813895 -0.0175447 -0.002083887 0.007813895 -0.0176243 0.003319933 0.007813895 -0.0177196 0.003195673 0.007813895 -0.0177796 0.003050963 0.007813895 -0.0178 0.002895673 0.007813895 -0.019 -0.001104327 0.007813895 -0.0171204 -0.001659617 0.007813895 -0.0149757 0.003319933 0.007813895 -0.0148804 0.003195673 0.007813895 -0.0148204 0.003050963 0.007813895 -0.018866 -0.001604327 0.007813895 -0.0189659 -0.001363147 0.007813895 -0.0168 -0.003504327 0.007813895 -0.018 -0.003504327 0.007813895 -0.019 -0.004504327 0.007813895 -0.0182588 -0.003538397 0.007813895 -0.0162824 -0.003436177 0.007813895 -0.0158 -0.003236377 0.007813895 -0.0153858 -0.002918537 0.007813895 -0.0150679 -0.002504327 0.007813895 -0.0148681 -0.002021967 0.007813895 -0.0148 -0.001504327 0.007813895 -0.0148 0.002895673 0.007813895 -0.0172 0.003495673 0.007813895 -0.0173553 0.003475233 0.007813895 -0.0175 0.003415293 0.007813895 -0.018866 -0.004004327 0.007813895 -0.0187071 -0.003797217 0.007813895 -0.0185 -0.003638297 0.007813895 -0.0151 0.003415293 0.007813895 -0.0152447 0.003475233 0.007813895 -0.0154 0.003495673 0.007813895 -0.0189659 -0.004245507 0.007813895 -0.004799999 0.006148153 0.007813895 -0.007662179 0.004495673 0.007813895 -0.004799999 0.006148153 0.006813895 -0.007662179 0.004495673 0.006813895 0.007662181 -0.003504327 0.007813895 0.006000001 -0.003504327 0.007813895 0.006000001 -0.002544667 0.007813895 0.018 -0.003504327 0.007813895 0.018 -0.003504327 0.01081389 0.0182588 -0.003538397 0.01081389 0.0182588 -0.003538397 0.007813895 0.0185 -0.003638297 0.01081389 0.0185 -0.003638297 0.007813895 0.0187071 -0.003797217 0.01081389 0.0187071 -0.003797217 0.007813895 0.018866 -0.004004327 0.01081389 0.018866 -0.004004327 0.007813895 0.0189659 -0.004245507 0.01081389 0.0189659 -0.004245507 0.007813895 0.019 -0.004504327 0.01081389 0.019 -0.004504327 0.007813895 -0.0187574 -0.009228437 0.006813895 -0.0177574 -0.01096053 0.007813895 -0.0177574 -0.01100433 0.007813895 -0.021 -0.01100433 0.004571295 -0.021 -0.008954327 0.004571295 -0.0187574 -0.006780217 0.006813895 -0.021 -0.006004327 0.004571295 -0.0183094 -0.006004327 0.007261895 -0.021 -0.006954327 -0.01518611 -0.023 -0.006954327 -0.01518611 -0.021 -0.006990107 -0.01545787 -0.023 -0.006990107 -0.01545787 -0.021 -0.007094997 -0.01571111 -0.023 -0.007094997 -0.01571111 -0.021 -0.007261867 -0.01592857 -0.023 -0.007261867 -0.01592857 -0.021 -0.007479327 -0.01609543 -0.023 -0.007479327 -0.01609543 -0.021 -0.007732567 -0.01620033 -0.023 -0.007732567 -0.01620033 -0.021 -0.008004327 -0.01623611 -0.023 -0.008004327 -0.01623611 -0.021 -0.008276087 -0.01620033 -0.023 -0.008276087 -0.01620033 -0.021 -0.008529327 -0.01609543 -0.023 -0.008529327 -0.01609543 -0.021 -0.008746787 -0.01592857 -0.023 -0.008746787 -0.01592857 -0.021 -0.008913657 -0.01571111 -0.023 -0.008913657 -0.01571111 -0.021 -0.008954327 -0.01561291 -0.023 -0.009018547 -0.01545787 -0.023 -0.009054327 -0.01518611 -0.021 -0.009054327 -0.01518611 -0.021 -0.009018547 -0.01545787 -0.005999999 0.002536013 0.007813895 -0.005999999 0.003495673 0.007813895 -0.005999999 0.002536013 0.006813895 -0.005999999 0.003495673 0.006313895 -0.005999999 0.001150373 0.006813895 -0.005999999 -0.003504327 0.007813895 -0.005999999 -0.002544667 0.007813895 -0.005999999 -0.003504327 0.006313895 -0.005999999 -0.002544667 0.006813895 -0.005999999 -0.001159027 0.006813895 -0.005999999 -0.001159027 0.008813895 -0.005999999 0.001150373 0.008813895 -0.0125359 -0.008004327 0.006813895 -0.0125359 -0.008004327 0.007813895 -0.0142679 -0.01100433 0.006813895 -0.0142679 -0.01100433 0.007813895 0.003200001 0.009843193 0.006813895 0.001203851 0.01099567 0.006813895 0.003200001 0.009843193 0.007813895 0.001203851 0.01099567 0.007813895 0.023 -0.0009136543 -0.006661105 0.023 -0.001649777 -0.006236105 0.023 -0.001018547 -0.006914345 0.023 -0.001839587 -0.006694345 0.023 -0.001054327 -0.007186105 0.023 -0.001904327 -0.007186105 0.023 -0.001018547 -0.007457865 0.023 -0.001839587 -0.007677865 0.023 -0.0009136543 -0.007711105 0.023 -0.001649777 -0.008136105 0.023 -0.0007467893 -0.007928565 0.023 -0.001347827 -0.008529605 0.023 -0.0005293273 -0.008095435 0.023 -0.0009543273 -0.008831555 0.023 -0.0002760873 -0.008200325 0.023 -0.0004960833 -0.009021365 0.023 -4.327295e-06 -0.008236105 0.023 -4.327295e-06 -0.009086105 0.023 0.0002674327 -0.008200325 0.023 0.0004874287 -0.009021365 0.023 0.0005206727 -0.008095435 0.023 0.0009456727 -0.008831555 0.023 0.0007381347 -0.007928565 0.023 0.001339173 -0.008529605 0.023 0.0009049997 -0.007711105 0.023 0.001641123 -0.008136105 0.023 0.001009893 -0.007457865 0.023 0.001830933 -0.007677865 0.023 0.001045673 -0.007186105 0.023 0.001895673 -0.007186105 0.023 0.001009893 -0.006914345 0.023 0.001830933 -0.006694345 0.023 0.0009049997 -0.006661105 0.023 0.001641123 -0.006236105 0.023 0.0007381347 -0.006443645 0.023 0.001339173 -0.005842605 0.023 0.0005206727 -0.006276775 0.023 0.0009456727 -0.005540655 0.023 0.0002674327 -0.006171885 0.023 0.0004874287 -0.005350845 0.023 -4.327295e-06 -0.006136105 0.023 -4.327295e-06 -0.005286105 0.023 -0.0002760873 -0.006171885 0.023 -0.0004960833 -0.005350845 0.023 -0.0005293273 -0.006276775 0.023 -0.0009543273 -0.005540655 0.023 -0.0007467893 -0.006443645 0.023 -0.001347827 -0.005842605 0.002000001 0.009150373 0.006813895 0.002000001 0.006840973 0.006813895 0.002000001 0.009150373 0.008813895 0.002000001 0.006840973 0.008813895 0.007662181 0.003495673 0.007813895 0.006000001 0.003495673 0.007813895 0.007662181 0.003495673 0.006813895 0.006000001 0.003495673 0.006313895 0.008337821 0.003495673 0.006813895 0.0100809 0.003495673 0.006313895 0.008337821 0.003495673 0.007813895 0.0100809 0.003495673 0.007813895 -0.023 -0.0004960833 -0.009021365 -0.0244 -0.0004960833 -0.009021365 -0.023 -0.0009543273 -0.008831555 -0.0244 -0.0009543273 -0.008831555 -0.023 -0.001347827 -0.008529605 -0.0244 -0.001347827 -0.008529605 -0.023 -0.001649777 -0.008136105 -0.0244 -0.001649777 -0.008136105 -0.023 -0.001839587 -0.007677865 -0.0244 -0.001839587 -0.007677865 -0.023 -0.001904327 -0.007186105 -0.0244 -0.001904327 -0.007186105 -0.023 -0.001839587 -0.006694345 -0.0244 -0.001839587 -0.006694345 -0.023 -0.001649777 -0.006236105 -0.0244 -0.001649777 -0.006236105 -0.023 -0.001347827 -0.005842605 -0.0244 -0.001347827 -0.005842605 -0.023 -0.0009543273 -0.005540655 -0.0244 -0.0009543273 -0.005540655 -0.023 -0.0004960833 -0.005350845 -0.0244 -0.0004960833 -0.005350845 -0.024 0.007245093 -0.01238493 -0.024 0.007995673 -0.01228611 -0.024 0.006545673 -0.01267464 -0.024 0.006120673 -0.01300075 -0.024 0.005945063 -0.0131355 -0.024 0.005484203 -0.01373611 -0.024 0.005194483 -0.01443553 -0.024 0.005095673 -0.01518611 -0.024 0.005194483 -0.01593668 -0.024 0.005484203 -0.01663611 -0.024 0.005945063 -0.01723672 -0.024 0.006120673 -0.01737147 -0.024 0.006545673 -0.01769758 -0.024 0.007245093 -0.01798729 -0.024 0.007995673 -0.01808611 0.0164792 0.005995673 0.004849395 0.0164792 0.004995673 0.004849395 0.0158026 0.005995673 0.005415895 0.0158026 0.004995673 0.005415895 0.0148571 0.005995673 0.005933295 0.0148571 0.004995673 0.005933295 0.0144338 0.005995673 0.006086695 0.0145956 0.004995673 0.006033095 0.0138613 0.005805453 0.006229295 0.014113 0.004835333 0.006175595 0.0138223 0.005792493 0.006234195 0.013821 0.004738333 0.006227895 0.0132786 0.005611843 0.006302795 0.0135346 0.004643153 0.006279295 0.009919111 -0.004504327 0.007813895 0.009919111 -0.004504327 0.006313895 0.0138102 -0.005797137 0.007813895 0.0129437 -0.005509217 0.006313895 0.0138102 -0.005797137 0.006813895 0.0135337 -0.005705257 0.006279295 0.0138211 -0.005800737 0.006227795 0.0144338 -0.006004327 0.006813895 0.0141126 -0.005897597 0.006175495 0.0144338 -0.006004327 0.006086695 0.004800001 -0.009851847 0.006813895 0.004800001 -0.009851847 0.007813895 0.004800001 -0.006156807 0.006813895 0.004800001 -0.006156807 0.007813895 0.004800001 -0.006156807 0.007813895 0.007662181 -0.004504327 0.007813895 0.004800001 -0.006156807 0.006813895 0.007662181 -0.004504327 0.006813895 0.002000001 0.006840973 0.006813895 5.663734e-10 0.005686273 0.006813895 0.002000001 0.006840973 0.008813895 5.663734e-10 0.005686273 0.008813895 5.663734e-10 0.005686273 0.006813895 -0.001999999 0.006840973 0.006813895 5.663734e-10 0.005686273 0.008813895 -0.001999999 0.006840973 0.008813895 5.663734e-10 -0.009054327 0.008813895 5.663734e-10 -0.009054327 0.01081389 0.0002717606 -0.009018547 0.008813895 0.0002717606 -0.009018547 0.01081389 0.0005250006 -0.008913657 0.008813895 0.0005250006 -0.008913657 0.01081389 0.0007424626 -0.008746787 0.008813895 0.0007424626 -0.008746787 0.01081389 0.0009093276 -0.008529327 0.008813895 0.0009093276 -0.008529327 0.01081389 0.001014221 -0.008276087 0.008813895 0.001014221 -0.008276087 0.01081389 0.001050001 -0.008004327 0.008813895 0.001050001 -0.008004327 0.01081389 0.001014221 -0.007732567 0.008813895 0.001014221 -0.007732567 0.01081389 0.0009093276 -0.007479327 0.008813895 0.0009093276 -0.007479327 0.01081389 0.0007424626 -0.007261867 0.008813895 0.0007424626 -0.007261867 0.01081389 0.0005250006 -0.007094997 0.008813895 0.0005250006 -0.007094997 0.01081389 0.0002717606 -0.006990107 0.008813895 0.0002717606 -0.006990107 0.01081389 5.663734e-10 -0.006954327 0.008813895 5.663734e-10 -0.006954327 0.01081389 -0.007662179 -0.004504327 0.007813895 -0.0003378214 -0.004504327 0.007813895 -0.003199999 -0.006156807 0.007813895 -0.001203849 -0.01100433 0.007813895 -0.006796149 -0.01100433 0.007813895 -0.003199999 -0.009851847 0.007813895 -0.004799999 -0.009851847 0.007813895 -0.004799999 -0.006156807 0.007813895 0.023 0.009045673 -0.01518611 0.021 0.009045673 -0.01518611 0.023 0.009009893 -0.01545787 0.021 0.009009893 -0.01545787 0.023 0.008905003 -0.01571111 0.021 0.008905003 -0.01571111 0.023 0.008738133 -0.01592857 0.021 0.008738133 -0.01592857 0.023 0.008520673 -0.01609543 0.021 0.008520673 -0.01609543 0.023 0.008267433 -0.01620033 0.021 0.008267433 -0.01620033 0.023 0.007995673 -0.01623611 0.021 0.007995673 -0.01623611 0.023 0.007723913 -0.01620033 0.021 0.007723913 -0.01620033 0.023 0.007470673 -0.01609543 0.021 0.007470673 -0.01609543 0.023 0.007253213 -0.01592857 0.021 0.007253213 -0.01592857 0.023 0.007086343 -0.01571111 0.021 0.007086343 -0.01571111 0.021 0.007045673 -0.01561291 0.023 0.006981453 -0.01545787 0.021 0.006981453 -0.01545787 0.023 0.006945673 -0.01518611 0.021 0.006945673 -0.01518611 -0.0206194 -0.01250433 0.0001709945 -0.0201573 -0.01250433 0.001035395 -0.024 -0.01250433 0.005813895 0.0173571 -0.01250433 0.003433295 0.0182215 -0.01250433 0.002971195 0.019 -0.01250433 0.01081389 -0.0209039 -0.01250433 -0.0007670055 -0.024 -0.01250433 -0.002161105 -0.021 -0.01250433 -0.001742405 -0.0195355 -0.01250433 0.001793095 -0.0189792 -0.01250433 0.002349395 -0.019 -0.01250433 0.01081389 -0.021 -0.01250433 -0.003086105 -0.024 -0.01250433 -0.004186105 -0.021 -0.01250433 -0.004186105 -0.012 -0.01250433 0.01081389 -0.018025 -0.01250433 0.01081389 -0.0154437 -0.01250433 0.003813895 0.024 -0.01250433 0.005813895 0.0189792 -0.01250433 0.002349395 0.0195355 -0.01250433 0.001793095 0.0209039 -0.01250433 -0.0007670055 0.024 -0.01250433 -0.002161105 0.0206194 -0.01250433 0.0001709945 0.0201573 -0.01250433 0.001035395 -0.0182215 -0.01250433 0.002971195 -0.0173571 -0.01250433 0.003433295 -0.0164191 -0.01250433 0.003717795 0.021 -0.01250433 -0.004186105 0.024 -0.01250433 -0.004186105 0.021 -0.01250433 -0.003086105 0.021 -0.01250433 -0.001742405 0.012 -0.01250433 0.01081389 0.0154437 -0.01250433 0.003813895 0.0164191 -0.01250433 0.003717795 0.005950001 -0.01250433 0.01081389 0.003000001 -0.01250433 0.01081389 -0.002999999 -0.01250433 0.01081389 0.008337821 -0.003504327 0.006813895 0.008337821 -0.003504327 0.007813895 0.0100809 -0.003504327 0.007813895 0.006000001 -0.003504327 0.006313895 0.006000001 -0.003504327 0.007813895 0.007662181 -0.003504327 0.007813895 0.007662181 -0.003504327 0.006813895 0.0100809 -0.003504327 0.006313895 -0.007999999 -0.01031373 0.006813895 -0.009999999 -0.009159027 0.006813895 -0.007999999 -0.01031373 0.008813895 -0.009999999 -0.009159027 0.008813895 0.0125359 -0.008004327 0.007813895 0.0138102 -0.005797137 0.007813895 0.0125359 -0.008004327 0.006813895 0.0138102 -0.005797137 0.006813895 -0.0164792 -0.006004327 0.004849395 -0.0164792 -0.005004327 0.004849395 -0.0158026 -0.006004327 0.005415895 -0.0158026 -0.005004327 0.005415895 -0.0148571 -0.006004327 0.005933295 -0.0148571 -0.005004327 0.005933295 -0.0144338 -0.006004327 0.006086695 -0.0145956 -0.005004327 0.006033095 -0.0138613 -0.005814107 0.006229295 -0.014113 -0.004843987 0.006175595 -0.0138223 -0.005801147 0.006234195 -0.013821 -0.004746987 0.006227895 -0.0132786 -0.005620497 0.006302795 -0.0135346 -0.004651807 0.006279295 -0.0144338 -0.006004327 0.006813895 -0.0144338 -0.006004327 0.006086695 -0.0138102 -0.005797137 0.006813895 -0.0138613 -0.005814107 0.006229295 -0.009919109 -0.004504327 0.006313895 -0.009919109 -0.004504327 0.007813895 -0.0129437 -0.005509217 0.006313895 -0.0138102 -0.005797137 0.007813895 -0.0132786 -0.005620497 0.006302795 -0.0138223 -0.005801147 0.006234195 0.002645751 0.002995673 0.009313895 0.002645751 0.002995673 0.01081389 0.001853581 0.003540283 0.009313895 0.001853581 0.003540283 0.01081389 0.0009543516 0.003880153 0.009313895 0.0009543516 0.003880153 0.01081389 5.663734e-10 0.003995673 0.009313895 5.663734e-10 0.003995673 0.01081389 -0.0009543504 0.003880153 0.009313895 -0.0009543504 0.003880153 0.01081389 -0.001853579 0.003540283 0.009313895 -0.001853579 0.003540283 0.01081389 -0.002645749 0.002995673 0.009313895 -0.002645749 0.002995673 0.01081389 -0.0244 -0.001649777 -0.006236105 -0.0244 -0.002037087 -0.005565035 -0.0244 -0.001347827 -0.005842605 -0.0244 -0.001625397 -0.005153305 -0.0244 -0.0009543273 -0.005540655 -0.0244 -0.001132427 -0.004843605 -0.0244 -0.0004960833 -0.005350845 -0.0244 -0.0005828813 -0.004651305 -0.0244 -4.327295e-06 -0.005286105 -0.0244 -4.327295e-06 -0.004586105 -0.0244 0.0004874287 -0.005350845 -0.0244 0.0005742267 -0.004651305 -0.0244 0.0009456727 -0.005540655 -0.0244 0.001123773 -0.004843605 -0.0244 0.001339173 -0.005842605 -0.0244 0.001641123 -0.008136105 -0.0244 0.002028433 -0.008807175 -0.0244 0.001339173 -0.008529605 -0.0244 0.001616743 -0.009218865 -0.0244 0.0009456727 -0.008831555 -0.0244 0.001123773 -0.009528625 -0.0244 0.0004874287 -0.009021365 -0.0244 0.0005742267 -0.009720915 -0.0244 -4.327295e-06 -0.009086105 -0.0244 -4.327295e-06 -0.009786105 -0.0244 -0.0004960833 -0.009021365 -0.0244 -0.0005828813 -0.009720915 -0.0244 -0.0009543273 -0.008831555 -0.0244 0.001616743 -0.005153305 -0.0244 0.002028433 -0.005565035 -0.0244 0.001641123 -0.006236105 -0.0244 0.002338193 -0.006058005 -0.0244 0.001830933 -0.006694345 -0.0244 0.002530483 -0.006607555 -0.0244 0.001895673 -0.007186105 -0.0244 0.002595673 -0.007186105 -0.0244 0.001830933 -0.007677865 -0.0244 0.002530483 -0.007764655 -0.0244 0.002338193 -0.008314205 -0.0244 -0.001132427 -0.009528625 -0.0244 -0.001625397 -0.009218865 -0.0244 -0.001347827 -0.008529605 -0.0244 -0.002037087 -0.008807175 -0.0244 -0.001649777 -0.008136105 -0.0244 -0.002346847 -0.008314205 -0.0244 -0.001839587 -0.007677865 -0.0244 -0.002539137 -0.007764655 -0.0244 -0.001904327 -0.007186105 -0.0244 -0.002604327 -0.007186105 -0.0244 -0.001839587 -0.006694345 -0.0244 -0.002539137 -0.006607555 -0.0244 -0.002346847 -0.006058005 -0.024 -0.008754907 -0.01238493 -0.024 -0.008004327 -0.01228611 -0.0241 -0.008004327 -0.01228611 -0.0241 -0.008649637 -0.01235882 -0.0241 -0.008751557 -0.01239448 -0.024 -0.009454327 -0.01267464 -0.0241 -0.009262587 -0.0125733 -0.0241 -0.009445707 -0.01268836 -0.024 -0.009879327 -0.01300075 -0.0241 -0.009812447 -0.0129188 -0.024 -0.01005493 -0.0131355 -0.0241 -0.01004203 -0.01314839 -0.0241 -0.01027163 -0.01337799 -0.024 -0.01051583 -0.01373611 -0.0241 -0.01050213 -0.01374473 -0.0241 -0.01061713 -0.01392785 -0.024 -0.01080553 -0.01443553 -0.0241 -0.01079593 -0.01443887 -0.0241 -0.01083163 -0.01454079 -0.024 -0.01090433 -0.01518611 -0.0241 -0.01090433 -0.01518611 -0.024 -0.01080553 -0.01593668 -0.0241 -0.01083163 -0.01583142 -0.0241 -0.01079593 -0.01593334 -0.024 -0.01051583 -0.01663611 -0.0241 -0.01061713 -0.01644437 -0.0241 -0.01050213 -0.01662749 -0.0241 -0.01027163 -0.01699423 -0.024 -0.01005493 -0.01723672 -0.0241 -0.01004203 -0.01722383 -0.024 -0.009879327 -0.01737147 -0.0241 -0.009812447 -0.01745342 -0.024 -0.009454327 -0.01769758 -0.0241 -0.009445707 -0.01768386 -0.0241 -0.009262587 -0.01779892 -0.024 -0.008754907 -0.01798729 -0.0241 -0.008004327 -0.01808611 -0.024 -0.008004327 -0.01808611 -0.0241 -0.008649637 -0.0180134 -0.0241 -0.008751557 -0.01797774 0.006796151 -0.01100433 0.007813895 0.001203851 -0.01100433 0.007813895 0.004800001 -0.009851847 0.007813895 0.003200001 -0.009851847 0.007813895 0.004800001 -0.006156807 0.007813895 0.003200001 -0.006156807 0.007813895 0.007662181 -0.004504327 0.007813895 0.0003378226 -0.004504327 0.007813895 -0.0154437 -0.01100433 0.003813895 0.0154437 -0.01100433 0.003813895 -0.0154437 -0.01250433 0.003813895 0.0154437 -0.01250433 0.003813895 0.008000001 0.002305073 0.006813895 0.006000001 0.001150373 0.006813895 0.006000001 0.002536013 0.006813895 0.006000001 -0.002544667 0.006813895 0.006000001 -0.001159027 0.006813895 0.007662181 -0.003504327 0.006813895 0.008000001 -0.002313727 0.006813895 0.007662181 0.003495673 0.006813895 0.008337821 0.003495673 0.006813895 0.01 0.001150373 0.006813895 0.0112 0.001843193 0.006813895 0.01 -0.001159027 0.006813895 0.0112 -0.001851847 0.006813895 0.008337821 -0.003504327 0.006813895 -0.0241 0.008640983 -0.0180134 -0.024 0.008689693 -0.01800184 -0.0241 0.008687983 -0.01799696 -0.024 0.009343373 -0.01775393 -0.0241 0.009253933 -0.01779892 -0.0241 0.009338323 -0.0177459 -0.024 0.009918733 -0.01735679 -0.0241 0.009803793 -0.01745342 -0.0241 0.009909573 -0.01734764 -0.024 0.01038237 -0.0168335 -0.0241 0.01026297 -0.01699423 -0.0241 0.01036917 -0.01682523 -0.0241 0.01060847 -0.01644437 -0.024 0.01070717 -0.01621446 -0.0241 0.01069097 -0.01620876 -0.0241 0.01082297 -0.01583142 -0.024 0.01087457 -0.01553566 -0.0241 0.01085647 -0.01553363 -0.0241 0.01089567 -0.01518611 -0.024 0.01087457 -0.01483655 -0.0241 0.01085647 -0.01483858 -0.0241 0.01082297 -0.01454079 -0.024 0.01070717 -0.01415776 -0.0241 0.01069097 -0.01416346 -0.0241 0.01060847 -0.01392785 -0.024 0.01038237 -0.01353872 -0.0241 0.01036917 -0.01354699 -0.0241 0.01026297 -0.01337799 -0.024 0.009918733 -0.01301543 -0.0241 0.009909573 -0.01302458 -0.0241 0.009803793 -0.0129188 -0.024 0.009343373 -0.01261829 -0.0241 0.009338323 -0.01262632 -0.0241 0.009253933 -0.0125733 -0.024 0.008689693 -0.01237038 -0.0241 0.008640983 -0.01235882 -0.0241 0.008687983 -0.01237526 0.006000001 0.006840973 0.006813895 0.006000001 0.009150373 0.006813895 0.006000001 0.006840973 0.008813895 0.006000001 0.009150373 0.008813895 -0.003199999 0.006148153 0.006813895 -0.003199999 0.006148153 0.007813895 -0.003199999 0.009843193 0.006813895 -0.003199999 0.009843193 0.007813895 0.006000001 0.009150373 0.006813895 0.008000001 0.01030507 0.006813895 0.006000001 0.009150373 0.008813895 0.008000001 0.01030507 0.008813895 0.0185196 -0.006004327 0.002808995 0.0185196 -0.005004327 0.002808995 0.0190964 -0.006004327 0.002117595 0.0190964 -0.005004327 0.002117595 0.0195398 -0.006004327 0.001333895 0.0195398 -0.005004327 0.001333895 0.0198355 -0.006004327 0.0004833945 0.0198355 -0.005004327 0.0004833945 0.021 -0.006004327 -0.004186105 0.021 -0.005479327 -0.004186105 0.021 -0.005004327 -0.004186105 -0.004799999 -0.009851847 0.007813895 -0.006796149 -0.01100433 0.007813895 -0.004799999 -0.009851847 0.006813895 -0.006796149 -0.01100433 0.006813895 0.002000001 -0.009159027 0.006813895 5.663734e-10 -0.01031373 0.006813895 0.002000001 -0.009159027 0.008813895 5.663734e-10 -0.01031373 0.008813895 -0.007999999 0.005686273 0.006813895 -0.008337819 0.004495673 0.006813895 -0.009999999 0.006840973 0.006813895 -0.0112 0.006148153 0.006813895 -0.009999999 0.009150373 0.006813895 -0.0112 0.009843193 0.006813895 -0.007999999 0.01030507 0.006813895 -0.009203849 0.01099567 0.006813895 -0.006796149 0.01099567 0.006813895 -0.005999999 0.009150373 0.006813895 -0.004799999 0.009843193 0.006813895 -0.005999999 0.006840973 0.006813895 -0.004799999 0.006148153 0.006813895 -0.007662179 0.004495673 0.006813895 0.0144338 0.005995673 0.006813895 0.0138102 0.005788483 0.006813895 0.0125359 0.007995673 0.006813895 0.0183094 0.005995673 0.006813895 0.0171547 0.005995673 0.006813895 0.0187574 0.006771563 0.006813895 0.0183094 0.007995673 0.006813895 0.0148453 0.005995673 0.006813895 0.0136906 0.007995673 0.006813895 0.0148453 0.009995673 0.006813895 0.0142679 0.01099567 0.006813895 0.0171547 0.009995673 0.006813895 0.017732 0.01099567 0.006813895 0.0187574 0.009219783 0.006813895 -0.007999999 -0.002313727 0.006813895 -0.009999999 -0.001159027 0.006813895 -0.007999999 -0.002313727 0.008813895 -0.009999999 -0.001159027 0.008813895 -0.0171547 -0.01000433 0.008813895 -0.0183094 -0.008004327 0.008813895 -0.0170142 -0.008276087 0.008813895 -0.01705 -0.008004327 0.008813895 -0.0169093 -0.008529327 0.008813895 -0.0167425 -0.008746787 0.008813895 -0.016525 -0.008913657 0.008813895 -0.0150907 -0.007479327 0.008813895 -0.0152575 -0.007261867 0.008813895 -0.0148453 -0.006004327 0.008813895 -0.015475 -0.007094997 0.008813895 -0.0162718 -0.009018547 0.008813895 -0.016 -0.009054327 0.008813895 -0.0148453 -0.01000433 0.008813895 -0.0157282 -0.009018547 0.008813895 -0.015475 -0.008913657 0.008813895 -0.0149858 -0.007732567 0.008813895 -0.0136906 -0.008004327 0.008813895 -0.01495 -0.008004327 0.008813895 -0.0152575 -0.008746787 0.008813895 -0.0150907 -0.008529327 0.008813895 -0.0149858 -0.008276087 0.008813895 -0.0157282 -0.006990107 0.008813895 -0.016 -0.006954327 0.008813895 -0.0171547 -0.006004327 0.008813895 -0.0162718 -0.006990107 0.008813895 -0.016525 -0.007094997 0.008813895 -0.0167425 -0.007261867 0.008813895 -0.0169093 -0.007479327 0.008813895 -0.0170142 -0.007732567 0.008813895 0.0100809 0.003495673 0.007813895 0.0100809 0.003495673 0.006313895 0.0145956 0.004995673 0.007813895 0.0129437 0.004446813 0.006313895 0.0135346 0.004643153 0.006279295 0.013821 0.004738333 0.006227895 0.014113 0.004835333 0.006175595 0.0145956 0.004995673 0.006033095 -0.007999999 -0.009054327 0.008813895 -0.007999999 -0.009054327 0.01081389 -0.007728239 -0.009018547 0.008813895 -0.007728239 -0.009018547 0.01081389 -0.007474999 -0.008913657 0.008813895 -0.007474999 -0.008913657 0.01081389 -0.007257539 -0.008746787 0.008813895 -0.007257539 -0.008746787 0.01081389 -0.007090669 -0.008529327 0.008813895 -0.007090669 -0.008529327 0.01081389 -0.006985779 -0.008276087 0.008813895 -0.006985779 -0.008276087 0.01081389 -0.006949999 -0.008004327 0.008813895 -0.006949999 -0.008004327 0.01081389 -0.006985779 -0.007732567 0.008813895 -0.006985779 -0.007732567 0.01081389 -0.007090669 -0.007479327 0.008813895 -0.007090669 -0.007479327 0.01081389 -0.007257539 -0.007261867 0.008813895 -0.007257539 -0.007261867 0.01081389 -0.007474999 -0.007094997 0.008813895 -0.007474999 -0.007094997 0.01081389 -0.007728239 -0.006990107 0.008813895 -0.007728239 -0.006990107 0.01081389 -0.007999999 -0.006954327 0.008813895 -0.007999999 -0.006954327 0.01081389 -0.0154437 0.01249567 0.003813895 -0.0154437 0.01099567 0.003813895 -0.0164191 0.01249567 0.003717795 -0.0164191 0.01099567 0.003717795 -0.0173571 0.01249567 0.003433295 -0.0173571 0.01099567 0.003433295 -0.0182215 0.01249567 0.002971195 -0.0182215 0.01099567 0.002971195 -0.0189792 0.01249567 0.002349395 -0.0189792 0.01099567 0.002349395 -0.007662179 -0.003504327 0.006813895 -0.005999999 -0.002544667 0.006813895 -0.007662179 -0.003504327 0.007813895 -0.005999999 -0.002544667 0.007813895 -0.0187574 -0.006780217 0.006813895 -0.0183094 -0.006004327 0.007261895 -0.0183094 -0.006004327 0.006813895 -0.023 0.009009893 -0.01545787 -0.023 0.009830933 -0.01567786 -0.023 0.008905003 -0.01571111 -0.023 0.009641123 -0.01613611 -0.023 0.008738133 -0.01592857 -0.023 0.009339173 -0.01652961 -0.023 0.008520673 -0.01609543 -0.023 0.008945673 -0.01683156 -0.023 0.008267433 -0.01620033 -0.023 0.008487433 -0.01702137 -0.023 0.007995673 -0.01623611 -0.023 0.007995673 -0.01708611 -0.023 0.007723913 -0.01620033 -0.023 0.007503913 -0.01702137 -0.023 0.007470673 -0.01609543 -0.023 0.007045673 -0.01683156 -0.023 0.007253213 -0.01592857 -0.023 0.006652173 -0.01652961 -0.023 0.007086343 -0.01571111 -0.023 0.006350223 -0.01613611 -0.023 0.006981453 -0.01545787 -0.023 0.006160413 -0.01567786 -0.023 0.006945673 -0.01518611 -0.023 0.006095673 -0.01518611 -0.023 0.006981453 -0.01491435 -0.023 0.006160413 -0.01469435 -0.023 0.007086343 -0.01466111 -0.023 0.006350223 -0.01423611 -0.023 0.007253213 -0.01444364 -0.023 0.006652173 -0.01384261 -0.023 0.007470673 -0.01427678 -0.023 0.007045673 -0.01354066 -0.023 0.007723913 -0.01417189 -0.023 0.007503913 -0.01335085 -0.023 0.007995673 -0.01413611 -0.023 0.007995673 -0.01328611 -0.023 0.008267433 -0.01417189 -0.023 0.008487433 -0.01335085 -0.023 0.008520673 -0.01427678 -0.023 0.008945673 -0.01354066 -0.023 0.008738133 -0.01444364 -0.023 0.009339173 -0.01384261 -0.023 0.008905003 -0.01466111 -0.023 0.009641123 -0.01423611 -0.023 0.009009893 -0.01491435 -0.023 0.009830933 -0.01469435 -0.023 0.009045673 -0.01518611 -0.023 0.009895673 -0.01518611 -0.0185196 -0.005004327 0.002808995 -0.0190964 -0.005004327 0.002117595 -0.021 -0.005004327 0.003813895 -0.0145956 -0.005004327 0.007813895 -0.019 -0.005004327 0.007813895 -0.024 -0.005004327 0.003813895 -0.019 -0.005004327 0.01081389 -0.024 -0.005004327 0.005813895 -0.0145956 -0.005004327 0.006033095 -0.0148571 -0.005004327 0.005933295 -0.0158026 -0.005004327 0.005415895 -0.0164792 -0.005004327 0.004849395 -0.0195398 -0.005004327 0.001333895 -0.0198355 -0.005004327 0.0004833945 -0.021 -0.005004327 -0.003086105 -0.021 -0.005004327 -0.004186105 -0.0185196 -0.005004327 0.002808995 -0.0185196 -0.006004327 0.002808995 -0.0190964 -0.005004327 0.002117595 -0.0190964 -0.006004327 0.002117595 -0.0195398 -0.005004327 0.001333895 -0.0195398 -0.006004327 0.001333895 -0.0198355 -0.005004327 0.0004833945 -0.0198355 -0.006004327 0.0004833945 0.021 -0.01100433 0.004571295 0.021 -0.008954327 0.004571295 0.021 -0.01100433 -0.001742405 0.021 -0.008954327 -0.003086105 0.021 -0.01250433 -0.001742405 0.021 -0.01250433 -0.003086105 0.021 -0.01250433 -0.004186105 0.021 -0.008954327 -0.009711105 0.021 -0.01179613 -0.009711105 0.021 -0.009054327 -0.01518611 0.021 -0.01091503 -0.01658467 0.021 -0.009018547 -0.01491435 0.021 -0.008954327 -0.0147593 0.021 -0.008913657 -0.01466111 0.021 -0.008954327 -0.01771111 0.021 -0.01067773 -0.01771111 0.021 -0.008954327 -0.01561291 0.021 -0.009018547 -0.01545787 0.021 -0.009504427 -0.02066111 0.021 -0.009917737 -0.01995311 0.021 -0.01055173 -0.01830896 0.021 -0.008954327 -0.02066111 0.021 -0.008954327 -0.02156604 0.021 -0.009029337 -0.02147493 0.021 -0.007909327 -0.02283536 0.021 -0.005479327 -0.02066111 0.021 -0.006586447 -0.02399949 0.021 -0.002529327 -0.02585641 0.021 -0.003472237 -0.02562511 0.021 -0.002529327 -0.02066111 0.021 -0.005094657 -0.02493744 0.021 -0.005479327 -0.02469559 0.021 0.002520673 -0.02066111 0.021 0.0002674327 -0.02217189 0.021 -4.327295e-06 -0.02213611 0.021 -0.0002760873 -0.02217189 0.021 -0.0005293273 -0.02227678 0.021 -0.0007467893 -0.02244365 0.021 -0.0009136543 -0.02266111 0.021 0.0007381347 -0.02392857 0.021 0.002520673 -0.02585641 0.021 0.0005206727 -0.02409544 0.021 0.001752163 -0.02604501 0.021 0.0002674327 -0.02420033 0.021 -4.327295e-06 -0.02618611 0.021 -4.327295e-06 -0.02423611 0.021 -0.001018547 -0.02345787 0.021 -0.001054327 -0.02318611 0.021 -0.001018547 -0.02291435 0.021 0.001009893 -0.02291435 0.021 0.0009049997 -0.02266111 0.021 0.0007381347 -0.02244365 0.021 0.0005206727 -0.02227678 0.021 -0.0009136543 -0.02371111 0.021 -0.0007467893 -0.02392857 0.021 -0.001760817 -0.02604501 0.021 -0.0005293273 -0.02409544 0.021 -0.0002760873 -0.02420033 0.021 0.0009049997 -0.02371111 0.021 0.001009893 -0.02345787 0.021 0.001045673 -0.02318611 0.021 0.005470673 -0.02469559 0.021 0.005086003 -0.02493744 0.021 0.003463583 -0.02562511 0.021 0.009909083 -0.01995311 0.021 0.009495773 -0.02066111 0.021 0.007045673 -0.02066111 0.021 0.009020683 -0.02147493 0.021 0.006577793 -0.02399949 0.021 0.005470673 -0.02066111 0.021 0.007045673 -0.02358776 0.021 0.007900673 -0.02283536 0.021 0.007045673 -0.01771111 0.021 0.01066907 -0.01771111 0.021 0.01054307 -0.01830896 0.021 0.007086343 -0.01571111 0.021 0.007253213 -0.01592857 0.021 0.007470673 -0.01609543 0.021 0.008905003 -0.01466111 0.021 0.008738133 -0.01444364 0.021 0.01178747 -0.009711105 0.021 0.008520673 -0.01427678 0.021 0.008905003 -0.01571111 0.021 0.01090637 -0.01658467 0.021 0.008738133 -0.01592857 0.021 0.008520673 -0.01609543 0.021 0.009009893 -0.01545787 0.021 0.009045673 -0.01518611 0.021 0.009009893 -0.01491435 0.021 0.007723913 -0.01620033 0.021 0.007995673 -0.01623611 0.021 0.008267433 -0.01620033 0.021 0.008267433 -0.01417189 0.021 0.007995673 -0.01413611 0.021 0.007045673 -0.009711105 0.021 0.007723913 -0.01417189 0.021 0.007470673 -0.01427678 0.021 0.007253213 -0.01444364 0.021 0.01249567 -0.004186105 0.021 0.007045673 -0.003086105 0.021 0.01249567 -0.003086105 0.021 0.01099567 -0.001742405 0.021 0.01249567 -0.001742405 0.021 0.007775673 0.001634895 0.021 0.007570673 0.001549995 0.021 0.007045673 0.004571295 0.021 0.01099567 0.004571295 0.021 0.008215673 0.001634895 0.021 0.007995673 0.001663895 0.021 0.008731793 0.001238895 0.021 0.008596713 0.001414895 0.021 0.008420673 0.001549995 0.021 0.007174633 0.0005938945 0.021 0.007259553 0.0003888945 0.021 0.007394633 0.001414895 0.021 0.007259553 0.001238895 0.021 0.007174633 0.001033895 0.021 0.007145673 0.0008138945 0.021 0.007394633 0.0002128945 0.021 0.007570673 7.779453e-05 0.021 0.007775673 -7.105474e-06 0.021 0.008596713 0.0002128945 0.021 0.008731793 0.0003888945 0.021 0.008816713 0.0005938945 0.021 0.008845673 0.0008138945 0.021 0.008816713 0.001033895 0.021 0.007995673 -3.610547e-05 0.021 0.008215673 -7.105474e-06 0.021 0.008420673 7.779453e-05 0.021 0.005995673 0.004571295 0.021 0.002520673 -0.003086105 0.021 0.004995673 -0.003086105 0.021 0.002520673 -0.009711105 0.021 0.004995673 -0.004186105 0.021 0.005470673 -0.009711105 0.021 0.005470673 -0.004186105 0.021 0.005995673 -0.004186105 0.021 0.005995673 -0.003086105 0.021 0.004995673 0.003813895 0.021 0.002520673 0.003813895 0.021 -0.002529327 0.003813895 0.021 -0.002529327 -0.003086105 0.021 -0.005004327 0.003813895 0.021 -0.006004327 -0.003086105 0.021 -0.006004327 -0.004186105 0.021 -0.005479327 -0.009711105 0.021 -0.005479327 -0.004186105 0.021 -0.002529327 -0.009711105 0.021 -0.005004327 -0.004186105 0.021 -0.005004327 -0.003086105 0.021 -0.006004327 0.004571295 0.021 -0.007784327 0.001634895 0.021 -0.008004327 0.001663895 0.021 -0.008224327 0.001634895 0.021 -0.008429327 0.001549995 0.021 -0.008605367 0.001414895 0.021 -0.008740447 0.001238895 0.021 -0.008429327 7.779453e-05 0.021 -0.008605367 0.0002128945 0.021 -0.008740447 0.0003888945 0.021 -0.008825367 0.001033895 0.021 -0.008854327 0.0008138945 0.021 -0.008825367 0.0005938945 0.021 -0.007268207 0.0003888945 0.021 -0.007403287 0.0002128945 0.021 -0.007579327 7.779453e-05 0.021 -0.007268207 0.001238895 0.021 -0.007403287 0.001414895 0.021 -0.007579327 0.001549995 0.021 -0.008224327 -7.105474e-06 0.021 -0.008004327 -3.610547e-05 0.021 -0.007784327 -7.105474e-06 0.021 -0.007183287 0.0005938945 0.021 -0.007154327 0.0008138945 0.021 -0.007183287 0.001033895 0.021 0.002520673 -0.01212486 0.021 0.001995673 -0.01172201 0.021 -0.001039607 -0.01132241 0.021 -4.327295e-06 -0.01118611 0.021 0.001030953 -0.01132241 0.021 0.002824103 -0.01801454 0.021 0.003056923 -0.01771111 0.021 0.005470673 -0.01771111 0.021 0.003459773 -0.01718611 0.021 0.002824103 -0.01235768 0.021 0.003459773 -0.01318611 0.021 0.003859373 -0.01622139 0.021 0.003995673 -0.01518611 0.021 0.003859373 -0.01415083 0.021 0.001995673 -0.01865021 0.021 0.002520673 -0.01824736 0.021 -0.002529327 -0.01824736 0.021 -0.002004327 -0.01865021 0.021 -0.001039607 -0.01904981 0.021 -4.327295e-06 -0.01918611 0.021 0.001030953 -0.01904981 0.021 -0.002832757 -0.01801454 0.021 -0.003065577 -0.01771111 0.021 -0.002004327 -0.01172201 0.021 -0.002529327 -0.01212486 0.021 -0.002832757 -0.01235768 0.021 -0.003468427 -0.01318611 0.021 -0.003868027 -0.01415083 0.021 -0.005479327 -0.01771111 0.021 -0.004004327 -0.01518611 0.021 -0.003868027 -0.01622139 0.021 -0.003468427 -0.01718611 0.021 0.007086343 -0.01466111 0.021 0.007045673 -0.0147593 0.021 0.006981453 -0.01491435 0.021 0.006945673 -0.01518611 0.021 0.006981453 -0.01545787 0.021 0.007045673 -0.01561291 0.021 -0.008913657 -0.01571111 0.021 -0.008746787 -0.01592857 0.021 -0.008529327 -0.01609543 0.021 -0.007094997 -0.01466111 0.021 -0.007261867 -0.01444364 0.021 -0.008276087 -0.01417189 0.021 -0.008529327 -0.01427678 0.021 -0.008746787 -0.01444364 0.021 -0.007732567 -0.01620033 0.021 -0.008004327 -0.01623611 0.021 -0.008276087 -0.01620033 0.021 -0.007479327 -0.01609543 0.021 -0.007261867 -0.01592857 0.021 -0.007094997 -0.01571111 0.021 -0.006990107 -0.01545787 0.021 -0.006954327 -0.01518611 0.021 -0.006990107 -0.01491435 0.021 -0.007479327 -0.01427678 0.021 -0.007732567 -0.01417189 0.021 -0.008004327 -0.01413611 0.021 -0.0005293273 -0.006276775 0.021 -0.0007467893 -0.006443645 0.021 -0.0002760873 -0.006171885 0.021 -0.0007467893 -0.007928565 0.021 -0.0009136543 -0.007711105 0.021 -0.001018547 -0.007457865 0.021 0.0009049997 -0.006661105 0.021 0.0007381347 -0.006443645 0.021 -0.0009136543 -0.006661105 0.021 -0.001018547 -0.006914345 0.021 -0.001054327 -0.007186105 0.021 0.0009049997 -0.007711105 0.021 0.001009893 -0.007457865 0.021 0.001045673 -0.007186105 0.021 0.001009893 -0.006914345 0.021 -0.0005293273 -0.008095435 0.021 -0.0002760873 -0.008200325 0.021 -4.327295e-06 -0.008236105 0.021 0.0002674327 -0.008200325 0.021 0.0005206727 -0.008095435 0.021 0.0007381347 -0.007928565 0.021 0.0005206727 -0.006276775 0.021 0.0002674327 -0.006171885 0.021 -4.327295e-06 -0.006136105 -0.024 -0.005004327 0.003813895 -0.021 -0.005004327 0.003813895 -0.024 -0.004554327 0.003813895 -0.021 -0.002529327 0.003813895 -0.024 -0.003454327 0.003813895 -0.024 0.003445673 0.003813895 -0.021 0.002520673 0.003813895 -0.024 0.004545673 0.003813895 -0.021 0.004995673 0.003813895 -0.024 0.004995673 0.003813895 -0.019 -0.001104327 0.007813895 -0.019 -0.001104327 0.01081389 -0.019 0.004995673 0.007813895 -0.019 0.002520673 0.01081389 -0.019 0.004995673 0.01081389 -0.023 -0.008004327 -0.01708611 -0.0244 -0.008004327 -0.01708611 -0.023 -0.008496087 -0.01702137 -0.0244 -0.008496087 -0.01702137 -0.023 -0.008954327 -0.01683156 -0.0244 -0.008954327 -0.01683156 -0.023 -0.009347827 -0.01652961 -0.0244 -0.009347827 -0.01652961 -0.023 -0.009649777 -0.01613611 -0.0244 -0.009649777 -0.01613611 -0.023 -0.009839587 -0.01567786 -0.0244 -0.009839587 -0.01567786 -0.023 -0.009904327 -0.01518611 -0.0244 -0.009904327 -0.01518611 -0.023 -0.009839587 -0.01469435 -0.0244 -0.009839587 -0.01469435 -0.023 -0.009649777 -0.01423611 -0.0244 -0.009649777 -0.01423611 -0.023 -0.009347827 -0.01384261 -0.0244 -0.009347827 -0.01384261 -0.023 -0.008954327 -0.01354066 -0.0244 -0.008954327 -0.01354066 -0.023 -0.008496087 -0.01335085 -0.0244 -0.008496087 -0.01335085 -0.023 -0.008004327 -0.01328611 -0.0244 -0.008004327 -0.01328611 -0.024 -0.008825367 0.0005938945 -0.021 -0.008825367 0.0005938945 -0.024 -0.008740447 0.0003888945 -0.021 -0.008740447 0.0003888945 -0.024 -0.008605367 0.0002128945 -0.021 -0.008605367 0.0002128945 -0.024 -0.008429327 7.779453e-05 -0.021 -0.008429327 7.779453e-05 -0.024 -0.008224327 -7.105474e-06 -0.021 -0.008224327 -7.105474e-06 -0.024 -0.008004327 -3.610547e-05 -0.021 -0.008004327 -3.610547e-05 -0.024 -0.007784327 -7.105474e-06 -0.021 -0.007784327 -7.105474e-06 -0.024 -0.007579327 7.779453e-05 -0.021 -0.007579327 7.779453e-05 -0.024 -0.007403287 0.0002128945 -0.021 -0.007403287 0.0002128945 -0.024 -0.007268207 0.0003888945 -0.021 -0.007268207 0.0003888945 -0.024 -0.007183287 0.0005938945 -0.021 -0.007183287 0.0005938945 -0.0112 0.009843193 0.007813895 -0.009203849 0.01099567 0.007813895 -0.0112 0.009843193 0.006813895 -0.009203849 0.01099567 0.006813895 5.663734e-10 -0.01031373 0.006813895 -0.001999999 -0.009159027 0.006813895 5.663734e-10 -0.01031373 0.008813895 -0.001999999 -0.009159027 0.008813895 0.0171547 0.009995673 0.006813895 0.0183094 0.007995673 0.006813895 0.0171547 0.009995673 0.008813895 0.0183094 0.007995673 0.008813895 0.023 0.001009893 -0.02345787 0.021 0.001009893 -0.02345787 0.023 0.0009049997 -0.02371111 0.021 0.0009049997 -0.02371111 0.023 0.0007381347 -0.02392857 0.021 0.0007381347 -0.02392857 0.023 0.0005206727 -0.02409544 0.021 0.0005206727 -0.02409544 0.023 0.0002674327 -0.02420033 0.021 0.0002674327 -0.02420033 0.023 -4.327295e-06 -0.02423611 0.021 -4.327295e-06 -0.02423611 0.023 -0.0002760873 -0.02420033 0.021 -0.0002760873 -0.02420033 0.023 -0.0005293273 -0.02409544 0.021 -0.0005293273 -0.02409544 0.023 -0.0007467893 -0.02392857 0.021 -0.0007467893 -0.02392857 0.023 -0.0009136543 -0.02371111 0.021 -0.0009136543 -0.02371111 0.023 -0.001018547 -0.02345787 0.021 -0.001018547 -0.02345787 -0.0112 0.001843193 0.007813895 -0.008337819 0.003495673 0.007813895 -0.0112 0.001843193 0.006813895 -0.008337819 0.003495673 0.006813895 0.0183094 -0.008004327 0.008813895 0.0171547 -0.006004327 0.008813895 0.0183094 -0.008004327 0.006813895 0.0171547 -0.006004327 0.006813895 0.021 -0.008825367 0.0005938945 0.024 -0.008825367 0.0005938945 0.021 -0.008740447 0.0003888945 0.024 -0.008740447 0.0003888945 0.021 -0.008605367 0.0002128945 0.024 -0.008605367 0.0002128945 0.021 -0.008429327 7.779453e-05 0.024 -0.008429327 7.779453e-05 0.021 -0.008224327 -7.105474e-06 0.024 -0.008224327 -7.105474e-06 0.021 -0.008004327 -3.610547e-05 0.024 -0.008004327 -3.610547e-05 0.021 -0.007784327 -7.105474e-06 0.024 -0.007784327 -7.105474e-06 0.021 -0.007579327 7.779453e-05 0.024 -0.007579327 7.779453e-05 0.021 -0.007403287 0.0002128945 0.024 -0.007403287 0.0002128945 0.021 -0.007268207 0.0003888945 0.024 -0.007268207 0.0003888945 0.021 -0.007183287 0.0005938945 0.024 -0.007183287 0.0005938945 0.004800001 0.006148153 0.006813895 0.004800001 0.006148153 0.007813895 0.004800001 0.009843193 0.006813895 0.004800001 0.009843193 0.007813895 0.01 0.009150373 0.008813895 0.009050001 0.007995673 0.008813895 0.009014221 0.008267433 0.008813895 0.009014221 0.007723913 0.008813895 0.01 0.006840973 0.008813895 0.008909331 0.007470673 0.008813895 0.008271761 0.009009893 0.008813895 0.008000001 0.009045673 0.008813895 0.008000001 0.01030507 0.008813895 0.006985781 0.007723913 0.008813895 0.006000001 0.006840973 0.008813895 0.006950001 0.007995673 0.008813895 0.006000001 0.009150373 0.008813895 0.006985781 0.008267433 0.008813895 0.007090671 0.008520673 0.008813895 0.008000001 0.005686273 0.008813895 0.007728241 0.006981453 0.008813895 0.008000001 0.006945673 0.008813895 0.007090671 0.007470673 0.008813895 0.007257541 0.007253213 0.008813895 0.007475001 0.007086343 0.008813895 0.008909331 0.008520673 0.008813895 0.008742461 0.008738133 0.008813895 0.008525001 0.008905003 0.008813895 0.007728241 0.009009893 0.008813895 0.007475001 0.008905003 0.008813895 0.007257541 0.008738133 0.008813895 0.008271761 0.006981453 0.008813895 0.008525001 0.007086343 0.008813895 0.008742461 0.007253213 0.008813895 0.0241668 -0.005398297 -0.01393111 0.0241668 -0.005742897 -0.01338268 0.0241668 -0.006200897 -0.01292468 0.0241668 -0.006749327 -0.01258008 0.0241668 -0.009259327 -0.01258008 0.0241668 -0.009807757 -0.01292468 0.0241668 -0.01026573 -0.01338268 0.0241668 -0.01061033 -0.01393111 0.0243925 -0.01060423 -0.0145927 0.0243925 -0.01040703 -0.01402905 0.0243703 -0.01066603 -0.01457859 0.0243703 -0.01046413 -0.01400154 0.0243345 -0.01072153 -0.01456593 0.0243345 -0.01051533 -0.01397686 0.024287 -0.01076783 -0.01455536 0.024287 -0.01055813 -0.01395625 0.0242302 -0.01080263 -0.01454741 0.0242302 -0.01059033 -0.01394074 0.0241668 -0.01082433 -0.01454247 0.0243925 -0.007410917 -0.01258622 0.0243925 -0.006847267 -0.01278345 0.0243703 -0.007396807 -0.0125244 0.0243703 -0.006819757 -0.01272632 0.0243345 -0.007384147 -0.01246894 0.0243345 -0.006795077 -0.01267507 0.024287 -0.007373577 -0.01242263 0.024287 -0.006774467 -0.01263227 0.0242302 -0.007365627 -0.01238778 0.0242302 -0.006758957 -0.01260007 0.0241668 -0.007360687 -0.01236615 0.0243925 -0.01067113 -0.01518611 0.0243703 -0.01073453 -0.01518611 0.0243345 -0.01079133 -0.01518611 0.024287 -0.01083883 -0.01518611 0.0242302 -0.01087463 -0.01518611 0.0241668 -0.01089683 -0.01518611 0.0243925 -0.01008933 -0.01352342 0.0243703 -0.01013883 -0.01348388 0.0243345 -0.01018333 -0.01344842 0.024287 -0.01022043 -0.0134188 0.0242302 -0.01024843 -0.01339651 0.0242302 -0.009793927 -0.01294203 0.024287 -0.009771637 -0.01296997 0.0243345 -0.009742017 -0.01300711 0.0243703 -0.009706557 -0.01305158 0.0243925 -0.009667017 -0.01310116 0.0242302 -0.009249697 -0.01260007 0.024287 -0.009234197 -0.01263227 0.0243345 -0.009213577 -0.01267507 0.0243703 -0.009188897 -0.01272632 0.0243925 -0.009161387 -0.01278345 0.0241668 -0.008647967 -0.01236615 0.0242302 -0.008643027 -0.01238778 0.024287 -0.008635077 -0.01242263 0.0243345 -0.008624507 -0.01246894 0.0243703 -0.008611847 -0.0125244 0.0243925 -0.008597737 -0.01258622 0.0243925 -0.008004327 -0.01251935 0.0243703 -0.008004327 -0.01245595 0.0243345 -0.008004327 -0.01239906 0.024287 -0.008004327 -0.01235156 0.0242302 -0.008004327 -0.01231582 0.0241668 -0.008004327 -0.01229363 0.0243925 -0.006341637 -0.01310116 0.0243703 -0.006302097 -0.01305158 0.0243345 -0.006266637 -0.01300711 0.024287 -0.006237017 -0.01296997 0.0242302 -0.006214727 -0.01294203 0.0242302 -0.005760247 -0.01339651 0.024287 -0.005788187 -0.0134188 0.0243345 -0.005825327 -0.01344842 0.0243703 -0.005869797 -0.01348388 0.0243925 -0.005919377 -0.01352342 0.0242302 -0.005418287 -0.01394074 0.024287 -0.005450487 -0.01395625 0.0243345 -0.005493287 -0.01397686 0.0243703 -0.005544537 -0.01400154 0.0243925 -0.005601667 -0.01402905 0.0241668 -0.005184367 -0.01454247 0.0242302 -0.005205997 -0.01454741 0.024287 -0.005240847 -0.01455536 0.0243345 -0.005287157 -0.01456593 0.0243703 -0.005342617 -0.01457859 0.0243925 -0.005404437 -0.0145927 0.0243925 -0.005337567 -0.01518611 0.0243703 -0.005274167 -0.01518611 0.0243345 -0.005217277 -0.01518611 0.024287 -0.005169777 -0.01518611 0.0242302 -0.005134037 -0.01518611 0.0241668 -0.005111847 -0.01518611 -0.0187574 0.009219783 0.006813895 -0.0177574 0.01095187 0.007813895 -0.017732 0.01099567 0.006813895 -0.017732 0.01099567 0.007813895 -0.021 -0.009018547 -0.01491435 -0.021 -0.008954327 -0.0147593 -0.021 -0.008954327 -0.009711105 -0.021 0.006577793 -0.02399949 -0.021 0.007045673 -0.02358776 -0.021 0.007045673 -0.02066111 -0.021 0.01054307 -0.01830896 -0.021 0.01066907 -0.01771111 -0.021 0.007045673 -0.01771111 -0.021 0.007775673 0.001634895 -0.021 0.007995673 0.001663895 -0.021 0.007045673 0.004571295 -0.021 0.01249567 -0.003086105 -0.021 0.01249567 -0.001742405 -0.021 0.007045673 -0.003086105 -0.021 0.01099567 -0.001742405 -0.021 0.01099567 0.004571295 -0.021 0.008215673 0.001634895 -0.021 0.008420673 0.001549995 -0.021 0.008596713 0.001414895 -0.021 0.008731793 0.001238895 -0.021 0.008816713 0.001033895 -0.021 0.008845673 0.0008138945 -0.021 0.008816713 0.0005938945 -0.021 0.008731793 0.0003888945 -0.021 0.008596713 0.0002128945 -0.021 0.008420673 7.779453e-05 -0.021 0.008215673 -7.105474e-06 -0.021 0.007995673 -3.610547e-05 -0.021 0.007775673 -7.105474e-06 -0.021 0.007570673 7.779453e-05 -0.021 0.007394633 0.0002128945 -0.021 0.007259553 0.001238895 -0.021 0.007174633 0.001033895 -0.021 0.007145673 0.0008138945 -0.021 0.007394633 0.001414895 -0.021 0.007570673 0.001549995 -0.021 0.007259553 0.0003888945 -0.021 0.007174633 0.0005938945 -0.021 0.007045673 -0.009711105 -0.021 0.01178747 -0.009711105 -0.021 0.01249567 -0.004186105 -0.021 0.008520673 -0.01427678 -0.021 0.008738133 -0.01444364 -0.021 0.008738133 -0.01592857 -0.021 0.008905003 -0.01571111 -0.021 0.01090637 -0.01658467 -0.021 0.009009893 -0.01545787 -0.021 0.007470673 -0.01427678 -0.021 0.007253213 -0.01444364 -0.021 0.007086343 -0.01466111 -0.021 0.008905003 -0.01466111 -0.021 0.009009893 -0.01491435 -0.021 0.009045673 -0.01518611 -0.021 0.007723913 -0.01620033 -0.021 0.007470673 -0.01609543 -0.021 0.007253213 -0.01592857 -0.021 0.007086343 -0.01571111 -0.021 0.008520673 -0.01609543 -0.021 0.008267433 -0.01620033 -0.021 0.007995673 -0.01623611 -0.021 0.007723913 -0.01417189 -0.021 0.007995673 -0.01413611 -0.021 0.008267433 -0.01417189 -0.021 0.009495773 -0.02066111 -0.021 0.009909083 -0.01995311 -0.021 0.007900673 -0.02283536 -0.021 0.009020683 -0.02147493 -0.021 0.005470673 -0.02469559 -0.021 0.005470673 -0.02066111 -0.021 0.005086003 -0.02493744 -0.021 0.002520673 -0.02066111 -0.021 0.003463583 -0.02562511 -0.021 0.002520673 -0.02585641 -0.021 -0.0009136543 -0.02266111 -0.021 -0.0007467893 -0.02244365 -0.021 -0.002529327 -0.02066111 -0.021 -0.0005293273 -0.02227678 -0.021 -0.001018547 -0.02345787 -0.021 -0.001054327 -0.02318611 -0.021 -0.001018547 -0.02291435 -0.021 0.0002674327 -0.02420033 -0.021 -4.327295e-06 -0.02618611 -0.021 0.0005206727 -0.02409544 -0.021 0.001752163 -0.02604501 -0.021 0.0007381347 -0.02392857 -0.021 0.0009049997 -0.02371111 -0.021 -4.327295e-06 -0.02423611 -0.021 -0.0002760873 -0.02420033 -0.021 -0.001760817 -0.02604501 -0.021 -0.0005293273 -0.02409544 -0.021 -0.002529327 -0.02585641 -0.021 -0.0007467893 -0.02392857 -0.021 -0.0009136543 -0.02371111 -0.021 0.0002674327 -0.02217189 -0.021 -4.327295e-06 -0.02213611 -0.021 -0.0002760873 -0.02217189 -0.021 0.0005206727 -0.02227678 -0.021 0.0007381347 -0.02244365 -0.021 0.0009049997 -0.02266111 -0.021 0.001009893 -0.02291435 -0.021 0.001045673 -0.02318611 -0.021 0.001009893 -0.02345787 -0.021 -0.005479327 -0.02066111 -0.021 -0.005479327 -0.02469559 -0.021 -0.005094657 -0.02493744 -0.021 -0.003472237 -0.02562511 -0.021 -0.008954327 -0.02156604 -0.021 -0.007909327 -0.02283536 -0.021 -0.006586447 -0.02399949 -0.021 -0.01067773 -0.01771111 -0.021 -0.01055173 -0.01830896 -0.021 -0.008954327 -0.01771111 -0.021 -0.009917737 -0.01995311 -0.021 -0.008954327 -0.02066111 -0.021 -0.009504427 -0.02066111 -0.021 -0.009029337 -0.02147493 -0.021 -0.008954327 -0.01561291 -0.021 -0.009018547 -0.01545787 -0.021 -0.01091503 -0.01658467 -0.021 -0.009054327 -0.01518611 -0.021 -0.01179613 -0.009711105 -0.021 -0.008954327 0.004571295 -0.021 -0.01100433 0.004571295 -0.021 -0.008954327 -0.003086105 -0.021 -0.01100433 -0.001742405 -0.021 -0.01250433 -0.004186105 -0.021 -0.01250433 -0.003086105 -0.021 -0.01250433 -0.001742405 -0.021 -0.007784327 0.001634895 -0.021 -0.006004327 0.004571295 -0.021 -0.008004327 0.001663895 -0.021 -0.008224327 0.001634895 -0.021 -0.007784327 -7.105474e-06 -0.021 -0.008004327 -3.610547e-05 -0.021 -0.008224327 -7.105474e-06 -0.021 -0.008429327 7.779453e-05 -0.021 -0.008605367 0.0002128945 -0.021 -0.008740447 0.0003888945 -0.021 -0.008740447 0.001238895 -0.021 -0.008605367 0.001414895 -0.021 -0.008429327 0.001549995 -0.021 -0.007579327 0.001549995 -0.021 -0.007403287 0.001414895 -0.021 -0.007268207 0.001238895 -0.021 -0.007579327 7.779453e-05 -0.021 -0.006004327 -0.003086105 -0.021 -0.007403287 0.0002128945 -0.021 -0.007268207 0.0003888945 -0.021 -0.008825367 0.0005938945 -0.021 -0.008854327 0.0008138945 -0.021 -0.008825367 0.001033895 -0.021 -0.007183287 0.001033895 -0.021 -0.007154327 0.0008138945 -0.021 -0.007183287 0.0005938945 -0.021 -0.006004327 -0.004186105 -0.021 -0.005479327 -0.004186105 -0.021 -0.005479327 -0.009711105 -0.021 -0.005004327 -0.004186105 -0.021 -0.002529327 -0.009711105 -0.021 -0.005004327 -0.003086105 -0.021 -0.002529327 -0.003086105 -0.021 -0.005004327 0.003813895 -0.021 -0.002529327 0.003813895 -0.021 0.002520673 -0.003086105 -0.021 0.002520673 0.003813895 -0.021 0.005995673 -0.003086105 -0.021 0.005995673 -0.004186105 -0.021 0.004995673 0.003813895 -0.021 0.004995673 -0.003086105 -0.021 0.004995673 -0.004186105 -0.021 0.002520673 -0.009711105 -0.021 0.005470673 -0.004186105 -0.021 0.005470673 -0.009711105 -0.021 0.005995673 0.004571295 -0.021 0.001995673 -0.01865021 -0.021 0.001030953 -0.01904981 -0.021 -4.327295e-06 -0.01918611 -0.021 -0.001039607 -0.01904981 -0.021 0.003459773 -0.01318611 -0.021 0.003859373 -0.01415083 -0.021 0.003859373 -0.01622139 -0.021 0.003459773 -0.01718611 -0.021 0.005470673 -0.01771111 -0.021 0.003056923 -0.01771111 -0.021 0.002824103 -0.01801454 -0.021 0.002520673 -0.01824736 -0.021 0.003995673 -0.01518611 -0.021 -0.002004327 -0.01172201 -0.021 -0.001039607 -0.01132241 -0.021 0.001030953 -0.01132241 -0.021 0.001995673 -0.01172201 -0.021 0.002520673 -0.01212486 -0.021 0.002824103 -0.01235768 -0.021 -4.327295e-06 -0.01118611 -0.021 -0.003468427 -0.01718611 -0.021 -0.003868027 -0.01622139 -0.021 -0.005479327 -0.01771111 -0.021 -0.004004327 -0.01518611 -0.021 -0.003868027 -0.01415083 -0.021 -0.003468427 -0.01318611 -0.021 -0.002832757 -0.01235768 -0.021 -0.002529327 -0.01212486 -0.021 -0.002004327 -0.01865021 -0.021 -0.002529327 -0.01824736 -0.021 -0.002832757 -0.01801454 -0.021 -0.003065577 -0.01771111 -0.021 0.007045673 -0.01561291 -0.021 0.006981453 -0.01545787 -0.021 0.006945673 -0.01518611 -0.021 0.006981453 -0.01491435 -0.021 0.007045673 -0.0147593 -0.021 -0.008913657 -0.01571111 -0.021 -0.008746787 -0.01592857 -0.021 -0.008913657 -0.01466111 -0.021 -0.008746787 -0.01444364 -0.021 -0.008529327 -0.01427678 -0.021 -0.007479327 -0.01427678 -0.021 -0.007261867 -0.01444364 -0.021 -0.007094997 -0.01466111 -0.021 -0.006990107 -0.01491435 -0.021 -0.006954327 -0.01518611 -0.021 -0.006990107 -0.01545787 -0.021 -0.007094997 -0.01571111 -0.021 -0.007261867 -0.01592857 -0.021 -0.007479327 -0.01609543 -0.021 -0.007732567 -0.01620033 -0.021 -0.008004327 -0.01623611 -0.021 -0.008276087 -0.01620033 -0.021 -0.008529327 -0.01609543 -0.021 -0.008276087 -0.01417189 -0.021 -0.008004327 -0.01413611 -0.021 -0.007732567 -0.01417189 -0.021 -0.0009136543 -0.006661105 -0.021 -0.0007467893 -0.006443645 -0.021 -0.0005293273 -0.006276775 -0.021 -0.0002760873 -0.008200325 -0.021 -4.327295e-06 -0.008236105 -0.021 0.0002674327 -0.008200325 -0.021 0.0005206727 -0.008095435 -0.021 0.001009893 -0.006914345 -0.021 0.001045673 -0.007186105 -0.021 0.001009893 -0.007457865 -0.021 -0.0005293273 -0.008095435 -0.021 -0.0007467893 -0.007928565 -0.021 -0.0009136543 -0.007711105 -0.021 0.0005206727 -0.006276775 -0.021 0.0007381347 -0.006443645 -0.021 0.0009049997 -0.006661105 -0.021 0.0009049997 -0.007711105 -0.021 0.0007381347 -0.007928565 -0.021 -0.0002760873 -0.006171885 -0.021 -4.327295e-06 -0.006136105 -0.021 0.0002674327 -0.006171885 -0.021 -0.001018547 -0.007457865 -0.021 -0.001054327 -0.007186105 -0.021 -0.001018547 -0.006914345 -0.0002717594 -0.006990107 0.008813895 -0.0002717594 -0.006990107 0.01081389 -0.0005249994 -0.007094997 0.008813895 -0.0005249994 -0.007094997 0.01081389 -0.0007424614 -0.007261867 0.008813895 -0.0007424614 -0.007261867 0.01081389 -0.0009093264 -0.007479327 0.008813895 -0.0009093264 -0.007479327 0.01081389 -0.001014219 -0.007732567 0.008813895 -0.001014219 -0.007732567 0.01081389 -0.001049999 -0.008004327 0.008813895 -0.001049999 -0.008004327 0.01081389 -0.001014219 -0.008276087 0.008813895 -0.001014219 -0.008276087 0.01081389 -0.0009093264 -0.008529327 0.008813895 -0.0009093264 -0.008529327 0.01081389 -0.0007424614 -0.008746787 0.008813895 -0.0007424614 -0.008746787 0.01081389 -0.0005249994 -0.008913657 0.008813895 -0.0005249994 -0.008913657 0.01081389 -0.0002717594 -0.009018547 0.008813895 -0.0002717594 -0.009018547 0.01081389 0.01495 -0.008004327 0.008813895 0.01495 -0.008004327 0.01081389 0.0149858 -0.008276087 0.008813895 0.0149858 -0.008276087 0.01081389 0.0150907 -0.008529327 0.008813895 0.0150907 -0.008529327 0.01081389 0.0152575 -0.008746787 0.008813895 0.0152575 -0.008746787 0.01081389 0.015475 -0.008913657 0.008813895 0.015475 -0.008913657 0.01081389 0.0157282 -0.009018547 0.008813895 0.0157282 -0.009018547 0.01081389 0.016 -0.009054327 0.008813895 0.016 -0.009054327 0.01081389 0.0162718 -0.009018547 0.008813895 0.0162718 -0.009018547 0.01081389 0.016525 -0.008913657 0.008813895 0.016525 -0.008913657 0.01081389 0.0167425 -0.008746787 0.008813895 0.0167425 -0.008746787 0.01081389 0.0169093 -0.008529327 0.008813895 0.0169093 -0.008529327 0.01081389 0.0170142 -0.008276087 0.008813895 0.0170142 -0.008276087 0.01081389 0.01705 -0.008004327 0.008813895 0.01705 -0.008004327 0.01081389 0.019 -0.005004327 0.007813895 0.019 -0.005004327 0.01081389 0.0112 0.001843193 0.006813895 0.0112 0.001843193 0.007813895 0.0112 -0.001851847 0.006813895 0.0112 -0.001851847 0.007813895 -0.008337819 0.003495673 0.006813895 -0.008337819 0.003495673 0.007813895 -0.0100809 0.003495673 0.007813895 -0.005999999 0.003495673 0.006313895 -0.005999999 0.003495673 0.007813895 -0.007662179 0.003495673 0.007813895 -0.007662179 0.003495673 0.006813895 -0.0100809 0.003495673 0.006313895 0.0189792 -0.01100433 0.002349395 0.0195355 -0.01100433 0.001793095 0.0189792 -0.01250433 0.002349395 0.0195355 -0.01250433 0.001793095 0.021 -0.005004327 0.003813895 0.024 -0.005004327 0.003813895 0.024 -0.004554327 0.003813895 0.021 -0.002529327 0.003813895 0.024 -0.003454327 0.003813895 0.021 0.002520673 0.003813895 0.024 0.004995673 0.003813895 0.021 0.004995673 0.003813895 0.024 0.004545673 0.003813895 0.024 0.003445673 0.003813895 0.0009093276 -0.008529327 0.008813895 0.001014221 -0.008276087 0.008813895 0.002000001 -0.009159027 0.008813895 -0.0009093264 -0.007479327 0.008813895 -0.001014219 -0.007732567 0.008813895 -0.001999999 -0.006849627 0.008813895 -0.001049999 -0.008004327 0.008813895 -0.001999999 -0.009159027 0.008813895 -0.001014219 -0.008276087 0.008813895 -0.0002717594 -0.009018547 0.008813895 5.663734e-10 -0.009054327 0.008813895 5.663734e-10 -0.01031373 0.008813895 0.002000001 -0.006849627 0.008813895 0.001050001 -0.008004327 0.008813895 0.001014221 -0.007732567 0.008813895 0.0002717606 -0.006990107 0.008813895 5.663734e-10 -0.006954327 0.008813895 5.663734e-10 -0.005694927 0.008813895 -0.0009093264 -0.008529327 0.008813895 -0.0007424614 -0.008746787 0.008813895 -0.0005249994 -0.008913657 0.008813895 0.0002717606 -0.009018547 0.008813895 0.0005250006 -0.008913657 0.008813895 0.0007424626 -0.008746787 0.008813895 0.0009093276 -0.007479327 0.008813895 0.0007424626 -0.007261867 0.008813895 0.0005250006 -0.007094997 0.008813895 -0.0002717594 -0.006990107 0.008813895 -0.0005249994 -0.007094997 0.008813895 -0.0007424614 -0.007261867 0.008813895 -0.021 0.005995673 -0.004186105 -0.0198355 0.005995673 0.0004833945 -0.021 0.005470673 -0.004186105 -0.0198355 0.004995673 0.0004833945 -0.021 0.004995673 -0.004186105 0.01495 0.007995673 0.008813895 0.01495 0.007995673 0.01081389 0.0149858 0.007723913 0.008813895 0.0149858 0.007723913 0.01081389 0.0150907 0.007470673 0.008813895 0.0150907 0.007470673 0.01081389 0.0152575 0.007253213 0.008813895 0.0152575 0.007253213 0.01081389 0.015475 0.007086343 0.008813895 0.015475 0.007086343 0.01081389 0.0157282 0.006981453 0.008813895 0.0157282 0.006981453 0.01081389 0.016 0.006945673 0.008813895 0.016 0.006945673 0.01081389 0.0162718 0.006981453 0.008813895 0.0162718 0.006981453 0.01081389 0.016525 0.007086343 0.008813895 0.016525 0.007086343 0.01081389 0.0167425 0.007253213 0.008813895 0.0167425 0.007253213 0.01081389 0.0169093 0.007470673 0.008813895 0.0169093 0.007470673 0.01081389 0.0170142 0.007723913 0.008813895 0.0170142 0.007723913 0.01081389 0.01705 0.007995673 0.008813895 0.01705 0.007995673 0.01081389 -0.0172 0.003495673 0.007813895 -0.0172 0.003495673 0.01081389 0.003200001 0.009843193 0.006813895 0.003200001 0.009843193 0.007813895 0.003200001 0.006148153 0.006813895 0.003200001 0.006148153 0.007813895 0.003200001 0.006148153 0.007813895 0.0003378226 0.004495673 0.007813895 0.003200001 0.006148153 0.006813895 0.0003378226 0.004495673 0.006813895 0.0241 -0.01081513 -0.01587841 0.0241 -0.01061713 -0.01644437 0.0241668 -0.01061033 -0.01644111 0.0241 -0.01056413 -0.01652876 0.0241 -0.01027163 -0.01699423 0.0241668 -0.01026573 -0.01698954 0.0241 -0.01016583 -0.01710001 0.0241 -0.009812447 -0.01745342 0.0241668 -0.009807757 -0.01744754 0.0241 -0.009643447 -0.01755961 0.0241 -0.009262587 -0.01779892 0.0241668 -0.009259327 -0.01779214 0.0241 -0.009026977 -0.01788136 0.0241 -0.008649637 -0.0180134 0.0241668 -0.008647967 -0.01800607 0.0241 -0.008351857 -0.01804695 0.0241 -0.008004327 -0.01808611 0.0241668 -0.008004327 -0.01807859 0.0241 -0.007656797 -0.01804695 0.0241 -0.007359017 -0.0180134 0.0241668 -0.007360687 -0.01800607 0.0241 -0.005444537 -0.01652876 0.0241 -0.005391517 -0.01644437 0.0241668 -0.005398297 -0.01644111 0.0241 -0.005193477 -0.01587841 0.0241 -0.005177037 -0.01583142 0.0241668 -0.005184367 -0.01582974 0.0243925 -0.005919377 -0.0168488 0.0243925 -0.006341637 -0.01727106 0.0243703 -0.005869797 -0.01688834 0.0243703 -0.006302097 -0.01732064 0.0243345 -0.005825327 -0.0169238 0.0243345 -0.006266637 -0.01736511 0.024287 -0.005788187 -0.01695342 0.0243925 -0.005601667 -0.01634317 0.0243703 -0.005544537 -0.01637068 0.0243345 -0.005493287 -0.01639536 0.024287 -0.005450487 -0.01641597 0.0242302 -0.005418287 -0.01643148 0.0243925 -0.005404437 -0.01577951 0.0243703 -0.005342617 -0.01579362 0.0243345 -0.005287157 -0.01580628 0.024287 -0.005240847 -0.01581685 0.0242302 -0.005205997 -0.01582481 0.0242302 -0.006214727 -0.01743019 0.0241668 -0.006200897 -0.01744754 0.0241668 -0.005742897 -0.01698954 0.024287 -0.006237017 -0.01740225 0.0242302 -0.005760247 -0.01697571 0.0241 -0.005737017 -0.01699423 0.0241 -0.006981677 -0.01788136 0.0241 -0.006746067 -0.01779892 0.0241668 -0.006749327 -0.01779214 0.0242302 -0.006758957 -0.01777215 0.024287 -0.006774467 -0.01773995 0.0243345 -0.006795077 -0.01769715 0.0243703 -0.006819757 -0.0176459 0.0243925 -0.006847267 -0.01758877 0.0241 -0.006365207 -0.01755961 0.0241 -0.006196207 -0.01745342 0.0241 -0.005842797 -0.01710001 0.0243925 -0.007410917 -0.017786 0.0243703 -0.007396807 -0.01784782 0.0243345 -0.007384147 -0.01790328 0.024287 -0.007373577 -0.01794959 0.0242302 -0.007365627 -0.01798444 0.0243925 -0.008004327 -0.01785287 0.0243703 -0.008004327 -0.01791627 0.0243345 -0.008004327 -0.01797316 0.024287 -0.008004327 -0.01802066 0.0242302 -0.008004327 -0.0180564 0.0242302 -0.008643027 -0.01798444 0.024287 -0.008635077 -0.01794959 0.0243345 -0.008624507 -0.01790328 0.0243703 -0.008611847 -0.01784782 0.0243925 -0.008597737 -0.017786 0.0242302 -0.009249697 -0.01777215 0.024287 -0.009234197 -0.01773995 0.0243345 -0.009213577 -0.01769715 0.0243703 -0.009188897 -0.0176459 0.0243925 -0.009161387 -0.01758877 0.0242302 -0.009793927 -0.01743019 0.024287 -0.009771637 -0.01740225 0.0243345 -0.009742017 -0.01736511 0.0243703 -0.009706557 -0.01732064 0.0243925 -0.009667017 -0.01727106 0.0242302 -0.01024843 -0.01697571 0.024287 -0.01022043 -0.01695342 0.0243345 -0.01018333 -0.0169238 0.0243703 -0.01013883 -0.01688834 0.0243925 -0.01008933 -0.0168488 0.0242302 -0.01059033 -0.01643148 0.024287 -0.01055813 -0.01641597 0.0243345 -0.01051533 -0.01639536 0.0243703 -0.01046413 -0.01637068 0.0243925 -0.01040703 -0.01634317 0.0241 -0.01083163 -0.01583142 0.0241668 -0.01082433 -0.01582974 0.0242302 -0.01080263 -0.01582481 0.024287 -0.01076783 -0.01581685 0.0243345 -0.01072153 -0.01580628 0.0243703 -0.01066603 -0.01579362 0.0243925 -0.01060423 -0.01577951 -0.024 0.008845673 0.0008138945 -0.021 0.008845673 0.0008138945 -0.024 0.008816713 0.001033895 -0.021 0.008816713 0.001033895 -0.024 0.008731793 0.001238895 -0.021 0.008731793 0.001238895 -0.024 0.008596713 0.001414895 -0.021 0.008596713 0.001414895 -0.024 0.008420673 0.001549995 -0.021 0.008420673 0.001549995 -0.024 0.008215673 0.001634895 -0.021 0.008215673 0.001634895 -0.024 0.007995673 0.001663895 -0.021 0.007995673 0.001663895 -0.024 0.007775673 0.001634895 -0.021 0.007775673 0.001634895 -0.024 0.007570673 0.001549995 -0.021 0.007570673 0.001549995 -0.024 0.007394633 0.001414895 -0.021 0.007394633 0.001414895 -0.024 0.007259553 0.001238895 -0.021 0.007259553 0.001238895 -0.024 0.007174633 0.001033895 -0.021 0.007174633 0.001033895 -0.024 0.007145673 0.0008138945 -0.021 0.007145673 0.0008138945 -0.0183094 -0.008004327 0.006813895 -0.0171547 -0.006004327 0.006813895 -0.0183094 -0.008004327 0.008813895 -0.0171547 -0.006004327 0.008813895 -0.0177 -0.002104327 0.01081389 -0.018 -0.002104327 0.01081389 -0.0177 -0.002104327 0.007813895 -0.018 -0.002104327 0.007813895 0.018 -0.002104327 0.01081389 0.018 -0.002104327 0.007813895 0.0182588 -0.002070257 0.007813895 0.0182588 -0.002070257 0.01081389 0.0185 -0.001970357 0.007813895 0.0185 -0.001970357 0.01081389 0.0187071 -0.001811437 0.007813895 0.0187071 -0.001811437 0.01081389 0.018866 -0.001604327 0.007813895 0.018866 -0.001604327 0.01081389 0.0189659 -0.001363147 0.007813895 0.0189659 -0.001363147 0.01081389 0.019 -0.001104327 0.007813895 0.019 -0.001104327 0.01081389 0.004800001 0.006148153 0.006813895 0.007662181 0.004495673 0.006813895 0.004800001 0.006148153 0.007813895 0.007662181 0.004495673 0.007813895 0.0148204 0.003050963 0.01081389 0.0148204 0.003050963 0.007813895 0.0148804 0.003195673 0.01081389 0.0148804 0.003195673 0.007813895 0.0149757 0.003319933 0.01081389 0.0149757 0.003319933 0.007813895 0.0151 0.003415293 0.01081389 0.0151 0.003415293 0.007813895 0.0152447 0.003475233 0.01081389 0.0152447 0.003475233 0.007813895 0.0154 0.003495673 0.01081389 0.0154 0.003495673 0.007813895 0.0183094 -0.008004327 0.006813895 0.0171547 -0.01000433 0.006813895 0.0183094 -0.008004327 0.008813895 0.0171547 -0.01000433 0.008813895 0.0244 -0.001347827 -0.008529605 0.0244 -0.001625397 -0.009218865 0.0244 -0.0009543273 -0.008831555 0.0244 -0.001132427 -0.009528625 0.0244 -0.0004960833 -0.009021365 0.0244 -0.0005828813 -0.009720915 0.0244 -4.327295e-06 -0.009086105 0.0244 -4.327295e-06 -0.009786105 0.0244 0.0004874287 -0.009021365 0.0244 0.0005742267 -0.009720915 0.0244 0.0009456727 -0.008831555 0.0244 0.001123773 -0.009528625 0.0244 0.001339173 -0.008529605 0.0244 0.001641123 -0.006236105 0.0244 0.001339173 -0.005842605 0.0244 0.0009456727 -0.005540655 0.0244 0.0004874287 -0.005350845 0.0244 -4.327295e-06 -0.005286105 0.0244 -0.0004960833 -0.005350845 0.0244 -0.0009543273 -0.005540655 0.0244 -0.001347827 -0.005842605 0.0244 -0.001649777 -0.006236105 0.0244 -0.001839587 -0.006694345 0.0244 -0.001904327 -0.007186105 0.0244 -0.001839587 -0.007677865 0.0244 -0.002539137 -0.007764655 0.0244 -0.001649777 -0.008136105 0.0244 -0.002346847 -0.008314205 0.0244 -0.002037087 -0.008807175 0.0244 0.001616743 -0.009218865 0.0244 0.002028433 -0.008807175 0.0244 0.001641123 -0.008136105 0.0244 0.002338193 -0.008314205 0.0244 0.001830933 -0.007677865 0.0244 0.002530483 -0.007764655 0.0244 0.001895673 -0.007186105 0.0244 0.001830933 -0.006694345 0.0164792 -0.005004327 0.004849395 0.0158026 -0.005004327 0.005415895 0.0145956 -0.005004327 0.007813895 0.0148571 -0.005004327 0.005933295 0.0145956 -0.005004327 0.006033095 0.0195398 -0.005004327 0.001333895 0.0190964 -0.005004327 0.002117595 0.021 -0.005004327 0.003813895 0.0185196 -0.005004327 0.002808995 0.0198355 -0.005004327 0.0004833945 0.021 -0.005004327 -0.003086105 0.021 -0.005004327 -0.004186105 0.024 -0.005004327 0.003813895 0.019 -0.005004327 0.007813895 0.024 -0.005004327 0.005813895 0.019 -0.005004327 0.01081389 0.008000001 -0.009054327 0.008813895 0.008000001 -0.009054327 0.01081389 0.008271761 -0.009018547 0.008813895 0.008271761 -0.009018547 0.01081389 0.008525001 -0.008913657 0.008813895 0.008525001 -0.008913657 0.01081389 0.008742461 -0.008746787 0.008813895 0.008742461 -0.008746787 0.01081389 0.008909331 -0.008529327 0.008813895 0.008909331 -0.008529327 0.01081389 0.009014221 -0.008276087 0.008813895 0.009014221 -0.008276087 0.01081389 0.009050001 -0.008004327 0.008813895 0.009050001 -0.008004327 0.01081389 0.009014221 -0.007732567 0.008813895 0.009014221 -0.007732567 0.01081389 0.008909331 -0.007479327 0.008813895 0.008909331 -0.007479327 0.01081389 0.008742461 -0.007261867 0.008813895 0.008742461 -0.007261867 0.01081389 0.008525001 -0.007094997 0.008813895 0.008525001 -0.007094997 0.01081389 0.008271761 -0.006990107 0.008813895 0.008271761 -0.006990107 0.01081389 0.008000001 -0.006954327 0.008813895 0.008000001 -0.006954327 0.01081389 -0.007728239 0.006981453 0.008813895 -0.007728239 0.006981453 0.01081389 -0.007474999 0.007086343 0.008813895 -0.007474999 0.007086343 0.01081389 -0.007257539 0.007253213 0.008813895 -0.007257539 0.007253213 0.01081389 -0.007090669 0.007470673 0.008813895 -0.007090669 0.007470673 0.01081389 -0.006985779 0.007723913 0.008813895 -0.006985779 0.007723913 0.01081389 -0.006949999 0.007995673 0.008813895 -0.006949999 0.007995673 0.01081389 -0.006985779 0.008267433 0.008813895 -0.006985779 0.008267433 0.01081389 -0.007090669 0.008520673 0.008813895 -0.007090669 0.008520673 0.01081389 -0.007257539 0.008738133 0.008813895 -0.007257539 0.008738133 0.01081389 -0.007474999 0.008905003 0.008813895 -0.007474999 0.008905003 0.01081389 -0.007728239 0.009009893 0.008813895 -0.007728239 0.009009893 0.01081389 -0.017732 -0.01100433 0.006813895 -0.017732 -0.01100433 0.007813895 -0.0187574 -0.009228437 0.006813895 -0.0177574 -0.01096053 0.007813895 0.0172 0.003495673 0.01081389 0.0172 0.003495673 0.007813895 0.0173553 0.003475233 0.01081389 0.0173553 0.003475233 0.007813895 0.0175 0.003415293 0.01081389 0.0175 0.003415293 0.007813895 0.0176243 0.003319933 0.01081389 0.0176243 0.003319933 0.007813895 0.0177196 0.003195673 0.01081389 0.0177196 0.003195673 0.007813895 0.0177796 0.003050963 0.01081389 0.0177796 0.003050963 0.007813895 0.0187574 0.006771563 0.006813895 0.0183094 0.005995673 0.007261895 0.0183094 0.005995673 0.006813895 0.0170142 0.008267433 0.008813895 0.0170142 0.008267433 0.01081389 0.0169093 0.008520673 0.008813895 0.0169093 0.008520673 0.01081389 0.0167425 0.008738133 0.008813895 0.0167425 0.008738133 0.01081389 0.016525 0.008905003 0.008813895 0.016525 0.008905003 0.01081389 0.0162718 0.009009893 0.008813895 0.0162718 0.009009893 0.01081389 0.016 0.009045673 0.008813895 0.016 0.009045673 0.01081389 0.0157282 0.009009893 0.008813895 0.0157282 0.009009893 0.01081389 0.015475 0.008905003 0.008813895 0.015475 0.008905003 0.01081389 0.0152575 0.008738133 0.008813895 0.0152575 0.008738133 0.01081389 0.0150907 0.008520673 0.008813895 0.0150907 0.008520673 0.01081389 0.0149858 0.008267433 0.008813895 0.0149858 0.008267433 0.01081389 0.0187574 -0.006780217 0.006813895 0.0183094 -0.006004327 0.006813895 0.0183094 -0.006004327 0.007261895 0.008000001 -0.01031373 0.006813895 0.006000001 -0.009159027 0.006813895 0.008000001 -0.01031373 0.008813895 0.006000001 -0.009159027 0.008813895 0.0209039 0.01249567 -0.0007670055 0.0209039 0.01099567 -0.0007670055 0.0206194 0.01249567 0.0001709945 0.0206194 0.01099567 0.0001709945 0.0201573 0.01249567 0.001035395 0.0201573 0.01099567 0.001035395 0.0195355 0.01249567 0.001793095 0.0195355 0.01099567 0.001793095 0.007662181 0.003495673 0.006813895 0.006000001 0.002536013 0.006813895 0.007662181 0.003495673 0.007813895 0.006000001 0.002536013 0.007813895 -0.004449999 0.002995673 0.006313895 -0.004449999 0.002995673 0.01081389 -0.004579409 0.002978633 0.006313895 -0.004579409 0.002978633 0.01081389 -0.004699999 0.002928683 0.006313895 -0.004699999 0.002928683 0.01081389 -0.004803549 0.002849223 0.006313895 -0.004803549 0.002849223 0.01081389 -0.004883009 0.002745673 0.006313895 -0.004883009 0.002745673 0.01081389 -0.004932959 0.002625083 0.006313895 -0.004946709 0.002520673 0.01081389 -0.004932959 0.002625083 0.01081389 -0.0244 0.006652173 -0.01652961 -0.0244 0.006350223 -0.01613611 -0.0244 0.006160413 -0.01567786 -0.0244 0.006095673 -0.01518611 -0.0244 0.006160413 -0.01469435 -0.0244 0.006350223 -0.01423611 -0.0244 0.006652173 -0.01384261 -0.0244 0.007045673 -0.01354066 -0.0244 0.007503913 -0.01335085 -0.0244 0.007995673 -0.01328611 -0.0244 0.008487433 -0.01335085 -0.0244 0.008574223 -0.0126513 -0.0244 0.008945673 -0.01354066 -0.0244 0.009123773 -0.01284359 -0.0244 0.009616743 -0.01315335 -0.0244 0.009339173 -0.01384261 -0.0244 0.01002847 -0.01356504 -0.0244 0.009641123 -0.01423611 -0.0244 0.01033817 -0.01405801 -0.0244 0.009830933 -0.01469435 -0.0244 0.01053047 -0.01460755 -0.0244 0.009895673 -0.01518611 -0.0244 0.01059567 -0.01518611 -0.0244 0.009830933 -0.01567786 -0.0244 0.01053047 -0.01576466 -0.0244 0.009641123 -0.01613611 -0.0244 0.01033817 -0.01631421 -0.0244 0.009339173 -0.01652961 -0.0244 0.01002847 -0.01680718 -0.0244 0.009616743 -0.01721887 -0.0244 0.008945673 -0.01683156 -0.0244 0.009123773 -0.01752863 -0.0244 0.008487433 -0.01702137 -0.0244 0.008574223 -0.01772092 -0.0244 0.007995673 -0.01708611 -0.0244 0.007503913 -0.01702137 -0.0244 0.007045673 -0.01683156 -0.002999999 0.002995673 0.01081389 0.003000001 0.002995673 0.01081389 0.002645751 0.002995673 0.01081389 0.002645751 0.002995673 0.009313895 -0.002645749 0.002995673 0.01081389 -0.002645749 0.002995673 0.009313895 0.0168 -0.003504327 0.007813895 0.0168 -0.003504327 0.01081389 -0.005999999 0.006840973 0.006813895 -0.007999999 0.005686273 0.006813895 -0.005999999 0.006840973 0.008813895 -0.007999999 0.005686273 0.008813895 -0.0112 -0.009851847 0.006813895 -0.0112 -0.009851847 0.007813895 -0.0112 -0.006156807 0.006813895 -0.0112 -0.006156807 0.007813895 -0.021 -0.009018547 -0.01491435 -0.023 -0.009018547 -0.01491435 -0.021 -0.008954327 -0.0147593 -0.023 -0.008913657 -0.01466111 -0.023 -0.006990107 -0.01491435 -0.021 -0.006990107 -0.01491435 -0.023 -0.007094997 -0.01466111 -0.021 -0.007094997 -0.01466111 -0.023 -0.007261867 -0.01444364 -0.021 -0.007261867 -0.01444364 -0.023 -0.007479327 -0.01427678 -0.021 -0.007479327 -0.01427678 -0.023 -0.007732567 -0.01417189 -0.021 -0.007732567 -0.01417189 -0.023 -0.008004327 -0.01413611 -0.021 -0.008004327 -0.01413611 -0.023 -0.008276087 -0.01417189 -0.021 -0.008276087 -0.01417189 -0.023 -0.008529327 -0.01427678 -0.021 -0.008529327 -0.01427678 -0.023 -0.008746787 -0.01444364 -0.021 -0.008746787 -0.01444364 -0.021 -0.008913657 -0.01466111 -0.0164792 0.004995673 0.004849395 -0.0185196 0.004995673 0.002808995 -0.0164792 0.005995673 0.004849395 -0.0185196 0.005995673 0.002808995 0.002645751 -0.003004327 0.009313895 -0.002645749 -0.003004327 0.009313895 0.001853581 -0.003548937 0.009313895 -0.001853579 -0.003548937 0.009313895 -0.0009543504 -0.003888807 0.009313895 5.663734e-10 -0.004004327 0.009313895 0.0009543516 -0.003888807 0.009313895 0.0136906 0.007995673 0.006813895 0.0148453 0.009995673 0.006813895 0.0136906 0.007995673 0.008813895 0.0148453 0.009995673 0.008813895 -0.0136906 0.007995673 0.008813895 -0.0136906 0.007995673 0.006813895 -0.0148453 0.005995673 0.008813895 -0.0148453 0.005995673 0.006813895 0.0183094 0.007995673 0.006813895 0.0171547 0.005995673 0.006813895 0.0183094 0.007995673 0.008813895 0.0171547 0.005995673 0.008813895 -0.0241 -0.007312017 -0.01237526 -0.0241 -0.006746067 -0.0125733 -0.0241668 -0.006749327 -0.01258008 -0.0241 -0.006661677 -0.01262632 -0.0241 -0.006196207 -0.0129188 -0.0241668 -0.006200897 -0.01292468 -0.0241 -0.006090427 -0.01302458 -0.0241 -0.005737017 -0.01337799 -0.0241668 -0.005742897 -0.01338268 -0.0241 -0.005630827 -0.01354699 -0.0241 -0.005391517 -0.01392785 -0.0241668 -0.005398297 -0.01393111 -0.0241 -0.005309077 -0.01416346 -0.0241 -0.005177037 -0.01454079 -0.0241668 -0.005184367 -0.01454247 -0.0241 -0.005143487 -0.01483858 -0.0241 -0.005104327 -0.01518611 -0.0241668 -0.005111847 -0.01518611 -0.0241 -0.005143487 -0.01553363 -0.0241 -0.005177037 -0.01583142 -0.0241668 -0.005184367 -0.01582974 -0.0241 -0.006661677 -0.0177459 -0.0241 -0.006746067 -0.01779892 -0.0241668 -0.006749327 -0.01779214 -0.0241 -0.007312017 -0.01799696 -0.0241 -0.007359017 -0.0180134 -0.0241668 -0.007360687 -0.01800607 -0.0244 -0.006383257 -0.01721887 -0.0244 -0.005971567 -0.01680718 -0.0243925 -0.006341637 -0.01727106 -0.0243925 -0.005919377 -0.0168488 -0.0243703 -0.006302097 -0.01732064 -0.0243703 -0.005869797 -0.01688834 -0.0243345 -0.006266637 -0.01736511 -0.0243345 -0.005825327 -0.0169238 -0.024287 -0.006237017 -0.01740225 -0.0244 -0.006876227 -0.01752863 -0.0243925 -0.006847267 -0.01758877 -0.0243703 -0.006819757 -0.0176459 -0.0243345 -0.006795077 -0.01769715 -0.024287 -0.006774467 -0.01773995 -0.0242302 -0.006758957 -0.01777215 -0.0244 -0.007425777 -0.01772092 -0.0243925 -0.007410917 -0.017786 -0.0243703 -0.007396807 -0.01784782 -0.0243345 -0.007384147 -0.01790328 -0.024287 -0.007373577 -0.01794959 -0.0242302 -0.007365627 -0.01798444 -0.0242302 -0.005760247 -0.01697571 -0.0241668 -0.005742897 -0.01698954 -0.0241668 -0.006200897 -0.01744754 -0.0244 -0.008004327 -0.01778611 -0.0243925 -0.008004327 -0.01785287 -0.0243703 -0.008004327 -0.01791627 -0.0243345 -0.008004327 -0.01797316 -0.024287 -0.008004327 -0.01802066 -0.0242302 -0.008004327 -0.0180564 -0.0241668 -0.008004327 -0.01807859 -0.024287 -0.005788187 -0.01695342 -0.0242302 -0.006214727 -0.01743019 -0.0241 -0.006196207 -0.01745342 -0.0241 -0.005309077 -0.01620876 -0.0241 -0.005391517 -0.01644437 -0.0241668 -0.005398297 -0.01644111 -0.0242302 -0.005418287 -0.01643148 -0.024287 -0.005450487 -0.01641597 -0.0243345 -0.005493287 -0.01639536 -0.0243703 -0.005544537 -0.01637068 -0.0243925 -0.005601667 -0.01634317 -0.0244 -0.005661807 -0.01631421 -0.0241 -0.005630827 -0.01682523 -0.0241 -0.005737017 -0.01699423 -0.0241 -0.006090427 -0.01734764 -0.0244 -0.005469517 -0.01576466 -0.0243925 -0.005404437 -0.01577951 -0.0243703 -0.005342617 -0.01579362 -0.0243345 -0.005287157 -0.01580628 -0.024287 -0.005240847 -0.01581685 -0.0242302 -0.005205997 -0.01582481 -0.0244 -0.005404327 -0.01518611 -0.0243925 -0.005337567 -0.01518611 -0.0243703 -0.005274167 -0.01518611 -0.0243345 -0.005217277 -0.01518611 -0.024287 -0.005169777 -0.01518611 -0.0242302 -0.005134037 -0.01518611 -0.0242302 -0.005205997 -0.01454741 -0.024287 -0.005240847 -0.01455536 -0.0243345 -0.005287157 -0.01456593 -0.0243703 -0.005342617 -0.01457859 -0.0243925 -0.005404437 -0.0145927 -0.0244 -0.005469517 -0.01460755 -0.0242302 -0.005418287 -0.01394074 -0.024287 -0.005450487 -0.01395625 -0.0243345 -0.005493287 -0.01397686 -0.0243703 -0.005544537 -0.01400154 -0.0243925 -0.005601667 -0.01402905 -0.0244 -0.005661807 -0.01405801 -0.0242302 -0.005760247 -0.01339651 -0.024287 -0.005788187 -0.0134188 -0.0243345 -0.005825327 -0.01344842 -0.0243703 -0.005869797 -0.01348388 -0.0243925 -0.005919377 -0.01352342 -0.0244 -0.005971567 -0.01356504 -0.0242302 -0.006214727 -0.01294203 -0.024287 -0.006237017 -0.01296997 -0.0243345 -0.006266637 -0.01300711 -0.0243703 -0.006302097 -0.01305158 -0.0243925 -0.006341637 -0.01310116 -0.0244 -0.006383257 -0.01315335 -0.0242302 -0.006758957 -0.01260007 -0.024287 -0.006774467 -0.01263227 -0.0243345 -0.006795077 -0.01267507 -0.0243703 -0.006819757 -0.01272632 -0.0243925 -0.006847267 -0.01278345 -0.0244 -0.006876227 -0.01284359 -0.0241 -0.007359017 -0.01235882 -0.0241668 -0.007360687 -0.01236615 -0.0242302 -0.007365627 -0.01238778 -0.024287 -0.007373577 -0.01242263 -0.0243345 -0.007384147 -0.01246894 -0.0243703 -0.007396807 -0.0125244 -0.0243925 -0.007410917 -0.01258622 -0.0244 -0.007425777 -0.0126513 -0.0244 -0.008004327 -0.01258611 -0.0243925 -0.008004327 -0.01251935 -0.0243703 -0.008004327 -0.01245595 -0.0243345 -0.008004327 -0.01239906 -0.024287 -0.008004327 -0.01235156 -0.0242302 -0.008004327 -0.01231582 -0.0241668 -0.008004327 -0.01229363 -0.003199999 -0.006156807 0.007813895 -0.0003378214 -0.004504327 0.007813895 -0.003199999 -0.006156807 0.006813895 -0.0003378214 -0.004504327 0.006813895 0.008000001 -0.001054327 0.008813895 0.008000001 -0.001054327 0.01081389 0.008271761 -0.001018547 0.008813895 0.008271761 -0.001018547 0.01081389 0.008525001 -0.0009136543 0.008813895 0.008525001 -0.0009136543 0.01081389 0.008742461 -0.0007467893 0.008813895 0.008742461 -0.0007467893 0.01081389 0.008909331 -0.0005293273 0.008813895 0.008909331 -0.0005293273 0.01081389 0.009014221 -0.0002760873 0.008813895 0.009014221 -0.0002760873 0.01081389 0.009050001 -4.327295e-06 0.008813895 0.009050001 -4.327295e-06 0.01081389 0.009014221 0.0002674327 0.008813895 0.009014221 0.0002674327 0.01081389 0.008909331 0.0005206727 0.008813895 0.008909331 0.0005206727 0.01081389 0.008742461 0.0007381347 0.008813895 0.008742461 0.0007381347 0.01081389 0.008525001 0.0009049997 0.008813895 0.008525001 0.0009049997 0.01081389 0.008271761 0.001009893 0.008813895 0.008271761 0.001009893 0.01081389 0.008000001 0.001045673 0.008813895 0.008000001 0.001045673 0.01081389 -0.0244 0.001641123 -0.02413611 -0.0244 0.002028433 -0.02480718 -0.0244 0.001339173 -0.02452961 -0.0244 0.001616743 -0.02521891 -0.0244 0.0009456727 -0.02483156 -0.0244 0.001123773 -0.02552861 -0.0244 0.0004874287 -0.02502137 -0.0244 0.0005742267 -0.02572091 -0.0244 -4.327295e-06 -0.02508611 -0.0244 -4.327295e-06 -0.02578611 -0.0244 -0.0004960833 -0.02502137 -0.0244 -0.0005828813 -0.02572091 -0.0244 -0.0009543273 -0.02483156 -0.0244 -0.001132427 -0.02552861 -0.0244 -0.001347827 -0.02452961 -0.0244 -0.001347827 -0.02184261 -0.0244 -0.001625397 -0.02115335 -0.0244 -0.0009543273 -0.02154066 -0.0244 -0.001132427 -0.02084359 -0.0244 -0.0004960833 -0.02135085 -0.0244 -0.0005828813 -0.0206513 -0.0244 -4.327295e-06 -0.02128611 -0.0244 -4.327295e-06 -0.02058611 -0.0244 0.0004874287 -0.02135085 -0.0244 0.0005742267 -0.0206513 -0.0244 0.0009456727 -0.02154066 -0.0244 0.001123773 -0.02084359 -0.0244 0.001339173 -0.02184261 -0.0244 0.001616743 -0.02115335 -0.0244 0.002028433 -0.02156504 -0.0244 0.001641123 -0.02223611 -0.0244 0.002338193 -0.02205801 -0.0244 0.001830933 -0.02269435 -0.0244 0.002530483 -0.02260756 -0.0244 0.001895673 -0.02318611 -0.0244 0.002595673 -0.02318611 -0.0244 0.001830933 -0.02367787 -0.0244 0.002530483 -0.02376466 -0.0244 0.002338193 -0.02431421 -0.0244 -0.001625397 -0.02521891 -0.0244 -0.002037087 -0.02480718 -0.0244 -0.001649777 -0.02413611 -0.0244 -0.002346847 -0.02431421 -0.0244 -0.001839587 -0.02367787 -0.0244 -0.002539137 -0.02376466 -0.0244 -0.001904327 -0.02318611 -0.0244 -0.002604327 -0.02318611 -0.0244 -0.001839587 -0.02269435 -0.0244 -0.002539137 -0.02260756 -0.0244 -0.001649777 -0.02223611 -0.0244 -0.002346847 -0.02205801 -0.0244 -0.002037087 -0.02156504 0.0136906 -0.008004327 0.008813895 0.0136906 -0.008004327 0.006813895 0.0148453 -0.006004327 0.008813895 0.0148453 -0.006004327 0.006813895 0.021 -0.006004327 0.004571295 0.0183094 -0.006004327 0.007261895 0.0183094 -0.006004327 0.006813895 0.0185196 -0.006004327 0.002808995 0.0190964 -0.006004327 0.002117595 0.0144338 -0.006004327 0.006813895 0.0144338 -0.006004327 0.006086695 0.0148453 -0.006004327 0.006813895 0.0148571 -0.006004327 0.005933295 0.0158026 -0.006004327 0.005415895 0.0164792 -0.006004327 0.004849395 0.0171547 -0.006004327 0.006813895 0.0171547 -0.006004327 0.008813895 0.0148453 -0.006004327 0.008813895 0.0195398 -0.006004327 0.001333895 0.0198355 -0.006004327 0.0004833945 0.021 -0.006004327 -0.003086105 0.021 -0.006004327 -0.004186105 -0.0112 0.006148153 0.007813895 -0.008337819 0.004495673 0.007813895 -0.009919109 0.004495673 0.007813895 -0.0138102 0.005788483 0.007813895 -0.0125359 0.007995673 0.007813895 -0.0112 0.009843193 0.007813895 -0.0142679 0.01099567 0.007813895 -0.009203849 0.01099567 0.007813895 0.01705 -0.008004327 0.008813895 0.0170142 -0.007732567 0.008813895 0.0183094 -0.008004327 0.008813895 0.0171547 -0.006004327 0.008813895 0.0150907 -0.008529327 0.008813895 0.0152575 -0.008746787 0.008813895 0.0148453 -0.01000433 0.008813895 0.015475 -0.008913657 0.008813895 0.0157282 -0.009018547 0.008813895 0.016 -0.009054327 0.008813895 0.0171547 -0.01000433 0.008813895 0.0162718 -0.009018547 0.008813895 0.016525 -0.008913657 0.008813895 0.0149858 -0.008276087 0.008813895 0.0136906 -0.008004327 0.008813895 0.01495 -0.008004327 0.008813895 0.0167425 -0.008746787 0.008813895 0.0169093 -0.008529327 0.008813895 0.0170142 -0.008276087 0.008813895 0.0169093 -0.007479327 0.008813895 0.0167425 -0.007261867 0.008813895 0.016525 -0.007094997 0.008813895 0.015475 -0.007094997 0.008813895 0.0152575 -0.007261867 0.008813895 0.0148453 -0.006004327 0.008813895 0.0150907 -0.007479327 0.008813895 0.0149858 -0.007732567 0.008813895 0.0162718 -0.006990107 0.008813895 0.016 -0.006954327 0.008813895 0.0157282 -0.006990107 0.008813895 0.0125359 0.007995673 0.006813895 0.0125359 0.007995673 0.007813895 0.0142679 0.01099567 0.006813895 0.0142679 0.01099567 0.007813895 -0.009999999 -0.001159027 0.006813895 -0.009999999 0.001150373 0.006813895 -0.009999999 -0.001159027 0.008813895 -0.009999999 0.001150373 0.008813895 -0.0148 0.002520673 0.01081389 -0.0148 -0.001504327 0.007813895 -0.0148 -0.001504327 0.01081389 0.0177 -0.0009043273 0.01081389 0.0177 -0.0009043273 0.007813895 0.0175447 -0.0009247713 0.007813895 0.0175447 -0.0009247713 0.01081389 0.0174 -0.0009847123 0.007813895 0.0174 -0.0009847123 0.01081389 0.0172757 -0.001080067 0.007813895 0.0172757 -0.001080067 0.01081389 0.0171804 -0.001204327 0.007813895 0.0171804 -0.001204327 0.01081389 0.0171204 -0.001349037 0.007813895 0.0171204 -0.001349037 0.01081389 0.0171 -0.001504327 0.007813895 0.0171 -0.001504327 0.01081389 0.0171204 -0.001659617 0.007813895 0.0171204 -0.001659617 0.01081389 0.0171804 -0.001804327 0.007813895 0.0171804 -0.001804327 0.01081389 0.0172757 -0.001928587 0.007813895 0.0172757 -0.001928587 0.01081389 0.0174 -0.002023947 0.007813895 0.0174 -0.002023947 0.01081389 0.0175447 -0.002083887 0.007813895 0.0175447 -0.002083887 0.01081389 0.0177 -0.002104327 0.007813895 0.0177 -0.002104327 0.01081389 -0.007999999 -0.002313727 0.006813895 -0.005999999 -0.001159027 0.006813895 -0.005999999 -0.002544667 0.006813895 -0.005999999 0.002536013 0.006813895 -0.005999999 0.001150373 0.006813895 -0.007662179 0.003495673 0.006813895 -0.007999999 0.002305073 0.006813895 -0.007662179 -0.003504327 0.006813895 -0.008337819 -0.003504327 0.006813895 -0.009999999 -0.001159027 0.006813895 -0.0112 -0.001851847 0.006813895 -0.009999999 0.001150373 0.006813895 -0.0112 0.001843193 0.006813895 -0.008337819 0.003495673 0.006813895 -0.024 -0.007310307 -0.01800184 -0.024 -0.006656627 -0.01775393 -0.024 -0.006081267 -0.01735679 -0.024 -0.005617677 -0.0168335 -0.024 -0.005292777 -0.01621446 -0.024 -0.005125467 -0.01553566 -0.024 -0.005125467 -0.01483655 -0.024 -0.005292777 -0.01415776 -0.024 -0.005617677 -0.01353872 -0.024 -0.006081267 -0.01301543 -0.024 -0.006656627 -0.01261829 -0.024 -0.007310307 -0.01237038 0.008000001 0.002305073 0.006813895 0.01 0.001150373 0.006813895 0.008000001 0.002305073 0.008813895 0.01 0.001150373 0.008813895 -0.024 0.004995673 0.005813895 -0.019 0.004995673 0.01081389 -0.019 0.005470673 0.01081389 -0.024 0.006120673 0.005813895 -0.019 0.01249567 0.01081389 -0.024 0.01249567 0.005813895 -0.024 -0.0007549023 -0.02038492 -0.024 -4.327295e-06 -0.02028611 -0.0241 -4.327295e-06 -0.02028611 -0.0241 -0.0006496383 -0.02035882 -0.0241 -0.0007515583 -0.02039448 -0.024 -0.001454327 -0.02067464 -0.0241 -0.001262587 -0.0205733 -0.0241 -0.001445707 -0.02068836 -0.0241 -0.001812447 -0.0209188 -0.024 -0.002054937 -0.0211355 -0.0241 -0.002042047 -0.02114839 -0.0241 -0.002271637 -0.02137799 -0.024 -0.002515797 -0.02173611 -0.0241 -0.002502077 -0.02174473 -0.0241 -0.002617137 -0.02192785 -0.024 -0.002805507 -0.02243553 -0.0241 -0.002795957 -0.02243888 -0.0241 -0.002831617 -0.0225408 -0.024 -0.002904327 -0.02318611 -0.0241 -0.002904327 -0.02318611 -0.024 -0.002805507 -0.02393669 -0.0241 -0.002831617 -0.02383142 -0.0241 -0.002795957 -0.02393334 -0.024 -0.002515797 -0.02463611 -0.0241 -0.002617137 -0.02444437 -0.0241 -0.002502077 -0.02462749 -0.0241 -0.002271637 -0.02499423 -0.024 -0.002054937 -0.02523671 -0.0241 -0.002042047 -0.02522381 -0.0241 -0.001812447 -0.02545341 -0.024 -0.001454327 -0.02569761 -0.0241 -0.001445707 -0.02568391 -0.0241 -0.001262587 -0.02579891 -0.024 -0.0007549023 -0.02598731 -0.0241 -4.327295e-06 -0.02608611 -0.024 -4.327295e-06 -0.02608611 -0.0241 -0.0006496383 -0.02601341 -0.0241 -0.0007515583 -0.02597771 -0.024 0.007174633 0.0005938945 -0.021 0.007174633 0.0005938945 -0.024 0.007259553 0.0003888945 -0.021 0.007259553 0.0003888945 -0.024 0.007394633 0.0002128945 -0.021 0.007394633 0.0002128945 -0.024 0.007570673 7.779453e-05 -0.021 0.007570673 7.779453e-05 -0.024 0.007775673 -7.105474e-06 -0.021 0.007775673 -7.105474e-06 -0.024 0.007995673 -3.610547e-05 -0.021 0.007995673 -3.610547e-05 -0.024 0.008215673 -7.105474e-06 -0.021 0.008215673 -7.105474e-06 -0.024 0.008420673 7.779453e-05 -0.021 0.008420673 7.779453e-05 -0.024 0.008596713 0.0002128945 -0.021 0.008596713 0.0002128945 -0.024 0.008731793 0.0003888945 -0.021 0.008731793 0.0003888945 -0.024 0.008816713 0.0005938945 -0.021 0.008816713 0.0005938945 0.019 0.002520673 0.01081389 0.019 0.004995673 0.007813895 0.019 0.004995673 0.01081389 -0.0209039 0.01099567 -0.0007670055 -0.0209039 0.01249567 -0.0007670055 -0.0206194 0.01099567 0.0001709945 -0.0206194 0.01249567 0.0001709945 -0.0201573 0.01099567 0.001035395 -0.0201573 0.01249567 0.001035395 -0.0195355 0.01099567 0.001793095 -0.0195355 0.01249567 0.001793095 0.024 -0.002805507 -0.02243553 0.024 -0.002515797 -0.02173611 0.024 -0.002054937 -0.0211355 0.024 -0.001454327 -0.02067464 0.024 -0.0007549023 -0.02038492 0.024 -4.327294e-06 -0.02028611 0.024 0.0007462477 -0.02038492 0.024 0.001445673 -0.02067464 0.024 0.002046283 -0.0211355 0.024 0.002507143 -0.02173611 0.024 0.002796853 -0.02243553 0.0241 -0.002815177 -0.007878415 0.0241 -0.002617137 -0.008444365 0.0241668 -0.002610357 -0.008441105 0.0241 -0.002564117 -0.008528755 0.0241 -0.002271637 -0.008994225 0.0241668 -0.002265757 -0.008989535 0.0241 -0.002165857 -0.009100005 0.0241 -0.001812447 -0.009453415 0.0241668 -0.001807757 -0.009447535 0.0241 -0.001643447 -0.009559605 0.0241 -0.001262587 -0.009798915 0.0241668 -0.001259327 -0.009792135 0.0241 -0.001026977 -0.009881355 0.0241 -0.0006496383 -0.0100134 0.0241668 -0.0006479643 -0.01000607 0.0241 -0.0003518543 -0.01004695 0.0241 -4.327295e-06 -0.01008611 0.0241668 -4.327295e-06 -0.01007859 0.0241 0.0003431997 -0.01004695 0.0241 0.0006409837 -0.0100134 0.0241668 0.0006393097 -0.01000607 0.0241 0.002555463 -0.008528755 0.0241 0.002608483 -0.008444365 0.0241668 0.002601703 -0.008441105 0.0241 0.002806523 -0.007878415 0.0241 0.002822963 -0.007831415 0.0241668 0.002815633 -0.007829745 0.0243925 0.002080623 -0.008848795 0.0243925 0.001658363 -0.009271055 0.0243703 0.002130203 -0.008888335 0.0243703 0.001697903 -0.009320635 0.0243345 0.002174673 -0.008923795 0.0243345 0.001733363 -0.009365105 0.024287 0.002211813 -0.008953415 0.0243925 0.002398333 -0.008343165 0.0243703 0.002455463 -0.008370675 0.0243345 0.002506713 -0.008395355 0.024287 0.002549513 -0.008415965 0.0242302 0.002581713 -0.008431475 0.0243925 0.002595563 -0.007779515 0.0243703 0.002657383 -0.007793625 0.0243345 0.002712843 -0.007806285 0.024287 0.002759153 -0.007816855 0.0242302 0.002794003 -0.007824805 0.0242302 0.001785273 -0.009430185 0.0241668 0.001799103 -0.009447535 0.0241668 0.002257103 -0.008989535 0.024287 0.001762983 -0.009402245 0.0242302 0.002239753 -0.008975705 0.0241 0.002262983 -0.008994225 0.0241 0.001018323 -0.009881355 0.0241 0.001253933 -0.009798915 0.0241668 0.001250673 -0.009792135 0.0242302 0.001241043 -0.009772145 0.024287 0.001225533 -0.009739945 0.0243345 0.001204923 -0.009697145 0.0243703 0.001180243 -0.009645895 0.0243925 0.001152733 -0.009588765 0.0241 0.001634793 -0.009559605 0.0241 0.001803793 -0.009453415 0.0241 0.002157203 -0.009100005 0.0243925 0.0005890817 -0.009785995 0.0243703 0.0006031917 -0.009847815 0.0243345 0.0006158487 -0.009903275 0.024287 0.0006264187 -0.009949585 0.0242302 0.0006343727 -0.009984435 0.0243925 -4.327295e-06 -0.009852865 0.0243703 -4.327295e-06 -0.009916265 0.0243345 -4.327295e-06 -0.009973155 0.024287 -4.327295e-06 -0.01002066 0.0242302 -4.327295e-06 -0.0100564 0.0242302 -0.0006430273 -0.009984435 0.024287 -0.0006350733 -0.009949585 0.0243345 -0.0006245033 -0.009903275 0.0243703 -0.0006118463 -0.009847815 0.0243925 -0.0005977363 -0.009785995 0.0242302 -0.001249697 -0.009772145 0.024287 -0.001234187 -0.009739945 0.0243345 -0.001213577 -0.009697145 0.0243703 -0.001188897 -0.009645895 0.0243925 -0.001161387 -0.009588765 0.0242302 -0.001793927 -0.009430185 0.024287 -0.001771637 -0.009402245 0.0243345 -0.001742017 -0.009365105 0.0243703 -0.001706557 -0.009320635 0.0243925 -0.001667017 -0.009271055 0.0242302 -0.002248407 -0.008975705 0.024287 -0.002220467 -0.008953415 0.0243345 -0.002183327 -0.008923795 0.0243703 -0.002138857 -0.008888335 0.0243925 -0.002089277 -0.008848795 0.0242302 -0.002590367 -0.008431475 0.024287 -0.002558167 -0.008415965 0.0243345 -0.002515367 -0.008395355 0.0243703 -0.002464117 -0.008370675 0.0243925 -0.002406987 -0.008343165 0.0241 -0.002831617 -0.007831415 0.0241668 -0.002824287 -0.007829745 0.0242302 -0.002802657 -0.007824805 0.024287 -0.002767807 -0.007816855 0.0243345 -0.002721497 -0.007806285 0.0243703 -0.002666037 -0.007793625 0.0243925 -0.002604217 -0.007779515 0.024 0.005194483 -0.01443553 0.024 0.005484203 -0.01373611 0.024 0.005945063 -0.0131355 0.024 0.006120673 -0.01300075 0.024 0.006545673 -0.01267464 0.024 0.007245093 -0.01238493 0.024 0.007995673 -0.01228611 0.024 0.008746253 -0.01238493 0.024 0.009445673 -0.01267464 0.024 0.01004627 -0.0131355 0.024 0.01050717 -0.01373611 0.024 0.01079687 -0.01443553 0.0177574 0.01099567 0.007813895 0.017732 0.01099567 0.007813895 0.021 0.01099567 0.004571295 0.017732 0.01099567 0.006813895 0.0195355 0.01099567 0.001793095 0.0201573 0.01099567 0.001035395 0.0142679 0.01099567 0.006813895 -0.0154437 0.01099567 0.003813895 0.0154437 0.01099567 0.003813895 0.0189792 0.01099567 0.002349395 0.0164191 0.01099567 0.003717795 0.0173571 0.01099567 0.003433295 0.0182215 0.01099567 0.002971195 0.0206194 0.01099567 0.0001709945 0.0209039 0.01099567 -0.0007670055 0.021 0.01099567 -0.001742405 0.0142679 0.01099567 0.007813895 0.009203851 0.01099567 0.007813895 0.009203851 0.01099567 0.006813895 0.006796151 0.01099567 0.006813895 -0.0164191 0.01099567 0.003717795 -0.001203849 0.01099567 0.006813895 -0.001203849 0.01099567 0.007813895 -0.006796149 0.01099567 0.007813895 -0.006796149 0.01099567 0.006813895 -0.009203849 0.01099567 0.006813895 -0.0173571 0.01099567 0.003433295 0.001203851 0.01099567 0.006813895 0.001203851 0.01099567 0.007813895 0.006796151 0.01099567 0.007813895 -0.017732 0.01099567 0.007813895 -0.0177574 0.01099567 0.007813895 -0.017732 0.01099567 0.006813895 -0.021 0.01099567 0.004571295 -0.021 0.01099567 -0.001742405 -0.0209039 0.01099567 -0.0007670055 -0.0206194 0.01099567 0.0001709945 -0.0201573 0.01099567 0.001035395 -0.0195355 0.01099567 0.001793095 -0.0189792 0.01099567 0.002349395 -0.0182215 0.01099567 0.002971195 -0.0142679 0.01099567 0.006813895 -0.0142679 0.01099567 0.007813895 -0.009203849 0.01099567 0.007813895 -0.004799999 -0.006156807 0.006813895 -0.004799999 -0.006156807 0.007813895 -0.004799999 -0.009851847 0.006813895 -0.004799999 -0.009851847 0.007813895 -0.0177574 -0.01100433 0.007813895 -0.017732 -0.01100433 0.007813895 -0.021 -0.01100433 0.004571295 -0.017732 -0.01100433 0.006813895 -0.0195355 -0.01100433 0.001793095 -0.0201573 -0.01100433 0.001035395 -0.0142679 -0.01100433 0.006813895 0.0154437 -0.01100433 0.003813895 -0.0154437 -0.01100433 0.003813895 -0.0189792 -0.01100433 0.002349395 -0.0164191 -0.01100433 0.003717795 -0.0173571 -0.01100433 0.003433295 -0.0182215 -0.01100433 0.002971195 -0.0206194 -0.01100433 0.0001709945 -0.0209039 -0.01100433 -0.0007670055 -0.021 -0.01100433 -0.001742405 -0.0142679 -0.01100433 0.007813895 -0.009203849 -0.01100433 0.007813895 -0.009203849 -0.01100433 0.006813895 -0.006796149 -0.01100433 0.006813895 0.0164191 -0.01100433 0.003717795 0.001203851 -0.01100433 0.006813895 0.001203851 -0.01100433 0.007813895 0.006796151 -0.01100433 0.007813895 0.006796151 -0.01100433 0.006813895 0.009203851 -0.01100433 0.006813895 0.0173571 -0.01100433 0.003433295 -0.001203849 -0.01100433 0.006813895 -0.001203849 -0.01100433 0.007813895 -0.006796149 -0.01100433 0.007813895 0.017732 -0.01100433 0.007813895 0.0177574 -0.01100433 0.007813895 0.017732 -0.01100433 0.006813895 0.021 -0.01100433 0.004571295 0.021 -0.01100433 -0.001742405 0.0209039 -0.01100433 -0.0007670055 0.0206194 -0.01100433 0.0001709945 0.0201573 -0.01100433 0.001035395 0.0195355 -0.01100433 0.001793095 0.009203851 -0.01100433 0.007813895 0.0142679 -0.01100433 0.007813895 0.0142679 -0.01100433 0.006813895 0.0182215 -0.01100433 0.002971195 0.0189792 -0.01100433 0.002349395 -0.0112 0.006148153 0.006813895 -0.008337819 0.004495673 0.006813895 -0.0112 0.006148153 0.007813895 -0.008337819 0.004495673 0.007813895 -0.023 -0.007512567 -0.01335085 -0.0244 -0.007512567 -0.01335085 -0.023 -0.007054327 -0.01354066 -0.0244 -0.007054327 -0.01354066 -0.023 -0.006660827 -0.01384261 -0.0244 -0.006660827 -0.01384261 -0.023 -0.006358877 -0.01423611 -0.0244 -0.006358877 -0.01423611 -0.023 -0.006169067 -0.01469435 -0.0244 -0.006169067 -0.01469435 -0.023 -0.006104327 -0.01518611 -0.0244 -0.006104327 -0.01518611 -0.023 -0.006169067 -0.01567786 -0.0244 -0.006169067 -0.01567786 -0.023 -0.006358877 -0.01613611 -0.0244 -0.006358877 -0.01613611 -0.023 -0.006660827 -0.01652961 -0.0244 -0.006660827 -0.01652961 -0.023 -0.007054327 -0.01683156 -0.0244 -0.007054327 -0.01683156 -0.023 -0.007512567 -0.01702137 -0.0244 -0.007512567 -0.01702137 -0.0148453 0.009995673 0.006813895 -0.0136906 0.007995673 0.006813895 -0.0148453 0.009995673 0.008813895 -0.0136906 0.007995673 0.008813895 -0.007728239 -0.006990107 0.008813895 -0.007999999 -0.006954327 0.008813895 -0.007999999 -0.005694927 0.008813895 -0.008271759 -0.009018547 0.008813895 -0.007999999 -0.009054327 0.008813895 -0.007999999 -0.01031373 0.008813895 -0.006985779 -0.007732567 0.008813895 -0.005999999 -0.006849627 0.008813895 -0.006949999 -0.008004327 0.008813895 -0.005999999 -0.009159027 0.008813895 -0.006985779 -0.008276087 0.008813895 -0.007090669 -0.008529327 0.008813895 -0.007090669 -0.007479327 0.008813895 -0.007257539 -0.007261867 0.008813895 -0.007474999 -0.007094997 0.008813895 -0.009014219 -0.008276087 0.008813895 -0.008909329 -0.008529327 0.008813895 -0.009999999 -0.009159027 0.008813895 -0.008742459 -0.008746787 0.008813895 -0.008524999 -0.008913657 0.008813895 -0.007728239 -0.009018547 0.008813895 -0.007474999 -0.008913657 0.008813895 -0.007257539 -0.008746787 0.008813895 -0.008271759 -0.006990107 0.008813895 -0.008524999 -0.007094997 0.008813895 -0.009999999 -0.006849627 0.008813895 -0.008742459 -0.007261867 0.008813895 -0.008909329 -0.007479327 0.008813895 -0.009014219 -0.007732567 0.008813895 -0.009049999 -0.008004327 0.008813895 -0.0177796 0.003050963 0.01081389 -0.0177796 0.003050963 0.007813895 -0.0177196 0.003195673 0.01081389 -0.0177196 0.003195673 0.007813895 -0.0176243 0.003319933 0.01081389 -0.0176243 0.003319933 0.007813895 -0.0175 0.003415293 0.01081389 -0.0175 0.003415293 0.007813895 -0.0173553 0.003475233 0.01081389 -0.0173553 0.003475233 0.007813895 -0.001999999 0.009150373 0.006813895 5.663734e-10 0.01030507 0.006813895 -0.001999999 0.009150373 0.008813895 5.663734e-10 0.01030507 0.008813895 -0.004799999 -0.006156807 0.006813895 -0.007662179 -0.004504327 0.006813895 -0.004799999 -0.006156807 0.007813895 -0.007662179 -0.004504327 0.007813895 -0.023 0.007995673 -0.01328611 -0.0244 0.007995673 -0.01328611 -0.023 0.008487433 -0.01335085 -0.0244 0.008487433 -0.01335085 -0.023 0.008945673 -0.01354066 -0.0244 0.008945673 -0.01354066 -0.023 0.009339173 -0.01384261 -0.0244 0.009339173 -0.01384261 -0.023 0.009641123 -0.01423611 -0.0244 0.009641123 -0.01423611 -0.023 0.009830933 -0.01469435 -0.0244 0.009830933 -0.01469435 -0.023 0.009895673 -0.01518611 -0.0244 0.009895673 -0.01518611 -0.023 0.009830933 -0.01567786 -0.0244 0.009830933 -0.01567786 -0.023 0.009641123 -0.01613611 -0.0244 0.009641123 -0.01613611 -0.023 0.009339173 -0.01652961 -0.0244 0.009339173 -0.01652961 -0.023 0.008945673 -0.01683156 -0.0244 0.008945673 -0.01683156 -0.023 0.008487433 -0.01702137 -0.0244 0.008487433 -0.01702137 -0.023 0.007995673 -0.01708611 -0.0244 0.007995673 -0.01708611 -0.0170142 0.007723913 0.008813895 -0.0170142 0.007723913 0.01081389 -0.0169093 0.007470673 0.008813895 -0.0169093 0.007470673 0.01081389 -0.0167425 0.007253213 0.008813895 -0.0167425 0.007253213 0.01081389 -0.016525 0.007086343 0.008813895 -0.016525 0.007086343 0.01081389 -0.0162718 0.006981453 0.008813895 -0.0162718 0.006981453 0.01081389 -0.016 0.006945673 0.008813895 -0.016 0.006945673 0.01081389 -0.0157282 0.006981453 0.008813895 -0.0157282 0.006981453 0.01081389 -0.015475 0.007086343 0.008813895 -0.015475 0.007086343 0.01081389 -0.0152575 0.007253213 0.008813895 -0.0152575 0.007253213 0.01081389 -0.0150907 0.007470673 0.008813895 -0.0150907 0.007470673 0.01081389 -0.0149858 0.007723913 0.008813895 -0.0149858 0.007723913 0.01081389 0.023 0.008267433 -0.01417189 0.023 0.008487433 -0.01335085 0.023 0.007995673 -0.01413611 0.023 0.007995673 -0.01328611 0.023 0.007723913 -0.01417189 0.023 0.007503913 -0.01335085 0.023 0.007470673 -0.01427678 0.023 0.007045673 -0.01354066 0.023 0.007253213 -0.01444364 0.023 0.006652173 -0.01384261 0.023 0.007086343 -0.01466111 0.023 0.006350223 -0.01423611 0.023 0.006981453 -0.01491435 0.023 0.006160413 -0.01469435 0.023 0.006945673 -0.01518611 0.023 0.006095673 -0.01518611 0.023 0.006981453 -0.01545787 0.023 0.006160413 -0.01567786 0.023 0.007086343 -0.01571111 0.023 0.006350223 -0.01613611 0.023 0.007253213 -0.01592857 0.023 0.006652173 -0.01652961 0.023 0.007470673 -0.01609543 0.023 0.007045673 -0.01683156 0.023 0.007723913 -0.01620033 0.023 0.007503913 -0.01702137 0.023 0.007995673 -0.01623611 0.023 0.007995673 -0.01708611 0.023 0.008267433 -0.01620033 0.023 0.008487433 -0.01702137 0.023 0.008520673 -0.01609543 0.023 0.008945673 -0.01683156 0.023 0.008738133 -0.01592857 0.023 0.009339173 -0.01652961 0.023 0.008905003 -0.01571111 0.023 0.009641123 -0.01613611 0.023 0.009009893 -0.01545787 0.023 0.009830933 -0.01567786 0.023 0.009045673 -0.01518611 0.023 0.009895673 -0.01518611 0.023 0.009009893 -0.01491435 0.023 0.009830933 -0.01469435 0.023 0.008905003 -0.01466111 0.023 0.009641123 -0.01423611 0.023 0.008738133 -0.01444364 0.023 0.009339173 -0.01384261 0.023 0.008520673 -0.01427678 0.023 0.008945673 -0.01354066 0.003000001 -0.003004327 0.01081389 0.004450001 -0.003004327 0.01081389 0.004450001 -0.003004327 0.006313895 -0.002999999 -0.003004327 0.01081389 -0.002645749 -0.003004327 0.01081389 -0.002645749 -0.003004327 0.009313895 0.002645751 -0.003004327 0.01081389 0.002645751 -0.003004327 0.009313895 -0.021 0.006945673 -0.01518611 -0.023 0.006945673 -0.01518611 -0.021 0.006981453 -0.01491435 -0.023 0.006981453 -0.01491435 -0.021 0.007045673 -0.0147593 -0.023 0.007086343 -0.01466111 -0.023 0.009045673 -0.01518611 -0.021 0.009045673 -0.01518611 -0.023 0.009009893 -0.01491435 -0.021 0.009009893 -0.01491435 -0.023 0.008905003 -0.01466111 -0.021 0.008905003 -0.01466111 -0.023 0.008738133 -0.01444364 -0.021 0.008738133 -0.01444364 -0.023 0.008520673 -0.01427678 -0.021 0.008520673 -0.01427678 -0.023 0.008267433 -0.01417189 -0.021 0.008267433 -0.01417189 -0.023 0.007995673 -0.01413611 -0.021 0.007995673 -0.01413611 -0.023 0.007723913 -0.01417189 -0.021 0.007723913 -0.01417189 -0.023 0.007470673 -0.01427678 -0.021 0.007470673 -0.01427678 -0.023 0.007253213 -0.01444364 -0.021 0.007253213 -0.01444364 -0.021 0.007086343 -0.01466111 -0.008271759 -0.006990107 0.008813895 -0.008271759 -0.006990107 0.01081389 -0.008524999 -0.007094997 0.008813895 -0.008524999 -0.007094997 0.01081389 -0.008742459 -0.007261867 0.008813895 -0.008742459 -0.007261867 0.01081389 -0.008909329 -0.007479327 0.008813895 -0.008909329 -0.007479327 0.01081389 -0.009014219 -0.007732567 0.008813895 -0.009014219 -0.007732567 0.01081389 -0.009049999 -0.008004327 0.008813895 -0.009049999 -0.008004327 0.01081389 -0.009014219 -0.008276087 0.008813895 -0.009014219 -0.008276087 0.01081389 -0.008909329 -0.008529327 0.008813895 -0.008909329 -0.008529327 0.01081389 -0.008742459 -0.008746787 0.008813895 -0.008742459 -0.008746787 0.01081389 -0.008524999 -0.008913657 0.008813895 -0.008524999 -0.008913657 0.01081389 -0.008271759 -0.009018547 0.008813895 -0.008271759 -0.009018547 0.01081389 -0.0241668 0.009250673 -0.01258008 -0.0241668 0.009799103 -0.01292468 -0.0241668 0.01025707 -0.01338268 -0.0241668 0.01060167 -0.01393111 -0.0241668 0.01081567 -0.01454247 -0.0241668 0.01088817 -0.01518611 -0.0241668 0.01081567 -0.01582974 -0.0241668 0.009250673 -0.01779214 -0.0241668 0.008639313 -0.01800607 -0.0243925 0.009658363 -0.01727106 -0.0243925 0.01008067 -0.0168488 -0.0243703 0.009697903 -0.01732064 -0.0243703 0.01013017 -0.01688834 -0.0243345 0.009733363 -0.01736511 -0.0243345 0.01017467 -0.0169238 -0.024287 0.009762983 -0.01740225 -0.0243925 0.009152733 -0.01758877 -0.0243703 0.009180243 -0.0176459 -0.0243345 0.009204923 -0.01769715 -0.024287 0.009225543 -0.01773995 -0.0242302 0.009241043 -0.01777215 -0.0243925 0.008589083 -0.017786 -0.0243703 0.008603193 -0.01784782 -0.0243345 0.008615853 -0.01790328 -0.024287 0.008626423 -0.01794959 -0.0242302 0.008634373 -0.01798444 -0.0242302 0.01023977 -0.01697571 -0.0241668 0.01025707 -0.01698954 -0.0241668 0.009799103 -0.01744754 -0.024287 0.01021177 -0.01695342 -0.0242302 0.009785273 -0.01743019 -0.0241668 0.01060167 -0.01644111 -0.0242302 0.01058167 -0.01643148 -0.024287 0.01054947 -0.01641597 -0.0243345 0.01050667 -0.01639536 -0.0243703 0.01045547 -0.01637068 -0.0243925 0.01039837 -0.01634317 -0.0243925 0.01059557 -0.01577951 -0.0243703 0.01065737 -0.01579362 -0.0243345 0.01071287 -0.01580628 -0.024287 0.01075917 -0.01581685 -0.0242302 0.01079397 -0.01582481 -0.0243925 0.01066247 -0.01518611 -0.0243703 0.01072587 -0.01518611 -0.0243345 0.01078267 -0.01518611 -0.024287 0.01083017 -0.01518611 -0.0242302 0.01086597 -0.01518611 -0.0242302 0.01079397 -0.01454741 -0.024287 0.01075917 -0.01455536 -0.0243345 0.01071287 -0.01456593 -0.0243703 0.01065737 -0.01457859 -0.0243925 0.01059557 -0.0145927 -0.0242302 0.01058167 -0.01394074 -0.024287 0.01054947 -0.01395625 -0.0243345 0.01050667 -0.01397686 -0.0243703 0.01045547 -0.01400154 -0.0243925 0.01039837 -0.01402905 -0.0242302 0.01023977 -0.01339651 -0.024287 0.01021177 -0.0134188 -0.0243345 0.01017467 -0.01344842 -0.0243703 0.01013017 -0.01348388 -0.0243925 0.01008067 -0.01352342 -0.0242302 0.009785273 -0.01294203 -0.024287 0.009762983 -0.01296997 -0.0243345 0.009733363 -0.01300711 -0.0243703 0.009697903 -0.01305158 -0.0243925 0.009658363 -0.01310116 -0.0242302 0.009241043 -0.01260007 -0.024287 0.009225543 -0.01263227 -0.0243345 0.009204923 -0.01267507 -0.0243703 0.009180243 -0.01272632 -0.0243925 0.009152733 -0.01278345 -0.0241668 0.008639313 -0.01236615 -0.0242302 0.008634373 -0.01238778 -0.024287 0.008626423 -0.01242263 -0.0243345 0.008615853 -0.01246894 -0.0243703 0.008603193 -0.0125244 -0.0243925 0.008589083 -0.01258622 0.0112 -0.006156807 0.006813895 0.008337821 -0.004504327 0.006813895 0.0112 -0.006156807 0.007813895 0.008337821 -0.004504327 0.007813895 -0.0241668 -0.001259327 -0.009792135 -0.0241668 -0.001807757 -0.009447535 -0.0241668 -0.002265757 -0.008989535 -0.0241668 -0.002610357 -0.008441105 -0.0241668 -0.002610357 -0.005931105 -0.0241668 -0.002265757 -0.005382675 -0.0241668 -0.001807757 -0.004924705 -0.0241668 -0.001259327 -0.004580105 -0.0243925 -0.0005977363 -0.004586205 -0.0243925 -0.001161387 -0.004783405 -0.0243703 -0.0006118463 -0.004524405 -0.0243703 -0.001188897 -0.004726305 -0.0243345 -0.0006245033 -0.004468905 -0.0243345 -0.001213577 -0.004675105 -0.024287 -0.0006350733 -0.004422605 -0.024287 -0.001234187 -0.004632305 -0.0242302 -0.0006430273 -0.004387805 -0.0242302 -0.001249697 -0.004600105 -0.0241668 -0.0006479643 -0.004366105 -0.0243925 -0.002604217 -0.007779515 -0.0243925 -0.002406987 -0.008343165 -0.0243703 -0.002666037 -0.007793625 -0.0243703 -0.002464117 -0.008370675 -0.0243345 -0.002721497 -0.007806285 -0.0243345 -0.002515367 -0.008395355 -0.024287 -0.002767807 -0.007816855 -0.024287 -0.002558167 -0.008415965 -0.0242302 -0.002802657 -0.007824805 -0.0242302 -0.002590367 -0.008431475 -0.0241668 -0.002824287 -0.007829745 -0.0243925 -4.327295e-06 -0.004519305 -0.0243703 -4.327295e-06 -0.004455905 -0.0243345 -4.327295e-06 -0.004399105 -0.024287 -4.327295e-06 -0.004351605 -0.0242302 -4.327295e-06 -0.004315805 -0.0241668 -4.327295e-06 -0.004293605 -0.0243925 -0.001667017 -0.005101105 -0.0243703 -0.001706557 -0.005051605 -0.0243345 -0.001742017 -0.005007105 -0.024287 -0.001771637 -0.004970005 -0.0242302 -0.001793927 -0.004942005 -0.0242302 -0.002248407 -0.005396505 -0.024287 -0.002220467 -0.005418795 -0.0243345 -0.002183327 -0.005448415 -0.0243703 -0.002138857 -0.005483875 -0.0243925 -0.002089277 -0.005523415 -0.0242302 -0.002590367 -0.005940735 -0.024287 -0.002558167 -0.005956235 -0.0243345 -0.002515367 -0.005976855 -0.0243703 -0.002464117 -0.006001535 -0.0243925 -0.002406987 -0.006029045 -0.0241668 -0.002824287 -0.006542465 -0.0242302 -0.002802657 -0.006547405 -0.024287 -0.002767807 -0.006555355 -0.0243345 -0.002721497 -0.006565925 -0.0243703 -0.002666037 -0.006578585 -0.0243925 -0.002604217 -0.006592695 -0.0243925 -0.002671087 -0.007186105 -0.0243703 -0.002734487 -0.007186105 -0.0243345 -0.002791377 -0.007186105 -0.024287 -0.002838877 -0.007186105 -0.0242302 -0.002874617 -0.007186105 -0.0241668 -0.002896807 -0.007186105 -0.0243925 -0.002089277 -0.008848795 -0.0243703 -0.002138857 -0.008888335 -0.0243345 -0.002183327 -0.008923795 -0.024287 -0.002220467 -0.008953415 -0.0242302 -0.002248407 -0.008975705 -0.0242302 -0.001793927 -0.009430185 -0.024287 -0.001771637 -0.009402245 -0.0243345 -0.001742017 -0.009365105 -0.0243703 -0.001706557 -0.009320635 -0.0243925 -0.001667017 -0.009271055 -0.0242302 -0.001249697 -0.009772145 -0.024287 -0.001234187 -0.009739945 -0.0243345 -0.001213577 -0.009697145 -0.0243703 -0.001188897 -0.009645895 -0.0243925 -0.001161387 -0.009588765 -0.0241668 -0.0006479643 -0.01000607 -0.0242302 -0.0006430273 -0.009984435 -0.024287 -0.0006350733 -0.009949585 -0.0243345 -0.0006245033 -0.009903275 -0.0243703 -0.0006118463 -0.009847815 -0.0243925 -0.0005977363 -0.009785995 -0.0243925 -4.327295e-06 -0.009852865 -0.0243703 -4.327295e-06 -0.009916265 -0.0243345 -4.327295e-06 -0.009973155 -0.024287 -4.327295e-06 -0.01002066 -0.0242302 -4.327295e-06 -0.0100564 -0.0241668 -4.327295e-06 -0.01007859 -0.0241668 0.001250673 -0.004580105 -0.0241668 0.001799103 -0.004924705 -0.0241668 0.002257103 -0.005382675 -0.0241668 0.002601703 -0.005931105 -0.0241668 0.002815633 -0.006542465 -0.0241668 0.002888153 -0.007186105 -0.0241668 0.002815633 -0.007829745 -0.0241668 0.001250673 -0.009792135 -0.0241668 0.0006393097 -0.01000607 -0.0243925 0.001658363 -0.009271055 -0.0243925 0.002080623 -0.008848795 -0.0243703 0.001697903 -0.009320635 -0.0243703 0.002130203 -0.008888335 -0.0243345 0.001733363 -0.009365105 -0.0243345 0.002174673 -0.008923795 -0.024287 0.001762983 -0.009402245 -0.0243925 0.001152733 -0.009588765 -0.0243703 0.001180243 -0.009645895 -0.0243345 0.001204923 -0.009697145 -0.024287 0.001225533 -0.009739945 -0.0242302 0.001241043 -0.009772145 -0.0243925 0.0005890817 -0.009785995 -0.0243703 0.0006031917 -0.009847815 -0.0243345 0.0006158487 -0.009903275 -0.024287 0.0006264187 -0.009949585 -0.0242302 0.0006343727 -0.009984435 -0.0242302 0.002239753 -0.008975705 -0.0241668 0.002257103 -0.008989535 -0.0241668 0.001799103 -0.009447535 -0.024287 0.002211813 -0.008953415 -0.0242302 0.001785273 -0.009430185 -0.0241668 0.002601703 -0.008441105 -0.0242302 0.002581713 -0.008431475 -0.024287 0.002549513 -0.008415965 -0.0243345 0.002506713 -0.008395355 -0.0243703 0.002455463 -0.008370675 -0.0243925 0.002398333 -0.008343165 -0.0243925 0.002595563 -0.007779515 -0.0243703 0.002657383 -0.007793625 -0.0243345 0.002712843 -0.007806285 -0.024287 0.002759153 -0.007816855 -0.0242302 0.002794003 -0.007824805 -0.0243925 0.002662433 -0.007186105 -0.0243703 0.002725833 -0.007186105 -0.0243345 0.002782723 -0.007186105 -0.024287 0.002830223 -0.007186105 -0.0242302 0.002865963 -0.007186105 -0.0242302 0.002794003 -0.006547405 -0.024287 0.002759153 -0.006555355 -0.0243345 0.002712843 -0.006565925 -0.0243703 0.002657383 -0.006578585 -0.0243925 0.002595563 -0.006592695 -0.0242302 0.002581713 -0.005940735 -0.024287 0.002549513 -0.005956235 -0.0243345 0.002506713 -0.005976855 -0.0243703 0.002455463 -0.006001535 -0.0243925 0.002398333 -0.006029045 -0.0242302 0.002239753 -0.005396505 -0.024287 0.002211813 -0.005418795 -0.0243345 0.002174673 -0.005448415 -0.0243703 0.002130203 -0.005483875 -0.0243925 0.002080623 -0.005523415 -0.0242302 0.001785273 -0.004942005 -0.024287 0.001762983 -0.004970005 -0.0243345 0.001733363 -0.005007105 -0.0243703 0.001697903 -0.005051605 -0.0243925 0.001658363 -0.005101105 -0.0242302 0.001241043 -0.004600105 -0.024287 0.001225533 -0.004632305 -0.0243345 0.001204923 -0.004675105 -0.0243703 0.001180243 -0.004726305 -0.0243925 0.001152733 -0.004783405 -0.0241668 0.0006393097 -0.004366105 -0.0242302 0.0006343727 -0.004387805 -0.024287 0.0006264187 -0.004422605 -0.0243345 0.0006158487 -0.004468905 -0.0243703 0.0006031917 -0.004524405 -0.0243925 0.0005890817 -0.004586205 -0.024 0.001995673 -0.01865021 -0.024 0.002014053 -0.01863611 -0.024 0.003445673 -0.01863611 -0.024 -0.009917737 -0.01995311 -0.024 -0.01000142 -0.01973611 -0.024 -0.009879327 -0.01973611 -0.024 -0.01250433 -0.004186105 -0.024 -0.01250433 -0.002161105 -0.024 -0.009879327 -0.002161105 -0.024 0.003445673 -0.002161105 -0.024 -0.003454327 -0.002161105 -0.024 -0.003454327 0.003813895 -0.024 0.004995673 0.005813895 -0.024 0.006120673 0.005813895 -0.024 0.004995673 0.003813895 -0.024 0.006120673 -0.002161105 -0.024 0.003445673 0.003813895 -0.024 0.004545673 0.003813895 -0.024 0.004545673 -0.002161105 -0.024 -0.004554327 0.003813895 -0.024 -0.008224327 0.001634895 -0.024 -0.008429327 0.001549995 -0.024 -0.009879327 0.005813895 -0.024 -0.005004327 0.005813895 -0.024 -0.007784327 0.001634895 -0.024 -0.008004327 0.001663895 -0.024 -0.005004327 0.003813895 -0.024 -0.007154327 0.0008138945 -0.024 -0.007183287 0.001033895 -0.024 -0.007268207 0.001238895 -0.024 -0.007403287 0.001414895 -0.024 -0.007579327 0.001549995 -0.024 -0.008605367 0.001414895 -0.024 -0.008740447 0.001238895 -0.024 -0.008825367 0.001033895 -0.024 -0.008854327 0.0008138945 -0.024 -0.008825367 0.0005938945 -0.024 -0.008740447 0.0003888945 -0.024 -0.008605367 0.0002128945 -0.024 -0.008429327 7.779453e-05 -0.024 -0.007579327 7.779453e-05 -0.024 -0.007403287 0.0002128945 -0.024 -0.004554327 -0.002161105 -0.024 -0.007268207 0.0003888945 -0.024 -0.007183287 0.0005938945 -0.024 -0.008224327 -7.105474e-06 -0.024 -0.008004327 -3.610547e-05 -0.024 -0.007784327 -7.105474e-06 -0.024 -0.01167753 -0.01063611 -0.024 -0.01055173 -0.01830896 -0.024 -0.01091503 -0.01658467 -0.024 -0.01051583 -0.01663611 -0.024 -0.009879327 -0.01863611 -0.024 -0.01042563 -0.01863611 -0.024 -0.01005493 -0.0131355 -0.024 -0.01051583 -0.01373611 -0.024 -0.01080553 -0.01443553 -0.024 -0.01090433 -0.01518611 -0.024 -0.01080553 -0.01593668 -0.024 -0.006586447 -0.02399949 -0.024 -0.004554327 -0.01973611 -0.024 -0.005094657 -0.02493744 -0.024 -0.004554327 -0.02516648 -0.024 -0.007909327 -0.02283536 -0.024 -0.009029337 -0.02147493 -0.024 -0.009879327 -0.02001891 -0.024 -0.001454327 -0.02067464 -0.024 -0.002054937 -0.0211355 -0.024 -0.003454327 -0.01973611 -0.024 -0.002515797 -0.02173611 -0.024 -0.002805507 -0.02243553 -0.024 -0.002904327 -0.02318611 -0.024 -0.002805507 -0.02393669 -0.024 -0.003454327 -0.02562951 -0.024 -0.003472237 -0.02562511 -0.024 -0.002515797 -0.02463611 -0.024 -0.002054937 -0.02523671 -0.024 -0.001760817 -0.02604501 -0.024 -0.001454327 -0.02569761 -0.024 -0.0007549023 -0.02598731 -0.024 -4.327295e-06 -0.02618611 -0.024 0.001918733 -0.02535681 -0.024 0.003445673 -0.02562951 -0.024 0.001343373 -0.02575391 -0.024 0.001752163 -0.02604501 -0.024 0.0006896877 -0.02600181 -0.024 -4.327295e-06 -0.02608611 -0.024 0.003445673 -0.01973611 -0.024 0.001918733 -0.02101543 -0.024 0.001343373 -0.02061829 -0.024 0.002382323 -0.0248335 -0.024 0.002707223 -0.02421446 -0.024 0.002874533 -0.02353567 -0.024 0.002874533 -0.02283655 -0.024 0.002707223 -0.02215776 -0.024 0.002382323 -0.02153872 -0.024 0.0006896877 -0.02037038 -0.024 -4.327295e-06 -0.02028611 -0.024 -0.0007549023 -0.02038492 -0.024 0.003463583 -0.02562511 -0.024 0.004545673 -0.01973611 -0.024 0.004545673 -0.02516648 -0.024 0.009992763 -0.01973611 -0.024 0.009909083 -0.01995311 -0.024 0.006120673 -0.01973611 -0.024 0.009020683 -0.02147493 -0.024 0.007900673 -0.02283536 -0.024 0.006577793 -0.02399949 -0.024 0.006120673 -0.0242869 -0.024 0.005086003 -0.02493744 -0.024 0.006120673 -0.01863611 -0.024 0.006120673 -0.01737147 -0.024 0.006545673 -0.01769758 -0.024 0.008689693 -0.01237038 -0.024 0.007995673 -0.01228611 -0.024 0.006120673 -0.01063611 -0.024 0.007245093 -0.01238493 -0.024 0.006545673 -0.01267464 -0.024 0.01090637 -0.01658467 -0.024 0.01054307 -0.01830896 -0.024 0.01038237 -0.0168335 -0.024 0.01070717 -0.01415776 -0.024 0.01038237 -0.01353872 -0.024 0.01166887 -0.01063611 -0.024 0.009918733 -0.01301543 -0.024 0.009343373 -0.01261829 -0.024 0.007245093 -0.01798729 -0.024 0.007995673 -0.01808611 -0.024 0.01041697 -0.01863611 -0.024 0.01070717 -0.01621446 -0.024 0.01087457 -0.01553566 -0.024 0.01087457 -0.01483655 -0.024 0.008689693 -0.01800184 -0.024 0.009343373 -0.01775393 -0.024 0.009918733 -0.01735679 -0.024 0.003459773 -0.01318611 -0.024 0.003445673 -0.01316773 -0.024 0.003445673 -0.01063611 -0.024 0.002824103 -0.01235768 -0.024 0.001995673 -0.01172201 -0.024 0.001030953 -0.01132241 -0.024 -4.327295e-06 -0.01118611 -0.024 -0.003454327 -0.01063611 -0.024 -0.001039607 -0.01132241 -0.024 -0.002004327 -0.01172201 -0.024 0.003859373 -0.01415083 -0.024 0.004545673 -0.01063611 -0.024 0.003995673 -0.01518611 -0.024 0.004545673 -0.01863611 -0.024 0.003859373 -0.01622139 -0.024 0.002824103 -0.01801454 -0.024 0.003445673 -0.01720449 -0.024 0.003459773 -0.01718611 -0.024 -0.002022707 -0.01863611 -0.024 -0.002004327 -0.01865021 -0.024 0.001030953 -0.01904981 -0.024 -4.327295e-06 -0.01918611 -0.024 -0.001039607 -0.01904981 -0.024 -0.004554327 -0.01863611 -0.024 -0.004554327 -0.01063611 -0.024 -0.004004327 -0.01518611 -0.024 -0.003868027 -0.01415083 -0.024 -0.002832757 -0.01235768 -0.024 -0.003454327 -0.01316773 -0.024 -0.003468427 -0.01318611 -0.024 -0.003868027 -0.01622139 -0.024 -0.003468427 -0.01718611 -0.024 -0.003454327 -0.01863611 -0.024 -0.003454327 -0.01720449 -0.024 -0.002832757 -0.01801454 -0.024 -0.009879327 -0.01300075 -0.024 -0.009879327 -0.01063611 -0.024 -0.009454327 -0.01267464 -0.024 -0.008754907 -0.01238493 -0.024 -0.01005493 -0.01723672 -0.024 -0.009879327 -0.01737147 -0.024 -0.009454327 -0.01769758 -0.024 -0.005617677 -0.01353872 -0.024 -0.006081267 -0.01301543 -0.024 -0.008754907 -0.01798729 -0.024 -0.008004327 -0.01808611 -0.024 -0.007310307 -0.01800184 -0.024 -0.006656627 -0.01775393 -0.024 -0.006081267 -0.01735679 -0.024 -0.005617677 -0.0168335 -0.024 -0.005292777 -0.01621446 -0.024 -0.005125467 -0.01553566 -0.024 -0.005125467 -0.01483655 -0.024 -0.005292777 -0.01415776 -0.024 -0.006656627 -0.01261829 -0.024 -0.007310307 -0.01237038 -0.024 -0.008004327 -0.01228611 -0.024 0.006120673 -0.01300075 -0.024 0.005945063 -0.0131355 -0.024 0.005484203 -0.01373611 -0.024 0.005945063 -0.01723672 -0.024 0.005484203 -0.01663611 -0.024 0.005194483 -0.01443553 -0.024 0.005095673 -0.01518611 -0.024 0.005194483 -0.01593668 -0.024 -4.327295e-06 -0.004286105 -0.024 -0.0007549023 -0.004384905 -0.024 -0.001454327 -0.004674605 -0.024 -0.002904327 -0.007186105 -0.024 -0.002805507 -0.007936685 -0.024 -0.002515797 -0.008636105 -0.024 -0.002054937 -0.009236715 -0.024 -0.001454327 -0.009697575 -0.024 -0.002054937 -0.005135505 -0.024 -0.002515797 -0.005736105 -0.024 -0.002805507 -0.006435525 -0.024 0.0006896877 -0.01000184 -0.024 -4.327295e-06 -0.01008611 -0.024 -0.0007549023 -0.009987295 -0.024 0.0006896877 -0.004370405 -0.024 0.001343373 -0.004618305 -0.024 0.002707223 -0.006157755 -0.024 0.002382323 -0.005538715 -0.024 0.001918733 -0.005015405 -0.024 0.001343373 -0.009753925 -0.024 0.001918733 -0.009356785 -0.024 0.002382323 -0.008833495 -0.024 0.002874533 -0.006836545 -0.024 0.002707223 -0.008214455 -0.024 0.002874533 -0.007535665 -0.024 0.01249567 0.005813895 -0.024 0.008215673 0.001634895 -0.024 0.007995673 0.001663895 -0.024 0.007775673 0.001634895 -0.024 0.008731793 0.001238895 -0.024 0.008596713 0.001414895 -0.024 0.008420673 0.001549995 -0.024 0.007570673 0.001549995 -0.024 0.007394633 0.001414895 -0.024 0.007259553 0.001238895 -0.024 0.007259553 0.0003888945 -0.024 0.007394633 0.0002128945 -0.024 0.007570673 7.779453e-05 -0.024 0.007775673 -7.105474e-06 -0.024 0.007995673 -3.610547e-05 -0.024 0.008215673 -7.105474e-06 -0.024 0.008420673 7.779453e-05 -0.024 0.01249567 -0.002161105 -0.024 0.008596713 0.0002128945 -0.024 0.008731793 0.0003888945 -0.024 0.008816713 0.0005938945 -0.024 0.008845673 0.0008138945 -0.024 0.008816713 0.001033895 -0.024 0.007174633 0.001033895 -0.024 0.007145673 0.0008138945 -0.024 0.007174633 0.0005938945 -0.024 0.01249567 -0.004186105 -0.024 -0.01250433 0.005813895 0.024 0.005945063 -0.0131355 0.024 0.006120673 -0.01300075 0.024 0.006120673 -0.01063611 0.024 0.002824103 -0.01801454 0.024 0.002014053 -0.01863611 0.024 0.003445673 -0.01863611 0.024 -0.01250433 -0.004186105 0.024 -0.01167753 -0.01063611 0.024 -0.009879327 -0.01063611 0.024 0.004995673 0.003813895 0.024 0.004545673 0.003813895 0.024 0.004545673 -0.002161105 0.024 -0.008429327 0.001549995 0.024 -0.008224327 0.001634895 0.024 -0.005004327 0.003813895 0.024 -0.008004327 0.001663895 0.024 -0.007784327 0.001634895 0.024 -0.008224327 -7.105474e-06 0.024 -0.008429327 7.779453e-05 0.024 -0.009879327 -0.002161105 0.024 -0.008605367 0.0002128945 0.024 -0.008854327 0.0008138945 0.024 -0.008825367 0.001033895 0.024 -0.009879327 0.005813895 0.024 -0.008740447 0.001238895 0.024 -0.008740447 0.0003888945 0.024 -0.008825367 0.0005938945 0.024 -0.004554327 -0.002161105 0.024 -0.007784327 -7.105474e-06 0.024 -0.008004327 -3.610547e-05 0.024 -0.007183287 0.001033895 0.024 -0.007154327 0.0008138945 0.024 -0.007183287 0.0005938945 0.024 -0.007268207 0.0003888945 0.024 -0.007403287 0.0002128945 0.024 -0.007579327 7.779453e-05 0.024 -0.005004327 0.005813895 0.024 -0.008605367 0.001414895 0.024 -0.007579327 0.001549995 0.024 -0.007403287 0.001414895 0.024 -0.004554327 0.003813895 0.024 -0.007268207 0.001238895 0.024 -0.003454327 -0.002161105 0.024 -0.003454327 0.003813895 0.024 0.003445673 -0.002161105 0.024 0.003445673 0.003813895 0.024 0.006545673 -0.01267464 0.024 0.007245093 -0.01238493 0.024 0.007995673 -0.01228611 0.024 0.008746253 -0.01238493 0.024 0.009445673 -0.01267464 0.024 0.01166887 -0.01063611 0.024 0.01004627 -0.0131355 0.024 0.01050717 -0.01373611 0.024 0.01079687 -0.01443553 0.024 0.01089567 -0.01518611 0.024 0.01090637 -0.01658467 0.024 0.008345233 -0.01806497 0.024 0.007646113 -0.01806497 0.024 0.006120673 -0.01863611 0.024 0.006967323 -0.01789766 0.024 0.01081137 -0.01588012 0.024 0.01056347 -0.01653381 0.024 0.01054307 -0.01830896 0.024 0.01016637 -0.01710917 0.024 0.01041697 -0.01863611 0.024 0.009643063 -0.01757276 0.024 0.009024023 -0.01789766 0.024 0.009020683 -0.02147493 0.024 0.009909083 -0.01995311 0.024 0.006120673 -0.01973611 0.024 0.009992763 -0.01973611 0.024 0.006120673 -0.0242869 0.024 0.006577793 -0.02399949 0.024 0.007900673 -0.02283536 0.024 0.005086003 -0.02493744 0.024 0.004545673 -0.01973611 0.024 0.004545673 -0.02516648 0.024 -0.002904327 -0.02318611 0.024 -0.002805507 -0.02243553 0.024 -0.003454327 -0.01973611 0.024 -0.001032677 -0.02589761 0.024 -0.001651717 -0.02557281 0.024 -0.001760817 -0.02604501 0.024 -0.002515797 -0.02173611 0.024 -0.002054937 -0.0211355 0.024 -0.001454327 -0.02067464 0.024 0.003445673 -0.01973611 0.024 0.001445673 -0.02067464 0.024 0.002046283 -0.0211355 0.024 -0.003454327 -0.02562951 0.024 -0.002572147 -0.02453381 0.024 -0.002820057 -0.02388013 0.024 -0.0007549023 -0.02038492 0.024 -4.327294e-06 -0.02028611 0.024 0.0007462477 -0.02038492 0.024 -0.002175007 -0.02510917 0.024 0.002507143 -0.02173611 0.024 0.002796853 -0.02243553 0.024 0.002895673 -0.02318611 0.024 0.003463583 -0.02562511 0.024 0.003445673 -0.02562951 0.024 0.002811403 -0.02388013 0.024 -0.0003538833 -0.02606501 0.024 -4.327295e-06 -0.02618611 0.024 0.0003452287 -0.02606501 0.024 0.001752163 -0.02604501 0.024 0.001024023 -0.02589761 0.024 0.002563493 -0.02453381 0.024 0.002166353 -0.02510917 0.024 0.001643063 -0.02557281 0.024 -0.003472237 -0.02562511 0.024 -0.004554327 -0.01973611 0.024 -0.007909327 -0.02283536 0.024 -0.006586447 -0.02399949 0.024 -0.005094657 -0.02493744 0.024 -0.004554327 -0.02516648 0.024 -0.01000142 -0.01973611 0.024 -0.009917737 -0.01995311 0.024 -0.009879327 -0.01973611 0.024 -0.009879327 -0.02001891 0.024 -0.009029337 -0.02147493 0.024 -0.01057213 -0.01653381 0.024 -0.01091503 -0.01658467 0.024 -0.01017503 -0.01710917 0.024 -0.01055173 -0.01830896 0.024 -0.009879327 -0.01863611 0.024 -0.01042563 -0.01863611 0.024 -0.01082003 -0.01588012 0.024 -0.01090433 -0.01518611 0.024 -0.01080553 -0.01443553 0.024 -0.01250433 -0.002161105 0.024 0.001995673 -0.01865021 0.024 0.001030953 -0.01904981 0.024 -4.327295e-06 -0.01918611 0.024 -0.001039607 -0.01904981 0.024 -0.002004327 -0.01865021 0.024 0.003445673 -0.01316773 0.024 0.003459773 -0.01318611 0.024 0.004545673 -0.01063611 0.024 0.003859373 -0.01415083 0.024 0.003995673 -0.01518611 0.024 0.004545673 -0.01863611 0.024 0.003859373 -0.01622139 0.024 0.003459773 -0.01718611 0.024 0.003445673 -0.01720449 0.024 0.001995673 -0.01172201 0.024 0.002824103 -0.01235768 0.024 0.003445673 -0.01063611 0.024 -0.003454327 -0.01063611 0.024 -0.002832757 -0.01235768 0.024 -0.002004327 -0.01172201 0.024 -0.001039607 -0.01132241 0.024 -4.327295e-06 -0.01118611 0.024 0.001030953 -0.01132241 0.024 -0.004554327 -0.01863611 0.024 -0.003868027 -0.01622139 0.024 -0.004004327 -0.01518611 0.024 -0.004554327 -0.01063611 0.024 -0.003868027 -0.01415083 0.024 -0.003468427 -0.01318611 0.024 -0.003454327 -0.01316773 0.024 -0.002022707 -0.01863611 0.024 -0.002832757 -0.01801454 0.024 -0.003454327 -0.01863611 0.024 -0.003454327 -0.01720449 0.024 -0.003468427 -0.01718611 0.024 -0.01051583 -0.01373611 0.024 -0.01005493 -0.0131355 0.024 -0.009879327 -0.01300075 0.024 -0.009454327 -0.01267464 0.024 -0.007253747 -0.01238493 0.024 -0.008004327 -0.01228611 0.024 -0.008754907 -0.01238493 0.024 -0.006554327 -0.01267464 0.024 -0.005953717 -0.0131355 0.024 -0.005492857 -0.01373611 0.024 -0.009032677 -0.01789766 0.024 -0.009651717 -0.01757276 0.024 -0.009879327 -0.01737112 0.024 -0.005203137 -0.01443553 0.024 -0.005104327 -0.01518611 0.024 -0.005188597 -0.01588012 0.024 -0.005436507 -0.01653381 0.024 -0.005833647 -0.01710917 0.024 -0.006356937 -0.01757276 0.024 -0.006975977 -0.01789766 0.024 -0.007654767 -0.01806497 0.024 -0.008353887 -0.01806497 0.024 0.006348283 -0.01757276 0.024 0.006120673 -0.01737112 0.024 0.005824993 -0.01710917 0.024 0.005427853 -0.01653381 0.024 0.005179943 -0.01588012 0.024 0.005095673 -0.01518611 0.024 0.005194483 -0.01443553 0.024 0.005484203 -0.01373611 0.024 0.007775673 0.001634895 0.024 0.007995673 0.001663895 0.024 0.006120673 0.005813895 0.024 0.01249567 0.005813895 0.024 0.008215673 -7.105474e-06 0.024 0.007995673 -3.610547e-05 0.024 0.006120673 -0.002161105 0.024 0.007775673 -7.105474e-06 0.024 0.008215673 0.001634895 0.024 0.008420673 0.001549995 0.024 0.008596713 0.001414895 0.024 0.007570673 7.779453e-05 0.024 0.007394633 0.0002128945 0.024 0.007259553 0.0003888945 0.024 0.007259553 0.001238895 0.024 0.007394633 0.001414895 0.024 0.007570673 0.001549995 0.024 0.008816713 0.0005938945 0.024 0.008731793 0.0003888945 0.024 0.01249567 -0.002161105 0.024 0.008596713 0.0002128945 0.024 0.008420673 7.779453e-05 0.024 0.01249567 -0.004186105 0.024 0.007174633 0.0005938945 0.024 0.007145673 0.0008138945 0.024 0.007174633 0.001033895 0.024 0.008731793 0.001238895 0.024 0.008816713 0.001033895 0.024 0.008845673 0.0008138945 0.024 -0.01250433 0.005813895 0.024 0.004995673 0.005813895 0.024 -0.001032677 -0.009897655 0.024 -0.001651717 -0.009572755 0.024 -0.002175007 -0.009109165 0.024 -0.002805507 -0.006435525 0.024 -0.002515797 -0.005736105 0.024 -0.002054937 -0.005135505 0.024 -0.001454327 -0.004674605 0.024 -0.0007549023 -0.004384905 0.024 -4.327294e-06 -0.004286105 0.024 0.0007462477 -0.004384905 0.024 0.001445673 -0.004674605 0.024 0.002046283 -0.005135505 0.024 0.002507143 -0.005736105 0.024 -0.002572147 -0.008533805 0.024 -0.002820057 -0.007880125 0.024 -0.002904327 -0.007186105 0.024 0.002166353 -0.009109165 0.024 0.001643063 -0.009572755 0.024 0.002563493 -0.008533805 0.024 0.001024023 -0.009897655 0.024 0.0003452287 -0.01006497 0.024 -0.0003538833 -0.01006497 0.024 0.002796853 -0.006435525 0.024 0.002895673 -0.007186105 0.024 0.002811403 -0.007880125 -0.009919109 0.004495673 0.007813895 -0.009919109 0.004495673 0.006313895 -0.0138102 0.005788483 0.007813895 -0.0129437 0.005500563 0.006313895 -0.0138102 0.005788483 0.006813895 -0.0135337 0.005696603 0.006279295 -0.0138211 0.005792083 0.006227795 -0.0144338 0.005995673 0.006813895 -0.0141126 0.005888943 0.006175495 -0.0144338 0.005995673 0.006086695 0.017732 0.01099567 0.006813895 0.017732 0.01099567 0.007813895 0.0187574 0.009219783 0.006813895 0.0177574 0.01095187 0.007813895 0.003200001 -0.006156807 0.006813895 0.0003378226 -0.004504327 0.006813895 0.003200001 -0.006156807 0.007813895 0.0003378226 -0.004504327 0.007813895 -0.009919109 -0.004504327 0.007813895 -0.008337819 -0.004504327 0.007813895 -0.0138102 -0.005797137 0.007813895 -0.0112 -0.006156807 0.007813895 -0.0125359 -0.008004327 0.007813895 -0.0112 -0.009851847 0.007813895 -0.0142679 -0.01100433 0.007813895 -0.009203849 -0.01100433 0.007813895 -0.023 0.0007381347 -0.02244365 -0.023 0.001339173 -0.02184261 -0.023 0.0009049997 -0.02266111 -0.023 0.001641123 -0.02223611 -0.023 0.001009893 -0.02291435 -0.023 0.001830933 -0.02269435 -0.023 0.001045673 -0.02318611 -0.023 0.001895673 -0.02318611 -0.023 0.001009893 -0.02345787 -0.023 0.001830933 -0.02367787 -0.023 0.0009049997 -0.02371111 -0.023 0.001641123 -0.02413611 -0.023 0.0007381347 -0.02392857 -0.023 0.001339173 -0.02452961 -0.023 0.0005206727 -0.02409544 -0.023 0.0009456727 -0.02483156 -0.023 0.0002674327 -0.02420033 -0.023 0.0004874287 -0.02502137 -0.023 -4.327295e-06 -0.02423611 -0.023 -4.327295e-06 -0.02508611 -0.023 -0.0002760873 -0.02420033 -0.023 -0.0004960833 -0.02502137 -0.023 -0.0005293273 -0.02409544 -0.023 -0.0009543273 -0.02483156 -0.023 -0.0007467893 -0.02392857 -0.023 -0.001347827 -0.02452961 -0.023 -0.0009136543 -0.02371111 -0.023 -0.001649777 -0.02413611 -0.023 -0.001018547 -0.02345787 -0.023 -0.001839587 -0.02367787 -0.023 -0.001054327 -0.02318611 -0.023 -0.001904327 -0.02318611 -0.023 -0.001018547 -0.02291435 -0.023 -0.001839587 -0.02269435 -0.023 -0.0009136543 -0.02266111 -0.023 -0.001649777 -0.02223611 -0.023 -0.0007467893 -0.02244365 -0.023 -0.001347827 -0.02184261 -0.023 -0.0005293273 -0.02227678 -0.023 -0.0009543273 -0.02154066 -0.023 -0.0002760873 -0.02217189 -0.023 -0.0004960833 -0.02135085 -0.023 -4.327295e-06 -0.02213611 -0.023 -4.327295e-06 -0.02128611 -0.023 0.0002674327 -0.02217189 -0.023 0.0004874287 -0.02135085 -0.023 0.0005206727 -0.02227678 -0.023 0.0009456727 -0.02154066 -0.023 0.007503913 -0.01702137 -0.0244 0.007503913 -0.01702137 -0.023 0.007045673 -0.01683156 -0.0244 0.007045673 -0.01683156 -0.023 0.006652173 -0.01652961 -0.0244 0.006652173 -0.01652961 -0.023 0.006350223 -0.01613611 -0.0244 0.006350223 -0.01613611 -0.023 0.006160413 -0.01567786 -0.0244 0.006160413 -0.01567786 -0.023 0.006095673 -0.01518611 -0.0244 0.006095673 -0.01518611 -0.023 0.006160413 -0.01469435 -0.0244 0.006160413 -0.01469435 -0.023 0.006350223 -0.01423611 -0.0244 0.006350223 -0.01423611 -0.023 0.006652173 -0.01384261 -0.0244 0.006652173 -0.01384261 -0.023 0.007045673 -0.01354066 -0.0244 0.007045673 -0.01354066 -0.023 0.007503913 -0.01335085 -0.0244 0.007503913 -0.01335085 -0.001999999 -0.006849627 0.006813895 5.663734e-10 -0.005694927 0.006813895 -0.001999999 -0.006849627 0.008813895 5.663734e-10 -0.005694927 0.008813895 -0.007662179 0.004495673 0.006813895 -0.007662179 0.004495673 0.007813895 -0.0003378214 0.004495673 0.007813895 -0.009919109 0.004495673 0.006313895 -0.009919109 0.004495673 0.007813895 -0.008337819 0.004495673 0.007813895 0.0003378226 0.004495673 0.007813895 0.007662181 0.004495673 0.007813895 0.0003378226 0.004495673 0.006813895 0.007662181 0.004495673 0.006813895 -0.0003378214 0.004495673 0.006813895 -0.008337819 0.004495673 0.006813895 0.008337821 0.004495673 0.007813895 0.009919111 0.004495673 0.007813895 0.008337821 0.004495673 0.006813895 0.009919111 0.004495673 0.006313895 -0.0158026 0.004995673 0.005415895 -0.0158026 0.005995673 0.005415895 -0.0148571 0.004995673 0.005933295 -0.0148571 0.005995673 0.005933295 -0.0145956 0.004995673 0.006033095 -0.0144338 0.005995673 0.006086695 -0.0141126 0.005888943 0.006175495 -0.0140277 0.004806993 0.006195395 -0.0138211 0.005792083 0.006227795 -0.0138213 0.004738413 0.006228695 -0.0135337 0.005696603 0.006279295 -0.0134486 0.004614573 0.006288695 0.024 -0.005188597 -0.01588012 0.024 -0.005436507 -0.01653381 0.024 -0.005833647 -0.01710917 0.024 -0.006356937 -0.01757276 0.024 -0.006975977 -0.01789766 0.024 -0.007654767 -0.01806497 0.024 -0.008353887 -0.01806497 0.024 -0.009032677 -0.01789766 0.024 -0.009651717 -0.01757276 0.024 -0.009879327 -0.01737112 0.024 -0.01017503 -0.01710917 0.024 -0.01057213 -0.01653381 0.024 -0.01082003 -0.01588012 0.023 0.001045673 -0.007186105 0.021 0.001045673 -0.007186105 0.023 0.001009893 -0.007457865 0.021 0.001009893 -0.007457865 0.023 0.0009049997 -0.007711105 0.021 0.0009049997 -0.007711105 0.023 0.0007381347 -0.007928565 0.021 0.0007381347 -0.007928565 0.023 0.0005206727 -0.008095435 0.021 0.0005206727 -0.008095435 0.023 0.0002674327 -0.008200325 0.021 0.0002674327 -0.008200325 0.023 -4.327295e-06 -0.008236105 0.021 -4.327295e-06 -0.008236105 0.023 -0.0002760873 -0.008200325 0.021 -0.0002760873 -0.008200325 0.023 -0.0005293273 -0.008095435 0.021 -0.0005293273 -0.008095435 0.023 -0.0007467893 -0.007928565 0.021 -0.0007467893 -0.007928565 0.023 -0.0009136543 -0.007711105 0.021 -0.0009136543 -0.007711105 0.023 -0.001018547 -0.007457865 0.021 -0.001018547 -0.007457865 0.023 -0.001054327 -0.007186105 0.021 -0.001054327 -0.007186105 0.023 -0.008004327 -0.01413611 0.023 -0.008004327 -0.01328611 0.023 -0.008276087 -0.01417189 0.023 -0.008496087 -0.01335085 0.023 -0.008529327 -0.01427678 0.023 -0.008954327 -0.01354066 0.023 -0.008746787 -0.01444364 0.023 -0.009347827 -0.01384261 0.023 -0.008913657 -0.01466111 0.023 -0.009649777 -0.01423611 0.023 -0.009018547 -0.01491435 0.023 -0.009839587 -0.01469435 0.023 -0.009054327 -0.01518611 0.023 -0.009904327 -0.01518611 0.023 -0.009018547 -0.01545787 0.023 -0.009839587 -0.01567786 0.023 -0.008913657 -0.01571111 0.023 -0.009649777 -0.01613611 0.023 -0.008746787 -0.01592857 0.023 -0.009347827 -0.01652961 0.023 -0.008529327 -0.01609543 0.023 -0.008954327 -0.01683156 0.023 -0.008276087 -0.01620033 0.023 -0.008496087 -0.01702137 0.023 -0.008004327 -0.01623611 0.023 -0.008004327 -0.01708611 0.023 -0.007732567 -0.01620033 0.023 -0.007512567 -0.01702137 0.023 -0.007479327 -0.01609543 0.023 -0.007054327 -0.01683156 0.023 -0.007261867 -0.01592857 0.023 -0.006660827 -0.01652961 0.023 -0.007094997 -0.01571111 0.023 -0.006358877 -0.01613611 0.023 -0.006990107 -0.01545787 0.023 -0.006169067 -0.01567786 0.023 -0.006954327 -0.01518611 0.023 -0.006104327 -0.01518611 0.023 -0.006990107 -0.01491435 0.023 -0.006169067 -0.01469435 0.023 -0.007094997 -0.01466111 0.023 -0.006358877 -0.01423611 0.023 -0.007261867 -0.01444364 0.023 -0.006660827 -0.01384261 0.023 -0.007479327 -0.01427678 0.023 -0.007054327 -0.01354066 0.023 -0.007732567 -0.01417189 0.023 -0.007512567 -0.01335085 5.663734e-10 0.009045673 0.008813895 5.663734e-10 0.009045673 0.01081389 -0.0002717594 0.009009893 0.008813895 -0.0002717594 0.009009893 0.01081389 -0.0005249994 0.008905003 0.008813895 -0.0005249994 0.008905003 0.01081389 -0.0007424614 0.008738133 0.008813895 -0.0007424614 0.008738133 0.01081389 -0.0009093264 0.008520673 0.008813895 -0.0009093264 0.008520673 0.01081389 -0.001014219 0.008267433 0.008813895 -0.001014219 0.008267433 0.01081389 -0.001049999 0.007995673 0.008813895 -0.001049999 0.007995673 0.01081389 -0.001014219 0.007723913 0.008813895 -0.001014219 0.007723913 0.01081389 -0.0009093264 0.007470673 0.008813895 -0.0009093264 0.007470673 0.01081389 -0.0007424614 0.007253213 0.008813895 -0.0007424614 0.007253213 0.01081389 -0.0005249994 0.007086343 0.008813895 -0.0005249994 0.007086343 0.01081389 -0.0002717594 0.006981453 0.008813895 -0.0002717594 0.006981453 0.01081389 5.663734e-10 0.006945673 0.008813895 5.663734e-10 0.006945673 0.01081389 -0.008271759 0.006981453 0.008813895 -0.007999999 0.006945673 0.008813895 -0.007999999 0.005686273 0.008813895 -0.007728239 0.009009893 0.008813895 -0.007999999 0.009045673 0.008813895 -0.007999999 0.01030507 0.008813895 -0.008909329 0.008520673 0.008813895 -0.009014219 0.008267433 0.008813895 -0.009999999 0.009150373 0.008813895 -0.006985779 0.008267433 0.008813895 -0.005999999 0.009150373 0.008813895 -0.006949999 0.007995673 0.008813895 -0.005999999 0.006840973 0.008813895 -0.006985779 0.007723913 0.008813895 -0.007090669 0.007470673 0.008813895 -0.009999999 0.006840973 0.008813895 -0.009049999 0.007995673 0.008813895 -0.009014219 0.007723913 0.008813895 -0.007728239 0.006981453 0.008813895 -0.007474999 0.007086343 0.008813895 -0.007257539 0.007253213 0.008813895 -0.007090669 0.008520673 0.008813895 -0.007257539 0.008738133 0.008813895 -0.007474999 0.008905003 0.008813895 -0.008271759 0.009009893 0.008813895 -0.008524999 0.008905003 0.008813895 -0.008742459 0.008738133 0.008813895 -0.008909329 0.007470673 0.008813895 -0.008742459 0.007253213 0.008813895 -0.008524999 0.007086343 0.008813895 -0.021 0.01066907 -0.01771111 -0.024 0.01054307 -0.01830896 -0.021 0.01054307 -0.01830896 -0.024 0.01041697 -0.01863611 -0.021 0.009909083 -0.01995311 -0.024 0.009992763 -0.01973611 -0.024 0.009909083 -0.01995311 -0.021 0.009495773 -0.02066111 -0.024 0.009020683 -0.02147493 -0.021 0.009020683 -0.02147493 -0.021 0.007900673 -0.02283536 -0.024 0.007900673 -0.02283536 -0.021 0.007045673 -0.02358776 -0.024 0.006577793 -0.02399949 -0.021 0.006577793 -0.02399949 -0.024 0.006120673 -0.0242869 -0.021 0.005470673 -0.02469559 -0.024 0.005086003 -0.02493744 -0.021 0.005086003 -0.02493744 -0.024 0.004545673 -0.02516648 -0.021 0.003463583 -0.02562511 -0.024 0.003463583 -0.02562511 -0.024 0.003445673 -0.02562951 -0.021 0.002520673 -0.02585641 -0.024 0.001752163 -0.02604501 -0.021 0.001752163 -0.02604501 -0.021 -4.327295e-06 -0.02618611 -0.024 -4.327295e-06 -0.02618611 -0.021 -0.001760817 -0.02604501 -0.024 -0.001760817 -0.02604501 -0.021 -0.002529327 -0.02585641 -0.024 -0.003454327 -0.02562951 -0.021 -0.003472237 -0.02562511 -0.024 -0.003472237 -0.02562511 -0.024 -0.004554327 -0.02516648 -0.021 -0.005094657 -0.02493744 -0.024 -0.005094657 -0.02493744 -0.021 -0.005479327 -0.02469559 -0.024 -0.006586447 -0.02399949 -0.021 -0.006586447 -0.02399949 -0.021 -0.007909327 -0.02283536 -0.024 -0.007909327 -0.02283536 -0.021 -0.008954327 -0.02156604 -0.024 -0.009029337 -0.02147493 -0.021 -0.009917737 -0.01995311 -0.024 -0.009879327 -0.02001891 -0.021 -0.009504427 -0.02066111 -0.021 -0.009029337 -0.02147493 -0.021 -0.01055173 -0.01830896 -0.024 -0.01000142 -0.01973611 -0.024 -0.009917737 -0.01995311 -0.021 -0.01091503 -0.01658467 -0.024 -0.01091503 -0.01658467 -0.021 -0.01067773 -0.01771111 -0.024 -0.01055173 -0.01830896 -0.024 -0.01042563 -0.01863611 0.0178 -0.0009043273 0.01081389 0.0178 -0.0009043273 0.007813895 0.0148453 0.009995673 0.006813895 0.0171547 0.009995673 0.006813895 0.0148453 0.009995673 0.008813895 0.0171547 0.009995673 0.008813895 0.009919111 -0.004504327 0.006313895 0.009919111 -0.004504327 0.007813895 0.008337821 -0.004504327 0.007813895 0.007662181 -0.004504327 0.007813895 0.0003378226 -0.004504327 0.007813895 0.007662181 -0.004504327 0.006813895 0.0003378226 -0.004504327 0.006813895 0.008337821 -0.004504327 0.006813895 -0.009919109 -0.004504327 0.006313895 -0.0003378214 -0.004504327 0.006813895 -0.008337819 -0.004504327 0.007813895 -0.009919109 -0.004504327 0.007813895 -0.008337819 -0.004504327 0.006813895 -0.007662179 -0.004504327 0.006813895 -0.007662179 -0.004504327 0.007813895 -0.0003378214 -0.004504327 0.007813895 0.007728241 -0.006990107 0.008813895 0.007728241 -0.006990107 0.01081389 0.007475001 -0.007094997 0.008813895 0.007475001 -0.007094997 0.01081389 0.007257541 -0.007261867 0.008813895 0.007257541 -0.007261867 0.01081389 0.007090671 -0.007479327 0.008813895 0.007090671 -0.007479327 0.01081389 0.006985781 -0.007732567 0.008813895 0.006985781 -0.007732567 0.01081389 0.006950001 -0.008004327 0.008813895 0.006950001 -0.008004327 0.01081389 0.006985781 -0.008276087 0.008813895 0.006985781 -0.008276087 0.01081389 0.007090671 -0.008529327 0.008813895 0.007090671 -0.008529327 0.01081389 0.007257541 -0.008746787 0.008813895 0.007257541 -0.008746787 0.01081389 0.007475001 -0.008913657 0.008813895 0.007475001 -0.008913657 0.01081389 0.007728241 -0.009018547 0.008813895 0.007728241 -0.009018547 0.01081389 0.023 -0.001018547 -0.006914345 0.021 -0.001018547 -0.006914345 0.023 -0.0009136543 -0.006661105 0.021 -0.0009136543 -0.006661105 0.023 -0.0007467893 -0.006443645 0.021 -0.0007467893 -0.006443645 0.023 -0.0005293273 -0.006276775 0.021 -0.0005293273 -0.006276775 0.023 -0.0002760873 -0.006171885 0.021 -0.0002760873 -0.006171885 0.023 -4.327295e-06 -0.006136105 0.021 -4.327295e-06 -0.006136105 0.023 0.0002674327 -0.006171885 0.021 0.0002674327 -0.006171885 0.023 0.0005206727 -0.006276775 0.021 0.0005206727 -0.006276775 0.023 0.0007381347 -0.006443645 0.021 0.0007381347 -0.006443645 0.023 0.0009049997 -0.006661105 0.021 0.0009049997 -0.006661105 0.023 0.001009893 -0.006914345 0.021 0.001009893 -0.006914345 0.007728241 0.001009893 0.008813895 0.007728241 0.001009893 0.01081389 0.007475001 0.0009049997 0.008813895 0.007475001 0.0009049997 0.01081389 0.007257541 0.0007381347 0.008813895 0.007257541 0.0007381347 0.01081389 0.007090671 0.0005206727 0.008813895 0.007090671 0.0005206727 0.01081389 0.006985781 0.0002674327 0.008813895 0.006985781 0.0002674327 0.01081389 0.006950001 -4.327295e-06 0.008813895 0.006950001 -4.327295e-06 0.01081389 0.006985781 -0.0002760873 0.008813895 0.006985781 -0.0002760873 0.01081389 0.007090671 -0.0005293273 0.008813895 0.007090671 -0.0005293273 0.01081389 0.007257541 -0.0007467893 0.008813895 0.007257541 -0.0007467893 0.01081389 0.007475001 -0.0009136543 0.008813895 0.007475001 -0.0009136543 0.01081389 0.007728241 -0.001018547 0.008813895 0.007728241 -0.001018547 0.01081389 -0.003199999 0.006148153 0.006813895 -0.0003378214 0.004495673 0.006813895 -0.003199999 0.006148153 0.007813895 -0.0003378214 0.004495673 0.007813895 -0.0171547 -0.01000433 0.006813895 -0.0183094 -0.008004327 0.006813895 -0.0171547 -0.01000433 0.008813895 -0.0183094 -0.008004327 0.008813895 -0.0125359 -0.008004327 0.006813895 -0.0138102 -0.005797137 0.006813895 -0.0125359 -0.008004327 0.007813895 -0.0138102 -0.005797137 0.007813895 -0.009999999 0.009150373 0.006813895 -0.007999999 0.01030507 0.006813895 -0.009999999 0.009150373 0.008813895 -0.007999999 0.01030507 0.008813895 -0.005999999 -0.006849627 0.006813895 -0.005999999 -0.009159027 0.006813895 -0.005999999 -0.006849627 0.008813895 -0.005999999 -0.009159027 0.008813895 -0.0177574 -0.01100433 0.007813895 -0.0177574 -0.01096053 0.007813895 -0.017732 -0.01100433 0.007813895 -0.001999999 0.006840973 0.006813895 -0.001999999 0.009150373 0.006813895 -0.001999999 0.006840973 0.008813895 -0.001999999 0.009150373 0.008813895 -0.023 -4.327295e-06 -0.02508611 -0.0244 -4.327295e-06 -0.02508611 -0.023 -0.0004960833 -0.02502137 -0.0244 -0.0004960833 -0.02502137 -0.023 -0.0009543273 -0.02483156 -0.0244 -0.0009543273 -0.02483156 -0.023 -0.001347827 -0.02452961 -0.0244 -0.001347827 -0.02452961 -0.023 -0.001649777 -0.02413611 -0.0244 -0.001649777 -0.02413611 -0.023 -0.001839587 -0.02367787 -0.0244 -0.001839587 -0.02367787 -0.023 -0.001904327 -0.02318611 -0.0244 -0.001904327 -0.02318611 -0.023 -0.001839587 -0.02269435 -0.0244 -0.001839587 -0.02269435 -0.023 -0.001649777 -0.02223611 -0.0244 -0.001649777 -0.02223611 -0.023 -0.001347827 -0.02184261 -0.0244 -0.001347827 -0.02184261 -0.023 -0.0009543273 -0.02154066 -0.0244 -0.0009543273 -0.02154066 -0.023 -0.0004960833 -0.02135085 -0.0244 -0.0004960833 -0.02135085 -0.023 -4.327295e-06 -0.02128611 -0.0244 -4.327295e-06 -0.02128611 -0.007662179 -0.003504327 0.007813895 -0.005999999 -0.002544667 0.007813895 -0.005999999 -0.003504327 0.007813895 5.663734e-10 0.005686273 0.006813895 -0.0003378214 0.004495673 0.006813895 -0.001999999 0.006840973 0.006813895 -0.003199999 0.006148153 0.006813895 -0.001999999 0.009150373 0.006813895 -0.003199999 0.009843193 0.006813895 5.663734e-10 0.01030507 0.006813895 -0.001203849 0.01099567 0.006813895 0.001203851 0.01099567 0.006813895 0.002000001 0.009150373 0.006813895 0.003200001 0.009843193 0.006813895 0.002000001 0.006840973 0.006813895 0.003200001 0.006148153 0.006813895 0.0003378226 0.004495673 0.006813895 0.023 0.001895673 -0.007186105 0.0244 0.001895673 -0.007186105 0.023 0.001830933 -0.006694345 0.0244 0.001830933 -0.006694345 0.023 0.001641123 -0.006236105 0.0244 0.001641123 -0.006236105 0.023 0.001339173 -0.005842605 0.0244 0.001339173 -0.005842605 0.023 0.0009456727 -0.005540655 0.0244 0.0009456727 -0.005540655 0.023 0.0004874287 -0.005350845 0.0244 0.0004874287 -0.005350845 0.023 -4.327295e-06 -0.005286105 0.0244 -4.327295e-06 -0.005286105 0.023 -0.0004960833 -0.005350845 0.0244 -0.0004960833 -0.005350845 0.023 -0.0009543273 -0.005540655 0.0244 -0.0009543273 -0.005540655 0.023 -0.001347827 -0.005842605 0.0244 -0.001347827 -0.005842605 0.023 -0.001649777 -0.006236105 0.0244 -0.001649777 -0.006236105 0.023 -0.001839587 -0.006694345 0.0244 -0.001839587 -0.006694345 0.023 -0.001904327 -0.007186105 0.0244 -0.001904327 -0.007186105 0.0002717606 0.006981453 0.008813895 0.0002717606 0.006981453 0.01081389 0.0005250006 0.007086343 0.008813895 0.0005250006 0.007086343 0.01081389 0.0007424626 0.007253213 0.008813895 0.0007424626 0.007253213 0.01081389 0.0009093276 0.007470673 0.008813895 0.0009093276 0.007470673 0.01081389 0.001014221 0.007723913 0.008813895 0.001014221 0.007723913 0.01081389 0.001050001 0.007995673 0.008813895 0.001050001 0.007995673 0.01081389 0.001014221 0.008267433 0.008813895 0.001014221 0.008267433 0.01081389 0.0009093276 0.008520673 0.008813895 0.0009093276 0.008520673 0.01081389 0.0007424626 0.008738133 0.008813895 0.0007424626 0.008738133 0.01081389 0.0005250006 0.008905003 0.008813895 0.0005250006 0.008905003 0.01081389 0.0002717606 0.009009893 0.008813895 0.0002717606 0.009009893 0.01081389 -0.0190964 0.005995673 0.002117595 -0.0190964 0.004995673 0.002117595 -0.0195398 0.005995673 0.001333895 -0.0195398 0.004995673 0.001333895 -0.0183094 0.007995673 0.006813895 -0.0171547 0.005995673 0.006813895 -0.0183094 0.005995673 0.006813895 -0.0144338 0.005995673 0.006813895 -0.0148453 0.005995673 0.006813895 -0.0136906 0.007995673 0.006813895 -0.0138102 0.005788483 0.006813895 -0.0187574 0.006771563 0.006813895 -0.0187574 0.009219783 0.006813895 -0.0171547 0.009995673 0.006813895 -0.017732 0.01099567 0.006813895 -0.0148453 0.009995673 0.006813895 -0.0142679 0.01099567 0.006813895 -0.0125359 0.007995673 0.006813895 0.003200001 -0.009851847 0.007813895 0.001203851 -0.01100433 0.007813895 0.003200001 -0.009851847 0.006813895 0.001203851 -0.01100433 0.006813895 0.01705 0.007995673 0.008813895 0.0170142 0.008267433 0.008813895 0.0183094 0.007995673 0.008813895 0.0150907 0.007470673 0.008813895 0.0152575 0.007253213 0.008813895 0.0148453 0.005995673 0.008813895 0.015475 0.007086343 0.008813895 0.0149858 0.007723913 0.008813895 0.0136906 0.007995673 0.008813895 0.01495 0.007995673 0.008813895 0.0171547 0.009995673 0.008813895 0.0167425 0.008738133 0.008813895 0.016525 0.008905003 0.008813895 0.0157282 0.006981453 0.008813895 0.016 0.006945673 0.008813895 0.0171547 0.005995673 0.008813895 0.0162718 0.006981453 0.008813895 0.016525 0.007086343 0.008813895 0.0169093 0.008520673 0.008813895 0.0162718 0.009009893 0.008813895 0.016 0.009045673 0.008813895 0.0148453 0.009995673 0.008813895 0.0157282 0.009009893 0.008813895 0.015475 0.008905003 0.008813895 0.0167425 0.007253213 0.008813895 0.0169093 0.007470673 0.008813895 0.0170142 0.007723913 0.008813895 0.0152575 0.008738133 0.008813895 0.0150907 0.008520673 0.008813895 0.0149858 0.008267433 0.008813895 0.0170142 -0.007732567 0.008813895 0.0170142 -0.007732567 0.01081389 0.0169093 -0.007479327 0.008813895 0.0169093 -0.007479327 0.01081389 0.0167425 -0.007261867 0.008813895 0.0167425 -0.007261867 0.01081389 0.016525 -0.007094997 0.008813895 0.016525 -0.007094997 0.01081389 0.0162718 -0.006990107 0.008813895 0.0162718 -0.006990107 0.01081389 0.016 -0.006954327 0.008813895 0.016 -0.006954327 0.01081389 0.0157282 -0.006990107 0.008813895 0.0157282 -0.006990107 0.01081389 0.015475 -0.007094997 0.008813895 0.015475 -0.007094997 0.01081389 0.0152575 -0.007261867 0.008813895 0.0152575 -0.007261867 0.01081389 0.0150907 -0.007479327 0.008813895 0.0150907 -0.007479327 0.01081389 0.0149858 -0.007732567 0.008813895 0.0149858 -0.007732567 0.01081389 0.0187574 0.009219783 0.006813895 0.0177574 0.01095187 0.007813895 0.0177574 0.01099567 0.007813895 0.021 0.01099567 0.004571295 0.021 0.007045673 0.004571295 0.0187574 0.006771563 0.006813895 0.021 0.005995673 0.004571295 0.0183094 0.005995673 0.007261895 -0.007662179 0.003495673 0.007813895 -0.005999999 0.002536013 0.007813895 -0.007662179 0.003495673 0.006813895 -0.005999999 0.002536013 0.006813895 -0.019 -0.005004327 0.01081389 -0.019 -0.005004327 0.007813895 0.006000001 0.001150373 0.008813895 0.006000001 0.001150373 0.006813895 0.008000001 0.002305073 0.008813895 0.008000001 0.002305073 0.006813895 0.021 -4.327295e-06 -0.01118611 0.024 -4.327295e-06 -0.01118611 0.021 -0.001039607 -0.01132241 0.024 -0.001039607 -0.01132241 0.021 -0.002004327 -0.01172201 0.024 -0.002004327 -0.01172201 0.021 -0.002529327 -0.01212486 0.024 -0.002832757 -0.01235768 0.021 -0.002832757 -0.01235768 0.024 -0.003454327 -0.01316773 0.021 -0.003468427 -0.01318611 0.024 -0.003468427 -0.01318611 0.021 -0.003868027 -0.01415083 0.024 -0.003868027 -0.01415083 0.021 -0.004004327 -0.01518611 0.024 -0.004004327 -0.01518611 0.021 -0.003868027 -0.01622139 0.024 -0.003868027 -0.01622139 0.021 -0.003468427 -0.01718611 0.024 -0.002832757 -0.01801454 0.021 -0.003065577 -0.01771111 0.024 -0.003454327 -0.01720449 0.024 -0.003468427 -0.01718611 0.024 -4.327295e-06 -0.01918611 0.021 -4.327295e-06 -0.01918611 0.024 -0.001039607 -0.01904981 0.021 -0.001039607 -0.01904981 0.024 -0.002004327 -0.01865021 0.021 -0.002004327 -0.01865021 0.024 -0.002022707 -0.01863611 0.021 -0.002529327 -0.01824736 0.021 -0.002832757 -0.01801454 0.023 -0.009904327 -0.01518611 0.0244 -0.009904327 -0.01518611 0.023 -0.009839587 -0.01567786 0.0244 -0.009839587 -0.01567786 0.023 -0.009649777 -0.01613611 0.0244 -0.009649777 -0.01613611 0.023 -0.009347827 -0.01652961 0.0244 -0.009347827 -0.01652961 0.023 -0.008954327 -0.01683156 0.0244 -0.008954327 -0.01683156 0.023 -0.008496087 -0.01702137 0.0244 -0.008496087 -0.01702137 0.023 -0.008004327 -0.01708611 0.0244 -0.008004327 -0.01708611 0.023 -0.007512567 -0.01702137 0.0244 -0.007512567 -0.01702137 0.023 -0.007054327 -0.01683156 0.0244 -0.007054327 -0.01683156 0.023 -0.006660827 -0.01652961 0.0244 -0.006660827 -0.01652961 0.023 -0.006358877 -0.01613611 0.0244 -0.006358877 -0.01613611 0.023 -0.006169067 -0.01567786 0.0244 -0.006169067 -0.01567786 0.023 -0.006104327 -0.01518611 0.0244 -0.006104327 -0.01518611 -0.0009093264 0.008520673 0.008813895 -0.001014219 0.008267433 0.008813895 -0.001999999 0.009150373 0.008813895 -0.001999999 0.006840973 0.008813895 -0.001049999 0.007995673 0.008813895 -0.001014219 0.007723913 0.008813895 -0.0002717594 0.006981453 0.008813895 5.663734e-10 0.006945673 0.008813895 5.663734e-10 0.005686273 0.008813895 0.0002717606 0.009009893 0.008813895 5.663734e-10 0.009045673 0.008813895 5.663734e-10 0.01030507 0.008813895 0.001014221 0.008267433 0.008813895 0.002000001 0.009150373 0.008813895 0.001050001 0.007995673 0.008813895 0.002000001 0.006840973 0.008813895 0.001014221 0.007723913 0.008813895 0.0009093276 0.007470673 0.008813895 -0.0009093264 0.007470673 0.008813895 -0.0007424614 0.007253213 0.008813895 -0.0005249994 0.007086343 0.008813895 0.0002717606 0.006981453 0.008813895 0.0005250006 0.007086343 0.008813895 0.0007424626 0.007253213 0.008813895 0.0009093276 0.008520673 0.008813895 0.0007424626 0.008738133 0.008813895 0.0005250006 0.008905003 0.008813895 -0.0002717594 0.009009893 0.008813895 -0.0005249994 0.008905003 0.008813895 -0.0007424614 0.008738133 0.008813895 -0.007999999 0.005686273 0.006813895 -0.009999999 0.006840973 0.006813895 -0.007999999 0.005686273 0.008813895 -0.009999999 0.006840973 0.008813895 0.0209039 -0.01100433 -0.0007670055 0.0209039 -0.01250433 -0.0007670055 0.0206194 -0.01100433 0.0001709945 0.0206194 -0.01250433 0.0001709945 0.0201573 -0.01100433 0.001035395 0.0201573 -0.01250433 0.001035395 5.663734e-10 -0.005694927 0.006813895 0.002000001 -0.006849627 0.006813895 5.663734e-10 -0.005694927 0.008813895 0.002000001 -0.006849627 0.008813895 0.0142679 -0.01100433 0.006813895 0.0142679 -0.01100433 0.007813895 0.0125359 -0.008004327 0.006813895 0.0125359 -0.008004327 0.007813895 -0.0175447 -0.002083887 0.007813895 -0.0175447 -0.002083887 0.01081389 -0.0174 -0.002023947 0.007813895 -0.0174 -0.002023947 0.01081389 -0.0172757 -0.001928587 0.007813895 -0.0172757 -0.001928587 0.01081389 -0.0171804 -0.001804327 0.007813895 -0.0171804 -0.001804327 0.01081389 -0.0171204 -0.001659617 0.007813895 -0.0171204 -0.001659617 0.01081389 -0.0171 -0.001504327 0.007813895 -0.0171 -0.001504327 0.01081389 -0.0171204 -0.001349037 0.007813895 -0.0171204 -0.001349037 0.01081389 -0.0171804 -0.001204327 0.007813895 -0.0171804 -0.001204327 0.01081389 -0.0172757 -0.001080067 0.007813895 -0.0172757 -0.001080067 0.01081389 -0.0174 -0.0009847123 0.007813895 -0.0174 -0.0009847123 0.01081389 -0.0175447 -0.0009247713 0.007813895 -0.0175447 -0.0009247713 0.01081389 0.021 0.01090637 -0.01658467 0.024 0.01090637 -0.01658467 0.021 0.01066907 -0.01771111 0.024 0.01054307 -0.01830896 0.021 0.01054307 -0.01830896 0.024 0.01041697 -0.01863611 0.024 0.009992763 -0.01973611 0.021 0.009909083 -0.01995311 0.024 0.009909083 -0.01995311 0.021 0.009495773 -0.02066111 0.024 0.009020683 -0.02147493 0.021 0.009020683 -0.02147493 0.024 0.007900673 -0.02283536 0.021 0.007900673 -0.02283536 0.021 0.007045673 -0.02358776 0.024 0.006577793 -0.02399949 0.021 0.006577793 -0.02399949 0.024 0.006120673 -0.0242869 0.021 0.005470673 -0.02469559 0.024 0.005086003 -0.02493744 0.021 0.005086003 -0.02493744 0.024 0.004545673 -0.02516648 0.021 0.003463583 -0.02562511 0.024 0.003463583 -0.02562511 0.024 0.003445673 -0.02562951 0.021 0.002520673 -0.02585641 0.024 0.001752163 -0.02604501 0.021 0.001752163 -0.02604501 0.024 -4.327295e-06 -0.02618611 0.021 -4.327295e-06 -0.02618611 0.024 -0.001760817 -0.02604501 0.021 -0.001760817 -0.02604501 0.021 -0.002529327 -0.02585641 0.024 -0.003454327 -0.02562951 0.021 -0.003472237 -0.02562511 0.024 -0.003472237 -0.02562511 0.024 -0.004554327 -0.02516648 0.021 -0.005094657 -0.02493744 0.024 -0.005094657 -0.02493744 0.021 -0.005479327 -0.02469559 0.024 -0.006586447 -0.02399949 0.021 -0.006586447 -0.02399949 0.024 -0.007909327 -0.02283536 0.024 -0.009029337 -0.02147493 0.021 -0.008954327 -0.02156604 0.021 -0.007909327 -0.02283536 0.024 -0.009917737 -0.01995311 0.021 -0.009917737 -0.01995311 0.024 -0.009879327 -0.02001891 0.021 -0.009504427 -0.02066111 0.021 -0.009029337 -0.02147493 0.024 -0.01000142 -0.01973611 0.024 -0.01042563 -0.01863611 0.021 -0.01055173 -0.01830896 0.024 -0.01055173 -0.01830896 0.021 -0.01067773 -0.01771111 0.0162824 -0.003436177 0.01081389 0.0162824 -0.003436177 0.007813895 0.0158 -0.003236377 0.01081389 0.0158 -0.003236377 0.007813895 0.0153858 -0.002918537 0.01081389 0.0153858 -0.002918537 0.007813895 0.0150871 -0.002529327 0.01081389 0.0150679 -0.002504327 0.007813895 0.0148681 -0.002021967 0.007813895 0.0148681 -0.002021967 0.01081389 0.0150679 -0.002504327 0.01081389 -0.0241668 -0.009259327 -0.01779214 -0.0241668 -0.009807757 -0.01744754 -0.0241668 -0.01026573 -0.01698954 -0.0241668 -0.01061033 -0.01644111 -0.0241668 -0.01061033 -0.01393111 -0.0241668 -0.01026573 -0.01338268 -0.0241668 -0.009807757 -0.01292468 -0.0241668 -0.009259327 -0.01258008 -0.0244 -0.008582877 -0.0126513 -0.0244 -0.009132427 -0.01284359 -0.0243925 -0.008597737 -0.01258622 -0.0243925 -0.009161387 -0.01278345 -0.0243703 -0.008611847 -0.0125244 -0.0243703 -0.009188897 -0.01272632 -0.0243345 -0.008624507 -0.01246894 -0.0243345 -0.009213577 -0.01267507 -0.024287 -0.008635077 -0.01242263 -0.024287 -0.009234197 -0.01263227 -0.0242302 -0.008643027 -0.01238778 -0.0242302 -0.009249697 -0.01260007 -0.0241668 -0.008647967 -0.01236615 -0.0244 -0.01053913 -0.01576466 -0.0244 -0.01034683 -0.01631421 -0.0243925 -0.01060423 -0.01577951 -0.0243925 -0.01040703 -0.01634317 -0.0243703 -0.01066603 -0.01579362 -0.0243703 -0.01046413 -0.01637068 -0.0243345 -0.01072153 -0.01580628 -0.0243345 -0.01051533 -0.01639536 -0.024287 -0.01076783 -0.01581685 -0.024287 -0.01055813 -0.01641597 -0.0242302 -0.01080263 -0.01582481 -0.0242302 -0.01059033 -0.01643148 -0.0241668 -0.01082433 -0.01582974 -0.0244 -0.009625397 -0.01315335 -0.0243925 -0.009667017 -0.01310116 -0.0243703 -0.009706557 -0.01305158 -0.0243345 -0.009742017 -0.01300711 -0.024287 -0.009771637 -0.01296997 -0.0242302 -0.009793927 -0.01294203 -0.0242302 -0.01024843 -0.01339651 -0.024287 -0.01022043 -0.0134188 -0.0243345 -0.01018333 -0.01344842 -0.0243703 -0.01013883 -0.01348388 -0.0243925 -0.01008933 -0.01352342 -0.0244 -0.01003713 -0.01356504 -0.0242302 -0.01059033 -0.01394074 -0.024287 -0.01055813 -0.01395625 -0.0243345 -0.01051533 -0.01397686 -0.0243703 -0.01046413 -0.01400154 -0.0243925 -0.01040703 -0.01402905 -0.0244 -0.01034683 -0.01405801 -0.0241668 -0.01082433 -0.01454247 -0.0242302 -0.01080263 -0.01454741 -0.024287 -0.01076783 -0.01455536 -0.0243345 -0.01072153 -0.01456593 -0.0243703 -0.01066603 -0.01457859 -0.0243925 -0.01060423 -0.0145927 -0.0244 -0.01053913 -0.01460755 -0.0244 -0.01060433 -0.01518611 -0.0243925 -0.01067113 -0.01518611 -0.0243703 -0.01073453 -0.01518611 -0.0243345 -0.01079133 -0.01518611 -0.024287 -0.01083883 -0.01518611 -0.0242302 -0.01087463 -0.01518611 -0.0241668 -0.01089683 -0.01518611 -0.0244 -0.01003713 -0.01680718 -0.0243925 -0.01008933 -0.0168488 -0.0243703 -0.01013883 -0.01688834 -0.0243345 -0.01018333 -0.0169238 -0.024287 -0.01022043 -0.01695342 -0.0242302 -0.01024843 -0.01697571 -0.0242302 -0.009793927 -0.01743019 -0.024287 -0.009771637 -0.01740225 -0.0243345 -0.009742017 -0.01736511 -0.0243703 -0.009706557 -0.01732064 -0.0243925 -0.009667017 -0.01727106 -0.0244 -0.009625397 -0.01721887 -0.0242302 -0.009249697 -0.01777215 -0.024287 -0.009234197 -0.01773995 -0.0243345 -0.009213577 -0.01769715 -0.0243703 -0.009188897 -0.0176459 -0.0243925 -0.009161387 -0.01758877 -0.0244 -0.009132427 -0.01752863 -0.0241668 -0.008647967 -0.01800607 -0.0242302 -0.008643027 -0.01798444 -0.024287 -0.008635077 -0.01794959 -0.0243345 -0.008624507 -0.01790328 -0.0243703 -0.008611847 -0.01784782 -0.0243925 -0.008597737 -0.017786 -0.0244 -0.008582877 -0.01772092 -0.0241668 -0.001259327 -0.02579211 -0.0241668 -0.001807757 -0.02544751 -0.0241668 -0.002265757 -0.02498954 -0.0241668 -0.002610357 -0.02444111 -0.0241668 -0.002610357 -0.02193111 -0.0241668 -0.002265757 -0.02138268 -0.0241668 -0.001807757 -0.02092468 -0.0241668 -0.001259327 -0.02058008 -0.0243925 -0.0005977363 -0.02058622 -0.0243925 -0.001161387 -0.02078345 -0.0243703 -0.0006118463 -0.0205244 -0.0243703 -0.001188897 -0.02072632 -0.0243345 -0.0006245033 -0.02046894 -0.0243345 -0.001213577 -0.02067507 -0.024287 -0.0006350733 -0.02042263 -0.024287 -0.001234187 -0.02063227 -0.0242302 -0.0006430273 -0.02038778 -0.0242302 -0.001249697 -0.02060007 -0.0241668 -0.0006479643 -0.02036615 -0.0243925 -0.002604217 -0.02377952 -0.0243925 -0.002406987 -0.02434317 -0.0243703 -0.002666037 -0.02379363 -0.0243703 -0.002464117 -0.02437068 -0.0243345 -0.002721497 -0.02380629 -0.0243345 -0.002515367 -0.02439536 -0.024287 -0.002767807 -0.02381686 -0.024287 -0.002558167 -0.02441598 -0.0242302 -0.002802657 -0.02382481 -0.0242302 -0.002590367 -0.02443148 -0.0241668 -0.002824287 -0.02382975 -0.0243925 -4.327295e-06 -0.02051935 -0.0243703 -4.327295e-06 -0.02045595 -0.0243345 -4.327295e-06 -0.02039906 -0.024287 -4.327295e-06 -0.02035156 -0.0242302 -4.327295e-06 -0.02031582 -0.0241668 -4.327295e-06 -0.02029363 -0.0243925 -0.001667017 -0.02110116 -0.0243703 -0.001706557 -0.02105158 -0.0243345 -0.001742017 -0.02100711 -0.024287 -0.001771637 -0.02096997 -0.0242302 -0.001793927 -0.02094203 -0.0242302 -0.002248407 -0.02139651 -0.024287 -0.002220467 -0.0214188 -0.0243345 -0.002183327 -0.02144842 -0.0243703 -0.002138857 -0.02148388 -0.0243925 -0.002089277 -0.02152342 -0.0242302 -0.002590367 -0.02194074 -0.024287 -0.002558167 -0.02195625 -0.0243345 -0.002515367 -0.02197686 -0.0243703 -0.002464117 -0.02200154 -0.0243925 -0.002406987 -0.02202905 -0.0241668 -0.002824287 -0.02254247 -0.0242302 -0.002802657 -0.02254741 -0.024287 -0.002767807 -0.02255536 -0.0243345 -0.002721497 -0.02256593 -0.0243703 -0.002666037 -0.02257859 -0.0243925 -0.002604217 -0.0225927 -0.0243925 -0.002671087 -0.02318611 -0.0243703 -0.002734487 -0.02318611 -0.0243345 -0.002791377 -0.02318611 -0.024287 -0.002838877 -0.02318611 -0.0242302 -0.002874617 -0.02318611 -0.0241668 -0.002896807 -0.02318611 -0.0243925 -0.002089277 -0.0248488 -0.0243703 -0.002138857 -0.02488834 -0.0243345 -0.002183327 -0.0249238 -0.024287 -0.002220467 -0.02495342 -0.0242302 -0.002248407 -0.02497571 -0.0242302 -0.001793927 -0.02543021 -0.024287 -0.001771637 -0.02540221 -0.0243345 -0.001742017 -0.02536511 -0.0243703 -0.001706557 -0.02532061 -0.0243925 -0.001667017 -0.02527111 -0.0242302 -0.001249697 -0.02577211 -0.024287 -0.001234187 -0.02573991 -0.0243345 -0.001213577 -0.02569711 -0.0243703 -0.001188897 -0.02564591 -0.0243925 -0.001161387 -0.02558881 -0.0241668 -0.0006479643 -0.02600611 -0.0242302 -0.0006430273 -0.02598441 -0.024287 -0.0006350733 -0.02594961 -0.0243345 -0.0006245033 -0.02590331 -0.0243703 -0.0006118463 -0.02584781 -0.0243925 -0.0005977363 -0.02578601 -0.0243925 -4.327295e-06 -0.02585291 -0.0243703 -4.327295e-06 -0.02591631 -0.0243345 -4.327295e-06 -0.02597311 -0.024287 -4.327295e-06 -0.02602061 -0.0242302 -4.327295e-06 -0.02605641 -0.0241668 -4.327295e-06 -0.02607861 0.0177574 -0.01100433 0.007813895 0.017732 -0.01100433 0.007813895 0.0177574 -0.01096053 0.007813895 0.01 0.006840973 0.006813895 0.008000001 0.005686273 0.006813895 0.01 0.006840973 0.008813895 0.008000001 0.005686273 0.008813895 0.0164191 -0.01250433 0.003717795 0.0164191 -0.01100433 0.003717795 0.0173571 -0.01250433 0.003433295 0.0173571 -0.01100433 0.003433295 0.0182215 -0.01250433 0.002971195 0.0182215 -0.01100433 0.002971195 -0.007728239 -0.001018547 0.008813895 -0.007728239 -0.001018547 0.01081389 -0.007474999 -0.0009136543 0.008813895 -0.007474999 -0.0009136543 0.01081389 -0.007257539 -0.0007467893 0.008813895 -0.007257539 -0.0007467893 0.01081389 -0.007090669 -0.0005293273 0.008813895 -0.007090669 -0.0005293273 0.01081389 -0.006985779 -0.0002760873 0.008813895 -0.006985779 -0.0002760873 0.01081389 -0.006949999 -4.327295e-06 0.008813895 -0.006949999 -4.327295e-06 0.01081389 -0.006985779 0.0002674327 0.008813895 -0.006985779 0.0002674327 0.01081389 -0.007090669 0.0005206727 0.008813895 -0.007090669 0.0005206727 0.01081389 -0.007257539 0.0007381347 0.008813895 -0.007257539 0.0007381347 0.01081389 -0.007474999 0.0009049997 0.008813895 -0.007474999 0.0009049997 0.01081389 -0.007728239 0.001009893 0.008813895 -0.007728239 0.001009893 0.01081389 0.0187574 -0.009228437 0.006813895 0.0177574 -0.01096053 0.007813895 0.017732 -0.01100433 0.006813895 0.017732 -0.01100433 0.007813895 -0.009999999 -0.006849627 0.006813895 -0.007999999 -0.005694927 0.006813895 -0.009999999 -0.006849627 0.008813895 -0.007999999 -0.005694927 0.008813895 -0.023 0.0005206727 -0.008095435 -0.023 0.0009456727 -0.008831555 -0.023 0.0002674327 -0.008200325 -0.023 0.0004874287 -0.009021365 -0.023 -4.327295e-06 -0.008236105 -0.023 -4.327295e-06 -0.009086105 -0.023 -0.0002760873 -0.008200325 -0.023 -0.0004960833 -0.009021365 -0.023 -0.0005293273 -0.008095435 -0.023 -0.0009543273 -0.008831555 -0.023 -0.0007467893 -0.007928565 -0.023 -0.001347827 -0.008529605 -0.023 -0.0009136543 -0.007711105 -0.023 -0.001649777 -0.008136105 -0.023 -0.001018547 -0.007457865 -0.023 -0.001839587 -0.007677865 -0.023 -0.001054327 -0.007186105 -0.023 -0.001904327 -0.007186105 -0.023 -0.001018547 -0.006914345 -0.023 -0.001839587 -0.006694345 -0.023 -0.0009136543 -0.006661105 -0.023 -0.001649777 -0.006236105 -0.023 -0.0007467893 -0.006443645 -0.023 -0.001347827 -0.005842605 -0.023 -0.0005293273 -0.006276775 -0.023 -0.0009543273 -0.005540655 -0.023 -0.0002760873 -0.006171885 -0.023 -0.0004960833 -0.005350845 -0.023 -4.327295e-06 -0.006136105 -0.023 -4.327295e-06 -0.005286105 -0.023 0.0002674327 -0.006171885 -0.023 0.0004874287 -0.005350845 -0.023 0.0005206727 -0.006276775 -0.023 0.0009456727 -0.005540655 -0.023 0.0007381347 -0.006443645 -0.023 0.001339173 -0.005842605 -0.023 0.0009049997 -0.006661105 -0.023 0.001641123 -0.006236105 -0.023 0.001009893 -0.006914345 -0.023 0.001830933 -0.006694345 -0.023 0.001045673 -0.007186105 -0.023 0.001895673 -0.007186105 -0.023 0.001009893 -0.007457865 -0.023 0.001830933 -0.007677865 -0.023 0.0009049997 -0.007711105 -0.023 0.001641123 -0.008136105 -0.023 0.0007381347 -0.007928565 -0.023 0.001339173 -0.008529605 -0.003199999 -0.009851847 0.006813895 -0.003199999 -0.009851847 0.007813895 -0.003199999 -0.006156807 0.006813895 -0.003199999 -0.006156807 0.007813895 5.663734e-10 0.01030507 0.006813895 0.002000001 0.009150373 0.006813895 5.663734e-10 0.01030507 0.008813895 0.002000001 0.009150373 0.008813895 -0.0142679 0.01099567 0.006813895 -0.0142679 0.01099567 0.007813895 -0.0125359 0.007995673 0.006813895 -0.0125359 0.007995673 0.007813895 0.004950001 -0.002504327 0.006313895 0.004950001 -0.002504327 0.01081389 -0.003199999 0.009843193 0.007813895 -0.001203849 0.01099567 0.007813895 -0.003199999 0.009843193 0.006813895 -0.001203849 0.01099567 0.006813895 -0.001999999 -0.009159027 0.006813895 -0.001999999 -0.006849627 0.006813895 -0.001999999 -0.009159027 0.008813895 -0.001999999 -0.006849627 0.008813895 -0.0177574 0.01099567 0.007813895 -0.017732 0.01099567 0.007813895 -0.0177574 0.01095187 0.007813895 0.023 -0.009018547 -0.01491435 0.021 -0.009018547 -0.01491435 0.021 -0.008954327 -0.0147593 0.023 -0.008913657 -0.01466111 0.021 -0.008913657 -0.01466111 0.023 -0.008746787 -0.01444364 0.021 -0.008746787 -0.01444364 0.023 -0.008529327 -0.01427678 0.021 -0.008529327 -0.01427678 0.023 -0.008276087 -0.01417189 0.021 -0.008276087 -0.01417189 0.023 -0.008004327 -0.01413611 0.021 -0.008004327 -0.01413611 0.023 -0.007732567 -0.01417189 0.021 -0.007732567 -0.01417189 0.023 -0.007479327 -0.01427678 0.021 -0.007479327 -0.01427678 0.023 -0.007261867 -0.01444364 0.021 -0.007261867 -0.01444364 0.023 -0.007094997 -0.01466111 0.021 -0.007094997 -0.01466111 0.023 -0.006990107 -0.01491435 0.021 -0.006990107 -0.01491435 -0.0241 0.0006409837 -0.02601341 -0.024 0.0006896877 -0.02600181 -0.0241 0.0006879787 -0.02599691 -0.024 0.001343373 -0.02575391 -0.0241 0.001253933 -0.02579891 -0.0241 0.001338323 -0.02574591 -0.024 0.001918733 -0.02535681 -0.0241 0.001803793 -0.02545341 -0.0241 0.001909573 -0.02534761 -0.024 0.002382323 -0.0248335 -0.0241 0.002262983 -0.02499423 -0.0241 0.002369173 -0.02482523 -0.0241 0.002608483 -0.02444437 -0.024 0.002707223 -0.02421446 -0.0241 0.002690923 -0.02420876 -0.0241 0.002822963 -0.02383142 -0.024 0.002874533 -0.02353567 -0.0241 0.002856513 -0.02353364 -0.0241 0.002895673 -0.02318611 -0.024 0.002874533 -0.02283655 -0.0241 0.002856513 -0.02283858 -0.0241 0.002822963 -0.0225408 -0.024 0.002707223 -0.02215776 -0.0241 0.002690923 -0.02216346 -0.0241 0.002608483 -0.02192785 -0.024 0.002382323 -0.02153872 -0.0241 0.002369173 -0.02154699 -0.0241 0.002262983 -0.02137799 -0.024 0.001918733 -0.02101543 -0.0241 0.001909573 -0.02102458 -0.0241 0.001803793 -0.0209188 -0.024 0.001343373 -0.02061829 -0.0241 0.001338323 -0.02062632 -0.0241 0.001253933 -0.0205733 -0.024 0.0006896877 -0.02037038 -0.0241 0.0006409837 -0.02035882 -0.0241 0.0006879787 -0.02037526 -0.0244 -0.008954327 -0.01683156 -0.0244 -0.009347827 -0.01652961 -0.0244 -0.009649777 -0.01613611 -0.0244 -0.009839587 -0.01567786 -0.0244 -0.009904327 -0.01518611 -0.0244 -0.009839587 -0.01469435 -0.0244 -0.009649777 -0.01423611 -0.0244 -0.006660827 -0.01652961 -0.0244 -0.007054327 -0.01683156 -0.0244 -0.007512567 -0.01702137 -0.0244 -0.008004327 -0.01708611 -0.0244 -0.008496087 -0.01702137 -0.0244 -0.009347827 -0.01384261 -0.0244 -0.008954327 -0.01354066 -0.0244 -0.008496087 -0.01335085 -0.0244 -0.008004327 -0.01328611 -0.0244 -0.007512567 -0.01335085 -0.0244 -0.007054327 -0.01354066 -0.0244 -0.006660827 -0.01384261 -0.0244 -0.006358877 -0.01423611 -0.0244 -0.006169067 -0.01469435 -0.0244 -0.006104327 -0.01518611 -0.0244 -0.006169067 -0.01567786 -0.0244 -0.006358877 -0.01613611 -0.0209039 -0.01250433 -0.0007670055 -0.0209039 -0.01100433 -0.0007670055 -0.0206194 -0.01250433 0.0001709945 -0.0206194 -0.01100433 0.0001709945 -0.0201573 -0.01250433 0.001035395 -0.0201573 -0.01100433 0.001035395 -0.0195355 -0.01250433 0.001793095 -0.0195355 -0.01100433 0.001793095 0.008000001 0.005686273 0.006813895 0.007662181 0.004495673 0.006813895 0.006000001 0.006840973 0.006813895 0.004800001 0.006148153 0.006813895 0.006000001 0.009150373 0.006813895 0.004800001 0.009843193 0.006813895 0.008000001 0.01030507 0.006813895 0.006796151 0.01099567 0.006813895 0.009203851 0.01099567 0.006813895 0.01 0.009150373 0.006813895 0.0112 0.009843193 0.006813895 0.01 0.006840973 0.006813895 0.0112 0.006148153 0.006813895 0.008337821 0.004495673 0.006813895 -0.009999999 0.006840973 0.006813895 -0.009999999 0.009150373 0.006813895 -0.009999999 0.006840973 0.008813895 -0.009999999 0.009150373 0.008813895 -0.005999999 -0.001159027 0.008813895 -0.005999999 -0.001159027 0.006813895 -0.007999999 -0.002313727 0.008813895 -0.007999999 -0.002313727 0.006813895 0.01 -0.001159027 0.006813895 0.008000001 -0.002313727 0.006813895 0.01 -0.001159027 0.008813895 0.008000001 -0.002313727 0.008813895 -0.0125359 0.007995673 0.007813895 -0.0138102 0.005788483 0.007813895 -0.0125359 0.007995673 0.006813895 -0.0138102 0.005788483 0.006813895 -0.019 -0.005004327 0.01081389 -0.024 -0.005004327 0.005813895 -0.019 -0.01077933 0.01081389 -0.024 -0.009879327 0.005813895 -0.019 -0.01250433 0.01081389 -0.024 -0.01250433 0.005813895 -0.0241668 0.001250673 -0.02058008 -0.0241668 0.001799103 -0.02092468 -0.0241668 0.002257103 -0.02138268 -0.0241668 0.002601703 -0.02193111 -0.0241668 0.002815633 -0.02254247 -0.0241668 0.002888153 -0.02318611 -0.0241668 0.002815633 -0.02382975 -0.0241668 0.001250673 -0.02579211 -0.0241668 0.0006393097 -0.02600611 -0.0243925 0.001658363 -0.02527111 -0.0243925 0.002080623 -0.0248488 -0.0243703 0.001697903 -0.02532061 -0.0243703 0.002130203 -0.02488834 -0.0243345 0.001733363 -0.02536511 -0.0243345 0.002174673 -0.0249238 -0.024287 0.001762983 -0.02540221 -0.0243925 0.001152733 -0.02558881 -0.0243703 0.001180243 -0.02564591 -0.0243345 0.001204923 -0.02569711 -0.024287 0.001225533 -0.02573991 -0.0242302 0.001241043 -0.02577211 -0.0243925 0.0005890817 -0.02578601 -0.0243703 0.0006031917 -0.02584781 -0.0243345 0.0006158487 -0.02590331 -0.024287 0.0006264187 -0.02594961 -0.0242302 0.0006343727 -0.02598441 -0.0242302 0.002239753 -0.02497571 -0.0241668 0.002257103 -0.02498954 -0.0241668 0.001799103 -0.02544751 -0.024287 0.002211813 -0.02495342 -0.0242302 0.001785273 -0.02543021 -0.0241668 0.002601703 -0.02444111 -0.0242302 0.002581713 -0.02443148 -0.024287 0.002549513 -0.02441598 -0.0243345 0.002506713 -0.02439536 -0.0243703 0.002455463 -0.02437068 -0.0243925 0.002398333 -0.02434317 -0.0243925 0.002595563 -0.02377952 -0.0243703 0.002657383 -0.02379363 -0.0243345 0.002712843 -0.02380629 -0.024287 0.002759153 -0.02381686 -0.0242302 0.002794003 -0.02382481 -0.0243925 0.002662433 -0.02318611 -0.0243703 0.002725833 -0.02318611 -0.0243345 0.002782723 -0.02318611 -0.024287 0.002830223 -0.02318611 -0.0242302 0.002865963 -0.02318611 -0.0242302 0.002794003 -0.02254741 -0.024287 0.002759153 -0.02255536 -0.0243345 0.002712843 -0.02256593 -0.0243703 0.002657383 -0.02257859 -0.0243925 0.002595563 -0.0225927 -0.0242302 0.002581713 -0.02194074 -0.024287 0.002549513 -0.02195625 -0.0243345 0.002506713 -0.02197686 -0.0243703 0.002455463 -0.02200154 -0.0243925 0.002398333 -0.02202905 -0.0242302 0.002239753 -0.02139651 -0.024287 0.002211813 -0.0214188 -0.0243345 0.002174673 -0.02144842 -0.0243703 0.002130203 -0.02148388 -0.0243925 0.002080623 -0.02152342 -0.0242302 0.001785273 -0.02094203 -0.024287 0.001762983 -0.02096997 -0.0243345 0.001733363 -0.02100711 -0.0243703 0.001697903 -0.02105158 -0.0243925 0.001658363 -0.02110116 -0.0242302 0.001241043 -0.02060007 -0.024287 0.001225533 -0.02063227 -0.0243345 0.001204923 -0.02067507 -0.0243703 0.001180243 -0.02072632 -0.0243925 0.001152733 -0.02078345 -0.0241668 0.0006393097 -0.02036615 -0.0242302 0.0006343727 -0.02038778 -0.024287 0.0006264187 -0.02042263 -0.0243345 0.0006158487 -0.02046894 -0.0243703 0.0006031917 -0.0205244 -0.0243925 0.0005890817 -0.02058622 0.024 -0.005004327 0.005813895 0.019 -0.005004327 0.01081389 0.024 -0.009879327 0.005813895 0.019 -0.01077933 0.01081389 0.024 -0.01250433 0.005813895 0.019 -0.01250433 0.01081389 0.023 -0.001839587 -0.007677865 0.0244 -0.001839587 -0.007677865 0.023 -0.001649777 -0.008136105 0.0244 -0.001649777 -0.008136105 0.023 -0.001347827 -0.008529605 0.0244 -0.001347827 -0.008529605 0.023 -0.0009543273 -0.008831555 0.0244 -0.0009543273 -0.008831555 0.023 -0.0004960833 -0.009021365 0.0244 -0.0004960833 -0.009021365 0.023 -4.327295e-06 -0.009086105 0.0244 -4.327295e-06 -0.009086105 0.023 0.0004874287 -0.009021365 0.0244 0.0004874287 -0.009021365 0.023 0.0009456727 -0.008831555 0.0244 0.0009456727 -0.008831555 0.023 0.001339173 -0.008529605 0.0244 0.001339173 -0.008529605 0.023 0.001641123 -0.008136105 0.0244 0.001641123 -0.008136105 0.023 0.001830933 -0.007677865 0.0244 0.001830933 -0.007677865 -0.007999999 -0.01031373 0.006813895 -0.009203849 -0.01100433 0.006813895 -0.009999999 -0.009159027 0.006813895 -0.0112 -0.009851847 0.006813895 -0.009999999 -0.006849627 0.006813895 -0.0112 -0.006156807 0.006813895 -0.007999999 -0.005694927 0.006813895 -0.008337819 -0.004504327 0.006813895 -0.007662179 -0.004504327 0.006813895 -0.005999999 -0.006849627 0.006813895 -0.004799999 -0.006156807 0.006813895 -0.005999999 -0.009159027 0.006813895 -0.004799999 -0.009851847 0.006813895 -0.006796149 -0.01100433 0.006813895 0.01 -0.009159027 0.006813895 0.008000001 -0.01031373 0.006813895 0.01 -0.009159027 0.008813895 0.008000001 -0.01031373 0.008813895 0.008000001 0.01030507 0.006813895 0.01 0.009150373 0.006813895 0.008000001 0.01030507 0.008813895 0.01 0.009150373 0.008813895 0.021 0.008816713 0.001033895 0.024 0.008816713 0.001033895 0.021 0.008731793 0.001238895 0.024 0.008731793 0.001238895 0.021 0.008596713 0.001414895 0.024 0.008596713 0.001414895 0.021 0.008420673 0.001549995 0.024 0.008420673 0.001549995 0.021 0.008215673 0.001634895 0.024 0.008215673 0.001634895 0.021 0.007995673 0.001663895 0.024 0.007995673 0.001663895 0.021 0.007775673 0.001634895 0.024 0.007775673 0.001634895 0.021 0.007570673 0.001549995 0.024 0.007570673 0.001549995 0.021 0.007394633 0.001414895 0.024 0.007394633 0.001414895 0.021 0.007259553 0.001238895 0.024 0.007259553 0.001238895 0.021 0.007174633 0.001033895 0.024 0.007174633 0.001033895 0.021 0.001030953 -0.01904981 0.024 0.001030953 -0.01904981 0.021 0.001995673 -0.01865021 0.024 0.001995673 -0.01865021 0.024 0.002014053 -0.01863611 0.021 0.002520673 -0.01824736 0.024 0.002824103 -0.01801454 0.021 0.002824103 -0.01801454 0.021 0.003056923 -0.01771111 0.024 0.003445673 -0.01720449 0.021 0.003459773 -0.01718611 0.024 0.003459773 -0.01718611 0.021 0.003859373 -0.01622139 0.024 0.003859373 -0.01622139 0.021 0.003995673 -0.01518611 0.024 0.003995673 -0.01518611 0.021 0.003859373 -0.01415083 0.024 0.003859373 -0.01415083 0.021 0.003459773 -0.01318611 0.024 0.003459773 -0.01318611 0.024 0.003445673 -0.01316773 0.021 0.002824103 -0.01235768 0.024 0.002824103 -0.01235768 0.021 0.002520673 -0.01212486 0.024 0.001995673 -0.01172201 0.024 0.001030953 -0.01132241 0.021 0.001030953 -0.01132241 0.021 0.001995673 -0.01172201 0.0185196 0.004995673 0.002808995 0.0190964 0.004995673 0.002117595 0.021 0.004995673 0.003813895 0.0145956 0.004995673 0.007813895 0.019 0.004995673 0.007813895 0.024 0.004995673 0.003813895 0.019 0.004995673 0.01081389 0.024 0.004995673 0.005813895 0.0145956 0.004995673 0.006033095 0.0148571 0.004995673 0.005933295 0.0158026 0.004995673 0.005415895 0.0164792 0.004995673 0.004849395 0.0195398 0.004995673 0.001333895 0.0198355 0.004995673 0.0004833945 0.021 0.004995673 -0.003086105 0.021 0.004995673 -0.004186105 0.024 0.01249567 0.005813895 0.019 0.01249567 0.01081389 0.024 0.006120673 0.005813895 0.019 0.005470673 0.01081389 0.024 0.004995673 0.005813895 0.019 0.004995673 0.01081389 -0.0189792 -0.01250433 0.002349395 -0.0189792 -0.01100433 0.002349395 0.023 0.006981453 -0.01491435 0.021 0.006981453 -0.01491435 0.021 0.007045673 -0.0147593 0.023 0.007086343 -0.01466111 0.021 0.007086343 -0.01466111 0.023 0.007253213 -0.01444364 0.021 0.007253213 -0.01444364 0.023 0.007470673 -0.01427678 0.021 0.007470673 -0.01427678 0.023 0.007723913 -0.01417189 0.021 0.007723913 -0.01417189 0.023 0.007995673 -0.01413611 0.021 0.007995673 -0.01413611 0.023 0.008267433 -0.01417189 0.021 0.008267433 -0.01417189 0.023 0.008520673 -0.01427678 0.021 0.008520673 -0.01427678 0.023 0.008738133 -0.01444364 0.021 0.008738133 -0.01444364 0.023 0.008905003 -0.01466111 0.021 0.008905003 -0.01466111 0.023 0.009009893 -0.01491435 0.021 0.009009893 -0.01491435 -0.021 -0.001018547 -0.02291435 -0.023 -0.001018547 -0.02291435 -0.021 -0.0009136543 -0.02266111 -0.023 -0.0009136543 -0.02266111 -0.021 -0.0007467893 -0.02244365 -0.023 -0.0007467893 -0.02244365 -0.021 -0.0005293273 -0.02227678 -0.023 -0.0005293273 -0.02227678 -0.021 -0.0002760873 -0.02217189 -0.023 -0.0002760873 -0.02217189 -0.021 -4.327295e-06 -0.02213611 -0.023 -4.327295e-06 -0.02213611 -0.021 0.0002674327 -0.02217189 -0.023 0.0002674327 -0.02217189 -0.021 0.0005206727 -0.02227678 -0.023 0.0005206727 -0.02227678 -0.021 0.0007381347 -0.02244365 -0.023 0.0007381347 -0.02244365 -0.021 0.0009049997 -0.02266111 -0.023 0.0009049997 -0.02266111 -0.021 0.001009893 -0.02291435 -0.023 0.001009893 -0.02291435 -0.021 0.009009893 -0.01545787 -0.023 0.009009893 -0.01545787 -0.021 0.008905003 -0.01571111 -0.023 0.008905003 -0.01571111 -0.021 0.008738133 -0.01592857 -0.023 0.008738133 -0.01592857 -0.021 0.008520673 -0.01609543 -0.023 0.008520673 -0.01609543 -0.021 0.008267433 -0.01620033 -0.023 0.008267433 -0.01620033 -0.021 0.007995673 -0.01623611 -0.023 0.007995673 -0.01623611 -0.021 0.007723913 -0.01620033 -0.023 0.007723913 -0.01620033 -0.021 0.007470673 -0.01609543 -0.023 0.007470673 -0.01609543 -0.021 0.007253213 -0.01592857 -0.023 0.007253213 -0.01592857 -0.021 0.007086343 -0.01571111 -0.023 0.007086343 -0.01571111 -0.021 0.007045673 -0.01561291 -0.023 0.006981453 -0.01545787 -0.021 0.006981453 -0.01545787 -0.024 -0.01167753 -0.01063611 -0.021 -0.01179613 -0.009711105 -0.024 -0.01250433 -0.004186105 -0.021 -0.01250433 -0.004186105 0.024 0.01166887 -0.01063611 0.021 0.01178747 -0.009711105 0.024 0.01249567 -0.004186105 0.021 0.01249567 -0.004186105 0.0144338 0.005995673 0.006813895 0.0144338 0.005995673 0.006086695 0.0138102 0.005788483 0.006813895 0.0138613 0.005805453 0.006229295 0.009919111 0.004495673 0.006313895 0.009919111 0.004495673 0.007813895 0.0129437 0.005500563 0.006313895 0.0138102 0.005788483 0.007813895 0.0132786 0.005611843 0.006302795 0.0138223 0.005792493 0.006234195 -0.007999999 0.01030507 0.006813895 -0.005999999 0.009150373 0.006813895 -0.007999999 0.01030507 0.008813895 -0.005999999 0.009150373 0.008813895 -0.002645749 0.002995673 0.009313895 0.002645751 0.002995673 0.009313895 0.001853581 0.003540283 0.009313895 0.0009543516 0.003880153 0.009313895 5.663734e-10 0.003995673 0.009313895 -0.0009543504 0.003880153 0.009313895 -0.001853579 0.003540283 0.009313895 0.003200001 -0.006156807 0.006813895 0.003200001 -0.006156807 0.007813895 0.003200001 -0.009851847 0.006813895 0.003200001 -0.009851847 0.007813895 0.0112 -0.006156807 0.007813895 0.008337821 -0.004504327 0.007813895 0.009919111 -0.004504327 0.007813895 0.0138102 -0.005797137 0.007813895 0.0125359 -0.008004327 0.007813895 0.0112 -0.009851847 0.007813895 0.0142679 -0.01100433 0.007813895 0.009203851 -0.01100433 0.007813895 -0.023 0.0004874287 -0.02135085 -0.0244 0.0004874287 -0.02135085 -0.023 0.0009456727 -0.02154066 -0.0244 0.0009456727 -0.02154066 -0.023 0.001339173 -0.02184261 -0.0244 0.001339173 -0.02184261 -0.023 0.001641123 -0.02223611 -0.0244 0.001641123 -0.02223611 -0.023 0.001830933 -0.02269435 -0.0244 0.001830933 -0.02269435 -0.023 0.001895673 -0.02318611 -0.0244 0.001895673 -0.02318611 -0.023 0.001830933 -0.02367787 -0.0244 0.001830933 -0.02367787 -0.023 0.001641123 -0.02413611 -0.0244 0.001641123 -0.02413611 -0.023 0.001339173 -0.02452961 -0.0244 0.001339173 -0.02452961 -0.023 0.0009456727 -0.02483156 -0.0244 0.0009456727 -0.02483156 -0.023 0.0004874287 -0.02502137 -0.0244 0.0004874287 -0.02502137 -0.003199999 -0.009851847 0.006813895 -0.001203849 -0.01100433 0.006813895 -0.003199999 -0.009851847 0.007813895 -0.001203849 -0.01100433 0.007813895 0.0177574 -0.01100433 0.007813895 0.0177574 -0.01096053 0.007813895 0.021 -0.01100433 0.004571295 0.0187574 -0.009228437 0.006813895 0.021 -0.008954327 0.004571295 0.0187574 -0.006780217 0.006813895 0.021 -0.006004327 0.004571295 0.0183094 -0.006004327 0.007261895 0.007662181 0.004495673 0.007813895 0.0003378226 0.004495673 0.007813895 0.003200001 0.006148153 0.007813895 0.001203851 0.01099567 0.007813895 0.006796151 0.01099567 0.007813895 0.003200001 0.009843193 0.007813895 0.004800001 0.009843193 0.007813895 0.004800001 0.006148153 0.007813895 -0.021 -0.001018547 -0.006914345 -0.023 -0.001018547 -0.006914345 -0.021 -0.0009136543 -0.006661105 -0.023 -0.0009136543 -0.006661105 -0.021 -0.0007467893 -0.006443645 -0.023 -0.0007467893 -0.006443645 -0.021 -0.0005293273 -0.006276775 -0.023 -0.0005293273 -0.006276775 -0.021 -0.0002760873 -0.006171885 -0.023 -0.0002760873 -0.006171885 -0.021 -4.327295e-06 -0.006136105 -0.023 -4.327295e-06 -0.006136105 -0.021 0.0002674327 -0.006171885 -0.023 0.0002674327 -0.006171885 -0.021 0.0005206727 -0.006276775 -0.023 0.0005206727 -0.006276775 -0.021 0.0007381347 -0.006443645 -0.023 0.0007381347 -0.006443645 -0.021 0.0009049997 -0.006661105 -0.023 0.0009049997 -0.006661105 -0.021 0.001009893 -0.006914345 -0.023 0.001009893 -0.006914345 0.0125359 0.007995673 0.006813895 0.0138102 0.005788483 0.006813895 0.0125359 0.007995673 0.007813895 0.0138102 0.005788483 0.007813895 -0.009999999 0.001150373 0.006813895 -0.007999999 0.002305073 0.006813895 -0.009999999 0.001150373 0.008813895 -0.007999999 0.002305073 0.008813895 -0.007662179 -0.003504327 0.007813895 -0.005999999 -0.003504327 0.007813895 -0.007662179 -0.003504327 0.006813895 -0.005999999 -0.003504327 0.006313895 -0.008337819 -0.003504327 0.006813895 -0.0100809 -0.003504327 0.006313895 -0.008337819 -0.003504327 0.007813895 -0.0100809 -0.003504327 0.007813895 0.023 -0.006169067 -0.01469435 0.0244 -0.006169067 -0.01469435 0.023 -0.006358877 -0.01423611 0.0244 -0.006358877 -0.01423611 0.023 -0.006660827 -0.01384261 0.0244 -0.006660827 -0.01384261 0.023 -0.007054327 -0.01354066 0.0244 -0.007054327 -0.01354066 0.023 -0.007512567 -0.01335085 0.0244 -0.007512567 -0.01335085 0.023 -0.008004327 -0.01328611 0.0244 -0.008004327 -0.01328611 0.023 -0.008496087 -0.01335085 0.0244 -0.008496087 -0.01335085 0.023 -0.008954327 -0.01354066 0.0244 -0.008954327 -0.01354066 0.023 -0.009347827 -0.01384261 0.0244 -0.009347827 -0.01384261 0.023 -0.009649777 -0.01423611 0.0244 -0.009649777 -0.01423611 0.023 -0.009839587 -0.01469435 0.0244 -0.009839587 -0.01469435 0.023 0.006160413 -0.01567786 0.0244 0.006160413 -0.01567786 0.023 0.006350223 -0.01613611 0.0244 0.006350223 -0.01613611 0.023 0.006652173 -0.01652961 0.0244 0.006652173 -0.01652961 0.023 0.007045673 -0.01683156 0.0244 0.007045673 -0.01683156 0.023 0.007503913 -0.01702137 0.0244 0.007503913 -0.01702137 0.023 0.007995673 -0.01708611 0.0244 0.007995673 -0.01708611 0.023 0.008487433 -0.01702137 0.0244 0.008487433 -0.01702137 0.023 0.008945673 -0.01683156 0.0244 0.008945673 -0.01683156 0.023 0.009339173 -0.01652961 0.0244 0.009339173 -0.01652961 0.023 0.009641123 -0.01613611 0.0244 0.009641123 -0.01613611 0.023 0.009830933 -0.01567786 0.0244 0.009830933 -0.01567786 0.021 0.004995673 -0.004186105 0.021 0.005470673 -0.004186105 0.021 0.005995673 -0.004186105 -0.007999999 0.002305073 0.008813895 -0.007999999 0.002305073 0.006813895 -0.005999999 0.001150373 0.008813895 -0.005999999 0.001150373 0.006813895 0.008000001 0.009045673 0.008813895 0.008000001 0.009045673 0.01081389 0.007728241 0.009009893 0.008813895 0.007728241 0.009009893 0.01081389 0.007475001 0.008905003 0.008813895 0.007475001 0.008905003 0.01081389 0.007257541 0.008738133 0.008813895 0.007257541 0.008738133 0.01081389 0.007090671 0.008520673 0.008813895 0.007090671 0.008520673 0.01081389 0.006985781 0.008267433 0.008813895 0.006985781 0.008267433 0.01081389 0.006950001 0.007995673 0.008813895 0.006950001 0.007995673 0.01081389 0.006985781 0.007723913 0.008813895 0.006985781 0.007723913 0.01081389 0.007090671 0.007470673 0.008813895 0.007090671 0.007470673 0.01081389 0.007257541 0.007253213 0.008813895 0.007257541 0.007253213 0.01081389 0.007475001 0.007086343 0.008813895 0.007475001 0.007086343 0.01081389 0.007728241 0.006981453 0.008813895 0.007728241 0.006981453 0.01081389 0.008000001 0.006945673 0.008813895 0.008000001 0.006945673 0.01081389 0.023 0.001895673 -0.02318611 0.0244 0.001895673 -0.02318611 0.023 0.001830933 -0.02269435 0.0244 0.001830933 -0.02269435 0.023 0.001641123 -0.02223611 0.0244 0.001641123 -0.02223611 0.023 0.001339173 -0.02184261 0.0244 0.001339173 -0.02184261 0.023 0.0009456727 -0.02154066 0.0244 0.0009456727 -0.02154066 0.023 0.0004874287 -0.02135085 0.0244 0.0004874287 -0.02135085 0.023 -4.327295e-06 -0.02128611 0.0244 -4.327295e-06 -0.02128611 0.023 -0.0004960833 -0.02135085 0.0244 -0.0004960833 -0.02135085 0.023 -0.0009543273 -0.02154066 0.0244 -0.0009543273 -0.02154066 0.023 -0.001347827 -0.02184261 0.0244 -0.001347827 -0.02184261 0.023 -0.001649777 -0.02223611 0.0244 -0.001649777 -0.02223611 0.023 -0.001839587 -0.02269435 0.0244 -0.001839587 -0.02269435 0.023 -0.001904327 -0.02318611 0.0244 -0.001904327 -0.02318611 -0.018025 -0.002101037 0.01081389 -0.0182588 -0.002070257 0.007813895 -0.0182588 -0.002070257 0.01081389 -0.0185 -0.001970357 0.01081389 -0.0185 -0.001970357 0.007813895 -0.0187071 -0.001811437 0.01081389 -0.0187071 -0.001811437 0.007813895 -0.018866 -0.001604327 0.01081389 -0.018866 -0.001604327 0.007813895 -0.0189659 -0.001363147 0.01081389 -0.0189659 -0.001363147 0.007813895 0.024 -0.002805507 -0.006435525 0.024 -0.002904327 -0.007186105 0.024 -0.002515797 -0.005736105 0.024 -0.002054937 -0.005135505 0.024 -0.001454327 -0.004674605 0.024 -0.0007549023 -0.004384905 0.024 -4.327294e-06 -0.004286105 0.024 0.0007462477 -0.004384905 0.024 0.001445673 -0.004674605 0.024 0.002046283 -0.005135505 0.024 0.002507143 -0.005736105 0.024 0.002796853 -0.006435525 0.024 0.002895673 -0.007186105 0.008271761 0.006981453 0.008813895 0.008271761 0.006981453 0.01081389 0.008525001 0.007086343 0.008813895 0.008525001 0.007086343 0.01081389 0.008742461 0.007253213 0.008813895 0.008742461 0.007253213 0.01081389 0.008909331 0.007470673 0.008813895 0.008909331 0.007470673 0.01081389 0.009014221 0.007723913 0.008813895 0.009014221 0.007723913 0.01081389 0.009050001 0.007995673 0.008813895 0.009050001 0.007995673 0.01081389 0.009014221 0.008267433 0.008813895 0.009014221 0.008267433 0.01081389 0.008909331 0.008520673 0.008813895 0.008909331 0.008520673 0.01081389 0.008742461 0.008738133 0.008813895 0.008742461 0.008738133 0.01081389 0.008525001 0.008905003 0.008813895 0.008525001 0.008905003 0.01081389 0.008271761 0.009009893 0.008813895 0.008271761 0.009009893 0.01081389 -0.021 0.005995673 0.004571295 -0.0183094 0.005995673 0.007261895 -0.0183094 0.005995673 0.006813895 -0.0185196 0.005995673 0.002808995 -0.0190964 0.005995673 0.002117595 -0.0144338 0.005995673 0.006813895 -0.0144338 0.005995673 0.006086695 -0.0148453 0.005995673 0.006813895 -0.0148571 0.005995673 0.005933295 -0.0158026 0.005995673 0.005415895 -0.0164792 0.005995673 0.004849395 -0.0171547 0.005995673 0.006813895 -0.0171547 0.005995673 0.008813895 -0.0148453 0.005995673 0.008813895 -0.0195398 0.005995673 0.001333895 -0.0198355 0.005995673 0.0004833945 -0.021 0.005995673 -0.003086105 -0.021 0.005995673 -0.004186105 -0.0148453 -0.01000433 0.006813895 -0.0171547 -0.01000433 0.006813895 -0.0148453 -0.01000433 0.008813895 -0.0171547 -0.01000433 0.008813895 -0.0182215 -0.01250433 0.002971195 -0.0182215 -0.01100433 0.002971195 -0.0173571 -0.01250433 0.003433295 -0.0173571 -0.01100433 0.003433295 -0.0164191 -0.01250433 0.003717795 -0.0164191 -0.01100433 0.003717795 0.004579411 -0.002987287 0.006313895 0.004579411 -0.002987287 0.01081389 0.004700001 -0.002937337 0.006313895 0.004700001 -0.002937337 0.01081389 0.004803551 -0.002857877 0.006313895 0.004803551 -0.002857877 0.01081389 0.004883011 -0.002754327 0.006313895 0.004883011 -0.002754327 0.01081389 0.004932961 -0.002633737 0.006313895 0.004946711 -0.002529327 0.01081389 0.004932961 -0.002633737 0.01081389 -0.0168 -0.003504327 0.01081389 -0.0168 -0.003504327 0.007813895 -0.01705 -0.008004327 0.008813895 -0.01705 -0.008004327 0.01081389 -0.0170142 -0.008276087 0.008813895 -0.0170142 -0.008276087 0.01081389 -0.0169093 -0.008529327 0.008813895 -0.0169093 -0.008529327 0.01081389 -0.0167425 -0.008746787 0.008813895 -0.0167425 -0.008746787 0.01081389 -0.016525 -0.008913657 0.008813895 -0.016525 -0.008913657 0.01081389 -0.0162718 -0.009018547 0.008813895 -0.0162718 -0.009018547 0.01081389 -0.016 -0.009054327 0.008813895 -0.016 -0.009054327 0.01081389 -0.0157282 -0.009018547 0.008813895 -0.0157282 -0.009018547 0.01081389 -0.015475 -0.008913657 0.008813895 -0.015475 -0.008913657 0.01081389 -0.0152575 -0.008746787 0.008813895 -0.0152575 -0.008746787 0.01081389 -0.0150907 -0.008529327 0.008813895 -0.0150907 -0.008529327 0.01081389 -0.0149858 -0.008276087 0.008813895 -0.0149858 -0.008276087 0.01081389 -0.01495 -0.008004327 0.008813895 -0.01495 -0.008004327 0.01081389 0.023 -0.001839587 -0.02367787 0.0244 -0.001839587 -0.02367787 0.023 -0.001649777 -0.02413611 0.0244 -0.001649777 -0.02413611 0.023 -0.001347827 -0.02452961 0.0244 -0.001347827 -0.02452961 0.023 -0.0009543273 -0.02483156 0.0244 -0.0009543273 -0.02483156 0.023 -0.0004960833 -0.02502137 0.0244 -0.0004960833 -0.02502137 0.023 -4.327295e-06 -0.02508611 0.0244 -4.327295e-06 -0.02508611 0.023 0.0004874287 -0.02502137 0.0244 0.0004874287 -0.02502137 0.023 0.0009456727 -0.02483156 0.0244 0.0009456727 -0.02483156 0.023 0.001339173 -0.02452961 0.0244 0.001339173 -0.02452961 0.023 0.001641123 -0.02413611 0.0244 0.001641123 -0.02413611 0.023 0.001830933 -0.02367787 0.0244 0.001830933 -0.02367787 -0.0164792 0.004995673 0.004849395 -0.0158026 0.004995673 0.005415895 -0.0145956 0.004995673 0.007813895 -0.0148571 0.004995673 0.005933295 -0.0145956 0.004995673 0.006033095 -0.0195398 0.004995673 0.001333895 -0.0190964 0.004995673 0.002117595 -0.021 0.004995673 0.003813895 -0.0185196 0.004995673 0.002808995 -0.0198355 0.004995673 0.0004833945 -0.021 0.004995673 -0.003086105 -0.021 0.004995673 -0.004186105 -0.024 0.004995673 0.003813895 -0.019 0.004995673 0.007813895 -0.024 0.004995673 0.005813895 -0.019 0.004995673 0.01081389 0.024 0.002811403 -0.007880125 0.024 0.002563493 -0.008533805 0.024 0.002166353 -0.009109165 0.024 0.001643063 -0.009572755 0.024 0.001024023 -0.009897655 0.024 0.0003452287 -0.01006497 0.024 -0.0003538833 -0.01006497 0.024 -0.001032677 -0.009897655 0.024 -0.001651717 -0.009572755 0.024 -0.002175007 -0.009109165 0.024 -0.002572147 -0.008533805 0.024 -0.002820057 -0.007880125 -0.0148681 -0.002021967 0.01081389 -0.0148681 -0.002021967 0.007813895 -0.0150679 -0.002504327 0.01081389 -0.0150679 -0.002504327 0.007813895 -0.0150871 -0.002529327 0.01081389 -0.0153858 -0.002918537 0.007813895 -0.0162824 -0.003436177 0.007813895 -0.0162824 -0.003436177 0.01081389 -0.0158 -0.003236377 0.007813895 -0.0158 -0.003236377 0.01081389 -0.0153858 -0.002918537 0.01081389 -0.0149858 -0.007732567 0.008813895 -0.0149858 -0.007732567 0.01081389 -0.0150907 -0.007479327 0.008813895 -0.0150907 -0.007479327 0.01081389 -0.0152575 -0.007261867 0.008813895 -0.0152575 -0.007261867 0.01081389 -0.015475 -0.007094997 0.008813895 -0.015475 -0.007094997 0.01081389 -0.0157282 -0.006990107 0.008813895 -0.0157282 -0.006990107 0.01081389 -0.016 -0.006954327 0.008813895 -0.016 -0.006954327 0.01081389 -0.0162718 -0.006990107 0.008813895 -0.0162718 -0.006990107 0.01081389 -0.016525 -0.007094997 0.008813895 -0.016525 -0.007094997 0.01081389 -0.0167425 -0.007261867 0.008813895 -0.0167425 -0.007261867 0.01081389 -0.0169093 -0.007479327 0.008813895 -0.0169093 -0.007479327 0.01081389 -0.0170142 -0.007732567 0.008813895 -0.0170142 -0.007732567 0.01081389 -0.0145956 0.004995673 0.006033095 -0.0140277 0.004806993 0.006195395 -0.0145956 0.004995673 0.007813895 -0.0138213 0.004738413 0.006228695 -0.0100809 0.003495673 0.006313895 -0.0100809 0.003495673 0.007813895 -0.0129437 0.004446813 0.006313895 -0.0134486 0.004614573 0.006288695 -0.021 -0.005004327 -0.004186105 -0.021 -0.005479327 -0.004186105 -0.021 -0.006004327 -0.004186105</float_array>
          <technique_common>
            <accessor count="8387" source="#verts-array-array" stride="3">
              <param type="float" name="X"/>
              <param type="float" name="Y"/>
              <param type="float" name="Z"/>
            </accessor>
          </technique_common>
        </source>
        <source id="normals-array">
          <float_array count="25161" id="normals-array-array">-0.3153006 0.9489918 0 -0.3152995 0.9489922 3.791878e-06 -0.3153024 0.9489912 7.634853e-08 -0.3153011 0.9489917 1.176718e-05 -0.3153362 0.94898 -2.428418e-05 -0.3153208 0.9489851 -2.247329e-05 -0.3152741 0.9490006 7.000164e-06 -0.3152955 0.9489935 0 -0.5000007 0.866025 0 -0.5000007 0.866025 0 -0.5000007 0.866025 0 -0.5000007 0.866025 0 0 0 -1 0 0 -1 0 0 -1 0 0 -1 0 0 -1 0 0 -1 0 0 -1 0 0 -1 0 0 -1 0 0 -1 0 0 -1 0 0 -1 0 0 -1 0 0 -1 0 0 -1 0 0 -1 0 0 -1 0 0 -1 0 0 -1 0 0 -1 0 0 -1 0 0 -1 0 0 -1 0 0 -1 0 0 -1 0 0 -1 0 0 -1 0 0 -1 0 0 -1 0 0 -1 0 0 -1 0 0 -1 0 0 -1 0 0 -1 0 0 -1 0 0 -1 0 0 -1 0 0 -1 0 0 -1 0 0 -1 0 0 -1 0 0 -1 0 0 -1 0 0 -1 0.1058224 0.9385364 0.3285591 -0.01010126 0.9085922 0.4175622 0.2210292 0.8787036 0.4231148 0.135987 0.8388796 0.5270565 -0.02863193 0.7854588 0.6182513 0.2206685 0.7625454 0.6081365 0.1454147 0.6996051 0.6995765 -0.02880598 0.6182214 0.785476 0.2207853 0.6081032 0.7625381 0.1356263 0.5271145 0.8389016 -0.06750258 0.397247 0.9152258 0.2208109 0.4231792 0.8787274 0.1059406 -0.3284155 0.9385733 -0.01036652 -0.4176476 0.90855 0.2208103 -0.4231791 0.8787277 0.1356263 -0.5271145 0.8389016 -0.03248051 -0.6258254 0.7792866 0.2207953 -0.6080964 0.7625406 0.1261576 -0.6844817 0.7180313 -0.0287961 -0.7854864 0.6182086 0.2207951 -0.7625405 0.6080967 0.1356263 -0.8389016 0.5271145 -0.06750174 -0.9152259 0.3972469 0.2208109 -0.8787278 0.4231785 0.9982049 -0.05839016 0.01332734 0.9982046 -0.05396443 0.02598835 0.9731813 -0.2242718 0.05118876 0.9731799 -0.2072633 0.09981381 0.8976371 -0.429685 0.09807408 0.8976306 -0.397101 0.1912332 0.7777434 -0.6128215 0.1398749 0.7777459 -0.5663299 0.2727302 0.6199168 -0.7649942 0.1746055 0.6199018 -0.7069718 0.3404593 0.4311119 -0.8796757 0.2007815 0.431098 -0.8129479 0.3914974 0.2207686 -0.9508733 0.2170282 0.9982049 0.0133267 0.05838926 0.9982046 0.02598836 0.05396442 0.9731815 0.05118881 0.224271 0.9731799 0.09981386 0.2072633 0.8976383 0.09807259 0.4296828 0.8976306 0.1912334 0.3971008 0.7777448 0.1398755 0.6128196 0.7777606 0.2727186 0.5663153 0.6199128 0.1746076 0.7649969 0.619896 0.3404694 0.7069721 0.431111 0.2007778 0.879677 0.4310754 0.3915004 0.8129584 0.2207667 0.2170317 0.9508729 0.9982052 -0.05988709 -3.113762e-07 0.9731765 -0.2300597 1.230299e-06 0.8976347 -0.4407403 2.058457e-07 0.7777496 -0.6285743 -3.967789e-07 0.619883 -0.7846942 2.323553e-06 0.4311034 -0.9023025 4.215547e-07 0.2207959 -0.97532 -1.73674e-06 0.05284246 -0.9985936 0.004303794 0.01417183 -0.9809443 0.1937714 0.09718415 -0.9351024 0.3407914 0.9982048 -0.04682581 0.03734246 0.973185 -0.1798407 0.1434168 0.8976268 -0.3445971 0.2748072 0.7777366 -0.4914529 0.391918 0.6199115 -0.6134836 0.4892316 0.4310984 -0.7054477 0.5625813 0.4310982 -0.5625811 0.705448 0.6199114 -0.4892319 0.6134835 0.7777372 -0.3919171 0.4914527 0.8976262 -0.2748076 0.3445984 0.9731851 -0.1434175 0.1798395 0.9982048 -0.03734255 0.04682558 0.431099 -0.391497 0.8129476 0.6199004 -0.3404592 0.7069731 0.7777472 -0.2727309 0.5663278 0.8976298 -0.1912337 0.3971025 0.97318 -0.09981211 0.2072635 0.9982046 -0.02598792 0.05396469 0.02462078 -0.2001804 0.9794496 0.2207668 -0.2170298 0.9508733 0.4311108 -0.20078 0.8796766 0.6199119 -0.1746118 0.7649967 0.7777459 -0.1398746 0.6128184 0.8976375 -0.09807417 0.429684 0.9731818 -0.05119017 0.2242696 0.9982049 -0.01332679 0.05838959 0.9982052 -2.823888e-07 0.0598871 0.9731765 1.251394e-06 0.2300597 0.8976347 2.818163e-07 0.4407402 0.7777496 -3.400244e-07 0.6285742 0.619883 2.168692e-06 0.7846943 0.4311033 4.12967e-07 0.9023026 0.2207959 -1.79187e-06 0.97532 0.05284044 0.004306415 0.9985937 0.01412042 0.1937688 0.9809456 0.09713992 0.3407898 0.9351075 0.9982049 0.0373407 0.04682612 0.9731855 0.1434101 0.1798433 0.8976242 0.2748117 0.3446004 0.7777391 0.3919204 0.4914472 0.6199062 0.4892439 0.6134792 0.4311067 0.5625807 0.7054431 0.431098 0.7054831 0.5625372 0.6200277 0.6134017 0.489187 0.77768 0.491526 0.3919387 0.8976078 0.344616 0.2748455 0.9731495 0.1799667 0.1434992 0.9982051 0.04682249 0.03733946 0.4311394 0.8129279 0.3914934 0.6199088 0.7069587 0.340474 0.7776475 0.5664318 0.272799 0.8975223 0.3973069 0.1913137 0.9731719 0.207296 0.0998236 0.9982075 0.05392015 0.0259685 0.02449235 0.979429 0.2002972 0.2209641 0.9508119 0.2170982 0.4312963 0.8795814 0.2007985 0.6196338 0.7652183 0.1746278 0.7777881 0.6127656 0.1398715 0.8976859 0.4295806 0.09808442 0.973174 0.2243018 0.05119709 0.998206 0.0583726 0.01332268 0.9982072 0.05985277 1.305966e-06 0.9731823 0.2300352 2.317686e-06 0.8974727 0.44107 -2.790265e-05 0.7775526 0.628818 -1.935442e-05 0.6201749 0.7844636 3.751509e-05 0.4314869 0.9021192 9.509237e-06 0.220729 0.9753352 -1.425683e-05 0.05565087 0.9984503 4.016753e-06 0 1 -1.037028e-15 0 1 -1.033687e-15 0 0.9659245 0.2588239 0 0.9659245 0.2588239 0 0.8659917 0.5000584 0 0.8659917 0.5000584 0 0.7070933 0.7071203 0 0.7070933 0.7071203 0 0.5000057 0.8660221 0 0.5000057 0.8660221 0 0.25887 0.9659122 0 0.25887 0.9659122 0 7.485493e-16 1 0 7.574606e-16 1 0 -0.25887 0.9659122 0 -0.25887 0.9659122 0 -0.5000057 0.8660221 0 -0.5000057 0.8660221 0 -0.7070933 0.7071203 0 -0.7070933 0.7071203 0 -0.8659917 0.5000584 0 -0.8659917 0.5000584 0 -0.9659245 0.2588239 0 -0.9659245 0.2588239 0 -1 -1.033687e-15 0 -1 -1.033687e-15 1 0 0 1 0 0 1 0 0 1 0 0 1 0 0 1 0 0 1 0 0 1 0 0 1 0 0 1 0 0 1 0 0 1 0 0 0 0 -1 0 0 -1 0 0 -1 0 0 -1 0 0 -1 0 0 -1 0 0 -1 0 0 -1 -1 0 0 -1 0 0 -1 0 0 -1 0 0 1 0 0 1 0 0 1 0 0 1 0 0 -0.008688584 0.9999621 0.0004894864 0.05579959 0.998442 6.454799e-07 0.04811998 0.9768332 -0.2085221 0.01371795 0.962758 -0.2700165 0.07738257 0.9391062 -0.3348006 0.04685253 0.8631466 -0.502775 0.01945056 0.9125901 -0.4084127 0.09609877 0.8375629 -0.5378228 0.07960069 0.7120208 -0.6976317 -0.0148806 0.8028725 -0.595965 0.1103948 0.6930486 -0.712388 0.08334437 0.5512755 -0.83015 -0.05355077 0.6521484 -0.7561975 0.1327884 0.5273204 -0.8392261 -0.005788911 0.4437561 -0.8961289 0.09648032 0.3386092 -0.9359676 0.1405854 0.3270789 -0.9344812 -0.01205118 0.2279847 -0.9735901 0.105762 0.1146539 -0.9877595 0.1447717 0.1107567 -0.9832467 -0.01369557 -2.257013e-16 -0.9999062 0.105762 -0.1146539 -0.9877595 0.1447717 -0.1107567 -0.9832467 -0.01205118 -0.2279847 -0.9735901 0.09648032 -0.3386092 -0.9359676 0.1405854 -0.3270789 -0.9344812 -0.005791626 -0.4437525 -0.8961307 0.0820052 -0.5461482 -0.833665 0.132763 -0.5273284 -0.8392251 0.004170363 -0.6356256 -0.7719862 0.05909354 -0.7269277 -0.6841667 0.1198352 -0.7019991 -0.7020234 0.01722492 -0.7932679 -0.6086291 0.03147569 -0.8704925 -0.4911741 0.1028529 -0.8422417 -0.5291977 0.03305683 -0.9085803 -0.4164002 0.005511092 -0.9658938 -0.2588798 0.05284044 -0.9985937 0.004306415 -0.002746061 -0.9999563 0.008932237 0.04812042 -0.9768333 -0.2085214 0.08145647 -0.94076 -0.3291435 -1 0 0 -1 0 0 -1 0 0 -1 0 0 0.9978619 0.06535708 0 0.9978619 0.06535708 0 1 0 0 0.9978681 -0.06526317 0 0.9978681 -0.06526317 0 0.4999998 0.8660255 0 0.4999998 0.8660255 0 0.4999998 0.8660255 0 0.4999998 0.8660255 0 0 -1 -1.03313e-15 0 -1 -1.033687e-15 0 -0.9659245 -0.2588239 0 -0.9659245 -0.2588239 0 -0.8659917 -0.5000584 0 -0.8659917 -0.5000584 0 -0.7070933 -0.7071203 0 -0.7070933 -0.7071203 0 -0.5000057 -0.8660221 0 -0.5000057 -0.8660221 0 -0.25887 -0.9659122 0 -0.25887 -0.9659122 0 -2.495164e-16 -1 0 -2.495164e-16 -1 0 0.25887 -0.9659122 0 0.25887 -0.9659122 0 0.5000057 -0.8660221 0 0.5000057 -0.8660221 0 0.7070933 -0.7071203 0 0.7070933 -0.7071203 0 0.8659917 -0.5000584 0 0.8659917 -0.5000584 0 0.9659245 -0.2588239 0 0.9659245 -0.2588239 0 1 -1.033687e-15 0 1 -1.033687e-15 -1 0 0 -1 0 0 -1 0 0 -1 0 0 -1 0 0 -1 0 0 -1 0 0 -1 0 0 -1 0 0 -1 0 0 -1 0 0 -1 0 0 -1 0 0 -1 0 0 -1 0 0 -1 0 0 -1 0 0 -1 0 0 -1 0 0 -1 0 0 -1 0 0 -1 0 0 -1 0 0 -1 0 0 -1 0 0 -1 0 0 -1 0 0 -1 0 0 -1 0 0 -1 0 0 -1 0 0 -1 0 0 -1 0 0 -1 0 0 -1 0 0 -1 0 0 -1 0 0 -1 0 0 -1 0 0 -1 0 0 -1 0 0 -1 0 0 -1 0 0 -1 0 0 -1 0 0 -1 0 0 -1 0 0 -1 0 0 -1 0 0 -1 0 0 -1 0 0 -1 0 0 0 1 0 0 1 0 0 1 0 0 1 0 0 1 0 0 1 0 0 1 0 0 1 0 0 1 0 0 1 0 0 1 0 0 1 0 0 1 0 0 1 0 0 1 0 0 1 0 0 1 0 0 1 0 0 1 0 0 1 0 0 1 0 0 1 0 0 1 0 0 1 0 0 1 0 0 1 0 0 1 0 0 1 0 0 1 0 0 1 0 0 1 0 0 1 0 0 1 0 0 1 0 0 1 0 0 1 0 0 1 0 0 1 0 0.3152952 0.9489937 0 0.3153066 0.9489899 -4.438069e-06 0.3153051 0.9489903 2.922333e-06 0.3153211 0.948985 -1.087573e-05 0.3152948 0.9489938 0 0.3152965 0.9489932 3.632522e-06 0.315303 0.9489911 6.693902e-06 0.3153174 0.9489863 -6.781339e-06 -0.675195 0 -0.7376393 -0.675195 0 -0.7376393 -0.5637214 0 -0.825965 -0.5637214 0 -0.825965 -0.4192746 0 -0.9078595 -0.4129204 0.00196114 -0.910765 -0.3141517 -0.001781533 -0.9493711 -0.3047072 -0.001749395 -0.9524445 -0.2354454 -0.002658237 -0.971884 -0.2047082 -0.0006275559 -0.9788229 -0.1744786 0.002736221 -0.9846572 -0.1612408 -0.001610199 -0.9869138 -0.1299977 0.001524949 -0.9915131 -0.09260923 -0.0007123188 -0.9957023 -0.03321809 0.001826169 -0.9994465 -0.01984395 0 -0.9998031 1 0 0 0.9982048 0.03734246 0.04682581 1 0 0 0.9982046 0.02598835 0.05396443 1 0 0 0.9982049 0.01332734 0.05839016 1 0 0 0.9982052 -3.113762e-07 0.05988709 1 0 0 0.9982049 -0.01332732 0.05839049 1 0 0 0.9982046 -0.02598797 0.05396462 1 0 0 1 0 0 0.9982049 -0.04682594 -0.03734042 1 0 0 0.9982052 -0.03733992 -0.04682037 1 0 0 0.9982075 -0.02596509 -0.0539216 1 0 0 0.9982059 -0.01332567 -0.05837216 1 0 0 0.9982072 1.305966e-06 -0.05985277 1 0 0 0.998206 0.01332268 -0.0583726 1 0 0 0.9982075 0.0259685 -0.05392015 1 0 0 0.9982048 -0.03734255 0.04682558 0.9982048 -0.04682581 0.03734246 1 0 0 0.9982046 -0.05396442 0.02598836 1 0 0 0.9982049 -0.05838926 0.0133267 1 0 0 0.9982052 -0.0598871 -2.823888e-07 1 0 0 0.9982049 -0.05838959 -0.01332679 0.9982046 -0.05396469 -0.02598792 0.9982051 0.03733946 -0.04682249 0.9982049 0.04682612 -0.0373407 1 0 0 0.9982046 0.05396442 -0.02598836 1 0 0 0.9982049 0.05838926 -0.0133267 1 0 0 0.9982052 0.0598871 2.823888e-07 1 0 0 0.9982049 0.05838959 0.01332679 1 0 0 0.9982046 0.05396469 0.02598792 0.9982048 0.04682558 0.03734255 1 0 0 0.9982049 -0.03734042 0.04682594 1 0 0 0.9982052 -0.04682037 0.03733992 1 0 0 0.9982075 -0.0539216 0.02596509 1 0 0 0.9982059 -0.05837216 0.01332567 1 0 0 0.9982072 -0.05985277 -1.305966e-06 1 0 0 0.998206 -0.0583726 -0.01332268 1 0 0 0.9982075 -0.05392015 -0.0259685 1 0 0 1 0 0 0.9982048 0.04682581 -0.03734246 1 0 0 0.9982046 0.05396443 -0.02598835 1 0 0 0.9982049 0.05839016 -0.01332734 1 0 0 0.9982052 0.05988709 3.113762e-07 1 0 0 0.9982049 0.05839049 0.01332732 1 0 0 0.9982046 0.05396462 0.02598797 0.9982048 0.04682558 0.03734255 1 0 0 0.9982048 0.03734246 0.04682581 1 0 0 0.9982046 0.02598836 0.05396442 1 0 0 0.9982049 0.0133267 0.05838926 1 0 0 0.9982052 -2.823888e-07 0.0598871 1 0 0 0.9982049 -0.01332679 0.05838959 0.9982046 -0.02598792 0.05396469 0.9982051 -0.04682249 -0.03733946 0.9982049 -0.0373407 -0.04682612 1 0 0 0.9982046 -0.02598836 -0.05396442 1 0 0 0.9982049 -0.0133267 -0.05838926 1 0 0 0.9982052 2.823888e-07 -0.0598871 1 0 0 0.9982049 0.01332679 -0.05838959 1 0 0 0.9982046 0.02598792 -0.05396469 0.9982048 0.03734255 -0.04682558 1 0 0 0.9982048 -0.03734246 -0.04682581 1 0 0 0.9982046 -0.02598836 -0.05396442 1 0 0 0.9982049 -0.0133267 -0.05838926 1 0 0 0.9982052 2.823888e-07 -0.0598871 1 0 0 0.9982049 0.01332679 -0.05838959 1 0 0 0.9982046 0.02598792 -0.05396469 0.9982049 0.03734042 -0.04682594 1 0 0 0.9982052 0.04682037 -0.03733992 1 0 0 0.9982075 0.0539216 -0.02596509 1 0 0 0.9982059 0.05837216 -0.01332567 1 0 0 1 0 0 1 0 0 1 0 0 1 0 0 1 0 0 1 0 0 1 0 0 1 0 0 0.9982049 -0.05839049 -0.01332732 1 0 0 0.9982046 -0.05396462 -0.02598797 0.9982048 -0.04682558 -0.03734255 1 0 0 1 0 0 1 0 0 1 0 0 1 0 0 0.06541393 0.9978582 0 0.06541393 0.9978582 0 0.2588295 0.965923 0 0.2588295 0.965923 0 0.5000086 0.8660204 0 0.5000086 0.8660204 0 0.7071068 0.7071068 0 0.7071068 0.7071068 0 0.8660204 0.5000086 0 0.8660204 0.5000086 0 0.9659208 0.2588379 0 0.965923 0.2588296 2.039234e-07 0.9914457 0.13052 3.789287e-09 0.9978582 0.0654138 2.049431e-07 0.9978606 0.06537738 0 0.9978582 -0.0654138 2.049431e-07 0.9978606 -0.06537738 0 0.8660255 0.4999998 0 0.8660255 0.4999998 0 0.8660255 0.4999998 0 0.8660255 0.4999998 0 0 -1 -2.227777e-16 0 -1 -2.138666e-16 0 -0.9659263 -0.2588174 0 -0.9659263 -0.2588174 0 -0.8660231 -0.500004 0 -0.8660231 -0.500004 0 -0.7071068 -0.7071068 0 -0.7071068 -0.7071068 0 -0.5000054 -0.8660223 0 -0.5000054 -0.8660223 0 -0.2588184 -0.965926 0 -0.2588184 -0.965926 0 0 -1 0 0 -1 0 0.2588184 -0.965926 0 0.2588184 -0.965926 0 0.5000054 -0.8660223 0 0.5000054 -0.8660223 0 0.7071068 -0.7071068 0 0.7071068 -0.7071068 0 0.8660231 -0.500004 0 0.8660231 -0.500004 0 0.9659263 -0.2588174 0 0.9659263 -0.2588174 0 1 -2.138666e-16 0 1 -2.227777e-16 0 0 -1 0 0 -1 0 0 -1 0 0 -1 0 0 -1 0 0 -1 0 0 -1 0 0 -1 0 -8.911113e-18 -1 0 8.911113e-18 -1 0 0.2588203 -0.9659255 0 0.2588203 -0.9659255 -8.706431e-07 0.4999983 -0.8660264 0 0.5000017 -0.8660244 -2.192973e-07 0.6087548 -0.7933585 -9.287243e-07 0.7071054 -0.7071081 -3.504622e-07 0.707101 -0.7071125 -9.387958e-08 0.7933903 -0.6087133 -4.407961e-07 0.8660268 -0.4999975 0 0.8660551 -0.4999485 0 0.9659255 -0.2588203 0 0.9659255 -0.2588203 0 1 -9.802224e-17 0 1 -1.069334e-16 0 0.9659255 0.2588203 0 0.9659255 0.2588203 0 0.8660551 0.4999485 -4.759885e-07 0.8660246 0.5000014 -1.076093e-06 0.7933898 0.6087139 -6.607656e-07 0.7933583 0.608755 -2.162515e-06 0.7071068 0.7071068 0 0.7071068 0.7071068 -6.607656e-07 0.608755 0.7933583 -1.076093e-06 0.6087139 0.7933898 -4.759885e-07 0.5000014 0.8660246 0 0 1 0 0 1 0 0.2588203 0.9659255 0 0.2588203 0.9659255 0 0.4999485 0.8660551 -6.237783e-16 -1 0 -6.059561e-16 -1 0 0.2588188 -0.9659259 0 0.2588188 -0.9659259 0 0.499999 -0.866026 0 0.499999 -0.866026 0 0.7071032 -0.7071103 0 0.7071032 -0.7071103 0 0.866026 -0.499999 0 0.866026 -0.499999 0 0.9659272 -0.2588139 0 0.9659272 -0.2588139 0 1 -8.911119e-17 0 1 -8.020007e-17 0 0.9659272 0.2588139 0 0.9659272 0.2588139 0 0.866026 0.499999 0 0.866026 0.499999 0 0.7071032 0.7071103 0 0.7071032 0.7071103 0 0.499999 0.866026 0 0.499999 0.866026 0 0.2588188 0.9659259 0 0.2588188 0.9659259 0 -6.059561e-16 1 0 -6.237783e-16 1 0 0.8660255 0.4999998 0 0.8660255 0.4999998 0 0.8660255 0.4999998 0 0.8660255 0.4999998 0 -0.4999998 -0.8660255 0 -0.4999998 -0.8660255 0 -0.4999998 -0.8660255 0 -0.4999998 -0.8660255 0 0 0 -1 0 0 -1 0 0 -1 0 0 -1 0 0 -1 0 0 -1 0 0 -1 0 0 -1 0 0 -1 0 0 -1 0 0 -1 0 0 -1 0 0 -1 0 0 -1 0 0 -1 0 0 -1 0 0 -1 0 0 -1 0 0 -1 0 0 -1 0 0 -1 0 0 -1 0 0 -1 0 0 -1 0 0 -1 0 0 -1 0 0 -1 0 0 -1 0 0 -1 0 0 -1 0.06539797 0.9978593 0 0 1 0 0.06539797 0.9978593 0 0 1 0 0.2208164 -0.8787288 -0.4231735 0.2207973 -0.7625304 -0.6081085 0.2206549 -0.6081435 -0.7625437 0.2210089 -0.4232084 -0.8786636 0.2210021 -0.2169525 -0.9508363 0.2206849 -1.844727e-05 -0.9753452 0.2210017 0.216988 -0.9508283 0.2208163 0.8787287 -0.4231737 0.2207746 0.9508726 -0.2170252 0.9731855 0.1798433 -0.1434101 0.9731495 0.1434992 -0.1799667 0.8976242 0.3446004 -0.2748117 0.8976078 0.2748455 -0.344616 0.7777391 0.4914472 -0.3919204 0.77768 0.3919387 -0.491526 0.6199062 0.6134792 -0.4892439 0.9731799 0.2072633 -0.09981386 0.8976306 0.3971008 -0.1912334 0.7777606 0.5663153 -0.2727186 0.619896 0.7069721 -0.3404694 0.4310754 0.8129584 -0.3915004 0.9731815 0.224271 -0.05118881 0.8976383 0.4296828 -0.09807259 0.7777448 0.6128196 -0.1398755 0.6199128 0.7649969 -0.1746076 0.431111 0.879677 -0.2007778 0.431098 0.5625372 -0.7054831 0.2206613 0.6081163 -0.7625636 0.2207877 0.7625414 -0.6080982 0.9731765 0.2300597 -1.251394e-06 0.8976347 0.4407402 -2.818163e-07 0.7777496 0.6285742 3.400244e-07 0.619883 0.7846943 -2.168692e-06 0.4311033 0.9023026 -4.12967e-07 0.2207959 0.97532 1.79187e-06 0.6200277 0.489187 -0.6134017 0.4311067 0.7054431 -0.5625807 0.2210301 0.4232092 -0.8786579 0.4311394 0.3914934 -0.8129279 0.6199088 0.340474 -0.7069587 0.7776475 0.272799 -0.5664318 0.8975223 0.1913137 -0.3973069 0.9731719 0.0998236 -0.207296 0.973174 0.05119709 -0.2243018 0.8976859 0.09808442 -0.4295806 0.7777881 0.1398715 -0.6127656 0.6196338 0.1746278 -0.7652183 0.4312963 0.2007985 -0.8795814 0.9731823 2.317686e-06 -0.2300352 0.8974727 -2.790265e-05 -0.44107 0.7775526 -1.935442e-05 -0.628818 0.6201749 3.751509e-05 -0.7844636 0.4314869 9.509237e-06 -0.9021192 0.4312844 -0.2008016 -0.8795865 0.6196444 -0.1746796 -0.7651979 0.7777909 -0.1398406 -0.612769 0.8976829 -0.09803781 -0.4295976 0.9731744 -0.05119856 -0.2242995 0.4311789 -0.3914883 -0.8129094 0.6198908 -0.3404728 -0.706975 0.7776476 -0.2728107 -0.5664261 0.8975221 -0.1913426 -0.3972935 0.9731728 -0.09981637 -0.2072953 0.431103 -0.5625395 -0.7054782 0.6200257 -0.4891747 -0.6134136 0.777684 -0.391938 -0.4915202 0.8976062 -0.2748404 -0.3446243 0.9731488 -0.1435127 -0.1799599 0.4310901 -0.7054482 -0.5625871 0.6199185 -0.6134759 -0.4892324 0.7777341 -0.4914506 -0.391926 0.897627 -0.3445953 -0.2748088 0.9731844 -0.1798409 -0.1434203 0.4310759 -0.8129596 -0.3914976 0.6198954 -0.7069734 -0.3404679 0.7777616 -0.5663127 -0.2727211 0.8976298 -0.3971025 -0.1912337 0.97318 -0.2072635 -0.09981211 0.2207747 -0.950873 -0.2170231 0.4311108 -0.8796766 -0.20078 0.6199115 -0.7649972 -0.174611 0.7777463 -0.6128182 -0.1398736 0.8976375 -0.429684 -0.09807417 0.9731818 -0.2242696 -0.05119017 0.9731765 -0.2300597 1.251394e-06 0.8976347 -0.4407402 2.818163e-07 0.7777496 -0.6285742 -3.400244e-07 0.619883 -0.7846943 2.168692e-06 0.4311033 -0.9023026 4.12967e-07 0.2207959 -0.97532 -1.79187e-06 -0.04960136 -0.3066029 0.9505443 0.002764808 -0.008924445 0.9999564 -0.05269322 -0.004300683 0.9986015 -0.01399547 -0.1938926 0.9809229 -0.09690715 -0.3408925 0.9350943 -0.0824677 -0.5114876 0.8553242 0.06728297 -0.3971849 0.9152689 -0.135987 -0.5270565 0.8388796 0.02863193 -0.6182513 0.7854588 -0.09984738 -0.7035695 0.7035769 -0.1454147 -0.6995765 0.6996051 0.02880598 -0.785476 0.6182214 -0.08145258 -0.8525833 0.5162047 -0.1356263 -0.8389016 0.5271145 0.01036652 -0.90855 0.4176476 -0.03042341 -0.957538 0.2866975 -0.1059406 -0.9385733 0.3284155 -0.02462078 -0.9794496 0.2001804 0.005951756 -0.9999466 -0.00844267 -0.05284044 -0.9985937 -0.004306415 -0.04925293 -0.9505825 -0.3065404 -0.01412042 -0.9809456 -0.1937688 -0.09713992 -0.9351075 -0.3407898 -0.08254429 -0.8552994 -0.5115167 0.06750258 -0.9152258 -0.397247 -0.1356263 -0.8389016 -0.5271145 0.0287961 -0.7854864 -0.6182086 -0.09978308 -0.7035778 -0.7035778 -0.1453967 -0.6995927 -0.6995927 0.0287961 -0.6182086 -0.7854864 -0.08145799 -0.5162051 -0.8525825 -0.1356263 -0.5271145 -0.8389016 0.01035646 -0.4176513 -0.9085484 -0.03049298 -0.2866922 -0.9575373 -0.0557997 -4.869208e-07 -0.998442 0.008685078 -0.0004888495 -0.9999622 -0.02466487 -0.2001789 -0.9794488 -0.1059857 -0.3284135 -0.9385689 0.7071068 0 -0.7071068 0.7071068 1.542965e-16 -0.7071068 0.7071068 1.349703e-16 -0.7071068 0.7071068 1.930357e-16 -0.7071068 0.7071068 0 -0.7071068 0.7071068 -3.022673e-16 -0.7071068 0.7071068 -8.764599e-17 -0.7071068 0.7071068 -5.738072e-16 -0.7071068 0.4999998 0.8660255 0 0.4999998 0.8660255 0 0.4999998 0.8660255 0 0.4999998 0.8660255 0 0 1 8.220507e-16 0 1 8.287341e-16 0 0.9659259 -0.2588188 0 0.9659259 -0.2588188 0 0.866026 -0.499999 0 0.866026 -0.499999 0 0.7071103 -0.7071032 0 0.7071103 -0.7071032 0 0.499999 -0.866026 0 0.499999 -0.866026 0 0.2588139 -0.9659272 0 0.2588139 -0.9659272 0 1.51489e-16 -1 0 1.51489e-16 -1 0 -0.2588139 -0.9659272 0 -0.2588139 -0.9659272 0 -0.499999 -0.866026 0 -0.499999 -0.866026 0 -0.7071103 -0.7071032 0 -0.7071103 -0.7071032 0 -0.866026 -0.499999 0 -0.866026 -0.499999 0 -0.9659259 -0.2588188 0 -0.9659259 -0.2588188 0 -1 8.287341e-16 0 -1 8.198229e-16 -0.5 -0.8660254 0 -0.5 -0.8660254 0 -0.5 -0.8660254 0 -0.5 -0.8660254 0 0.5000007 -0.866025 0 0.5000007 -0.866025 0 0.5000007 -0.866025 0 0.5000007 -0.866025 0 0.1059406 0.9385733 0.3284155 -0.01036652 0.90855 0.4176476 0.2208103 0.8787277 0.4231791 0.1356263 0.8389016 0.5271145 -0.02880598 0.785476 0.6182214 0.2207934 0.7625296 0.608111 0.1454147 0.6995765 0.6996051 -0.02863193 0.6182513 0.7854588 0.2206648 0.6081595 0.7625281 0.135987 0.5270565 0.8388796 -0.06728297 0.3971849 0.9152689 0.2210266 0.4231452 0.8786896 0.1058224 -0.3285591 0.9385364 -0.01010126 -0.4175622 0.9085922 0.2210292 -0.4231148 0.8787036 0.135987 -0.5270565 0.8388796 -0.02863193 -0.6182513 0.7854588 0.2206685 -0.6081365 0.7625454 0.1454147 -0.6995765 0.6996051 -0.02880598 -0.785476 0.6182214 0.2207853 -0.7625381 0.6081032 0.1356263 -0.8389016 0.5271145 -0.06750258 -0.9152258 0.397247 0.2208109 -0.8787274 0.4231792 0.9982049 -0.05838926 0.0133267 0.9982046 -0.05396442 0.02598836 0.9731815 -0.224271 0.05118881 0.9731799 -0.2072633 0.09981386 0.8976383 -0.4296828 0.09807259 0.8976306 -0.3971008 0.1912334 0.7777448 -0.6128196 0.1398755 0.7777606 -0.5663153 0.2727186 0.6199128 -0.7649969 0.1746076 0.619896 -0.7069721 0.3404694 0.431111 -0.879677 0.2007778 0.4310754 -0.8129584 0.3915004 0.2207667 -0.9508729 0.2170317 0.9982059 0.01332567 0.05837216 0.9982075 0.02596509 0.0539216 0.9731744 0.05119856 0.2242995 0.9731728 0.09981637 0.2072953 0.8976829 0.09803781 0.4295976 0.8975221 0.1913426 0.3972935 0.7777909 0.1398406 0.612769 0.7776476 0.2728107 0.5664261 0.6196444 0.1746796 0.7651979 0.6198908 0.3404728 0.706975 0.4312844 0.2008016 0.8795865 0.4311789 0.3914883 0.8129094 0.2209691 0.2170567 0.9508202 0.9982052 -0.0598871 -2.823888e-07 0.9731765 -0.2300597 1.251394e-06 0.8976347 -0.4407402 2.818163e-07 0.7777496 -0.6285742 -3.400244e-07 0.619883 -0.7846943 2.168692e-06 0.4311033 -0.9023026 4.12967e-07 0.2207959 -0.97532 -1.79187e-06 0.05284044 -0.9985937 0.004306415 0.01412042 -0.9809456 0.1937688 0.09713992 -0.9351075 0.3407898 0.9982049 -0.04682612 0.0373407 0.9731855 -0.1798433 0.1434101 0.8976242 -0.3446004 0.2748117 0.7777391 -0.4914472 0.3919204 0.6199062 -0.6134792 0.4892439 0.4311067 -0.7054431 0.5625807 0.431098 -0.5625372 0.7054831 0.6200277 -0.489187 0.6134017 0.77768 -0.3919387 0.491526 0.8976078 -0.2748455 0.344616 0.9731495 -0.1434992 0.1799667 0.9982051 -0.03733946 0.04682249 0.4311394 -0.3914934 0.8129279 0.6199088 -0.340474 0.7069587 0.7776475 -0.272799 0.5664318 0.8975223 -0.1913137 0.3973069 0.9731719 -0.0998236 0.207296 0.9982075 -0.0259685 0.05392015 0.02449235 -0.2002972 0.979429 0.2209641 -0.2170982 0.9508119 0.4312963 -0.2007985 0.8795814 0.6196338 -0.1746278 0.7652183 0.7777881 -0.1398715 0.6127656 0.8976859 -0.09808442 0.4295806 0.973174 -0.05119709 0.2243018 0.998206 -0.01332268 0.0583726 0.9982072 -1.305966e-06 0.05985277 0.9731823 -2.317686e-06 0.2300352 0.8974727 2.790265e-05 0.44107 0.7775526 1.935442e-05 0.628818 0.6201749 -3.751509e-05 0.7844636 0.4314869 -9.509237e-06 0.9021192 0.220729 1.425683e-05 0.9753352 0.05269322 0.004300683 0.9986015 0.01399547 0.1938926 0.9809229 0.09690715 0.3408925 0.9350943 0.9982052 0.03733992 0.04682037 0.9731488 0.1435127 0.1799599 0.8976062 0.2748404 0.3446243 0.777684 0.391938 0.4915202 0.6200257 0.4891747 0.6134136 0.431103 0.5625395 0.7054782 0.4310901 0.7054482 0.5625871 0.6199185 0.6134759 0.4892324 0.7777341 0.4914506 0.391926 0.897627 0.3445953 0.2748088 0.9731844 0.1798409 0.1434203 0.9982049 0.04682594 0.03734042 0.4310759 0.8129596 0.3914976 0.6198954 0.7069734 0.3404679 0.7777616 0.5663127 0.2727211 0.8976298 0.3971025 0.1912337 0.97318 0.2072635 0.09981211 0.9982046 0.05396469 0.02598792 0.02462078 0.9794496 0.2001804 0.2207668 0.9508733 0.2170298 0.4311108 0.8796766 0.20078 0.6199115 0.7649972 0.174611 0.7777463 0.6128182 0.1398736 0.8976375 0.429684 0.09807417 0.9731818 0.2242696 0.05119017 0.9982049 0.05838959 0.01332679 0.9982052 0.0598871 2.823888e-07 0.9731765 0.2300597 -1.251394e-06 0.8976347 0.4407402 -2.818163e-07 0.7777496 0.6285742 3.400244e-07 0.619883 0.7846943 -2.168692e-06 0.4311033 0.9023026 -4.12967e-07 0.2207959 0.97532 1.79187e-06 0.05579959 0.998442 6.454799e-07 -0.4999998 -0.8660255 0 -0.4999998 -0.8660255 0 -0.4999998 -0.8660255 0 -0.4999998 -0.8660255 0 0 0 -1 0 0 -1 0 0 -1 0 -0.9918841 -0.1271457 2.964084e-06 -0.9918842 -0.1271443 9.054939e-06 -0.9918845 -0.1271422 9.262908e-06 -0.9918845 -0.1271419 5.824061e-06 -0.9859928 -0.1667876 0 -0.9859947 -0.1667767 0.8660255 0.4999998 0 0.8660255 0.4999998 0 0.8660255 0.4999998 0 0.8660255 0.4999998 0 -1 0 0 -1 0 0 -1 0 0 -1 0 0 0 0 -1 0 0 -1 0 0 -1 -6.182089e-16 -1 0 -6.148672e-16 -1 0 0.2588139 -0.9659272 0 0.2588139 -0.9659272 0 0.5000009 -0.8660249 0 0.5000009 -0.8660249 0 0.7071068 -0.7071068 0 0.7071068 -0.7071068 0 0.8660249 -0.5000009 0 0.8660249 -0.5000009 0 0.9659272 -0.2588139 0 0.9659272 -0.2588139 0 1 6.148672e-16 0 1 6.148672e-16 0 0.9659272 0.2588139 0 0.9659272 0.2588139 0 0.8660249 0.5000009 0 0.8660249 0.5000009 0 0.7071068 0.7071068 0 0.7071068 0.7071068 0 0.5000009 0.8660249 0 0.5000009 0.8660249 0 0.2588139 0.9659272 0 0.2588139 0.9659272 0 -6.326894e-16 1 0 -6.326894e-16 1 0 0.8660255 -0.4999998 0 0.8660255 -0.4999998 0 0.8660255 -0.4999998 0 0.8660255 -0.4999998 0 0.5000007 0.866025 0 0.5000007 0.866025 0 0.5000007 0.866025 0 0.5000007 0.866025 0 0 0 -1 0 0 -1 0 0 -1 0.02675953 -0.005835975 -0.9996249 0.02327385 0 -0.9997291 0 0 -1 0 0 -1 0 0 -1 0 0 -1 -0.02675953 0.005835975 -0.9996249 -0.02327385 0 -0.9997291 0 0 -1 0 0 -1 0 0 -1 0 0 -1 0 0 -1 0 0 -1 0 0 -1 0 0 -1 0 0 -1 0 0 -1 0 0 -1 0 0 -1 0 0 -1 0 0 -1 0 0 -1 0 0 -1 0 0 -1 0 0 -1 0 0 -1 0 0 -1 0 0 -1 0 0 -1 0 0 -1 0 0 -1 0 0 -1 0 0 -1 0 0 -1 0 0 -1 0 0 -1 0 0 -1 0.03321809 -0.001826169 -0.9994465 0.01984395 0 -0.9998031 0 0 -1 0 0 -1 0 0 -1 -0.4999998 0.8660255 0 -0.4999998 0.8660255 0 -0.4999998 0.8660255 0 -0.4999998 0.8660255 0 -0.5000007 -0.866025 0 -0.5000007 -0.866025 0 -0.5000007 -0.866025 0 -0.5000007 -0.866025 0 0.566524 0.8240453 0 0.566524 0.8240453 0 0.4633937 0.8861525 0 0.4633937 0.8861525 0 0.2385866 0.9711212 0 0.2385866 0.9711212 0 5.428612e-16 1 0 5.428612e-16 1 0 -0.2385866 0.9711212 0 -0.2385866 0.9711212 0 -0.4633937 0.8861525 0 -0.4633937 0.8861525 0 -0.566524 0.8240453 0 -0.566524 0.8240453 0 0 -1 0 0 -1 0 0 -1 0 0 -1 0 0 -1 0 0 -1 0 0 -1 0 0 -1 0 0 -1 0 0 -1 0 0 -1 0 0 -1 0 0 -1 0 0 -1 0 0 -1 0 0 -1 0 0 -1 0 0 -1 0 -1 0 0 -1 0 0 -1 0 0 -1 0 0 0 0 -1 0 0 -1 0 0 -1 0 0 -1 0 0 -1 0 0 -1 0 0 -1 0 0 -1 0 0 -1 0 0 -1 0 0 -1 0 0 -1 0 0 -1 0 0 -1 0 0 -1 0 0 -1 0 0 -1 0 0 -1 0 0 -1 0 0 -1 0 0 -1 0 0 -1 0 0 -1 0 0 -1 0 0 -1 0 0 -1 0 0 -1 0 0 -1 0 0 -1 0 0 -1 1 0 0 1 0 0 1 0 0 1 0 0 -0.04812464 0.2085395 -0.9768292 -0.01371166 0.2700172 -0.9627579 -0.07738153 0.3348118 -0.9391023 -0.04685188 0.5027745 -0.863147 -0.01944964 0.4084116 -0.9125906 -0.09609877 0.5378228 -0.8375629 -0.07960052 0.6976507 -0.7120023 0.0148806 0.595965 -0.8028725 -0.1103708 0.7123939 -0.6930464 -0.08296906 0.8301733 -0.5512971 0.05386423 0.7561856 -0.6521365 -0.1323792 0.8392723 -0.5273498 0.005869128 0.8961344 -0.443744 -0.09722711 0.9359129 -0.3385467 -0.1407186 0.9344908 -0.3269944 0.01181049 0.973588 -0.2280062 -0.1051143 0.987827 -0.1146683 -0.1448641 0.9832301 -0.1107834 0.01377602 0.9999051 -7.22284e-17 -0.1051143 0.987827 0.1146683 -0.1448641 0.9832301 0.1107834 0.01181049 0.973588 0.2280062 -0.09722711 0.9359129 0.3385467 -0.1407186 0.9344908 0.3269944 0.005868898 0.8961342 0.4437443 -0.08163383 0.8336936 0.5461602 -0.1323813 0.8392724 0.5273491 -0.003922543 0.7720016 0.6356084 -0.05936429 0.6841526 0.7269189 -0.1199584 0.7020042 0.7019972 -0.01743307 0.6086405 0.7932546 -0.03128473 0.4911483 0.870514 -0.1029483 0.52915 0.84226 -0.03312356 0.4163157 0.9086166 -0.005481174 0.2590336 0.9658527 -0.04783159 0.2090197 0.976741 -0.08109908 0.3296084 0.9406281 -0.7382403 0 -0.6745378 -0.7382403 0 -0.6745378 -0.8224582 0 -0.5688256 -0.8224582 0 -0.5688256 -0.9111458 0 -0.4120841 -0.9111458 0 -0.4120841 -0.9583862 0 -0.2854748 -0.9583862 0 -0.2854748 0 0 -1 0 0 -1 0 0 -1 0 0 -1 0 0 -1 0 0 -1 0 0 -1 0 0 -1 0 0 -1 0 0 -1 0 0 -1 0 0 -1 0 0 -1 0 0 -1 -0.8660255 -0.4999998 0 -0.8660255 -0.4999998 0 -0.8660255 -0.4999998 0 -0.8660255 -0.4999998 0 1 0 0 1 0 0 1 0 0 1 0 0 1 0 0 1 0 0 1 0 0 1 0 0 1 0 0 1 0 0 1 0 0 1 0 0 1 0 0 1 0 0 1 0 0 1 0 0 1 0 0 1 0 0 1 0 0 1 0 0 1 0 0 1 0 0 1 0 0 1 0 0 1 0 0 1 0 0 1 0 0 1 0 0 1 0 0 1 0 0 1 0 0 1 0 0 1 0 0 1 0 0 1 0 0 1 0 0 1 0 0 1 0 0 1 0 0 1 0 0 1 0 0 1 0 0 1 0 0 1 0 0 1 0 0 1 0 0 1 0 0 1 0 0 0.4999998 -0.8660255 0 0.4999998 -0.8660255 0 0.4999998 -0.8660255 0 0.4999998 -0.8660255 0 -0.06538534 -0.9978601 0 -0.06538534 -0.9978601 0 -0.2588112 -0.9659279 0 -0.2588112 -0.9659279 0 -0.4999673 -0.8660443 0 -0.4999673 -0.8660443 0 -0.7071593 -0.7070543 0 -0.7071593 -0.7070543 0 -0.865999 -0.5000457 0 -0.865999 -0.5000457 0 -0.965917 -0.2588521 0 -0.965917 -0.2588521 0 -0.9978681 -0.06526317 0 -0.9978681 -0.06526317 0 -1 6.037341e-16 0 -1 6.059619e-16 0 -0.9659135 -0.2588651 0 -0.9659135 -0.2588651 0 -0.8660671 -0.4999278 0 -0.8660671 -0.4999278 0 -0.707147 -0.7070665 0 -0.707147 -0.7070665 0 -0.4999866 -0.8660331 0 -0.4999866 -0.8660331 0 -0.2588317 -0.9659224 0 -0.2588317 -0.9659224 0 8.911097e-18 -1 0 -8.911097e-18 -1 0 0.2588317 -0.9659224 0 0.2588317 -0.9659224 0 0.4999866 -0.8660331 0 0.4999866 -0.8660331 0 0.707147 -0.7070665 0 0.707147 -0.7070665 0 0.8660671 -0.4999278 0 0.8660671 -0.4999278 0 0.9659135 -0.2588651 0 0.9659135 -0.2588651 0 1 6.326955e-16 0 1 6.237843e-16 0 0 0 1 0 0 1 0 0 1 0 0 1 0 0 1 0 0 1 0 0 1 0 0 1 0 0 1 0 0 1 0 0 1 0 0 1 0 0 1 0 0 1 0 0 1 0 0 1 0 0 1 0 0 1 0 0 1 0 0 1 0 0 1 0 0 1 0 0 1 0 0 1 0 0 1 0 0 1 0 0 1 0 0 1 0 0 1 0 0 1 0 0 1 0 0 1 0 0 1 0 0 1 0 0 1 0 0 1 0 0 1 0 0 1 0 0 1 0 0 1 0 0 1 0 0 1 0 0 1 0 0 1 0 0 1 0 0 1 0 0 1 0 0 1 0 0 1 0 0 1 0 0 1 0 0 1 0 0 1 0 0 1 0 0 1 0 0 1 0 0 1 0 0 1 0 0 1 0 0 1 0 0 1 0 0 1 0 0 1 0 0 1 0 0 1 0 0 1 0 0 1 0 0 1 0 0 1 0 0 1 0 0 1 0 0 1 0 0 1 0 0 1 0 0 1 0 0 1 0 0 1 0 0 1 0 0 1 0 0 1 0 0 1 0 0 1 0 0 1 0 0 1 0 0 1 0 0 1 0 0 1 0 0 1 0 0 1 0 0 1 0 0 1 0 0 1 0 0 1 0 0 1 0 0 1 0 0 1 0 0 1 0 0 1 0 0 1 0 0 1 0 0 1 0 0 1 0 0 1 0 0 1 0 0 1 0 0 1 0 0 1 0 0 1 0 0 1 0 0 1 0 0 1 0 0 1 0 0 1 0 0 1 0 0 1 0 0 1 0 0 1 0 0 1 0 0 1 0 0 1 0 0 1 0 0 1 0 0 1 0 0 1 0 0 1 0 0 1 0 0 1 0 0 1 0 0 1 0 0 1 0 0 1 0 0 1 0 0 1 0 0 1 0 0 1 0 0 1 0 0 1 0 0 1 0 0 1 0 0 1 0 0 1 0 0 1 0 0 1 0 0 1 0 0 1 0 0 1 0 0 1 0 0 1 0 0 1 0 0 1 0 0 1 0 0 1 0 0 1 0 0 1 0 0 1 0 0 1 0 0 1 0 0 1 0 0 1 0 0 1 0 0 1 0 0 1 0 0 1 0 0 1 0 0 1 0 0 1 0 0 1 0 0 1 0 0 1 0 0 1 0 0 1 0 0 1 0 0 1 0 0 1 0 0 1 0 0 1 0 0 1 0 0 1 0 0 1 0 0 1 0 0 1 0 0 1 0 0 1 0 0 1 0 0 1 0 0 1 0 0 1 0 0 1 0 0 1 0 0 1 0 0 1 0 0 1 0 0 1 0 0 1 0 0 1 0 0 1 0 0 1 0 0 1 0 0 1 0 0 1 0 0 1 0 0 1 0 0 1 0 0 1 0 0 1 0 0 1 0 0 1 0 0 1 0 0 1 0 0 1 0 0 1 0 0 1 0 0 1 0 0 1 0 0 1 0 0 1 0 0 1 0 0 1 0 0 1 0 0 1 0 0 1 0 0 1 0 0 1 0 0 1 0 0 1 0 0 1 0 0 1 0 0 1 0 0 1 0 0 1 0 0 1 0 0 1 0 0 1 0 0 1 0 0 1 0 0 1 0 0 1 0 0 1 0 0 1 0 0 1 0 0 1 0 0 1 0 0 1 0 0 1 0 0 1 0 0 1 0 0 1 0 0 1 0 0 1 0 0 1 0 0 1 0 0 1 0 0 1 0 0 1 0 0 1 0 0 1 0 0 1 0 0 1 0 0 1 0 0 1 0 0 1 0 0 1 0 0 1 0 0 1 0 0 1 0 0 1 0 0 1 0 0 1 0 0 1 0 0 1 0 0 1 0 0 1 0 0 1 0 0 1 0 0 1 0 0 1 0 0 1 0 0 1 0 0 1 0 0 1 0 0 1 0 0 1 0 0 1 0 0 1 0 0 1 0 0 1 0 0 1 0 0 1 0 0 1 0 0 1 0 0 1 0 0 1 0 0 1 0 0 1 0 0 1 0 0 1 0 0 1 0 0 1 0 0 1 0 0 1 0 0 1 0 0 1 0 0 1 0 0 1 0 0 1 0 0 1 0 0 1 0 0 1 0 0 1 0 0 1 0 0 1 0 0 1 0 0 1 0 0 1 0 0 1 0 0 1 0 0 1 0 0 1 0 0 1 0 0 1 0 0 1 0 0 1 0 0 1 0 0 1 0 0 1 0 0 1 0 0 1 0 0 1 0 0 1 0 0 1 0 0 1 0 0 1 0 0 1 0 0 1 0 0 1 0 0 1 0 0 1 0 0 1 0 0 1 0 0 1 0 0 1 0 0 1 0 0 1 0 0 1 0 0 1 0 0 1 0 0 1 0 0 1 0 0 1 0 0 1 0 0 1 0 0 1 0 0 1 0 0 1 0 0 1 0 0 1 0 0 1 0 0 1 0 0 1 0 0 1 0 0 1 0 0 1 0 0 1 0 0 1 0 0 1 0 0 1 0 0 1 0 0 1 0 0 1 0 0 1 0 0 1 0 0 1 0 0 1 0 0 1 0 0 1 0 0 1 0 0 1 0 0 1 0 0 1 0 0 1 0 0 1 0 0 1 0 0 1 0 0 1 0 0 1 0 0 1 0 0 1 0 0 1 0 0 1 0 0 1 0 0 1 0 0 1 0 0 1 0 0 1 0 0 1 0 0 1 0 0 1 0 0 1 0 0 1 0 0 1 0 0 1 0 0 1 0 0 1 0 0 1 0 0 1 0 0 1 0 0 1 0 0 1 0 0 1 0 0 1 0 0 1 0 0 1 0 0 1 0 0 1 0 0 1 0 0 1 0 0 1 0 0 1 0 0 1 0 0 1 0 0 1 0 0 1 0 0 1 0 0 1 0 0 1 0 0 1 0 0 1 0 0 1 0 0 1 0 0 1 0 0 1 0 0 1 0 0 1 0 0 1 0 0 1 0 0 1 0 0 1 0 0 1 0 0 1 0 0 1 0 0 1 0 0 1 0 0 1 0 0 1 0 0 1 0 0 1 0 0 1 0 0 1 0 0 1 0 0 1 0 0 1 0 0 1 0 0 1 0 0 1 0 0 1 0 0 1 0 0 1 0 0 1 0 0 1 0 0 1 0 0 1 0 0 1 0 0 1 0 0 1 0 0 1 0 0 1 0 0 1 0 0 1 0 0 1 0 0 1 0 0 1 0 0 1 0 0 1 0 0 1 0 0 1 0 0 1 0 0 1 0 0 1 0 0 1 0 0 1 0 0 1 0 0 1 0 0 1 0 0 1 0 0 1 0 0 1 0 0 1 0 0 1 0 0 1 -1 0 0 -1 0 0 -1 0 0 -1 0 0 0 1 0 0 1 0 0 1 0 0 1 0 0 1 0 0 1 0 0 1 0 0 1 0 0 1 0 0 1 0 0 1 0 0 1 0 0 1 0 0 1 0 0 1 0 0 1 0 0 1 0 0 1 0 0 -0.2588203 0.9659255 0 -0.2588203 0.9659255 0 -0.4999485 0.8660551 -4.759885e-07 -0.5000014 0.8660246 -1.076093e-06 -0.6087139 0.7933898 -6.607656e-07 -0.608755 0.7933583 -2.162515e-06 -0.7071068 0.7071068 0 -0.7071068 0.7071068 -6.607656e-07 -0.7933583 0.608755 -1.076093e-06 -0.7933898 0.6087139 -4.759885e-07 -0.8660246 0.5000014 0 -0.2588203 -0.9659255 0 -0.2588203 -0.9659255 0 -0.5000017 -0.8660244 -8.706431e-07 -0.4999983 -0.8660264 -2.192973e-07 -0.6087548 -0.7933585 -9.287243e-07 -0.7071054 -0.7071081 -3.504622e-07 -0.707101 -0.7071125 -9.387958e-08 -0.7933903 -0.6087133 -4.407961e-07 -0.8660268 -0.4999975 0 -0.8660551 -0.4999485 0 -0.9659255 -0.2588203 0 -0.9659255 -0.2588203 0 -1 1.069334e-16 0 -1 1.069334e-16 0 -0.9659255 0.2588203 0 -0.9659255 0.2588203 0 -0.8660551 0.4999485 0 -1 -2.22778e-18 0 -1 0 0 -0.9659272 0.2588139 0 -0.9659272 0.2588139 0 -0.866026 0.499999 0 -0.866026 0.499999 0 -0.7071032 0.7071103 0 -0.7071032 0.7071103 0 -0.499999 0.866026 0 -0.499999 0.866026 0 -0.2588188 0.9659259 0 -0.2588188 0.9659259 0 -2.22778e-16 1 0 -2.049557e-16 1 0 0.2588188 0.9659259 0 0.2588188 0.9659259 0 0.499999 0.866026 0 0.499999 0.866026 0 0.7071032 0.7071103 0 0.7071032 0.7071103 2.647515e-07 0.8660261 0.4999988 0 0.8660285 0.4999946 2.366039e-08 0.9238873 0.3826648 2.594086e-07 0.9659272 0.2588141 0 0.9659264 0.258817 0 1 8.911119e-18 0 1 0 0 1 0 0 1 0 0 1 0 0 1 0 1 0 0 1 0 0 1 0 0 1 0 0 0.4999999 0.8660255 0 0.4999999 0.8660255 0 0.4999999 0.8660255 0 0.4999999 0.8660255 0 -0.1059406 -0.3284155 -0.9385733 0.01036652 -0.4176476 -0.90855 -0.2208103 -0.4231791 -0.8787277 -0.1356263 -0.5271145 -0.8389016 0.03248051 -0.6258254 -0.7792866 -0.2207953 -0.6080964 -0.7625406 -0.1261576 -0.6844817 -0.7180313 0.0287961 -0.7854864 -0.6182086 -0.2207951 -0.7625405 -0.6080967 -0.1356263 -0.8389016 -0.5271145 0.06750174 -0.9152259 -0.3972469 -0.2208109 -0.8787278 -0.4231785 -0.1059857 -0.9385689 0.3284135 0.01035646 -0.9085484 0.4176513 -0.2208104 -0.8787276 0.4231791 -0.1356263 -0.8389016 0.5271145 0.0287961 -0.7854864 0.6182086 -0.2207953 -0.7625406 0.6080964 -0.1453967 -0.6995927 0.6995927 0.07568926 -0.5925493 0.8019704 -0.2207951 -0.6080967 0.7625405 -0.1211492 -0.5453752 0.8293906 0.06750258 -0.397247 0.9152258 -0.2208109 -0.4231792 0.8787274 -0.9982049 -0.0133267 0.05838926 -0.9982046 -0.02598836 0.05396442 -0.9731815 -0.05118881 0.224271 -0.9731799 -0.09981386 0.2072633 -0.8976383 -0.09807259 0.4296828 -0.8976306 -0.1912334 0.3971008 -0.7777448 -0.1398755 0.6128196 -0.7777459 -0.2727308 0.5663296 -0.6199123 -0.1746089 0.7649971 -0.6199017 -0.3404597 0.7069718 -0.4311116 -0.2007787 0.8796765 -0.4310982 -0.3914977 0.8129477 -0.2207667 -0.2170317 0.9508729 -0.9982049 -0.05839016 -0.01332734 -0.9982046 -0.05396443 -0.02598835 -0.9731813 -0.2242718 -0.05118876 -0.9731799 -0.2072633 -0.09981381 -0.8976371 -0.429685 -0.09807408 -0.8976306 -0.397101 -0.1912332 -0.7777434 -0.6128215 -0.1398749 -0.7777459 -0.5663299 -0.2727302 -0.6199168 -0.7649942 -0.1746055 -0.6199018 -0.7069718 -0.3404593 -0.4311119 -0.8796757 -0.2007815 -0.431098 -0.8129479 -0.3914974 -0.2207686 -0.9508733 -0.2170282 -0.9982052 2.823888e-07 0.0598871 -0.9731765 -1.251394e-06 0.2300597 -0.8976347 -2.818163e-07 0.4407402 -0.7777496 3.400244e-07 0.6285742 -0.619883 -2.168692e-06 0.7846943 -0.4311033 -4.12967e-07 0.9023026 -0.2207959 1.79187e-06 0.97532 -0.05284044 -0.004306415 0.9985937 -0.01412042 -0.1937688 0.9809456 -0.09713992 -0.3407898 0.9351075 -0.9982048 -0.03734246 0.04682581 -0.973185 -0.1434168 0.1798407 -0.8976268 -0.2748072 0.3445971 -0.7777366 -0.391918 0.4914529 -0.6199115 -0.4892316 0.6134836 -0.4310984 -0.5625813 0.7054477 -0.4310982 -0.705448 0.5625811 -0.6199114 -0.6134835 0.4892319 -0.7777372 -0.4914527 0.3919171 -0.8976262 -0.3445984 0.2748076 -0.9731851 -0.1798395 0.1434175 -0.9982048 -0.04682558 0.03734255 -0.4310993 -0.8129476 0.3914966 -0.6199004 -0.7069735 0.3404585 -0.777747 -0.5663282 0.2727306 -0.8976298 -0.3971025 0.1912336 -0.97318 -0.2072635 0.09981213 -0.9982046 -0.05396462 0.02598797 -0.02466487 -0.9794488 0.2001789 -0.2207686 -0.9508738 0.2170259 -0.4311115 -0.8796756 0.2007828 -0.6199163 -0.7649937 0.174609 -0.7777444 -0.6128205 0.1398738 -0.8976363 -0.4296862 0.09807535 -0.9731816 -0.2242704 0.05119004 -0.9982049 -0.05839049 0.01332732 -0.9982052 -0.05988709 3.113762e-07 -0.9731765 -0.2300597 -1.230299e-06 -0.8976347 -0.4407403 -2.058457e-07 -0.7777496 -0.6285743 3.967789e-07 -0.619883 -0.7846942 -2.323553e-06 -0.4311034 -0.9023025 -4.215547e-07 -0.2207959 -0.97532 1.73674e-06 -0.05284246 -0.9985936 -0.004303794 -0.01417183 -0.9809443 -0.1937714 -0.09718415 -0.9351024 -0.3407914 -0.9982048 -0.04682581 -0.03734246 -0.973185 -0.1798407 -0.1434168 -0.8976268 -0.3445971 -0.2748072 -0.7777366 -0.4914529 -0.391918 -0.6199115 -0.6134836 -0.4892316 -0.4310984 -0.7054477 -0.5625813 -0.4310982 -0.5625811 -0.705448 -0.6199114 -0.4892319 -0.6134835 -0.7777372 -0.3919171 -0.4914527 -0.8976262 -0.2748076 -0.3445984 -0.9731851 -0.1434175 -0.1798395 -0.9982048 -0.03734255 -0.04682558 -0.431099 -0.391497 -0.8129476 -0.6199004 -0.3404592 -0.7069731 -0.7777472 -0.2727309 -0.5663278 -0.8976298 -0.1912337 -0.3971025 -0.97318 -0.09981211 -0.2072635 -0.9982046 -0.02598792 -0.05396469 -0.02462078 -0.2001804 -0.9794496 -0.2207668 -0.2170298 -0.9508733 -0.4311108 -0.20078 -0.8796766 -0.6199119 -0.1746118 -0.7649967 -0.7777459 -0.1398746 -0.6128184 -0.8976375 -0.09807417 -0.429684 -0.9731818 -0.05119017 -0.2242696 -0.9982049 -0.01332679 -0.05838959 -0.9982052 -2.823888e-07 -0.0598871 -0.9731765 1.251394e-06 -0.2300597 -0.8976347 2.818163e-07 -0.4407402 -0.7777496 -3.400244e-07 -0.6285742 -0.619883 2.168692e-06 -0.7846943 -0.4311033 4.12967e-07 -0.9023026 -0.2207959 -1.79187e-06 -0.97532 -0.05579959 -6.454799e-07 -0.998442 0 -1 -1.03313e-15 0 -1 -1.033687e-15 0 -0.9659245 -0.2588239 0 -0.9659245 -0.2588239 0 -0.8659917 -0.5000584 0 -0.8659917 -0.5000584 0 -0.7070933 -0.7071203 0 -0.7070933 -0.7071203 0 -0.5000057 -0.8660221 0 -0.5000057 -0.8660221 0 -0.25887 -0.9659122 0 -0.25887 -0.9659122 0 -2.495164e-16 -1 0 -2.495164e-16 -1 0 0.25887 -0.9659122 0 0.25887 -0.9659122 0 0.5000057 -0.8660221 0 0.5000057 -0.8660221 0 0.7070933 -0.7071203 0 0.7070933 -0.7071203 0 0.8659917 -0.5000584 0 0.8659917 -0.5000584 0 0.9659245 -0.2588239 0 0.9659245 -0.2588239 0 1 -1.033687e-15 0 1 -1.033687e-15 -0.5000007 -0.866025 0 -0.5000007 -0.866025 0 -0.5000007 -0.866025 0 -0.5000007 -0.866025 0 1 0 0 1 0 0 1 0 0 1 0 0 0 -1 0 0 -1 0 0 -1 0 0 -1 0 0.4999999 -0.8660255 0 0.4999999 -0.8660255 0 0.4999999 -0.8660255 0 0.4999999 -0.8660255 0 1 0 0 1 0 0 1 0 0 0.9978681 -0.06526317 0 0.9978681 -0.06526317 0 -0.4999999 -0.8660255 0 -0.4999999 -0.8660255 0 -0.4999999 -0.8660255 0 -0.4999999 -0.8660255 0 -0.9978681 -0.06526317 0 -0.9978681 -0.06526317 0 -1 0 0 -1 0 0 -1 0 0 0.1059406 0.9385733 0.3284155 -0.01036652 0.90855 0.4176476 0.2208103 0.8787277 0.4231791 0.1356263 0.8389016 0.5271145 -0.0287961 0.7854864 0.6182086 0.2207953 0.7625406 0.6080964 0.1453967 0.6995927 0.6995927 -0.0287961 0.6182086 0.7854864 0.2207951 0.6080967 0.7625405 0.1356263 0.5271145 0.8389016 -0.06750174 0.3972469 0.9152259 0.2208109 0.4231785 0.8787278 0.1059857 -0.3284135 0.9385689 -0.01035646 -0.4176513 0.9085484 0.2208104 -0.4231791 0.8787276 0.1356263 -0.5271145 0.8389016 -0.0287961 -0.6182086 0.7854864 0.2207953 -0.6080964 0.7625406 0.1453967 -0.6995927 0.6995927 -0.0287961 -0.7854864 0.6182086 0.2207951 -0.7625405 0.6080967 0.1356263 -0.8389016 0.5271145 -0.06750258 -0.9152258 0.397247 0.2208109 -0.8787274 0.4231792 0.9731815 -0.224271 0.05118881 0.9731799 -0.2072633 0.09981386 0.8976383 -0.4296828 0.09807259 0.8976306 -0.3971008 0.1912334 0.7777448 -0.6128196 0.1398755 0.7777459 -0.5663296 0.2727308 0.6199123 -0.7649971 0.1746089 0.6199017 -0.7069718 0.3404597 0.4311116 -0.8796765 0.2007787 0.4310982 -0.8129477 0.3914977 0.2207667 -0.9508729 0.2170317 0.9731813 0.05118876 0.2242718 0.9731799 0.09981381 0.2072633 0.8976371 0.09807408 0.429685 0.8976306 0.1912332 0.397101 0.7777434 0.1398749 0.6128215 0.7777459 0.2727302 0.5663299 0.6199168 0.1746055 0.7649942 0.6199018 0.3404593 0.7069718 0.4311119 0.2007815 0.8796757 0.431098 0.3914974 0.8129479 0.2207686 0.2170282 0.9508733 0.01412042 -0.9809456 0.1937688 0.09713992 -0.9351075 0.3407898 0.973185 -0.1798407 0.1434168 0.8976268 -0.3445971 0.2748072 0.7777366 -0.4914529 0.391918 0.6199115 -0.6134836 0.4892316 0.4310984 -0.7054477 0.5625813 0.4310982 -0.5625811 0.705448 0.6199114 -0.4892319 0.6134835 0.7777372 -0.3919171 0.4914527 0.8976262 -0.2748076 0.3445984 0.9731851 -0.1434175 0.1798395 0.4310993 -0.3914966 0.8129476 0.6199004 -0.3404585 0.7069735 0.777747 -0.2727306 0.5663282 0.8976298 -0.1912336 0.3971025 0.97318 -0.09981213 0.2072635 0.02466487 -0.2001789 0.9794488 0.2207686 -0.2170259 0.9508738 0.4311115 -0.2007828 0.8796756 0.6199163 -0.174609 0.7649937 0.7777444 -0.1398738 0.6128205 0.8976363 -0.09807535 0.4296862 0.9731816 -0.05119004 0.2242704 0.9731765 1.230299e-06 0.2300597 0.8976347 2.058457e-07 0.4407403 0.7777496 -3.967789e-07 0.6285743 0.619883 2.323553e-06 0.7846942 0.4311034 4.215547e-07 0.9023025 0.2207959 -1.73674e-06 0.97532 0.05284246 0.004303794 0.9985936 0.01417183 0.1937714 0.9809443 0.09718415 0.3407914 0.9351024 0.973185 0.1434168 0.1798407 0.8976268 0.2748072 0.3445971 0.7777366 0.391918 0.4914529 0.6199115 0.4892316 0.6134836 0.4310984 0.5625813 0.7054477 0.4310982 0.705448 0.5625811 0.6199114 0.6134835 0.4892319 0.7777372 0.4914527 0.3919171 0.8976262 0.3445984 0.2748076 0.9731851 0.1798395 0.1434175 0.431099 0.8129476 0.391497 0.6199004 0.7069731 0.3404592 0.7777472 0.5663278 0.2727309 0.8976298 0.3971025 0.1912337 0.97318 0.2072635 0.09981211 0.02462078 0.9794496 0.2001804 0.2207668 0.9508733 0.2170298 0.4311108 0.8796766 0.20078 0.6199119 0.7649967 0.1746118 0.7777459 0.6128184 0.1398746 0.8976375 0.429684 0.09807417 0.9731818 0.2242696 0.05119017 0.5000007 0.866025 0 0.5000007 0.866025 0 0.5000007 0.866025 0 0.5000007 0.866025 0 0 0 -1 0 0 -1 0 0 -1 0 0 -1 0 0 -1 0 0 -1 0 0 -1 0 0 -1 0 0 -1 0 0 -1 0 0 -1 0 0 -1 0 0 -1 0 0 -1 0 0 -1 0 0 -1 0 0 -1 0 0 -1 0 0 -1 0 0 -1 0 0 -1 0 0 -1 0 0 -1 0 0 -1 0 0 -1 0 0 -1 0 0 -1 0 0 -1 0 0 -1 0 0 -1 0 0 -1 0 0 -1 0 0 -1 0 0 -1 0 0 -1 0 0 -1 0 0 -1 0 0 -1 0 0 -1 0 0 -1 0 0 -1 0 0 -1 0 0 -1 0 0 -1 0 0 -1 0 0 -1 0 0 -1 0 0 -1 0 0 -1 0 0 -1 0 0 -1 0 0 -1 0 0 -1 0 0 -1 0 0 -1 0 0 -1 0 0 -1 0 0 -1 0 0 -1 0 0 -1 0 0 -1 0 0 -1 0 0 -1 0 0 -1 0 0 -1 0 0 -1 0 0 -1 0 0 -1 0 0 -1 0 0 -1 0 0 -1 0 0 -1 0 0 -1 0 0.9918841 -0.1271457 -2.964084e-06 0.9918842 -0.1271443 -9.054939e-06 0.9918845 -0.1271422 -9.262908e-06 0.9918845 -0.1271419 -5.824061e-06 0.9859928 -0.1667876 0 0.9859947 -0.1667767 -0.8660062 -0.5000332 0 -0.8660062 -0.5000332 0 -0.8660062 -0.5000332 0 0 -1 4.199365e-16 0 -1 4.188226e-16 0 -0.9659259 0.2588188 0 -0.9659259 0.2588188 0 -0.866026 0.499999 0 -0.866026 0.499999 0 -0.7071103 0.7071032 0 -0.7071103 0.7071032 0 -0.499999 0.866026 0 -0.499999 0.866026 0 -0.2588139 0.9659272 0 -0.2588139 0.9659272 0 -7.128895e-17 1 0 -6.237783e-17 1 0 0.2588139 0.9659272 0 0.2588139 0.9659272 0 0.499999 0.866026 0 0.499999 0.866026 0 0.7071103 0.7071032 0 0.7071103 0.7071032 0 0.866026 0.499999 0 0.866026 0.499999 0 0.9659259 0.2588188 0 0.9659259 0.2588188 0 1 4.188226e-16 0 1 4.188226e-16 -0.4999999 0.8660255 0 -0.4999999 0.8660255 0 -0.4999999 0.8660255 0 -0.4999999 0.8660255 0 0 0 -1 0 0 -1 0 0 -1 -0.6715507 0 -0.7409586 -0.6715507 0 -0.7409586 -0.5555866 0 -0.8314587 -0.5555866 0 -0.8314587 -0.3826943 0 -0.923875 -0.3826943 0 -0.923875 -0.1950872 0 -0.9807859 -0.1950872 0 -0.9807859 -0.04908364 0 -0.9987947 -0.04908364 0 -0.9987947 0 0 -1 0 0 -1 0 0 -1 0 0 -1 0 0 -1 0 0 -1 0 0 -1 0 0 -1 0 0 -1 0 0 -1 0 0 -1 0 0 -1 0 0 -1 0 0 -1 0 0 -1 0 0 -1 0 0 -1 0 0 -1 0 0 -1 0 0 -1 0 0 -1 0 0 -1 0 0 -1 0 0 -1 0 0 -1 0 0 -1 0 0 -1 0 0 -1 0 0 -1 0 0 -1 0 0 -1 0 0 -1 0 0 -1 0 0 -1 0 0 -1 0 0 -1 0 0 -1 0 0 -1 0 0 -1 0 0 -1 0 0 -1 0 0 -1 0 0 -1 0 0 -1 0 -1 8.298479e-16 0 -1 8.198229e-16 0 -0.9659259 0.2588188 0 -0.9659259 0.2588188 0 -0.866026 0.499999 0 -0.866026 0.499999 0 -0.7071103 0.7071032 0 -0.7071103 0.7071032 0 -0.499999 0.866026 0 -0.499999 0.866026 0 -0.2588139 0.9659272 0 -0.2588139 0.9659272 0 -7.128895e-17 1 0 -6.237783e-17 1 0 0.2588139 0.9659272 0 0.2588139 0.9659272 0 0.499999 0.866026 0 0.499999 0.866026 0 0.7071103 0.7071032 0 0.7071103 0.7071032 0 0.866026 0.499999 0 0.866026 0.499999 0 0.9659259 0.2588188 0 0.9659259 0.2588188 0 1 8.198229e-16 0 1 8.287341e-16 0.04960136 -0.9505443 0.3066029 -0.002764808 -0.9999564 0.008924445 0.05269322 -0.9986015 0.004300683 0.01399547 -0.9809229 0.1938926 0.09690715 -0.9350943 0.3408925 0.0824677 -0.8553242 0.5114876 -0.06728297 -0.9152689 0.3971849 0.135987 -0.8388796 0.5270565 -0.02863193 -0.7854588 0.6182513 0.1393485 -0.6626592 0.7358429 0.1261715 -0.6844927 0.7180185 -0.100249 -0.6676692 0.7376774 -0.03247513 -0.6258382 0.7792766 0.08145554 -0.516204 0.8525834 0.1356263 -0.5271145 0.8389016 -0.01036652 -0.4176476 0.90855 0.03042341 -0.2866975 0.957538 0.1059406 -0.3284155 0.9385733 0.02462078 -0.2001804 0.9794496 -0.005951756 0.00844267 0.9999466 0.05284044 0.004306415 0.9985937 0.04925293 0.3065404 0.9505825 0.01412042 0.1937688 0.9809456 0.09713992 0.3407898 0.9351075 0.08254429 0.5115167 0.8552994 -0.06750258 0.397247 0.9152258 0.1356263 0.5271145 0.8389016 -0.0287961 0.6182086 0.7854864 0.09978308 0.7035778 0.7035778 0.1453967 0.6995927 0.6995927 -0.0287961 0.7854864 0.6182086 0.08145799 0.8525825 0.5162051 0.1356263 0.8389016 0.5271145 -0.01035646 0.9085484 0.4176513 0.03049298 0.9575373 0.2866922 0.0557997 0.998442 4.869208e-07 -0.008685078 0.9999622 0.0004888495 0.02466487 0.9794488 0.2001789 0.1059857 0.9385689 0.3284135 0 -4.455554e-18 -1 0 8.911108e-18 -1 0 -0.2588174 -0.9659263 0 -0.2588174 -0.9659263 0 -0.500004 -0.8660231 0 -0.500004 -0.8660231 0 -0.7071068 -0.7071068 0 -0.7071068 -0.7071068 0 -0.8660223 -0.5000054 0 -0.8660223 -0.5000054 0 -0.965926 -0.2588184 0 -0.965926 -0.2588184 0 -1 -1.069333e-16 0 -1 -1.158444e-16 0 -0.965926 0.2588184 0 -0.965926 0.2588184 0 -0.8660223 0.5000054 0 -0.8660223 0.5000054 0 -0.7071068 0.7071068 0 -0.7071068 0.7071068 0 -0.500004 0.8660231 0 -0.500004 0.8660231 0 -0.2588174 0.9659263 0 -0.2588174 0.9659263 0 8.911108e-18 1 0 -8.911108e-18 1 -0.06541393 -0.9978582 0 -0.06541393 -0.9978582 0 -0.2588295 -0.965923 0 -0.2588295 -0.965923 0 -0.5000086 -0.8660204 0 -0.5000086 -0.8660204 0 -0.7071068 -0.7071068 0 -0.7071068 -0.7071068 0 -0.8660204 -0.5000086 0 -0.8660204 -0.5000086 0 -0.9659208 -0.2588379 0 -0.965923 -0.2588296 2.039234e-07 -0.9914457 -0.13052 3.789287e-09 -0.9978582 -0.0654138 2.049431e-07 -0.9978606 -0.06537738 0 0.08145573 -0.9407561 -0.329155 0.03305584 -0.9085809 -0.4163989 0.2208161 -0.8787291 -0.4231731 0.1028529 -0.8422417 -0.5291977 0.01722492 -0.7932679 -0.6086291 0.2207928 -0.7625373 -0.6081015 0.1198014 -0.7020141 -0.7020141 -0.07887202 -0.5959085 -0.7991698 0.2207914 -0.6081004 -0.7625386 0.1073942 -0.5563647 -0.8239689 -0.005868898 -0.4437443 -0.8961342 0.2208065 -0.4231768 -0.8787297 0.1407186 -0.3269944 -0.9344908 -0.01181049 -0.2280062 -0.973588 0.2207605 -0.2170364 -0.9508733 0.1448641 -0.1107834 -0.9832301 -0.01377602 -1.698496e-16 -0.9999051 0.2207935 1.118494e-06 -0.9753206 0.1448641 0.1107834 -0.9832301 -0.01181049 0.2280062 -0.973588 0.220761 0.2170349 -0.9508735 0.09623109 0.8375828 -0.5377681 0.01946554 0.9126187 -0.4083481 0.2210195 0.878683 -0.4231626 0.07694876 0.9389904 -0.3352251 0.04782884 0.9767403 -0.2090236 0.2209018 0.9508236 -0.2171104 0.9731488 0.1799599 -0.1435127 0.9731844 0.1434203 -0.1798409 0.8976062 0.3446243 -0.2748404 0.897627 0.2748088 -0.3445953 0.777684 0.4915202 -0.391938 0.7777341 0.391926 -0.4914506 0.6200257 0.6134136 -0.4891747 0.9731728 0.2072953 -0.09981637 0.8975221 0.3972935 -0.1913426 0.7776476 0.5664261 -0.2728107 0.6198908 0.706975 -0.3404728 0.4311789 0.8129094 -0.3914883 0.9731744 0.2242995 -0.05119856 0.8976829 0.4295976 -0.09803781 0.7777909 0.612769 -0.1398406 0.6196444 0.7651979 -0.1746796 0.4312844 0.8795865 -0.2008016 0.4310901 0.5625871 -0.7054482 0.2207913 0.6081127 -0.7625288 0.2206325 0.7625415 -0.6081544 0.6199185 0.4892324 -0.6134759 0.431103 0.7054782 -0.5625395 -0.01460869 0.8028532 -0.5959978 0.1407186 0.3269944 -0.9344908 -0.005869128 0.443744 -0.8961344 0.2208067 0.423177 -0.8787295 0.4310759 0.3914976 -0.8129596 0.6198954 0.3404679 -0.7069734 0.7777616 0.2727211 -0.5663127 0.8976298 0.1912337 -0.3971025 0.97318 0.09981211 -0.2072635 0.1323792 0.5273498 -0.8392723 -0.05389852 0.6521545 -0.7561676 0.1105029 0.6930233 -0.7123959 0.9731818 0.05119017 -0.2242696 0.8976375 0.09807417 -0.429684 0.7777463 0.1398736 -0.6128182 0.6199115 0.174611 -0.7649972 0.4311108 0.20078 -0.8796766 0.9731765 -1.251394e-06 -0.2300597 0.8976347 -2.818163e-07 -0.4407402 0.7777496 3.400244e-07 -0.6285742 0.619883 -2.168692e-06 -0.7846943 0.4311033 -4.12967e-07 -0.9023026 0.4311116 -0.2007787 -0.8796765 0.6199123 -0.1746089 -0.7649971 0.7777448 -0.1398755 -0.6128196 0.8976383 -0.09807259 -0.4296828 0.9731815 -0.05118881 -0.224271 0.4310982 -0.3914977 -0.8129477 0.6199017 -0.3404597 -0.7069718 0.7777459 -0.2727308 -0.5663296 0.8976306 -0.1912334 -0.3971008 0.9731799 -0.09981386 -0.2072633 0.4310984 -0.5625813 -0.7054477 0.6199115 -0.4892316 -0.6134836 0.7777366 -0.391918 -0.4914529 0.8976268 -0.2748072 -0.3445971 0.973185 -0.1434168 -0.1798407 0.4310982 -0.705448 -0.5625811 0.6199114 -0.6134835 -0.4892319 0.7777372 -0.4914527 -0.3919171 0.8976262 -0.3445984 -0.2748076 0.9731851 -0.1798395 -0.1434175 0.4310993 -0.8129476 -0.3914966 0.6199004 -0.7069735 -0.3404585 0.777747 -0.5663282 -0.2727306 0.8976298 -0.3971025 -0.1912336 0.97318 -0.2072635 -0.09981213 0.04812497 -0.9768293 -0.208539 0.2207731 -0.9508735 -0.2170227 0.4311115 -0.8796756 -0.2007828 0.6199163 -0.7649937 -0.174609 0.7777444 -0.6128205 -0.1398738 0.8976363 -0.4296862 -0.09807535 0.9731816 -0.2242704 -0.05119004 -0.8660255 0.4999998 0 -0.8660255 0.4999998 0 -0.8660255 0.4999998 0 -0.8660255 0.4999998 0 -0.00870417 0.999962 0.0004861432 0.01370243 0.9627094 -0.2701905 0.04664368 0.8631928 -0.5027152 0.07989833 0.7119655 -0.6976542 0.08297602 0.5512996 -0.8301709 0.09722711 0.3385467 -0.9359129 0.1051143 0.1146683 -0.987827 0.1051143 -0.1146683 -0.987827 0.09722711 -0.3385467 -0.9359129 0.1289344 -0.589697 -0.7972662 -0.1613353 -0.6368603 -0.7539097 0.05907393 -0.7269307 -0.6841652 0.03147506 -0.8704929 -0.4911736 0.005505044 -0.9658936 -0.2588806 -0.002746388 -0.9999564 0.008926157 1 0 0 1 0 0 1 0 0 1 0 0 0.4999999 -0.8660255 0 0.4999999 -0.8660255 0 0.4999999 -0.8660255 0 0.4999999 -0.8660255 0 -0.06537738 0.9978606 0 -0.06539985 0.9978591 -1.896577e-07 -0.1304999 0.9914483 -1.052003e-08 -0.2588019 0.9659304 -1.823273e-07 -0.2588041 0.9659298 0 -0.4999959 0.8660278 0 -0.4999959 0.8660278 0 -0.7071365 0.707077 0 -0.7071365 0.707077 0 -0.8660415 0.4999722 0 -0.8660415 0.4999722 0 -0.9659132 0.2588661 0 -0.9659132 0.2588661 0 -0.9978557 0.06545183 0 -0.9978557 0.06545183 0 -1 0 0 -1 0 0 -1 0 0 -1 0 0 0 0 -1 0 0 -1 0 0 -1 0 0 -1 0 0 -1 0 0 -1 0 0 -1 0 0 -1 0 0 -1 0 0 -1 0 0 -1 0 0 -1 0 0 -1 0 0 -1 0 0 -1 0 0 -1 0 0 -1 0 0 -1 0 0 -1 0 0 -1 0 0 -1 0 0 -1 0 0 -1 0 0 -1 0 0 -1 0 0 -1 0 0 -1 0 0 -1 0 0 -1 0 0 -1 0 0 -1 0 0 -1 0 0 -1 0 0 -1 0 0 -1 0 0 -1 0 0 -1 0 0 -1 0 0 -1 0 0 -1 0 0 -1 0 0 -1 0 0 -1 0 0 -1 0 0 -1 0 0 -1 0 0 -1 0 0 -1 0 0 -1 0 0 -1 0 0 -1 0 0 -1 0 0 -1 0 0 -1 0 0 -1 0 0 -1 0 0 -1 0 0 -1 0 0 -1 0.4999999 -0.8660255 0 0.4999999 -0.8660255 0 0.4999999 -0.8660255 0 0.4999999 -0.8660255 0 0 0 -1 0 0 -1 0 0 -1 0.06539997 0.9978591 0 0.06539997 0.9978591 0 0.2588018 0.9659305 0 0.2588018 0.9659305 0 0.4999959 0.8660278 0 0.4999959 0.8660278 0 0.7071365 0.707077 0 0.7071365 0.707077 0 0.8660415 0.4999722 0 0.8660415 0.4999722 0 0.9659132 0.2588661 0 0.9659132 0.2588661 0 0.9978557 0.06545183 0 0.9978557 0.06545183 0 0.7071068 -1.884162e-16 -0.7071068 0.7071068 0 -0.7071068 0.7071068 -2.37921e-16 -0.7071068 0.7071068 -1.351977e-16 -0.7071068 0.7071068 0 -0.7071068 0.7071068 3.022673e-16 -0.7071068 0.7071068 8.764599e-17 -0.7071068 0.7071068 5.738072e-16 -0.7071068 0 -1 0 0 -1 0 0 -0.9659272 0.2588139 0 -0.9659272 0.2588139 0 -0.866026 0.499999 0 -0.866026 0.499999 0 -0.7071032 0.7071103 0 -0.7071032 0.7071103 0 -0.499999 0.866026 0 -0.499999 0.866026 0 -0.2588188 0.9659259 0 -0.2588188 0.9659259 0 -2.22778e-16 1 0 -2.049557e-16 1 0 0.2588188 0.9659259 0 0.2588188 0.9659259 0 0.499999 0.866026 0 0.499999 0.866026 0 0.7071032 0.7071103 0 0.7071032 0.7071103 0 0.8660285 0.4999946 -2.647515e-07 0.8660261 0.4999988 -2.366039e-08 0.9238873 0.3826648 -2.594086e-07 0.9659272 0.2588141 0 1 -8.911119e-18 0 1 8.911119e-18 0 0.9659264 0.258817 -1 0 0 -1 0 0 -1 0 0 -1 0 0 -1 0 0 -1 0 0 -1 0 0 -1 0 0 -1 0 0 -1 0 0 -1 0 0 -1 0 0 0.8660318 -0.499989 0 0.8660318 -0.499989 0 0.8660318 -0.499989 0 0.8660318 -0.499989 0 0.5000007 0.866025 0 0.5000007 0.866025 0 0.5000007 0.866025 0 0.5000007 0.866025 0 1 0 0 1 0 0 1 0 0 1 0 0 1 0 0 1 0 0 1 0 0 1 0 0 1 0 0 1 0 0 1 0 0 1 0 0 1 0 0 1 0 0 1 0 0 1 0 0 1 0 0 1 0 0 1 0 0 1 0 0 1 0 0 1 0 0 1 0 0 1 0 0 1 0 0 1 0 0 1 0 0 1 0 0 1 0 0 1 0 0 1 0 0 1 0 0 1 0 0 1 0 0 1 0 0 1 0 0 1 0 0 1 0 0 1 0 0 1 0 0 1 0 0 1 0 0 1 0 0 1 0 0 1 0 0 1 0 0 1 0 0 1 0 0 -1 0 0 -1 0 0 -1 0 0 -1 0 0 0 -1 0 0 -1 0 0 -1 0 0 -1 0 0 -1 0 0 -1 0 0 -1 0 0 -1 0 0 0.2588174 0.9659263 0 0.2588174 0.9659263 0 0.500004 0.8660231 0 0.500004 0.8660231 0 0.7071068 0.7071068 0 0.7071068 0.7071068 0 0.8660223 0.5000054 0 0.8660223 0.5000054 0 0.965926 0.2588184 0 0.965926 0.2588184 0 1 -1.158444e-16 0 1 -1.069333e-16 0 0.965926 -0.2588184 0 0.965926 -0.2588184 0 0.8660223 -0.5000054 0 0.8660223 -0.5000054 0 0.7071068 -0.7071068 0 0.7071068 -0.7071068 0 0.500004 -0.8660231 0 0.500004 -0.8660231 0 0.2588174 -0.9659263 0 0.2588174 -0.9659263 -0.04925293 -0.3065404 0.9505825 0.002746061 -0.008932237 0.9999563 -0.1114709 -0.5434657 0.8319972 0.230472 -0.578518 0.7824318 -0.09978413 -0.7035779 0.7035775 -0.08145799 -0.8525825 0.5162051 -0.03049298 -0.9575373 0.2866922 0.005947913 -0.9999467 -0.008437227 -0.04932227 -0.9505794 -0.3065389 -0.08254735 -0.855299 -0.511517 -0.1392785 -0.6626629 -0.7358528 0.1002875 -0.6676445 -0.7376945 -0.08145554 -0.516204 -0.8525834 -0.03042341 -0.2866975 -0.957538 0.008688584 -0.0004894864 -0.9999621 -0.675195 0 -0.7376393 -0.675195 0 -0.7376393 -0.5637214 0 -0.825965 -0.5637214 0 -0.825965 -0.4115825 0 -0.9113725 -0.4172046 -0.002788796 -0.9088083 -0.2945055 0.00549381 -0.955634 -0.3122731 -0.007906269 -0.9499595 -0.1959783 0.0114697 -0.9805412 -0.2258533 -0.005742592 -0.9741444 -0.1342261 0.01351423 -0.9908586 -0.1656404 -0.005345364 -0.9861717 -0.0884395 0.007418172 -0.9960539 -0.1099849 -0.008549547 -0.9938965 -0.3153013 -0.9489916 0 -0.3152997 -0.9489922 -4.799436e-06 -0.3153072 -0.9489897 -9.213784e-06 -0.3153041 -0.9489907 -1.634229e-05 -0.3153129 -0.9489878 -1.671641e-05 -0.3153063 -0.94899 -2.060549e-05 -0.3153009 -0.9489918 -2.510275e-05 -0.3153169 -0.9489864 -1.671417e-05 -0.3153306 -0.9489819 -9.934415e-07 -0.3153324 -0.9489813 0 -1 0 0 -1 0 0 -1 0 0 -1 0 0 -0.4999999 0.8660255 0 -0.4999999 0.8660255 0 -0.4999999 0.8660255 0 -0.4999999 0.8660255 0 -0.4999998 0.8660255 0 -0.4999998 0.8660255 0 -0.4999998 0.8660255 0 -0.4999998 0.8660255 0 0.4999998 0.8660255 0 0.4999998 0.8660255 0 0.4999998 0.8660255 0 0.4999998 0.8660255 0 7.797229e-18 1 0 -8.911119e-18 1 0 -0.2588139 0.9659272 0 -0.2588139 0.9659272 0 -0.499999 0.866026 0 -0.499999 0.866026 0 -0.7071103 0.7071032 0 -0.7071103 0.7071032 0 -0.866026 0.499999 0 -0.866026 0.499999 0 -0.9659259 0.2588188 0 -0.9659259 0.2588188 0 -1 -1.871335e-16 0 -1 -2.049557e-16 0 -0.9659259 -0.2588188 0 -0.9659259 -0.2588188 0 -0.866026 -0.499999 0 -0.866026 -0.499999 0 -0.7071103 -0.7071032 0 -0.7071103 -0.7071032 0 -0.499999 -0.866026 0 -0.499999 -0.866026 0 -0.2588139 -0.9659272 0 -0.2588139 -0.9659272 0 -8.911119e-18 -1 0 8.911119e-18 -1 0 0 0 -1 0 0 -1 0 0 -1 0 0 -1 0 0 -1 0 0 -1 0 0 -1 0 0 -1 0 -1 -4.455559e-18 0 -1 8.911119e-18 0 -0.9659272 0.2588139 0 -0.9659272 0.2588139 0 -0.866026 0.499999 0 -0.866026 0.499999 0 -0.7071032 0.7071103 0 -0.7071032 0.7071103 0 -0.499999 0.866026 0 -0.499999 0.866026 0 -0.2588188 0.9659259 0 -0.2588188 0.9659259 0 6.237783e-16 1 0 6.326894e-16 1 0 0.2588188 0.9659259 0 0.2588188 0.9659259 0 0.499999 0.866026 0 0.499999 0.866026 0 0.7071032 0.7071103 0 0.7071032 0.7071103 2.647515e-07 0.8660261 0.4999988 0 0.8660285 0.4999946 2.366039e-08 0.9238873 0.3826648 2.594086e-07 0.9659272 0.2588141 0 0.9659264 0.258817 0 1 0 0 1 0 0 -1 0 0 -1 0 0 -1 0 0 -1 0 0 -1 0 0 -1 0 0 -1 0 0 -1 0 0 -1 0 0 -1 0 0 -1 0 0 -1 0 0 -1 0 0 -1 0 0 -1 0 0 -1 0 0 -1 0 0 -1 0 0 -1 0 0 -1 0 0 -1 0 0 -1 0 0 -1 0 0 -1 0 0 -1 0 0 -1 0 0 -1 0 0 -1 0 0 -1 0 0 -1 0 0 -1 0 0 -1 0 0 -1 0 0 -1 0 0 -1 0 0 -1 0 0 -1 0 0 -1 0 0 1 0 0 1 0 0 1 0 0 1 0 0 1 0 0 1 0 0 1 0 0 1 0 0.4999998 0.8660255 0 0.4999998 0.8660255 0 0.4999998 0.8660255 0 0.4999998 0.8660255 0 -0.8660291 0.4999936 0 -0.8660291 0.4999936 0 -0.8660291 0.4999936 0 -0.8660291 0.4999936 0 0.675195 0 -0.7376393 0.675195 0 -0.7376393 0.5637214 0 -0.825965 0.5637214 0 -0.825965 0.4115825 0 -0.9113725 0.4172046 0.002788796 -0.9088083 0.2945055 -0.00549381 -0.955634 0.3122731 0.007906269 -0.9499595 0.1959783 -0.0114697 -0.9805412 0.2258533 0.005742592 -0.9741444 0.1342261 -0.01351423 -0.9908586 0.1656404 0.005345364 -0.9861717 0.0884395 -0.007418172 -0.9960539 0.1099849 0.008549547 -0.9938965 0.3153008 -0.9489918 0 0.3153076 -0.9489895 -6.429076e-06 0.3153192 -0.9489857 -5.286427e-06 0.3153316 -0.9489815 -1.578848e-05 0.3152939 -0.9489941 0 0.315296 -0.9489934 -4.679243e-06 0.3153087 -0.9489892 -9.012462e-06 0.3153104 -0.9489886 -1.09578e-05 0.3153232 -0.9489843 -4.831415e-06 0.3153353 -0.9489803 -1.750125e-05 -0.566524 -0.8240453 0 -0.566524 -0.8240453 0 -0.4633937 -0.8861525 0 -0.4633937 -0.8861525 0 -0.2385866 -0.9711212 0 -0.2385866 -0.9711212 0 -7.119491e-17 -1 0 -7.119491e-17 -1 0 0.2385866 -0.9711212 0 0.2385866 -0.9711212 0 0.4633937 -0.8861525 0 0.4633937 -0.8861525 0 0.566524 -0.8240453 0 0.566524 -0.8240453 0 -1 0 0 -0.9982049 -0.04682594 0.03734042 -1 0 0 -0.9982052 -0.03733992 0.04682037 -1 0 0 -0.9982075 -0.02596509 0.0539216 -1 0 0 -0.9982059 -0.01332567 0.05837216 -1 0 0 -0.9982072 1.305966e-06 0.05985277 -1 0 0 -0.998206 0.01332268 0.0583726 -1 0 0 -0.9982075 0.0259685 0.05392015 -1 0 0 -1 0 0 -0.9982048 0.04682558 -0.03734255 -1 0 0 -0.9982048 0.03734246 -0.04682581 -1 0 0 -0.9982046 0.02598835 -0.05396443 -1 0 0 -0.9982049 0.01332734 -0.05839016 -1 0 0 -0.9982052 -3.113762e-07 -0.05988709 -1 0 0 -0.9982049 -0.01332732 -0.05839049 -1 0 0 -0.9982051 0.03733946 0.04682249 -0.9982049 0.04682612 0.0373407 -1 0 0 -0.9982046 0.05396442 0.02598836 -1 0 0 -0.9982049 0.05838926 0.0133267 -1 0 0 -0.9982052 0.0598871 -2.823888e-07 -1 0 0 -0.9982049 0.05838959 -0.01332679 -0.9982046 0.05396469 -0.02598792 -0.9982046 -0.02598797 -0.05396462 -0.9982048 -0.03734255 -0.04682558 -1 0 0 -0.9982048 -0.04682581 -0.03734246 -1 0 0 -0.9982046 -0.05396442 -0.02598836 -1 0 0 -0.9982049 -0.05838926 -0.0133267 -1 0 0 -0.9982052 -0.0598871 2.823888e-07 -1 0 0 -0.9982049 -0.05838959 0.01332679 -0.9982046 -0.05396469 0.02598792 -0.04925293 -0.3065404 0.9505825 0.002746061 -0.008932237 0.9999563 -0.05284044 -0.004306415 0.9985937 -0.01412042 -0.1937688 0.9809456 -0.09713992 -0.3407898 0.9351075 -0.1114709 -0.5434657 0.8319972 0.06750258 -0.397247 0.9152258 -0.1211492 -0.5453752 0.8293906 0.2304525 -0.5785369 0.7824236 0.07568358 -0.5925618 0.8019616 -0.09985444 -0.703578 0.7035675 -0.1454147 -0.6996051 0.6995765 0.02863193 -0.7854588 0.6182513 -0.08137799 -0.8526071 0.516177 -0.135987 -0.8388796 0.5270565 0.01010126 -0.9085922 0.4175622 -0.0307726 -0.9575089 0.2867572 -0.1058224 -0.9385364 0.3285591 -0.02449235 -0.979429 0.2002972 0.005948604 -0.9999467 -0.008438221 -0.05269322 -0.9986015 -0.004300683 -0.04960136 -0.9505443 -0.3066029 -0.01399547 -0.9809229 -0.1938926 -0.09690715 -0.9350943 -0.3408925 -0.0824677 -0.8553242 -0.5114876 0.06728297 -0.9152689 -0.3971849 -0.135987 -0.8388796 -0.5270565 0.02863193 -0.7854588 -0.6182513 -0.1393485 -0.6626592 -0.7358429 -0.1261715 -0.6844927 -0.7180185 0.100249 -0.6676692 -0.7376774 0.03247513 -0.6258382 -0.7792766 -0.08145554 -0.516204 -0.8525834 -0.1356263 -0.5271145 -0.8389016 0.01036652 -0.4176476 -0.90855 -0.03042341 -0.2866975 -0.957538 -0.05579959 -6.454799e-07 -0.998442 0.008688584 -0.0004894864 -0.9999621 -0.02462078 -0.2001804 -0.9794496 -0.1059406 -0.3284155 -0.9385733 0 0 -1 0 0 -1 0 0 -1 0 0 -1 0 0 -1 0 0 -1 0 0 -1 0 0 -1 0.04908364 0 -0.9987947 -0.04908364 0 -0.9987947 0.04908364 0 -0.9987947 -0.04908364 0 -0.9987947 0 0 -1 0 0 -1 0 0 -1 0 0 -1 0 0 -1 0 0 -1 0 0 -1 0 0 -1 0 0 -1 0 0 -1 0 0 -1 0 0 -1 0 0 -1 0 0 -1 -0.04811998 0.2085221 -0.9768332 -0.01371795 0.2700165 -0.962758 -0.07738257 0.3348006 -0.9391062 -0.04685253 0.502775 -0.8631466 -0.01945056 0.4084127 -0.9125901 -0.09609877 0.5378228 -0.8375629 -0.07960069 0.6976317 -0.7120208 0.0148806 0.595965 -0.8028725 -0.1103948 0.712388 -0.6930486 -0.08334437 0.83015 -0.5512755 0.05355077 0.7561975 -0.6521484 -0.1327884 0.8392261 -0.5273204 0.005788911 0.8961289 -0.4437561 -0.09648032 0.9359676 -0.3386092 -0.1405854 0.9344812 -0.3270789 0.01205118 0.9735901 -0.2279847 -0.105762 0.9877595 -0.1146539 -0.1447717 0.9832467 -0.1107567 0.01369557 0.9999062 0 -0.105762 0.9877595 0.1146539 -0.1447717 0.9832467 0.1107567 0.01205118 0.9735901 0.2279847 -0.09648032 0.9359676 0.3386092 -0.1405854 0.9344812 0.3270789 0.005791626 0.8961307 0.4437525 -0.0820052 0.833665 0.5461482 -0.132763 0.8392251 0.5273284 -0.004170363 0.7719862 0.6356256 -0.05909354 0.6841667 0.7269277 -0.1198352 0.7020234 0.7019991 -0.01722492 0.6086291 0.7932679 -0.03147569 0.4911741 0.8704925 -0.1028529 0.5291977 0.8422417 -0.03305683 0.4164002 0.9085803 -0.005511092 0.2588798 0.9658938 -0.04812042 0.2085214 0.9768333 -0.08145647 0.3291435 0.94076 1 0 0 1 0 0 1 0 0 1 0 0 -1 0 0 -1 0 0 -1 0 0 -1 0 0 0.4999998 -0.8660255 0 0.4999998 -0.8660255 0 0.4999998 -0.8660255 0 0.4999998 -0.8660255 0 -0.7382403 0 -0.6745378 -0.7382403 0 -0.6745378 -0.8224582 0 -0.5688256 -0.8224582 0 -0.5688256 -0.9111458 0 -0.4120841 -0.9111458 0 -0.4120841 -0.9583862 0 -0.2854748 -0.9583862 0 -0.2854748 -0.9702829 0 -0.2419733 -0.9702829 0 -0.2419733 -0.9702829 0 -0.2419733 0.5000007 -0.866025 0 0.5000007 -0.866025 0 0.5000007 -0.866025 0 0.5000007 -0.866025 0 -0.4999998 0.8660255 0 -0.4999998 0.8660255 0 -0.4999998 0.8660255 0 -0.4999998 0.8660255 0 0 0 -1 0 0 -1 0 0 -1 0 0 -1 0 0 -1 0 0 -1 0 0 -1 0 0 -1 0 0 -1 0 0 -1 0 0 -1 0 0 -1 0 0 -1 0 0 -1 0 0 -1 0 0 -1 0 0 -1 0 0 -1 0 0 -1 0 0 -1 0 0 -1 0 0 -1 0 0 -1 0 0 -1 0 0 -1 0 0 -1 0 0 -1 0 0 -1 0.4999998 0.8660255 0 0.4999998 0.8660255 0 0.4999998 0.8660255 0 0.4999998 0.8660255 0 0 0 -1 0 0 -1 0 0 -1 0 0 -1 0 0 -1 0 0 -1 0 0 -1 0 0 -1 0 0 -1 0 0 -1 0 0 -1 0 0 -1 0 0 -1 0 0 -1 0 0 -1 0 0 -1 0 0 -1 0 0 -1 0 0 -1 0 0 -1 0 0 -1 0 0 -1 0 0 -1 0 0 -1 0 0 -1 0 0 -1 0 0 -1 0 0 -1 0 0 -1 0 0 -1 0.3153006 -0.9489918 0 0.3152995 -0.9489922 3.791878e-06 0.3153024 -0.9489912 7.634853e-08 0.3153011 -0.9489917 1.176718e-05 0.3153362 -0.94898 -2.428418e-05 0.3153208 -0.9489851 -2.247329e-05 0.3152741 -0.9490006 7.000164e-06 0.3152955 -0.9489935 0 -6.115255e-16 1 0 -6.148672e-16 1 0 -0.2588139 0.9659272 0 -0.2588139 0.9659272 0 -0.5000009 0.8660249 0 -0.5000009 0.8660249 0 -0.7071068 0.7071068 0 -0.7071068 0.7071068 0 -0.8660249 0.5000009 0 -0.8660249 0.5000009 0 -0.9659272 0.2588139 0 -0.9659272 0.2588139 0 -1 -2.138669e-16 0 -1 -2.138669e-16 0 -0.9659272 -0.2588139 0 -0.9659272 -0.2588139 0 -0.8660249 -0.5000009 0 -0.8660249 -0.5000009 0 -0.7071068 -0.7071068 0 -0.7071068 -0.7071068 0 -0.5000009 -0.8660249 0 -0.5000009 -0.8660249 0 -0.2588139 -0.9659272 0 -0.2588139 -0.9659272 0 -6.326894e-16 -1 0 -6.326894e-16 -1 0 0.04908364 0 -0.9987947 0.04908364 0 -0.9987947 0.1950872 0 -0.9807859 0.1950872 0 -0.9807859 0.3826943 0 -0.923875 0.3826943 0 -0.923875 0.5555866 0 -0.8314587 0.5555866 0 -0.8314587 0.6715507 0 -0.7409586 0.6715507 0 -0.7409586 0.5 -0.8660254 0 0.5 -0.8660254 0 0.5 -0.8660254 0 0.5 -0.8660254 0 -0.8660062 0.5000332 0 -0.8660062 0.5000332 0 -0.8660062 0.5000332 0 -1 0 0 -1 0 0 -1 0 0 -1 0 0 -1 0 0 -1 0 0 -1 0 0 -1 0 0 -1 0 0 -1 0 0 -1 0 0 -1 0 0 -1 0 0 -1 0 0 -1 0 0 -1 0 0 -1 0 0 -1 0 0 -1 0 0 -1 0 0 -1 0 0 -1 0 0 -1 0 0 -1 0 0 -1 0 0 -1 0 0 -1 0 0 -1 0 0 -1 0 0 -1 0 0 -1 0 0 -1 0 0 -1 0 0 -1 0 0 -1 0 0 -1 0 0 -1 0 0 -1 0 0 -1 0 0 -1 0 0 -1 0 0 -1 0 0 -1 0 0 -1 0 0 -1 0 0 -1 0 0 -1 0 0 -1 0 0 0 1 0 0 1 0 0 1 0 0 1 0 0 1 0 0 1 0 0 1 0 0 1 0 0 1 0 0 1 0 0 1 0 0 1 0 0 1 0 0 1 0 0 1 0 0 1 0 0.7382403 0 -0.6745378 0.7382403 0 -0.6745378 0.8224582 0 -0.5688256 0.8224582 0 -0.5688256 0.9111458 0 -0.4120841 0.9111458 0 -0.4120841 0.9583862 0 -0.2854748 0.9583862 0 -0.2854748 -1 0 0 -1 0 0 -0.999699 0 -0.02453441 -1 0 0 -0.9987947 0 -0.04908364 -1 0 0 -1 0 0 -1 0 0 -1 0 0 -1 0 0 -1 0 0 -1 0 0 -1 0 0 -1 0 0 -1 0 0 -1 0 0 -1 0 0 -1 0 0 -1 0 0 -1 0 0 -1 0 0 -1 0 0 -1 0 0 -1 0 0 -1 0 0 -1 0 0 -1 0 0 -1 0 0 -1 0 0 -1 0 0 -1 0 0 -1 0 0 -1 0 0 -1 0 0 -1 0 0 -1 0 0 -1 0 0 -1 0 0 -1 0 0 -1 0 0 -1 0 0 -1 0 0 -1 0 0 -1 0 0 -1 0 0 -1 0 0 -1 0 0 -1 0 0 -1 0 0 -1 0 0 -1 0 0 -1 0 0 -1 0 0 -1 0 0 -1 0 0 -1 0 0 -1 0 0 -1 0 0 -1 0 0 -1 0 0 -1 0 0 -1 0 0 -1 0 0 -1 0 0 -1 0 0 -1 0 0 -1 0 0 -1 0 0 -1 0 0 -1 0 0 -1 0 0 -1 0 0 -1 0 0 -1 0 0 -1 0 0 -1 0 0 -1 0 0 -1 0 0 -1 0 0 -1 0 0 -1 0 0 -1 0 0 -1 0 0 -1 0 0 -1 0 0 -1 0 0 -1 0 0 -1 0 0 -1 0 0 -1 0 0 -1 0 0 -1 0 0 -1 0 0 -1 0 0 -1 0 0 -1 0 0 -1 0 0 -1 0 0 -1 0 0 -1 0 0 -1 0 0 -0.999699 0 -0.02453441 -0.9987947 0 -0.04908364 -1 0 0 -1 0 0 -1 0 0 -1 0 0 -1 0 0 -1 0 0 -1 0 0 -1 0 0 -1 0 0 -1 0 0 -1 0 0 -1 0 0 -1 0 0 -1 0 0 -1 0 0 -1 0 0 -1 0 0 -1 0 0 -1 0 0 -1 0 0 -1 0 0 -1 0 0 -1 0 0 -1 0 0 -1 0 0 -1 0 0 -1 0 0 -1 0 0 -1 0 0 -1 0 0 -1 0 0 -1 0 0 -1 0 0 -1 0 0 -1 0 0 -1 0 0 -1 0 0 -1 0 0 -1 0 0 -1 0 0 -1 0 0 -1 0 0 -1 0 0 -1 0 0 -1 0 0 -1 0 0 -1 0 0 -1 0 0 -1 0 0 -1 0 0 -1 0 0 -1 0 0 -1 0 0 -1 0 0 -1 0 0 -1 0 0 -1 0 0 -1 0 0 -1 0 0 -1 0 0 -1 0 0 -1 0 0 -1 0 0 -1 0 0 -1 0 0 -1 0 0 -1 0 0 -1 0 0 -1 0 0 -1 0 0 -1 0 0 -1 0 0 -1 0 0 -1 0 0 -1 0 0 -1 0 0 -1 0 0 -1 0 0 -1 0 0 -1 0 0 -1 0 0 -1 0 0 -1 0 0 -1 0 0 -1 0 0 -1 0 0 -1 0 0 -1 0 0 -1 0 0 -1 0 0 -1 0 0 -1 0 0 -1 0 0 -1 0 0 -1 0 0 -1 0 0 -1 0 0 -1 0 0 -1 0 0 -1 0 0 -1 0 0 -1 0 0 -1 0 0 -1 0 0 -1 0 0 -1 0 0 -1 0 0 -1 0 0 -1 0 0 -1 0 0 -1 0 0 -1 0 0 -1 0 0 -1 0 0 -1 0 0 -1 0 0 -1 0 0 -1 0 0 -1 0 0 -1 0 0 -1 0 0 -1 0 0 -1 0 0 -1 0 0 -1 0 0 -1 0 0 -1 0 0 -1 0 0 -1 0 0 -1 0 0 -1 0 0 -1 0 0 -1 0 0 -1 0 0 -1 0 0 -1 0 0 -1 0 0 -1 0 0 -1 0 0 -1 0 0 -1 0 0 -1 0 0 -1 0 0 -1 0 0 -1 0 0 -1 0 0 -1 0 0 -1 0 0 -1 0 0 -1 0 0 -1 0 0 -1 0 0 -1 0 0 -1 0 0 0 0 1 0 0 1 0 0 1 0 0 1 0 0 1 0 0 1 0 0 1 0 0 1 0 0 1 0 0 1 -0.9978557 -0.06545183 0 -0.9978557 -0.06545183 0 -1 0 0 -1 0 0 -1 0 0 0 2.428277e-16 1 0 2.405999e-16 1 0 0.2588184 0.965926 0 0.2588184 0.965926 0 0.5000054 0.8660223 0 0.5000054 0.8660223 0 0.7071068 0.7071068 0 0.7071068 0.7071068 0 0.8660231 0.500004 0 0.8660231 0.500004 0 0.9659263 0.2588174 0 0.9659263 0.2588174 0 1 -2.227777e-16 0 1 -2.138666e-16 0 0.9659263 -0.2588174 0 0.9659263 -0.2588174 0 0.8660231 -0.500004 0 0.8660231 -0.500004 0 0.7071068 -0.7071068 0 0.7071068 -0.7071068 0 0.5000054 -0.8660223 0 0.5000054 -0.8660223 0 0.2588184 -0.965926 0 0.2588184 -0.965926 0 2.405999e-16 -1 0 2.405999e-16 -1 0 0.9659245 0.2588239 0 0.9659245 0.2588239 0 0.8659917 0.5000584 0 0.8659917 0.5000584 0 0.7070933 0.7071203 0 0.7070933 0.7071203 0 0.5000057 0.8660221 0 0.5000057 0.8660221 0 0.25887 0.9659122 0 0.25887 0.9659122 0 -2.406051e-16 1 0 -2.406051e-16 1 0 -0.25887 0.9659122 0 -0.25887 0.9659122 0 -0.5000057 0.8660221 0 -0.5000057 0.8660221 0 -0.7070933 0.7071203 0 -0.7070933 0.7071203 0 -0.8659917 0.5000584 0 -0.8659917 0.5000584 0 -0.9659245 0.2588239 0 -0.9659245 0.2588239 -0.5000007 0.866025 0 -0.5000007 0.866025 0 -0.5000007 0.866025 0 -0.5000007 0.866025 0 0.4999998 0.8660255 0 0.4999998 0.8660255 0 0.4999998 0.8660255 0 0.4999998 0.8660255 0 -0.8660255 -0.4999998 0 -0.8660255 -0.4999998 0 -0.8660255 -0.4999998 0 -0.8660255 -0.4999998 0 0 -0.9659259 0.2588188 0 -0.9659259 0.2588188 0 -0.866026 0.499999 0 -0.866026 0.499999 0 -0.7071103 0.7071032 0 -0.7071103 0.7071032 0 -0.499999 0.866026 0 -0.499999 0.866026 0 -0.2588139 0.9659272 0 -0.2588139 0.9659272 0 -7.128895e-17 1 0 -6.237783e-17 1 0 0.2588139 0.9659272 0 0.2588139 0.9659272 0 0.499999 0.866026 0 0.499999 0.866026 0 0.7071103 0.7071032 0 0.7071103 0.7071032 0 0.866026 0.499999 0 0.866026 0.499999 0 0.9659259 0.2588188 0 0.9659259 0.2588188 -0.4999999 0.8660255 0 -0.4999999 0.8660255 0 -0.4999999 0.8660255 0 -0.4999999 0.8660255 0 -0.8660255 -0.4999998 0 -0.8660255 -0.4999998 0 -0.8660255 -0.4999998 0 -0.8660255 -0.4999998 0 0 0.9659245 0.2588239 0 0.9659245 0.2588239 0 0.8659917 0.5000584 0 0.8659917 0.5000584 0 0.7070933 0.7071203 0 0.7070933 0.7071203 0 0.5000057 0.8660221 0 0.5000057 0.8660221 0 0.25887 0.9659122 0 0.25887 0.9659122 0 -2.406051e-16 1 0 -2.406051e-16 1 0 -0.25887 0.9659122 0 -0.25887 0.9659122 0 -0.5000057 0.8660221 0 -0.5000057 0.8660221 0 -0.7070933 0.7071203 0 -0.7070933 0.7071203 0 -0.8659917 0.5000584 0 -0.8659917 0.5000584 0 -0.9659245 0.2588239 0 -0.9659245 0.2588239 -1 0 0 -1 0 0 -1 0 0 -1 0 0 0 0 -1 0 0 -1 0 0 -1 0 0 -1 0 0 -1 0 0 -1 0 0 -1 0 0 -1 0 0 -1 0 0 -1 0 0 -1 0 0 -1 0 0 -1 0 0 -1 0 0 -1 0 0 -1 0 0 -1 0 0 -1 0 0 -1 0 0 -1 0 0 -1 0 0 -1 0 0 -1 0 0 -1 0 0 -1 0 0 -1 0 0 -1 0 0 -1 0 0 -1 0 0 -1 0.2208104 0.8787276 0.4231791 0.2207953 0.7625406 0.6080964 0.2207951 0.6080967 0.7625405 0.2208109 0.4231792 0.8787274 0.2208103 -0.4231791 0.8787277 0.2207934 -0.608111 0.7625296 0.2206648 -0.7625281 0.6081595 0.2210266 -0.8786896 0.4231452 0.9731744 -0.2242995 0.05119856 0.9731728 -0.2072953 0.09981637 0.8976829 -0.4295976 0.09803781 0.8975221 -0.3972935 0.1913426 0.7777909 -0.612769 0.1398406 0.7776476 -0.5664261 0.2728107 0.6196444 -0.7651979 0.1746796 0.6198908 -0.706975 0.3404728 0.4312844 -0.8795865 0.2008016 0.4311789 -0.8129094 0.3914883 0.2209691 -0.9508202 0.2170567 0.9731815 0.05118881 0.224271 0.9731799 0.09981386 0.2072633 0.8976383 0.09807259 0.4296828 0.8976306 0.1912334 0.3971008 0.7777448 0.1398755 0.6128196 0.7777459 0.2727308 0.5663296 0.6199123 0.1746089 0.7649971 0.6199017 0.3404597 0.7069718 0.4311116 0.2007787 0.8796765 0.4310982 0.3914977 0.8129477 0.2207667 0.2170317 0.9508729 0.9731823 -0.2300352 -2.317686e-06 0.8974727 -0.44107 2.790265e-05 0.7775526 -0.628818 1.935442e-05 0.6201749 -0.7844636 -3.751509e-05 0.4314869 -0.9021192 -9.509237e-06 0.220729 -0.9753352 1.425683e-05 0.9731488 -0.1799599 0.1435127 0.8976062 -0.3446243 0.2748404 0.777684 -0.4915202 0.391938 0.6200257 -0.6134136 0.4891747 0.431103 -0.7054782 0.5625395 0.4310901 -0.5625871 0.7054482 0.6199185 -0.4892324 0.6134759 0.7777341 -0.391926 0.4914506 0.897627 -0.2748088 0.3445953 0.9731844 -0.1434203 0.1798409 0.4310759 -0.3914976 0.8129596 0.6198954 -0.3404679 0.7069734 0.7777616 -0.2727211 0.5663127 0.8976298 -0.1912337 0.3971025 0.97318 -0.09981211 0.2072635 0.2207668 -0.2170298 0.9508733 0.4311108 -0.20078 0.8796766 0.6199115 -0.174611 0.7649972 0.7777463 -0.1398736 0.6128182 0.8976375 -0.09807417 0.429684 0.9731818 -0.05119017 0.2242696 0.9731765 1.251394e-06 0.2300597 0.8976347 2.818163e-07 0.4407402 0.7777496 -3.400244e-07 0.6285742 0.619883 2.168692e-06 0.7846943 0.4311033 4.12967e-07 0.9023026 0.2207959 -1.79187e-06 0.97532 0.973185 0.1434168 0.1798407 0.8976268 0.2748072 0.3445971 0.7777366 0.391918 0.4914529 0.6199115 0.4892316 0.6134836 0.4310984 0.5625813 0.7054477 0.4310982 0.705448 0.5625811 0.6199114 0.6134835 0.4892319 0.7777372 0.4914527 0.3919171 0.8976262 0.3445984 0.2748076 0.9731851 0.1798395 0.1434175 0.4310993 0.8129476 0.3914966 0.6199004 0.7069735 0.3404585 0.777747 0.5663282 0.2727306 0.8976298 0.3971025 0.1912336 0.97318 0.2072635 0.09981213 0.2207686 0.9508738 0.2170259 0.4311115 0.8796756 0.2007828 0.6199163 0.7649937 0.174609 0.7777444 0.6128205 0.1398738 0.8976363 0.4296862 0.09807535 0.9731816 0.2242704 0.05119004 0.9731765 0.2300597 -1.230299e-06 0.8976347 0.4407403 -2.058457e-07 0.7777496 0.6285743 3.967789e-07 0.619883 0.7846942 -2.323553e-06 0.4311034 0.9023025 -4.215547e-07 0.2207959 0.97532 1.73674e-06 -0.8660065 0.5000327 -9.5133e-05 -0.8654727 0.5009561 -4.112835e-05 -0.8659763 0.5000851 -9.206917e-05 -0.8650655 0.501659 0 1 0 0 1 0 0 1 0 0 1 0 0 1 0 0 1 0 0 1 0 0 1 0 0 1 0 0 1 0 0 1 0 0 1 0 0 1 0 0 0.9987947 0 -0.04908364 1 0 0 0.999699 0 -0.02453441 1 0 0 1 0 0 1 0 0 1 0 0 1 0 0 1 0 0 1 0 0 1 0 0 1 0 0 1 0 0 1 0 0 1 0 0 1 0 0 1 0 0 1 0 0 1 0 0 1 0 0 1 0 0 1 0 0 1 0 0 1 0 0 1 0 0 1 0 0 1 0 0 1 0 0 1 0 0 1 0 0 1 0 0 1 0 0 1 0 0 1 0 0 1 0 0 1 0 0 1 0 0 1 0 0 1 0 0 1 0 0 1 0 0 1 0 0 1 0 0 1 0 0 1 0 0 1 0 0 1 0 0 1 0 0 1 0 0 1 0 0 1 0 0 1 0 0 1 0 0 1 0 0 1 0 0 1 0 0 1 0 0 1 0 0 1 0 0 1 0 0 1 0 0 1 0 0 1 0 0 1 0 0 1 0 0 1 0 0 1 0 0 1 0 0 1 0 0 1 0 0 1 0 0 1 0 0 1 0 0 1 0 0 1 0 0 1 0 0 1 0 0 1 0 0 1 0 0 1 0 0 1 0 0 1 0 0 1 0 0 1 0 0 1 0 0 1 0 0 1 0 0 1 0 0 1 0 0 1 0 0 1 0 0 1 0 0 1 0 0 1 0 0 1 0 0 1 0 0 1 0 0 1 0 0 1 0 0 1 0 0 1 0 0 1 0 0 1 0 0 1 0 0 1 0 0 1 0 0 1 0 0 1 0 0 1 0 0 1 0 0 1 0 0 1 0 0 0.999699 0 -0.02453441 1 0 0 1 0 0 0.9987947 0 -0.04908364 1 0 0 1 0 0 1 0 0 1 0 0 1 0 0 1 0 0 1 0 0 1 0 0 1 0 0 1 0 0 1 0 0 1 0 0 1 0 0 1 0 0 1 0 0 1 0 0 1 0 0 1 0 0 1 0 0 1 0 0 1 0 0 1 0 0 1 0 0 1 0 0 1 0 0 1 0 0 1 0 0 1 0 0 1 0 0 1 0 0 1 0 0 1 0 0 1 0 0 1 0 0 1 0 0 1 0 0 1 0 0 1 0 0 1 0 0 1 0 0 1 0 0 1 0 0 1 0 0 1 0 0 1 0 0 1 0 0 1 0 0 1 0 0 1 0 0 1 0 0 1 0 0 1 0 0 1 0 0 1 0 0 1 0 0 1 0 0 1 0 0 1 0 0 1 0 0 1 0 0 1 0 0 1 0 0 1 0 0 1 0 0 1 0 0 1 0 0 1 0 0 1 0 0 1 0 0 1 0 0 1 0 0 1 0 0 1 0 0 1 0 0 1 0 0 1 0 0 1 0 0 1 0 0 1 0 0 1 0 0 1 0 0 1 0 0 1 0 0 1 0 0 1 0 0 1 0 0 1 0 0 1 0 0 1 0 0 1 0 0 1 0 0 1 0 0 1 0 0 1 0 0 1 0 0 1 0 0 1 0 0 1 0 0 1 0 0 1 0 0 1 0 0 1 0 0 1 0 0 1 0 0 1 0 0 1 0 0 1 0 0 1 0 0 1 0 0 1 0 0 1 0 0 1 0 0 1 0 0 1 0 0 1 0 0 1 0 0 1 0 0 1 0 0 1 0 0 1 0 0 1 0 0 1 0 0 1 0 0 1 0 0 1 0 0 1 0 0 1 0 0 1 0 0 0.2588139 -0.9659272 0 0.2588139 -0.9659272 0 0.499999 -0.866026 0 0.499999 -0.866026 0 0.7071103 -0.7071032 0 0.7071103 -0.7071032 0 0.866026 -0.499999 0 0.866026 -0.499999 0 0.9659259 -0.2588188 0 0.9659259 -0.2588188 0 1 -2.049557e-16 0 1 -1.871335e-16 0 0.9659259 0.2588188 0 0.9659259 0.2588188 0 0.866026 0.499999 0 0.866026 0.499999 0 0.7071103 0.7071032 0 0.7071103 0.7071032 0 0.499999 0.866026 0 0.499999 0.866026 0 0.2588139 0.9659272 0 0.2588139 0.9659272 0 1 -2.12755e-16 0 1 -2.138689e-16 0 0.9659135 0.2588651 0 0.9659135 0.2588651 0 0.8660671 0.4999278 0 0.8660671 0.4999278 0 0.707147 0.7070665 0 0.707147 0.7070665 0 0.4999866 0.8660331 0 0.4999866 0.8660331 0 0.2588317 0.9659224 0 0.2588317 0.9659224 0 -8.911097e-18 1 0 8.911097e-18 1 0 -0.2588317 0.9659224 0 -0.2588317 0.9659224 0 -0.4999866 0.8660331 0 -0.4999866 0.8660331 0 -0.707147 0.7070665 0 -0.707147 0.7070665 0 -0.8660671 0.4999278 0 -0.8660671 0.4999278 0 -0.9659135 0.2588651 0 -0.9659135 0.2588651 0 -1 -2.138689e-16 0 -1 -2.049577e-16 0 1 0 0 1 0 0 1 0 0 1 0 0 1 0 0 1 0 0 0 -1 0 0 -1 0 0 -1 0 0 -1 0 0 -1 0 0 -1 0 0 -1 0 0 -1 0 -0.6715507 0 -0.7409586 -0.7409586 0 -0.6715507 -0.6715507 0 -0.7409586 -0.7409586 0 -0.6715507 0 0 1 0 0 1 0 0 1 0 0 1 0 0 1 0 0 1 0 0 1 0 0 1 0 0 1 0 0 1 0 0 -1 0 0 -1 0 0 -1 0 0 -1 0 0 -1 0 0 -1 0 0 -1 0 0 -1 0 0 -1 0 0 -1 0 0 -1 0 0 -1 0 0 -1 0 0 -1 0 0 -1 0 0 -1 0 0 -1 0 0 -1 0 0 -1 0 0 -1 0 0 -1 0 0 -1 0 0 -1 0 0 -1 0 0 -1 0 0 -1 0 0 -1 0 0 -1 0 0 -1 0 0 -1 0.9702829 0 -0.2419733 0.9583862 0 -0.2854748 0.9702829 0 -0.2419733 0.9583862 0 -0.2854748 0.9702829 0 -0.2419733 1 6.070758e-16 0 1 6.059619e-16 0 0.9659135 0.2588651 0 0.9659135 0.2588651 0 0.8660671 0.4999278 0 0.8660671 0.4999278 0 0.707147 0.7070665 0 0.707147 0.7070665 0 0.4999866 0.8660331 0 0.4999866 0.8660331 0 0.2588317 0.9659224 0 0.2588317 0.9659224 0 -8.911097e-18 1 0 8.911097e-18 1 0 -0.2588317 0.9659224 0 -0.2588317 0.9659224 0 -0.4999866 0.8660331 0 -0.4999866 0.8660331 0 -0.707147 0.7070665 0 -0.707147 0.7070665 0 -0.8660671 0.4999278 0 -0.8660671 0.4999278 0 -0.9659135 0.2588651 0 -0.9659135 0.2588651 0 -1 6.326955e-16 0 -1 6.326955e-16 0 0.06538534 -0.9978601 0 0.06538534 -0.9978601 0 1 0 0 1 0 0 1 0 0 1 0 0 0.5000002 -0.8660253 0 0.5000002 -0.8660253 0 0.5000002 -0.8660253 0 0.5000002 -0.8660253 0 0.08109908 -0.9406281 -0.3296084 0.03312356 -0.9086166 -0.4163157 0.2210187 -0.8787021 -0.4231235 0.1029483 -0.84226 -0.52915 0.01743307 -0.7932546 -0.6086405 0.2206425 -0.7625512 -0.6081386 0.1199584 -0.7019972 -0.7020042 -0.07886448 -0.5959159 -0.7991649 0.2207817 -0.6081069 -0.7625362 0.1073942 -0.5563647 -0.8239689 -0.005868898 -0.4437443 -0.8961342 0.2208065 -0.4231768 -0.8787297 0.1407186 -0.3269944 -0.9344908 -0.01181049 -0.2280062 -0.973588 0.2207605 -0.2170364 -0.9508733 0.1448641 -0.1107834 -0.9832301 -0.01377602 -7.335697e-18 -0.9999051 0.2207935 1.118494e-06 -0.9753206 0.1448641 0.1107834 -0.9832301 -0.01181049 0.2280062 -0.973588 0.220761 0.2170349 -0.9508735 0.09609877 0.8375629 -0.5378228 0.01944964 0.9125906 -0.4084116 0.2208163 0.878729 -0.4231731 0.07738153 0.9391023 -0.3348118 0.04812464 0.9768292 -0.2085395 0.220773 0.950873 -0.217025 0.973185 0.1798407 -0.1434168 0.9731851 0.1434175 -0.1798395 0.8976268 0.3445971 -0.2748072 0.8976262 0.2748076 -0.3445984 0.7777366 0.4914529 -0.391918 0.7777372 0.3919171 -0.4914527 0.6199115 0.6134836 -0.4892316 0.9731799 0.2072633 -0.09981381 0.8976306 0.397101 -0.1912332 0.7777459 0.5663299 -0.2727302 0.6199018 0.7069718 -0.3404593 0.431098 0.8129479 -0.3914974 0.9731813 0.2242718 -0.05118876 0.8976371 0.429685 -0.09807408 0.7777434 0.6128215 -0.1398749 0.6199168 0.7649942 -0.1746055 0.4311119 0.8796757 -0.2007815 0.4310982 0.5625811 -0.705448 0.2207916 0.6081002 -0.7625387 0.2207909 0.762539 -0.6081 0.6199114 0.4892319 -0.6134835 0.4310984 0.7054477 -0.5625813 -0.0148806 0.8028725 -0.595965 0.1407186 0.3269944 -0.9344908 -0.005869128 0.443744 -0.8961344 0.2208067 0.423177 -0.8787295 0.431099 0.391497 -0.8129476 0.6199004 0.3404592 -0.7069731 0.7777472 0.2727309 -0.5663278 0.8976298 0.1912337 -0.3971025 0.97318 0.09981211 -0.2072635 0.1323792 0.5273498 -0.8392723 -0.05386423 0.6521365 -0.7561856 0.1103708 0.6930464 -0.7123939 0.9731818 0.05119017 -0.2242696 0.8976375 0.09807417 -0.429684 0.7777459 0.1398746 -0.6128184 0.6199119 0.1746118 -0.7649967 0.4311108 0.20078 -0.8796766 0.9731765 -1.251394e-06 -0.2300597 0.8976347 -2.818163e-07 -0.4407402 0.7777496 3.400244e-07 -0.6285742 0.619883 -2.168692e-06 -0.7846943 0.4311033 -4.12967e-07 -0.9023026 0.431111 -0.2007778 -0.879677 0.6199128 -0.1746076 -0.7649969 0.7777448 -0.1398755 -0.6128196 0.8976383 -0.09807259 -0.4296828 0.9731815 -0.05118881 -0.224271 0.4310754 -0.3915004 -0.8129584 0.619896 -0.3404694 -0.7069721 0.7777606 -0.2727186 -0.5663153 0.8976306 -0.1912334 -0.3971008 0.9731799 -0.09981386 -0.2072633 0.4311067 -0.5625807 -0.7054431 0.6199062 -0.4892439 -0.6134792 0.7777391 -0.3919204 -0.4914472 0.8976242 -0.2748117 -0.3446004 0.9731855 -0.1434101 -0.1798433 0.431098 -0.7054831 -0.5625372 0.6200277 -0.6134017 -0.489187 0.77768 -0.491526 -0.3919387 0.8976078 -0.344616 -0.2748455 0.9731495 -0.1799667 -0.1434992 0.4311394 -0.8129279 -0.3914934 0.6199088 -0.7069587 -0.340474 0.7776475 -0.5664318 -0.272799 0.8975223 -0.3973069 -0.1913137 0.9731719 -0.207296 -0.0998236 0.04783159 -0.976741 -0.2090197 0.2208913 -0.9508138 -0.2171641 0.4312963 -0.8795814 -0.2007985 0.6196338 -0.7652183 -0.1746278 0.7777881 -0.6127656 -0.1398715 0.8976859 -0.4295806 -0.09808442 0.973174 -0.2243018 -0.05119709 0 -1 -1.03313e-15 0 -1 -1.033687e-15 0 -0.9659245 -0.2588239 0 -0.9659245 -0.2588239 0 -0.8659917 -0.5000584 0 -0.8659917 -0.5000584 0 -0.7070933 -0.7071203 0 -0.7070933 -0.7071203 0 -0.5000057 -0.8660221 0 -0.5000057 -0.8660221 0 -0.25887 -0.9659122 0 -0.25887 -0.9659122 0 7.485493e-16 -1 0 7.574606e-16 -1 0 0.25887 -0.9659122 0 0.25887 -0.9659122 0 0.5000057 -0.8660221 0 0.5000057 -0.8660221 0 0.7070933 -0.7071203 0 0.7070933 -0.7071203 0 0.8659917 -0.5000584 0 0.8659917 -0.5000584 0 0.9659245 -0.2588239 0 0.9659245 -0.2588239 0 1 -1.033687e-15 0 1 -1.033687e-15 0.8660255 -0.4999998 0 0.8660255 -0.4999998 0 0.8660255 -0.4999998 0 0.8660255 -0.4999998 0 0.06538534 -0.9978601 0 -0.06537738 -0.9978606 0 0.06538534 -0.9978601 0 -0.06539985 -0.9978591 -1.896577e-07 0.06539997 -0.9978591 0 0.06539997 -0.9978591 0 0.2588018 -0.9659305 0 0.2588018 -0.9659305 0 0.4999959 -0.8660278 0 0.4999959 -0.8660278 0 0.7071365 -0.707077 0 0.7071365 -0.707077 0 0.8660415 -0.4999722 0 0.8660415 -0.4999722 0 0.9659132 -0.2588661 0 0.9659132 -0.2588661 0 0.9978557 -0.06545183 0 0.9978557 -0.06545183 0 -0.4999999 -0.8660255 0 -0.4999999 -0.8660255 0 -0.4999999 -0.8660255 0 -0.4999999 -0.8660255 0 0.965917 -0.2588521 0 0.965917 -0.2588521 0 0.865999 -0.5000457 0 0.865999 -0.5000457 0 0.7071593 -0.7070543 0 0.7071593 -0.7070543 0 0.4999673 -0.8660443 0 0.4999673 -0.8660443 0 0.2588112 -0.9659279 0 0.2588112 -0.9659279 0 0.06538534 -0.9978601 0 0.06538534 -0.9978601 0 -0.8660255 0.4999998 0 -0.8660255 0.4999998 0 -0.8660255 0.4999998 0 -0.8660255 0.4999998 0 1 0 0 0.9982048 -0.03734246 -0.04682581 1 0 0 0.9982046 -0.02598835 -0.05396443 1 0 0 0.9982049 -0.01332734 -0.05839016 1 0 0 0.9982052 3.113762e-07 -0.05988709 1 0 0 0.9982049 0.01332732 -0.05839049 1 0 0 0.9982046 0.02598797 -0.05396462 1 0 0 1 0 0 1 0 0 1 0 0 1 0 0 1 0 0 1 0 0 1 0 0 1 0 0 1 0 0 1 0 0 1 0 0 1 0 0 0.9982049 -0.05838959 -0.01332679 1 0 0 0.9982046 -0.05396469 -0.02598792 0.9982048 -0.04682558 -0.03734255 0.9982048 0.03734255 -0.04682558 0.9982048 0.04682581 -0.03734246 1 0 0 0.9982046 0.05396442 -0.02598836 1 0 0 0.9982049 0.05838926 -0.0133267 1 0 0 1 0 0 0 1 0 0 1 0 0 1 0 0 1 0 0 1 0 0 1 0 0 1 0 0 1 0 0 1 0 0 1 0 0 1 0 0 1 0 0 1 0 0 1 0 0 1 0 0 1 0 2.183224e-16 1 0 2.049557e-16 1 0 -0.2588139 0.9659272 0 -0.2588139 0.9659272 0 -0.5000009 0.8660249 0 -0.5000009 0.8660249 0 -0.7071068 0.7071068 0 -0.7071068 0.7071068 0 -0.8660249 0.5000009 0 -0.8660249 0.5000009 0 -0.9659272 0.2588139 0 -0.9659272 0.2588139 0 -1 -2.049557e-16 0 -1 -2.22778e-16 0 -0.9659272 -0.2588139 0 -0.9659272 -0.2588139 0 -0.8660249 -0.5000009 0 -0.8660249 -0.5000009 0 -0.7071068 -0.7071068 0 -0.7071068 -0.7071068 0 -0.5000009 -0.8660249 0 -0.5000009 -0.8660249 0 -0.2588139 -0.9659272 0 -0.2588139 -0.9659272 0 2.138669e-16 -1 0 2.138669e-16 -1 0 -0.2588139 0.9659272 0 -0.2588139 0.9659272 0 -0.5000009 0.8660249 0 -0.5000009 0.8660249 0 -0.7071068 0.7071068 0 -0.7071068 0.7071068 0 -0.8660249 0.5000009 0 -0.8660249 0.5000009 0 -0.9659272 0.2588139 0 -0.9659272 0.2588139 0 -1 6.326894e-16 0 -1 6.326894e-16 0 -0.9659272 -0.2588139 0 -0.9659272 -0.2588139 0 -0.8660249 -0.5000009 0 -0.8660249 -0.5000009 0 -0.7071068 -0.7071068 0 -0.7071068 -0.7071068 0 -0.5000009 -0.8660249 0 -0.5000009 -0.8660249 0 -0.2588139 -0.9659272 0 -0.2588139 -0.9659272 0 -0.8660065 -0.5000327 0 -0.8657345 -0.5005023 -0.001112923 -0.8659864 -0.5000675 -8.247849e-05 -0.8650591 -0.5016552 -0.003852989 -0.06538534 -0.9978601 0 -0.06538534 -0.9978601 0 -0.2588112 -0.9659279 0 -0.2588112 -0.9659279 0 -0.4999673 -0.8660443 0 -0.4999673 -0.8660443 0 -0.7071593 -0.7070543 0 -0.7071593 -0.7070543 0 -0.865999 -0.5000457 0 -0.865999 -0.5000457 0 -0.965917 -0.2588521 0 -0.965917 -0.2588521 0 0.8660062 -0.5000332 0 0.8660062 -0.5000332 0 0.8660062 -0.5000332 0 -0.9659135 -0.2588651 0 -0.9659135 -0.2588651 0 -0.8660671 -0.4999278 0 -0.8660671 -0.4999278 0 -0.707147 -0.7070665 0 -0.707147 -0.7070665 0 -0.4999866 -0.8660331 0 -0.4999866 -0.8660331 0 -0.2588317 -0.9659224 0 -0.2588317 -0.9659224 0 8.911097e-18 -1 0 -8.911097e-18 -1 0 0.2588317 -0.9659224 0 0.2588317 -0.9659224 0 0.4999866 -0.8660331 0 0.4999866 -0.8660331 0 0.707147 -0.7070665 0 0.707147 -0.7070665 0 0.8660671 -0.4999278 0 0.8660671 -0.4999278 0 0.9659135 -0.2588651 0 0.9659135 -0.2588651 0 0.8660062 0.5000332 0 0.8660062 0.5000332 0 0.8660062 0.5000332 0 0.4999998 0.8660255 0 0.4999998 0.8660255 0 0.4999998 0.8660255 0 0.4999998 0.8660255 0 -0.9807859 0 -0.1950872 -0.9807859 0 -0.1950872 -0.923875 0 -0.3826943 -0.923875 0 -0.3826943 -0.8314587 0 -0.5555866 -0.8314587 0 -0.5555866 -0.7409586 0 -0.6715507 -0.7409586 0 -0.6715507 -0.5 0.8660254 0 -0.5 0.8660254 0 -0.5 0.8660254 0 -0.5 0.8660254 0 0.06541393 -0.9978582 0 0.06541393 -0.9978582 0 0.2588295 -0.965923 0 0.2588295 -0.965923 0 0.5000086 -0.8660204 0 0.5000086 -0.8660204 0 0.7071068 -0.7071068 0 0.7071068 -0.7071068 0 0.8660204 -0.5000086 0 0.8660204 -0.5000086 0 0.965923 -0.2588296 2.039234e-07 0.9914457 -0.13052 3.789287e-09 0.9659208 -0.2588379 0 -1 0 0 -1 0 0 -1 0 0 -1 0 0 -1 0 0 -1 0 0 -1 0 0 -1 0 0 -1 0 0 -1 0 0 -1 0 0 -0.9982049 0.01332679 0.05838959 -1 0 0 -0.9982046 0.02598792 0.05396469 -0.9982049 0.03734042 0.04682594 -1 0 0 -0.9982052 0.04682037 0.03733992 -1 0 0 -0.9982075 0.0539216 0.02596509 -1 0 0 -0.9982059 0.05837216 0.01332567 -1 0 0 -0.9982072 0.05985277 -1.305966e-06 -1 0 0 -0.998206 0.0583726 -0.01332268 -1 0 0 -0.9982075 0.05392015 -0.0259685 -1 0 0 -0.9982051 0.04682249 -0.03733946 -0.9982049 0.0373407 -0.04682612 -1 0 0 -0.9982046 0.02598836 -0.05396442 -1 0 0 -0.9982049 0.0133267 -0.05838926 -1 0 0 -1 0 0 -1 0 0 0 -1 0 0 -1 0 0 -1 0 0 -1 0 0 -1 0 0 -1 0 0.06540945 0.9978585 0 0.06540945 0.9978585 0 -0.4999998 0.8660255 0 -0.4999998 0.8660255 0 -0.4999998 0.8660255 0 -0.4999998 0.8660255 0 -1 0 0 -1 0 0 -1 0 0 -1 0 0 0 0.9659264 -0.258817 -2.594086e-07 0.9659272 -0.2588141 -2.366039e-08 0.9238873 -0.3826648 -2.647515e-07 0.8660261 -0.4999988 0 -0.9659272 -0.2588139 0 -0.9659272 -0.2588139 0 -0.866026 -0.499999 0 -0.866026 -0.499999 0 -0.7071032 -0.7071103 0 -0.7071032 -0.7071103 0 -0.499999 -0.866026 0 -0.499999 -0.866026 0 -0.2588188 -0.9659259 0 -0.2588188 -0.9659259 0 -2.138669e-16 -1 0 -2.049557e-16 -1 0 0.2588188 -0.9659259 0 0.2588188 -0.9659259 0 0.499999 -0.866026 0 0.499999 -0.866026 0 0.7071032 -0.7071103 0 0.7071032 -0.7071103 0 0.8660285 -0.4999946 0.675195 0 -0.7376393 0.7382403 0 -0.6745378 0.675195 0 -0.7376393 0.7382403 0 -0.6745378 0 0 1 0 0 1 0 0 1 0 0 1 0 0 1 0 0 1 0 0 1 0.8660255 -0.4999998 0 0.8660255 -0.4999998 0 0.8660255 -0.4999998 0 0.8660255 -0.4999998 0 -0.8660255 0.4999998 0 -0.8660255 0.4999998 0 -0.8660255 0.4999998 0 -0.8660255 0.4999998 0 -0.8660255 0.4999998 0 -0.8660255 0.4999998 0 -0.8660255 0.4999998 0 -0.8660255 0.4999998 0 -0.08145647 0.3291435 0.94076 -0.03305683 0.4164002 0.9085803 -0.2208164 0.4231735 0.8787288 -0.1028529 0.5291977 0.8422417 -0.01722492 0.6086291 0.7932679 -0.2207928 0.6081015 0.7625373 -0.1198014 0.7020141 0.7020141 -0.003897338 0.7720046 0.6356051 -0.2207914 0.7625386 0.6081004 -0.1323813 0.8392724 0.5273491 0.005868898 0.8961342 0.4437443 -0.2208067 0.8787298 0.4231764 -0.1407215 0.9344905 0.3269938 0.01180737 0.9735878 0.2280076 -0.2207621 0.9508737 0.2170328 -0.1448628 0.9832303 0.1107835 0.01377575 0.9999051 0 -0.2207933 0.9753206 -1.228776e-06 -0.1448628 0.9832303 -0.1107835 0.01180737 0.9735878 -0.2280076 -0.2207625 0.9508741 -0.2170309 -0.09609877 0.5378228 -0.8375629 -0.01945056 0.4084127 -0.9125901 -0.2208163 0.4231737 -0.8787287 -0.07738257 0.3348006 -0.9391062 -0.04811998 0.2085221 -0.9768332 -0.2207746 0.2170252 -0.9508726 -0.9982048 0.03734246 -0.04682581 -0.9982048 0.04682558 -0.03734255 -0.973185 0.1434168 -0.1798407 -0.9731851 0.1798395 -0.1434175 -0.8976268 0.2748072 -0.3445971 -0.8976262 0.3445984 -0.2748076 -0.7777366 0.391918 -0.4914529 -0.7777372 0.4914527 -0.3919171 -0.6199115 0.4892316 -0.6134836 -0.9982046 0.02598836 -0.05396442 -0.9731799 0.09981386 -0.2072633 -0.8976306 0.1912334 -0.3971008 -0.7777459 0.2727308 -0.5663296 -0.6199017 0.3404597 -0.7069718 -0.4310982 0.3914977 -0.8129477 -0.9982049 0.0133267 -0.05838926 -0.9731815 0.05118881 -0.224271 -0.8976383 0.09807259 -0.4296828 -0.7777448 0.1398755 -0.6128196 -0.6199123 0.1746089 -0.7649971 -0.4311116 0.2007787 -0.8796765 -0.4310982 0.705448 -0.5625811 -0.2207916 0.7625387 -0.6081002 -0.2207909 0.6081 -0.762539 -0.9982052 -2.823888e-07 -0.0598871 -0.9731765 1.251394e-06 -0.2300597 -0.8976347 2.818163e-07 -0.4407402 -0.7777496 -3.400244e-07 -0.6285742 -0.619883 2.168692e-06 -0.7846943 -0.4311033 4.12967e-07 -0.9023026 -0.2207959 -1.79187e-06 -0.97532 -0.6199114 0.6134835 -0.4892319 -0.4310984 0.5625813 -0.7054477 0.0148806 0.595965 -0.8028725 -0.1407215 0.9344905 -0.3269938 0.005869128 0.8961344 -0.443744 -0.2208067 0.8787296 -0.423177 -0.4310993 0.8129476 -0.3914966 -0.6199004 0.7069735 -0.3404585 -0.777747 0.5663282 -0.2727306 -0.8976298 0.3971025 -0.1912336 -0.97318 0.2072635 -0.09981213 -0.9982046 0.05396462 -0.02598797 -0.1323792 0.8392723 -0.5273498 0.05386423 0.7561856 -0.6521365 -0.1103708 0.7123939 -0.6930464 -0.9982049 0.05839049 -0.01332732 -0.9731816 0.2242704 -0.05119004 -0.8976363 0.4296862 -0.09807535 -0.7777444 0.6128205 -0.1398738 -0.6199163 0.7649937 -0.174609 -0.4311115 0.8796756 -0.2007828 -0.9982052 0.05988709 -3.113762e-07 -0.9731765 0.2300597 1.230299e-06 -0.8976347 0.4407403 2.058457e-07 -0.7777496 0.6285743 -3.967789e-07 -0.619883 0.7846942 2.323553e-06 -0.4311034 0.9023025 4.215547e-07 -0.4311119 0.8796757 0.2007815 -0.6199168 0.7649942 0.1746055 -0.7777434 0.6128215 0.1398749 -0.8976371 0.429685 0.09807408 -0.9731813 0.2242718 0.05118876 -0.9982049 0.05839016 0.01332734 -0.431098 0.8129479 0.3914974 -0.6199018 0.7069718 0.3404593 -0.7777459 0.5663299 0.2727302 -0.8976306 0.397101 0.1912332 -0.9731799 0.2072633 0.09981381 -0.9982046 0.05396443 0.02598835 -0.4310984 0.7054477 0.5625813 -0.6199115 0.6134836 0.4892316 -0.7777366 0.4914529 0.391918 -0.8976268 0.3445971 0.2748072 -0.973185 0.1798407 0.1434168 -0.9982048 0.04682581 0.03734246 -0.4310982 0.5625811 0.705448 -0.6199114 0.4892319 0.6134835 -0.7777372 0.3919171 0.4914527 -0.8976262 0.2748076 0.3445984 -0.9731851 0.1434175 0.1798395 -0.9982048 0.03734255 0.04682558 -0.431099 0.391497 0.8129476 -0.6199004 0.3404592 0.7069731 -0.7777472 0.2727309 0.5663278 -0.8976298 0.1912337 0.3971025 -0.97318 0.09981211 0.2072635 -0.9982046 0.02598792 0.05396469 -0.04812042 0.2085214 0.9768333 -0.2207747 0.2170231 0.950873 -0.4311108 0.20078 0.8796766 -0.6199119 0.1746118 0.7649967 -0.7777459 0.1398746 0.6128184 -0.8976375 0.09807417 0.429684 -0.9731818 0.05119017 0.2242696 -0.9982049 0.01332679 0.05838959 -0.9982052 2.823888e-07 0.0598871 -0.9731765 -1.251394e-06 0.2300597 -0.8976347 -2.818163e-07 0.4407402 -0.7777496 3.400244e-07 0.6285742 -0.619883 -2.168692e-06 0.7846943 -0.4311033 -4.12967e-07 0.9023026 -0.2207959 1.79187e-06 0.97532 -0.5000002 0.8660253 0 -0.5000002 0.8660253 0 -0.5000002 0.8660253 0 -0.5000002 0.8660253 0 2.038418e-16 1 0 1.871335e-16 1 0 -0.2588188 0.9659259 0 -0.2588188 0.9659259 0 -0.499999 0.866026 0 -0.499999 0.866026 0 -0.7071032 0.7071103 0 -0.7071032 0.7071103 0 -0.866026 0.499999 0 -0.866026 0.499999 0 -0.9659272 0.2588139 0 -0.9659272 0.2588139 0 -1 1.604001e-16 0 -1 1.51489e-16 0 -0.9659272 -0.2588139 0 -0.9659272 -0.2588139 0 -0.866026 -0.499999 0 -0.866026 -0.499999 0 -0.7071032 -0.7071103 0 -0.7071032 -0.7071103 0 -0.499999 -0.866026 0 -0.499999 -0.866026 0 -0.2588188 -0.9659259 0 -0.2588188 -0.9659259 0 1.871335e-16 -1 0 2.049557e-16 -1 0 -1 0 0 -0.9982049 0.04682594 -0.03734042 -1 0 0 -0.9982052 0.03733992 -0.04682037 -1 0 0 -0.9982075 0.02596509 -0.0539216 -1 0 0 -0.9982059 0.01332567 -0.05837216 -1 0 0 -0.9982072 -1.305966e-06 -0.05985277 -1 0 0 -0.998206 -0.01332268 -0.0583726 -1 0 0 -0.9982075 -0.0259685 -0.05392015 -1 0 0 -1 0 0 -0.9982048 -0.03734246 0.04682581 -1 0 0 -0.9982046 -0.02598835 0.05396443 -1 0 0 -0.9982049 -0.01332734 0.05839016 -1 0 0 -0.9982052 3.113762e-07 0.05988709 -1 0 0 -0.9982049 0.01332732 0.05839049 -1 0 0 -0.9982046 0.02598797 0.05396462 -1 0 0 -0.9982048 0.03734255 0.04682558 -0.9982048 0.04682581 0.03734246 -1 0 0 -0.9982046 0.05396442 0.02598836 -1 0 0 -0.9982049 0.05838926 0.0133267 -1 0 0 -0.9982052 0.0598871 -2.823888e-07 -1 0 0 -0.9982049 0.05838959 -0.01332679 -0.9982046 0.05396469 -0.02598792 -0.9982051 -0.03733946 -0.04682249 -0.9982049 -0.04682612 -0.0373407 -1 0 0 -0.9982046 -0.05396442 -0.02598836 -1 0 0 -0.9982049 -0.05838926 -0.0133267 -1 0 0 -0.9982052 -0.0598871 2.823888e-07 -1 0 0 -0.9982049 -0.05838959 0.01332679 -1 0 0 -0.9982046 -0.05396469 0.02598792 -0.9982048 -0.04682558 0.03734255 0.8660255 -0.4999998 0 0.8660255 -0.4999998 0 0.8660255 -0.4999998 0 0.8660255 -0.4999998 0 0 -1 0 0 -1 0 0 -1 0 0 -1 0 0 -1 0 0 -1 0 0 -1 0 0 -1 0 0 -1 0 0 -1 0 0 -1 0 0 -1 0 0 -1 0 0 -1 0 0 -1 0 0 -1 0 0 -1 0 0 -1 0 0 0 -1 0 0 -1 0 0 -1 0 0 -1 0 0 -1 0 0 -1 0 0 -1 0 0 -1 0 0 -1 0 0 -1 0 0 -1 0 0 -1 0 0 -1 0 0 -1 0 0 -1 0 0 -1 0 0 -1 0 0 -1 0 0 -1 0 0 -1 0 0 -1 0 0 -1 0 0 -1 0 0 -1 0 0 -1 0 0 -1 0 0 -1 0 0 -1 0 0 -1 0 0 -1 0 0 -1 0 0 -1 0 0 -1 0 0 -1 0 0 -1 0 0 -1 0 0 -1 0 0 -1 -0.8660318 0.499989 0 -0.8660318 0.499989 0 -0.8660318 0.499989 0 -0.8660318 0.499989 0 1 0 0 1 0 0 1 0 0 1 0 0 -1 0 0 -0.9978619 0.06535708 0 -0.9978619 0.06535708 0 -0.06539797 0.9978593 0 -0.06539797 0.9978593 0 -0.2588263 0.9659239 0 -0.2588263 0.9659239 0 -0.4999589 0.8660491 0 -0.4999589 0.8660491 0 -0.7071503 0.7070632 0 -0.7071503 0.7070632 0 -0.865999 0.5000457 0 -0.865999 0.5000457 0 -0.965917 0.2588521 0 -0.965917 0.2588521 0 -1 2.04948e-16 0 -1 -2.04948e-16 0 -0.965917 -0.2588521 0 -0.965917 -0.2588521 0 -0.865999 -0.5000457 0 -0.865999 -0.5000457 0 -0.7071593 -0.7070543 0 -0.7071593 -0.7070543 0 -0.4999673 -0.8660443 0 -0.4999673 -0.8660443 0 -0.2588112 -0.9659279 0 -0.2588112 -0.9659279 0 -0.06538534 -0.9978601 0 -0.06538534 -0.9978601 0 0 0 -1 0 0 -1 0 0 -1 0 0 -1 0 0 -1 0 0 -1 0 0 -1 0 0 -1 0 0 -1 0 0 -1 0 0 -1 0 0 -1 0 0 -1 0 0 -1 -0.01371795 0.2700165 -0.962758 -0.04685253 0.502775 -0.8631466 -0.07960052 0.6976507 -0.7120023 -0.08296906 0.8301733 -0.5512971 -0.09722643 0.9359129 -0.3385469 -0.1051129 0.9878272 -0.1146677 -0.1051129 0.9878272 0.1146677 -0.09722643 0.9359129 0.3385469 -0.08162823 0.8336924 0.5461628 -0.05907219 0.6841655 0.7269305 -0.03147569 0.4911741 0.8704925 -0.005511092 0.2588798 0.9658938 -0.4999998 -0.8660255 0 -0.4999998 -0.8660255 0 -0.4999998 -0.8660255 0 -0.4999998 -0.8660255 0 -0.7071068 0 0.7071068 -0.7071068 0 0.7071068 -0.7071068 0 0.7071068 -0.7071068 0 0.7071068 -0.7071068 0 0.7071068 -0.7071068 0 0.7071068 -0.04932227 -0.3065389 0.9505794 0.002746388 -0.008926157 0.9999564 -0.05284246 -0.004303794 0.9985936 -0.01417183 -0.1937714 0.9809443 -0.09718415 -0.3407914 0.9351024 -0.08254735 -0.511517 0.855299 0.06750174 -0.3972469 0.9152259 -0.1356263 -0.5271145 0.8389016 0.0287961 -0.6182086 0.7854864 -0.09978308 -0.7035778 0.7035778 -0.1453967 -0.6995927 0.6995927 0.0287961 -0.7854864 0.6182086 -0.0814551 -0.8525834 0.5162041 -0.1356263 -0.8389016 0.5271145 0.01036652 -0.90855 0.4176476 -0.03042341 -0.957538 0.2866975 -0.1059406 -0.9385733 0.3284155 -0.02462078 -0.9794496 0.2001804 0.005951756 -0.9999466 -0.00844267 -0.05284044 -0.9985937 -0.004306415 -0.04925293 -0.9505825 -0.3065404 -0.01412042 -0.9809456 -0.1937688 -0.09713992 -0.9351075 -0.3407898 -0.08254177 -0.8552993 -0.5115173 0.06750258 -0.9152258 -0.397247 -0.1356263 -0.8389016 -0.5271145 0.02880598 -0.785476 -0.6182214 -0.09984738 -0.7035695 -0.7035769 -0.1454147 -0.6995765 -0.6996051 0.02863193 -0.6182513 -0.7854588 -0.08137799 -0.516177 -0.8526071 -0.135987 -0.5270565 -0.8388796 0.01010126 -0.4175622 -0.9085922 -0.0307726 -0.2867572 -0.9575089 -0.05565087 -4.016753e-06 -0.9984503 0.00870417 -0.0004861432 -0.999962 -0.02449235 -0.2002972 -0.979429 -0.1058224 -0.3285591 -0.9385364 0 0.9659245 0.2588239 0 0.9659245 0.2588239 0 0.8659917 0.5000584 0 0.8659917 0.5000584 0 0.7070933 0.7071203 0 0.7070933 0.7071203 0 0.5000057 0.8660221 0 0.5000057 0.8660221 0 0.25887 0.9659122 0 0.25887 0.9659122 0 7.485493e-16 1 0 7.574606e-16 1 0 -0.25887 0.9659122 0 -0.25887 0.9659122 0 -0.5000057 0.8660221 0 -0.5000057 0.8660221 0 -0.7070933 0.7071203 0 -0.7070933 0.7071203 0 -0.8659917 0.5000584 0 -0.8659917 0.5000584 0 -0.9659245 0.2588239 0 -0.9659245 0.2588239 1 0 0 1 0 0 1 0 0 0.9807859 0 -0.1950872 0.9807859 0 -0.1950872 0.923875 0 -0.3826943 0.923875 0 -0.3826943 0.8314587 0 -0.5555866 0.8314587 0 -0.5555866 0.7409586 0 -0.6715507 0.7409586 0 -0.6715507 0.04925293 -0.9505825 0.3065404 0.08254429 -0.8552994 0.5115167 0.09978308 -0.7035778 0.7035778 0.08145799 -0.5162051 0.8525825 0.03049298 -0.2866922 0.9575373 -0.005947913 0.008437227 0.9999467 0.04932227 0.3065389 0.9505794 0.08254735 0.511517 0.855299 0.09978308 0.7035778 0.7035778 0.0814551 0.8525834 0.5162041 0.03042341 0.957538 0.2866975 0.08145647 -0.94076 -0.3291435 0.03305683 -0.9085803 -0.4164002 0.2208164 -0.8787288 -0.4231735 0.1028529 -0.8422417 -0.5291977 0.01722492 -0.7932679 -0.6086291 0.2207928 -0.7625373 -0.6081015 0.1198014 -0.7020141 -0.7020141 0.003897338 -0.6356051 -0.7720046 0.2207914 -0.6081004 -0.7625386 0.1323813 -0.5273491 -0.8392724 -0.005868898 -0.4437443 -0.8961342 0.2208067 -0.4231764 -0.8787298 0.1407215 -0.3269938 -0.9344905 -0.01180737 -0.2280076 -0.9735878 0.2207621 -0.2170328 -0.9508737 0.1448628 -0.1107835 -0.9832303 -0.01377575 -5.247846e-17 -0.9999051 0.2207933 1.228776e-06 -0.9753206 0.1448628 0.1107835 -0.9832303 -0.01180737 0.2280076 -0.9735878 0.2207625 0.2170309 -0.9508741 0.09609877 0.8375629 -0.5378228 0.01945056 0.9125901 -0.4084127 0.2208163 0.8787287 -0.4231737 0.07738257 0.9391062 -0.3348006 0.04811998 0.9768332 -0.2085221 0.2207746 0.9508726 -0.2170252 0.973185 0.1798407 -0.1434168 0.9731851 0.1434175 -0.1798395 0.8976268 0.3445971 -0.2748072 0.8976262 0.2748076 -0.3445984 0.7777366 0.4914529 -0.391918 0.7777372 0.3919171 -0.4914527 0.6199115 0.6134836 -0.4892316 0.9731799 0.2072633 -0.09981386 0.8976306 0.3971008 -0.1912334 0.7777459 0.5663296 -0.2727308 0.6199017 0.7069718 -0.3404597 0.4310982 0.8129477 -0.3914977 0.9731815 0.224271 -0.05118881 0.8976383 0.4296828 -0.09807259 0.7777448 0.6128196 -0.1398755 0.6199123 0.7649971 -0.1746089 0.4311116 0.8796765 -0.2007787 0.4310982 0.5625811 -0.705448 0.2207916 0.6081002 -0.7625387 0.2207909 0.762539 -0.6081 0.6199114 0.4892319 -0.6134835 0.4310984 0.7054477 -0.5625813 -0.0148806 0.8028725 -0.595965 0.1407215 0.3269938 -0.9344905 -0.005869128 0.443744 -0.8961344 0.2208067 0.423177 -0.8787296 0.4310993 0.3914966 -0.8129476 0.6199004 0.3404585 -0.7069735 0.777747 0.2727306 -0.5663282 0.8976298 0.1912336 -0.3971025 0.97318 0.09981213 -0.2072635 0.1323792 0.5273498 -0.8392723 -0.05386423 0.6521365 -0.7561856 0.1103708 0.6930464 -0.7123939 0.9731816 0.05119004 -0.2242704 0.8976363 0.09807535 -0.4296862 0.7777444 0.1398738 -0.6128205 0.6199163 0.174609 -0.7649937 0.4311115 0.2007828 -0.8796756 0.9731765 -1.230299e-06 -0.2300597 0.8976347 -2.058457e-07 -0.4407403 0.7777496 3.967789e-07 -0.6285743 0.619883 -2.323553e-06 -0.7846942 0.4311034 -4.215547e-07 -0.9023025 0.4311119 -0.2007815 -0.8796757 0.6199168 -0.1746055 -0.7649942 0.7777434 -0.1398749 -0.6128215 0.8976371 -0.09807408 -0.429685 0.9731813 -0.05118876 -0.2242718 0.431098 -0.3914974 -0.8129479 0.6199018 -0.3404593 -0.7069718 0.7777459 -0.2727302 -0.5663299 0.8976306 -0.1912332 -0.397101 0.9731799 -0.09981381 -0.2072633 0.4310984 -0.5625813 -0.7054477 0.6199115 -0.4892316 -0.6134836 0.7777366 -0.391918 -0.4914529 0.8976268 -0.2748072 -0.3445971 0.973185 -0.1434168 -0.1798407 0.4310982 -0.705448 -0.5625811 0.6199114 -0.6134835 -0.4892319 0.7777372 -0.4914527 -0.3919171 0.8976262 -0.3445984 -0.2748076 0.9731851 -0.1798395 -0.1434175 0.431099 -0.8129476 -0.391497 0.6199004 -0.7069731 -0.3404592 0.7777472 -0.5663278 -0.2727309 0.8976298 -0.3971025 -0.1912337 0.97318 -0.2072635 -0.09981211 0.04812042 -0.9768333 -0.2085214 0.2207747 -0.950873 -0.2170231 0.4311108 -0.8796766 -0.20078 0.6199119 -0.7649967 -0.1746118 0.7777459 -0.6128184 -0.1398746 0.8976375 -0.429684 -0.09807417 0.9731818 -0.2242696 -0.05119017 0.04932227 -0.9505794 0.3065389 0.08254735 -0.855299 0.511517 0.1392785 -0.6626629 0.7358528 -0.1002875 -0.6676445 0.7376945 0.08145554 -0.516204 0.8525834 0.03042341 -0.2866975 0.957538 -0.005951756 0.00844267 0.9999466 0.04925293 0.3065404 0.9505825 0.08254177 0.5115173 0.8552993 0.09984738 0.7035769 0.7035695 0.08137799 0.8526071 0.516177 0.0307726 0.9575089 0.2867572 0 -1 0 0 -1 0 0 -1 0 0 -1 0 0 -1 0 0 -1 0 0 -1 0 0 -1 0 0 -1 0 0 -1 0 0 -1 0 0 -1 0 0 -1 0 0 -1 0 0 -1 0 0 -1 0 0 -1 0 0 -1 0 0 -1 0 0 -1 0 0 -1 0 0 -1 0 0 -1 0 0 -1 0 0 -1 0 0 -1 0 0 -1 0 0 -1 0 0 -1 0 0 -1 0 0 -1 0 0 -1 0 0 -1 0 0 -1 0 0 -1 0 0 -1 0 0 -1 0 0 -1 0 0 -1 0 0 -1 0 0 -1 0 0 -1 0 0 -1 0 0 -1 0 1 0 0 1 0 0 1 0 0 1 0 0 0 1 0 0 1 0 0 1 0 0 1 0 0 1 0 0 1 0 0 1 0 0 1 0 0 1 0 0 1 0 0 1 0 0 1 0 0 1 0 0 1 0 0 1 0 0 1 0 0 1 0 0 1 0 0 1 0 0 1 0 0 1 0 0 1 0 0 1 0 0 1 0 0 1 0 0 1 0 0 1 0 0 1 0 0 1 0 0 1 0 0 1 0 0 1 0 0 1 0 0 1 0 0 1 0 0 1 0 0 1 0 0 1 0 0 1 0 0 1 0 0 1 0 0 1 0 0 1 0 0 1 0 -0.4999999 -0.8660255 0 -0.4999999 -0.8660255 0 -0.4999999 -0.8660255 0 -0.4999999 -0.8660255 0 0 -0.2588184 -0.965926 0 -0.2588184 -0.965926 0 -0.5000054 -0.8660223 0 -0.5000054 -0.8660223 0 -0.7071068 -0.7071068 0 -0.7071068 -0.7071068 0 -0.8660231 -0.500004 0 -0.8660231 -0.500004 0 -0.9659263 -0.2588174 0 -0.9659263 -0.2588174 0 -1 -2.138666e-16 0 -1 -2.227777e-16 0 -0.9659263 0.2588174 0 -0.9659263 0.2588174 0 -0.8660231 0.500004 0 -0.8660231 0.500004 0 -0.7071068 0.7071068 0 -0.7071068 0.7071068 0 -0.5000054 0.8660223 0 -0.5000054 0.8660223 0 -0.2588184 0.965926 0 -0.2588184 0.965926 -0.8660255 -0.4999998 0 -0.8660255 -0.4999998 0 -0.8660255 -0.4999998 0 -0.8660255 -0.4999998 0 0 0 -1 0 0 -1 0 0 -1 0 0 -1 0 0 -1 0 0 -1 0 0 -1 0 0 -1 0 0 -1 0 0 -1 0 0 -1 0 0 -1 0 0 -1 0 0 -1 0 0 -1 0 0 -1 0 0 -1 0 0 -1 0 0 -1 0 0 -1 0 0 -1 0 0 -1 0 0 -1 0 0 -1 0 0 -1 0 0 -1 0 0 -1 0 0 -1 0 0 -1 0 0 -1 0.965917 -0.2588521 0 0.965917 -0.2588521 0 0.865999 -0.5000457 0 0.865999 -0.5000457 0 0.7071593 -0.7070543 0 0.7071593 -0.7070543 0 0.4999673 -0.8660443 0 0.4999673 -0.8660443 0 0.2588112 -0.9659279 0 0.2588112 -0.9659279 0 0.4999998 -0.8660255 0 0.4999998 -0.8660255 0 0.4999998 -0.8660255 0 0.4999998 -0.8660255 0 0.4999999 0.8660255 0 0.4999999 0.8660255 0 0.4999999 0.8660255 0 0.4999999 0.8660255 0 0 2.227777e-18 -1 0 0 -1 0 -0.2588184 -0.965926 0 -0.2588184 -0.965926 0 -0.5000054 -0.8660223 0 -0.5000054 -0.8660223 0 -0.7071068 -0.7071068 0 -0.7071068 -0.7071068 0 -0.8660231 -0.500004 0 -0.8660231 -0.500004 0 -0.9659263 -0.2588174 0 -0.9659263 -0.2588174 0 -1 -2.138666e-16 0 -1 -2.227777e-16 0 -0.9659263 0.2588174 0 -0.9659263 0.2588174 0 -0.8660231 0.500004 0 -0.8660231 0.500004 0 -0.7071068 0.7071068 0 -0.7071068 0.7071068 0 -0.5000054 0.8660223 0 -0.5000054 0.8660223 0 -0.2588184 0.965926 0 -0.2588184 0.965926 0 0 1 0 0 1 0.9659135 0.2588651 0 0.9659135 0.2588651 0 0.8660671 0.4999278 0 0.8660671 0.4999278 0 0.707147 0.7070665 0 0.707147 0.7070665 0 0.4999866 0.8660331 0 0.4999866 0.8660331 0 0.2588317 0.9659224 0 0.2588317 0.9659224 0 -8.911097e-18 1 0 8.911097e-18 1 0 -0.2588317 0.9659224 0 -0.2588317 0.9659224 0 -0.4999866 0.8660331 0 -0.4999866 0.8660331 0 -0.707147 0.7070665 0 -0.707147 0.7070665 0 -0.8660671 0.4999278 0 -0.8660671 0.4999278 0 -0.9659135 0.2588651 0 -0.9659135 0.2588651 0 1 0 0 1 0 0 1 0 0 1 0 0 1 0 0 1 0 0 1 0 0 1 0 0 1 0 0 1 0 0 1 0 0 1 0 0 1 0 0 1 0 0 1 0 0 1 0 0 1 0 0 1 0 0 1 0 0 1 0 0 1 0 0 1 0 0 1 0 0 1 0 0 1 0 0 1 0 0 1 0 0 1 0 0 1 0 0 1 0 0 1 0 0 1 0 0 1 0 0 1 0 0 1 0 0 1 0 0 1 0 0 1 0 0 1 0 0 1 0 0 1 0 0 1 0 0 1 0 0 1 0 0 1 0 0 1 0 0 1 0 0 1 0 0 0 1 0 -0.06541393 0.9978582 0 -0.06541393 0.9978582 0 0 1 0 0 1 0 0 1 0 0 1 0 0 1 0 0 1 0 0 1 0 0 0.9659264 -0.258817 -2.594086e-07 0.9659272 -0.2588141 -2.366039e-08 0.9238873 -0.3826648 -2.647515e-07 0.8660261 -0.4999988 0 -1 8.911119e-18 0 -1 -8.911119e-18 0 -0.9659272 -0.2588139 0 -0.9659272 -0.2588139 0 -0.866026 -0.499999 0 -0.866026 -0.499999 0 -0.7071032 -0.7071103 0 -0.7071032 -0.7071103 0 -0.499999 -0.866026 0 -0.499999 -0.866026 0 -0.2588188 -0.9659259 0 -0.2588188 -0.9659259 0 6.059561e-16 -1 0 6.237783e-16 -1 0 0.2588188 -0.9659259 0 0.2588188 -0.9659259 0 0.499999 -0.866026 0 0.499999 -0.866026 0 0.7071032 -0.7071103 0 0.7071032 -0.7071103 0 0.8660285 -0.4999946 0.2588139 -0.9659272 0 0.2588139 -0.9659272 0 0.5000009 -0.8660249 0 0.5000009 -0.8660249 0 0.7071068 -0.7071068 0 0.7071068 -0.7071068 0 0.8660249 -0.5000009 0 0.8660249 -0.5000009 0 0.9659272 -0.2588139 0 0.9659272 -0.2588139 0 1 -2.22778e-16 0 1 -2.049557e-16 0 0.9659272 0.2588139 0 0.9659272 0.2588139 0 0.8660249 0.5000009 0 0.8660249 0.5000009 0 0.7071068 0.7071068 0 0.7071068 0.7071068 0 0.5000009 0.8660249 0 0.5000009 0.8660249 0 0.2588139 0.9659272 0 0.2588139 0.9659272 0 -0.2208164 0.4231735 0.8787288 -0.2207973 0.6081085 0.7625304 -0.2206549 0.7625437 0.6081435 -0.2210089 0.8786636 0.4232084 -0.2210021 0.9508363 0.2169525 -0.2206849 0.9753452 1.844727e-05 -0.2210017 0.9508283 -0.216988 -0.2208163 0.4231737 -0.8787287 -0.2207746 0.2170252 -0.9508726 -0.9731855 0.1434101 -0.1798433 -0.9731495 0.1799667 -0.1434992 -0.8976242 0.2748117 -0.3446004 -0.8976078 0.344616 -0.2748455 -0.7777391 0.3919204 -0.4914472 -0.77768 0.491526 -0.3919387 -0.6199062 0.4892439 -0.6134792 -0.9731799 0.09981386 -0.2072633 -0.8976306 0.1912334 -0.3971008 -0.7777606 0.2727186 -0.5663153 -0.619896 0.3404694 -0.7069721 -0.4310754 0.3915004 -0.8129584 -0.9731815 0.05118881 -0.224271 -0.8976383 0.09807259 -0.4296828 -0.7777448 0.1398755 -0.6128196 -0.6199128 0.1746076 -0.7649969 -0.431111 0.2007778 -0.879677 -0.431098 0.7054831 -0.5625372 -0.2206613 0.7625636 -0.6081163 -0.2207877 0.6080982 -0.7625414 -0.6200277 0.6134017 -0.489187 -0.4311067 0.5625807 -0.7054431 -0.2210301 0.8786579 -0.4232092 -0.4311394 0.8129279 -0.3914934 -0.6199088 0.7069587 -0.340474 -0.7776475 0.5664318 -0.272799 -0.8975223 0.3973069 -0.1913137 -0.9731719 0.207296 -0.0998236 -0.973174 0.2243018 -0.05119709 -0.8976859 0.4295806 -0.09808442 -0.7777881 0.6127656 -0.1398715 -0.6196338 0.7652183 -0.1746278 -0.4312963 0.8795814 -0.2007985 -0.9731823 0.2300352 -2.317686e-06 -0.8974727 0.44107 2.790265e-05 -0.7775526 0.628818 1.935442e-05 -0.6201749 0.7844636 -3.751509e-05 -0.4314869 0.9021192 -9.509237e-06 -0.4312844 0.8795865 0.2008016 -0.6196444 0.7651979 0.1746796 -0.7777909 0.612769 0.1398406 -0.8976829 0.4295976 0.09803781 -0.9731744 0.2242995 0.05119856 -0.4311789 0.8129094 0.3914883 -0.6198908 0.706975 0.3404728 -0.7776476 0.5664261 0.2728107 -0.8975221 0.3972935 0.1913426 -0.9731728 0.2072953 0.09981637 -0.431103 0.7054782 0.5625395 -0.6200257 0.6134136 0.4891747 -0.777684 0.4915202 0.391938 -0.8976062 0.3446243 0.2748404 -0.9731488 0.1799599 0.1435127 -0.4310901 0.5625871 0.7054482 -0.6199185 0.4892324 0.6134759 -0.7777341 0.391926 0.4914506 -0.897627 0.2748088 0.3445953 -0.9731844 0.1434203 0.1798409 -0.4310759 0.3914976 0.8129596 -0.6198954 0.3404679 0.7069734 -0.7777616 0.2727211 0.5663127 -0.8976298 0.1912337 0.3971025 -0.97318 0.09981211 0.2072635 -0.2207747 0.2170231 0.950873 -0.4311108 0.20078 0.8796766 -0.6199115 0.174611 0.7649972 -0.7777463 0.1398736 0.6128182 -0.8976375 0.09807417 0.429684 -0.9731818 0.05119017 0.2242696 0.4999999 0.8660255 0 0.4999999 0.8660255 0 0.4999999 0.8660255 0 0.4999999 0.8660255 0 -0.2208104 -0.4231791 -0.8787276 -0.2207953 -0.6080964 -0.7625406 -0.2207951 -0.7625405 -0.6080967 -0.2208109 -0.8787274 -0.4231792 -0.2208103 -0.8787277 0.4231791 -0.2207934 -0.7625296 0.608111 -0.2206648 -0.6081595 0.7625281 -0.2210266 -0.4231452 0.8786896 -0.9731744 -0.05119856 0.2242995 -0.9731728 -0.09981637 0.2072953 -0.8976829 -0.09803781 0.4295976 -0.8975221 -0.1913426 0.3972935 -0.7777909 -0.1398406 0.612769 -0.7776476 -0.2728107 0.5664261 -0.6196444 -0.1746796 0.7651979 -0.6198908 -0.3404728 0.706975 -0.4312844 -0.2008016 0.8795865 -0.4311789 -0.3914883 0.8129094 -0.2209691 -0.2170567 0.9508202 -0.9731815 -0.224271 -0.05118881 -0.9731799 -0.2072633 -0.09981386 -0.8976383 -0.4296828 -0.09807259 -0.8976306 -0.3971008 -0.1912334 -0.7777448 -0.6128196 -0.1398755 -0.7777459 -0.5663296 -0.2727308 -0.6199123 -0.7649971 -0.1746089 -0.6199017 -0.7069718 -0.3404597 -0.4311116 -0.8796765 -0.2007787 -0.4310982 -0.8129477 -0.3914977 -0.2207667 -0.9508729 -0.2170317 -0.9731823 2.317686e-06 0.2300352 -0.8974727 -2.790265e-05 0.44107 -0.7775526 -1.935442e-05 0.628818 -0.6201749 3.751509e-05 0.7844636 -0.4314869 9.509237e-06 0.9021192 -0.220729 -1.425683e-05 0.9753352 -0.9731488 -0.1435127 0.1799599 -0.8976062 -0.2748404 0.3446243 -0.777684 -0.391938 0.4915202 -0.6200257 -0.4891747 0.6134136 -0.431103 -0.5625395 0.7054782 -0.4310901 -0.7054482 0.5625871 -0.6199185 -0.6134759 0.4892324 -0.7777341 -0.4914506 0.391926 -0.897627 -0.3445953 0.2748088 -0.9731844 -0.1798409 0.1434203 -0.4310759 -0.8129596 0.3914976 -0.6198954 -0.7069734 0.3404679 -0.7777616 -0.5663127 0.2727211 -0.8976298 -0.3971025 0.1912337 -0.97318 -0.2072635 0.09981211 -0.2207668 -0.9508733 0.2170298 -0.4311108 -0.8796766 0.20078 -0.6199115 -0.7649972 0.174611 -0.7777463 -0.6128182 0.1398736 -0.8976375 -0.429684 0.09807417 -0.9731818 -0.2242696 0.05119017 -0.9731765 -0.2300597 -1.251394e-06 -0.8976347 -0.4407402 -2.818163e-07 -0.7777496 -0.6285742 3.400244e-07 -0.619883 -0.7846943 -2.168692e-06 -0.4311033 -0.9023026 -4.12967e-07 -0.2207959 -0.97532 1.79187e-06 -0.973185 -0.1798407 -0.1434168 -0.8976268 -0.3445971 -0.2748072 -0.7777366 -0.4914529 -0.391918 -0.6199115 -0.6134836 -0.4892316 -0.4310984 -0.7054477 -0.5625813 -0.4310982 -0.5625811 -0.705448 -0.6199114 -0.4892319 -0.6134835 -0.7777372 -0.3919171 -0.4914527 -0.8976262 -0.2748076 -0.3445984 -0.9731851 -0.1434175 -0.1798395 -0.4310993 -0.3914966 -0.8129476 -0.6199004 -0.3404585 -0.7069735 -0.777747 -0.2727306 -0.5663282 -0.8976298 -0.1912336 -0.3971025 -0.97318 -0.09981213 -0.2072635 -0.2207686 -0.2170259 -0.9508738 -0.4311115 -0.2007828 -0.8796756 -0.6199163 -0.174609 -0.7649937 -0.7777444 -0.1398738 -0.6128205 -0.8976363 -0.09807535 -0.4296862 -0.9731816 -0.05119004 -0.2242704 -0.9731765 1.230299e-06 -0.2300597 -0.8976347 2.058457e-07 -0.4407403 -0.7777496 -3.967789e-07 -0.6285743 -0.619883 2.323553e-06 -0.7846942 -0.4311034 4.215547e-07 -0.9023025 -0.2207959 -1.73674e-06 -0.97532 -0.2210187 0.4231235 0.8787021 -0.2206425 0.6081386 0.7625512 -0.2207817 0.7625362 0.6081069 -0.2208065 0.8787297 0.4231768 -0.2207605 0.9508733 0.2170364 -0.2207935 0.9753206 -1.118494e-06 -0.220761 0.9508735 -0.2170349 -0.2208163 0.4231731 -0.878729 -0.220773 0.217025 -0.950873 -0.973185 0.1434168 -0.1798407 -0.9731851 0.1798395 -0.1434175 -0.8976268 0.2748072 -0.3445971 -0.8976262 0.3445984 -0.2748076 -0.7777366 0.391918 -0.4914529 -0.7777372 0.4914527 -0.3919171 -0.6199115 0.4892316 -0.6134836 -0.9731799 0.09981381 -0.2072633 -0.8976306 0.1912332 -0.397101 -0.7777459 0.2727302 -0.5663299 -0.6199018 0.3404593 -0.7069718 -0.431098 0.3914974 -0.8129479 -0.9731813 0.05118876 -0.2242718 -0.8976371 0.09807408 -0.429685 -0.7777434 0.1398749 -0.6128215 -0.6199168 0.1746055 -0.7649942 -0.4311119 0.2007815 -0.8796757 -0.4310982 0.705448 -0.5625811 -0.2207916 0.7625387 -0.6081002 -0.2207909 0.6081 -0.762539 -0.6199114 0.6134835 -0.4892319 -0.4310984 0.5625813 -0.7054477 -0.2208067 0.8787295 -0.423177 -0.431099 0.8129476 -0.391497 -0.6199004 0.7069731 -0.3404592 -0.7777472 0.5663278 -0.2727309 -0.8976298 0.3971025 -0.1912337 -0.97318 0.2072635 -0.09981211 -0.9731818 0.2242696 -0.05119017 -0.8976375 0.429684 -0.09807417 -0.7777459 0.6128184 -0.1398746 -0.6199119 0.7649967 -0.1746118 -0.4311108 0.8796766 -0.20078 -0.9731765 0.2300597 1.251394e-06 -0.8976347 0.4407402 2.818163e-07 -0.7777496 0.6285742 -3.400244e-07 -0.619883 0.7846943 2.168692e-06 -0.4311033 0.9023026 4.12967e-07 -0.431111 0.879677 0.2007778 -0.6199128 0.7649969 0.1746076 -0.7777448 0.6128196 0.1398755 -0.8976383 0.4296828 0.09807259 -0.9731815 0.224271 0.05118881 -0.4310754 0.8129584 0.3915004 -0.619896 0.7069721 0.3404694 -0.7777606 0.5663153 0.2727186 -0.8976306 0.3971008 0.1912334 -0.9731799 0.2072633 0.09981386 -0.4311067 0.7054431 0.5625807 -0.6199062 0.6134792 0.4892439 -0.7777391 0.4914472 0.3919204 -0.8976242 0.3446004 0.2748117 -0.9731855 0.1798433 0.1434101 -0.431098 0.5625372 0.7054831 -0.6200277 0.489187 0.6134017 -0.77768 0.3919387 0.491526 -0.8976078 0.2748455 0.344616 -0.9731495 0.1434992 0.1799667 -0.4311394 0.3914934 0.8129279 -0.6199088 0.340474 0.7069587 -0.7776475 0.272799 0.5664318 -0.8975223 0.1913137 0.3973069 -0.9731719 0.0998236 0.207296 -0.2208913 0.2171641 0.9508138 -0.4312963 0.2007985 0.8795814 -0.6196338 0.1746278 0.7652183 -0.7777881 0.1398715 0.6127656 -0.8976859 0.09808442 0.4295806 -0.973174 0.05119709 0.2243018 -1 0 0 -1 0 0 -1 0 0 -1 0 0 -1 0 0 -1 0 0 -1 0 0 -1 0 0 -1 0 0 -1 0 0 -1 0 0 -1 0 0 -1 0 0 -1 0 0 -1 0 0 -1 0 0 -1 0 0 -1 0 0 -1 0 0 -1 0 0 -1 0 0 -1 0 0 -1 0 0 -1 0 0 -1 0 0 -1 0 0 -1 0 0 -1 0 0 -1 0 0 -1 0 0 -1 0 0 -1 0 0 -1 0 0 -1 0 0 -1 0 0 -1 0 0 -1 0 0 -1 0 0 -1 0 0 -1 0 0 -1 0 0 -1 0 0 -1 0 0 -1 0 0 -1 0 0 -1 0 0 -1 0 0 -1 0 0 -1 0 0 -1 0 0 -1 0 0 -1 0 0 -1 0 0 -1 0 0 -1 0 0 -1 0 0 -1 0 0 -1 0 0 -1 0 0 -1 0 0 -1 0 0 -1 0 0 -1 0 0 -1 0 0 -1 0 0 -1 0 0 -1 0 0 -1 0 0 -1 0 0 -1 0 0 -1 0 0 -1 0 0 -1 0 0 -1 0 0 -1 0 0 -1 0 0 -1 0 0 -1 0 0 -1 0 0 -1 0 0 -1 0 0 -1 0 0 -1 0 0 -1 0 0 -1 0 0 -1 0 0 -1 0 0 -1 0 0 -1 0 0 -1 0 0 -1 0 0 -1 0 0 -1 0 0 -1 0 0 -1 0 0 -1 0 0 -1 0 0 -1 0 0 -1 0 0 -1 0 0 -1 0 0 -1 0 0 -1 0 0 -1 0 0 -1 0 0 -1 0 0 -1 0 0 -1 0 0 -1 0 0 -1 0 0 -1 0 0 -1 0 0 -1 0 0 -1 0 0 -1 0 0 -1 0 0 -1 0 0 -1 0 0 -1 0 0 -1 0 0 -1 0 0 -1 0 0 -1 0 0 -1 0 0 -1 0 0 -1 0 0 -1 0 0 -1 0 0 -1 0 0 -1 0 0 -1 0 0 -1 0 0 -1 0 0 -1 0 0 -1 0 0 -1 0 0 -1 0 0 -1 0 0 -1 0 0 -1 0 0 -1 0 0 -1 0 0 -1 0 0 -1 0 0 -1 0 0 -1 0 0 -1 0 0 -1 0 0 -1 0 0 -1 0 0 -1 0 0 -1 0 0 -1 0 0 -1 0 0 -1 0 0 -1 0 0 -1 0 0 -1 0 0 -1 0 0 -1 0 0 -1 0 0 -1 0 0 -1 0 0 -1 0 0 -1 0 0 -1 0 0 -1 0 0 -1 0 0 -1 0 0 -1 0 0 -1 0 0 -1 0 0 -1 0 0 -1 0 0 -1 0 0 -1 0 0 -1 0 0 -1 0 0 -1 0 0 -1 0 0 -1 0 0 -1 0 0 -1 0 0 -1 0 0 -1 0 0 -1 0 0 -1 0 0 -1 0 0 -1 0 0 -1 0 0 -1 0 0 -1 0 0 -1 0 0 -1 0 0 -1 0 0 -1 0 0 -1 0 0 -1 0 0 -1 0 0 -1 0 0 -1 0 0 -1 0 0 -1 0 0 -1 0 0 -1 0 0 -1 0 0 -1 0 0 -1 0 0 -1 0 0 -1 0 0 -1 0 0 -1 0 0 -1 0 0 -1 0 0 -1 0 0 -1 0 0 -1 0 0 -1 0 0 -1 0 0 -1 0 0 -1 0 0 -1 0 0 -1 0 0 -1 0 0 -1 0 0 -1 0 0 -1 0 0 -1 0 0 -1 0 0 -1 0 0 -1 0 0 -1 0 0 -1 0 0 -1 0 0 -1 0 0 -1 0 0 -1 0 0 -1 0 0 -1 0 0 -1 0 0 -1 0 0 -1 0 0 -1 0 0 -1 0 0 -1 0 0 -1 0 0 -1 0 0 -1 0 0 -1 0 0 -1 0 0 -1 0 0 -1 0 0 -1 0 0 1 0 0 1 0 0 1 0 0 1 0 0 1 0 0 1 0 0 1 0 0 1 0 0 1 0 0 1 0 0 1 0 0 1 0 0 1 0 0 1 0 0 1 0 0 1 0 0 1 0 0 1 0 0 1 0 0 1 0 0 1 0 0 1 0 0 1 0 0 1 0 0 1 0 0 1 0 0 1 0 0 1 0 0 1 0 0 1 0 0 1 0 0 1 0 0 1 0 0 1 0 0 1 0 0 1 0 0 1 0 0 1 0 0 1 0 0 1 0 0 1 0 0 1 0 0 1 0 0 1 0 0 1 0 0 1 0 0 1 0 0 1 0 0 1 0 0 1 0 0 1 0 0 1 0 0 1 0 0 1 0 0 1 0 0 1 0 0 1 0 0 1 0 0 1 0 0 1 0 0 1 0 0 1 0 0 1 0 0 1 0 0 1 0 0 1 0 0 1 0 0 1 0 0 1 0 0 1 0 0 1 0 0 1 0 0 1 0 0 1 0 0 1 0 0 1 0 0 1 0 0 1 0 0 1 0 0 1 0 0 1 0 0 1 0 0 1 0 0 1 0 0 1 0 0 1 0 0 1 0 0 1 0 0 1 0 0 1 0 0 1 0 0 1 0 0 1 0 0 1 0 0 1 0 0 1 0 0 1 0 0 1 0 0 1 0 0 1 0 0 1 0 0 1 0 0 1 0 0 1 0 0 1 0 0 1 0 0 1 0 0 1 0 0 1 0 0 1 0 0 1 0 0 1 0 0 1 0 0 1 0 0 1 0 0 1 0 0 1 0 0 1 0 0 1 0 0 1 0 0 1 0 0 1 0 0 1 0 0 1 0 0 1 0 0 1 0 0 1 0 0 1 0 0 1 0 0 1 0 0 1 0 0 1 0 0 1 0 0 1 0 0 1 0 0 1 0 0 1 0 0 1 0 0 1 0 0 1 0 0 1 0 0 1 0 0 1 0 0 1 0 0 1 0 0 1 0 0 1 0 0 1 0 0 1 0 0 1 0 0 1 0 0 1 0 0 1 0 0 1 0 0 1 0 0 1 0 0 1 0 0 1 0 0 1 0 0 1 0 0 1 0 0 1 0 0 1 0 0 1 0 0 1 0 0 1 0 0 1 0 0 1 0 0 1 0 0 1 0 0 1 0 0 1 0 0 1 0 0 1 0 0 1 0 0 1 0 0 1 0 0 1 0 0 1 0 0 1 0 0 1 0 0 1 0 0 1 0 0 1 0 0 1 0 0 1 0 0 1 0 0 1 0 0 1 0 0 1 0 0 1 0 0 1 0 0 1 0 0 1 0 0 1 0 0 1 0 0 1 0 0 1 0 0 1 0 0 1 0 0 1 0 0 1 0 0 1 0 0 1 0 0 1 0 0 1 0 0 1 0 0 1 0 0 1 0 0 1 0 0 1 0 0 1 0 0 1 0 0 1 0 0 1 0 0 1 0 0 1 0 0 1 0 0 1 0 0 1 0 0 1 0 0 1 0 0 1 0 0 1 0 0 1 0 0 1 0 0 1 0 0 1 0 0 1 0 0 1 0 0 1 0 0 1 0 0 1 0 0 1 0 0 1 0 0 1 0 0 1 0 0 1 0 0 1 0 0 1 0 0 1 0 0 1 0 0 1 0 0 1 0 0 1 0 0 1 0 0 1 0 0 1 0 0 1 0 0 1 0 0 1 0 0 1 0 0 1 0 0 0.3153013 0.9489916 0 0.3152997 0.9489922 -4.799436e-06 0.3153072 0.9489897 -9.213784e-06 0.3153041 0.9489907 -1.634229e-05 0.3153129 0.9489878 -1.671641e-05 0.3153063 0.94899 -2.060549e-05 0.3153009 0.9489918 -2.510275e-05 0.3153169 0.9489864 -1.671417e-05 0.3153306 0.9489819 -9.934415e-07 0.3153324 0.9489813 0 0.8660065 0.5000327 0 0.8657345 0.5005023 -0.001112923 0.8659864 0.5000675 -8.247849e-05 0.8650591 0.5016552 -0.003852989 0.5000002 0.8660253 0 0.5000002 0.8660253 0 0.5000002 0.8660253 0 0.5000002 0.8660253 0 0 0 -1 0 0 -1 0 0 -1 0 0 -1 0 0 -1 0 0 -1 0 0 -1 0 0 -1 -1 0 0 -1 0 0 -1 0 0 -1 0 0 -1 0 0 -1 0 0 -1 0 0 -1 0 0 -1 0 0 -1 0 0 -1 0 0 -1 0 0 -1 0 0 -1 0 0 -1 0 0 -1 0 0 -1 0 0 -1 0 0 -1 0 0 -1 0 0 -1 0 0 -1 0 0 -1 0 0 -1 0 0 -1 0 0 -1 0 0 -1 0 0 -1 0 0 -1 0 0 -1 0 0 -1 0 0 -1 0 0 -1 0 0 -1 0 0 -1 0 0 -1 0 0 -1 0 0 -1 0 0 -1 0 0 -1 0 0 -1 0 0 -1 0 0 -1 0 0 -1 0 0 -1 0 0 -1 0 0 -1 0 0 -1 0 0 0 0.2588184 0.965926 0 0.2588184 0.965926 0 0.5000054 0.8660223 0 0.5000054 0.8660223 0 0.7071068 0.7071068 0 0.7071068 0.7071068 0 0.8660231 0.500004 0 0.8660231 0.500004 0 0.9659263 0.2588174 0 0.9659263 0.2588174 0 1 -2.227777e-16 0 1 -2.138666e-16 0 0.9659263 -0.2588174 0 0.9659263 -0.2588174 0 0.8660231 -0.500004 0 0.8660231 -0.500004 0 0.7071068 -0.7071068 0 0.7071068 -0.7071068 0 0.5000054 -0.8660223 0 0.5000054 -0.8660223 0 0.2588184 -0.965926 0 0.2588184 -0.965926 0.4999998 -0.8660255 0 0.4999998 -0.8660255 0 0.4999998 -0.8660255 0 0.4999998 -0.8660255 0 0 1 0 0 1 0 0 1 0 0 1 0 0 1 0 0 1 0 0 1 0 0 1 0 0 1 0 0 1 0 0 1 0 0 1 0 0 1 0 0 1 0 0 1 0 0 1 0 0.5637214 0 -0.825965 0.5637214 0 -0.825965 0.4192746 0 -0.9078595 0.4129204 -0.00196114 -0.910765 0.3141517 0.001781533 -0.9493711 0.3047072 0.001749395 -0.9524445 0.2354454 0.002658237 -0.971884 0.2047082 0.0006275559 -0.9788229 0.1744786 -0.002736221 -0.9846572 0.1612408 0.001610199 -0.9869138 0.1299977 -0.001524949 -0.9915131 0.09260923 0.0007123188 -0.9957023 0.01371166 0.9627579 -0.2700172 0.04685188 0.863147 -0.5027745 0.07960052 0.7120023 -0.6976507 0.08296906 0.5512971 -0.8301733 0.09722711 0.3385467 -0.9359129 0.1051143 0.1146683 -0.987827 0.1051143 -0.1146683 -0.987827 0.09722711 -0.3385467 -0.9359129 0.1289344 -0.589697 -0.7972662 -0.1613606 -0.6368384 -0.7539228 0.05936143 -0.7269186 -0.6841532 0.03128473 -0.870514 -0.4911483 0.005481174 -0.9658527 -0.2590336 0 -1 4.199365e-16 0 -1 4.188226e-16 0 -0.9659259 0.2588188 0 -0.9659259 0.2588188 0 -0.866026 0.499999 0 -0.866026 0.499999 0 -0.7071103 0.7071032 0 -0.7071103 0.7071032 0 -0.499999 0.866026 0 -0.499999 0.866026 0 -0.2588139 0.9659272 0 -0.2588139 0.9659272 0 -7.128895e-17 1 0 -6.237783e-17 1 0 0.2588139 0.9659272 0 0.2588139 0.9659272 0 0.499999 0.866026 0 0.499999 0.866026 0 0.7071103 0.7071032 0 0.7071103 0.7071032 0 0.866026 0.499999 0 0.866026 0.499999 0 0.9659259 0.2588188 0 0.9659259 0.2588188 0 1 4.188226e-16 0 1 4.188226e-16 1 0 0 1 0 0 1 0 0 1 0 0 1 0 0 1 0 0 1 0 0 1 0 0 1 0 0 1 0 0 1 0 0 1 0 0 1 0 0 1 0 0 1 0 0 1 0 0 1 0 0 1 0 0 1 0 0 1 0 0 1 0 0 1 0 0 1 0 0 1 0 0 1 0 0 1 0 0 1 0 0 1 0 0 1 0 0 1 0 0 1 0 0 1 0 0 1 0 0 1 0 0 1 0 0 1 0 0 1 0 0 1 0 0 1 0 0 1 0 0 1 0 0 1 0 0 1 0 0 1 0 0 1 0 0 1 0 0 1 0 0 1 0 0 -7.797229e-18 -1 0 8.911119e-18 -1 0 0.2588139 -0.9659272 0 0.2588139 -0.9659272 0 0.499999 -0.866026 0 0.499999 -0.866026 0 0.7071103 -0.7071032 0 0.7071103 -0.7071032 0 0.866026 -0.499999 0 0.866026 -0.499999 0 0.9659259 -0.2588188 0 0.9659259 -0.2588188 0 1 6.059561e-16 0 1 6.237783e-16 0 0.9659259 0.2588188 0 0.9659259 0.2588188 0 0.866026 0.499999 0 0.866026 0.499999 0 0.7071103 0.7071032 0 0.7071103 0.7071032 0 0.499999 0.866026 0 0.499999 0.866026 0 0.2588139 0.9659272 0 0.2588139 0.9659272 0 8.911119e-18 1 0 -8.911119e-18 1 0 0 0 -1 0 0 -1 0 0 -1 0 0 -1 0 0 -1 0 0 -1 0 0 -1 0 0 -1 0 0 -1 0 0 -1 0 0 -1 0 0 -1 0 0 -1 0 0 -1 0 0 -1 0 0 -1 0 0 -1 0 0 -1 0 0 -1 0 0 -1 0 0 -1 0 0 -1 0 0 -1 0 0 -1 0 0 -1 0 0 -1 0 0 -1 0 0 -1 0 0 -1 0 0 -1 -2.105392e-06 0.9785137 -0.206182 -5.100267e-06 0.9588754 -0.2838272 7.249491e-06 0.9588508 -0.2839104 2.196049e-06 0.9330539 -0.3597367 5.45512e-06 0.9012189 -0.4333641 -8.261996e-07 0.9330267 -0.3598072 -2.974279e-07 0.9012169 -0.4333683 -1.298421e-07 0.863613 -0.5041552 -2.888526e-07 0.8204556 -0.5717103 0 0.8204551 -0.571711 0 0.718636 -0.6953865 -2.745075e-07 0.7186355 -0.695387 -1.285863e-07 0.6606259 -0.7507153 -3.104119e-07 0.5983728 -0.8012178 -4.390168e-07 0.5983736 -0.8012172 -1.083963e-06 0.5322751 -0.8465714 -7.030717e-07 0.5322708 -0.8465741 -1.024646e-06 0.4627605 -0.8864834 2.525285e-06 0.4627431 -0.8864924 1.035224e-06 0.3902538 -0.9207073 3.262163e-06 0.3152558 -0.9490067 0 0.3154147 -0.9489539 6.369394e-06 0.2384254 -0.9711608 3.61357e-06 0.2382888 -0.9711943 6.418121e-06 0.1596953 -0.9871664 0 0.1597193 -0.9871625 0 -1.418133e-16 -1 0 -1.46245e-16 -1 0 -0.1597193 -0.9871625 6.418121e-06 -0.1596953 -0.9871664 3.61357e-06 -0.2382888 -0.9711943 6.369394e-06 -0.2384254 -0.9711608 3.262163e-06 -0.3152558 -0.9490067 0 -0.3154147 -0.9489539 1.035224e-06 -0.3902538 -0.9207073 2.525285e-06 -0.4627431 -0.8864924 -1.013796e-06 -0.4627604 -0.8864834 -3.99388e-07 -0.5322706 -0.8465743 -8.276856e-07 -0.5983737 -0.8012172 0 -0.5983752 -0.801216 0 -0.7186355 -0.6953869 1.126138e-07 -0.7186354 -0.6953871 5.674877e-08 -0.7720236 -0.6355939 2.693532e-08 -0.8204552 -0.5717108 9.037903e-07 -0.9012208 -0.4333602 -8.76626e-08 -0.8636195 -0.5041442 2.030032e-07 -0.8636129 -0.5041554 0 -0.8204527 -0.5717145 2.695372e-06 -0.9588496 -0.2839144 7.174666e-06 -0.933029 -0.3598012 0 -0.9012227 -0.4333563 -1.327087e-06 -0.985995 -0.1667751 -4.473365e-06 -0.9859931 -0.166786 -2.105392e-06 -0.9785137 -0.206182 -5.100267e-06 -0.9588754 -0.2838272 1.067442e-05 -0.9330515 -0.3597427 0 1 0 0 1 0 0 -1 0 0 -1 0 0 -1 0 0 -1 0 0 -1 0 0 -1 0 0 -1 0 0 -1 0 0 -1 0 0 -1 0 0 -1 0 0 -1 0 0 -1 0 0 -1 0 0 -1 0 0 -1 0 0 -1 0 0 -1 0 0 -1 0 0 -1 0 0.2588139 -0.9659272 0 0.2588139 -0.9659272 0 0.5000009 -0.8660249 0 0.5000009 -0.8660249 0 0.7071068 -0.7071068 0 0.7071068 -0.7071068 0 0.8660249 -0.5000009 0 0.8660249 -0.5000009 0 0.9659272 -0.2588139 0 0.9659272 -0.2588139 0 1 -2.138669e-16 0 1 -2.138669e-16 0 0.9659272 0.2588139 0 0.9659272 0.2588139 0 0.8660249 0.5000009 0 0.8660249 0.5000009 0 0.7071068 0.7071068 0 0.7071068 0.7071068 0 0.5000009 0.8660249 0 0.5000009 0.8660249 0 0.2588139 0.9659272 0 0.2588139 0.9659272 0 0 0.9659259 -0.2588188 0 0.9659259 -0.2588188 0 0.866026 -0.499999 0 0.866026 -0.499999 0 0.7071103 -0.7071032 0 0.7071103 -0.7071032 0 0.499999 -0.866026 0 0.499999 -0.866026 0 0.2588139 -0.9659272 0 0.2588139 -0.9659272 0 1.51489e-16 -1 0 1.51489e-16 -1 0 -0.2588139 -0.9659272 0 -0.2588139 -0.9659272 0 -0.499999 -0.866026 0 -0.499999 -0.866026 0 -0.7071103 -0.7071032 0 -0.7071103 -0.7071032 0 -0.866026 -0.499999 0 -0.866026 -0.499999 0 -0.9659259 -0.2588188 0 -0.9659259 -0.2588188 0.2588188 -0.9659259 0 0.2588188 -0.9659259 0 0.499999 -0.866026 0 0.499999 -0.866026 0 0.7071032 -0.7071103 0 0.7071032 -0.7071103 0 0.866026 -0.499999 0 0.866026 -0.499999 0 0.9659272 -0.2588139 0 0.9659272 -0.2588139 0 1 -8.020007e-17 0 1 -8.020007e-17 0 0.9659272 0.2588139 0 0.9659272 0.2588139 0 0.866026 0.499999 0 0.866026 0.499999 0 0.7071032 0.7071103 0 0.7071032 0.7071103 0 0.499999 0.866026 0 0.499999 0.866026 0 0.2588188 0.9659259 0 0.2588188 0.9659259 0 -0.5000002 -0.8660253 0 -0.5000002 -0.8660253 0 -0.5000002 -0.8660253 0 -0.5000002 -0.8660253 0 0.8660255 0.4999998 0 0.8660255 0.4999998 0 0.8660255 0.4999998 0 0.8660255 0.4999998 0 0.8660291 0.4999936 0 0.8660291 0.4999936 0 0.8660291 0.4999936 0 0.8660291 0.4999936 0 0.4999998 -0.8660255 0 0.4999998 -0.8660255 0 0.4999998 -0.8660255 0 0.4999998 -0.8660255 0 -1 0 0 -1 0 0 -1 0 0 -1 0 0 0 0 -1 0 0 -1 0 0 -1 1 0 0 1 0 0 1 0 0 1 0 0 0 4.455554e-18 1 0 -8.911108e-18 1 0 0.2588174 0.9659263 0 0.2588174 0.9659263 0 0.500004 0.8660231 0 0.500004 0.8660231 0 0.7071068 0.7071068 0 0.7071068 0.7071068 0 0.8660223 0.5000054 0 0.8660223 0.5000054 0 0.965926 0.2588184 0 0.965926 0.2588184 0 1 4.455553e-16 0 1 4.455553e-16 0 0.965926 -0.2588184 0 0.965926 -0.2588184 0 0.8660223 -0.5000054 0 0.8660223 -0.5000054 0 0.7071068 -0.7071068 0 0.7071068 -0.7071068 0 0.500004 -0.8660231 0 0.500004 -0.8660231 0 0.2588174 -0.9659263 0 0.2588174 -0.9659263 0 -8.911108e-18 -1 0 8.911108e-18 -1 0 0 -1 0 0 -1 0 0 -1 0 0 -1 0 0 -1 0 0 -1 0 0 -1 0 0 -1 0 0 -1 0 0 -1 0 0 -1 0 0 -1 0 0 -1 0 0 -1 0 0 -1 0 0 -1 0 0 -1 0 -1 -1.180722e-16 0 -1 -1.069333e-16 0 -0.965926 -0.2588184 0 -0.965926 -0.2588184 0 -0.8660223 -0.5000054 0 -0.8660223 -0.5000054 0 -0.7071068 -0.7071068 0 -0.7071068 -0.7071068 0 -0.500004 -0.8660231 0 -0.500004 -0.8660231 0 -0.2588174 -0.9659263 0 -0.2588174 -0.9659263 0 -1.336666e-16 -1 0 -1.425777e-16 -1 0 0.2588174 -0.9659263 0 0.2588174 -0.9659263 0 0.500004 -0.8660231 0 0.500004 -0.8660231 0 0.7071068 -0.7071068 0 0.7071068 -0.7071068 0 0.8660223 -0.5000054 0 0.8660223 -0.5000054 0 0.965926 -0.2588184 0 0.965926 -0.2588184 0 1 -1.069333e-16 0 1 -1.158444e-16 -0.2588139 0.9659272 0 -0.2588139 0.9659272 0 -0.499999 0.866026 0 -0.499999 0.866026 0 -0.7071103 0.7071032 0 -0.7071103 0.7071032 0 -0.866026 0.499999 0 -0.866026 0.499999 0 -0.9659259 0.2588188 0 -0.9659259 0.2588188 0 -1 6.237783e-16 0 -1 6.059561e-16 0 -0.9659259 -0.2588188 0 -0.9659259 -0.2588188 0 -0.866026 -0.499999 0 -0.866026 -0.499999 0 -0.7071103 -0.7071032 0 -0.7071103 -0.7071032 0 -0.499999 -0.866026 0 -0.499999 -0.866026 0 -0.2588139 -0.9659272 0 -0.2588139 -0.9659272 0 0.8224582 0 -0.5688256 0.8224582 0 -0.5688256 0.9111458 0 -0.4120841 0.9111458 0 -0.4120841 0 0 -1 0 0 -1 0 0 -1 0 0 -1 0 0 -1 0 0 -1 0 0 -1 0 0 -1 0 0 -1 0 0 -1 0 0 -1 0 0 -1 0 0 -1 0 0 -1 0.5000007 -0.866025 0 0.5000007 -0.866025 0 0.5000007 -0.866025 0 0.5000007 -0.866025 0 0 0 -1 0 0 -1 0 0 -1 0 0 -1 0 0 -1 0 0 -1 0 0 -1 0 0 -1 0 0 -1 0 0 -1 0 0 -1 0 0 -1 0 0 -1 0 0 -1 0 0 -1 0 0 -1 0 0 -1 0 0 -1 0 0 -1 0 0 -1 0 0 -1 0 0 -1 0 0 -1 0 0 -1 0 0 -1 0 0 -1 0 0 -1 0 0 -1 0 0 -1 0 0 -1 -0.9659135 -0.2588651 0 -0.9659135 -0.2588651 0 -0.8660671 -0.4999278 0 -0.8660671 -0.4999278 0 -0.707147 -0.7070665 0 -0.707147 -0.7070665 0 -0.4999866 -0.8660331 0 -0.4999866 -0.8660331 0 -0.2588317 -0.9659224 0 -0.2588317 -0.9659224 0 8.911097e-18 -1 0 -8.911097e-18 -1 0 0.2588317 -0.9659224 0 0.2588317 -0.9659224 0 0.4999866 -0.8660331 0 0.4999866 -0.8660331 0 0.707147 -0.7070665 0 0.707147 -0.7070665 0 0.8660671 -0.4999278 0 0.8660671 -0.4999278 0 0.9659135 -0.2588651 0 0.9659135 -0.2588651 0 -0.7071068 1.884162e-16 -0.7071068 -0.7071068 0 -0.7071068 -0.7071068 2.37921e-16 -0.7071068 -0.7071068 1.351977e-16 -0.7071068 -0.7071068 0 -0.7071068 -0.7071068 -3.022673e-16 -0.7071068 -0.7071068 -8.764599e-17 -0.7071068 -0.7071068 -5.738072e-16 -0.7071068 0.5 0.8660254 0 0.5 0.8660254 0 0.5 0.8660254 0 0.5 0.8660254 0 -1 0 0 -1 0 0 0.4999998 -0.8660255 0 0.4999998 -0.8660255 0 0.4999998 -0.8660255 0 0.4999998 -0.8660255 0 0 -8.911113e-18 -1 0 8.911113e-18 -1 0 0.2588203 -0.9659255 0 0.2588203 -0.9659255 0 0.5000017 -0.8660244 8.706431e-07 0.4999983 -0.8660264 2.192973e-07 0.6087548 -0.7933585 9.287243e-07 0.7071054 -0.7071081 3.504622e-07 0.707101 -0.7071125 9.387958e-08 0.7933903 -0.6087133 4.407961e-07 0.8660268 -0.4999975 0 0.8660551 -0.4999485 0 0.9659255 -0.2588203 0 0.9659255 -0.2588203 0 1 -9.802224e-17 0 1 -1.069334e-16 0 0.9659255 0.2588203 0 0.9659255 0.2588203 4.759885e-07 0.8660246 0.5000014 2.162515e-06 0.7071068 0.7071068 6.607656e-07 0.7933583 0.608755 1.076093e-06 0.7933898 0.6087139 0 0.8660551 0.4999485 0 0 1 0 0 1 0 0.2588203 0.9659255 0 0.2588203 0.9659255 0 0.4999485 0.8660551 4.759885e-07 0.5000014 0.8660246 1.076093e-06 0.6087139 0.7933898 6.607656e-07 0.608755 0.7933583 0 0.7071068 0.7071068 0 1 -2.160944e-16 0 1 -2.227777e-16 0 0.9659263 0.2588174 0 0.9659263 0.2588174 0 0.8660231 0.500004 0 0.8660231 0.500004 0 0.7071068 0.7071068 0 0.7071068 0.7071068 0 0.5000054 0.8660223 0 0.5000054 0.8660223 0 0.2588184 0.965926 0 0.2588184 0.965926 0 2.405999e-16 1 0 2.405999e-16 1 0 -0.2588184 0.965926 0 -0.2588184 0.965926 0 -0.5000054 0.8660223 0 -0.5000054 0.8660223 0 -0.7071068 0.7071068 0 -0.7071068 0.7071068 0 -0.8660231 0.500004 0 -0.8660231 0.500004 0 -0.9659263 0.2588174 0 -0.9659263 0.2588174 0 -1 -2.227777e-16 0 -1 -2.138666e-16 0 0 -1 0 0 -1 0 0 -1 0 0 -1 0 0 -1 0 0 -1 0 0 -1 0 0 -1 0 0 -1 0 0 -1 0 0 -1 0 0 -1 0 0 -1 0 0 -1 0 0 -1 0 0 -1 0 0 -1 0 0 -1 0 0 -1 0 0 -1 0 0 -1 0 0 -1 0 0 -1 0 0 -1 0 0 -1 0 0 -1 0 0 -1 0 0 -1 0 0 -1 0 0 -1 0.4999998 0.8660255 0 0.4999998 0.8660255 0 0.4999998 0.8660255 0 0.4999998 0.8660255 0 -0.9807859 0 -0.1950872 -0.9807859 0 -0.1950872 -0.923875 0 -0.3826943 -0.923875 0 -0.3826943 -0.8314587 0 -0.5555866 -0.8314587 0 -0.5555866 -0.4999998 -0.8660255 0 -0.4999998 -0.8660255 0 -0.4999998 -0.8660255 0 -0.4999998 -0.8660255 0 -0.8660318 -0.499989 0 -0.8660318 -0.499989 0 -0.8660318 -0.499989 0 -0.8660318 -0.499989 0 0.2588112 -0.9659279 0 0.2588112 -0.9659279 0 0.4999673 -0.8660443 0 0.4999673 -0.8660443 0 0.7071593 -0.7070543 0 0.7071593 -0.7070543 0 0.865999 -0.5000457 0 0.865999 -0.5000457 0 0.965917 -0.2588521 0 0.965917 -0.2588521 0 1 -2.04948e-16 0 1 2.04948e-16 0 0.965917 0.2588521 0 0.965917 0.2588521 0 0.865999 0.5000457 0 0.865999 0.5000457 0 0.7071503 0.7070632 0 0.7071503 0.7070632 0 0.4999589 0.8660491 0 0.4999589 0.8660491 0 0.2588263 0.9659239 0 0.2588263 0.9659239 0 1.327087e-06 0.985995 -0.1667751 4.473365e-06 0.9859931 -0.166786 2.105392e-06 0.9785137 -0.206182 5.100267e-06 0.9588754 -0.2838272 -2.695372e-06 0.9588496 -0.2839144 -1.067442e-05 0.9330515 -0.3597427 -7.174666e-06 0.933029 -0.3598012 -5.991922e-07 0.9012207 -0.4333603 2.974279e-07 0.9012169 -0.4333683 1.298421e-07 0.863613 -0.5041552 2.888526e-07 0.8204556 -0.5717103 0 0.8204551 -0.571711 2.745075e-07 0.7186355 -0.695387 0 0.718636 -0.6953865 1.285863e-07 0.6606259 -0.7507153 3.104119e-07 0.5983728 -0.8012178 4.390168e-07 0.5983736 -0.8012172 1.083963e-06 0.5322751 -0.8465714 7.030717e-07 0.5322708 -0.8465741 1.024646e-06 0.4627605 -0.8864834 -2.525285e-06 0.4627431 -0.8864924 -1.035224e-06 0.3902538 -0.9207073 -3.262163e-06 0.3152558 -0.9490067 0 0.3154147 -0.9489539 -6.369394e-06 0.2384254 -0.9711608 -3.61357e-06 0.2382888 -0.9711943 -6.418121e-06 0.1596953 -0.9871664 0 0.1597193 -0.9871625 0 -1.418133e-16 -1 0 -1.46245e-16 -1 -6.418121e-06 -0.1596953 -0.9871664 0 -0.1597193 -0.9871625 -3.61357e-06 -0.2382888 -0.9711943 -6.369394e-06 -0.2384254 -0.9711608 -3.262163e-06 -0.3152558 -0.9490067 0 -0.3154147 -0.9489539 -1.035224e-06 -0.3902538 -0.9207073 -2.525285e-06 -0.4627431 -0.8864924 1.013796e-06 -0.4627604 -0.8864834 3.99388e-07 -0.5322706 -0.8465743 8.276856e-07 -0.5983737 -0.8012172 0 -0.5983752 -0.801216 -1.126138e-07 -0.7186354 -0.6953871 -2.693532e-08 -0.8204552 -0.5717108 -5.674877e-08 -0.7720236 -0.6355939 0 -0.7186355 -0.6953869 0 -0.9012227 -0.4333563 -5.759718e-06 -0.901219 -0.433364 8.76626e-08 -0.8636195 -0.5041442 -2.030032e-07 -0.8636129 -0.5041554 0 -0.8204527 -0.5717145 8.261996e-07 -0.9330267 -0.3598072 -2.196049e-06 -0.9330539 -0.3597367 -7.249491e-06 -0.9588508 -0.2839104 5.100267e-06 -0.9588754 -0.2838272 2.105392e-06 -0.9785137 -0.206182 0.258811 0.965928 0 0.258811 0.965928 0 0.4999959 0.8660278 0 0.4999959 0.8660278 0 0.707086 0.7071275 0 0.7070794 0.7071341 -1.539487e-06 0.7932005 0.6089606 -1.870257e-07 0.866 0.500044 -1.705185e-06 0.9659378 0.2587744 0 0.9659378 0.2587744 0 0.8659195 0.5001833 0 -0.2208103 -0.4231791 -0.8787277 -0.2207934 -0.608111 -0.7625296 -0.2206648 -0.7625281 -0.6081595 -0.2210266 -0.8786896 -0.4231452 -0.2210292 -0.8787036 0.4231148 -0.2206685 -0.7625454 0.6081365 -0.2207853 -0.6081032 0.7625381 -0.2208109 -0.4231792 0.8787274 -0.9982049 -0.0133267 0.05838926 -0.9982046 -0.02598836 0.05396442 -0.9731815 -0.05118881 0.224271 -0.9731799 -0.09981386 0.2072633 -0.8976383 -0.09807259 0.4296828 -0.8976306 -0.1912334 0.3971008 -0.7777448 -0.1398755 0.6128196 -0.7777606 -0.2727186 0.5663153 -0.6199128 -0.1746076 0.7649969 -0.619896 -0.3404694 0.7069721 -0.431111 -0.2007778 0.879677 -0.4310754 -0.3915004 0.8129584 -0.2207667 -0.2170317 0.9508729 -0.9982059 -0.05837216 -0.01332567 -0.9982075 -0.0539216 -0.02596509 -0.9731744 -0.2242995 -0.05119856 -0.9731728 -0.2072953 -0.09981637 -0.8976829 -0.4295976 -0.09803781 -0.8975221 -0.3972935 -0.1913426 -0.7777909 -0.612769 -0.1398406 -0.7776476 -0.5664261 -0.2728107 -0.6196444 -0.7651979 -0.1746796 -0.6198908 -0.706975 -0.3404728 -0.4312844 -0.8795865 -0.2008016 -0.4311789 -0.8129094 -0.3914883 -0.2209691 -0.9508202 -0.2170567 -0.9982049 -0.0373407 0.04682612 -0.9731855 -0.1434101 0.1798433 -0.8976242 -0.2748117 0.3446004 -0.7777391 -0.3919204 0.4914472 -0.6199062 -0.4892439 0.6134792 -0.4311067 -0.5625807 0.7054431 -0.431098 -0.7054831 0.5625372 -0.6200277 -0.6134017 0.489187 -0.77768 -0.491526 0.3919387 -0.8976078 -0.344616 0.2748455 -0.9731495 -0.1799667 0.1434992 -0.9982051 -0.04682249 0.03733946 -0.4311394 -0.8129279 0.3914934 -0.6199088 -0.7069587 0.340474 -0.7776475 -0.5664318 0.272799 -0.8975223 -0.3973069 0.1913137 -0.9731719 -0.207296 0.0998236 -0.9982075 -0.05392015 0.0259685 -0.2209641 -0.9508119 0.2170982 -0.4312963 -0.8795814 0.2007985 -0.6196338 -0.7652183 0.1746278 -0.7777881 -0.6127656 0.1398715 -0.8976859 -0.4295806 0.09808442 -0.973174 -0.2243018 0.05119709 -0.998206 -0.0583726 0.01332268 -0.9982072 -0.05985277 1.305966e-06 -0.9731823 -0.2300352 2.317686e-06 -0.8974727 -0.44107 -2.790265e-05 -0.7775526 -0.628818 -1.935442e-05 -0.6201749 -0.7844636 3.751509e-05 -0.4314869 -0.9021192 9.509237e-06 -0.220729 -0.9753352 -1.42567e-05 -0.9982052 -0.04682037 -0.03733992 -0.9731488 -0.1799599 -0.1435127 -0.8976062 -0.3446243 -0.2748404 -0.777684 -0.4915202 -0.391938 -0.6200257 -0.6134136 -0.4891747 -0.431103 -0.7054782 -0.5625395 -0.4310901 -0.5625871 -0.7054482 -0.6199185 -0.4892324 -0.6134759 -0.7777341 -0.391926 -0.4914506 -0.897627 -0.2748088 -0.3445953 -0.9731844 -0.1434203 -0.1798409 -0.9982049 -0.03734042 -0.04682594 -0.4310759 -0.3914976 -0.8129596 -0.6198954 -0.3404679 -0.7069734 -0.7777616 -0.2727211 -0.5663127 -0.8976298 -0.1912337 -0.3971025 -0.97318 -0.09981211 -0.2072635 -0.9982046 -0.02598792 -0.05396469 -0.2207668 -0.2170298 -0.9508733 -0.4311108 -0.20078 -0.8796766 -0.6199115 -0.174611 -0.7649972 -0.7777463 -0.1398736 -0.6128182 -0.8976375 -0.09807417 -0.429684 -0.9731818 -0.05119017 -0.2242696 -0.9982049 -0.01332679 -0.05838959 -0.2210292 -0.4231148 -0.8787036 -0.2206685 -0.6081365 -0.7625454 -0.2207853 -0.7625381 -0.6081032 -0.2208109 -0.8787274 -0.4231792 -0.2208103 -0.8787277 0.4231791 -0.2207953 -0.7625406 0.6080964 -0.2207951 -0.6080967 0.7625405 -0.2208109 -0.4231785 0.8787278 -0.9731813 -0.05118876 0.2242718 -0.9731799 -0.09981381 0.2072633 -0.8976371 -0.09807408 0.429685 -0.8976306 -0.1912332 0.397101 -0.7777434 -0.1398749 0.6128215 -0.7777459 -0.2727302 0.5663299 -0.6199168 -0.1746055 0.7649942 -0.6199018 -0.3404593 0.7069718 -0.4311119 -0.2007815 0.8796757 -0.431098 -0.3914974 0.8129479 -0.2207686 -0.2170282 0.9508733 -0.9731815 -0.224271 -0.05118881 -0.9731799 -0.2072633 -0.09981386 -0.8976383 -0.4296828 -0.09807259 -0.8976306 -0.3971008 -0.1912334 -0.7777448 -0.6128196 -0.1398755 -0.7777606 -0.5663153 -0.2727186 -0.6199128 -0.7649969 -0.1746076 -0.619896 -0.7069721 -0.3404694 -0.431111 -0.879677 -0.2007778 -0.4310754 -0.8129584 -0.3915004 -0.2207667 -0.9508729 -0.2170317 -0.9731765 -1.230299e-06 0.2300597 -0.8976347 -2.058457e-07 0.4407403 -0.7777496 3.967789e-07 0.6285743 -0.619883 -2.323553e-06 0.7846942 -0.4311034 -4.215547e-07 0.9023025 -0.2207959 1.73674e-06 0.97532 -0.973185 -0.1434168 0.1798407 -0.8976268 -0.2748072 0.3445971 -0.7777366 -0.391918 0.4914529 -0.6199115 -0.4892316 0.6134836 -0.4310984 -0.5625813 0.7054477 -0.4310982 -0.705448 0.5625811 -0.6199114 -0.6134835 0.4892319 -0.7777372 -0.4914527 0.3919171 -0.8976262 -0.3445984 0.2748076 -0.9731851 -0.1798395 0.1434175 -0.431099 -0.8129476 0.391497 -0.6199004 -0.7069731 0.3404592 -0.7777472 -0.5663278 0.2727309 -0.8976298 -0.3971025 0.1912337 -0.97318 -0.2072635 0.09981211 -0.2207668 -0.9508733 0.2170298 -0.4311108 -0.8796766 0.20078 -0.6199119 -0.7649967 0.1746118 -0.7777459 -0.6128184 0.1398746 -0.8976375 -0.429684 0.09807417 -0.9731818 -0.2242696 0.05119017 -0.9731765 -0.2300597 -1.251394e-06 -0.8976347 -0.4407402 -2.818163e-07 -0.7777496 -0.6285742 3.400244e-07 -0.619883 -0.7846943 -2.168692e-06 -0.4311033 -0.9023026 -4.12967e-07 -0.2207959 -0.97532 1.79187e-06 -0.9731855 -0.1798433 -0.1434101 -0.8976242 -0.3446004 -0.2748117 -0.7777391 -0.4914472 -0.3919204 -0.6199062 -0.6134792 -0.4892439 -0.4311067 -0.7054431 -0.5625807 -0.431098 -0.5625372 -0.7054831 -0.6200277 -0.489187 -0.6134017 -0.77768 -0.3919387 -0.491526 -0.8976078 -0.2748455 -0.344616 -0.9731495 -0.1434992 -0.1799667 -0.4311394 -0.3914934 -0.8129279 -0.6199088 -0.340474 -0.7069587 -0.7776475 -0.272799 -0.5664318 -0.8975223 -0.1913137 -0.3973069 -0.9731719 -0.0998236 -0.207296 -0.2209641 -0.2170982 -0.9508119 -0.4312963 -0.2007985 -0.8795814 -0.6196338 -0.1746278 -0.7652183 -0.7777881 -0.1398715 -0.6127656 -0.8976859 -0.09808442 -0.4295806 -0.973174 -0.05119709 -0.2243018 -0.9731823 -2.317686e-06 -0.2300352 -0.8974727 2.790265e-05 -0.44107 -0.7775526 1.935442e-05 -0.628818 -0.6201749 -3.751509e-05 -0.7844636 -0.4314869 -9.509237e-06 -0.9021192 -0.220729 1.425683e-05 -0.9753352 0 0 -1 0 0 -1 0 0 -1 -0.4999998 0.8660255 0 -0.4999998 0.8660255 0 -0.4999998 0.8660255 0 -0.4999998 0.8660255 0 -0.1950872 0 -0.9807859 -0.1950872 0 -0.9807859 -0.3826943 0 -0.923875 -0.3826943 0 -0.923875 -0.5555866 0 -0.8314587 -0.5555866 0 -0.8314587 -0.2588188 0.9659259 0 -0.2588188 0.9659259 0 -0.499999 0.866026 0 -0.499999 0.866026 0 -0.7071032 0.7071103 0 -0.7071032 0.7071103 0 -0.866026 0.499999 0 -0.866026 0.499999 0 -0.9659272 0.2588139 0 -0.9659272 0.2588139 0 -1 1.336668e-16 0 -1 1.247557e-16 0 -0.9659272 -0.2588139 0 -0.9659272 -0.2588139 0 -0.866026 -0.499999 0 -0.866026 -0.499999 0 -0.7071032 -0.7071103 0 -0.7071032 -0.7071103 0 -0.499999 -0.866026 0 -0.499999 -0.866026 0 -0.2588188 -0.9659259 0 -0.2588188 -0.9659259 0 0.8660065 -0.5000327 -9.5133e-05 0.8654727 -0.5009561 -4.112835e-05 0.8659763 -0.5000851 -9.206917e-05 0.8650655 -0.501659 0 0.4999998 -0.8660255 0 0.4999998 -0.8660255 0 0.4999998 -0.8660255 0 0.4999998 -0.8660255 0 -1 0 0 -1 0 0 -1 0 0 -1 0 0 -1 0 0 -1 0 0 -1 0 0 -1 0 0 -1 0 0 -1 0 0 -1 0 0 -1 0 0 -1 0 0 -1 0 0 -1 0 0 -1 0 0 -1 0 0 -1 0 0 -1 0 0 -1 0 0 -1 0 0 -1 0 0 -1 0 0 -1 0 0 -1 0 0 -1 0 0 -1 0 0 -1 0 0 -1 0 0 -1 0 0 -1 0 0 -1 0 0 -1 0 0 -1 0 0 -1 0 0 -1 0 0 -1 0 0 -1 0 0 -1 0 0 -1 0 0 -1 0 0 -1 0 0 -1 0 0 -1 0 0 -1 0 0 -1 0 0 -1 0 0 -1 0 0 -1 0 0 -1 0 0 -1 0 0 -1 0 0 -0.4999998 -0.8660255 0 -0.4999998 -0.8660255 0 -0.4999998 -0.8660255 0 -0.4999998 -0.8660255 0 0.8660318 0.499989 0 0.8660318 0.499989 0 0.8660318 0.499989 0 0.8660318 0.499989 0 -0.9978582 0.0654138 2.049431e-07 -0.9978606 0.06537738 0 -0.5000007 0.866025 0 -0.5000007 0.866025 0 -0.5000007 0.866025 0 -0.5000007 0.866025 0 1 0 0 1 0 0 1 0 0 1 0 0 0 0 -1 0 0 -1 0 0 -1 2.594086e-07 0.9659272 -0.2588141 0 0.9659264 -0.258817 2.366039e-08 0.9238873 -0.3826648 2.647515e-07 0.8660261 -0.4999988 0 0.8660285 -0.4999946 0 0.7071032 -0.7071103 0 0.7071032 -0.7071103 0 0.499999 -0.866026 0 0.499999 -0.866026 0 0.2588188 -0.9659259 0 0.2588188 -0.9659259 0 -2.049557e-16 -1 0 -2.138669e-16 -1 0 -0.2588188 -0.9659259 0 -0.2588188 -0.9659259 0 -0.499999 -0.866026 0 -0.499999 -0.866026 0 -0.7071032 -0.7071103 0 -0.7071032 -0.7071103 0 -0.866026 -0.499999 0 -0.866026 -0.499999 0 -0.9659272 -0.2588139 0 -0.9659272 -0.2588139 -0.04782884 0.2090236 -0.9767403 -0.01370243 0.2701905 -0.9627094 -0.07694876 0.3352251 -0.9389904 -0.04664368 0.5027152 -0.8631928 -0.01946554 0.4083481 -0.9126187 -0.09623109 0.5377681 -0.8375828 -0.07989833 0.6976542 -0.7119655 0.01460869 0.5959978 -0.8028532 -0.1105029 0.7123959 -0.6930233 -0.08297602 0.8301709 -0.5512996 0.05389852 0.7561676 -0.6521545 -0.1323792 0.8392723 -0.5273498 0.005869128 0.8961344 -0.443744 -0.09722711 0.9359129 -0.3385467 -0.1407186 0.9344908 -0.3269944 0.01181049 0.973588 -0.2280062 -0.1051143 0.987827 -0.1146683 -0.1448641 0.9832301 -0.1107834 0.01377602 0.9999051 -3.791991e-16 -0.1051143 0.987827 0.1146683 -0.1448641 0.9832301 0.1107834 0.01181049 0.973588 0.2280062 -0.09722711 0.9359129 0.3385467 -0.1407186 0.9344908 0.3269944 0.005868898 0.8961342 0.4437443 -0.08162823 0.8336924 0.5461628 -0.1323813 0.8392724 0.5273491 -0.003897338 0.7720046 0.6356051 -0.05907219 0.6841655 0.7269305 -0.1198014 0.7020141 0.7020141 -0.01722492 0.6086291 0.7932679 -0.03147506 0.4911736 0.8704929 -0.1028529 0.5291977 0.8422417 -0.03305584 0.4163989 0.9085809 -0.005505044 0.2588806 0.9658936 -0.04812497 0.208539 0.9768293 -0.08145573 0.329155 0.9407561 -1 0 0 -1 0 0 -1 0 0 -1 0 0 -1 0 0 -1 0 0 -1 0 0 -1 0 0 -1 0 0 -1 0 0 -1 0 0 -1 0 0 -1 0 0 -1 0 0 -1 0 0 -1 0 0 -1 0 0 -1 0 0 -1 0 0 -1 0 0 -1 0 0 -1 0 0 -1 0 0 -1 0 0 0.9807859 0 -0.1950872 0.9807859 0 -0.1950872 0.923875 0 -0.3826943 0.923875 0 -0.3826943 0.8314587 0 -0.5555866 0.8314587 0 -0.5555866 0.7409586 0 -0.6715507 0.7409586 0 -0.6715507 0 0 -1 0 0 -1 0 0 -1 0 0 -1 0 0 -1 0 0 -1 0 0 -1 0 0 -1 0 0 -1 0 0 -1 0 0 -1 0 0 -1 0 0 -1 0 0 -1 1 0 0 1 0 0 1 0 0 1 0 0 -0.4999998 0.8660255 0 -0.4999998 0.8660255 0 -0.4999998 0.8660255 0 -0.4999998 0.8660255 0 -0.4999998 0.8660255 0 -0.4999998 0.8660255 0 -0.4999998 0.8660255 0 -0.4999998 0.8660255 0 0.8660291 -0.4999936 0 0.8660291 -0.4999936 0 0.8660291 -0.4999936 0 0.8660291 -0.4999936 0 -0.7071068 0 0.7071068 -0.7071068 0 0.7071068 -0.7071068 0 0.7071068 -0.7071068 0 0.7071068 -0.7071068 0 0.7071068 -0.7071068 0 0.7071068 -0.2208161 0.4231731 0.8787291 -0.2207928 0.6081015 0.7625373 -0.2207914 0.7625386 0.6081004 -0.2208065 0.8787297 0.4231768 -0.2207605 0.9508733 0.2170364 -0.2207935 0.9753206 -1.118494e-06 -0.220761 0.9508735 -0.2170349 -0.2210195 0.4231626 -0.878683 -0.2209018 0.2171104 -0.9508236 -0.9731488 0.1435127 -0.1799599 -0.9731844 0.1798409 -0.1434203 -0.8976062 0.2748404 -0.3446243 -0.897627 0.3445953 -0.2748088 -0.777684 0.391938 -0.4915202 -0.7777341 0.4914506 -0.391926 -0.6200257 0.4891747 -0.6134136 -0.9731728 0.09981637 -0.2072953 -0.8975221 0.1913426 -0.3972935 -0.7776476 0.2728107 -0.5664261 -0.6198908 0.3404728 -0.706975 -0.4311789 0.3914883 -0.8129094 -0.9731744 0.05119856 -0.2242995 -0.8976829 0.09803781 -0.4295976 -0.7777909 0.1398406 -0.612769 -0.6196444 0.1746796 -0.7651979 -0.4312844 0.2008016 -0.8795865 -0.4310901 0.7054482 -0.5625871 -0.2207913 0.7625288 -0.6081127 -0.2206325 0.6081544 -0.7625415 -0.6199185 0.6134759 -0.4892324 -0.431103 0.5625395 -0.7054782 -0.2208067 0.8787295 -0.423177 -0.4310759 0.8129596 -0.3914976 -0.6198954 0.7069734 -0.3404679 -0.7777616 0.5663127 -0.2727211 -0.8976298 0.3971025 -0.1912337 -0.97318 0.2072635 -0.09981211 -0.9731818 0.2242696 -0.05119017 -0.8976375 0.429684 -0.09807417 -0.7777463 0.6128182 -0.1398736 -0.6199115 0.7649972 -0.174611 -0.4311108 0.8796766 -0.20078 -0.9731765 0.2300597 1.251394e-06 -0.8976347 0.4407402 2.818163e-07 -0.7777496 0.6285742 -3.400244e-07 -0.619883 0.7846943 2.168692e-06 -0.4311033 0.9023026 4.12967e-07 -0.4311116 0.8796765 0.2007787 -0.6199123 0.7649971 0.1746089 -0.7777448 0.6128196 0.1398755 -0.8976383 0.4296828 0.09807259 -0.9731815 0.224271 0.05118881 -0.4310982 0.8129477 0.3914977 -0.6199017 0.7069718 0.3404597 -0.7777459 0.5663296 0.2727308 -0.8976306 0.3971008 0.1912334 -0.9731799 0.2072633 0.09981386 -0.4310984 0.7054477 0.5625813 -0.6199115 0.6134836 0.4892316 -0.7777366 0.4914529 0.391918 -0.8976268 0.3445971 0.2748072 -0.973185 0.1798407 0.1434168 -0.4310982 0.5625811 0.705448 -0.6199114 0.4892319 0.6134835 -0.7777372 0.3919171 0.4914527 -0.8976262 0.2748076 0.3445984 -0.9731851 0.1434175 0.1798395 -0.4310993 0.3914966 0.8129476 -0.6199004 0.3404585 0.7069735 -0.777747 0.2727306 0.5663282 -0.8976298 0.1912336 0.3971025 -0.97318 0.09981213 0.2072635 -0.2207731 0.2170227 0.9508735 -0.4311115 0.2007828 0.8796756 -0.6199163 0.174609 0.7649937 -0.7777444 0.1398738 0.6128205 -0.8976363 0.09807535 0.4296862 -0.9731816 0.05119004 0.2242704 0.7071068 0 0.7071068 0.7071068 0 0.7071068 0.7071068 0 0.7071068 0.7071068 0 0.7071068 0.7071068 0 0.7071068 0.7071068 0 0.7071068 0 0.965926 0.2588184 0 0.965926 0.2588184 0 0.8660223 0.5000054 0 0.8660223 0.5000054 0 0.7071068 0.7071068 0 0.7071068 0.7071068 0 0.500004 0.8660231 0 0.500004 0.8660231 0 0.2588174 0.9659263 0 0.2588174 0.9659263 0 8.911108e-17 1 0 9.802219e-17 1 0 -0.2588174 0.9659263 0 -0.2588174 0.9659263 0 -0.500004 0.8660231 0 -0.500004 0.8660231 0 -0.7071068 0.7071068 0 -0.7071068 0.7071068 0 -0.8660223 0.5000054 0 -0.8660223 0.5000054 0 -0.965926 0.2588184 0 -0.965926 0.2588184 0 0 -1 0 0 -1 0 0 -1 0 0 -1 0 0 -1 0 0 -1 0 0 -1 0 0 -1 0 0 -1 0 0 -1 0 0 -1 0 0 -1 0 0 -1 0 0 -1 -0.4999998 0.8660255 0 -0.4999998 0.8660255 0 -0.4999998 0.8660255 0 -0.4999998 0.8660255 0 -0.4999998 -0.8660255 0 -0.4999998 -0.8660255 0 -0.4999998 -0.8660255 0 -0.4999998 -0.8660255 0 0 -0.9659245 -0.2588239 0 -0.9659245 -0.2588239 0 -0.8659917 -0.5000584 0 -0.8659917 -0.5000584 0 -0.7070933 -0.7071203 0 -0.7070933 -0.7071203 0 -0.5000057 -0.8660221 0 -0.5000057 -0.8660221 0 -0.25887 -0.9659122 0 -0.25887 -0.9659122 0 7.485493e-16 -1 0 7.574606e-16 -1 0 0.25887 -0.9659122 0 0.25887 -0.9659122 0 0.5000057 -0.8660221 0 0.5000057 -0.8660221 0 0.7070933 -0.7071203 0 0.7070933 -0.7071203 0 0.8659917 -0.5000584 0 0.8659917 -0.5000584 0 0.9659245 -0.2588239 0 0.9659245 -0.2588239 0 -0.2588203 0.9659255 0 -0.2588203 0.9659255 4.759885e-07 -0.5000014 0.8660246 0 -0.4999485 0.8660551 1.076093e-06 -0.6087139 0.7933898 6.607656e-07 -0.608755 0.7933583 2.162515e-06 -0.7071068 0.7071068 0 -0.7071068 0.7071068 6.607656e-07 -0.7933583 0.608755 1.076093e-06 -0.7933898 0.6087139 4.759885e-07 -0.8660246 0.5000014 0 -0.8660551 0.4999485 0 -0.9659255 0.2588203 0 -0.9659255 0.2588203 0 -1 1.069334e-16 0 -1 1.069334e-16 0 -0.9659255 -0.2588203 0 -0.9659255 -0.2588203 4.407961e-07 -0.8660268 -0.4999975 0 -0.8660551 -0.4999485 9.387958e-08 -0.7933903 -0.6087133 3.504622e-07 -0.707101 -0.7071125 9.287243e-07 -0.7071054 -0.7071081 2.192973e-07 -0.6087548 -0.7933585 8.706431e-07 -0.4999983 -0.8660264 0 -0.2588203 -0.9659255 0 -0.2588203 -0.9659255 0 -0.5000017 -0.8660244 0 -1 0 0 -1 0 0 -1 0 0 -1 0 0 -1 0 0 -1 0 0 -1 0 0 -1 0 0 -1 0 0 -1 0 0 -1 0 0 -1 0 0 -1 0 0 -1 0 0 -1 0 0 -1 0 0.7071068 0 0.7071068 0.7071068 0 0.7071068 0.7071068 0 0.7071068 0.7071068 0 0.7071068 0.7071068 0 0.7071068 0.7071068 0 0.7071068 0.6715507 0 -0.7409586 0.6715507 0 -0.7409586 2.594086e-07 0.9659272 -0.2588141 0 0.9659264 -0.258817 2.366039e-08 0.9238873 -0.3826648 2.647515e-07 0.8660261 -0.4999988 0 0.8660285 -0.4999946 0 0.7071032 -0.7071103 0 0.7071032 -0.7071103 0 0.499999 -0.866026 0 0.499999 -0.866026 0 0.2588188 -0.9659259 0 0.2588188 -0.9659259 0 6.148672e-16 -1 0 6.059561e-16 -1 0 -0.2588188 -0.9659259 0 -0.2588188 -0.9659259 0 -0.499999 -0.866026 0 -0.499999 -0.866026 0 -0.7071032 -0.7071103 0 -0.7071032 -0.7071103 0 -0.866026 -0.499999 0 -0.866026 -0.499999 0 -0.9659272 -0.2588139 0 -0.9659272 -0.2588139 0 0.9659259 -0.2588188 0 0.9659259 -0.2588188 0 0.866026 -0.499999 0 0.866026 -0.499999 0 0.7071103 -0.7071032 0 0.7071103 -0.7071032 0 0.499999 -0.866026 0 0.499999 -0.866026 0 0.2588139 -0.9659272 0 0.2588139 -0.9659272 0 1.51489e-16 -1 0 1.51489e-16 -1 0 -0.2588139 -0.9659272 0 -0.2588139 -0.9659272 0 -0.499999 -0.866026 0 -0.499999 -0.866026 0 -0.7071103 -0.7071032 0 -0.7071103 -0.7071032 0 -0.866026 -0.499999 0 -0.866026 -0.499999 0 -0.9659259 -0.2588188 0 -0.9659259 -0.2588188 0 -0.9659272 0.2588139 0 -0.9659272 0.2588139 0 -0.866026 0.499999 0 -0.866026 0.499999 0 -0.7071032 0.7071103 0 -0.7071032 0.7071103 0 -0.499999 0.866026 0 -0.499999 0.866026 0 -0.2588188 0.9659259 0 -0.2588188 0.9659259 0 6.237783e-16 1 0 6.326894e-16 1 0 0.2588188 0.9659259 0 0.2588188 0.9659259 0 0.499999 0.866026 0 0.499999 0.866026 0 0.7071032 0.7071103 0 0.7071032 0.7071103 0 0.8660285 0.4999946 -2.647515e-07 0.8660261 0.4999988 -2.366039e-08 0.9238873 0.3826648 -2.594086e-07 0.9659272 0.2588141 0 0.9659264 0.258817 -7.754491e-06 -0.9918841 -0.1271455 -7.67665e-06 -0.9918841 -0.1271452 -2.901941e-06 -0.9918845 -0.1271423 0 -0.9918847 -0.1271408 7.754491e-06 0.9918841 -0.1271455 7.67665e-06 0.9918841 -0.1271452 2.901941e-06 0.9918845 -0.1271423 0 0.9918847 -0.1271408 -0.3153008 0.9489918 0 -0.3153076 0.9489895 -6.429076e-06 -0.3153192 0.9489857 -5.286427e-06 -0.3153316 0.9489815 -1.578848e-05 -0.3152939 0.9489941 0 -0.315296 0.9489934 -4.679243e-06 -0.3153087 0.9489892 -9.012462e-06 -0.3153104 0.9489886 -1.09578e-05 -0.3153232 0.9489843 -4.831415e-06 -0.3153353 0.9489803 -1.750125e-05 -0.4999998 -0.8660255 0 -0.4999998 -0.8660255 0 -0.4999998 -0.8660255 0 -0.4999998 -0.8660255 0 0 0 1 0 0 1 0 0 1 0 0 1 0 0 1 0 0 1 0 0 1 1 0 0 1 0 0 1 0 0 1 0 0 0 0 -1 0 0 -1 0 0 -1 0 0 -1 0 0 -1 0 0 -1 0 0 -1 0 0 -1 0 -0.2588174 -0.9659263 0 -0.2588174 -0.9659263 0 -0.500004 -0.8660231 0 -0.500004 -0.8660231 0 -0.7071068 -0.7071068 0 -0.7071068 -0.7071068 0 -0.8660223 -0.5000054 0 -0.8660223 -0.5000054 0 -0.965926 -0.2588184 0 -0.965926 -0.2588184 0 -1 4.455553e-16 0 -1 4.455553e-16 0 -0.965926 0.2588184 0 -0.965926 0.2588184 0 -0.8660223 0.5000054 0 -0.8660223 0.5000054 0 -0.7071068 0.7071068 0 -0.7071068 0.7071068 0 -0.500004 0.8660231 0 -0.500004 0.8660231 0 -0.2588174 0.9659263 0 -0.2588174 0.9659263 -0.5000007 -0.866025 0 -0.5000007 -0.866025 0 -0.5000007 -0.866025 0 -0.5000007 -0.866025 0 -0.7071068 0 -0.7071068 -0.7071068 -1.542965e-16 -0.7071068 -0.7071068 -1.349703e-16 -0.7071068 -0.7071068 -1.930357e-16 -0.7071068 -0.7071068 0 -0.7071068 -0.7071068 3.022673e-16 -0.7071068 -0.7071068 8.764599e-17 -0.7071068 -0.7071068 5.738072e-16 -0.7071068 0 0 -1 0 0 -1 0 0 -1 0 0 -1 0 0 -1 0 0 -1 0 0 -1 0 0 -1 0 0.9659259 -0.2588188 0 0.9659259 -0.2588188 0 0.866026 -0.499999 0 0.866026 -0.499999 0 0.7071103 -0.7071032 0 0.7071103 -0.7071032 0 0.499999 -0.866026 0 0.499999 -0.866026 0 0.2588139 -0.9659272 0 0.2588139 -0.9659272 0 1.51489e-16 -1 0 1.51489e-16 -1 0 -0.2588139 -0.9659272 0 -0.2588139 -0.9659272 0 -0.499999 -0.866026 0 -0.499999 -0.866026 0 -0.7071103 -0.7071032 0 -0.7071103 -0.7071032 0 -0.866026 -0.499999 0 -0.866026 -0.499999 0 -0.9659259 -0.2588188 0 -0.9659259 -0.2588188 -0.8660291 -0.4999936 0 -0.8660291 -0.4999936 0 -0.8660291 -0.4999936 0 -0.8660291 -0.4999936 0 0.4999998 -0.8660255 0 0.4999998 -0.8660255 0 0.4999998 -0.8660255 0 0.4999998 -0.8660255 0 0 1 0 0 1 0 0 1 0 0 1 0 0 1 0 0 1 0 0 1 0 0 1 0 0 -0.9659263 -0.2588174 0 -0.9659263 -0.2588174 0 -0.8660231 -0.500004 0 -0.8660231 -0.500004 0 -0.7071068 -0.7071068 0 -0.7071068 -0.7071068 0 -0.5000054 -0.8660223 0 -0.5000054 -0.8660223 0 -0.2588184 -0.965926 0 -0.2588184 -0.965926 0 2.405999e-16 -1 0 2.405999e-16 -1 0 0.2588184 -0.965926 0 0.2588184 -0.965926 0 0.5000054 -0.8660223 0 0.5000054 -0.8660223 0 0.7071068 -0.7071068 0 0.7071068 -0.7071068 0 0.8660231 -0.500004 0 0.8660231 -0.500004 0 0.9659263 -0.2588174 0 0.9659263 -0.2588174 0 0.9659263 0.2588174 0 0.9659263 0.2588174 0 0.8660231 0.500004 0 0.8660231 0.500004 0 0.7071068 0.7071068 0 0.7071068 0.7071068 0 0.5000054 0.8660223 0 0.5000054 0.8660223 0 0.2588184 0.965926 0 0.2588184 0.965926 0 0 1 0 0 1 0 -0.2588184 0.965926 0 -0.2588184 0.965926 0 -0.5000054 0.8660223 0 -0.5000054 0.8660223 0 -0.7071068 0.7071068 0 -0.7071068 0.7071068 0 -0.8660231 0.500004 0 -0.8660231 0.500004 0 -0.9659263 0.2588174 0 -0.9659263 0.2588174 -0.9702829 0 -0.2419733 -0.9702829 0 -0.2419733 -0.9702829 0 -0.2419733 -0.4999998 -0.8660255 0 -0.4999998 -0.8660255 0 -0.4999998 -0.8660255 0 -0.4999998 -0.8660255 0 2.016141e-16 -1 0 2.22778e-16 -1 0 0.2588139 -0.9659272 0 0.2588139 -0.9659272 0 0.5000009 -0.8660249 0 0.5000009 -0.8660249 0 0.7071068 -0.7071068 0 0.7071068 -0.7071068 0 0.8660249 -0.5000009 0 0.8660249 -0.5000009 0 0.9659272 -0.2588139 0 0.9659272 -0.2588139 0 1 6.326894e-16 0 1 6.326894e-16 0 0.9659272 0.2588139 0 0.9659272 0.2588139 0 0.8660249 0.5000009 0 0.8660249 0.5000009 0 0.7071068 0.7071068 0 0.7071068 0.7071068 0 0.5000009 0.8660249 0 0.5000009 0.8660249 0 0.2588139 0.9659272 0 0.2588139 0.9659272 0 2.138669e-16 1 0 2.138669e-16 1 0 0 -1 4.433276e-16 0 -1 4.455553e-16 0 -0.965926 -0.2588184 0 -0.965926 -0.2588184 0 -0.8660223 -0.5000054 0 -0.8660223 -0.5000054 0 -0.7071068 -0.7071068 0 -0.7071068 -0.7071068 0 -0.500004 -0.8660231 0 -0.500004 -0.8660231 0 -0.2588174 -0.9659263 0 -0.2588174 -0.9659263 0 -1.336666e-16 -1 0 -1.425777e-16 -1 0 0.2588174 -0.9659263 0 0.2588174 -0.9659263 0 0.500004 -0.8660231 0 0.500004 -0.8660231 0 0.7071068 -0.7071068 0 0.7071068 -0.7071068 0 0.8660223 -0.5000054 0 0.8660223 -0.5000054 0 0.965926 -0.2588184 0 0.965926 -0.2588184 0 1 4.455553e-16 0 1 4.455553e-16 -0.1304999 -0.9914483 -1.052003e-08 -0.2588019 -0.9659304 -1.823273e-07 -0.2588041 -0.9659298 0 -0.4999959 -0.8660278 0 -0.4999959 -0.8660278 0 -0.7071365 -0.707077 0 -0.7071365 -0.707077 0 -0.8660415 -0.4999722 0 -0.8660415 -0.4999722 0 -0.9659132 -0.2588661 0 -0.9659132 -0.2588661 0 0.04925293 -0.9505825 0.3065404 -0.002746061 -0.9999563 0.008932237 0.08254177 -0.8552993 0.5115173 0.09984738 -0.7035695 0.7035769 0.08137799 -0.516177 0.8526071 0.0307726 -0.2867572 0.9575089 -0.005948604 0.008438221 0.9999467 0.04960136 0.3066029 0.9505443 0.0824677 0.5114876 0.8553242 0.09984738 0.7035695 0.7035769 0.08145258 0.8525833 0.5162047 0.03042341 0.957538 0.2866975 -0.008688584 0.9999621 0.0004894864 -0.2588139 0.9659272 0 -0.2588139 0.9659272 0 -0.5000009 0.8660249 0 -0.5000009 0.8660249 0 -0.7071068 0.7071068 0 -0.7071068 0.7071068 0 -0.8660249 0.5000009 0 -0.8660249 0.5000009 0 -0.9659272 0.2588139 0 -0.9659272 0.2588139 0 -1 6.148672e-16 0 -1 6.148672e-16 0 -0.9659272 -0.2588139 0 -0.9659272 -0.2588139 0 -0.8660249 -0.5000009 0 -0.8660249 -0.5000009 0 -0.7071068 -0.7071068 0 -0.7071068 -0.7071068 0 -0.5000009 -0.8660249 0 -0.5000009 -0.8660249 0 -0.2588139 -0.9659272 0 -0.2588139 -0.9659272 0 0 1 0 0 1 0 0 1 0 0 1 0 0 1 0 0 1 0 0 1 0 0 1 0 0 1 0 0 1 0 0 1 0 0 1 0 0 1 0 0 1 0 0 1 0 0 1 0 0 1 0 0 1 0 0 1 0 0 1 0 0 1 0 0 1 0 0.5555866 0 -0.8314587 0.5555866 0 -0.8314587 0.3826943 0 -0.923875 0.3826943 0 -0.923875 0.1950872 0 -0.9807859 0.1950872 0 -0.9807859 -0.2588295 0.965923 0 -0.2588295 0.965923 0 -0.5000086 0.8660204 0 -0.5000086 0.8660204 0 -0.7071068 0.7071068 0 -0.7071068 0.7071068 0 -0.8660204 0.5000086 0 -0.8660204 0.5000086 0 -0.965923 0.2588296 2.039234e-07 -0.9914457 0.13052 3.789287e-09 -0.9659208 0.2588379 0 -0.06540945 0.9978585 0 -0.06540945 0.9978585 0 1 -2.082994e-16 0 1 -2.138689e-16 0 0.9659135 0.2588651 0 0.9659135 0.2588651 0 0.8660671 0.4999278 0 0.8660671 0.4999278 0 0.707147 0.7070665 0 0.707147 0.7070665 0 0.4999866 0.8660331 0 0.4999866 0.8660331 0 0.2588317 0.9659224 0 0.2588317 0.9659224 0 -8.911097e-18 1 0 8.911097e-18 1 0 -0.2588317 0.9659224 0 -0.2588317 0.9659224 0 -0.4999866 0.8660331 0 -0.4999866 0.8660331 0 -0.707147 0.7070665 0 -0.707147 0.7070665 0 -0.8660671 0.4999278 0 -0.8660671 0.4999278 0 -0.9659135 0.2588651 0 -0.9659135 0.2588651 0 -1 -2.138689e-16 0 -1 -2.138689e-16 0 0 0.965926 0.2588184 0 0.965926 0.2588184 0 0.8660223 0.5000054 0 0.8660223 0.5000054 0 0.7071068 0.7071068 0 0.7071068 0.7071068 0 0.500004 0.8660231 0 0.500004 0.8660231 0 0.2588174 0.9659263 0 0.2588174 0.9659263 0 8.911108e-17 1 0 9.802219e-17 1 0 -0.2588174 0.9659263 0 -0.2588174 0.9659263 0 -0.500004 0.8660231 0 -0.500004 0.8660231 0 -0.7071068 0.7071068 0 -0.7071068 0.7071068 0 -0.8660223 0.5000054 0 -0.8660223 0.5000054 0 -0.965926 0.2588184 0 -0.965926 0.2588184 0 -1 0 0 -1 0 0 -1 0 0 -1 0 0 -1 0 0 -1 0 0 -1 0 0 -1 0 0 -1 0 0 -1 0 0 -1 0 0 -1 0 0 -1 0 0 -1 0 0 -1 0 0 -1 0 0.01371795 0.962758 -0.2700165 0.04685253 0.8631466 -0.502775 0.07960052 0.7120023 -0.6976507 0.08296906 0.5512971 -0.8301733 0.09722643 0.3385469 -0.9359129 0.1051129 0.1146677 -0.9878272 0.1051129 -0.1146677 -0.9878272 0.09722643 -0.3385469 -0.9359129 0.08162823 -0.5461628 -0.8336924 0.05907219 -0.7269305 -0.6841655 0.03147569 -0.8704925 -0.4911741 0.005511092 -0.9658938 -0.2588798 -0.9659378 0.2587744 0 -0.9659378 0.2587744 0 -0.8659195 0.5001833 0 -0.866 0.500044 -1.705185e-06 -0.7932005 0.6089606 -1.870257e-07 -0.7070794 0.7071341 -1.539487e-06 -0.258811 0.965928 0 -0.258811 0.965928 0 -0.4999959 0.8660278 0 -0.4999959 0.8660278 0 -0.707086 0.7071275 0 -0.9659135 -0.2588651 0 -0.9659135 -0.2588651 0 -0.8660671 -0.4999278 0 -0.8660671 -0.4999278 0 -0.707147 -0.7070665 0 -0.707147 -0.7070665 0 -0.4999866 -0.8660331 0 -0.4999866 -0.8660331 0 -0.2588317 -0.9659224 0 -0.2588317 -0.9659224 0 8.911097e-18 -1 0 -8.911097e-18 -1 0 0.2588317 -0.9659224 0 0.2588317 -0.9659224 0 0.4999866 -0.8660331 0 0.4999866 -0.8660331 0 0.707147 -0.7070665 0 0.707147 -0.7070665 0 0.8660671 -0.4999278 0 0.8660671 -0.4999278 0 0.9659135 -0.2588651 0 0.9659135 -0.2588651 0 -0.3152952 -0.9489937 0 -0.3153066 -0.9489899 -4.438069e-06 -0.3153051 -0.9489903 2.922333e-06 -0.3153211 -0.948985 -1.087573e-05 -0.3152948 -0.9489938 0 -0.3152965 -0.9489932 3.632522e-06 -0.315303 -0.9489911 6.693902e-06 -0.3153174 -0.9489863 -6.781339e-06 0.9702829 0 -0.2419733 0.9702829 0 -0.2419733 0.9702829 0 -0.2419733</float_array>
          <technique_common>
            <accessor count="8387" source="#normals-array-array" stride="3">
              <param type="float" name="X"/>
              <param type="float" name="Y"/>
              <param type="float" name="Z"/>
            </accessor>
          </technique_common>
        </source>
        <vertices id="verts-array-vertices">
          <input semantic="POSITION" source="#verts-array"/>
        </vertices>
        <triangles count="10138" material="material0">
          <input offset="0" semantic="VERTEX" source="#verts-array-vertices"/>
          <input offset="1" semantic="NORMAL" source="#normals-array"/>
          <p>0 0 1 1 2 2 3 3 2 2 1 1 2 2 3 3 4 4 4 4 5 5 2 2 6 6 2 2 5 5 2 2 6 6 7 7 8 8 9 9 10 10 11 11 10 10 9 9 12 12 13 13 14 14 15 15 14 14 13 13 14 14 15 15 16 16 17 17 16 16 15 15 16 16 17 17 18 18 17 17 19 19 18 18 20 20 18 18 19 19 18 18 20 20 21 21 22 22 21 21 20 20 21 21 22 22 23 23 24 24 23 23 22 22 23 23 24 24 12 12 25 25 12 12 24 24 12 12 25 25 13 13 26 26 27 27 28 28 29 29 28 28 27 27 28 28 29 29 30 30 31 31 30 30 29 29 31 31 32 32 30 30 33 33 30 30 32 32 30 30 33 33 34 34 33 33 35 35 34 34 36 36 34 34 35 35 34 34 36 36 37 37 38 38 39 39 40 40 41 41 42 42 43 43 44 44 43 43 42 42 43 43 44 44 45 45 46 46 45 45 44 44 41 41 47 47 42 42 48 48 42 42 47 47 42 42 48 48 38 38 49 49 38 38 48 48 38 38 49 49 39 39 40 40 50 50 38 38 51 51 38 38 50 50 38 38 51 51 28 28 52 52 28 28 51 51 28 28 52 52 26 26 37 37 53 53 34 34 54 54 34 34 53 53 34 34 54 54 44 44 55 55 44 44 54 54 44 44 55 55 46 46 56 56 57 57 58 58 59 59 60 60 61 61 62 62 63 63 64 64 65 65 66 66 67 67 68 68 69 69 70 70 71 71 72 72 73 73 74 74 75 75 76 76 77 77 78 78 79 79 80 80 81 81 82 82 83 83 82 82 81 81 82 82 83 83 84 84 85 85 84 84 83 83 84 84 85 85 86 86 87 87 86 86 85 85 86 86 87 87 88 88 89 89 88 88 87 87 88 88 89 89 90 90 91 91 90 90 89 89 90 90 91 91 92 92 79 79 92 92 91 91 93 93 94 94 95 95 96 96 95 95 94 94 95 95 96 96 97 97 98 98 97 97 96 96 97 97 98 98 99 99 100 100 99 99 98 98 99 99 100 100 101 101 102 102 101 101 100 100 101 101 102 102 103 103 104 104 103 103 102 102 103 103 104 104 105 105 67 67 105 105 104 104 106 106 80 80 107 107 82 82 107 107 80 80 107 107 82 82 108 108 84 84 108 108 82 82 108 108 84 84 109 109 86 86 109 109 84 84 109 109 86 86 110 110 88 88 110 110 86 86 110 110 88 88 111 111 90 90 111 111 88 88 111 111 90 90 112 112 92 92 112 112 90 90 112 112 92 92 113 113 114 114 113 113 92 92 79 79 78 78 92 92 115 115 92 92 78 78 92 92 115 115 114 114 81 81 116 116 83 83 117 117 83 83 116 116 83 83 117 117 85 85 118 118 85 85 117 117 85 85 118 118 87 87 119 119 87 87 118 118 87 87 119 119 89 89 120 120 89 89 119 119 89 89 120 120 91 91 121 121 91 91 120 120 91 91 121 121 79 79 76 76 79 79 121 121 79 79 76 76 77 77 75 75 77 77 76 76 72 72 74 74 73 73 76 76 73 73 74 74 73 73 76 76 122 122 121 121 122 122 76 76 122 122 121 121 123 123 120 120 123 123 121 121 123 123 120 120 124 124 119 119 124 124 120 120 124 124 119 119 125 125 118 118 125 125 119 119 125 125 118 118 126 126 117 117 126 126 118 118 126 126 117 117 127 127 116 116 127 127 117 117 69 69 71 71 70 70 73 73 70 70 71 71 70 70 73 73 128 128 122 122 128 128 73 73 128 128 122 122 129 129 123 123 129 129 122 122 129 129 123 123 130 130 124 124 130 130 123 123 130 130 124 124 131 131 125 125 131 131 124 124 131 131 125 125 132 132 126 126 132 132 125 125 132 132 126 126 133 133 127 127 133 133 126 126 134 134 68 68 135 135 70 70 135 135 68 68 135 135 70 70 136 136 128 128 136 136 70 70 136 136 128 128 137 137 129 129 137 137 128 128 137 137 129 129 138 138 130 130 138 138 129 129 138 138 130 130 139 139 131 131 139 139 130 130 139 139 131 131 140 140 132 132 140 140 131 131 140 140 132 132 141 141 133 133 141 141 132 132 141 141 142 142 140 140 143 143 140 140 142 142 140 140 143 143 139 139 144 144 139 139 143 143 139 139 144 144 138 138 145 145 138 138 144 144 138 138 145 145 137 137 146 146 137 137 145 145 137 137 146 146 136 136 147 147 136 136 146 146 136 136 147 147 135 135 148 148 135 135 147 147 135 135 148 148 134 134 149 149 134 134 148 148 142 142 93 93 143 143 95 95 143 143 93 93 143 143 95 95 144 144 97 97 144 144 95 95 144 144 97 97 145 145 99 99 145 145 97 97 145 145 99 99 146 146 101 101 146 146 99 99 146 146 101 101 147 147 103 103 147 147 101 101 147 147 103 103 148 148 105 105 148 148 103 103 148 148 105 105 149 149 150 150 149 149 105 105 67 67 66 66 105 105 151 151 105 105 66 66 105 105 151 151 150 150 94 94 152 152 96 96 153 153 96 96 152 152 96 96 153 153 98 98 154 154 98 98 153 153 98 98 154 154 100 100 155 155 100 100 154 154 100 100 155 155 102 102 156 156 102 102 155 155 102 102 156 156 104 104 157 157 104 104 156 156 104 104 157 157 67 67 64 64 67 67 157 157 67 67 64 64 65 65 63 63 65 65 64 64 60 60 62 62 61 61 64 64 61 61 62 62 61 61 64 64 158 158 157 157 158 158 64 64 158 158 157 157 159 159 156 156 159 159 157 157 159 159 156 156 160 160 155 155 160 160 156 156 160 160 155 155 161 161 154 154 161 161 155 155 161 161 154 154 162 162 153 153 162 162 154 154 162 162 153 153 163 163 152 152 163 163 153 153 57 57 59 59 58 58 61 61 58 58 59 59 58 58 61 61 164 164 158 158 164 164 61 61 164 164 158 158 165 165 159 159 165 165 158 158 165 165 159 159 166 166 160 160 166 166 159 159 166 166 160 160 167 167 161 161 167 167 160 160 167 167 161 161 168 168 162 162 168 168 161 161 168 168 162 162 169 169 163 163 169 169 162 162 170 170 56 56 171 171 58 58 171 171 56 56 171 171 58 58 172 172 164 164 172 172 58 58 172 172 164 164 173 173 165 165 173 173 164 164 173 173 165 165 174 174 166 166 174 174 165 165 174 174 166 166 175 175 167 167 175 175 166 166 175 175 167 167 176 176 168 168 176 176 167 167 176 176 168 168 177 177 169 169 177 177 168 168 177 177 178 178 176 176 179 179 176 176 178 178 176 176 179 179 175 175 180 180 175 175 179 179 175 175 180 180 174 174 181 181 174 174 180 180 174 174 181 181 173 173 182 182 173 173 181 181 173 173 182 182 172 172 183 183 172 172 182 182 172 172 183 183 171 171 184 184 171 171 183 183 171 171 184 184 170 170 185 185 170 170 184 184 186 186 187 187 188 188 189 189 188 188 187 187 188 188 189 189 190 190 191 191 190 190 189 189 190 190 191 191 192 192 193 193 192 192 191 191 192 192 193 193 194 194 195 195 194 194 193 193 194 194 195 195 196 196 197 197 196 196 195 195 196 196 197 197 198 198 199 199 198 198 197 197 198 198 199 199 200 200 201 201 200 200 199 199 200 200 201 201 202 202 203 203 202 202 201 201 202 202 203 203 204 204 205 205 204 204 203 203 204 204 205 205 206 206 207 207 206 206 205 205 206 206 207 207 208 208 209 209 208 208 207 207 208 208 209 209 210 210 211 211 210 210 209 209 212 212 213 213 214 214 215 215 214 214 213 213 214 214 215 215 216 216 217 217 218 218 219 219 220 220 219 219 218 218 219 219 220 220 221 221 222 222 223 223 221 221 216 216 221 221 223 223 221 221 216 216 219 219 215 215 219 219 216 216 224 224 225 225 226 226 227 227 226 226 225 225 226 226 227 227 228 228 229 229 228 228 227 227 228 228 229 229 230 230 231 231 230 230 229 229 232 232 233 233 234 234 235 235 234 234 233 233 236 236 237 237 238 238 239 239 238 238 237 237 240 240 241 241 242 242 240 240 242 242 243 243 244 244 243 243 242 242 243 243 244 244 245 245 244 244 246 246 245 245 247 247 245 245 246 246 245 245 247 247 248 248 247 247 249 249 248 248 250 250 248 248 249 249 248 248 250 250 251 251 252 252 251 251 250 250 252 252 253 253 251 251 254 254 251 251 253 253 251 251 254 254 255 255 254 254 256 256 255 255 257 257 255 255 256 256 255 255 257 257 258 258 257 257 259 259 258 258 260 260 258 258 259 259 258 258 260 260 261 261 260 260 262 262 261 261 263 263 261 261 262 262 261 261 263 263 264 264 263 263 265 265 264 264 266 266 264 264 265 265 264 264 266 266 267 267 266 266 268 268 267 267 269 269 267 267 268 268 267 267 269 269 270 270 269 269 271 271 270 270 272 272 270 270 271 271 270 270 272 272 273 273 272 272 274 274 273 273 275 275 273 273 274 274 273 273 275 275 276 276 277 277 278 278 279 279 276 276 279 279 278 278 279 279 276 276 280 280 275 275 280 280 276 276 281 281 282 282 283 283 284 284 283 283 282 282 285 285 286 286 287 287 288 288 287 287 286 286 287 287 288 288 289 289 290 290 291 291 292 292 293 293 292 292 291 291 294 294 295 295 296 296 297 297 296 296 295 295 296 296 297 297 298 298 299 299 298 298 297 297 298 298 299 299 300 300 301 301 300 300 299 299 300 300 301 301 302 302 303 303 302 302 301 301 302 302 303 303 304 304 305 305 304 304 303 303 304 304 305 305 306 306 307 307 306 306 305 305 306 306 307 307 308 308 309 309 308 308 307 307 308 308 309 309 310 310 311 311 310 310 309 309 310 310 311 311 312 312 313 313 312 312 311 311 312 312 313 313 314 314 315 315 314 314 313 313 314 314 315 315 316 316 317 317 316 316 315 315 316 316 317 317 318 318 319 319 318 318 317 317 320 320 321 321 322 322 323 323 322 322 321 321 322 322 323 323 324 324 325 325 324 324 323 323 324 324 325 325 326 326 327 327 326 326 325 325 326 326 327 327 328 328 329 329 328 328 327 327 328 328 329 329 330 330 331 331 330 330 329 329 330 330 331 331 332 332 333 333 332 332 331 331 332 332 333 333 334 334 335 335 334 334 333 333 334 334 335 335 336 336 337 337 336 336 335 335 336 336 337 337 338 338 339 339 338 338 337 337 338 338 339 339 340 340 341 341 340 340 339 339 340 340 341 341 342 342 343 343 342 342 341 341 342 342 343 343 344 344 345 345 344 344 343 343 344 344 345 345 346 346 347 347 346 346 345 345 346 346 347 347 348 348 349 349 348 348 347 347 348 348 349 349 350 350 351 351 350 350 349 349 350 350 351 351 352 352 353 353 352 352 351 351 352 352 353 353 354 354 355 355 354 354 353 353 354 354 355 355 356 356 357 357 356 356 355 355 356 356 357 357 358 358 359 359 358 358 357 357 358 358 359 359 360 360 361 361 360 360 359 359 360 360 361 361 362 362 363 363 362 362 361 361 362 362 363 363 364 364 365 365 364 364 363 363 364 364 365 365 366 366 367 367 366 366 365 365 366 366 367 367 320 320 321 321 320 320 367 367 368 368 369 369 370 370 371 371 370 370 369 369 372 372 373 373 374 374 375 375 376 376 377 377 378 378 377 377 376 376 376 376 379 379 378 378 380 380 378 378 379 379 378 378 380 380 381 381 382 382 381 381 380 380 381 381 382 382 383 383 383 383 384 384 381 381 385 385 381 381 384 384 381 381 385 385 386 386 387 387 386 386 385 385 386 386 387 387 388 388 374 374 373 373 389 389 390 390 389 389 373 373 389 389 390 390 391 391 372 372 374 374 392 392 393 393 392 392 374 374 392 392 393 393 394 394 391 391 395 395 389 389 396 396 389 389 395 395 389 389 396 396 397 397 398 398 397 397 396 396 399 399 400 400 401 401 397 397 401 401 400 400 401 401 397 397 402 402 398 398 402 402 397 397 393 393 403 403 394 394 404 404 394 394 403 403 394 394 404 404 405 405 406 406 405 405 404 404 405 405 406 406 407 407 388 388 408 408 386 386 405 405 386 386 408 408 386 386 405 405 409 409 407 407 409 409 405 405 410 410 411 411 412 412 413 413 412 412 411 411 414 414 415 415 416 416 412 412 416 416 415 415 416 416 412 412 417 417 413 413 417 417 412 412 418 418 419 419 420 420 421 421 420 420 419 419 420 420 421 421 422 422 423 423 422 422 421 421 422 422 423 423 424 424 423 423 425 425 424 424 426 426 424 424 425 425 424 424 426 426 427 427 428 428 427 427 426 426 427 427 428 428 429 429 430 430 429 429 428 428 429 429 430 430 431 431 432 432 431 431 430 430 431 431 432 432 433 433 434 434 435 435 436 436 437 437 436 436 435 435 436 436 437 437 438 438 439 439 438 438 437 437 438 438 439 439 440 440 441 441 440 440 439 439 440 440 441 441 442 442 443 443 442 442 441 441 442 442 443 443 444 444 445 445 444 444 443 443 444 444 445 445 446 446 447 447 448 448 449 449 450 450 449 449 448 448 449 449 450 450 451 451 452 452 451 451 450 450 451 451 452 452 453 453 454 454 453 453 452 452 453 453 454 454 455 455 456 456 455 455 454 454 455 455 456 456 457 457 458 458 457 457 456 456 457 457 458 458 459 459 460 460 459 459 458 458 459 459 460 460 461 461 445 445 462 462 446 446 463 463 446 446 462 462 446 446 463 463 464 464 465 465 464 464 463 463 464 464 465 465 466 466 467 467 466 466 465 465 466 466 467 467 468 468 469 469 468 468 467 467 468 468 469 469 470 470 471 471 470 470 469 469 470 470 471 471 447 447 472 472 447 447 471 471 447 447 472 472 448 448 460 460 473 473 461 461 474 474 461 461 473 473 461 461 474 474 475 475 476 476 475 475 474 474 475 475 476 476 477 477 478 478 477 477 476 476 477 477 478 478 479 479 480 480 479 479 478 478 479 479 480 480 481 481 482 482 481 481 480 480 481 481 482 482 483 483 484 484 483 483 482 482 483 483 484 484 434 434 485 485 434 434 484 484 434 434 485 485 435 435 486 486 487 487 488 488 489 489 488 488 487 487 488 488 489 489 490 490 491 491 490 490 489 489 490 490 491 491 492 492 493 493 492 492 491 491 492 492 493 493 494 494 495 495 494 494 493 493 494 494 495 495 496 496 497 497 496 496 495 495 496 496 497 497 498 498 499 499 498 498 497 497 498 498 499 499 500 500 501 501 502 502 503 503 504 504 503 503 502 502 503 503 504 504 505 505 506 506 505 505 504 504 505 505 506 506 507 507 508 508 507 507 506 506 507 507 508 508 509 509 510 510 509 509 508 508 509 509 510 510 511 511 510 510 512 512 511 511 513 513 511 511 512 512 511 511 513 513 514 514 515 515 514 514 513 513 514 514 515 515 516 516 517 517 516 516 515 515 516 516 517 517 518 518 519 519 518 518 517 517 518 518 519 519 520 520 521 521 520 520 519 519 520 520 521 521 522 522 523 523 522 522 521 521 522 522 523 523 486 486 524 524 486 486 523 523 486 486 524 524 487 487 499 499 525 525 500 500 526 526 500 500 525 525 500 500 526 526 527 527 528 528 527 527 526 526 527 527 528 528 529 529 530 530 529 529 528 528 529 529 530 530 531 531 532 532 531 531 530 530 531 531 532 532 533 533 534 534 533 533 532 532 533 533 534 534 535 535 536 536 535 535 534 534 535 535 536 536 501 501 537 537 501 501 536 536 501 501 537 537 502 502 538 538 539 539 540 540 541 541 540 540 539 539 540 540 541 541 542 542 543 543 542 542 541 541 542 542 543 543 544 544 545 545 544 544 543 543 544 544 545 545 546 546 547 547 546 546 545 545 546 546 547 547 548 548 547 547 549 549 548 548 550 550 548 548 549 549 548 548 550 550 551 551 552 552 551 551 550 550 551 551 552 552 553 553 554 554 553 553 552 552 553 553 554 554 555 555 556 556 555 555 554 554 555 555 556 556 557 557 178 178 557 557 556 556 557 557 178 178 558 558 177 177 558 558 178 178 558 558 177 177 559 559 169 169 559 559 177 177 559 559 169 169 560 560 561 561 116 116 562 562 81 81 562 562 116 116 562 562 81 81 563 563 80 80 563 563 81 81 563 563 80 80 564 564 106 106 564 564 80 80 564 564 106 106 565 565 566 566 565 565 106 106 565 565 566 566 567 567 568 568 567 567 566 566 567 567 568 568 538 538 569 569 538 538 568 568 538 538 569 569 539 539 169 169 163 163 560 560 152 152 560 560 163 163 560 560 152 152 570 570 94 94 570 570 152 152 570 570 94 94 571 571 93 93 571 571 94 94 571 571 93 93 572 572 142 142 572 572 93 93 572 572 142 142 573 573 141 141 573 573 142 142 573 573 141 141 574 574 133 133 574 574 141 141 574 574 133 133 561 561 127 127 561 561 133 133 561 561 127 127 116 116 575 575 576 576 577 577 578 578 577 577 576 576 577 577 578 578 579 579 580 580 579 579 578 578 579 579 580 580 581 581 582 582 581 581 580 580 581 581 582 582 583 583 584 584 583 583 582 582 583 583 584 584 585 585 586 586 585 585 584 584 585 585 586 586 587 587 588 588 587 587 586 586 587 587 588 588 589 589 588 588 590 590 589 589 591 591 589 589 590 590 592 592 593 593 594 594 595 595 594 594 593 593 596 596 597 597 598 598 599 599 598 598 597 597 598 598 599 599 600 600 601 601 600 600 599 599 600 600 601 601 602 602 603 603 602 602 601 601 602 602 603 603 604 604 605 605 604 604 603 603 604 604 605 605 606 606 607 607 606 606 605 605 606 606 607 607 608 608 609 609 608 608 607 607 608 608 609 609 610 610 611 611 610 610 609 609 610 610 611 611 612 612 613 613 612 612 611 611 612 612 613 613 614 614 615 615 614 614 613 613 614 614 615 615 616 616 617 617 616 616 615 615 616 616 617 617 618 618 619 619 618 618 617 617 618 618 619 619 620 620 621 621 620 620 619 619 622 622 623 623 624 624 625 625 624 624 623 623 624 624 625 625 626 626 627 627 626 626 625 625 626 626 627 627 628 628 629 629 628 628 627 627 630 630 631 631 632 632 633 633 632 632 631 631 632 632 633 633 634 634 633 633 635 635 634 634 636 636 634 634 635 635 634 634 636 636 637 637 638 638 637 637 636 636 637 637 638 638 639 639 640 640 639 639 638 638 639 639 640 640 641 641 641 641 640 640 642 642 643 643 642 642 640 640 642 642 643 643 644 644 645 645 644 644 643 643 644 644 645 645 646 646 647 647 646 646 645 645 646 646 647 647 648 648 649 649 648 648 647 647 648 648 649 649 650 650 651 651 650 650 649 649 650 650 651 651 652 652 651 651 653 653 652 652 654 654 652 652 653 653 652 652 654 654 655 655 656 656 655 655 654 654 657 657 658 658 659 659 660 660 659 659 658 658 659 659 660 660 656 656 661 661 656 656 660 660 656 656 661 661 655 655 662 662 663 663 664 664 665 665 664 664 663 663 664 664 665 665 666 666 667 667 666 666 665 665 666 666 667 667 668 668 669 669 668 668 667 667 668 668 669 669 670 670 671 671 670 670 669 669 670 670 671 671 672 672 673 673 672 672 671 671 672 672 673 673 674 674 675 675 674 674 673 673 674 674 675 675 676 676 677 677 676 676 675 675 676 676 677 677 678 678 679 679 678 678 677 677 678 678 679 679 680 680 681 681 680 680 679 679 680 680 681 681 682 682 683 683 682 682 681 681 682 682 683 683 684 684 685 685 684 684 683 683 684 684 685 685 686 686 687 687 686 686 685 685 688 688 689 689 690 690 691 691 690 690 689 689 692 692 693 693 694 694 695 695 694 694 693 693 696 696 697 697 698 698 699 699 700 700 701 701 701 701 702 702 699 699 703 703 699 699 702 702 699 699 703 703 704 704 705 705 704 704 703 703 704 704 705 705 706 706 707 707 708 708 709 709 704 704 709 709 708 708 709 709 704 704 710 710 706 706 710 710 704 704 707 707 711 711 708 708 712 712 708 708 711 711 708 708 712 712 698 698 713 713 698 698 712 712 698 698 713 713 696 696 697 697 714 714 698 698 715 715 698 698 714 714 698 698 715 715 716 716 717 717 716 716 715 715 716 716 717 717 718 718 718 718 719 719 716 716 720 720 716 716 719 719 716 716 720 720 721 721 722 722 721 721 720 720 722 722 723 723 721 721 724 724 721 721 723 723 721 721 724 724 699 699 725 725 699 699 724 724 699 699 725 725 700 700 726 726 727 727 728 728 729 729 728 728 727 727 280 280 275 275 730 730 274 274 272 272 731 731 271 271 269 269 732 732 268 268 266 266 733 733 265 265 263 263 734 734 262 262 260 260 735 735 259 259 257 257 736 736 247 247 246 246 737 737 244 244 242 242 738 738 474 474 473 473 739 739 740 740 739 739 473 473 739 739 740 740 741 741 742 742 741 741 740 740 741 741 742 742 743 743 744 744 743 743 742 742 743 743 744 744 745 745 476 476 474 474 746 746 739 739 746 746 474 474 746 746 739 739 747 747 741 741 747 747 739 739 747 747 741 741 748 748 743 743 748 748 741 741 748 748 743 743 749 749 745 745 749 749 743 743 749 749 745 745 750 750 478 478 476 476 751 751 746 746 751 751 476 476 751 751 746 746 752 752 747 747 752 752 746 746 752 752 747 747 753 753 748 748 753 753 747 747 753 753 748 748 754 754 749 749 754 754 748 748 754 754 749 749 755 755 750 750 755 755 749 749 755 755 750 750 738 738 756 756 757 757 758 758 480 480 478 478 759 759 751 751 759 759 478 478 759 759 751 751 760 760 752 752 760 760 751 751 760 760 752 752 761 761 753 753 761 761 752 752 761 761 753 753 762 762 754 754 762 762 753 753 762 762 754 754 763 763 755 755 763 763 754 754 763 763 755 755 764 764 738 738 764 764 755 755 764 764 738 738 241 241 242 242 241 241 738 738 744 744 765 765 745 745 766 766 745 745 765 765 745 745 766 766 750 750 737 737 750 750 766 766 750 750 737 737 738 738 246 246 738 738 737 737 738 738 246 246 244 244 765 765 756 756 766 766 758 758 766 766 756 756 766 766 758 758 737 737 249 249 737 737 758 758 737 737 249 249 247 247 256 256 254 254 767 767 757 757 767 767 254 254 767 767 757 757 768 768 756 756 768 768 757 757 768 768 756 756 769 769 765 765 769 769 756 756 769 769 765 765 770 770 744 744 770 770 765 765 770 770 744 744 771 771 742 742 771 771 744 744 771 771 742 742 772 772 740 740 772 772 742 742 772 772 740 740 460 460 473 473 460 460 740 740 254 254 253 253 757 757 252 252 757 757 253 253 757 757 252 252 758 758 250 250 758 758 252 252 758 758 250 250 249 249 460 460 458 458 772 772 773 773 772 772 458 458 772 772 773 773 771 771 774 774 771 771 773 773 771 771 774 774 770 770 775 775 770 770 774 774 770 770 775 775 769 769 776 776 769 769 775 775 769 769 776 776 768 768 777 777 768 768 776 776 768 768 777 777 767 767 736 736 767 767 777 777 767 767 736 736 256 256 257 257 256 256 736 736 458 458 456 456 773 773 778 778 773 773 456 456 773 773 778 778 774 774 779 779 774 774 778 778 774 774 779 779 775 775 780 780 775 775 779 779 775 775 780 780 776 776 781 781 776 776 780 780 776 776 781 781 777 777 782 782 777 777 781 781 777 777 782 782 736 736 735 735 736 736 782 782 736 736 735 735 259 259 260 260 259 259 735 735 263 263 262 262 734 734 735 735 734 734 262 262 734 734 735 735 783 783 782 782 783 783 735 735 783 783 782 782 784 784 781 781 784 784 782 782 784 784 781 781 785 785 780 780 785 785 781 781 785 785 780 780 786 786 779 779 786 786 780 780 786 786 779 779 787 787 778 778 787 787 779 779 787 787 778 778 454 454 456 456 454 454 778 778 266 266 265 265 733 733 734 734 733 733 265 265 733 733 734 734 788 788 783 783 788 788 734 734 788 788 783 783 789 789 784 784 789 789 783 783 789 789 784 784 790 790 785 785 790 790 784 784 790 790 785 785 791 791 786 786 791 791 785 785 791 791 786 786 792 792 787 787 792 792 786 786 792 792 787 787 452 452 454 454 452 452 787 787 269 269 268 268 732 732 733 733 732 732 268 268 732 732 733 733 793 793 788 788 793 793 733 733 793 793 788 788 794 794 789 789 794 794 788 788 794 794 789 789 795 795 790 790 795 795 789 789 795 795 790 790 796 796 791 791 796 796 790 790 796 796 791 791 797 797 792 792 797 797 791 791 797 797 792 792 450 450 452 452 450 450 792 792 272 272 271 271 731 731 732 732 731 731 271 271 731 731 732 732 798 798 793 793 798 798 732 732 798 798 793 793 799 799 794 794 799 799 793 793 799 799 794 794 800 800 795 795 800 800 794 794 800 800 795 795 801 801 796 796 801 801 795 795 801 801 796 796 802 802 797 797 802 802 796 796 802 802 797 797 448 448 450 450 448 448 797 797 275 275 274 274 730 730 731 731 730 730 274 274 730 730 731 731 803 803 798 798 803 803 731 731 803 803 798 798 804 804 799 799 804 804 798 798 804 804 799 799 805 805 800 800 805 805 799 799 805 805 800 800 806 806 801 801 806 806 800 800 806 806 801 801 807 807 802 802 807 807 801 801 807 807 802 802 472 472 448 448 472 472 802 802 279 279 280 280 808 808 730 730 808 808 280 280 808 808 730 730 809 809 803 803 809 809 730 730 809 809 803 803 810 810 804 804 810 810 803 803 810 810 804 804 811 811 805 805 811 811 804 804 811 811 805 805 812 812 806 806 812 812 805 805 812 812 806 806 813 813 807 807 813 813 806 806 813 813 807 807 471 471 472 472 471 471 807 807 471 471 469 469 813 813 814 814 813 813 469 469 813 813 814 814 812 812 815 815 812 812 814 814 812 812 815 815 811 811 816 816 811 811 815 815 811 811 816 816 810 810 817 817 810 810 816 816 810 810 817 817 809 809 818 818 809 809 817 817 809 809 818 818 808 808 819 819 808 808 818 818 808 808 819 819 279 279 277 277 279 279 819 819 820 820 821 821 822 822 822 822 823 823 820 820 824 824 820 820 823 823 820 820 824 824 825 825 826 826 825 825 824 824 826 826 827 827 825 825 828 828 825 825 827 827 825 825 828 828 829 829 828 828 830 830 829 829 831 831 829 829 830 830 829 829 831 831 832 832 831 831 833 833 832 832 834 834 832 832 833 833 832 832 834 834 835 835 834 834 836 836 835 835 837 837 835 835 836 836 835 835 837 837 838 838 839 839 838 838 837 837 838 838 839 839 840 840 839 839 841 841 840 840 842 842 840 840 841 841 840 840 842 842 843 843 844 844 843 843 842 842 844 844 845 845 843 843 846 846 843 843 845 845 843 843 846 846 847 847 846 846 848 848 847 847 849 849 847 847 848 848 847 847 849 849 850 850 849 849 851 851 850 850 852 852 850 850 851 851 850 850 852 852 853 853 854 854 855 855 856 856 853 853 856 856 855 855 856 856 853 853 857 857 852 852 857 857 853 853 858 858 859 859 860 860 861 861 860 860 859 859 860 860 861 861 862 862 863 863 862 862 861 861 862 862 863 863 864 864 865 865 864 864 863 863 866 866 867 867 868 868 869 869 868 868 867 867 870 870 871 871 872 872 873 873 872 872 871 871 872 872 873 873 874 874 875 875 874 874 873 873 874 874 875 875 876 876 877 877 876 876 875 875 876 876 877 877 878 878 879 879 878 878 877 877 878 878 879 879 880 880 881 881 880 880 879 879 880 880 881 881 882 882 883 883 882 882 881 881 882 882 883 883 884 884 885 885 884 884 883 883 884 884 885 885 886 886 887 887 886 886 885 885 886 886 887 887 888 888 889 889 888 888 887 887 888 888 889 889 890 890 891 891 890 890 889 889 890 890 891 891 892 892 893 893 892 892 891 891 892 892 893 893 894 894 895 895 894 894 893 893 896 896 897 897 898 898 899 899 898 898 897 897 900 900 901 901 902 902 903 903 902 902 901 901 904 904 905 905 906 906 907 907 908 908 909 909 910 910 911 911 912 912 913 913 914 914 915 915 916 916 917 917 918 918 919 919 920 920 921 921 922 922 923 923 924 924 925 925 926 926 927 927 928 928 929 929 930 930 931 931 930 930 929 929 930 930 931 931 932 932 933 933 932 932 931 931 932 932 933 933 934 934 935 935 934 934 933 933 934 934 935 935 936 936 937 937 936 936 935 935 936 936 937 937 938 938 939 939 938 938 937 937 938 938 939 939 940 940 927 927 940 940 939 939 941 941 942 942 943 943 944 944 943 943 942 942 943 943 944 944 945 945 946 946 945 945 944 944 945 945 946 946 947 947 948 948 947 947 946 946 947 947 948 948 949 949 950 950 949 949 948 948 949 949 950 950 951 951 952 952 951 951 950 950 951 951 952 952 953 953 915 915 953 953 952 952 954 954 928 928 955 955 930 930 955 955 928 928 955 955 930 930 956 956 932 932 956 956 930 930 956 956 932 932 957 957 934 934 957 957 932 932 957 957 934 934 958 958 936 936 958 958 934 934 958 958 936 936 959 959 938 938 959 959 936 936 959 959 938 938 960 960 940 940 960 960 938 938 960 960 940 940 961 961 962 962 961 961 940 940 927 927 926 926 940 940 963 963 940 940 926 926 940 940 963 963 962 962 929 929 964 964 931 931 965 965 931 931 964 964 931 931 965 965 933 933 966 966 933 933 965 965 933 933 966 966 935 935 967 967 935 935 966 966 935 935 967 967 937 937 968 968 937 937 967 967 937 937 968 968 939 939 969 969 939 939 968 968 939 939 969 969 927 927 924 924 927 927 969 969 927 927 924 924 925 925 923 923 925 925 924 924 920 920 922 922 921 921 924 924 921 921 922 922 921 921 924 924 970 970 969 969 970 970 924 924 970 970 969 969 971 971 968 968 971 971 969 969 971 971 968 968 972 972 967 967 972 972 968 968 972 972 967 967 973 973 966 966 973 973 967 967 973 973 966 966 974 974 965 965 974 974 966 966 974 974 965 965 975 975 964 964 975 975 965 965 917 917 919 919 918 918 921 921 918 918 919 919 918 918 921 921 976 976 970 970 976 976 921 921 976 976 970 970 977 977 971 971 977 977 970 970 977 977 971 971 978 978 972 972 978 978 971 971 978 978 972 972 979 979 973 973 979 979 972 972 979 979 973 973 980 980 974 974 980 980 973 973 980 980 974 974 981 981 975 975 981 981 974 974 982 982 916 916 983 983 918 918 983 983 916 916 983 983 918 918 984 984 976 976 984 984 918 918 984 984 976 976 985 985 977 977 985 985 976 976 985 985 977 977 986 986 978 978 986 986 977 977 986 986 978 978 987 987 979 979 987 987 978 978 987 987 979 979 988 988 980 980 988 988 979 979 988 988 980 980 989 989 981 981 989 989 980 980 989 989 990 990 988 988 991 991 988 988 990 990 988 988 991 991 987 987 992 992 987 987 991 991 987 987 992 992 986 986 993 993 986 986 992 992 986 986 993 993 985 985 994 994 985 985 993 993 985 985 994 994 984 984 995 995 984 984 994 994 984 984 995 995 983 983 996 996 983 983 995 995 983 983 996 996 982 982 997 997 982 982 996 996 990 990 941 941 991 991 943 943 991 991 941 941 991 991 943 943 992 992 945 945 992 992 943 943 992 992 945 945 993 993 947 947 993 993 945 945 993 993 947 947 994 994 949 949 994 994 947 947 994 994 949 949 995 995 951 951 995 995 949 949 995 995 951 951 996 996 953 953 996 996 951 951 996 996 953 953 997 997 998 998 997 997 953 953 915 915 914 914 953 953 999 999 953 953 914 914 953 953 999 999 998 998 942 942 1000 1000 944 944 1001 1001 944 944 1000 1000 944 944 1001 1001 946 946 1002 1002 946 946 1001 1001 946 946 1002 1002 948 948 1003 1003 948 948 1002 1002 948 948 1003 1003 950 950 1004 1004 950 950 1003 1003 950 950 1004 1004 952 952 1005 1005 952 952 1004 1004 952 952 1005 1005 915 915 912 912 915 915 1005 1005 915 915 912 912 913 913 911 911 913 913 912 912 908 908 910 910 909 909 912 912 909 909 910 910 909 909 912 912 1006 1006 1005 1005 1006 1006 912 912 1006 1006 1005 1005 1007 1007 1004 1004 1007 1007 1005 1005 1007 1007 1004 1004 1008 1008 1003 1003 1008 1008 1004 1004 1008 1008 1003 1003 1009 1009 1002 1002 1009 1009 1003 1003 1009 1009 1002 1002 1010 1010 1001 1001 1010 1010 1002 1002 1010 1010 1001 1001 1011 1011 1000 1000 1011 1011 1001 1001 905 905 907 907 906 906 909 909 906 906 907 907 906 906 909 909 1012 1012 1006 1006 1012 1012 909 909 1012 1012 1006 1006 1013 1013 1007 1007 1013 1013 1006 1006 1013 1013 1007 1007 1014 1014 1008 1008 1014 1014 1007 1007 1014 1014 1008 1008 1015 1015 1009 1009 1015 1015 1008 1008 1015 1015 1009 1009 1016 1016 1010 1010 1016 1016 1009 1009 1016 1016 1010 1010 1017 1017 1011 1011 1017 1017 1010 1010 1018 1018 904 904 1019 1019 906 906 1019 1019 904 904 1019 1019 906 906 1020 1020 1012 1012 1020 1020 906 906 1020 1020 1012 1012 1021 1021 1013 1013 1021 1021 1012 1012 1021 1021 1013 1013 1022 1022 1014 1014 1022 1022 1013 1013 1022 1022 1014 1014 1023 1023 1015 1015 1023 1023 1014 1014 1023 1023 1015 1015 1024 1024 1016 1016 1024 1024 1015 1015 1024 1024 1016 1016 1025 1025 1017 1017 1025 1025 1016 1016 1025 1025 1026 1026 1024 1024 1027 1027 1024 1024 1026 1026 1024 1024 1027 1027 1023 1023 1028 1028 1023 1023 1027 1027 1023 1023 1028 1028 1022 1022 1029 1029 1022 1022 1028 1028 1022 1022 1029 1029 1021 1021 1030 1030 1021 1021 1029 1029 1021 1021 1030 1030 1020 1020 1031 1031 1020 1020 1030 1030 1020 1020 1031 1031 1019 1019 1032 1032 1019 1019 1031 1031 1019 1019 1032 1032 1018 1018 1033 1033 1018 1018 1032 1032 1034 1034 1035 1035 1036 1036 1037 1037 1036 1036 1035 1035 1038 1038 1039 1039 1040 1040 1041 1041 1042 1042 1043 1043 1044 1044 1043 1043 1042 1042 1043 1043 1044 1044 1045 1045 1046 1046 1045 1045 1044 1044 1047 1047 1048 1048 1049 1049 1050 1050 1049 1049 1048 1048 1051 1051 1052 1052 1053 1053 1054 1054 1053 1053 1052 1052 1055 1055 1056 1056 1057 1057 1058 1058 1059 1059 1060 1060 1061 1061 1060 1060 1059 1059 1060 1060 1061 1061 1062 1062 1063 1063 1062 1062 1061 1061 1062 1062 1063 1063 1064 1064 1065 1065 1064 1064 1063 1063 1064 1064 1065 1065 1066 1066 1067 1067 1066 1066 1065 1065 1066 1066 1067 1067 1068 1068 1069 1069 1068 1068 1067 1067 1068 1068 1069 1069 1070 1070 1071 1071 1070 1070 1069 1069 1070 1070 1071 1071 1072 1072 1073 1073 1072 1072 1071 1071 1072 1072 1073 1073 1074 1074 1075 1075 1074 1074 1073 1073 1074 1074 1075 1075 1076 1076 1077 1077 1076 1076 1075 1075 1076 1076 1077 1077 1078 1078 1079 1079 1078 1078 1077 1077 1078 1078 1079 1079 1080 1080 1081 1081 1080 1080 1079 1079 1080 1080 1081 1081 1082 1082 1083 1083 1082 1082 1081 1081 1084 1084 1085 1085 1086 1086 1087 1087 1086 1086 1085 1085 1088 1088 1089 1089 1090 1090 1091 1091 1090 1090 1089 1089 1092 1092 1093 1093 1094 1094 1095 1095 1096 1096 1094 1094 1097 1097 1094 1094 1096 1096 1094 1094 1097 1097 1092 1092 1098 1098 1099 1099 1100 1100 1101 1101 1102 1102 1100 1100 1103 1103 1100 1100 1102 1102 1100 1100 1103 1103 1098 1098 1104 1104 1105 1105 1092 1092 1106 1106 1107 1107 1108 1108 1109 1109 1108 1108 1107 1107 1110 1110 1111 1111 1112 1112 1113 1113 1112 1112 1111 1111 1105 1105 1114 1114 1092 1092 1115 1115 1092 1092 1114 1114 1092 1092 1115 1115 1116 1116 1117 1117 1118 1118 1098 1098 1118 1118 1119 1119 1098 1098 1120 1120 1098 1098 1119 1119 1098 1098 1120 1120 1121 1121 1113 1113 1122 1122 1112 1112 1123 1123 1112 1112 1122 1122 1112 1112 1123 1123 1092 1092 1124 1124 1092 1092 1123 1123 1092 1092 1124 1124 1104 1104 1125 1125 1126 1126 1108 1108 1127 1127 1108 1108 1126 1126 1108 1108 1127 1127 1106 1106 1128 1128 1129 1129 1112 1112 1130 1130 1112 1112 1129 1129 1112 1112 1130 1130 1110 1110 1116 1116 1125 1125 1092 1092 1108 1108 1092 1092 1125 1125 1092 1092 1108 1108 1093 1093 1131 1131 1093 1093 1108 1108 1093 1093 1131 1131 432 432 433 433 432 432 1131 1131 1121 1121 1128 1128 1098 1098 1112 1112 1098 1098 1128 1128 1098 1098 1112 1112 1099 1099 1132 1132 1099 1099 1112 1112 1099 1099 1132 1132 1133 1133 1134 1134 1133 1133 1132 1132 1109 1109 1135 1135 1108 1108 1136 1136 1108 1108 1135 1135 1108 1108 1136 1136 1098 1098 1137 1137 1098 1098 1136 1136 1098 1098 1137 1137 1117 1117 1138 1138 1139 1139 1140 1140 1141 1141 1140 1140 1139 1139 1142 1142 1143 1143 1144 1144 1145 1145 1144 1144 1143 1143 1146 1146 1147 1147 1148 1148 1149 1149 1148 1148 1147 1147 1148 1148 1149 1149 1150 1150 1151 1151 1150 1150 1149 1149 1150 1150 1151 1151 1152 1152 1153 1153 1152 1152 1151 1151 1152 1152 1153 1153 1154 1154 1155 1155 1154 1154 1153 1153 1154 1154 1155 1155 1156 1156 1157 1157 1156 1156 1155 1155 1156 1156 1157 1157 1158 1158 1159 1159 1158 1158 1157 1157 1160 1160 1161 1161 1162 1162 1163 1163 1164 1164 1165 1165 1166 1166 1165 1165 1164 1164 1167 1167 1168 1168 1169 1169 1165 1165 1169 1169 1168 1168 1169 1169 1165 1165 1170 1170 1171 1171 1172 1172 1162 1162 1173 1173 1162 1162 1172 1172 1171 1171 1162 1162 1174 1174 1175 1175 1174 1174 1162 1162 1174 1174 1175 1175 1176 1176 1160 1160 1162 1162 1166 1166 1173 1173 1166 1166 1162 1162 1166 1166 1173 1173 1165 1165 1177 1177 1165 1165 1173 1173 1165 1165 1177 1177 1170 1170 1178 1178 1179 1179 1180 1180 1181 1181 1180 1180 1179 1179 1182 1182 1183 1183 1184 1184 1183 1183 1182 1182 1185 1185 1186 1186 1185 1185 1182 1182 1185 1185 1186 1186 1187 1187 1188 1188 1189 1189 1190 1190 1191 1191 1190 1190 1189 1189 1190 1190 1191 1191 1192 1192 1193 1193 1192 1192 1191 1191 1194 1194 1195 1195 1196 1196 1197 1197 1198 1198 1199 1199 1184 1184 1200 1200 1182 1182 1201 1201 1182 1182 1200 1200 1182 1182 1201 1201 1197 1197 1202 1202 1197 1197 1201 1201 1197 1197 1202 1202 1198 1198 1188 1188 1203 1203 1189 1189 1204 1204 1189 1189 1203 1203 1189 1189 1204 1204 1196 1196 1205 1205 1196 1196 1204 1204 1196 1196 1205 1205 1194 1194 1195 1195 1206 1206 1196 1196 1207 1207 1196 1196 1206 1206 1196 1196 1207 1207 1186 1186 1208 1208 1186 1186 1207 1207 1186 1186 1208 1208 1187 1187 1199 1199 1209 1209 1197 1197 1210 1210 1197 1197 1209 1209 1197 1197 1210 1210 1191 1191 1211 1211 1191 1191 1210 1210 1191 1191 1211 1211 1193 1193 1212 1212 1213 1213 1214 1214 1215 1215 1214 1214 1213 1213 855 855 854 854 1216 1216 855 855 1216 1216 1217 1217 1218 1218 1217 1217 1216 1216 1217 1217 1218 1218 1219 1219 1218 1218 1220 1220 1219 1219 1221 1221 1219 1219 1220 1220 1219 1219 1221 1221 1222 1222 1221 1221 1223 1223 1222 1222 1224 1224 1222 1222 1223 1223 1222 1222 1224 1224 1225 1225 1226 1226 1225 1225 1224 1224 1226 1226 1227 1227 1225 1225 1228 1228 1225 1225 1227 1227 1225 1225 1228 1228 1229 1229 1228 1228 1230 1230 1229 1229 1231 1231 1229 1229 1230 1230 1229 1229 1231 1231 1232 1232 1231 1231 1233 1233 1232 1232 1234 1234 1232 1232 1233 1233 1232 1232 1234 1234 1235 1235 1234 1234 1236 1236 1235 1235 1237 1237 1235 1235 1236 1236 1235 1235 1237 1237 1238 1238 1237 1237 1239 1239 1238 1238 1240 1240 1238 1238 1239 1239 1238 1238 1240 1240 1241 1241 1240 1240 1242 1242 1241 1241 1243 1243 1241 1241 1242 1242 1241 1241 1243 1243 1244 1244 1243 1243 1245 1245 1244 1244 1246 1246 1244 1244 1245 1245 1244 1244 1246 1246 1247 1247 1246 1246 1248 1248 1247 1247 1249 1249 1247 1247 1248 1248 1247 1247 1249 1249 1250 1250 822 822 821 821 1251 1251 1250 1250 1251 1251 821 821 1251 1251 1250 1250 1252 1252 1249 1249 1252 1252 1250 1250 1253 1253 1254 1254 1255 1255 1256 1256 1255 1255 1254 1254 1255 1255 1256 1256 1257 1257 1258 1258 1257 1257 1256 1256 1257 1257 1258 1258 1259 1259 1260 1260 1259 1259 1258 1258 1261 1261 1262 1262 1263 1263 1264 1264 1265 1265 1266 1266 1267 1267 1266 1266 1265 1265 1268 1268 1261 1261 1269 1269 1263 1263 1269 1269 1261 1261 1269 1269 1263 1263 1270 1270 1271 1271 1270 1270 1263 1263 1270 1270 1271 1271 1272 1272 1273 1273 1272 1272 1271 1271 1272 1272 1273 1273 1267 1267 1274 1274 1267 1267 1273 1273 1267 1267 1274 1274 1266 1266 1275 1275 1276 1276 1277 1277 1278 1278 1277 1277 1276 1276 1279 1279 1280 1280 1281 1281 1282 1282 1281 1281 1280 1280 1281 1281 1282 1282 1283 1283 1284 1284 1283 1283 1282 1282 1283 1283 1284 1284 1285 1285 1286 1286 1285 1285 1284 1284 1285 1285 1286 1286 1287 1287 1288 1288 1287 1287 1286 1286 1287 1287 1288 1288 1289 1289 1290 1290 1289 1289 1288 1288 1289 1289 1290 1290 1291 1291 1292 1292 1291 1291 1290 1290 1291 1291 1292 1292 1293 1293 1294 1294 1293 1293 1292 1292 1293 1293 1294 1294 1295 1295 1296 1296 1295 1295 1294 1294 1295 1295 1296 1296 1297 1297 1298 1298 1297 1297 1296 1296 1297 1297 1298 1298 1299 1299 1300 1300 1299 1299 1298 1298 1299 1299 1300 1300 1301 1301 1302 1302 1301 1301 1300 1300 1301 1301 1302 1302 1303 1303 1304 1304 1303 1303 1302 1302 1303 1303 1304 1304 1305 1305 1306 1306 1305 1305 1304 1304 1305 1305 1306 1306 1307 1307 1308 1308 1307 1307 1306 1306 1307 1307 1308 1308 1309 1309 1310 1310 1309 1309 1308 1308 1309 1309 1310 1310 1311 1311 1312 1312 1311 1311 1310 1310 1311 1311 1312 1312 1313 1313 1314 1314 1313 1313 1312 1312 1313 1313 1314 1314 1315 1315 1316 1316 1315 1315 1314 1314 1315 1315 1316 1316 1317 1317 1318 1318 1317 1317 1316 1316 1317 1317 1318 1318 1319 1319 1320 1320 1319 1319 1318 1318 1319 1319 1320 1320 1321 1321 1322 1322 1321 1321 1320 1320 1321 1321 1322 1322 1323 1323 1324 1324 1323 1323 1322 1322 1323 1323 1324 1324 1325 1325 1326 1326 1325 1325 1324 1324 1325 1325 1326 1326 1279 1279 1280 1280 1279 1279 1326 1326 1327 1327 1328 1328 1329 1329 1330 1330 1329 1329 1328 1328 1331 1331 1332 1332 1333 1333 1334 1334 1333 1333 1332 1332 1333 1333 1334 1334 1335 1335 1336 1336 1335 1335 1334 1334 1335 1335 1336 1336 1337 1337 1338 1338 1337 1337 1336 1336 1337 1337 1338 1338 1339 1339 1340 1340 1339 1339 1338 1338 1339 1339 1340 1340 1341 1341 1342 1342 1341 1341 1340 1340 1341 1341 1342 1342 1343 1343 1344 1344 1343 1343 1342 1342 1345 1345 1346 1346 1347 1347 1348 1348 1347 1347 1346 1346 1347 1347 1348 1348 1349 1349 1350 1350 1349 1349 1348 1348 1349 1349 1350 1350 1351 1351 1352 1352 1351 1351 1350 1350 1351 1351 1352 1352 1353 1353 1354 1354 1353 1353 1352 1352 1353 1353 1354 1354 1355 1355 1356 1356 1355 1355 1354 1354 1355 1355 1356 1356 1357 1357 1358 1358 1357 1357 1356 1356 1357 1357 1358 1358 1359 1359 1360 1360 1359 1359 1358 1358 1359 1359 1360 1360 1361 1361 1362 1362 1361 1361 1360 1360 1361 1361 1362 1362 1363 1363 1364 1364 1363 1363 1362 1362 1363 1363 1364 1364 1365 1365 1366 1366 1365 1365 1364 1364 1365 1365 1366 1366 1367 1367 1368 1368 1367 1367 1366 1366 1367 1367 1368 1368 1369 1369 1370 1370 1369 1369 1368 1368 1371 1371 1372 1372 1373 1373 1374 1374 1375 1375 1376 1376 1377 1377 1378 1378 1379 1379 1380 1380 1381 1381 1382 1382 1383 1383 1384 1384 1385 1385 1386 1386 1387 1387 1388 1388 1389 1389 1390 1390 1391 1391 1392 1392 1391 1391 1390 1390 1391 1391 1392 1392 1393 1393 1393 1393 1394 1394 1391 1391 1395 1395 1391 1391 1394 1394 1391 1391 1395 1395 1396 1396 1397 1397 1398 1398 1399 1399 1400 1400 1399 1399 1398 1398 1399 1399 1400 1400 1401 1401 1401 1401 1400 1400 1402 1402 1403 1403 1402 1402 1400 1400 1402 1402 1403 1403 1404 1404 1396 1396 1405 1405 1391 1391 1406 1406 1391 1391 1405 1405 1391 1391 1406 1406 1403 1403 1407 1407 1403 1403 1406 1406 1403 1403 1407 1407 1404 1404 1408 1408 1409 1409 1410 1410 1410 1410 1411 1411 1408 1408 1412 1412 1408 1408 1411 1411 1408 1408 1412 1412 1390 1390 1413 1413 1390 1390 1412 1412 1390 1390 1413 1413 1392 1392 1414 1414 1415 1415 1373 1373 1416 1416 1417 1417 1372 1372 1418 1418 1372 1372 1417 1417 1372 1372 1418 1418 1419 1419 1373 1373 1415 1415 1408 1408 1420 1420 1408 1408 1415 1415 1408 1408 1420 1420 1421 1421 1419 1419 1422 1422 1372 1372 1423 1423 1372 1372 1422 1422 1372 1372 1423 1423 1424 1424 1425 1425 1426 1426 1373 1373 1427 1427 1373 1373 1426 1426 1373 1373 1427 1427 1414 1414 1428 1428 1429 1429 1416 1416 1430 1430 1416 1416 1429 1429 1416 1416 1430 1430 1417 1417 1431 1431 1432 1432 1433 1433 1409 1409 1433 1433 1432 1432 1433 1433 1409 1409 1434 1434 1408 1408 1434 1434 1409 1409 1434 1434 1408 1408 1435 1435 1421 1421 1435 1435 1408 1408 1424 1424 1436 1436 1372 1372 1437 1437 1372 1372 1436 1436 1372 1372 1437 1437 1373 1373 1438 1438 1373 1373 1437 1437 1373 1373 1438 1438 1425 1425 1431 1431 1433 1433 1439 1439 1440 1440 1439 1439 1433 1433 1439 1439 1440 1440 1441 1441 1442 1442 1441 1441 1440 1440 1441 1441 1442 1442 1443 1443 1428 1428 1443 1443 1442 1442 1443 1443 1428 1428 1444 1444 1416 1416 1445 1445 1428 1428 1446 1446 1428 1428 1445 1445 1428 1428 1446 1446 1447 1447 1447 1447 1448 1448 1428 1428 1449 1449 1428 1428 1448 1448 1428 1428 1449 1449 1444 1444 1450 1450 1451 1451 1452 1452 1453 1453 1452 1452 1451 1451 1452 1452 1453 1453 1454 1454 1455 1455 1454 1454 1453 1453 1454 1454 1455 1455 1456 1456 1457 1457 1458 1458 1456 1456 1459 1459 1456 1456 1458 1458 1456 1456 1459 1459 1454 1454 1460 1460 1461 1461 1379 1379 1462 1462 1463 1463 1464 1464 1462 1462 1464 1464 1465 1465 1460 1460 1379 1379 1466 1466 1463 1463 1467 1467 1464 1464 1468 1468 1464 1464 1467 1467 1464 1464 1468 1468 1451 1451 1469 1469 1451 1451 1468 1468 1451 1451 1469 1469 1470 1470 1461 1461 1471 1471 1379 1379 1472 1472 1379 1379 1471 1471 1379 1379 1472 1472 1464 1464 1473 1473 1464 1464 1472 1472 1464 1464 1473 1473 1465 1465 1470 1470 1474 1474 1451 1451 1475 1475 1451 1451 1474 1474 1451 1451 1475 1475 1476 1476 1477 1477 1478 1478 1466 1466 1476 1476 1479 1479 1451 1451 1480 1480 1451 1451 1479 1479 1451 1451 1480 1480 1453 1453 1481 1481 1453 1453 1480 1480 1453 1453 1481 1481 1482 1482 1482 1482 1483 1483 1453 1453 1484 1484 1453 1453 1483 1483 1453 1453 1484 1484 1485 1485 1486 1486 1485 1485 1484 1484 1485 1485 1486 1486 1487 1487 1487 1487 1486 1486 1478 1478 1488 1488 1478 1478 1486 1486 1478 1478 1488 1488 1466 1466 1489 1489 1490 1490 1379 1379 1491 1491 1379 1379 1490 1490 1379 1379 1491 1491 1466 1466 1492 1492 1466 1466 1491 1491 1466 1466 1492 1492 1477 1477 1387 1387 1493 1493 1388 1388 1494 1494 1388 1388 1493 1493 1388 1388 1494 1494 1374 1374 1495 1495 1496 1496 1497 1497 1494 1494 1498 1498 1374 1374 1499 1499 1374 1374 1498 1498 1374 1374 1499 1499 1500 1500 1496 1496 1501 1501 1502 1502 1503 1503 1502 1502 1501 1501 1502 1502 1503 1503 1379 1379 1504 1504 1379 1379 1503 1503 1379 1379 1504 1504 1489 1489 1505 1505 1506 1506 1497 1497 1507 1507 1497 1497 1506 1506 1497 1497 1507 1507 1495 1495 1500 1500 1508 1508 1374 1374 1509 1509 1374 1374 1508 1508 1374 1374 1509 1509 1497 1497 1510 1510 1497 1497 1509 1509 1497 1497 1510 1510 1505 1505 1511 1511 1512 1512 1513 1513 1388 1388 1514 1514 1386 1386 1515 1515 1386 1386 1514 1514 1386 1386 1515 1515 1513 1513 1516 1516 1513 1513 1515 1515 1513 1513 1516 1516 1517 1517 1517 1517 1518 1518 1513 1513 1519 1519 1513 1513 1518 1518 1513 1513 1519 1519 1520 1520 1512 1512 1521 1521 1513 1513 1522 1522 1513 1513 1521 1521 1513 1513 1522 1522 1523 1523 1520 1520 1524 1524 1513 1513 1525 1525 1513 1513 1524 1524 1513 1513 1525 1525 1511 1511 1526 1526 1527 1527 1528 1528 1526 1526 1528 1528 1529 1529 1397 1397 1530 1530 1398 1398 1531 1531 1398 1398 1530 1530 1398 1398 1531 1531 1532 1532 1385 1385 1532 1532 1531 1531 1383 1383 1385 1385 1533 1533 1384 1384 1534 1534 1385 1385 1535 1535 1385 1385 1534 1534 1385 1385 1535 1535 1532 1532 1536 1536 1537 1537 1538 1538 1539 1539 1538 1538 1537 1537 1538 1538 1539 1539 1385 1385 1540 1540 1385 1385 1539 1539 1385 1385 1540 1540 1533 1533 1541 1541 1542 1542 1538 1538 1543 1543 1538 1538 1542 1542 1538 1538 1543 1543 1536 1536 1541 1541 1544 1544 1542 1542 1545 1545 1542 1542 1544 1544 1542 1542 1545 1545 1546 1546 1546 1546 1547 1547 1542 1542 1548 1548 1542 1542 1547 1547 1542 1542 1548 1548 1549 1549 1550 1550 1551 1551 1552 1552 1553 1553 1552 1552 1551 1551 1552 1552 1553 1553 1554 1554 1555 1555 1556 1556 1389 1389 1557 1557 1558 1558 1550 1550 1559 1559 1550 1550 1558 1558 1550 1550 1559 1559 1551 1551 1560 1560 1561 1561 1389 1389 1562 1562 1389 1389 1561 1561 1389 1389 1562 1562 1555 1555 1563 1563 1564 1564 1565 1565 1564 1564 1563 1563 1566 1566 1382 1382 1566 1566 1563 1563 1566 1566 1382 1382 1567 1567 1381 1381 1568 1568 1382 1382 1569 1569 1382 1382 1568 1568 1382 1382 1569 1569 1567 1567 1570 1570 1571 1571 1497 1497 1496 1496 1502 1502 1497 1497 1572 1572 1497 1497 1502 1502 1497 1497 1572 1572 1570 1570 1571 1571 1573 1573 1497 1497 1574 1574 1497 1497 1573 1573 1497 1497 1574 1574 1382 1382 1575 1575 1382 1382 1574 1574 1382 1382 1575 1575 1380 1380 1576 1576 1577 1577 1578 1578 1579 1579 1578 1578 1577 1577 1580 1580 1581 1581 1502 1502 1582 1582 1583 1583 1572 1572 1584 1584 1572 1572 1583 1583 1572 1572 1584 1584 1579 1579 1585 1585 1579 1579 1584 1584 1579 1579 1585 1585 1578 1578 1586 1586 1379 1379 1587 1587 1588 1588 1587 1587 1379 1379 1586 1586 1589 1589 1379 1379 1590 1590 1379 1379 1589 1589 1379 1379 1590 1590 1502 1502 1591 1591 1502 1502 1590 1590 1502 1502 1591 1591 1580 1580 1581 1581 1592 1592 1502 1502 1593 1593 1502 1502 1592 1592 1502 1502 1593 1593 1572 1572 1594 1594 1572 1572 1593 1593 1572 1572 1594 1594 1582 1582 1576 1576 1595 1595 1577 1577 1596 1596 1577 1577 1595 1595 1577 1577 1596 1596 1378 1378 1597 1597 1378 1378 1596 1596 1378 1378 1597 1597 1598 1598 1598 1598 1599 1599 1378 1378 1600 1600 1378 1378 1599 1599 1378 1378 1600 1600 1379 1379 1601 1601 1379 1379 1600 1600 1379 1379 1601 1601 1588 1588 1377 1377 1379 1379 1602 1602 1464 1464 1602 1602 1379 1379 1602 1602 1464 1464 1603 1603 1604 1604 1605 1605 1606 1606 1607 1607 1606 1606 1605 1605 1607 1607 1608 1608 1606 1606 1609 1609 1606 1606 1608 1608 1606 1606 1609 1609 1610 1610 1611 1611 1612 1612 1464 1464 1611 1611 1464 1464 1613 1613 1603 1603 1614 1614 1615 1615 1610 1610 1616 1616 1606 1606 1617 1617 1606 1606 1616 1616 1606 1606 1617 1617 1464 1464 1618 1618 1464 1464 1617 1617 1464 1464 1618 1618 1613 1613 1612 1612 1619 1619 1464 1464 1620 1620 1464 1464 1619 1619 1464 1464 1620 1620 1621 1621 1621 1621 1622 1622 1464 1464 1623 1623 1464 1464 1622 1622 1464 1464 1623 1623 1603 1603 1624 1624 1603 1603 1623 1623 1603 1603 1624 1624 1614 1614 1625 1625 1626 1626 1627 1627 1628 1628 1627 1627 1626 1626 1627 1627 1628 1628 1604 1604 1625 1625 1629 1629 1626 1626 1630 1630 1626 1626 1629 1629 1626 1626 1630 1630 1631 1631 1603 1603 1631 1631 1630 1630 1631 1631 1603 1603 1632 1632 1615 1615 1632 1632 1603 1603 1633 1633 1634 1634 1635 1635 1636 1636 1635 1635 1634 1634 1604 1604 1606 1606 1627 1627 1637 1637 1627 1627 1606 1606 1627 1627 1637 1637 1638 1638 1636 1636 1639 1639 1635 1635 1640 1640 1635 1635 1639 1639 1635 1635 1640 1640 1641 1641 1642 1642 1643 1643 1606 1606 1641 1641 1644 1644 1635 1635 1645 1645 1635 1635 1644 1644 1635 1635 1645 1645 1606 1606 1646 1646 1606 1606 1645 1645 1606 1606 1646 1646 1642 1642 1643 1643 1647 1647 1606 1606 1648 1648 1606 1606 1647 1647 1606 1606 1648 1648 1637 1637 1638 1638 1649 1649 1627 1627 1650 1650 1627 1627 1649 1649 1627 1627 1650 1650 1651 1651 1652 1652 1653 1653 1654 1654 1655 1655 1654 1654 1653 1653 1656 1656 1627 1627 1657 1657 1651 1651 1657 1657 1627 1627 1657 1657 1651 1651 1658 1658 1659 1659 1658 1658 1651 1651 1658 1658 1659 1659 1660 1660 1661 1661 1660 1660 1659 1659 1660 1660 1661 1661 1662 1662 1663 1663 1662 1662 1661 1661 1662 1662 1663 1663 1664 1664 1652 1652 1664 1664 1663 1663 1664 1664 1652 1652 1665 1665 1654 1654 1665 1665 1652 1652 1554 1554 1666 1666 1552 1552 1667 1667 1552 1552 1666 1666 1552 1552 1667 1667 1668 1668 1669 1669 1668 1668 1667 1667 1668 1668 1669 1669 1670 1670 1655 1655 1633 1633 1654 1654 1635 1635 1654 1654 1633 1633 1654 1654 1635 1635 1671 1671 1668 1668 1671 1671 1635 1635 1671 1671 1668 1668 1672 1672 1670 1670 1672 1672 1668 1668 1673 1673 1674 1674 1675 1675 1675 1675 1676 1676 1403 1403 1677 1677 1403 1403 1676 1676 1403 1403 1677 1677 1678 1678 1679 1679 1680 1680 1391 1391 1681 1681 1682 1682 1683 1683 1674 1674 1684 1684 1675 1675 1685 1685 1675 1675 1684 1684 1675 1675 1685 1685 1676 1676 1678 1678 1686 1686 1403 1403 1687 1687 1403 1403 1686 1686 1403 1403 1687 1687 1688 1688 1391 1391 1680 1680 1681 1681 1689 1689 1681 1681 1680 1680 1681 1681 1689 1689 1682 1682 1690 1690 1691 1691 1391 1391 1692 1692 1391 1391 1691 1691 1391 1391 1692 1692 1679 1679 1688 1688 1693 1693 1403 1403 1694 1694 1403 1403 1693 1693 1403 1403 1694 1694 1391 1391 1695 1695 1391 1391 1694 1694 1391 1391 1695 1695 1690 1690 1683 1683 1696 1696 1681 1681 1697 1697 1681 1681 1696 1696 1681 1681 1697 1697 1675 1675 1698 1698 1675 1675 1697 1697 1675 1675 1698 1698 1673 1673 1699 1699 1700 1700 1681 1681 1701 1701 1391 1391 1702 1702 1681 1681 1702 1702 1391 1391 1702 1702 1681 1681 1703 1703 1700 1700 1703 1703 1681 1681 1701 1701 1704 1704 1391 1391 1705 1705 1391 1391 1704 1704 1391 1391 1705 1705 1706 1706 1707 1707 1708 1708 1389 1389 1709 1709 1389 1389 1708 1708 1389 1389 1709 1709 1710 1710 1711 1711 1712 1712 1713 1713 1714 1714 1713 1713 1712 1712 1706 1706 1715 1715 1391 1391 1716 1716 1391 1391 1715 1715 1391 1391 1716 1716 1389 1389 1717 1717 1389 1389 1716 1716 1389 1389 1717 1717 1707 1707 1714 1714 1718 1718 1713 1713 1719 1719 1713 1713 1718 1718 1713 1713 1719 1719 1681 1681 1720 1720 1681 1681 1719 1719 1681 1681 1720 1720 1699 1699 1710 1710 1721 1721 1389 1389 1722 1722 1389 1389 1721 1721 1389 1389 1722 1722 1713 1713 1723 1723 1713 1713 1722 1722 1713 1713 1723 1723 1711 1711 1713 1713 1724 1724 1389 1389 1563 1563 1389 1389 1724 1724 1389 1389 1563 1563 1560 1560 1565 1565 1560 1560 1563 1563 1560 1560 1565 1565 1725 1725 1726 1726 1727 1727 1724 1724 1728 1728 1729 1729 1730 1730 1382 1382 1730 1730 1729 1729 1728 1728 1731 1731 1729 1729 1732 1732 1729 1729 1731 1731 1729 1729 1732 1732 1733 1733 1734 1734 1563 1563 1735 1735 1724 1724 1735 1735 1563 1563 1735 1735 1724 1724 1736 1736 1727 1727 1736 1736 1724 1724 1737 1737 1738 1738 1382 1382 1739 1739 1382 1382 1738 1738 1734 1734 1740 1740 1563 1563 1741 1741 1563 1563 1740 1740 1563 1563 1741 1741 1742 1742 1742 1742 1743 1743 1563 1563 1744 1744 1563 1563 1743 1743 1563 1563 1744 1744 1382 1382 1745 1745 1382 1382 1744 1744 1382 1382 1745 1745 1737 1737 1739 1739 1746 1746 1382 1382 1747 1747 1382 1382 1746 1746 1382 1382 1747 1747 1730 1730 1733 1733 1748 1748 1729 1729 1749 1749 1729 1729 1748 1748 1729 1729 1749 1749 1724 1724 1750 1750 1724 1724 1749 1749 1724 1724 1750 1750 1726 1726 1751 1751 1752 1752 1753 1753 1754 1754 1753 1753 1752 1752 1755 1755 1756 1756 1382 1382 1757 1757 1382 1382 1756 1756 1382 1382 1757 1757 1758 1758 1758 1758 1759 1759 1382 1382 1760 1760 1382 1382 1759 1759 1382 1382 1760 1760 1497 1497 1761 1761 1497 1497 1760 1760 1762 1762 1763 1763 1729 1729 1761 1761 1764 1764 1497 1497 1765 1765 1497 1497 1764 1764 1497 1497 1765 1765 1766 1766 1766 1766 1767 1767 1497 1497 1768 1768 1497 1497 1767 1767 1497 1497 1768 1768 1753 1753 1769 1769 1753 1753 1768 1768 1753 1753 1769 1769 1751 1751 1763 1763 1770 1770 1729 1729 1771 1771 1729 1729 1770 1770 1729 1729 1771 1771 1382 1382 1772 1772 1382 1382 1771 1771 1382 1382 1772 1772 1755 1755 1754 1754 1773 1773 1753 1753 1774 1774 1753 1753 1773 1773 1753 1753 1774 1774 1729 1729 1775 1775 1729 1729 1774 1774 1729 1729 1775 1775 1762 1762 1776 1776 1777 1777 1497 1497 1776 1776 1497 1497 1778 1778 1779 1779 1780 1780 1375 1375 1781 1781 1782 1782 1753 1753 1783 1783 1784 1784 1374 1374 1785 1785 1374 1374 1784 1784 1374 1374 1785 1785 1786 1786 1779 1779 1375 1375 1787 1787 1786 1786 1788 1788 1374 1374 1789 1789 1374 1374 1788 1788 1374 1374 1789 1789 1375 1375 1790 1790 1375 1375 1789 1789 1375 1375 1790 1790 1787 1787 1780 1780 1791 1791 1375 1375 1792 1792 1375 1375 1791 1791 1375 1375 1792 1792 1753 1753 1793 1793 1753 1753 1792 1792 1753 1753 1793 1793 1781 1781 1782 1782 1794 1794 1753 1753 1795 1795 1753 1753 1794 1794 1753 1753 1795 1795 1497 1497 1796 1796 1497 1497 1795 1795 1497 1497 1796 1796 1778 1778 1777 1777 1797 1797 1497 1497 1798 1798 1497 1497 1797 1797 1497 1497 1798 1798 1374 1374 1799 1799 1374 1374 1798 1798 1374 1374 1799 1799 1783 1783 1376 1376 1800 1800 1374 1374 1801 1801 1374 1374 1800 1800 1374 1374 1801 1801 1388 1388 1802 1802 1388 1388 1801 1801 1388 1388 1802 1802 1514 1514 1803 1803 1514 1514 1802 1802 1514 1514 1803 1803 1528 1528 1804 1804 1528 1528 1803 1803 1528 1528 1804 1804 1529 1529 1805 1805 1806 1806 1408 1408 1807 1807 1808 1808 1390 1390 1809 1809 1390 1390 1808 1808 1390 1390 1809 1809 1408 1408 1810 1810 1408 1408 1809 1809 1408 1408 1810 1810 1805 1805 1811 1811 1812 1812 1390 1390 1813 1813 1390 1390 1812 1812 1390 1390 1813 1813 1807 1807 1814 1814 1815 1815 1552 1552 1816 1816 1552 1552 1815 1815 1552 1552 1816 1816 1817 1817 1550 1550 1818 1818 1819 1819 1806 1806 1820 1820 1408 1408 1821 1821 1408 1408 1820 1820 1408 1408 1821 1821 1552 1552 1822 1822 1552 1552 1821 1821 1552 1552 1822 1822 1814 1814 1817 1817 1823 1823 1552 1552 1824 1824 1552 1552 1823 1823 1552 1552 1824 1824 1550 1550 1825 1825 1550 1550 1824 1824 1550 1550 1825 1825 1818 1818 1556 1556 1557 1557 1389 1389 1550 1550 1389 1389 1557 1557 1389 1389 1550 1550 1390 1390 1826 1826 1390 1390 1550 1550 1390 1390 1826 1826 1811 1811 1819 1819 1827 1827 1550 1550 1828 1828 1550 1550 1827 1827 1550 1550 1828 1828 1826 1826 1829 1829 1830 1830 1408 1408 1831 1831 1373 1373 1832 1832 1833 1833 1832 1832 1373 1373 1831 1831 1834 1834 1373 1373 1835 1835 1373 1373 1834 1834 1373 1373 1835 1835 1668 1668 1836 1836 1668 1668 1835 1835 1668 1668 1836 1836 1837 1837 1837 1837 1838 1838 1668 1668 1839 1839 1668 1668 1838 1838 1668 1668 1839 1839 1840 1840 1830 1830 1841 1841 1408 1408 1842 1842 1408 1408 1841 1841 1408 1408 1842 1842 1373 1373 1843 1843 1373 1373 1842 1842 1373 1373 1843 1843 1833 1833 1844 1844 1552 1552 1845 1845 1668 1668 1845 1845 1552 1552 1845 1845 1668 1668 1846 1846 1840 1840 1846 1846 1668 1668 1844 1844 1847 1847 1552 1552 1848 1848 1552 1552 1847 1847 1552 1552 1848 1848 1849 1849 1849 1849 1850 1850 1552 1552 1851 1851 1552 1552 1850 1850 1552 1552 1851 1851 1408 1408 1852 1852 1408 1408 1851 1851 1408 1408 1852 1852 1829 1829 1371 1371 1373 1373 1853 1853 1668 1668 1853 1853 1373 1373 1853 1853 1668 1668 1854 1854 1635 1635 1854 1854 1668 1668 1854 1854 1635 1635 1855 1855 1606 1606 1855 1855 1635 1635 1855 1855 1606 1606 1856 1856 1464 1464 1856 1856 1606 1606 1856 1856 1464 1464 1857 1857 1451 1451 1857 1857 1464 1464 1857 1857 1451 1451 1858 1858 1450 1450 1858 1858 1451 1451 1858 1858 1450 1450 1859 1859 1860 1860 1861 1861 1862 1862 1863 1863 1862 1862 1861 1861 1864 1864 1865 1865 1866 1866 1867 1867 1868 1868 1869 1869 1870 1870 1869 1869 1868 1868 1871 1871 1872 1872 1873 1873 1869 1869 1873 1873 1872 1872 1873 1873 1869 1869 1874 1874 1875 1875 1876 1876 1866 1866 1877 1877 1866 1866 1876 1876 1875 1875 1866 1866 1878 1878 1879 1879 1878 1878 1866 1866 1878 1878 1879 1879 1880 1880 1864 1864 1866 1866 1870 1870 1877 1877 1870 1870 1866 1866 1870 1870 1877 1877 1869 1869 1881 1881 1869 1869 1877 1877 1869 1869 1881 1881 1874 1874 658 658 657 657 1882 1882 1883 1883 1882 1882 657 657 1882 1882 1883 1883 1884 1884 1885 1885 1884 1884 1883 1883 1884 1884 1885 1885 1886 1886 1887 1887 1886 1886 1885 1885 1886 1886 1887 1887 1888 1888 1887 1887 1889 1889 1888 1888 1890 1890 1888 1888 1889 1889 1888 1888 1890 1890 1891 1891 1892 1892 1891 1891 1890 1890 631 631 630 630 1893 1893 1894 1894 1893 1893 630 630 1893 1893 1894 1894 1895 1895 1896 1896 1895 1895 1894 1894 1895 1895 1896 1896 1897 1897 1898 1898 1897 1897 1896 1896 1897 1897 1898 1898 1899 1899 1900 1900 1899 1899 1898 1898 1899 1899 1900 1900 1901 1901 1902 1902 1901 1901 1900 1900 1901 1901 1902 1902 1903 1903 1904 1904 1903 1903 1902 1902 1903 1903 1904 1904 1905 1905 1906 1906 1905 1905 1904 1904 1905 1905 1906 1906 1907 1907 1908 1908 1907 1907 1906 1906 1907 1907 1908 1908 1892 1892 1909 1909 1892 1892 1908 1908 1892 1892 1909 1909 1891 1891 1910 1910 1911 1911 1912 1912 1913 1913 1912 1912 1911 1911 1912 1912 1913 1913 1914 1914 1915 1915 1914 1914 1913 1913 1914 1914 1915 1915 1916 1916 1917 1917 1916 1916 1915 1915 1916 1916 1917 1917 1918 1918 1919 1919 1918 1918 1917 1917 1918 1918 1919 1919 1920 1920 1921 1921 1920 1920 1919 1919 1920 1920 1921 1921 1922 1922 1923 1923 1922 1922 1921 1921 1922 1922 1923 1923 1924 1924 1925 1925 1924 1924 1923 1923 1924 1924 1925 1925 1926 1926 1927 1927 1926 1926 1925 1925 1926 1926 1927 1927 1928 1928 1929 1929 1928 1928 1927 1927 1928 1928 1929 1929 1930 1930 1929 1929 1931 1931 1930 1930 1932 1932 1930 1930 1931 1931 1930 1930 1932 1932 1933 1933 1934 1934 1933 1933 1932 1932 1933 1933 1934 1934 1935 1935 1936 1936 1935 1935 1934 1934 1937 1937 1938 1938 1939 1939 1940 1940 1939 1939 1938 1938 1941 1941 1942 1942 1943 1943 1944 1944 1943 1943 1942 1942 1945 1945 1946 1946 1947 1947 1948 1948 1947 1947 1946 1946 1949 1949 1950 1950 1951 1951 1952 1952 1953 1953 1954 1954 1955 1955 1956 1956 1957 1957 1958 1958 1959 1959 1960 1960 1961 1961 1962 1962 1963 1963 1964 1964 1965 1965 1966 1966 1967 1967 1968 1968 1969 1969 1970 1970 1971 1971 1972 1972 1973 1973 1974 1974 1975 1975 1976 1976 1975 1975 1974 1974 1975 1975 1976 1976 1977 1977 1978 1978 1977 1977 1976 1976 1977 1977 1978 1978 1979 1979 1980 1980 1979 1979 1978 1978 1979 1979 1980 1980 1981 1981 1982 1982 1981 1981 1980 1980 1981 1981 1982 1982 1983 1983 1984 1984 1983 1983 1982 1982 1983 1983 1984 1984 1985 1985 1972 1972 1985 1985 1984 1984 1986 1986 1987 1987 1988 1988 1989 1989 1988 1988 1987 1987 1988 1988 1989 1989 1990 1990 1991 1991 1990 1990 1989 1989 1990 1990 1991 1991 1992 1992 1993 1993 1992 1992 1991 1991 1992 1992 1993 1993 1994 1994 1995 1995 1994 1994 1993 1993 1994 1994 1995 1995 1996 1996 1997 1997 1996 1996 1995 1995 1996 1996 1997 1997 1998 1998 1960 1960 1998 1998 1997 1997 1999 1999 1973 1973 2000 2000 1975 1975 2000 2000 1973 1973 2000 2000 1975 1975 2001 2001 1977 1977 2001 2001 1975 1975 2001 2001 1977 1977 2002 2002 1979 1979 2002 2002 1977 1977 2002 2002 1979 1979 2003 2003 1981 1981 2003 2003 1979 1979 2003 2003 1981 1981 2004 2004 1983 1983 2004 2004 1981 1981 2004 2004 1983 1983 2005 2005 1985 1985 2005 2005 1983 1983 2005 2005 1985 1985 2006 2006 2007 2007 2006 2006 1985 1985 1972 1972 1971 1971 1985 1985 2008 2008 1985 1985 1971 1971 1985 1985 2008 2008 2007 2007 1974 1974 2009 2009 1976 1976 2010 2010 1976 1976 2009 2009 1976 1976 2010 2010 1978 1978 2011 2011 1978 1978 2010 2010 1978 1978 2011 2011 1980 1980 2012 2012 1980 1980 2011 2011 1980 1980 2012 2012 1982 1982 2013 2013 1982 1982 2012 2012 1982 1982 2013 2013 1984 1984 2014 2014 1984 1984 2013 2013 1984 1984 2014 2014 1972 1972 1969 1969 1972 1972 2014 2014 1972 1972 1969 1969 1970 1970 1968 1968 1970 1970 1969 1969 1965 1965 1967 1967 1966 1966 1969 1969 1966 1966 1967 1967 1966 1966 1969 1969 2015 2015 2014 2014 2015 2015 1969 1969 2015 2015 2014 2014 2016 2016 2013 2013 2016 2016 2014 2014 2016 2016 2013 2013 2017 2017 2012 2012 2017 2017 2013 2013 2017 2017 2012 2012 2018 2018 2011 2011 2018 2018 2012 2012 2018 2018 2011 2011 2019 2019 2010 2010 2019 2019 2011 2011 2019 2019 2010 2010 2020 2020 2009 2009 2020 2020 2010 2010 1962 1962 1964 1964 1963 1963 1966 1966 1963 1963 1964 1964 1963 1963 1966 1966 2021 2021 2015 2015 2021 2021 1966 1966 2021 2021 2015 2015 2022 2022 2016 2016 2022 2022 2015 2015 2022 2022 2016 2016 2023 2023 2017 2017 2023 2023 2016 2016 2023 2023 2017 2017 2024 2024 2018 2018 2024 2024 2017 2017 2024 2024 2018 2018 2025 2025 2019 2019 2025 2025 2018 2018 2025 2025 2019 2019 2026 2026 2020 2020 2026 2026 2019 2019 2027 2027 1961 1961 2028 2028 1963 1963 2028 2028 1961 1961 2028 2028 1963 1963 2029 2029 2021 2021 2029 2029 1963 1963 2029 2029 2021 2021 2030 2030 2022 2022 2030 2030 2021 2021 2030 2030 2022 2022 2031 2031 2023 2023 2031 2031 2022 2022 2031 2031 2023 2023 2032 2032 2024 2024 2032 2032 2023 2023 2032 2032 2024 2024 2033 2033 2025 2025 2033 2033 2024 2024 2033 2033 2025 2025 2034 2034 2026 2026 2034 2034 2025 2025 2034 2034 2035 2035 2033 2033 2036 2036 2033 2033 2035 2035 2033 2033 2036 2036 2032 2032 2037 2037 2032 2032 2036 2036 2032 2032 2037 2037 2031 2031 2038 2038 2031 2031 2037 2037 2031 2031 2038 2038 2030 2030 2039 2039 2030 2030 2038 2038 2030 2030 2039 2039 2029 2029 2040 2040 2029 2029 2039 2039 2029 2029 2040 2040 2028 2028 2041 2041 2028 2028 2040 2040 2028 2028 2041 2041 2027 2027 2042 2042 2027 2027 2041 2041 2035 2035 1986 1986 2036 2036 1988 1988 2036 2036 1986 1986 2036 2036 1988 1988 2037 2037 1990 1990 2037 2037 1988 1988 2037 2037 1990 1990 2038 2038 1992 1992 2038 2038 1990 1990 2038 2038 1992 1992 2039 2039 1994 1994 2039 2039 1992 1992 2039 2039 1994 1994 2040 2040 1996 1996 2040 2040 1994 1994 2040 2040 1996 1996 2041 2041 1998 1998 2041 2041 1996 1996 2041 2041 1998 1998 2042 2042 2043 2043 2042 2042 1998 1998 1960 1960 1959 1959 1998 1998 2044 2044 1998 1998 1959 1959 1998 1998 2044 2044 2043 2043 1987 1987 2045 2045 1989 1989 2046 2046 1989 1989 2045 2045 1989 1989 2046 2046 1991 1991 2047 2047 1991 1991 2046 2046 1991 1991 2047 2047 1993 1993 2048 2048 1993 1993 2047 2047 1993 1993 2048 2048 1995 1995 2049 2049 1995 1995 2048 2048 1995 1995 2049 2049 1997 1997 2050 2050 1997 1997 2049 2049 1997 1997 2050 2050 1960 1960 1957 1957 1960 1960 2050 2050 1960 1960 1957 1957 1958 1958 1956 1956 1958 1958 1957 1957 1953 1953 1955 1955 1954 1954 1957 1957 1954 1954 1955 1955 1954 1954 1957 1957 2051 2051 2050 2050 2051 2051 1957 1957 2051 2051 2050 2050 2052 2052 2049 2049 2052 2052 2050 2050 2052 2052 2049 2049 2053 2053 2048 2048 2053 2053 2049 2049 2053 2053 2048 2048 2054 2054 2047 2047 2054 2054 2048 2048 2054 2054 2047 2047 2055 2055 2046 2046 2055 2055 2047 2047 2055 2055 2046 2046 2056 2056 2045 2045 2056 2056 2046 2046 1950 1950 1952 1952 1951 1951 1954 1954 1951 1951 1952 1952 1951 1951 1954 1954 2057 2057 2051 2051 2057 2057 1954 1954 2057 2057 2051 2051 2058 2058 2052 2052 2058 2058 2051 2051 2058 2058 2052 2052 2059 2059 2053 2053 2059 2059 2052 2052 2059 2059 2053 2053 2060 2060 2054 2054 2060 2060 2053 2053 2060 2060 2054 2054 2061 2061 2055 2055 2061 2061 2054 2054 2061 2061 2055 2055 2062 2062 2056 2056 2062 2062 2055 2055 2063 2063 1949 1949 2064 2064 1951 1951 2064 2064 1949 1949 2064 2064 1951 1951 2065 2065 2057 2057 2065 2065 1951 1951 2065 2065 2057 2057 2066 2066 2058 2058 2066 2066 2057 2057 2066 2066 2058 2058 2067 2067 2059 2059 2067 2067 2058 2058 2067 2067 2059 2059 2068 2068 2060 2060 2068 2068 2059 2059 2068 2068 2060 2060 2069 2069 2061 2061 2069 2069 2060 2060 2069 2069 2061 2061 2070 2070 2062 2062 2070 2070 2061 2061 2070 2070 2071 2071 2069 2069 2072 2072 2069 2069 2071 2071 2069 2069 2072 2072 2068 2068 2073 2073 2068 2068 2072 2072 2068 2068 2073 2073 2067 2067 2074 2074 2067 2067 2073 2073 2067 2067 2074 2074 2066 2066 2075 2075 2066 2066 2074 2074 2066 2066 2075 2075 2065 2065 2076 2076 2065 2065 2075 2075 2065 2065 2076 2076 2064 2064 2077 2077 2064 2064 2076 2076 2064 2064 2077 2077 2063 2063 2078 2078 2063 2063 2077 2077 2079 2079 2080 2080 2081 2081 2082 2082 2081 2081 2080 2080 2081 2081 2082 2082 2083 2083 2084 2084 2083 2083 2082 2082 2083 2083 2084 2084 2085 2085 2086 2086 2085 2085 2084 2084 2085 2085 2086 2086 2087 2087 2088 2088 2087 2087 2086 2086 2087 2087 2088 2088 2089 2089 2090 2090 2089 2089 2088 2088 2089 2089 2090 2090 2091 2091 2092 2092 2091 2091 2090 2090 2091 2091 2092 2092 2093 2093 2094 2094 2093 2093 2092 2092 2093 2093 2094 2094 2095 2095 2096 2096 2095 2095 2094 2094 2095 2095 2096 2096 2097 2097 2098 2098 2097 2097 2096 2096 2097 2097 2098 2098 2099 2099 2100 2100 2099 2099 2098 2098 2099 2099 2100 2100 2101 2101 2102 2102 2101 2101 2100 2100 2101 2101 2102 2102 2103 2103 2104 2104 2103 2103 2102 2102 2105 2105 2106 2106 2107 2107 2108 2108 2107 2107 2106 2106 2109 2109 2110 2110 2111 2111 2112 2112 2111 2111 2110 2110 2113 2113 2114 2114 2115 2115 2116 2116 2115 2115 2114 2114 2117 2117 2118 2118 2119 2119 2120 2120 2119 2119 2118 2118 2121 2121 2122 2122 2123 2123 2124 2124 2123 2123 2122 2122 2123 2123 2124 2124 2125 2125 2126 2126 2127 2127 2128 2128 2129 2129 2128 2128 2127 2127 2130 2130 2131 2131 2132 2132 2133 2133 2132 2132 2131 2131 2132 2132 2133 2133 2134 2134 2135 2135 2136 2136 2137 2137 2138 2138 2139 2139 2140 2140 2141 2141 2142 2142 2143 2143 2144 2144 2145 2145 2146 2146 2147 2147 2148 2148 2149 2149 2150 2150 2151 2151 2152 2152 2153 2153 2154 2154 2155 2155 2156 2156 2157 2157 2158 2158 467 467 465 465 2159 2159 2160 2160 2159 2159 465 465 2159 2159 2160 2160 2161 2161 2162 2162 2161 2161 2160 2160 2161 2161 2162 2162 2163 2163 2164 2164 2163 2163 2162 2162 2163 2163 2164 2164 2165 2165 2166 2166 2165 2165 2164 2164 2165 2165 2166 2166 2167 2167 2168 2168 2167 2167 2166 2166 2167 2167 2168 2168 2169 2169 2158 2158 2169 2169 2168 2168 439 439 437 437 2170 2170 2171 2171 2170 2170 437 437 2170 2170 2171 2171 2172 2172 2173 2173 2172 2172 2171 2171 2172 2172 2173 2173 2174 2174 2175 2175 2174 2174 2173 2173 2174 2174 2175 2175 2176 2176 2177 2177 2176 2176 2175 2175 2176 2176 2177 2177 2178 2178 2179 2179 2178 2178 2177 2177 2178 2178 2179 2179 2180 2180 2146 2146 2180 2180 2179 2179 469 469 467 467 814 814 2159 2159 814 814 467 467 814 814 2159 2159 815 815 2161 2161 815 815 2159 2159 815 815 2161 2161 816 816 2163 2163 816 816 2161 2161 816 816 2163 2163 817 817 2165 2165 817 817 2163 2163 817 817 2165 2165 818 818 2167 2167 818 818 2165 2165 818 818 2167 2167 819 819 2169 2169 819 819 2167 2167 819 819 2169 2169 277 277 2181 2181 277 277 2169 2169 2158 2158 2157 2157 2169 2169 2182 2182 2169 2169 2157 2157 2169 2169 2182 2182 2181 2181 465 465 463 463 2160 2160 2183 2183 2160 2160 463 463 2160 2160 2183 2183 2162 2162 2184 2184 2162 2162 2183 2183 2162 2162 2184 2184 2164 2164 2185 2185 2164 2164 2184 2184 2164 2164 2185 2185 2166 2166 2186 2186 2166 2166 2185 2185 2166 2166 2186 2186 2168 2168 2187 2187 2168 2168 2186 2186 2168 2168 2187 2187 2158 2158 2155 2155 2158 2158 2187 2187 2158 2158 2155 2155 2156 2156 2154 2154 2156 2156 2155 2155 2151 2151 2153 2153 2152 2152 2155 2155 2152 2152 2153 2153 2152 2152 2155 2155 2188 2188 2187 2187 2188 2188 2155 2155 2188 2188 2187 2187 2189 2189 2186 2186 2189 2189 2187 2187 2189 2189 2186 2186 2190 2190 2185 2185 2190 2190 2186 2186 2190 2190 2185 2185 2191 2191 2184 2184 2191 2191 2185 2185 2191 2191 2184 2184 2192 2192 2183 2183 2192 2192 2184 2184 2192 2192 2183 2183 462 462 463 463 462 462 2183 2183 2148 2148 2150 2150 2149 2149 2152 2152 2149 2149 2150 2150 2149 2149 2152 2152 2193 2193 2188 2188 2193 2193 2152 2152 2193 2193 2188 2188 2194 2194 2189 2189 2194 2194 2188 2188 2194 2194 2189 2189 2195 2195 2190 2190 2195 2195 2189 2189 2195 2195 2190 2190 2196 2196 2191 2191 2196 2196 2190 2190 2196 2196 2191 2191 2197 2197 2192 2192 2197 2197 2191 2191 2197 2197 2192 2192 445 445 462 462 445 445 2192 2192 2198 2198 2147 2147 2199 2199 2149 2149 2199 2199 2147 2147 2199 2199 2149 2149 2200 2200 2193 2193 2200 2200 2149 2149 2200 2200 2193 2193 2201 2201 2194 2194 2201 2201 2193 2193 2201 2201 2194 2194 2202 2202 2195 2195 2202 2202 2194 2194 2202 2202 2195 2195 2203 2203 2196 2196 2203 2203 2195 2195 2203 2203 2196 2196 2204 2204 2197 2197 2204 2204 2196 2196 2204 2204 2197 2197 443 443 445 445 443 443 2197 2197 443 443 441 441 2204 2204 2205 2205 2204 2204 441 441 2204 2204 2205 2205 2203 2203 2206 2206 2203 2203 2205 2205 2203 2203 2206 2206 2202 2202 2207 2207 2202 2202 2206 2206 2202 2202 2207 2207 2201 2201 2208 2208 2201 2201 2207 2207 2201 2201 2208 2208 2200 2200 2209 2209 2200 2200 2208 2208 2200 2200 2209 2209 2199 2199 2210 2210 2199 2199 2209 2209 2199 2199 2210 2210 2198 2198 2211 2211 2198 2198 2210 2210 441 441 439 439 2205 2205 2170 2170 2205 2205 439 439 2205 2205 2170 2170 2206 2206 2172 2172 2206 2206 2170 2170 2206 2206 2172 2172 2207 2207 2174 2174 2207 2207 2172 2172 2207 2207 2174 2174 2208 2208 2176 2176 2208 2208 2174 2174 2208 2208 2176 2176 2209 2209 2178 2178 2209 2209 2176 2176 2209 2209 2178 2178 2210 2210 2180 2180 2210 2210 2178 2178 2210 2210 2180 2180 2211 2211 2212 2212 2211 2211 2180 2180 2146 2146 2145 2145 2180 2180 2213 2213 2180 2180 2145 2145 2180 2180 2213 2213 2212 2212 437 437 435 435 2171 2171 2214 2214 2171 2171 435 435 2171 2171 2214 2214 2173 2173 2215 2215 2173 2173 2214 2214 2173 2173 2215 2215 2175 2175 2216 2216 2175 2175 2215 2215 2175 2175 2216 2216 2177 2177 2217 2217 2177 2177 2216 2216 2177 2177 2217 2217 2179 2179 2218 2218 2179 2179 2217 2217 2179 2179 2218 2218 2146 2146 2143 2143 2146 2146 2218 2218 2146 2146 2143 2143 2144 2144 2142 2142 2144 2144 2143 2143 2139 2139 2141 2141 2140 2140 2143 2143 2140 2140 2141 2141 2140 2140 2143 2143 2219 2219 2218 2218 2219 2219 2143 2143 2219 2219 2218 2218 2220 2220 2217 2217 2220 2220 2218 2218 2220 2220 2217 2217 2221 2221 2216 2216 2221 2221 2217 2217 2221 2221 2216 2216 2222 2222 2215 2215 2222 2222 2216 2216 2222 2222 2215 2215 2223 2223 2214 2214 2223 2223 2215 2215 2223 2223 2214 2214 485 485 435 435 485 485 2214 2214 2136 2136 2138 2138 2137 2137 2140 2140 2137 2137 2138 2138 2137 2137 2140 2140 2224 2224 2219 2219 2224 2224 2140 2140 2224 2224 2219 2219 2225 2225 2220 2220 2225 2225 2219 2219 2225 2225 2220 2220 2226 2226 2221 2221 2226 2226 2220 2220 2226 2226 2221 2221 2227 2227 2222 2222 2227 2227 2221 2221 2227 2227 2222 2222 2228 2228 2223 2223 2228 2228 2222 2222 2228 2228 2223 2223 484 484 485 485 484 484 2223 2223 2229 2229 2135 2135 2230 2230 2137 2137 2230 2230 2135 2135 2230 2230 2137 2137 2231 2231 2224 2224 2231 2231 2137 2137 2231 2231 2224 2224 2232 2232 2225 2225 2232 2232 2224 2224 2232 2232 2225 2225 2233 2233 2226 2226 2233 2233 2225 2225 2233 2233 2226 2226 2234 2234 2227 2227 2234 2234 2226 2226 2234 2234 2227 2227 2235 2235 2228 2228 2235 2235 2227 2227 2235 2235 2228 2228 482 482 484 484 482 482 2228 2228 482 482 480 480 2235 2235 759 759 2235 2235 480 480 2235 2235 759 759 2234 2234 760 760 2234 2234 759 759 2234 2234 760 760 2233 2233 761 761 2233 2233 760 760 2233 2233 761 761 2232 2232 762 762 2232 2232 761 761 2232 2232 762 762 2231 2231 763 763 2231 2231 762 762 2231 2231 763 763 2230 2230 764 764 2230 2230 763 763 2230 2230 764 764 2229 2229 241 241 2229 2229 764 764 2236 2236 2237 2237 2238 2238 2239 2239 2238 2238 2237 2237 2240 2240 2241 2241 2242 2242 2243 2243 2242 2242 2241 2241 2242 2242 2243 2243 2244 2244 2245 2245 2244 2244 2243 2243 2244 2244 2245 2245 2246 2246 2245 2245 2247 2247 2246 2246 2248 2248 2246 2246 2247 2247 2246 2246 2248 2248 2249 2249 2250 2250 2249 2249 2248 2248 2249 2249 2250 2250 2251 2251 2252 2252 2251 2251 2250 2250 2251 2251 2252 2252 2240 2240 2253 2253 2240 2240 2252 2252 2240 2240 2253 2253 2241 2241 2254 2254 2255 2255 2256 2256 2257 2257 2256 2256 2255 2255 2256 2256 2257 2257 2258 2258 2259 2259 2260 2260 2261 2261 2262 2262 2263 2263 2264 2264 2265 2265 2264 2264 2263 2263 2264 2264 2265 2265 2266 2266 2267 2267 2268 2268 2269 2269 2270 2270 2269 2269 2268 2268 2269 2269 2270 2270 2261 2261 2271 2271 2261 2261 2270 2270 2261 2261 2271 2271 2259 2259 2272 2272 2273 2273 2274 2274 2275 2275 2274 2274 2273 2273 2275 2275 2276 2276 2274 2274 2277 2277 2274 2274 2276 2276 2274 2274 2277 2277 2278 2278 2260 2260 2279 2279 2261 2261 2274 2274 2261 2261 2279 2279 2261 2261 2274 2274 2280 2280 2278 2278 2280 2280 2274 2274 2281 2281 2263 2263 2269 2269 2282 2282 2269 2269 2263 2263 2269 2269 2282 2282 2283 2283 2281 2281 2284 2284 2263 2263 2285 2285 2263 2263 2284 2284 2263 2263 2285 2285 2286 2286 2283 2283 2287 2287 2269 2269 2288 2288 2269 2269 2287 2287 2269 2269 2288 2288 2267 2267 2265 2265 2289 2289 2290 2290 2290 2290 2291 2291 2265 2265 2292 2292 2265 2265 2291 2291 2265 2265 2292 2292 2256 2256 2292 2292 2293 2293 2256 2256 2294 2294 2256 2256 2293 2293 2256 2256 2294 2294 2295 2295 2286 2286 2296 2296 2263 2263 2297 2297 2263 2263 2296 2296 2263 2263 2297 2297 2298 2298 2299 2299 2254 2254 2300 2300 2256 2256 2300 2300 2254 2254 2300 2300 2256 2256 2301 2301 2295 2295 2301 2301 2256 2256 2299 2299 2302 2302 2254 2254 2303 2303 2254 2254 2302 2302 2254 2254 2303 2303 2304 2304 2305 2305 2304 2304 2303 2303 2304 2304 2305 2305 2306 2306 2298 2298 2307 2307 2263 2263 2308 2308 2263 2263 2307 2307 2263 2263 2308 2308 2265 2265 2309 2309 2265 2265 2308 2308 2265 2265 2309 2309 2289 2289 2310 2310 2311 2311 2306 2306 2312 2312 2306 2306 2311 2311 2306 2306 2312 2312 2304 2304 2313 2313 2314 2314 2315 2315 2316 2316 2315 2315 2314 2314 2315 2315 2316 2316 2317 2317 2318 2318 2317 2317 2316 2316 2319 2319 2320 2320 2321 2321 2322 2322 2323 2323 2324 2324 2325 2325 2324 2324 2323 2323 2324 2324 2325 2325 2326 2326 2327 2327 2326 2326 2325 2325 2326 2326 2327 2327 2328 2328 2329 2329 2328 2328 2327 2327 2328 2328 2329 2329 2330 2330 2331 2331 2330 2330 2329 2329 2330 2330 2331 2331 2332 2332 2333 2333 2332 2332 2331 2331 2332 2332 2333 2333 2334 2334 2335 2335 2334 2334 2333 2333 2334 2334 2335 2335 2336 2336 2337 2337 2336 2336 2335 2335 2336 2336 2337 2337 2338 2338 2339 2339 2338 2338 2337 2337 2338 2338 2339 2339 2340 2340 2341 2341 2340 2340 2339 2339 2340 2340 2341 2341 2342 2342 2343 2343 2342 2342 2341 2341 2342 2342 2343 2343 2344 2344 2345 2345 2344 2344 2343 2343 2344 2344 2345 2345 2346 2346 2347 2347 2346 2346 2345 2345 2348 2348 2349 2349 2350 2350 2351 2351 2350 2350 2349 2349 2352 2352 2353 2353 2354 2354 2355 2355 2356 2356 2357 2357 2358 2358 2357 2357 2356 2356 2357 2357 2358 2358 2359 2359 2360 2360 2359 2359 2358 2358 2359 2359 2360 2360 2361 2361 2362 2362 2361 2361 2360 2360 2361 2361 2362 2362 2363 2363 2364 2364 2363 2363 2362 2362 2365 2365 2366 2366 2367 2367 2368 2368 2369 2369 2370 2370 2368 2368 2370 2370 2371 2371 2367 2367 2372 2372 2365 2365 2373 2373 2365 2365 2372 2372 2365 2365 2373 2373 2374 2374 2375 2375 2374 2374 2373 2373 2374 2374 2375 2375 2376 2376 2377 2377 2376 2376 2375 2375 2376 2376 2377 2377 2370 2370 2378 2378 2370 2370 2377 2377 2370 2370 2378 2378 2371 2371 2379 2379 2380 2380 2381 2381 2382 2382 2383 2383 2384 2384 2385 2385 2386 2386 2387 2387 2387 2387 2388 2388 2385 2385 2389 2389 2385 2385 2388 2388 2385 2385 2389 2389 2390 2390 2391 2391 2390 2390 2389 2389 2390 2390 2391 2391 2392 2392 2379 2379 2381 2381 2393 2393 2384 2384 2383 2383 2385 2385 2394 2394 2385 2385 2383 2383 2385 2385 2394 2394 2386 2386 2392 2392 2395 2395 2390 2390 2396 2396 2390 2390 2395 2395 2390 2390 2396 2396 2379 2379 2397 2397 2379 2379 2396 2396 2379 2379 2397 2397 2380 2380 2381 2381 2398 2398 2393 2393 2399 2399 2393 2393 2398 2398 2393 2393 2399 2399 2400 2400 2400 2400 2401 2401 2393 2393 2402 2402 2393 2393 2401 2401 2393 2393 2402 2402 2403 2403 2404 2404 2403 2403 2402 2402 2403 2403 2404 2404 2405 2405 2405 2405 2406 2406 2403 2403 2407 2407 2403 2403 2406 2406 2403 2403 2407 2407 2384 2384 2408 2408 2384 2384 2407 2407 2384 2384 2408 2408 2382 2382 2409 2409 2410 2410 2411 2411 2412 2412 2411 2411 2410 2410 2411 2411 2412 2412 2413 2413 2414 2414 2413 2413 2412 2412 2413 2413 2414 2414 2415 2415 2416 2416 2415 2415 2414 2414 2415 2415 2416 2416 2417 2417 2418 2418 2417 2417 2416 2416 2417 2417 2418 2418 2419 2419 2420 2420 2419 2419 2418 2418 2419 2419 2420 2420 2421 2421 2422 2422 2421 2421 2420 2420 2421 2421 2422 2422 2423 2423 2424 2424 2423 2423 2422 2422 2423 2423 2424 2424 2425 2425 2426 2426 2425 2425 2424 2424 2425 2425 2426 2426 2427 2427 2428 2428 2427 2427 2426 2426 2427 2427 2428 2428 2429 2429 2430 2430 2429 2429 2428 2428 2429 2429 2430 2430 2431 2431 2432 2432 2431 2431 2430 2430 2431 2431 2432 2432 2433 2433 2434 2434 2433 2433 2432 2432 2435 2435 2436 2436 2437 2437 2437 2437 2438 2438 2435 2435 2439 2439 2435 2435 2438 2438 2435 2435 2439 2439 2440 2440 2441 2441 2440 2440 2439 2439 2441 2441 2442 2442 2440 2440 2443 2443 2440 2440 2442 2442 2440 2440 2443 2443 2444 2444 2445 2445 2444 2444 2443 2443 2444 2444 2445 2445 2446 2446 2447 2447 2446 2446 2445 2445 2446 2446 2447 2447 2448 2448 2447 2447 2449 2449 2448 2448 2450 2450 2448 2448 2449 2449 2448 2448 2450 2450 2451 2451 2450 2450 2452 2452 2451 2451 2453 2453 2451 2451 2452 2452 2451 2451 2453 2453 2454 2454 2455 2455 2454 2454 2453 2453 2454 2454 2455 2455 2456 2456 2455 2455 2457 2457 2456 2456 2458 2458 2456 2456 2457 2457 2456 2456 2458 2458 2459 2459 2460 2460 2459 2459 2458 2458 2460 2460 2461 2461 2459 2459 2462 2462 2459 2459 2461 2461 2459 2459 2462 2462 2463 2463 2462 2462 2464 2464 2463 2463 2465 2465 2463 2463 2464 2464 2463 2463 2465 2465 2466 2466 2465 2465 2467 2467 2466 2466 2468 2468 2466 2466 2467 2467 2466 2466 2468 2468 2469 2469 2470 2470 2471 2471 2472 2472 2469 2469 2472 2472 2471 2471 2472 2472 2469 2469 2473 2473 2468 2468 2473 2473 2469 2469 2474 2474 2475 2475 2476 2476 2477 2477 2476 2476 2475 2475 2476 2476 2477 2477 2478 2478 2479 2479 2478 2478 2477 2477 2478 2478 2479 2479 2480 2480 2481 2481 2480 2480 2479 2479 2480 2480 2481 2481 2482 2482 2483 2483 2482 2482 2481 2481 2482 2482 2483 2483 2484 2484 2485 2485 2484 2484 2483 2483 2484 2484 2485 2485 2486 2486 2487 2487 2486 2486 2485 2485 2486 2486 2487 2487 2488 2488 2489 2489 2488 2488 2487 2487 2488 2488 2489 2489 2490 2490 2491 2491 2490 2490 2489 2489 2490 2490 2491 2491 2492 2492 2493 2493 2492 2492 2491 2491 2492 2492 2493 2493 2494 2494 2495 2495 2494 2494 2493 2493 2494 2494 2495 2495 2496 2496 2497 2497 2496 2496 2495 2495 2496 2496 2497 2497 2498 2498 2499 2499 2498 2498 2497 2497 2500 2500 2501 2501 2502 2502 2503 2503 2502 2502 2501 2501 2502 2502 2503 2503 2504 2504 2505 2505 2504 2504 2503 2503 2504 2504 2505 2505 2506 2506 2507 2507 2506 2506 2505 2505 2506 2506 2507 2507 2508 2508 2509 2509 2508 2508 2507 2507 2508 2508 2509 2509 2510 2510 2511 2511 2510 2510 2509 2509 2510 2510 2511 2511 2512 2512 2513 2513 2512 2512 2511 2511 2512 2512 2513 2513 2514 2514 2515 2515 2516 2516 2517 2517 2518 2518 2519 2519 2520 2520 2521 2521 2522 2522 2523 2523 2524 2524 2525 2525 2526 2526 2527 2527 2528 2528 2529 2529 2530 2530 2531 2531 2532 2532 2533 2533 2534 2534 2535 2535 2536 2536 2537 2537 2538 2538 2539 2539 2540 2540 2541 2541 552 552 550 550 2542 2542 2543 2543 2542 2542 550 550 2542 2542 2543 2543 2544 2544 2545 2545 2544 2544 2543 2543 2544 2544 2545 2545 2546 2546 2547 2547 2546 2546 2545 2545 2546 2546 2547 2547 2548 2548 554 554 552 552 2549 2549 2542 2542 2549 2549 552 552 2549 2549 2542 2542 2550 2550 2544 2544 2550 2550 2542 2542 2550 2550 2544 2544 2551 2551 2546 2546 2551 2551 2544 2544 2551 2551 2546 2546 2552 2552 2548 2548 2552 2552 2546 2546 2552 2552 2548 2548 2553 2553 556 556 554 554 2554 2554 2549 2549 2554 2554 554 554 2554 2554 2549 2549 2555 2555 2550 2550 2555 2555 2549 2549 2555 2555 2550 2550 2556 2556 2551 2551 2556 2556 2550 2550 2556 2556 2551 2551 2557 2557 2552 2552 2557 2557 2551 2551 2557 2557 2552 2552 2558 2558 2553 2553 2558 2558 2552 2552 2558 2558 2553 2553 2541 2541 2559 2559 2560 2560 2561 2561 178 178 556 556 179 179 2554 2554 179 179 556 556 179 179 2554 2554 180 180 2555 2555 180 180 2554 2554 180 180 2555 2555 181 181 2556 2556 181 181 2555 2555 181 181 2556 2556 182 182 2557 2557 182 182 2556 2556 182 182 2557 2557 183 183 2558 2558 183 183 2557 2557 183 183 2558 2558 184 184 2541 2541 184 184 2558 2558 184 184 2541 2541 185 185 2540 2540 185 185 2541 2541 2547 2547 2562 2562 2548 2548 2563 2563 2548 2548 2562 2562 2548 2548 2563 2563 2553 2553 2538 2538 2553 2553 2563 2563 2553 2553 2538 2538 2541 2541 2537 2537 2541 2541 2538 2538 2541 2541 2537 2537 2539 2539 2562 2562 2559 2559 2563 2563 2561 2561 2563 2563 2559 2559 2563 2563 2561 2561 2538 2538 2564 2564 2538 2538 2561 2561 2538 2538 2564 2564 2536 2536 2565 2565 2566 2566 2567 2567 2560 2560 2567 2567 2566 2566 2567 2567 2560 2560 2568 2568 2559 2559 2568 2568 2560 2560 2568 2568 2559 2559 2569 2569 2562 2562 2569 2569 2559 2559 2569 2569 2562 2562 2570 2570 2547 2547 2570 2570 2562 2562 2570 2570 2547 2547 2571 2571 2545 2545 2571 2571 2547 2547 2571 2571 2545 2545 2572 2572 2543 2543 2572 2572 2545 2545 2572 2572 2543 2543 549 549 550 550 549 549 2543 2543 2566 2566 2573 2573 2560 2560 2574 2574 2560 2560 2573 2573 2560 2560 2574 2574 2561 2561 2575 2575 2561 2561 2574 2574 2561 2561 2575 2575 2564 2564 549 549 547 547 2572 2572 2576 2576 2572 2572 547 547 2572 2572 2576 2576 2571 2571 2577 2577 2571 2571 2576 2576 2571 2571 2577 2577 2570 2570 2578 2578 2570 2570 2577 2577 2570 2570 2578 2578 2569 2569 2579 2579 2569 2569 2578 2578 2569 2569 2579 2579 2568 2568 2580 2580 2568 2568 2579 2579 2568 2568 2580 2580 2567 2567 2535 2535 2567 2567 2580 2580 2567 2567 2535 2535 2565 2565 2534 2534 2565 2565 2535 2535 547 547 545 545 2576 2576 2581 2581 2576 2576 545 545 2576 2576 2581 2581 2577 2577 2582 2582 2577 2577 2581 2581 2577 2577 2582 2582 2578 2578 2583 2583 2578 2578 2582 2582 2578 2578 2583 2583 2579 2579 2584 2584 2579 2579 2583 2583 2579 2579 2584 2584 2580 2580 2585 2585 2580 2580 2584 2584 2580 2580 2585 2585 2535 2535 2532 2532 2535 2535 2585 2585 2535 2535 2532 2532 2533 2533 2531 2531 2533 2533 2532 2532 2528 2528 2530 2530 2529 2529 2532 2532 2529 2529 2530 2530 2529 2529 2532 2532 2586 2586 2585 2585 2586 2586 2532 2532 2586 2586 2585 2585 2587 2587 2584 2584 2587 2587 2585 2585 2587 2587 2584 2584 2588 2588 2583 2583 2588 2588 2584 2584 2588 2588 2583 2583 2589 2589 2582 2582 2589 2589 2583 2583 2589 2589 2582 2582 2590 2590 2581 2581 2590 2590 2582 2582 2590 2590 2581 2581 543 543 545 545 543 543 2581 2581 2525 2525 2527 2527 2526 2526 2529 2529 2526 2526 2527 2527 2526 2526 2529 2529 2591 2591 2586 2586 2591 2591 2529 2529 2591 2591 2586 2586 2592 2592 2587 2587 2592 2592 2586 2586 2592 2592 2587 2587 2593 2593 2588 2588 2593 2593 2587 2587 2593 2593 2588 2588 2594 2594 2589 2589 2594 2594 2588 2588 2594 2594 2589 2589 2595 2595 2590 2590 2595 2595 2589 2589 2595 2595 2590 2590 541 541 543 543 541 541 2590 2590 2522 2522 2524 2524 2523 2523 2526 2526 2523 2523 2524 2524 2523 2523 2526 2526 2596 2596 2591 2591 2596 2596 2526 2526 2596 2596 2591 2591 2597 2597 2592 2592 2597 2597 2591 2591 2597 2597 2592 2592 2598 2598 2593 2593 2598 2598 2592 2592 2598 2598 2593 2593 2599 2599 2594 2594 2599 2599 2593 2593 2599 2599 2594 2594 2600 2600 2595 2595 2600 2600 2594 2594 2600 2600 2595 2595 539 539 541 541 539 539 2595 2595 2519 2519 2521 2521 2520 2520 2523 2523 2520 2520 2521 2521 2520 2520 2523 2523 2601 2601 2596 2596 2601 2601 2523 2523 2601 2601 2596 2596 2602 2602 2597 2597 2602 2602 2596 2596 2602 2602 2597 2597 2603 2603 2598 2598 2603 2603 2597 2597 2603 2603 2598 2598 2604 2604 2599 2599 2604 2604 2598 2598 2604 2604 2599 2599 2605 2605 2600 2600 2605 2605 2599 2599 2605 2605 2600 2600 569 569 539 539 569 569 2600 2600 2516 2516 2518 2518 2517 2517 2520 2520 2517 2517 2518 2518 2517 2517 2520 2520 2606 2606 2601 2601 2606 2606 2520 2520 2606 2606 2601 2601 2607 2607 2602 2602 2607 2607 2601 2601 2607 2607 2602 2602 2608 2608 2603 2603 2608 2608 2602 2602 2608 2608 2603 2603 2609 2609 2604 2604 2609 2609 2603 2603 2609 2609 2604 2604 2610 2610 2605 2605 2610 2610 2604 2604 2610 2610 2605 2605 568 568 569 569 568 568 2605 2605 2611 2611 2515 2515 2612 2612 2517 2517 2612 2612 2515 2515 2612 2612 2517 2517 2613 2613 2606 2606 2613 2613 2517 2517 2613 2613 2606 2606 2614 2614 2607 2607 2614 2614 2606 2606 2614 2614 2607 2607 2615 2615 2608 2608 2615 2615 2607 2607 2615 2615 2608 2608 2616 2616 2609 2609 2616 2616 2608 2608 2616 2616 2609 2609 2617 2617 2610 2610 2617 2617 2609 2609 2617 2617 2610 2610 566 566 568 568 566 566 2610 2610 566 566 106 106 2617 2617 107 107 2617 2617 106 106 2617 2617 107 107 2616 2616 108 108 2616 2616 107 107 2616 2616 108 108 2615 2615 109 109 2615 2615 108 108 2615 2615 109 109 2614 2614 110 110 2614 2614 109 109 2614 2614 110 110 2613 2613 111 111 2613 2613 110 110 2613 2613 111 111 2612 2612 112 112 2612 2612 111 111 2612 2612 112 112 2611 2611 113 113 2611 2611 112 112 2618 2618 2619 2619 2620 2620 2621 2621 2620 2620 2619 2619 2622 2622 185 185 2540 2540 2622 2622 2540 2540 2623 2623 2539 2539 2623 2623 2540 2540 2623 2623 2539 2539 2624 2624 2539 2539 2537 2537 2624 2624 2536 2536 2624 2624 2537 2537 2624 2624 2536 2536 2625 2625 2536 2536 2564 2564 2625 2625 2575 2575 2625 2625 2564 2564 2625 2625 2575 2575 2626 2626 2574 2574 2626 2626 2575 2575 2574 2574 2573 2573 2626 2626 2566 2566 2626 2626 2573 2573 2626 2626 2566 2566 2627 2627 2566 2566 2565 2565 2627 2627 2534 2534 2627 2627 2565 2565 2627 2627 2534 2534 2628 2628 2534 2534 2533 2533 2628 2628 2531 2531 2628 2628 2533 2533 2628 2628 2531 2531 2629 2629 2531 2531 2530 2530 2629 2629 2528 2528 2629 2629 2530 2530 2629 2629 2528 2528 2630 2630 2528 2528 2527 2527 2630 2630 2525 2525 2630 2630 2527 2527 2630 2630 2525 2525 2631 2631 2524 2524 2631 2631 2525 2525 2631 2631 2524 2524 2632 2632 2522 2522 2632 2632 2524 2524 2632 2632 2522 2522 2633 2633 2522 2522 2521 2521 2633 2633 2519 2519 2633 2633 2521 2521 2633 2633 2519 2519 2634 2634 2519 2519 2518 2518 2634 2634 2516 2516 2634 2634 2518 2518 2634 2634 2516 2516 2635 2635 113 113 2636 2636 2611 2611 2635 2635 2611 2611 2636 2636 2611 2611 2635 2635 2515 2515 2516 2516 2515 2515 2635 2635 2637 2637 2638 2638 2639 2639 2640 2640 2639 2639 2638 2638 2641 2641 2642 2642 2643 2643 2644 2644 2643 2643 2642 2642 2645 2645 2646 2646 2647 2647 2648 2648 2647 2647 2646 2646 2647 2647 2648 2648 2649 2649 2650 2650 2649 2649 2648 2648 2649 2649 2650 2650 2651 2651 2652 2652 2651 2651 2650 2650 2651 2651 2652 2652 2653 2653 2654 2654 2653 2653 2652 2652 2653 2653 2654 2654 2655 2655 2656 2656 2655 2655 2654 2654 2655 2655 2656 2656 2657 2657 2658 2658 2657 2657 2656 2656 2657 2657 2658 2658 2659 2659 2660 2660 2661 2661 2662 2662 2663 2663 2662 2662 2661 2661 2664 2664 2665 2665 2666 2666 2667 2667 2666 2666 2665 2665 2666 2666 2667 2667 2668 2668 2669 2669 2670 2670 2671 2671 2672 2672 2671 2671 2670 2670 2673 2673 2674 2674 2675 2675 2676 2676 2677 2677 2678 2678 2679 2679 2678 2678 2677 2677 2678 2678 2679 2679 2680 2680 2672 2672 2681 2681 2671 2671 2682 2682 2671 2671 2681 2681 2671 2671 2682 2682 2683 2683 2684 2684 2685 2685 2669 2669 2674 2674 2686 2686 2675 2675 2687 2687 2675 2675 2686 2686 2675 2675 2687 2687 2688 2688 2685 2685 2689 2689 2669 2669 2690 2690 2669 2669 2689 2689 2669 2669 2690 2690 2670 2670 2664 2664 2691 2691 2692 2692 2692 2692 2693 2693 2664 2664 2694 2694 2664 2664 2693 2693 2664 2664 2694 2694 2695 2695 2671 2671 2695 2695 2694 2694 2673 2673 2675 2675 2669 2669 2696 2696 2669 2669 2675 2675 2669 2669 2696 2696 2684 2684 2697 2697 2666 2666 2698 2698 2699 2699 2698 2698 2666 2666 2683 2683 2700 2700 2671 2671 2701 2701 2671 2671 2700 2700 2671 2671 2701 2701 2695 2695 2702 2702 2677 2677 2703 2703 2704 2704 2703 2703 2677 2677 2703 2703 2704 2704 2705 2705 2702 2702 2706 2706 2677 2677 2707 2707 2677 2677 2706 2706 2677 2677 2707 2707 2679 2679 2708 2708 2679 2679 2707 2707 2679 2679 2708 2708 2709 2709 2709 2709 2710 2710 2679 2679 2711 2711 2679 2679 2710 2710 2679 2679 2711 2711 2666 2666 2712 2712 2666 2666 2711 2711 2666 2666 2712 2712 2699 2699 2713 2713 2714 2714 2664 2664 2715 2715 2664 2664 2714 2714 2664 2664 2715 2715 2691 2691 2716 2716 2717 2717 2718 2718 2697 2697 2719 2719 2666 2666 2720 2720 2666 2666 2719 2719 2666 2666 2720 2720 2664 2664 2721 2721 2664 2664 2720 2720 2664 2664 2721 2721 2713 2713 2705 2705 2704 2704 2718 2718 2722 2722 2718 2718 2704 2704 2718 2718 2722 2722 2716 2716 2723 2723 2724 2724 2725 2725 2726 2726 2725 2725 2724 2724 2727 2727 2728 2728 2729 2729 2730 2730 2731 2731 2732 2732 2730 2730 2732 2732 2733 2733 2734 2734 2733 2733 2732 2732 2733 2733 2734 2734 2735 2735 2736 2736 2735 2735 2734 2734 2735 2735 2736 2736 2737 2737 2738 2738 2737 2737 2736 2736 2737 2737 2738 2738 2739 2739 2740 2740 2739 2739 2738 2738 2739 2739 2740 2740 2741 2741 2742 2742 2741 2741 2740 2740 2741 2741 2742 2742 2743 2743 2744 2744 2745 2745 2746 2746 2746 2746 2747 2747 2744 2744 2748 2748 2744 2744 2747 2747 2744 2744 2748 2748 2749 2749 2750 2750 2749 2749 2748 2748 2749 2749 2750 2750 2751 2751 2752 2752 2753 2753 2754 2754 2755 2755 2754 2754 2753 2753 2754 2754 2755 2755 2756 2756 2757 2757 2756 2756 2755 2755 2756 2756 2757 2757 2758 2758 2759 2759 2758 2758 2757 2757 2758 2758 2759 2759 2760 2760 2761 2761 2760 2760 2759 2759 2760 2760 2761 2761 2762 2762 2763 2763 2762 2762 2761 2761 2762 2762 2763 2763 2764 2764 2765 2765 2764 2764 2763 2763 2764 2764 2765 2765 2766 2766 2767 2767 2766 2766 2765 2765 2766 2766 2767 2767 2768 2768 2769 2769 2768 2768 2767 2767 2768 2768 2769 2769 2770 2770 2771 2771 2770 2770 2769 2769 2770 2770 2771 2771 2772 2772 2773 2773 2772 2772 2771 2771 2772 2772 2773 2773 2774 2774 2775 2775 2774 2774 2773 2773 2776 2776 2777 2777 2775 2775 2778 2778 2775 2775 2777 2777 2775 2775 2778 2778 2774 2774 2779 2779 2780 2780 2781 2781 2782 2782 2781 2781 2780 2780 2781 2781 2782 2782 2783 2783 2784 2784 2785 2785 2786 2786 2787 2787 2786 2786 2785 2785 2786 2786 2787 2787 2788 2788 2789 2789 2790 2790 2788 2788 2783 2783 2788 2788 2790 2790 2788 2788 2783 2783 2786 2786 2782 2782 2786 2786 2783 2783 2791 2791 2792 2792 2793 2793 2794 2794 2793 2793 2792 2792 2795 2795 2796 2796 2797 2797 2798 2798 2797 2797 2796 2796 2799 2799 2800 2800 2801 2801 2802 2802 2801 2801 2800 2800 2801 2801 2802 2802 2803 2803 2804 2804 2803 2803 2802 2802 2803 2803 2804 2804 2805 2805 2806 2806 2805 2805 2804 2804 2805 2805 2806 2806 2807 2807 2808 2808 2807 2807 2806 2806 2807 2807 2808 2808 2809 2809 2810 2810 2809 2809 2808 2808 2809 2809 2810 2810 2811 2811 2812 2812 2811 2811 2810 2810 2811 2811 2812 2812 2813 2813 2814 2814 2813 2813 2812 2812 2813 2813 2814 2814 2815 2815 2816 2816 2815 2815 2814 2814 2815 2815 2816 2816 2817 2817 2818 2818 2817 2817 2816 2816 2817 2817 2818 2818 2819 2819 2820 2820 2819 2819 2818 2818 2819 2819 2820 2820 2821 2821 2822 2822 2821 2821 2820 2820 2821 2821 2822 2822 2823 2823 2824 2824 2823 2823 2822 2822 2823 2823 2824 2824 2825 2825 2826 2826 2825 2825 2824 2824 2825 2825 2826 2826 2827 2827 2828 2828 2827 2827 2826 2826 2827 2827 2828 2828 2829 2829 2830 2830 2829 2829 2828 2828 2829 2829 2830 2830 2831 2831 2832 2832 2831 2831 2830 2830 2831 2831 2832 2832 2833 2833 2834 2834 2833 2833 2832 2832 2833 2833 2834 2834 2835 2835 2836 2836 2835 2835 2834 2834 2835 2835 2836 2836 2837 2837 2838 2838 2837 2837 2836 2836 2837 2837 2838 2838 2839 2839 2840 2840 2839 2839 2838 2838 2839 2839 2840 2840 2841 2841 2842 2842 2841 2841 2840 2840 2841 2841 2842 2842 2843 2843 2844 2844 2843 2843 2842 2842 2843 2843 2844 2844 2845 2845 2846 2846 2845 2845 2844 2844 2845 2845 2846 2846 2799 2799 2800 2800 2799 2799 2846 2846 2847 2847 2848 2848 2849 2849 2850 2850 2849 2849 2848 2848 2851 2851 2852 2852 2853 2853 2854 2854 2853 2853 2852 2852 2853 2853 2854 2854 2855 2855 2856 2856 2855 2855 2854 2854 2855 2855 2856 2856 2857 2857 2858 2858 2857 2857 2856 2856 2498 2498 2499 2499 2859 2859 2860 2860 2859 2859 2499 2499 2859 2859 2860 2860 2861 2861 2862 2862 2861 2861 2860 2860 2861 2861 2862 2862 2863 2863 2864 2864 2863 2863 2862 2862 2863 2863 2864 2864 2865 2865 2866 2866 2865 2865 2864 2864 2865 2865 2866 2866 2867 2867 2868 2868 2867 2867 2866 2866 2867 2867 2868 2868 2869 2869 2870 2870 2869 2869 2868 2868 2869 2869 2870 2870 2871 2871 2872 2872 2871 2871 2870 2870 2871 2871 2872 2872 2873 2873 2874 2874 2873 2873 2872 2872 2873 2873 2874 2874 2875 2875 2876 2876 2875 2875 2874 2874 2875 2875 2876 2876 2877 2877 2878 2878 2877 2877 2876 2876 2877 2877 2878 2878 2879 2879 2880 2880 2879 2879 2878 2878 2879 2879 2880 2880 2474 2474 2475 2475 2474 2474 2880 2880 2881 2881 2882 2882 2006 2006 2006 2006 2007 2007 2881 2881 2008 2008 2881 2881 2007 2007 2881 2881 2008 2008 2883 2883 2008 2008 1971 1971 2883 2883 1970 1970 2883 2883 1971 1971 2883 2883 1970 1970 2884 2884 1968 1968 2884 2884 1970 1970 2884 2884 1968 1968 2885 2885 1968 1968 1967 1967 2885 2885 1965 1965 2885 2885 1967 1967 2885 2885 1965 1965 2886 2886 1965 1965 1964 1964 2886 2886 1962 1962 2886 2886 1964 1964 2886 2886 1962 1962 2887 2887 1962 1962 1961 1961 2887 2887 2027 2027 2887 2887 1961 1961 2887 2887 2027 2027 2888 2888 2042 2042 2888 2888 2027 2027 2888 2888 2042 2042 2889 2889 2042 2042 2043 2043 2889 2889 2044 2044 2889 2889 2043 2043 2889 2889 2044 2044 2890 2890 1959 1959 2890 2890 2044 2044 1959 1959 1958 1958 2890 2890 1956 1956 2890 2890 1958 1958 2890 2890 1956 1956 2891 2891 1955 1955 2891 2891 1956 1956 2891 2891 1955 1955 2892 2892 1953 1953 2892 2892 1955 1955 2892 2892 1953 1953 2893 2893 1953 1953 1952 1952 2893 2893 1950 1950 2893 2893 1952 1952 2893 2893 1950 1950 2894 2894 2078 2078 2895 2895 2063 2063 2894 2894 2063 2063 2895 2895 2063 2063 2894 2894 1949 1949 1950 1950 1949 1949 2894 2894 2896 2896 2897 2897 2898 2898 2899 2899 2898 2898 2897 2897 2898 2898 2899 2899 2900 2900 2901 2901 2900 2900 2899 2899 2900 2900 2901 2901 2902 2902 2903 2903 2902 2902 2901 2901 2902 2902 2903 2903 2904 2904 2905 2905 2904 2904 2903 2903 2904 2904 2905 2905 2906 2906 2907 2907 2906 2906 2905 2905 2906 2906 2907 2907 2908 2908 2909 2909 2908 2908 2907 2907 2908 2908 2909 2909 1101 1101 1102 1102 1101 1101 2909 2909 2910 2910 2911 2911 2912 2912 2913 2913 2912 2912 2911 2911 2912 2912 2913 2913 2914 2914 2913 2913 2915 2915 2914 2914 2916 2916 2914 2914 2915 2915 2914 2914 2916 2916 2917 2917 2918 2918 2917 2917 2916 2916 2917 2917 2918 2918 2919 2919 2920 2920 2921 2921 2922 2922 2923 2923 2922 2922 2921 2921 2924 2924 2925 2925 2926 2926 2927 2927 2926 2926 2925 2925 2928 2928 2929 2929 2930 2930 2931 2931 2930 2930 2929 2929 2932 2932 2933 2933 2934 2934 2935 2935 2934 2934 2933 2933 2936 2936 2937 2937 2938 2938 2939 2939 2938 2938 2937 2937 2938 2938 2939 2939 2940 2940 2941 2941 2940 2940 2939 2939 2940 2940 2941 2941 2942 2942 2943 2943 2942 2942 2941 2941 2942 2942 2943 2943 2944 2944 2945 2945 2944 2944 2943 2943 2944 2944 2945 2945 2946 2946 2947 2947 2946 2946 2945 2945 2946 2946 2947 2947 2948 2948 2949 2949 2948 2948 2947 2947 2948 2948 2949 2949 2950 2950 2951 2951 2950 2950 2949 2949 2950 2950 2951 2951 2952 2952 2953 2953 2952 2952 2951 2951 2952 2952 2953 2953 2954 2954 2955 2955 2954 2954 2953 2953 2954 2954 2955 2955 2956 2956 2957 2957 2956 2956 2955 2955 2956 2956 2957 2957 2958 2958 2959 2959 2958 2958 2957 2957 2958 2958 2959 2959 2960 2960 2961 2961 2960 2960 2959 2959 2962 2962 2963 2963 2964 2964 2965 2965 2966 2966 2967 2967 2968 2968 2967 2967 2966 2966 2967 2967 2968 2968 2964 2964 2969 2969 2964 2964 2968 2968 2964 2964 2969 2969 2962 2962 2970 2970 2971 2971 2972 2972 2973 2973 2972 2972 2971 2971 2972 2972 2973 2973 2974 2974 2975 2975 2974 2974 2973 2973 2974 2974 2975 2975 2976 2976 2977 2977 2976 2976 2975 2975 2976 2976 2977 2977 2978 2978 2979 2979 2978 2978 2977 2977 2978 2978 2979 2979 2980 2980 2981 2981 2980 2980 2979 2979 2980 2980 2981 2981 2982 2982 2983 2983 2982 2982 2981 2981 2982 2982 2983 2983 2984 2984 2985 2985 2984 2984 2983 2983 2984 2984 2985 2985 2986 2986 2987 2987 2986 2986 2985 2985 2986 2986 2987 2987 2988 2988 2989 2989 2988 2988 2987 2987 2988 2988 2989 2989 2990 2990 2989 2989 2991 2991 2990 2990 2992 2992 2990 2990 2991 2991 2990 2990 2992 2992 2993 2993 2994 2994 2993 2993 2992 2992 2993 2993 2994 2994 2995 2995 2996 2996 2995 2995 2994 2994 2997 2997 2998 2998 2999 2999 3000 3000 3001 3001 3002 3002 2997 2997 2999 2999 3003 3003 3004 3004 3003 3003 2999 2999 3003 3003 3004 3004 3005 3005 2998 2998 3006 3006 2999 2999 3007 3007 2999 2999 3006 3006 2999 2999 3007 3007 3008 3008 3005 3005 3004 3004 3009 3009 3010 3010 3009 3009 3004 3004 3009 3009 3010 3010 3011 3011 3012 3012 3013 3013 3014 3014 3002 3002 3001 3001 3015 3015 3016 3016 3015 3015 3001 3001 3015 3015 3016 3016 3017 3017 3018 3018 3019 3019 3020 3020 3015 3015 3020 3020 3019 3019 3020 3020 3015 3015 3021 3021 3017 3017 3021 3021 3015 3015 3007 3007 3022 3022 3008 3008 3023 3023 3008 3008 3022 3022 3008 3008 3023 3023 3013 3013 3024 3024 3013 3013 3023 3023 3013 3013 3024 3024 3014 3014 3025 3025 3026 3026 3027 3027 3019 3019 3027 3027 3026 3026 3027 3027 3019 3019 3028 3028 3018 3018 3028 3028 3019 3019 3029 3029 3030 3030 3002 3002 3031 3031 3002 3002 3030 3030 3002 3002 3031 3031 3000 3000 3029 3029 3032 3032 3030 3030 3033 3033 3030 3030 3032 3032 3030 3030 3033 3033 3014 3014 3034 3034 3014 3014 3033 3033 3014 3014 3034 3034 3012 3012 3035 3035 3036 3036 3037 3037 3038 3038 3039 3039 3040 3040 3040 3040 3041 3041 3038 3038 3035 3035 3038 3038 3041 3041 3038 3038 3035 3035 3042 3042 3037 3037 3042 3042 3035 3035 3043 3043 3044 3044 3045 3045 3046 3046 3045 3045 3044 3044 3047 3047 3048 3048 3049 3049 3050 3050 3049 3049 3048 3048 3051 3051 3052 3052 3053 3053 3054 3054 3053 3053 3052 3052 3053 3053 3054 3054 3055 3055 3056 3056 3055 3055 3054 3054 3055 3055 3056 3056 3057 3057 3058 3058 3057 3057 3056 3056 3057 3057 3058 3058 3059 3059 3060 3060 3059 3059 3058 3058 3059 3059 3060 3060 3061 3061 3062 3062 3061 3061 3060 3060 3061 3061 3062 3062 3063 3063 3064 3064 3063 3063 3062 3062 3063 3063 3064 3064 1095 1095 1096 1096 1095 1095 3064 3064 3065 3065 3066 3066 3067 3067 3068 3068 3067 3067 3066 3066 3069 3069 3070 3070 3071 3071 3072 3072 3071 3071 3070 3070 3071 3071 3072 3072 3073 3073 3067 3067 3073 3073 3072 3072 3073 3073 3067 3067 3074 3074 3068 3068 3074 3074 3067 3067 3075 3075 3076 3076 3077 3077 3078 3078 3077 3077 3076 3076 3077 3077 3078 3078 3079 3079 3080 3080 3079 3079 3078 3078 3079 3079 3080 3080 3081 3081 3082 3082 3081 3081 3080 3080 3081 3081 3082 3082 3083 3083 3084 3084 3083 3083 3082 3082 3083 3083 3084 3084 3085 3085 3086 3086 3085 3085 3084 3084 3085 3085 3086 3086 3087 3087 3088 3088 3087 3087 3086 3086 3089 3089 3090 3090 3091 3091 3092 3092 3091 3091 3090 3090 3091 3091 3092 3092 3093 3093 3094 3094 3093 3093 3092 3092 3093 3093 3094 3094 3095 3095 3096 3096 3095 3095 3094 3094 3095 3095 3096 3096 3097 3097 3098 3098 3097 3097 3096 3096 3097 3097 3098 3098 3099 3099 3100 3100 3099 3099 3098 3098 3099 3099 3100 3100 3101 3101 3102 3102 3101 3101 3100 3100 3101 3101 3102 3102 3103 3103 3104 3104 3105 3105 3106 3106 3107 3107 3106 3106 3105 3105 3106 3106 3107 3107 3108 3108 3109 3109 3108 3108 3107 3107 3108 3108 3109 3109 3110 3110 3111 3111 3110 3110 3109 3109 3110 3110 3111 3111 3112 3112 3113 3113 3112 3112 3111 3111 3112 3112 3113 3113 3114 3114 3115 3115 3114 3114 3113 3113 3114 3114 3115 3115 3116 3116 3102 3102 3117 3117 3103 3103 3118 3118 3103 3103 3117 3117 3103 3103 3118 3118 3119 3119 3120 3120 3119 3119 3118 3118 3119 3119 3120 3120 3121 3121 3122 3122 3121 3121 3120 3120 3121 3121 3122 3122 3123 3123 3124 3124 3123 3123 3122 3122 3123 3123 3124 3124 3125 3125 3126 3126 3125 3125 3124 3124 3125 3125 3126 3126 3104 3104 3127 3127 3104 3104 3126 3126 3104 3104 3127 3127 3105 3105 3115 3115 3128 3128 3116 3116 3129 3129 3116 3116 3128 3128 3116 3116 3129 3129 3130 3130 3131 3131 3130 3130 3129 3129 3130 3130 3131 3131 3132 3132 3133 3133 3132 3132 3131 3131 3132 3132 3133 3133 3134 3134 3135 3135 3134 3134 3133 3133 3134 3134 3135 3135 3136 3136 3137 3137 3136 3136 3135 3135 3136 3136 3137 3137 3138 3138 3139 3139 3138 3138 3137 3137 3138 3138 3139 3139 3089 3089 3140 3140 3089 3089 3139 3139 3089 3089 3140 3140 3090 3090 3141 3141 3142 3142 3143 3143 3143 3143 3144 3144 3141 3141 3145 3145 3141 3141 3144 3144 3141 3141 3145 3145 3146 3146 3145 3145 3147 3147 3146 3146 3148 3148 3146 3146 3147 3147 3146 3146 3148 3148 3149 3149 3150 3150 3149 3149 3148 3148 3149 3149 3150 3150 3151 3151 3150 3150 3152 3152 3151 3151 3153 3153 3151 3151 3152 3152 3151 3151 3153 3153 3154 3154 3153 3153 3155 3155 3154 3154 3156 3156 3154 3154 3155 3155 3154 3154 3156 3156 3157 3157 3156 3156 3158 3158 3157 3157 3159 3159 3157 3157 3158 3158 3157 3157 3159 3159 3160 3160 3161 3161 3160 3160 3159 3159 3160 3160 3161 3161 3162 3162 3161 3161 3163 3163 3162 3162 3164 3164 3162 3162 3163 3163 3162 3162 3164 3164 3165 3165 3166 3166 3165 3165 3164 3164 3166 3166 3167 3167 3165 3165 3168 3168 3165 3165 3167 3167 3165 3165 3168 3168 3169 3169 3170 3170 3169 3169 3168 3168 3169 3169 3170 3170 3171 3171 3172 3172 3171 3171 3170 3170 3171 3171 3172 3172 3173 3173 3172 3172 3174 3174 3173 3173 3175 3175 3173 3173 3174 3174 3173 3173 3175 3175 3176 3176 3177 3177 3178 3178 3179 3179 3176 3176 3179 3179 3178 3178 3179 3179 3176 3176 3180 3180 3175 3175 3180 3180 3176 3176 3181 3181 3182 3182 3183 3183 3184 3184 3183 3183 3182 3182 3183 3183 3184 3184 3185 3185 3186 3186 3185 3185 3184 3184 3185 3185 3186 3186 3187 3187 3188 3188 3187 3187 3186 3186 3189 3189 3190 3190 3191 3191 3192 3192 3191 3191 3190 3190 3193 3193 3194 3194 3195 3195 3196 3196 3197 3197 3198 3198 3199 3199 3198 3198 3197 3197 3195 3195 3200 3200 3193 3193 3201 3201 3193 3193 3200 3200 3193 3193 3201 3201 3202 3202 3203 3203 3202 3202 3201 3201 3202 3202 3203 3203 3204 3204 3205 3205 3204 3204 3203 3203 3204 3204 3205 3205 3199 3199 3206 3206 3199 3199 3205 3205 3199 3199 3206 3206 3198 3198 2895 2895 2078 2078 3207 3207 2895 2895 3207 3207 3208 3208 3209 3209 3208 3208 3207 3207 3208 3208 3209 3209 3210 3210 3209 3209 3211 3211 3210 3210 3212 3212 3210 3210 3211 3211 3210 3210 3212 3212 3213 3213 3212 3212 3214 3214 3213 3213 3215 3215 3213 3213 3214 3214 3213 3213 3215 3215 3216 3216 3217 3217 3216 3216 3215 3215 3217 3217 3218 3218 3216 3216 3219 3219 3216 3216 3218 3218 3216 3216 3219 3219 3220 3220 3219 3219 3221 3221 3220 3220 3222 3222 3220 3220 3221 3221 3220 3220 3222 3222 3223 3223 3222 3222 3224 3224 3223 3223 3225 3225 3223 3223 3224 3224 3223 3223 3225 3225 3226 3226 3225 3225 3227 3227 3226 3226 3228 3228 3226 3226 3227 3227 3226 3226 3228 3228 3229 3229 3228 3228 3230 3230 3229 3229 3231 3231 3229 3229 3230 3230 3229 3229 3231 3231 3232 3232 3231 3231 3233 3233 3232 3232 3234 3234 3232 3232 3233 3233 3232 3232 3234 3234 3235 3235 3234 3234 3236 3236 3235 3235 3237 3237 3235 3235 3236 3236 3235 3235 3237 3237 3238 3238 3237 3237 3239 3239 3238 3238 3240 3240 3238 3238 3239 3239 3238 3238 3240 3240 3241 3241 2006 2006 2882 2882 3242 3242 3241 3241 3242 3242 2882 2882 3242 3242 3241 3241 3243 3243 3240 3240 3243 3243 3241 3241 3244 3244 3245 3245 3246 3246 3247 3247 3246 3246 3245 3245 3248 3248 3249 3249 3250 3250 3251 3251 3250 3250 3249 3249 3252 3252 3253 3253 3254 3254 3255 3255 3254 3254 3253 3253 3256 3256 3257 3257 3258 3258 3259 3259 3258 3258 3257 3257 3258 3258 3259 3259 3260 3260 3261 3261 3260 3260 3259 3259 3260 3260 3261 3261 3262 3262 3263 3263 3262 3262 3261 3261 3264 3264 3262 3262 3265 3265 3263 3263 3265 3265 3262 3262 3265 3265 3263 3263 3266 3266 3267 3267 3268 3268 3269 3269 3270 3270 3269 3269 3268 3268 3271 3271 3272 3272 3273 3273 3274 3274 3273 3273 3272 3272 3275 3275 3276 3276 3277 3277 3278 3278 3277 3277 3276 3276 3277 3277 3278 3278 3279 3279 3280 3280 3279 3279 3278 3278 3279 3279 3280 3280 3281 3281 3280 3280 3282 3282 3281 3281 3283 3283 3281 3281 3282 3282 3281 3281 3283 3283 3284 3284 3285 3285 3284 3284 3283 3283 3284 3284 3285 3285 3286 3286 3287 3287 3286 3286 3285 3285 3286 3286 3287 3287 3275 3275 3288 3288 3275 3275 3287 3287 3275 3275 3288 3288 3276 3276 3289 3289 3290 3290 3291 3291 3292 3292 3293 3293 3294 3294 3295 3295 3294 3294 3293 3293 3296 3296 3289 3289 3297 3297 3291 3291 3297 3297 3289 3289 3297 3297 3291 3291 3298 3298 3299 3299 3298 3298 3291 3291 3298 3298 3299 3299 3300 3300 3301 3301 3300 3300 3299 3299 3300 3300 3301 3301 3295 3295 3302 3302 3295 3295 3301 3301 3295 3295 3302 3302 3294 3294 3303 3303 3304 3304 3305 3305 3306 3306 3305 3305 3304 3304 3307 3307 3308 3308 3309 3309 3310 3310 3309 3309 3308 3308 3309 3309 3311 3311 3307 3307 3312 3312 3307 3307 3311 3311 3307 3307 3312 3312 3313 3313 3314 3314 3315 3315 3316 3316 3317 3317 3316 3316 3315 3315 3313 3313 3318 3318 3307 3307 3319 3319 3307 3307 3318 3318 3307 3307 3319 3319 3320 3320 3321 3321 3320 3320 3319 3319 3320 3320 3321 3321 3322 3322 3314 3314 3316 3316 3323 3323 3324 3324 3323 3323 3316 3316 3323 3323 3324 3324 3325 3325 3322 3322 3326 3326 3320 3320 3327 3327 3320 3320 3326 3326 3320 3320 3327 3327 3324 3324 3328 3328 3324 3324 3327 3327 3324 3324 3328 3328 3325 3325 3317 3317 3329 3329 3316 3316 3330 3330 3316 3316 3329 3329 3316 3316 3330 3330 3331 3331 3332 3332 3331 3331 3330 3330 3331 3331 3332 3332 3333 3333 3333 3333 3334 3334 3331 3331 3335 3335 3331 3331 3334 3334 3331 3331 3335 3335 3308 3308 3336 3336 3308 3308 3335 3335 3308 3308 3336 3336 3310 3310 3337 3337 3338 3338 3339 3339 3340 3340 3339 3339 3338 3338 3339 3339 3340 3340 3341 3341 3341 3341 3342 3342 3339 3339 3343 3343 3339 3339 3342 3342 3339 3339 3343 3343 3344 3344 3345 3345 3346 3346 3347 3347 3348 3348 3347 3347 3346 3346 3347 3347 3348 3348 3349 3349 3350 3350 3349 3349 3348 3348 3349 3349 3350 3350 3351 3351 3352 3352 3351 3351 3350 3350 3351 3351 3352 3352 3353 3353 3354 3354 3353 3353 3352 3352 3353 3353 3354 3354 3355 3355 3356 3356 3355 3355 3354 3354 3355 3355 3356 3356 3357 3357 3358 3358 3357 3357 3356 3356 3357 3357 3358 3358 3359 3359 3360 3360 3359 3359 3358 3358 3359 3359 3360 3360 3361 3361 3362 3362 3361 3361 3360 3360 3361 3361 3362 3362 3363 3363 3364 3364 3363 3363 3362 3362 3363 3363 3364 3364 3365 3365 3366 3366 3365 3365 3364 3364 3365 3365 3366 3366 3367 3367 3368 3368 3367 3367 3366 3366 3367 3367 3368 3368 3369 3369 3370 3370 3369 3369 3368 3368 3371 3371 3372 3372 3373 3373 3374 3374 3373 3373 3372 3372 3373 3373 3374 3374 3375 3375 3376 3376 3375 3375 3374 3374 3375 3375 3376 3376 3377 3377 3378 3378 3377 3377 3376 3376 3377 3377 3378 3378 3379 3379 3380 3380 3379 3379 3378 3378 3381 3381 3382 3382 3383 3383 3384 3384 3383 3383 3382 3382 3385 3385 3386 3386 3387 3387 3388 3388 3389 3389 3390 3390 3391 3391 3390 3390 3389 3389 3390 3390 3391 3391 3392 3392 3393 3393 3392 3392 3391 3391 3392 3392 3393 3393 3394 3394 3395 3395 3394 3394 3393 3393 3394 3394 3395 3395 3396 3396 3397 3397 3396 3396 3395 3395 3396 3396 3397 3397 3398 3398 3399 3399 3398 3398 3397 3397 3398 3398 3399 3399 3400 3400 3401 3401 3400 3400 3399 3399 3400 3400 3401 3401 3402 3402 3403 3403 3402 3402 3401 3401 3402 3402 3403 3403 3404 3404 3405 3405 3404 3404 3403 3403 3404 3404 3405 3405 3406 3406 3407 3407 3406 3406 3405 3405 3406 3406 3407 3407 3408 3408 3409 3409 3408 3408 3407 3407 3408 3408 3409 3409 3410 3410 3411 3411 3410 3410 3409 3409 3410 3410 3411 3411 3412 3412 3413 3413 3412 3412 3411 3411 3412 3412 3413 3413 3414 3414 3415 3415 3414 3414 3413 3413 3414 3414 3415 3415 3416 3416 3417 3417 3416 3416 3415 3415 3416 3416 3417 3417 3418 3418 3419 3419 3418 3418 3417 3417 3418 3418 3419 3419 3420 3420 3421 3421 3420 3420 3419 3419 3420 3420 3421 3421 3422 3422 3423 3423 3422 3422 3421 3421 3422 3422 3423 3423 3424 3424 3425 3425 3424 3424 3423 3423 3424 3424 3425 3425 3426 3426 3427 3427 3426 3426 3425 3425 3426 3426 3427 3427 3428 3428 3429 3429 3428 3428 3427 3427 3428 3428 3429 3429 3430 3430 3431 3431 3430 3430 3429 3429 3430 3430 3431 3431 3432 3432 3433 3433 3432 3432 3431 3431 3432 3432 3433 3433 3434 3434 3435 3435 3434 3434 3433 3433 3434 3434 3435 3435 3388 3388 3389 3389 3388 3388 3435 3435 3436 3436 3437 3437 3438 3438 3439 3439 3438 3438 3440 3440 3441 3441 3440 3440 3438 3438 3440 3440 3441 3441 3442 3442 3443 3443 3442 3442 3441 3441 3444 3444 3445 3445 3439 3439 3446 3446 3439 3439 3445 3445 3439 3439 3446 3446 3438 3438 3447 3447 3438 3438 3446 3446 3438 3438 3447 3447 3436 3436 3437 3437 3448 3448 3438 3438 3449 3449 3438 3438 3448 3448 3438 3438 3449 3449 3450 3450 3451 3451 3450 3450 3449 3449 3452 3452 3453 3453 3454 3454 3455 3455 3454 3454 3453 3453 3454 3454 3455 3455 3456 3456 3457 3457 3456 3456 3455 3455 3456 3456 3457 3457 3458 3458 3459 3459 3458 3458 3457 3457 3460 3460 3461 3461 3462 3462 3463 3463 3462 3462 3461 3461 3462 3462 3463 3463 3464 3464 3465 3465 3464 3464 3463 3463 3465 3465 3463 3463 3466 3466 3467 3467 3466 3466 3463 3463 3466 3466 3467 3467 3468 3468 3469 3469 3470 3470 3471 3471 3468 3468 3471 3471 3470 3470 3471 3471 3468 3468 3472 3472 3467 3467 3472 3472 3468 3468 3472 3472 3467 3467 3473 3473 3474 3474 3475 3475 3476 3476 3470 3470 3476 3476 3475 3475 3476 3476 3470 3470 3477 3477 3469 3469 3477 3477 3470 3470 3478 3478 3479 3479 3474 3474 3480 3480 3474 3474 3479 3479 3474 3474 3480 3480 3475 3475 3481 3481 3482 3482 3483 3483 3482 3482 3481 3481 3484 3484 3485 3485 3484 3484 3481 3481 3484 3484 3485 3485 3486 3486 3487 3487 3488 3488 3489 3489 3490 3490 3489 3489 3488 3488 3489 3489 3490 3490 3485 3485 3491 3491 3485 3485 3490 3490 3485 3485 3491 3491 3486 3486 3492 3492 3493 3493 3489 3489 3494 3494 3489 3489 3493 3493 3489 3489 3494 3494 3495 3495 3495 3495 3496 3496 3489 3489 3497 3497 3489 3489 3496 3496 3489 3489 3497 3497 3498 3498 3499 3499 3500 3500 3501 3501 3502 3502 3501 3501 3500 3500 3501 3501 3502 3502 3503 3503 3504 3504 3503 3503 3502 3502 3503 3503 3504 3504 3505 3505 3506 3506 3487 3487 3507 3507 3489 3489 3507 3507 3487 3487 3507 3507 3489 3489 3508 3508 3498 3498 3508 3508 3489 3489 3492 3492 3509 3509 3510 3510 3510 3510 3511 3511 3492 3492 3512 3512 3492 3492 3511 3511 3492 3492 3512 3512 3493 3493 3506 3506 3513 3513 3487 3487 3514 3514 3487 3487 3513 3513 3487 3487 3514 3514 3515 3515 3516 3516 3515 3515 3514 3514 3515 3515 3516 3516 3504 3504 3517 3517 3504 3504 3516 3516 3504 3504 3517 3517 3505 3505 3499 3499 3518 3518 3500 3500 3519 3519 3500 3500 3518 3518 3500 3500 3519 3519 3492 3492 3520 3520 3492 3492 3519 3519 3492 3492 3520 3520 3509 3509 3521 3521 3522 3522 3492 3492 3523 3523 3492 3492 3522 3522 3492 3492 3523 3523 3500 3500 3524 3524 3525 3525 3526 3526 3527 3527 3526 3526 3525 3525 3528 3528 3529 3529 3530 3530 3526 3526 3530 3530 3529 3529 3530 3530 3526 3526 3531 3531 3527 3527 3531 3531 3526 3526 3532 3532 3533 3533 3534 3534 3535 3535 3536 3536 3532 3532 3537 3537 3532 3532 3536 3536 3538 3538 3539 3539 3540 3540 3541 3541 3540 3540 3539 3539 3542 3542 3543 3543 3544 3544 3533 3533 3544 3544 3543 3543 3544 3544 3533 3533 3545 3545 3542 3542 3546 3546 3543 3543 3547 3547 3543 3543 3546 3546 3543 3543 3547 3547 3540 3540 3548 3548 3540 3540 3547 3547 3540 3540 3548 3548 3538 3538 3537 3537 3549 3549 3532 3532 3550 3550 3532 3532 3549 3549 3532 3532 3550 3550 3533 3533 3551 3551 3533 3533 3550 3550 3533 3533 3551 3551 3545 3545 3552 3552 3553 3553 3554 3554 3553 3553 3555 3555 3554 3554 3556 3556 3554 3554 3555 3555 3554 3554 3556 3556 3557 3557 3541 3541 3552 3552 3540 3540 3554 3554 3540 3540 3552 3552 3540 3540 3554 3554 3558 3558 3559 3559 3558 3558 3554 3554 3558 3558 3559 3559 3560 3560 3561 3561 3560 3560 3559 3559 3560 3560 3561 3561 3562 3562 3563 3563 3564 3564 3565 3565 3566 3566 3567 3567 3565 3565 3568 3568 3565 3565 3567 3567 3565 3565 3568 3568 3563 3563 3569 3569 3570 3570 3566 3566 3571 3571 3566 3566 3570 3570 3566 3566 3571 3571 3567 3567 3572 3572 3573 3573 3559 3559 3564 3564 3574 3574 3565 3565 3575 3575 3565 3565 3574 3574 3565 3565 3575 3575 3576 3576 3572 3572 3559 3559 3577 3577 3573 3573 3578 3578 3559 3559 3579 3579 3559 3559 3578 3578 3559 3559 3579 3579 3580 3580 3561 3561 3581 3581 3582 3582 3582 3582 3583 3583 3561 3561 3584 3584 3561 3561 3583 3583 3561 3561 3584 3584 3566 3566 3585 3585 3566 3566 3584 3584 3566 3566 3585 3585 3569 3569 3580 3580 3586 3586 3559 3559 3587 3587 3559 3559 3586 3586 3559 3559 3587 3587 3561 3561 3588 3588 3561 3561 3587 3587 3561 3561 3588 3588 3581 3581 3576 3576 3577 3577 3565 3565 3559 3559 3565 3565 3577 3577 3565 3565 3559 3559 3589 3589 3590 3590 3591 3591 3592 3592 3593 3593 3592 3592 3591 3591 3592 3592 3593 3593 3594 3594 3595 3595 3594 3594 3593 3593 3594 3594 3595 3595 3554 3554 3596 3596 3554 3554 3595 3595 3554 3554 3596 3596 3559 3559 3597 3597 3559 3559 3596 3596 3559 3559 3597 3597 3589 3589 3598 3598 3591 3591 3599 3599 3590 3590 3599 3599 3591 3591 3599 3599 3590 3590 3600 3600 3601 3601 3600 3600 3590 3590 3600 3600 3601 3601 3602 3602 3463 3463 3603 3603 3467 3467 3604 3604 3467 3467 3603 3603 3467 3467 3604 3604 3605 3605 3606 3606 3605 3605 3604 3604 3605 3605 3606 3606 3607 3607 3608 3608 3607 3607 3606 3606 3607 3607 3608 3608 3601 3601 3609 3609 3601 3601 3608 3608 3601 3601 3609 3609 3602 3602 3610 3610 3611 3611 3461 3461 3612 3612 3461 3461 3611 3611 3461 3461 3612 3612 3613 3613 3613 3613 3614 3614 3461 3461 3615 3615 3461 3461 3614 3614 3461 3461 3615 3615 3616 3616 3617 3617 3463 3463 3618 3618 3619 3619 3618 3618 3463 3463 3616 3616 3620 3620 3461 3461 3621 3621 3461 3461 3620 3620 3461 3461 3621 3621 3463 3463 3622 3622 3463 3463 3621 3621 3463 3463 3622 3622 3619 3619 3623 3623 3603 3603 3624 3624 3625 3625 3624 3624 3603 3603 3626 3626 3627 3627 3610 3610 3628 3628 3610 3610 3627 3627 3610 3610 3628 3628 3611 3611 3617 3617 3629 3629 3463 3463 3630 3630 3463 3463 3629 3629 3463 3463 3630 3630 3603 3603 3631 3631 3603 3603 3630 3630 3603 3603 3631 3631 3625 3625 3623 3623 3632 3632 3603 3603 3633 3633 3603 3603 3632 3632 3603 3603 3633 3633 3610 3610 3634 3634 3610 3610 3633 3633 3610 3610 3634 3634 3626 3626 3592 3592 3635 3635 3636 3636 3637 3637 3607 3607 3638 3638 3592 3592 3638 3638 3607 3607 3638 3638 3592 3592 3639 3639 3636 3636 3639 3639 3592 3592 3640 3640 3641 3641 3642 3642 3643 3643 3642 3642 3641 3641 3635 3635 3592 3592 3644 3644 3594 3594 3644 3644 3592 3592 3644 3644 3594 3594 3645 3645 3643 3643 3646 3646 3642 3642 3647 3647 3642 3642 3646 3646 3642 3642 3647 3647 3594 3594 3648 3648 3594 3594 3647 3647 3594 3594 3648 3648 3645 3645 3649 3649 3650 3650 3492 3492 3529 3529 3492 3492 3650 3650 3492 3492 3529 3529 3521 3521 3528 3528 3521 3521 3529 3529 3489 3489 3651 3651 3652 3652 3652 3652 3653 3653 3489 3489 3654 3654 3489 3489 3653 3653 3489 3489 3654 3654 3492 3492 3655 3655 3492 3492 3654 3654 3492 3492 3655 3655 3649 3649 3651 3651 3489 3489 3656 3656 3485 3485 3656 3656 3489 3489 3656 3656 3485 3485 3657 3657 3637 3637 3658 3658 3607 3607 3659 3659 3607 3607 3658 3658 3607 3607 3659 3659 3605 3605 3660 3660 3605 3605 3659 3659 3660 3660 3661 3661 3605 3605 3662 3662 3605 3605 3661 3661 3605 3605 3662 3662 3663 3663 3662 3662 3664 3664 3663 3663 3665 3665 3663 3663 3664 3664 3663 3663 3665 3665 3666 3666 3557 3557 3667 3667 3554 3554 3668 3668 3554 3554 3667 3667 3554 3554 3668 3668 3594 3594 3669 3669 3594 3594 3668 3668 3594 3594 3669 3669 3642 3642 3669 3669 3670 3670 3642 3642 3671 3671 3642 3642 3670 3670 3642 3642 3671 3671 3532 3532 3672 3672 3532 3532 3671 3671 3532 3532 3672 3672 3535 3535 3476 3476 3673 3673 3474 3474 3674 3674 3474 3474 3673 3673 3474 3474 3674 3674 3675 3675 3605 3605 3676 3676 3677 3677 3678 3678 3679 3679 3467 3467 3680 3680 3467 3467 3679 3679 3467 3467 3680 3680 3473 3473 3681 3681 3663 3663 3682 3682 3474 3474 3682 3682 3663 3663 3682 3682 3474 3474 3683 3683 3675 3675 3683 3683 3474 3474 3681 3681 3684 3684 3663 3663 3685 3685 3663 3663 3684 3684 3663 3663 3685 3685 3686 3686 3686 3686 3687 3687 3663 3663 3688 3688 3663 3663 3687 3687 3663 3663 3688 3688 3605 3605 3689 3689 3605 3605 3688 3688 3605 3605 3689 3689 3676 3676 3677 3677 3690 3690 3605 3605 3691 3691 3605 3605 3690 3690 3605 3605 3691 3691 3467 3467 3692 3692 3467 3467 3691 3691 3467 3467 3692 3692 3678 3678 3650 3650 3640 3640 3529 3529 3642 3642 3529 3529 3640 3640 3529 3529 3642 3642 3526 3526 3532 3532 3526 3526 3642 3642 3526 3526 3532 3532 3524 3524 3534 3534 3524 3524 3532 3532 3483 3483 3478 3478 3481 3481 3474 3474 3481 3481 3478 3478 3481 3481 3474 3474 3485 3485 3663 3663 3485 3485 3474 3474 3485 3485 3663 3663 3657 3657 3666 3666 3657 3657 3663 3663 3693 3693 3694 3694 3601 3601 3693 3693 3601 3601 3695 3695 3696 3696 3607 3607 3697 3697 3698 3698 3697 3697 3607 3607 3590 3590 3699 3699 3700 3700 3694 3694 3701 3701 3601 3601 3702 3702 3601 3601 3701 3701 3601 3601 3702 3702 3607 3607 3703 3703 3607 3607 3702 3702 3607 3607 3703 3703 3698 3698 3704 3704 3705 3705 3592 3592 3706 3706 3592 3592 3705 3705 3592 3592 3706 3706 3590 3590 3707 3707 3590 3590 3706 3706 3590 3590 3707 3707 3699 3699 3696 3696 3708 3708 3607 3607 3709 3709 3607 3607 3708 3708 3607 3607 3709 3709 3592 3592 3710 3710 3592 3592 3709 3709 3592 3592 3710 3710 3711 3711 3711 3711 3712 3712 3592 3592 3713 3713 3592 3592 3712 3712 3592 3592 3713 3713 3704 3704 3700 3700 3714 3714 3590 3590 3715 3715 3590 3590 3714 3714 3590 3590 3715 3715 3601 3601 3716 3716 3601 3601 3715 3715 3601 3601 3716 3716 3695 3695 3717 3717 3718 3718 3719 3719 3720 3720 3719 3719 3718 3718 3719 3719 3720 3720 3721 3721 3721 3721 3720 3720 3722 3722 3723 3723 3722 3722 3720 3720 3722 3722 3723 3723 3724 3724 3725 3725 3724 3724 3723 3723 3724 3724 3725 3725 3726 3726 418 418 3257 3257 419 419 3256 3256 419 419 3257 3257 3727 3727 3728 3728 3729 3729 3730 3730 3729 3729 3728 3728 3729 3729 3730 3730 3731 3731 3732 3732 3733 3733 3734 3734 3735 3735 3734 3734 3733 3733 3734 3734 3735 3735 3736 3736 3737 3737 3736 3736 3735 3735 3736 3736 3737 3737 3738 3738 3739 3739 3738 3738 3737 3737 3738 3738 3739 3739 3740 3740 3741 3741 3740 3740 3739 3739 3740 3740 3741 3741 3742 3742 3743 3743 3742 3742 3741 3741 3742 3742 3743 3743 3744 3744 3745 3745 3744 3744 3743 3743 3744 3744 3745 3745 3746 3746 3747 3747 3746 3746 3745 3745 3746 3746 3747 3747 3748 3748 3749 3749 3748 3748 3747 3747 3748 3748 3749 3749 3750 3750 3751 3751 3750 3750 3749 3749 3750 3750 3751 3751 3752 3752 3753 3753 3752 3752 3751 3751 3752 3752 3753 3753 3754 3754 3755 3755 3754 3754 3753 3753 3754 3754 3755 3755 3756 3756 3757 3757 3756 3756 3755 3755 318 318 319 319 3758 3758 3759 3759 3758 3758 319 319 3758 3758 3759 3759 3760 3760 3761 3761 3760 3760 3759 3759 3760 3760 3761 3761 3762 3762 3763 3763 3762 3762 3761 3761 3762 3762 3763 3763 3764 3764 3765 3765 3764 3764 3763 3763 3764 3764 3765 3765 3766 3766 3767 3767 3766 3766 3765 3765 3766 3766 3767 3767 3768 3768 3769 3769 3768 3768 3767 3767 3768 3768 3769 3769 3770 3770 3771 3771 3770 3770 3769 3769 3770 3770 3771 3771 3772 3772 3773 3773 3772 3772 3771 3771 3772 3772 3773 3773 3774 3774 3775 3775 3774 3774 3773 3773 3774 3774 3775 3775 3776 3776 3777 3777 3776 3776 3775 3775 3776 3776 3777 3777 3778 3778 3779 3779 3778 3778 3777 3777 3778 3778 3779 3779 294 294 295 295 294 294 3779 3779 3780 3780 3781 3781 3782 3782 3783 3783 3782 3782 3781 3781 3784 3784 3785 3785 3786 3786 3787 3787 3786 3786 3785 3785 3788 3788 3789 3789 3790 3790 3791 3791 3790 3790 3789 3789 894 894 895 895 3792 3792 3793 3793 3792 3792 895 895 3792 3792 3793 3793 3794 3794 3795 3795 3794 3794 3793 3793 3794 3794 3795 3795 3796 3796 3797 3797 3796 3796 3795 3795 3796 3796 3797 3797 3798 3798 3799 3799 3798 3798 3797 3797 3798 3798 3799 3799 3800 3800 3801 3801 3800 3800 3799 3799 3800 3800 3801 3801 3802 3802 3803 3803 3802 3802 3801 3801 3802 3802 3803 3803 3804 3804 3805 3805 3804 3804 3803 3803 3804 3804 3805 3805 3806 3806 3807 3807 3806 3806 3805 3805 3806 3806 3807 3807 3808 3808 3809 3809 3808 3808 3807 3807 3808 3808 3809 3809 3810 3810 3811 3811 3810 3810 3809 3809 3810 3810 3811 3811 3812 3812 3813 3813 3812 3812 3811 3811 3812 3812 3813 3813 870 870 871 871 870 870 3813 3813 3814 3814 3815 3815 3816 3816 3817 3817 3816 3816 3815 3815 3818 3818 3819 3819 3820 3820 3821 3821 3820 3820 3819 3819 2103 2103 2104 2104 3822 3822 3823 3823 3822 3822 2104 2104 3822 3822 3823 3823 3824 3824 3825 3825 3824 3824 3823 3823 3824 3824 3825 3825 3826 3826 3827 3827 3826 3826 3825 3825 3826 3826 3827 3827 3828 3828 3829 3829 3828 3828 3827 3827 3828 3828 3829 3829 3830 3830 3831 3831 3830 3830 3829 3829 3830 3830 3831 3831 3832 3832 3833 3833 3832 3832 3831 3831 3832 3832 3833 3833 3834 3834 3835 3835 3834 3834 3833 3833 3834 3834 3835 3835 3836 3836 3837 3837 3836 3836 3835 3835 3836 3836 3837 3837 3838 3838 3839 3839 3838 3838 3837 3837 3838 3838 3839 3839 3840 3840 3841 3841 3840 3840 3839 3839 3840 3840 3841 3841 3842 3842 3843 3843 3842 3842 3841 3841 3842 3842 3843 3843 2079 2079 2080 2080 2079 2079 3843 3843 3844 3844 3845 3845 3846 3846 3847 3847 3846 3846 3845 3845 3848 3848 3849 3849 3850 3850 3849 3849 3848 3848 3851 3851 3852 3852 3851 3851 3848 3848 3851 3851 3852 3852 3853 3853 3854 3854 3855 3855 3856 3856 3857 3857 3858 3858 3859 3859 3860 3860 3859 3859 3858 3858 3859 3859 3860 3860 3861 3861 3862 3862 3861 3861 3860 3860 3863 3863 3864 3864 3865 3865 3857 3857 3866 3866 3858 3858 3867 3867 3858 3858 3866 3866 3858 3858 3867 3867 3863 3863 3868 3868 3863 3863 3867 3867 3863 3863 3868 3868 3864 3864 3850 3850 3869 3869 3848 3848 3870 3870 3848 3848 3869 3869 3848 3848 3870 3870 3856 3856 3871 3871 3856 3856 3870 3870 3856 3856 3871 3871 3854 3854 3855 3855 3872 3872 3856 3856 3873 3873 3856 3856 3872 3872 3856 3856 3873 3873 3860 3860 3874 3874 3860 3860 3873 3873 3860 3860 3874 3874 3862 3862 3865 3865 3875 3875 3863 3863 3876 3876 3863 3863 3875 3875 3863 3863 3876 3876 3852 3852 3877 3877 3852 3852 3876 3876 3852 3852 3877 3877 3853 3853 2473 2473 2468 2468 3878 3878 2467 2467 2465 2465 3879 3879 2464 2464 2462 2462 3880 3880 2461 2461 2460 2460 3881 3881 2452 2452 2450 2450 3882 3882 2449 2449 2447 2447 3883 3883 2445 2445 2443 2443 3884 3884 2442 2442 2441 2441 3885 3885 493 493 491 491 3886 3886 3887 3887 3886 3886 491 491 3886 3886 3887 3887 3888 3888 3889 3889 3888 3888 3887 3887 3888 3888 3889 3889 3890 3890 3891 3891 3890 3890 3889 3889 3890 3890 3891 3891 3892 3892 3893 3893 3892 3892 3891 3891 3892 3892 3893 3893 3894 3894 3895 3895 3894 3894 3893 3893 3894 3894 3895 3895 3896 3896 3885 3885 3896 3896 3895 3895 519 519 517 517 3897 3897 3898 3898 3897 3897 517 517 3897 3897 3898 3898 3899 3899 3900 3900 3899 3899 3898 3898 3899 3899 3900 3900 3901 3901 3902 3902 3901 3901 3900 3900 3901 3901 3902 3902 3903 3903 3904 3904 3903 3903 3902 3902 3903 3903 3904 3904 3905 3905 3906 3906 3905 3905 3904 3904 3905 3905 3906 3906 3907 3907 3881 3881 3907 3907 3906 3906 495 495 493 493 3908 3908 3886 3886 3908 3908 493 493 3908 3908 3886 3886 3909 3909 3888 3888 3909 3909 3886 3886 3909 3909 3888 3888 3910 3910 3890 3890 3910 3910 3888 3888 3910 3910 3890 3890 3911 3911 3892 3892 3911 3911 3890 3890 3911 3911 3892 3892 3912 3912 3894 3894 3912 3912 3892 3892 3912 3912 3894 3894 3913 3913 3896 3896 3913 3913 3894 3894 3913 3913 3896 3896 2437 2437 2438 2438 2437 2437 3896 3896 3885 3885 2441 2441 3896 3896 2439 2439 3896 3896 2441 2441 3896 3896 2439 2439 2438 2438 491 491 489 489 3887 3887 3914 3914 3887 3887 489 489 3887 3887 3914 3914 3889 3889 3915 3915 3889 3889 3914 3914 3889 3889 3915 3915 3891 3891 3916 3916 3891 3891 3915 3915 3891 3891 3916 3916 3893 3893 3917 3917 3893 3893 3916 3916 3893 3893 3917 3917 3895 3895 3918 3918 3895 3895 3917 3917 3895 3895 3918 3918 3885 3885 3884 3884 3885 3885 3918 3918 3885 3885 3884 3884 2442 2442 2443 2443 2442 2442 3884 3884 2447 2447 2445 2445 3883 3883 3884 3884 3883 3883 2445 2445 3883 3883 3884 3884 3919 3919 3918 3918 3919 3919 3884 3884 3919 3919 3918 3918 3920 3920 3917 3917 3920 3920 3918 3918 3920 3920 3917 3917 3921 3921 3916 3916 3921 3921 3917 3917 3921 3921 3916 3916 3922 3922 3915 3915 3922 3922 3916 3916 3922 3922 3915 3915 3923 3923 3914 3914 3923 3923 3915 3915 3923 3923 3914 3914 487 487 489 489 487 487 3914 3914 2450 2450 2449 2449 3882 3882 3883 3883 3882 3882 2449 2449 3882 3882 3883 3883 3924 3924 3919 3919 3924 3924 3883 3883 3924 3924 3919 3919 3925 3925 3920 3920 3925 3925 3919 3919 3925 3925 3920 3920 3926 3926 3921 3921 3926 3926 3920 3920 3926 3926 3921 3921 3927 3927 3922 3922 3927 3927 3921 3921 3927 3927 3922 3922 3928 3928 3923 3923 3928 3928 3922 3922 3928 3928 3923 3923 524 524 487 487 524 524 3923 3923 2453 2453 2452 2452 3929 3929 3882 3882 3929 3929 2452 2452 3929 3929 3882 3882 3930 3930 3924 3924 3930 3930 3882 3882 3930 3930 3924 3924 3931 3931 3925 3925 3931 3931 3924 3924 3931 3931 3925 3925 3932 3932 3926 3926 3932 3932 3925 3925 3932 3932 3926 3926 3933 3933 3927 3927 3933 3933 3926 3926 3933 3933 3927 3927 3934 3934 3928 3928 3934 3934 3927 3927 3934 3934 3928 3928 523 523 524 524 523 523 3928 3928 523 523 521 521 3934 3934 3935 3935 3934 3934 521 521 3934 3934 3935 3935 3933 3933 3936 3936 3933 3933 3935 3935 3933 3933 3936 3936 3932 3932 3937 3937 3932 3932 3936 3936 3932 3932 3937 3937 3931 3931 3938 3938 3931 3931 3937 3937 3931 3931 3938 3938 3930 3930 3939 3939 3930 3930 3938 3938 3930 3930 3939 3939 3929 3929 3940 3940 3929 3929 3939 3939 3929 3929 3940 3940 2453 2453 2455 2455 2453 2453 3940 3940 521 521 519 519 3935 3935 3897 3897 3935 3935 519 519 3935 3935 3897 3897 3936 3936 3899 3899 3936 3936 3897 3897 3936 3936 3899 3899 3937 3937 3901 3901 3937 3937 3899 3899 3937 3937 3901 3901 3938 3938 3903 3903 3938 3938 3901 3901 3938 3938 3903 3903 3939 3939 3905 3905 3939 3939 3903 3903 3939 3939 3905 3905 3940 3940 3907 3907 3940 3940 3905 3905 3940 3940 3907 3907 2455 2455 2457 2457 2455 2455 3907 3907 3881 3881 2460 2460 3907 3907 2458 2458 3907 3907 2460 2460 3907 3907 2458 2458 2457 2457 517 517 515 515 3898 3898 3941 3941 3898 3898 515 515 3898 3898 3941 3941 3900 3900 3942 3942 3900 3900 3941 3941 3900 3900 3942 3942 3902 3902 3943 3943 3902 3902 3942 3942 3902 3902 3943 3943 3904 3904 3944 3944 3904 3904 3943 3943 3904 3904 3944 3944 3906 3906 3945 3945 3906 3906 3944 3944 3906 3906 3945 3945 3881 3881 3880 3880 3881 3881 3945 3945 3881 3881 3880 3880 2461 2461 2462 2462 2461 2461 3880 3880 2465 2465 2464 2464 3879 3879 3880 3880 3879 3879 2464 2464 3879 3879 3880 3880 3946 3946 3945 3945 3946 3946 3880 3880 3946 3946 3945 3945 3947 3947 3944 3944 3947 3947 3945 3945 3947 3947 3944 3944 3948 3948 3943 3943 3948 3948 3944 3944 3948 3948 3943 3943 3949 3949 3942 3942 3949 3949 3943 3943 3949 3949 3942 3942 3950 3950 3941 3941 3950 3950 3942 3942 3950 3950 3941 3941 513 513 515 515 513 513 3941 3941 2468 2468 2467 2467 3878 3878 3879 3879 3878 3878 2467 2467 3878 3878 3879 3879 3951 3951 3946 3946 3951 3951 3879 3879 3951 3951 3946 3946 3952 3952 3947 3947 3952 3952 3946 3946 3952 3952 3947 3947 3953 3953 3948 3948 3953 3953 3947 3947 3953 3953 3948 3948 3954 3954 3949 3949 3954 3954 3948 3948 3954 3954 3949 3949 3955 3955 3950 3950 3955 3955 3949 3949 3955 3955 3950 3950 512 512 513 513 512 512 3950 3950 2472 2472 2473 2473 3956 3956 3878 3878 3956 3956 2473 2473 3956 3956 3878 3878 3957 3957 3951 3951 3957 3957 3878 3878 3957 3957 3951 3951 3958 3958 3952 3952 3958 3958 3951 3951 3958 3958 3952 3952 3959 3959 3953 3953 3959 3959 3952 3952 3959 3959 3953 3953 3960 3960 3954 3954 3960 3960 3953 3953 3960 3960 3954 3954 3961 3961 3955 3955 3961 3961 3954 3954 3961 3961 3955 3955 510 510 512 512 510 510 3955 3955 510 510 508 508 3961 3961 3962 3962 3961 3961 508 508 3961 3961 3962 3962 3960 3960 3963 3963 3960 3960 3962 3962 3960 3960 3963 3963 3959 3959 3964 3964 3959 3959 3963 3963 3959 3959 3964 3964 3958 3958 3965 3965 3958 3958 3964 3964 3958 3958 3965 3965 3957 3957 3966 3966 3957 3957 3965 3965 3957 3957 3966 3966 3956 3956 3967 3967 3956 3956 3966 3966 3956 3956 3967 3967 2472 2472 2470 2470 2472 2472 3967 3967 3968 3968 3969 3969 3970 3970 3971 3971 3970 3970 3969 3969 3972 3972 3973 3973 3974 3974 3975 3975 3976 3976 3977 3977 3978 3978 3979 3979 3980 3980 3981 3981 3982 3982 3983 3983 3984 3984 3985 3985 3986 3986 3987 3987 3986 3986 3985 3985 3983 3983 3982 3982 3988 3988 3989 3989 3988 3988 3982 3982 3988 3988 3989 3989 3990 3990 3990 3990 3991 3991 3988 3988 3992 3992 3988 3988 3991 3991 3988 3988 3992 3992 3987 3987 3993 3993 3987 3987 3992 3992 3993 3993 3994 3994 3987 3987 3995 3995 3987 3987 3994 3994 3987 3987 3995 3995 3996 3996 3996 3996 3997 3997 3987 3987 3998 3998 3987 3987 3997 3997 3987 3987 3998 3998 3986 3986 3999 3999 3986 3986 3998 3998 3986 3986 3999 3999 4000 4000 4000 4000 4001 4001 3986 3986 4002 4002 3986 3986 4001 4001 3986 3986 4002 4002 4003 4003 4004 4004 3983 3983 4005 4005 4006 4006 4005 4005 3983 3983 4004 4004 4007 4007 3983 3983 4008 4008 3983 3983 4007 4007 3983 3983 4008 4008 3981 3981 4003 4003 4009 4009 3986 3986 4010 4010 3986 3986 4009 4009 3986 3986 4010 4010 4006 4006 4011 4011 4012 4012 4013 4013 4014 4014 4015 4015 4012 4012 4016 4016 3979 3979 4017 4017 4018 4018 4017 4017 3979 3979 4017 4017 4018 4018 4019 4019 4020 4020 4011 4011 4021 4021 4022 4022 4021 4021 4011 4011 4015 4015 4023 4023 4012 4012 4024 4024 4012 4012 4023 4023 4012 4012 4024 4024 4018 4018 4025 4025 4018 4018 4024 4024 4018 4018 4025 4025 4019 4019 4026 4026 4027 4027 3980 3980 4028 4028 3980 3980 4027 4027 3980 3980 4028 4028 4029 4029 4016 4016 4030 4030 3979 3979 4031 4031 3979 3979 4030 4030 3979 3979 4031 4031 3980 3980 4032 4032 3980 3980 4031 4031 3980 3980 4032 4032 4026 4026 4020 4020 4033 4033 4011 4011 4034 4034 4011 4011 4033 4033 4011 4011 4034 4034 4012 4012 4035 4035 4012 4012 4034 4034 4012 4012 4035 4035 4014 4014 3977 3977 4036 4036 3980 3980 4037 4037 3980 3980 4036 4036 3980 3980 4037 4037 3978 3978 3976 3976 4038 4038 3977 3977 4039 4039 3977 3977 4038 4038 3977 3977 4039 4039 4036 4036 4040 4040 4041 4041 4042 4042 4043 4043 4042 4042 4041 4041 4042 4042 4043 4043 4044 4044 4045 4045 4044 4044 4043 4043 4046 4046 4047 4047 4048 4048 4049 4049 4048 4048 4047 4047 4050 4050 4051 4051 4048 4048 4052 4052 4048 4048 4051 4051 4048 4048 4052 4052 4046 4046 4053 4053 4054 4054 4055 4055 4056 4056 4055 4055 4054 4054 4055 4055 4056 4056 4057 4057 4045 4045 4057 4057 4056 4056 4057 4057 4045 4045 4058 4058 4053 4053 4059 4059 4054 4054 4060 4060 4054 4054 4059 4059 4054 4054 4060 4060 4061 4061 4062 4062 4061 4061 4060 4060 4061 4061 4062 4062 4063 4063 4064 4064 4063 4063 4062 4062 4063 4063 4064 4064 4065 4065 4066 4066 4043 4043 4067 4067 4048 4048 4067 4067 4043 4043 4067 4067 4048 4048 4068 4068 4049 4049 4068 4068 4048 4048 4066 4066 4069 4069 4043 4043 4070 4070 4043 4043 4069 4069 4043 4043 4070 4070 4071 4071 4071 4071 4072 4072 4043 4043 4073 4073 4043 4043 4072 4072 4043 4043 4073 4073 4045 4045 4074 4074 4045 4045 4073 4073 4045 4045 4074 4074 4058 4058 4075 4075 4076 4076 4048 4048 4077 4077 4048 4048 4076 4076 4065 4065 4050 4050 4063 4063 4048 4048 4063 4063 4050 4050 4063 4063 4048 4048 4078 4078 4077 4077 4078 4078 4048 4048 4079 4079 4080 4080 4075 4075 4081 4081 4075 4075 4080 4080 4075 4075 4081 4081 4076 4076 4082 4082 4083 4083 4084 4084 4085 4085 4084 4084 4083 4083 4084 4084 4085 4085 4086 4086 4087 4087 4086 4086 4085 4085 4086 4086 4087 4087 4088 4088 4089 4089 4090 4090 4091 4091 4092 4092 4091 4091 4090 4090 4091 4091 4092 4092 4093 4093 4094 4094 4095 4095 4096 4096 4097 4097 4096 4096 4095 4095 4092 4092 3972 3972 4093 4093 3974 3974 4093 4093 3972 3972 4093 4093 3974 3974 4098 4098 4096 4096 4098 4098 3974 3974 4098 4098 4096 4096 4099 4099 4097 4097 4099 4099 4096 4096 4099 4099 4097 4097 4100 4100 4101 4101 4102 4102 4103 4103 4094 4094 4103 4103 4102 4102 4103 4103 4094 4094 4104 4104 4105 4105 4106 4106 4096 4096 4107 4107 4096 4096 4106 4106 4107 4107 4108 4108 4096 4096 4109 4109 4096 4096 4108 4108 4096 4096 4109 4109 4110 4110 4111 4111 4112 4112 4094 4094 4113 4113 4094 4094 4112 4112 4094 4094 4113 4113 4104 4104 4101 4101 4114 4114 4102 4102 4115 4115 4102 4102 4114 4114 4102 4102 4115 4115 4116 4116 4117 4117 4118 4118 4119 4119 4120 4120 4119 4119 4118 4118 4110 4110 4121 4121 4096 4096 4122 4122 4096 4096 4121 4121 4096 4096 4122 4122 4094 4094 4123 4123 4094 4094 4122 4122 4094 4094 4123 4123 4111 4111 4116 4116 4124 4124 4102 4102 4125 4125 4102 4102 4124 4124 4102 4102 4125 4125 4118 4118 4126 4126 4118 4118 4125 4125 4118 4118 4126 4126 4120 4120 4117 4117 4105 4105 4118 4118 4096 4096 4118 4118 4105 4105 4118 4118 4096 4096 4127 4127 3974 3974 4127 4127 4096 4096 4127 4127 3974 3974 4128 4128 4129 4129 4128 4128 3974 3974 4128 4128 4129 4129 4130 4130 4131 4131 4130 4130 4129 4129 4130 4130 4131 4131 4132 4132 4133 4133 4132 4132 4131 4131 4132 4132 4133 4133 4134 4134 4134 4134 4133 4133 4135 4135 4136 4136 4135 4135 4133 4133 4135 4135 4136 4136 4137 4137 3986 3986 4138 4138 4139 4139 4140 4140 4137 4137 4141 4141 4136 4136 4141 4141 4137 4137 4141 4141 4136 4136 4142 4142 4143 4143 4142 4142 4136 4136 4142 4142 4143 4143 4144 4144 4145 4145 4144 4144 4143 4143 4144 4144 4145 4145 4139 4139 4011 4011 4139 4139 4145 4145 4139 4139 4011 4011 3986 3986 4013 4013 3986 3986 4011 4011 3986 3986 4013 4013 3984 3984 4006 4006 3983 3983 3986 3986 4146 4146 3986 3986 3983 3983 3986 3986 4146 4146 4138 4138 4147 4147 4148 4148 4043 4043 4043 4043 4148 4148 4048 4048 4149 4149 4048 4048 4148 4148 4048 4048 4149 4149 4150 4150 4151 4151 4152 4152 4145 4145 4153 4153 4154 4154 4155 4155 4156 4156 4155 4155 4154 4154 4155 4155 4156 4156 4041 4041 4157 4157 4041 4041 4156 4156 4041 4041 4157 4157 4043 4043 4158 4158 4043 4043 4157 4157 4043 4043 4158 4158 4147 4147 4145 4145 4152 4152 4155 4155 4159 4159 4155 4155 4152 4152 4155 4155 4159 4159 4153 4153 4160 4160 4161 4161 4131 4131 4162 4162 4163 4163 4143 4143 4164 4164 4143 4143 4163 4163 4143 4143 4164 4164 4145 4145 4165 4165 4145 4145 4164 4164 4145 4145 4165 4165 4151 4151 4131 4131 4161 4161 4143 4143 4166 4166 4143 4143 4161 4161 4143 4143 4166 4166 4162 4162 4167 4167 4168 4168 4169 4169 4170 4170 4169 4169 4168 4168 4169 4169 4170 4170 4129 4129 4171 4171 4129 4129 4170 4170 4171 4171 4172 4172 4129 4129 4173 4173 4129 4129 4172 4172 4129 4129 4173 4173 4131 4131 4174 4174 4131 4131 4173 4173 4131 4131 4174 4174 4160 4160 4150 4150 4175 4175 4048 4048 4176 4176 4048 4048 4175 4175 4048 4048 4176 4176 4075 4075 4177 4177 4075 4075 4176 4176 4075 4075 4177 4177 4169 4169 4178 4178 4169 4169 4177 4177 4169 4169 4178 4178 4167 4167 4179 4179 4180 4180 4155 4155 4181 4181 4155 4155 4180 4180 4155 4155 4181 4181 4145 4145 4182 4182 4145 4145 4181 4181 4145 4145 4182 4182 4011 4011 4183 4183 4011 4011 4182 4182 4011 4011 4183 4183 4022 4022 4091 4091 4082 4082 4089 4089 4084 4084 4089 4089 4082 4082 4089 4089 4084 4084 4184 4184 4185 4185 4184 4184 4084 4084 3973 3973 4186 4186 3974 3974 4187 4187 3974 3974 4186 4186 3974 3974 4187 4187 4188 4188 4129 4129 4189 4189 4190 4190 4190 4190 4191 4191 4129 4129 4192 4192 4129 4129 4191 4191 4129 4129 4192 4192 4169 4169 4193 4193 4169 4169 4192 4192 4169 4169 4193 4193 4194 4194 4194 4194 4195 4195 4169 4169 4196 4196 4169 4169 4195 4195 4169 4169 4196 4196 4197 4197 4198 4198 4199 4199 4084 4084 4199 4199 4200 4200 4084 4084 4201 4201 4084 4084 4200 4200 4084 4084 4201 4201 4185 4185 4188 4188 4202 4202 3974 3974 4203 4203 3974 3974 4202 4202 3974 3974 4203 4203 4129 4129 4204 4204 4129 4129 4203 4203 4129 4129 4204 4204 4189 4189 4205 4205 4206 4206 4133 4133 4207 4207 4133 4133 4206 4206 4208 4208 4131 4131 4209 4209 4143 4143 4209 4209 4131 4131 4209 4209 4143 4143 4210 4210 4211 4211 4210 4210 4143 4143 4136 4136 4212 4212 4143 4143 4213 4213 4143 4143 4212 4212 4143 4143 4213 4213 4214 4214 4208 4208 4215 4215 4131 4131 4216 4216 4131 4131 4215 4215 4131 4131 4216 4216 4217 4217 4218 4218 4219 4219 4136 4136 4220 4220 4136 4136 4219 4219 4136 4136 4220 4220 4212 4212 4214 4214 4221 4221 4143 4143 4222 4222 4143 4143 4221 4221 4143 4143 4222 4222 4211 4211 4207 4207 4223 4223 4133 4133 4224 4224 4133 4133 4223 4223 4133 4133 4224 4224 4136 4136 4225 4225 4136 4136 4224 4224 4136 4136 4225 4225 4218 4218 4217 4217 4226 4226 4131 4131 4227 4227 4131 4131 4226 4226 4131 4131 4227 4227 4133 4133 4228 4228 4133 4133 4227 4227 4133 4133 4228 4228 4205 4205 4029 4029 4179 4179 3980 3980 4155 4155 3980 3980 4179 4179 3980 3980 4155 4155 3977 3977 4041 4041 3977 3977 4155 4155 3977 3977 4041 4041 3975 3975 4040 4040 3975 3975 4041 4041 4197 4197 4198 4198 4169 4169 4084 4084 4169 4169 4198 4198 4169 4169 4084 4084 4075 4075 4086 4086 4075 4075 4084 4084 4075 4075 4086 4086 4079 4079 4088 4088 4079 4079 4086 4086 2960 2960 2961 2961 4229 4229 4230 4230 4229 4229 2961 2961 4229 4229 4230 4230 4231 4231 4232 4232 4231 4231 4230 4230 4231 4231 4232 4232 4233 4233 4234 4234 4233 4233 4232 4232 4233 4233 4234 4234 4235 4235 4236 4236 4235 4235 4234 4234 4235 4235 4236 4236 4237 4237 4238 4238 4237 4237 4236 4236 4237 4237 4238 4238 4239 4239 4240 4240 4239 4239 4238 4238 4239 4239 4240 4240 4241 4241 4242 4242 4241 4241 4240 4240 4241 4241 4242 4242 4243 4243 4244 4244 4243 4243 4242 4242 4243 4243 4244 4244 4245 4245 4246 4246 4245 4245 4244 4244 4245 4245 4246 4246 4247 4247 4248 4248 4247 4247 4246 4246 4247 4247 4248 4248 4249 4249 4250 4250 4249 4249 4248 4248 4249 4249 4250 4250 2936 2936 2937 2937 2936 2936 4250 4250 4251 4251 4252 4252 4253 4253 4254 4254 4253 4253 4252 4252 4253 4253 4254 4254 4255 4255 4256 4256 4255 4255 4254 4254 4255 4255 4256 4256 4257 4257 4258 4258 4257 4257 4256 4256 4257 4257 4258 4258 4259 4259 4260 4260 4259 4259 4258 4258 4259 4259 4260 4260 4261 4261 4262 4262 4261 4261 4260 4260 4261 4261 4262 4262 4263 4263 4264 4264 4263 4263 4262 4262 4263 4263 4264 4264 4265 4265 4266 4266 4265 4265 4264 4264 4265 4265 4266 4266 4267 4267 4268 4268 4267 4267 4266 4266 4267 4267 4268 4268 4269 4269 4270 4270 4269 4269 4268 4268 4269 4269 4270 4270 4271 4271 4272 4272 4271 4271 4270 4270 4271 4271 4272 4272 4273 4273 4274 4274 4273 4273 4272 4272 4273 4273 4274 4274 4275 4275 4276 4276 4275 4275 4274 4274 4277 4277 2743 2743 4278 4278 2742 2742 4278 4278 2743 2743 4279 4279 4280 4280 4281 4281 4282 4282 4281 4281 4280 4280 4283 4283 4284 4284 4285 4285 4286 4286 4287 4287 4288 4288 4288 4288 4289 4289 4286 4286 4283 4283 4286 4286 4289 4289 4286 4286 4283 4283 4290 4290 4285 4285 4290 4290 4283 4283 4291 4291 4292 4292 4293 4293 4294 4294 4293 4293 4292 4292 4295 4295 4296 4296 4297 4297 4295 4295 4297 4297 4298 4298 4299 4299 4298 4298 4297 4297 4298 4298 4299 4299 4300 4300 4301 4301 4302 4302 4303 4303 4300 4300 4303 4303 4302 4302 4303 4303 4300 4300 4304 4304 4299 4299 4304 4304 4300 4300 4305 4305 4306 4306 4307 4307 4308 4308 4309 4309 4310 4310 4311 4311 4310 4310 4309 4309 4310 4310 4311 4311 4312 4312 4313 4313 4312 4312 4311 4311 4314 4314 4315 4315 4316 4316 4307 4307 4306 4306 4317 4317 4318 4318 4317 4317 4306 4306 4317 4317 4318 4318 4319 4319 4320 4320 4321 4321 4322 4322 4313 4313 4323 4323 4312 4312 4324 4324 4312 4312 4323 4323 4312 4312 4324 4324 4316 4316 4325 4325 4316 4316 4324 4324 4316 4316 4325 4325 4314 4314 4315 4315 4326 4326 4316 4316 4327 4327 4316 4316 4326 4326 4316 4316 4327 4327 4307 4307 4328 4328 4307 4307 4327 4327 4307 4307 4328 4328 4305 4305 4319 4319 4329 4329 4317 4317 4330 4330 4317 4317 4329 4329 4317 4317 4330 4330 4322 4322 4331 4331 4322 4322 4330 4330 4322 4322 4331 4331 4320 4320 4321 4321 4332 4332 4322 4322 4333 4333 4322 4322 4332 4332 4322 4322 4333 4333 4310 4310 4334 4334 4310 4310 4333 4333 4310 4310 4334 4334 4308 4308 4335 4335 4336 4336 4337 4337 4338 4338 4337 4337 4336 4336 4337 4337 4338 4338 4339 4339 4340 4340 4341 4341 4342 4342 4343 4343 4342 4342 4341 4341 4342 4342 4343 4343 4344 4344 4345 4345 4344 4344 4343 4343 4344 4344 4345 4345 4346 4346 4347 4347 4346 4346 4345 4345 4346 4346 4347 4347 4348 4348 4349 4349 4348 4348 4347 4347 4348 4348 4349 4349 4350 4350 4351 4351 4350 4350 4349 4349 4350 4350 4351 4351 4352 4352 4353 4353 4352 4352 4351 4351 4352 4352 4353 4353 4354 4354 4355 4355 4354 4354 4353 4353 4354 4354 4355 4355 4356 4356 4357 4357 4356 4356 4355 4355 4356 4356 4357 4357 4358 4358 4359 4359 4358 4358 4357 4357 4358 4358 4359 4359 4360 4360 4361 4361 4360 4360 4359 4359 4360 4360 4361 4361 4362 4362 4363 4363 4362 4362 4361 4361 4362 4362 4363 4363 4364 4364 4365 4365 4364 4364 4363 4363 4366 4366 1332 1332 4367 4367 1331 1331 4367 4367 1332 1332 4368 4368 4369 4369 4370 4370 4371 4371 4370 4370 4369 4369 4372 4372 4373 4373 4374 4374 4375 4375 4374 4374 4373 4373 4376 4376 4377 4377 4378 4378 4379 4379 4380 4380 4381 4381 4382 4382 4383 4383 4384 4384 4385 4385 4386 4386 4387 4387 4388 4388 4389 4389 4390 4390 4391 4391 4392 4392 4393 4393 4394 4394 4395 4395 4396 4396 4397 4397 4398 4398 4399 4399 4400 4400 4401 4401 4402 4402 502 502 537 537 4403 4403 4404 4404 4403 4403 537 537 4403 4403 4404 4404 4405 4405 4406 4406 4405 4405 4404 4404 4405 4405 4406 4406 4407 4407 4408 4408 4407 4407 4406 4406 4407 4407 4408 4408 4409 4409 504 504 502 502 4410 4410 4403 4403 4410 4410 502 502 4410 4410 4403 4403 4411 4411 4405 4405 4411 4411 4403 4403 4411 4411 4405 4405 4412 4412 4407 4407 4412 4412 4405 4405 4412 4412 4407 4407 4413 4413 4409 4409 4413 4413 4407 4407 4413 4413 4409 4409 4414 4414 506 506 504 504 4415 4415 4410 4410 4415 4415 504 504 4415 4415 4410 4410 4416 4416 4411 4411 4416 4416 4410 4410 4416 4416 4411 4411 4417 4417 4412 4412 4417 4417 4411 4411 4417 4417 4412 4412 4418 4418 4413 4413 4418 4418 4412 4412 4418 4418 4413 4413 4419 4419 4414 4414 4419 4419 4413 4413 4419 4419 4414 4414 4402 4402 4420 4420 4421 4421 4422 4422 508 508 506 506 3962 3962 4415 4415 3962 3962 506 506 3962 3962 4415 4415 3963 3963 4416 4416 3963 3963 4415 4415 3963 3963 4416 4416 3964 3964 4417 4417 3964 3964 4416 4416 3964 3964 4417 4417 3965 3965 4418 4418 3965 3965 4417 4417 3965 3965 4418 4418 3966 3966 4419 4419 3966 3966 4418 4418 3966 3966 4419 4419 3967 3967 4402 4402 3967 3967 4419 4419 3967 3967 4402 4402 2470 2470 4401 4401 2470 2470 4402 4402 4408 4408 4423 4423 4409 4409 4424 4424 4409 4409 4423 4423 4409 4409 4424 4424 4414 4414 4399 4399 4414 4414 4424 4424 4414 4414 4399 4399 4402 4402 4398 4398 4402 4402 4399 4399 4402 4402 4398 4398 4400 4400 4423 4423 4420 4420 4424 4424 4422 4422 4424 4424 4420 4420 4424 4424 4422 4422 4399 4399 4425 4425 4399 4399 4422 4422 4399 4399 4425 4425 4397 4397 4426 4426 4427 4427 4428 4428 4421 4421 4428 4428 4427 4427 4428 4428 4421 4421 4429 4429 4420 4420 4429 4429 4421 4421 4429 4429 4420 4420 4430 4430 4423 4423 4430 4430 4420 4420 4430 4430 4423 4423 4431 4431 4408 4408 4431 4431 4423 4423 4431 4431 4408 4408 4432 4432 4406 4406 4432 4432 4408 4408 4432 4432 4406 4406 4433 4433 4404 4404 4433 4433 4406 4406 4433 4433 4404 4404 536 536 537 537 536 536 4404 4404 4427 4427 4434 4434 4421 4421 4435 4435 4421 4421 4434 4434 4421 4421 4435 4435 4422 4422 4436 4436 4422 4422 4435 4435 4422 4422 4436 4436 4425 4425 536 536 534 534 4433 4433 4437 4437 4433 4433 534 534 4433 4433 4437 4437 4432 4432 4438 4438 4432 4432 4437 4437 4432 4432 4438 4438 4431 4431 4439 4439 4431 4431 4438 4438 4431 4431 4439 4439 4430 4430 4440 4440 4430 4430 4439 4439 4430 4430 4440 4440 4429 4429 4441 4441 4429 4429 4440 4440 4429 4429 4441 4441 4428 4428 4396 4396 4428 4428 4441 4441 4428 4428 4396 4396 4426 4426 4395 4395 4426 4426 4396 4396 534 534 532 532 4437 4437 4442 4442 4437 4437 532 532 4437 4437 4442 4442 4438 4438 4443 4443 4438 4438 4442 4442 4438 4438 4443 4443 4439 4439 4444 4444 4439 4439 4443 4443 4439 4439 4444 4444 4440 4440 4445 4445 4440 4440 4444 4444 4440 4440 4445 4445 4441 4441 4446 4446 4441 4441 4445 4445 4441 4441 4446 4446 4396 4396 4393 4393 4396 4396 4446 4446 4396 4396 4393 4393 4394 4394 4392 4392 4394 4394 4393 4393 4389 4389 4391 4391 4390 4390 4393 4393 4390 4390 4391 4391 4390 4390 4393 4393 4447 4447 4446 4446 4447 4447 4393 4393 4447 4447 4446 4446 4448 4448 4445 4445 4448 4448 4446 4446 4448 4448 4445 4445 4449 4449 4444 4444 4449 4449 4445 4445 4449 4449 4444 4444 4450 4450 4443 4443 4450 4450 4444 4444 4450 4450 4443 4443 4451 4451 4442 4442 4451 4451 4443 4443 4451 4451 4442 4442 530 530 532 532 530 530 4442 4442 4386 4386 4388 4388 4387 4387 4390 4390 4387 4387 4388 4388 4387 4387 4390 4390 4452 4452 4447 4447 4452 4452 4390 4390 4452 4452 4447 4447 4453 4453 4448 4448 4453 4453 4447 4447 4453 4453 4448 4448 4454 4454 4449 4449 4454 4454 4448 4448 4454 4454 4449 4449 4455 4455 4450 4450 4455 4455 4449 4449 4455 4455 4450 4450 4456 4456 4451 4451 4456 4456 4450 4450 4456 4456 4451 4451 528 528 530 530 528 528 4451 4451 4383 4383 4385 4385 4384 4384 4387 4387 4384 4384 4385 4385 4384 4384 4387 4387 4457 4457 4452 4452 4457 4457 4387 4387 4457 4457 4452 4452 4458 4458 4453 4453 4458 4458 4452 4452 4458 4458 4453 4453 4459 4459 4454 4454 4459 4459 4453 4453 4459 4459 4454 4454 4460 4460 4455 4455 4460 4460 4454 4454 4460 4460 4455 4455 4461 4461 4456 4456 4461 4461 4455 4455 4461 4461 4456 4456 526 526 528 528 526 526 4456 4456 4380 4380 4382 4382 4381 4381 4384 4384 4381 4381 4382 4382 4381 4381 4384 4384 4462 4462 4457 4457 4462 4462 4384 4384 4462 4462 4457 4457 4463 4463 4458 4458 4463 4463 4457 4457 4463 4463 4458 4458 4464 4464 4459 4459 4464 4464 4458 4458 4464 4464 4459 4459 4465 4465 4460 4460 4465 4465 4459 4459 4465 4465 4460 4460 4466 4466 4461 4461 4466 4466 4460 4460 4466 4466 4461 4461 525 525 526 526 525 525 4461 4461 4377 4377 4379 4379 4378 4378 4381 4381 4378 4378 4379 4379 4378 4378 4381 4381 4467 4467 4462 4462 4467 4467 4381 4381 4467 4467 4462 4462 4468 4468 4463 4463 4468 4468 4462 4462 4468 4468 4463 4463 4469 4469 4464 4464 4469 4469 4463 4463 4469 4469 4464 4464 4470 4470 4465 4465 4470 4470 4464 4464 4470 4470 4465 4465 4471 4471 4466 4466 4471 4471 4465 4465 4471 4471 4466 4466 499 499 525 525 499 499 4466 4466 4472 4472 4376 4376 4473 4473 4378 4378 4473 4473 4376 4376 4473 4473 4378 4378 4474 4474 4467 4467 4474 4474 4378 4378 4474 4474 4467 4467 4475 4475 4468 4468 4475 4475 4467 4467 4475 4475 4468 4468 4476 4476 4469 4469 4476 4476 4468 4468 4476 4476 4469 4469 4477 4477 4470 4470 4477 4477 4469 4469 4477 4477 4470 4470 4478 4478 4471 4471 4478 4478 4470 4470 4478 4478 4471 4471 497 497 499 499 497 497 4471 4471 497 497 495 495 4478 4478 3908 3908 4478 4478 495 495 4478 4478 3908 3908 4477 4477 3909 3909 4477 4477 3908 3908 4477 4477 3909 3909 4476 4476 3910 3910 4476 4476 3909 3909 4476 4476 3910 3910 4475 4475 3911 3911 4475 4475 3910 3910 4475 4475 3911 3911 4474 4474 3912 3912 4474 4474 3911 3911 4474 4474 3912 3912 4473 4473 3913 3913 4473 4473 3912 3912 4473 4473 3913 3913 4472 4472 2437 2437 4472 4472 3913 3913 4479 4479 4480 4480 4481 4481 4482 4482 4481 4481 4480 4480 4481 4481 4482 4482 4483 4483 4484 4484 4483 4483 4482 4482 4483 4483 4484 4484 4485 4485 4486 4486 4485 4485 4484 4484 4485 4485 4486 4486 4487 4487 4488 4488 4487 4487 4486 4486 4487 4487 4488 4488 4489 4489 4490 4490 4489 4489 4488 4488 4489 4489 4490 4490 4491 4491 4492 4492 4491 4491 4490 4490 4491 4491 4492 4492 4493 4493 4494 4494 4493 4493 4492 4492 4493 4493 4494 4494 4495 4495 4496 4496 4495 4495 4494 4494 4495 4495 4496 4496 4497 4497 4498 4498 4497 4497 4496 4496 4497 4497 4498 4498 4499 4499 4500 4500 4499 4499 4498 4498 4499 4499 4500 4500 4501 4501 4502 4502 4501 4501 4500 4500 4501 4501 4502 4502 4503 4503 4504 4504 4503 4503 4502 4502 4505 4505 4506 4506 4507 4507 4508 4508 4507 4507 4506 4506 4509 4509 4510 4510 4511 4511 4512 4512 4511 4511 4510 4510 4513 4513 4514 4514 4515 4515 4513 4513 4515 4515 4516 4516 4517 4517 4516 4516 4515 4515 4516 4516 4517 4517 4518 4518 4519 4519 4518 4518 4517 4517 4518 4518 4519 4519 4520 4520 4521 4521 4520 4520 4519 4519 4520 4520 4521 4521 4522 4522 4523 4523 4522 4522 4521 4521 4522 4522 4523 4523 4524 4524 4525 4525 4524 4524 4523 4523 4524 4524 4525 4525 4526 4526 4527 4527 4528 4528 4529 4529 4530 4530 4529 4529 4528 4528 289 289 288 288 4531 4531 4532 4532 4531 4531 288 288 4531 4531 4532 4532 4533 4533 4534 4534 4533 4533 4532 4532 4533 4533 4534 4534 4535 4535 4536 4536 4535 4535 4534 4534 4535 4535 4536 4536 4537 4537 4538 4538 4537 4537 4536 4536 4537 4537 4538 4538 4539 4539 4540 4540 4539 4539 4538 4538 4539 4539 4540 4540 4541 4541 4542 4542 4541 4541 4540 4540 4543 4543 4544 4544 4545 4545 4546 4546 4545 4545 4544 4544 4547 4547 4548 4548 4549 4549 4550 4550 4549 4549 4548 4548 4549 4549 4550 4550 4551 4551 4552 4552 4551 4551 4550 4550 4551 4551 4552 4552 4553 4553 4554 4554 4553 4553 4552 4552 4553 4553 4554 4554 4555 4555 4556 4556 4555 4555 4554 4554 4555 4555 4556 4556 4557 4557 4558 4558 4557 4557 4556 4556 4557 4557 4558 4558 4559 4559 4560 4560 1011 1011 4561 4561 1000 1000 4561 4561 1011 1011 4561 4561 1000 1000 4562 4562 942 942 4562 4562 1000 1000 4562 4562 942 942 4563 4563 941 941 4563 4563 942 942 4563 4563 941 941 4564 4564 990 990 4564 4564 941 941 4564 4564 990 990 4565 4565 989 989 4565 4565 990 990 4565 4565 989 989 4566 4566 989 989 981 981 4566 4566 975 975 4566 4566 981 981 4566 4566 975 975 4567 4567 964 964 4567 4567 975 975 4567 4567 964 964 4568 4568 929 929 4568 4568 964 964 4568 4568 929 929 4569 4569 928 928 4569 4569 929 929 4569 4569 928 928 4570 4570 954 954 4570 4570 928 928 4570 4570 954 954 4571 4571 4572 4572 4571 4571 954 954 4571 4571 4572 4572 4573 4573 4574 4574 4573 4573 4572 4572 4573 4573 4574 4574 4547 4547 4575 4575 4547 4547 4574 4574 4547 4547 4575 4575 4548 4548 4558 4558 4576 4576 4559 4559 4577 4577 4559 4559 4576 4576 4559 4559 4577 4577 4578 4578 4579 4579 4578 4578 4577 4577 4578 4578 4579 4579 4580 4580 4581 4581 4580 4580 4579 4579 4580 4580 4581 4581 4582 4582 1026 1026 4582 4582 4581 4581 4582 4582 1026 1026 4583 4583 1025 1025 4583 4583 1026 1026 4583 4583 1025 1025 4560 4560 1017 1017 4560 4560 1025 1025 4560 4560 1017 1017 1011 1011 4584 4584 4585 4585 4586 4586 4587 4587 4586 4586 4585 4585 4586 4586 4587 4587 4588 4588 4589 4589 4590 4590 4591 4591 4592 4592 4591 4591 4590 4590 4589 4589 4591 4591 4593 4593 4594 4594 4593 4593 4591 4591 4593 4593 4594 4594 4595 4595 4592 4592 4584 4584 4591 4591 4586 4586 4591 4591 4584 4584 4591 4591 4586 4586 4596 4596 4597 4597 4596 4596 4586 4586 4596 4596 4597 4597 4598 4598 4599 4599 4598 4598 4597 4597 4600 4600 4601 4601 4602 4602 4603 4603 4602 4602 4601 4601 4602 4602 4603 4603 4604 4604 4605 4605 4604 4604 4603 4603 4604 4604 4605 4605 4606 4606 4607 4607 4606 4606 4605 4605 4606 4606 4607 4607 4608 4608 4609 4609 4608 4608 4607 4607 4608 4608 4609 4609 4610 4610 4611 4611 4610 4610 4609 4609 4610 4610 4611 4611 4612 4612 4613 4613 4612 4612 4611 4611 4612 4612 4613 4613 4614 4614 4615 4615 4614 4614 4613 4613 4614 4614 4615 4615 4616 4616 4617 4617 4616 4616 4615 4615 4616 4616 4617 4617 4618 4618 4619 4619 4618 4618 4617 4617 4618 4618 4619 4619 4620 4620 4621 4621 4620 4620 4619 4619 4620 4620 4621 4621 4622 4622 4623 4623 4622 4622 4621 4621 4622 4622 4623 4623 4624 4624 4625 4625 4624 4624 4623 4623 1082 1082 1083 1083 4626 4626 4627 4627 4626 4626 1083 1083 4626 4626 4627 4627 4628 4628 4629 4629 4628 4628 4627 4627 4628 4628 4629 4629 4630 4630 4631 4631 4630 4630 4629 4629 4630 4630 4631 4631 4632 4632 4633 4633 4632 4632 4631 4631 4632 4632 4633 4633 4634 4634 4635 4635 4634 4634 4633 4633 4634 4634 4635 4635 4636 4636 4637 4637 4636 4636 4635 4635 4636 4636 4637 4637 4638 4638 4639 4639 4638 4638 4637 4637 4638 4638 4639 4639 4640 4640 4641 4641 4640 4640 4639 4639 4640 4640 4641 4641 4642 4642 4643 4643 4642 4642 4641 4641 4642 4642 4643 4643 4644 4644 4645 4645 4644 4644 4643 4643 4644 4644 4645 4645 4646 4646 4647 4647 4646 4646 4645 4645 4646 4646 4647 4647 1058 1058 1059 1059 1058 1058 4647 4647 4648 4648 4649 4649 4650 4650 4651 4651 4650 4650 4649 4649 4652 4652 4541 4541 4653 4653 4542 4542 4653 4653 4541 4541 4652 4652 4653 4653 4654 4654 4655 4655 4654 4654 4653 4653 4654 4654 4655 4655 4656 4656 4657 4657 4656 4656 4655 4655 4656 4656 4657 4657 4658 4658 4659 4659 4658 4658 4657 4657 4658 4658 4659 4659 4660 4660 4661 4661 4660 4660 4659 4659 4660 4660 4661 4661 4662 4662 4663 4663 4662 4662 4661 4661 4662 4662 4663 4663 2130 2130 2131 2131 2130 2130 4663 4663 4664 4664 4665 4665 4666 4666 4364 4364 4365 4365 4667 4667 4668 4668 4667 4667 4365 4365 4667 4667 4668 4668 4669 4669 4670 4670 4669 4669 4668 4668 4669 4669 4670 4670 4671 4671 4672 4672 4671 4671 4670 4670 4671 4671 4672 4672 4673 4673 4674 4674 4673 4673 4672 4672 4673 4673 4674 4674 4675 4675 4676 4676 4675 4675 4674 4674 4675 4675 4676 4676 4677 4677 4678 4678 4677 4677 4676 4676 4677 4677 4678 4678 4679 4679 4680 4680 4679 4679 4678 4678 4679 4679 4680 4680 4681 4681 4682 4682 4681 4681 4680 4680 4681 4681 4682 4682 4683 4683 4684 4684 4683 4683 4682 4682 4683 4683 4684 4684 4685 4685 4686 4686 4685 4685 4684 4684 4685 4685 4686 4686 4687 4687 4688 4688 4687 4687 4686 4686 4687 4687 4688 4688 4340 4340 4341 4341 4340 4340 4688 4688 4689 4689 4690 4690 4691 4691 4692 4692 4693 4693 4694 4694 4695 4695 4694 4694 4693 4693 3562 3562 3561 3561 4696 4696 4697 4697 4696 4696 3561 3561 4696 4696 4697 4697 4698 4698 4699 4699 4698 4698 4697 4697 4698 4698 4699 4699 4700 4700 4701 4701 4700 4700 4699 4699 4700 4700 4701 4701 4702 4702 4703 4703 4702 4702 4701 4701 4704 4704 4705 4705 4706 4706 4707 4707 4706 4706 4705 4705 4708 4708 4709 4709 4710 4710 4711 4711 4710 4710 4709 4709 4710 4710 4711 4711 4712 4712 4713 4713 4712 4712 4711 4711 4712 4712 4713 4713 4714 4714 4715 4715 4714 4714 4713 4713 4714 4714 4715 4715 4716 4716 4717 4717 4716 4716 4715 4715 4716 4716 4717 4717 4718 4718 591 591 590 590 4719 4719 4718 4718 4719 4719 590 590 4719 4719 4718 4718 4720 4720 4717 4717 4720 4720 4718 4718 4721 4721 2045 2045 4722 4722 1987 1987 4722 4722 2045 2045 4722 4722 1987 1987 4723 4723 1986 1986 4723 4723 1987 1987 4723 4723 1986 1986 4724 4724 2035 2035 4724 4724 1986 1986 4724 4724 2035 2035 4725 4725 2034 2034 4725 4725 2035 2035 4725 4725 2034 2034 4726 4726 2026 2026 4726 4726 2034 2034 4726 4726 2026 2026 4727 4727 2026 2026 2020 2020 4727 4727 2009 2009 4727 4727 2020 2020 4727 4727 2009 2009 4728 4728 1974 1974 4728 4728 2009 2009 4728 4728 1974 1974 4729 4729 1973 1973 4729 4729 1974 1974 4729 4729 1973 1973 4730 4730 1999 1999 4730 4730 1973 1973 4730 4730 1999 1999 4731 4731 4732 4732 4731 4731 1999 1999 4731 4731 4732 4732 4733 4733 4732 4732 4734 4734 4733 4733 4735 4735 4733 4733 4734 4734 4733 4733 4735 4735 4736 4736 4737 4737 4736 4736 4735 4735 4736 4736 4737 4737 4738 4738 4739 4739 4738 4738 4737 4737 4738 4738 4739 4739 4740 4740 4741 4741 4740 4740 4739 4739 4740 4740 4741 4741 4742 4742 4743 4743 4742 4742 4741 4741 4742 4742 4743 4743 4744 4744 4745 4745 4744 4744 4743 4743 4744 4744 4745 4745 4746 4746 4747 4747 4746 4746 4745 4745 4746 4746 4747 4747 4748 4748 4747 4747 4749 4749 4748 4748 4750 4750 4748 4748 4749 4749 4748 4748 4750 4750 4751 4751 4752 4752 4751 4751 4750 4750 4751 4751 4752 4752 4753 4753 4754 4754 4753 4753 4752 4752 4753 4753 4754 4754 4755 4755 2071 2071 4755 4755 4754 4754 4755 4755 2071 2071 4756 4756 2070 2070 4756 4756 2071 2071 4756 4756 2070 2070 4757 4757 2062 2062 4757 4757 2070 2070 4757 4757 2062 2062 4721 4721 2056 2056 4721 4721 2062 2062 4721 4721 2056 2056 2045 2045 4758 4758 4709 4709 4708 4708 4759 4759 4760 4760 4761 4761 4759 4759 4761 4761 2500 2500 4762 4762 4758 4758 4763 4763 4708 4708 4763 4763 4758 4758 4763 4763 4708 4708 4761 4761 2501 2501 4761 4761 4708 4708 4761 4761 2501 2501 2500 2500 2730 2730 4764 4764 2731 2731 4765 4765 2731 2731 4764 4764 4766 4766 4767 4767 4768 4768 4769 4769 4768 4768 4767 4767 4770 4770 4771 4771 4772 4772 4773 4773 4772 4772 4771 4771 2777 2777 2776 2776 4774 4774 4775 4775 4774 4774 2776 2776 4774 4774 4775 4775 4776 4776 4777 4777 4776 4776 4775 4775 2753 2753 2752 2752 4778 4778 4779 4779 4778 4778 2752 2752 4778 4778 4779 4779 4780 4780 4781 4781 4780 4780 4779 4779 4780 4780 4781 4781 4782 4782 4783 4783 4782 4782 4781 4781 4782 4782 4783 4783 4784 4784 4785 4785 4784 4784 4783 4783 4784 4784 4785 4785 4786 4786 4787 4787 4786 4786 4785 4785 4786 4786 4787 4787 4788 4788 4789 4789 4788 4788 4787 4787 4788 4788 4789 4789 4790 4790 4791 4791 4790 4790 4789 4789 4790 4790 4791 4791 4792 4792 4793 4793 4792 4792 4791 4791 4792 4792 4793 4793 4794 4794 4795 4795 4794 4794 4793 4793 4794 4794 4795 4795 4777 4777 4796 4796 4777 4777 4795 4795 4777 4777 4796 4796 4776 4776 4797 4797 4798 4798 4799 4799 4800 4800 4799 4799 4798 4798 4801 4801 4802 4802 4803 4803 4804 4804 4803 4803 4802 4802 4804 4804 4805 4805 4803 4803 4806 4806 4803 4803 4805 4805 4803 4803 4806 4806 4807 4807 4808 4808 4809 4809 4810 4810 4811 4811 4810 4810 4809 4809 4812 4812 4813 4813 4814 4814 4815 4815 4814 4814 4813 4813 4816 4816 4817 4817 4818 4818 4819 4819 4818 4818 4817 4817 4820 4820 4821 4821 4822 4822 4823 4823 4824 4824 4825 4825 4826 4826 4827 4827 4828 4828 4829 4829 4830 4830 4831 4831 4832 4832 4833 4833 4834 4834 4835 4835 4836 4836 4837 4837 4838 4838 4839 4839 4840 4840 4841 4841 4842 4842 4843 4843 4844 4844 4845 4845 4846 4846 4847 4847 4848 4848 4849 4849 4850 4850 4849 4849 4848 4848 4849 4849 4850 4850 4851 4851 4852 4852 4851 4851 4850 4850 4851 4851 4852 4852 4853 4853 4854 4854 4853 4853 4852 4852 4853 4853 4854 4854 4855 4855 4856 4856 4847 4847 4857 4857 4849 4849 4857 4857 4847 4847 4857 4857 4849 4849 4858 4858 4851 4851 4858 4858 4849 4849 4858 4858 4851 4851 4859 4859 4853 4853 4859 4859 4851 4851 4859 4859 4853 4853 4860 4860 4855 4855 4860 4860 4853 4853 4860 4860 4855 4855 4861 4861 4862 4862 4856 4856 4863 4863 4857 4857 4863 4863 4856 4856 4863 4863 4857 4857 4864 4864 4858 4858 4864 4864 4857 4857 4864 4864 4858 4858 4865 4865 4859 4859 4865 4865 4858 4858 4865 4865 4859 4859 4866 4866 4860 4860 4866 4866 4859 4859 4866 4866 4860 4860 4867 4867 4861 4861 4867 4867 4860 4860 4867 4867 4861 4861 4846 4846 4868 4868 4869 4869 4870 4870 4871 4871 4862 4862 4872 4872 4863 4863 4872 4872 4862 4862 4872 4872 4863 4863 4873 4873 4864 4864 4873 4873 4863 4863 4873 4873 4864 4864 4874 4874 4865 4865 4874 4874 4864 4864 4874 4874 4865 4865 4875 4875 4866 4866 4875 4875 4865 4865 4875 4875 4866 4866 4876 4876 4867 4867 4876 4876 4866 4866 4876 4876 4867 4867 4877 4877 4846 4846 4877 4877 4867 4867 4877 4877 4846 4846 3177 3177 4845 4845 3177 3177 4846 4846 4854 4854 4878 4878 4855 4855 4879 4879 4855 4855 4878 4878 4855 4855 4879 4879 4861 4861 4843 4843 4861 4861 4879 4879 4861 4861 4843 4843 4846 4846 4842 4842 4846 4846 4843 4843 4846 4846 4842 4842 4844 4844 4878 4878 4868 4868 4879 4879 4870 4870 4879 4879 4868 4868 4879 4879 4870 4870 4843 4843 4880 4880 4843 4843 4870 4870 4843 4843 4880 4880 4841 4841 4881 4881 4882 4882 4883 4883 4869 4869 4883 4883 4882 4882 4883 4883 4869 4869 4884 4884 4868 4868 4884 4884 4869 4869 4884 4884 4868 4868 4885 4885 4878 4878 4885 4885 4868 4868 4885 4885 4878 4878 4886 4886 4854 4854 4886 4886 4878 4878 4886 4886 4854 4854 4887 4887 4852 4852 4887 4887 4854 4854 4887 4887 4852 4852 4888 4888 4850 4850 4888 4888 4852 4852 4888 4888 4850 4850 4889 4889 4848 4848 4889 4889 4850 4850 4882 4882 4890 4890 4869 4869 4891 4891 4869 4869 4890 4890 4869 4869 4891 4891 4870 4870 4892 4892 4870 4870 4891 4891 4870 4870 4892 4892 4880 4880 4889 4889 4893 4893 4888 4888 4894 4894 4888 4888 4893 4893 4888 4888 4894 4894 4887 4887 4895 4895 4887 4887 4894 4894 4887 4887 4895 4895 4886 4886 4896 4896 4886 4886 4895 4895 4886 4886 4896 4896 4885 4885 4897 4897 4885 4885 4896 4896 4885 4885 4897 4897 4884 4884 4898 4898 4884 4884 4897 4897 4884 4884 4898 4898 4883 4883 4840 4840 4883 4883 4898 4898 4883 4883 4840 4840 4881 4881 4839 4839 4881 4881 4840 4840 4893 4893 4899 4899 4894 4894 4900 4900 4894 4894 4899 4899 4894 4894 4900 4900 4895 4895 4901 4901 4895 4895 4900 4900 4895 4895 4901 4901 4896 4896 4902 4902 4896 4896 4901 4901 4896 4896 4902 4902 4897 4897 4903 4903 4897 4897 4902 4902 4897 4897 4903 4903 4898 4898 4904 4904 4898 4898 4903 4903 4898 4898 4904 4904 4840 4840 4837 4837 4840 4840 4904 4904 4840 4840 4837 4837 4838 4838 4836 4836 4838 4838 4837 4837 4833 4833 4835 4835 4834 4834 4837 4837 4834 4834 4835 4835 4834 4834 4837 4837 4905 4905 4904 4904 4905 4905 4837 4837 4905 4905 4904 4904 4906 4906 4903 4903 4906 4906 4904 4904 4906 4906 4903 4903 4907 4907 4902 4902 4907 4907 4903 4903 4907 4907 4902 4902 4908 4908 4901 4901 4908 4908 4902 4902 4908 4908 4901 4901 4909 4909 4900 4900 4909 4909 4901 4901 4909 4909 4900 4900 4910 4910 4899 4899 4910 4910 4900 4900 4830 4830 4832 4832 4831 4831 4834 4834 4831 4831 4832 4832 4831 4831 4834 4834 4911 4911 4905 4905 4911 4911 4834 4834 4911 4911 4905 4905 4912 4912 4906 4906 4912 4912 4905 4905 4912 4912 4906 4906 4913 4913 4907 4907 4913 4913 4906 4906 4913 4913 4907 4907 4914 4914 4908 4908 4914 4914 4907 4907 4914 4914 4908 4908 4915 4915 4909 4909 4915 4915 4908 4908 4915 4915 4909 4909 4916 4916 4910 4910 4916 4916 4909 4909 4827 4827 4829 4829 4828 4828 4831 4831 4828 4828 4829 4829 4828 4828 4831 4831 4917 4917 4911 4911 4917 4917 4831 4831 4917 4917 4911 4911 4918 4918 4912 4912 4918 4918 4911 4911 4918 4918 4912 4912 4919 4919 4913 4913 4919 4919 4912 4912 4919 4919 4913 4913 4920 4920 4914 4914 4920 4920 4913 4913 4920 4920 4914 4914 4921 4921 4915 4915 4921 4921 4914 4914 4921 4921 4915 4915 4922 4922 4916 4916 4922 4922 4915 4915 4824 4824 4826 4826 4825 4825 4828 4828 4825 4825 4826 4826 4825 4825 4828 4828 4923 4923 4917 4917 4923 4923 4828 4828 4923 4923 4917 4917 4924 4924 4918 4918 4924 4924 4917 4917 4924 4924 4918 4918 4925 4925 4919 4919 4925 4925 4918 4918 4925 4925 4919 4919 4926 4926 4920 4920 4926 4926 4919 4919 4926 4926 4920 4920 4927 4927 4921 4921 4927 4927 4920 4920 4927 4927 4921 4921 4928 4928 4922 4922 4928 4928 4921 4921 4821 4821 4823 4823 4822 4822 4825 4825 4822 4822 4823 4823 4822 4822 4825 4825 4929 4929 4923 4923 4929 4929 4825 4825 4929 4929 4923 4923 4930 4930 4924 4924 4930 4930 4923 4923 4930 4930 4924 4924 4931 4931 4925 4925 4931 4931 4924 4924 4931 4931 4925 4925 4932 4932 4926 4926 4932 4932 4925 4925 4932 4932 4926 4926 4933 4933 4927 4927 4933 4933 4926 4926 4933 4933 4927 4927 4934 4934 4928 4928 4934 4934 4927 4927 4935 4935 4820 4820 4936 4936 4822 4822 4936 4936 4820 4820 4936 4936 4822 4822 4937 4937 4929 4929 4937 4937 4822 4822 4937 4937 4929 4929 4938 4938 4930 4930 4938 4938 4929 4929 4938 4938 4930 4930 4939 4939 4931 4931 4939 4939 4930 4930 4939 4939 4931 4931 4940 4940 4932 4932 4940 4940 4931 4931 4940 4940 4932 4932 4941 4941 4933 4933 4941 4941 4932 4932 4941 4941 4933 4933 4942 4942 4934 4934 4942 4942 4933 4933 4942 4942 4943 4943 4941 4941 4944 4944 4941 4941 4943 4943 4941 4941 4944 4944 4940 4940 4945 4945 4940 4940 4944 4944 4940 4940 4945 4945 4939 4939 4946 4946 4939 4939 4945 4945 4939 4939 4946 4946 4938 4938 4947 4947 4938 4938 4946 4946 4938 4938 4947 4947 4937 4937 4948 4948 4937 4937 4947 4947 4937 4937 4948 4948 4936 4936 4949 4949 4936 4936 4948 4948 4936 4936 4949 4949 4935 4935 3143 3143 4935 4935 4949 4949 4950 4950 4951 4951 4952 4952 4953 4953 4952 4952 4951 4951 4954 4954 4955 4955 4956 4956 4957 4957 4956 4956 4955 4955 4956 4956 4957 4957 4958 4958 4959 4959 4958 4958 4957 4957 4958 4958 4959 4959 4960 4960 4961 4961 4960 4960 4959 4959 4960 4960 4961 4961 4962 4962 4963 4963 4962 4962 4961 4961 4962 4962 4963 4963 4964 4964 4965 4965 4964 4964 4963 4963 4964 4964 4965 4965 4966 4966 4967 4967 4966 4966 4965 4965 4966 4966 4967 4967 4968 4968 4969 4969 4968 4968 4967 4967 4968 4968 4969 4969 4970 4970 4971 4971 4970 4970 4969 4969 4970 4970 4971 4971 4972 4972 4973 4973 4972 4972 4971 4971 4972 4972 4973 4973 4974 4974 4975 4975 4974 4974 4973 4973 4974 4974 4975 4975 4976 4976 4977 4977 4976 4976 4975 4975 4976 4976 4977 4977 4978 4978 4979 4979 4978 4978 4977 4977 4980 4980 4981 4981 4982 4982 4983 4983 4982 4982 4981 4981 4982 4982 4983 4983 4984 4984 4985 4985 4984 4984 4983 4983 4984 4984 4985 4985 4986 4986 4987 4987 4986 4986 4985 4985 4986 4986 4987 4987 4988 4988 4989 4989 4988 4988 4987 4987 4988 4988 4989 4989 4990 4990 4991 4991 4990 4990 4989 4989 4990 4990 4991 4991 4992 4992 4993 4993 4992 4992 4991 4991 4992 4992 4993 4993 4994 4994 4995 4995 4996 4996 4997 4997 4998 4998 4997 4997 4996 4996 4997 4997 4998 4998 4999 4999 5000 5000 4999 4999 4998 4998 4999 4999 5000 5000 5001 5001 5002 5002 5001 5001 5000 5000 5001 5001 5002 5002 5003 5003 5004 5004 5003 5003 5002 5002 5003 5003 5004 5004 5005 5005 5006 5006 5005 5005 5004 5004 5005 5005 5006 5006 5007 5007 5006 5006 5008 5008 5007 5007 5009 5009 5007 5007 5008 5008 5007 5007 5009 5009 5010 5010 5011 5011 5010 5010 5009 5009 5010 5010 5011 5011 5012 5012 5013 5013 5012 5012 5011 5011 5012 5012 5013 5013 5014 5014 5015 5015 5014 5014 5013 5013 5014 5014 5015 5015 5016 5016 5017 5017 5016 5016 5015 5015 5016 5016 5017 5017 4980 4980 5018 5018 4980 4980 5017 5017 4980 4980 5018 5018 4981 4981 4993 4993 5019 5019 4994 4994 5020 5020 4994 4994 5019 5019 4994 4994 5020 5020 5021 5021 5022 5022 5021 5021 5020 5020 5021 5021 5022 5022 5023 5023 5024 5024 5023 5023 5022 5022 5023 5023 5024 5024 5025 5025 5026 5026 5025 5025 5024 5024 5025 5025 5026 5026 5027 5027 5028 5028 5027 5027 5026 5026 5027 5027 5028 5028 5029 5029 5030 5030 5029 5029 5028 5028 5029 5029 5030 5030 4995 4995 5031 5031 4995 4995 5030 5030 4995 4995 5031 5031 4996 4996 5032 5032 5033 5033 5034 5034 5035 5035 5034 5034 5033 5033 5036 5036 5037 5037 5038 5038 5039 5039 5040 5040 5036 5036 5041 5041 5042 5042 5043 5043 5044 5044 5043 5043 5042 5042 5043 5043 5044 5044 5045 5045 5039 5039 5036 5036 5046 5046 5038 5038 5046 5046 5036 5036 5046 5046 5038 5038 5045 5045 5047 5047 5045 5045 5038 5038 5045 5045 5047 5047 5043 5043 5048 5048 5043 5043 5047 5047 5043 5043 5048 5048 5049 5049 5040 5040 5050 5050 5036 5036 5051 5051 5036 5036 5050 5050 5036 5036 5051 5051 5052 5052 5053 5053 5052 5052 5051 5051 5054 5054 5055 5055 5056 5056 5056 5056 5057 5057 5054 5054 5058 5058 5054 5054 5057 5057 5054 5054 5058 5058 5059 5059 5060 5060 5059 5059 5058 5058 5059 5059 5060 5060 5061 5061 5062 5062 5063 5063 5064 5064 5064 5064 5063 5063 5065 5065 5066 5066 5067 5067 5068 5068 5069 5069 5068 5068 5067 5067 5069 5069 5070 5070 5068 5068 5071 5071 5068 5068 5070 5070 5068 5068 5071 5071 5072 5072 5073 5073 5072 5072 5071 5071 5072 5072 5073 5073 5074 5074 5066 5066 5068 5068 5075 5075 5076 5076 5075 5075 5068 5068 5075 5075 5076 5076 5077 5077 5074 5074 5078 5078 5072 5072 5079 5079 5072 5072 5078 5078 5072 5072 5079 5079 5064 5064 5080 5080 5064 5064 5079 5079 5064 5064 5080 5080 5062 5062 5063 5063 5081 5081 5065 5065 5082 5082 5065 5065 5081 5081 5065 5065 5082 5082 5083 5083 5084 5084 5085 5085 5086 5086 5087 5087 5086 5086 5085 5085 5086 5086 5087 5087 5076 5076 5088 5088 5076 5076 5087 5087 5076 5076 5088 5088 5077 5077 5083 5083 5089 5089 5065 5065 5090 5090 5065 5065 5089 5089 5065 5065 5090 5090 5086 5086 5091 5091 5086 5086 5090 5090 5086 5086 5091 5091 5084 5084 5092 5092 5093 5093 5094 5094 5095 5095 5094 5094 5093 5093 5096 5096 5097 5097 5098 5098 5099 5099 5098 5098 5097 5097 1343 1343 1344 1344 5100 5100 5101 5101 5100 5100 1344 1344 5100 5100 5101 5101 5102 5102 5103 5103 5104 5104 5105 5105 5103 5103 5105 5105 5106 5106 5107 5107 5106 5106 5105 5105 5106 5106 5107 5107 5108 5108 5109 5109 5108 5108 5107 5107 5108 5108 5109 5109 5110 5110 5111 5111 5110 5110 5109 5109 5110 5110 5111 5111 5112 5112 5113 5113 5112 5112 5111 5111 5112 5112 5113 5113 5114 5114 5115 5115 5114 5114 5113 5113 5114 5114 5115 5115 5116 5116 5117 5117 5116 5116 5115 5115 5116 5116 5117 5117 5118 5118 5119 5119 5118 5118 5117 5117 5118 5118 5119 5119 5120 5120 5121 5121 5120 5120 5119 5119 5120 5120 5121 5121 5122 5122 5123 5123 5122 5122 5121 5121 5122 5122 5123 5123 5124 5124 5125 5125 5124 5124 5123 5123 5124 5124 5125 5125 5126 5126 5127 5127 5126 5126 5125 5125 5126 5126 5127 5127 5128 5128 5129 5129 5130 5130 5131 5131 5132 5132 5133 5133 5134 5134 5135 5135 5134 5134 5133 5133 5131 5131 5136 5136 5129 5129 5137 5137 5129 5129 5136 5136 5129 5129 5137 5137 5138 5138 5139 5139 5138 5138 5137 5137 5138 5138 5139 5139 5140 5140 5141 5141 5140 5140 5139 5139 5140 5140 5141 5141 5135 5135 5142 5142 5135 5135 5141 5141 5135 5135 5142 5142 5134 5134 3178 3178 3177 3177 4845 4845 3178 3178 4845 4845 5143 5143 4844 4844 5143 5143 4845 4845 5143 5143 4844 4844 5144 5144 4844 4844 4842 4842 5144 5144 4841 4841 5144 5144 4842 4842 5144 5144 4841 4841 5145 5145 4841 4841 4880 4880 5145 5145 4892 4892 5145 5145 4880 4880 5145 5145 4892 4892 5146 5146 4891 4891 5146 5146 4892 4892 4891 4891 4890 4890 5146 5146 4882 4882 5146 5146 4890 4890 5146 5146 4882 4882 5147 5147 4882 4882 4881 4881 5147 5147 4839 4839 5147 5147 4881 4881 5147 5147 4839 4839 5148 5148 4839 4839 4838 4838 5148 5148 4836 4836 5148 5148 4838 4838 5148 5148 4836 4836 5149 5149 4836 4836 4835 4835 5149 5149 4833 4833 5149 5149 4835 4835 5149 5149 4833 4833 5150 5150 4833 4833 4832 4832 5150 5150 4830 4830 5150 5150 4832 4832 5150 5150 4830 4830 5151 5151 4830 4830 4829 4829 5151 5151 4827 4827 5151 5151 4829 4829 5151 5151 4827 4827 5152 5152 4827 4827 4826 4826 5152 5152 4824 4824 5152 5152 4826 4826 5152 5152 4824 4824 5153 5153 4824 4824 4823 4823 5153 5153 4821 4821 5153 5153 4823 4823 5153 5153 4821 4821 5154 5154 3143 3143 3142 3142 4935 4935 5154 5154 4935 4935 3142 3142 4935 4935 5154 5154 4820 4820 4821 4821 4820 4820 5154 5154 5155 5155 5156 5156 5157 5157 5158 5158 5157 5157 5156 5156 5159 5159 5160 5160 5161 5161 5159 5159 5161 5161 5162 5162 5163 5163 5162 5162 5161 5161 5162 5162 5163 5163 5164 5164 5165 5165 5166 5166 5167 5167 5167 5167 5168 5168 5165 5165 5169 5169 5165 5165 5168 5168 5165 5165 5169 5169 5170 5170 5171 5171 5170 5170 5169 5169 5171 5171 5172 5172 5170 5170 5173 5173 5170 5170 5172 5172 5170 5170 5173 5173 5174 5174 5173 5173 5175 5175 5174 5174 5176 5176 5174 5174 5175 5175 5174 5174 5176 5176 5177 5177 5176 5176 5178 5178 5177 5177 5179 5179 5177 5177 5178 5178 5177 5177 5179 5179 5180 5180 5179 5179 5181 5181 5180 5180 5182 5182 5180 5180 5181 5181 5180 5180 5182 5182 5183 5183 5184 5184 5183 5183 5182 5182 5183 5183 5184 5184 5185 5185 5184 5184 5186 5186 5185 5185 5187 5187 5185 5185 5186 5186 5185 5185 5187 5187 5188 5188 5189 5189 5188 5188 5187 5187 5189 5189 5190 5190 5188 5188 5191 5191 5188 5188 5190 5190 5188 5188 5191 5191 5192 5192 5191 5191 5193 5193 5192 5192 5194 5194 5192 5192 5193 5193 5192 5192 5194 5194 5195 5195 5194 5194 5196 5196 5195 5195 5197 5197 5195 5195 5196 5196 5195 5195 5197 5197 5198 5198 5199 5199 5200 5200 5201 5201 5198 5198 5201 5201 5200 5200 5201 5201 5198 5198 5202 5202 5197 5197 5202 5202 5198 5198 4503 4503 4504 4504 5203 5203 5204 5204 5203 5203 4504 4504 5203 5203 5204 5204 5205 5205 5206 5206 5205 5205 5204 5204 5205 5205 5206 5206 5207 5207 5208 5208 5207 5207 5206 5206 5207 5207 5208 5208 5209 5209 5210 5210 5209 5209 5208 5208 5209 5209 5210 5210 5211 5211 5212 5212 5211 5211 5210 5210 5211 5211 5212 5212 5213 5213 5214 5214 5213 5213 5212 5212 5213 5213 5214 5214 5215 5215 5216 5216 5215 5215 5214 5214 5215 5215 5216 5216 5217 5217 5218 5218 5217 5217 5216 5216 5217 5217 5218 5218 5219 5219 5220 5220 5219 5219 5218 5218 5219 5219 5220 5220 5221 5221 5222 5222 5221 5221 5220 5220 5221 5221 5222 5222 5223 5223 5224 5224 5223 5223 5222 5222 5223 5223 5224 5224 4479 4479 4480 4480 4479 4479 5224 5224 4526 4526 4525 4525 5225 5225 5226 5226 5225 5225 4525 4525 5225 5225 5226 5226 5227 5227 3987 3987 3985 3985 5228 5228 5229 5229 5228 5228 3985 3985 5228 5228 5229 5229 5230 5230 5231 5231 5230 5230 5229 5229 5230 5230 5231 5231 5232 5232 5233 5233 5232 5232 5231 5231 5232 5232 5233 5233 5234 5234 5235 5235 5234 5234 5233 5233 5236 5236 278 278 277 277 277 277 2181 2181 5236 5236 2182 2182 5236 5236 2181 2181 5236 5236 2182 2182 5237 5237 2157 2157 5237 5237 2182 2182 2157 2157 2156 2156 5237 5237 2154 2154 5237 5237 2156 2156 5237 5237 2154 2154 5238 5238 2154 2154 2153 2153 5238 5238 2151 2151 5238 5238 2153 2153 5238 5238 2151 2151 5239 5239 2151 2151 2150 2150 5239 5239 2148 2148 5239 5239 2150 2150 5239 5239 2148 2148 5240 5240 2148 2148 2147 2147 5240 5240 2198 2198 5240 5240 2147 2147 5240 5240 2198 2198 5241 5241 2211 2211 5241 5241 2198 2198 5241 5241 2211 2211 5242 5242 2211 2211 2212 2212 5242 5242 2213 2213 5242 5242 2212 2212 5242 5242 2213 2213 5243 5243 2145 2145 5243 5243 2213 2213 2145 2145 2144 2144 5243 5243 2142 2142 5243 5243 2144 2144 5243 5243 2142 2142 5244 5244 2142 2142 2141 2141 5244 5244 2139 2139 5244 5244 2141 2141 5244 5244 2139 2139 5245 5245 2139 2139 2138 2138 5245 5245 2136 2136 5245 5245 2138 2138 5245 5245 2136 2136 5246 5246 241 241 240 240 2229 2229 5246 5246 2229 2229 240 240 2229 2229 5246 5246 2135 2135 2136 2136 2135 2135 5246 5246 5247 5247 5248 5248 5249 5249 5250 5250 5251 5251 5252 5252 5253 5253 5254 5254 5255 5255 5256 5256 5257 5257 5258 5258 5259 5259 5260 5260 5261 5261 5262 5262 5263 5263 5264 5264 5265 5265 5266 5266 5267 5267 5268 5268 5269 5269 5270 5270 5271 5271 5272 5272 5273 5273 4577 4577 4576 4576 5274 5274 5275 5275 5274 5274 4576 4576 5274 5274 5275 5275 5276 5276 5277 5277 5276 5276 5275 5275 5276 5276 5277 5277 5278 5278 5279 5279 5278 5278 5277 5277 5278 5278 5279 5279 5280 5280 4579 4579 4577 4577 5281 5281 5274 5274 5281 5281 4577 4577 5281 5281 5274 5274 5282 5282 5276 5276 5282 5282 5274 5274 5282 5282 5276 5276 5283 5283 5278 5278 5283 5283 5276 5276 5283 5283 5278 5278 5284 5284 5280 5280 5284 5284 5278 5278 5284 5284 5280 5280 5285 5285 4581 4581 4579 4579 5286 5286 5281 5281 5286 5286 4579 4579 5286 5286 5281 5281 5287 5287 5282 5282 5287 5287 5281 5281 5287 5287 5282 5282 5288 5288 5283 5283 5288 5288 5282 5282 5288 5288 5283 5283 5289 5289 5284 5284 5289 5289 5283 5283 5289 5289 5284 5284 5290 5290 5285 5285 5290 5290 5284 5284 5290 5290 5285 5285 5273 5273 5291 5291 5292 5292 5293 5293 1026 1026 4581 4581 1027 1027 5286 5286 1027 1027 4581 4581 1027 1027 5286 5286 1028 1028 5287 5287 1028 1028 5286 5286 1028 1028 5287 5287 1029 1029 5288 5288 1029 1029 5287 5287 1029 1029 5288 5288 1030 1030 5289 5289 1030 1030 5288 5288 1030 1030 5289 5289 1031 1031 5290 5290 1031 1031 5289 5289 1031 1031 5290 5290 1032 1032 5273 5273 1032 1032 5290 5290 1032 1032 5273 5273 1033 1033 5272 5272 1033 1033 5273 5273 5279 5279 5294 5294 5280 5280 5295 5295 5280 5280 5294 5294 5280 5280 5295 5295 5285 5285 5270 5270 5285 5285 5295 5295 5285 5285 5270 5270 5273 5273 5269 5269 5273 5273 5270 5270 5273 5273 5269 5269 5271 5271 5294 5294 5291 5291 5295 5295 5293 5293 5295 5295 5291 5291 5295 5295 5293 5293 5270 5270 5296 5296 5270 5270 5293 5293 5270 5270 5296 5296 5268 5268 5297 5297 5298 5298 5299 5299 5292 5292 5299 5299 5298 5298 5299 5299 5292 5292 5300 5300 5291 5291 5300 5300 5292 5292 5300 5300 5291 5291 5301 5301 5294 5294 5301 5301 5291 5291 5301 5301 5294 5294 5302 5302 5279 5279 5302 5302 5294 5294 5302 5302 5279 5279 5303 5303 5277 5277 5303 5303 5279 5279 5303 5303 5277 5277 5304 5304 5275 5275 5304 5304 5277 5277 5304 5304 5275 5275 4558 4558 4576 4576 4558 4558 5275 5275 5298 5298 5305 5305 5292 5292 5306 5306 5292 5292 5305 5305 5292 5292 5306 5306 5293 5293 5307 5307 5293 5293 5306 5306 5293 5293 5307 5307 5296 5296 4558 4558 4556 4556 5304 5304 5308 5308 5304 5304 4556 4556 5304 5304 5308 5308 5303 5303 5309 5309 5303 5303 5308 5308 5303 5303 5309 5309 5302 5302 5310 5310 5302 5302 5309 5309 5302 5302 5310 5310 5301 5301 5311 5311 5301 5301 5310 5310 5301 5301 5311 5311 5300 5300 5312 5312 5300 5300 5311 5311 5300 5300 5312 5312 5299 5299 5267 5267 5299 5299 5312 5312 5299 5299 5267 5267 5297 5297 5266 5266 5297 5297 5267 5267 4556 4556 4554 4554 5308 5308 5313 5313 5308 5308 4554 4554 5308 5308 5313 5313 5309 5309 5314 5314 5309 5309 5313 5313 5309 5309 5314 5314 5310 5310 5315 5315 5310 5310 5314 5314 5310 5310 5315 5315 5311 5311 5316 5316 5311 5311 5315 5315 5311 5311 5316 5316 5312 5312 5317 5317 5312 5312 5316 5316 5312 5312 5317 5317 5267 5267 5264 5264 5267 5267 5317 5317 5267 5267 5264 5264 5265 5265 5263 5263 5265 5265 5264 5264 5260 5260 5262 5262 5261 5261 5264 5264 5261 5261 5262 5262 5261 5261 5264 5264 5318 5318 5317 5317 5318 5318 5264 5264 5318 5318 5317 5317 5319 5319 5316 5316 5319 5319 5317 5317 5319 5319 5316 5316 5320 5320 5315 5315 5320 5320 5316 5316 5320 5320 5315 5315 5321 5321 5314 5314 5321 5321 5315 5315 5321 5321 5314 5314 5322 5322 5313 5313 5322 5322 5314 5314 5322 5322 5313 5313 4552 4552 4554 4554 4552 4552 5313 5313 5257 5257 5259 5259 5258 5258 5261 5261 5258 5258 5259 5259 5258 5258 5261 5261 5323 5323 5318 5318 5323 5323 5261 5261 5323 5323 5318 5318 5324 5324 5319 5319 5324 5324 5318 5318 5324 5324 5319 5319 5325 5325 5320 5320 5325 5325 5319 5319 5325 5325 5320 5320 5326 5326 5321 5321 5326 5326 5320 5320 5326 5326 5321 5321 5327 5327 5322 5322 5327 5327 5321 5321 5327 5327 5322 5322 4550 4550 4552 4552 4550 4550 5322 5322 5254 5254 5256 5256 5255 5255 5258 5258 5255 5255 5256 5256 5255 5255 5258 5258 5328 5328 5323 5323 5328 5328 5258 5258 5328 5328 5323 5323 5329 5329 5324 5324 5329 5329 5323 5323 5329 5329 5324 5324 5330 5330 5325 5325 5330 5330 5324 5324 5330 5330 5325 5325 5331 5331 5326 5326 5331 5331 5325 5325 5331 5331 5326 5326 5332 5332 5327 5327 5332 5332 5326 5326 5332 5332 5327 5327 4548 4548 4550 4550 4548 4548 5327 5327 5251 5251 5253 5253 5252 5252 5255 5255 5252 5252 5253 5253 5252 5252 5255 5255 5333 5333 5328 5328 5333 5333 5255 5255 5333 5333 5328 5328 5334 5334 5329 5329 5334 5334 5328 5328 5334 5334 5329 5329 5335 5335 5330 5330 5335 5335 5329 5329 5335 5335 5330 5330 5336 5336 5331 5331 5336 5336 5330 5330 5336 5336 5331 5331 5337 5337 5332 5332 5337 5337 5331 5331 5337 5337 5332 5332 4575 4575 4548 4548 4575 4575 5332 5332 5248 5248 5250 5250 5249 5249 5252 5252 5249 5249 5250 5250 5249 5249 5252 5252 5338 5338 5333 5333 5338 5338 5252 5252 5338 5338 5333 5333 5339 5339 5334 5334 5339 5339 5333 5333 5339 5339 5334 5334 5340 5340 5335 5335 5340 5340 5334 5334 5340 5340 5335 5335 5341 5341 5336 5336 5341 5341 5335 5335 5341 5341 5336 5336 5342 5342 5337 5337 5342 5342 5336 5336 5342 5342 5337 5337 4574 4574 4575 4575 4574 4574 5337 5337 5343 5343 5247 5247 5344 5344 5249 5249 5344 5344 5247 5247 5344 5344 5249 5249 5345 5345 5338 5338 5345 5345 5249 5249 5345 5345 5338 5338 5346 5346 5339 5339 5346 5346 5338 5338 5346 5346 5339 5339 5347 5347 5340 5340 5347 5347 5339 5339 5347 5347 5340 5340 5348 5348 5341 5341 5348 5348 5340 5340 5348 5348 5341 5341 5349 5349 5342 5342 5349 5349 5341 5341 5349 5349 5342 5342 4572 4572 4574 4574 4572 4572 5342 5342 4572 4572 954 954 5349 5349 955 955 5349 5349 954 954 5349 5349 955 955 5348 5348 956 956 5348 5348 955 955 5348 5348 956 956 5347 5347 957 957 5347 5347 956 956 5347 5347 957 957 5346 5346 958 958 5346 5346 957 957 5346 5346 958 958 5345 5345 959 959 5345 5345 958 958 5345 5345 959 959 5344 5344 960 960 5344 5344 959 959 5344 5344 960 960 5343 5343 961 961 5343 5343 960 960 5350 5350 2636 2636 113 113 113 113 114 114 5350 5350 115 115 5350 5350 114 114 5350 5350 115 115 5351 5351 78 78 5351 5351 115 115 78 78 77 77 5351 5351 75 75 5351 5351 77 77 5351 5351 75 75 5352 5352 74 74 5352 5352 75 75 5352 5352 74 74 5353 5353 72 72 5353 5353 74 74 5353 5353 72 72 5354 5354 72 72 71 71 5354 5354 69 69 5354 5354 71 71 5354 5354 69 69 5355 5355 69 69 68 68 5355 5355 134 134 5355 5355 68 68 5355 5355 134 134 5356 5356 149 149 5356 5356 134 134 5356 5356 149 149 5357 5357 149 149 150 150 5357 5357 151 151 5357 5357 150 150 5357 5357 151 151 5358 5358 66 66 5358 5358 151 151 66 66 65 65 5358 5358 63 63 5358 5358 65 65 5358 5358 63 63 5359 5359 63 63 62 62 5359 5359 60 60 5359 5359 62 62 5359 5359 60 60 5360 5360 60 60 59 59 5360 5360 57 57 5360 5360 59 59 5360 5360 57 57 5361 5361 185 185 2622 2622 170 170 5361 5361 170 170 2622 2622 170 170 5361 5361 56 56 57 57 56 56 5361 5361 5362 5362 5363 5363 5364 5364 5365 5365 5364 5364 5363 5363 5366 5366 5367 5367 5364 5364 5368 5368 5369 5369 5370 5370 5366 5366 5364 5364 5371 5371 5368 5368 5370 5370 5365 5365 5370 5370 5372 5372 5365 5365 5373 5373 5365 5365 5372 5372 5365 5365 5373 5373 5364 5364 5374 5374 5364 5364 5373 5373 5364 5364 5374 5374 5371 5371 5367 5367 5375 5375 5364 5364 5376 5376 5364 5364 5375 5375 5364 5364 5376 5376 5377 5377 5378 5378 5379 5379 5368 5368 5380 5380 5368 5368 5379 5379 5368 5368 5380 5380 5369 5369 5381 5381 5369 5369 5380 5380 5369 5369 5381 5381 5382 5382 5383 5383 5384 5384 5385 5385 5386 5386 5387 5387 5382 5382 5388 5388 5382 5382 5387 5387 5385 5385 5386 5386 5383 5383 5382 5382 5383 5383 5386 5386 5383 5383 5382 5382 5389 5389 5381 5381 5389 5389 5382 5382 5389 5389 5381 5381 5390 5390 5391 5391 5390 5390 5381 5381 5392 5392 5393 5393 5394 5394 5395 5395 5394 5394 5393 5393 5395 5395 5396 5396 5397 5397 5397 5397 5398 5398 5395 5395 5399 5399 5395 5395 5398 5398 5395 5395 5399 5399 5400 5400 5400 5400 5401 5401 5395 5395 5402 5402 5395 5395 5401 5401 5395 5395 5402 5402 5394 5394 5388 5388 5394 5394 5402 5402 5394 5394 5388 5388 5403 5403 5387 5387 5403 5403 5388 5388 5403 5403 5387 5387 5404 5404 5405 5405 5404 5404 5387 5387 5406 5406 5407 5407 5408 5408 5409 5409 5408 5408 5407 5407 5410 5410 5411 5411 5412 5412 5413 5413 5412 5412 5411 5411 5414 5414 5415 5415 5412 5412 5416 5416 5417 5417 5418 5418 5414 5414 5412 5412 5419 5419 5416 5416 5418 5418 5413 5413 5418 5418 5420 5420 5413 5413 5421 5421 5413 5413 5420 5420 5413 5413 5421 5421 5412 5412 5422 5422 5412 5412 5421 5421 5412 5412 5422 5422 5419 5419 5415 5415 5423 5423 5412 5412 5424 5424 5412 5412 5423 5423 5412 5412 5424 5424 5425 5425 5426 5426 5427 5427 5416 5416 5428 5428 5416 5416 5427 5427 5416 5416 5428 5428 5417 5417 5429 5429 5417 5417 5428 5428 5417 5417 5429 5429 5430 5430 5431 5431 5432 5432 5433 5433 5434 5434 5435 5435 5430 5430 5436 5436 5430 5430 5435 5435 5433 5433 5434 5434 5431 5431 5430 5430 5431 5431 5434 5434 5431 5431 5430 5430 5437 5437 5429 5429 5437 5437 5430 5430 5437 5437 5429 5429 5438 5438 5439 5439 5438 5438 5429 5429 5440 5440 5441 5441 5442 5442 5443 5443 5442 5442 5441 5441 5443 5443 5444 5444 5445 5445 5445 5445 5446 5446 5443 5443 5447 5447 5443 5443 5446 5446 5443 5443 5447 5447 5448 5448 5449 5449 5450 5450 5435 5435 5451 5451 5435 5435 5450 5450 5435 5435 5451 5451 5436 5436 5442 5442 5436 5436 5451 5451 5436 5436 5442 5442 5452 5452 5443 5443 5452 5452 5442 5442 5452 5452 5443 5443 5453 5453 5448 5448 5453 5453 5443 5443 5454 5454 5455 5455 5456 5456 5457 5457 5456 5456 5455 5455 3756 3756 3757 3757 5458 5458 5459 5459 5458 5458 3757 3757 5458 5458 5459 5459 5460 5460 5461 5461 5460 5460 5459 5459 5460 5460 5461 5461 5462 5462 5463 5463 5462 5462 5461 5461 5462 5462 5463 5463 5464 5464 5465 5465 5464 5464 5463 5463 5464 5464 5465 5465 5466 5466 5467 5467 5466 5466 5465 5465 5466 5466 5467 5467 5468 5468 5469 5469 5468 5468 5467 5467 5468 5468 5469 5469 5470 5470 5471 5471 5470 5470 5469 5469 5470 5470 5471 5471 5472 5472 5473 5473 5472 5472 5471 5471 5472 5472 5473 5473 5474 5474 5475 5475 5474 5474 5473 5473 5474 5474 5475 5475 5476 5476 5477 5477 5476 5476 5475 5475 5476 5476 5477 5477 5478 5478 5479 5479 5478 5478 5477 5477 5478 5478 5479 5479 3732 3732 3733 3733 3732 3732 5479 5479 5480 5480 5481 5481 5482 5482 5483 5483 5482 5482 5481 5481 5484 5484 5485 5485 5486 5486 5487 5487 5488 5488 5489 5489 5490 5490 5491 5491 5492 5492 5493 5493 5492 5492 5491 5491 5492 5492 5493 5493 5494 5494 5495 5495 5494 5494 5493 5493 5490 5490 5496 5496 5491 5491 5497 5497 5491 5491 5496 5496 5491 5491 5497 5497 5486 5486 5498 5498 5486 5486 5497 5497 5486 5486 5498 5498 5484 5484 5499 5499 5500 5500 5501 5501 5502 5502 5501 5501 5500 5500 5501 5501 5502 5502 5489 5489 5503 5503 5489 5489 5502 5502 5489 5489 5503 5503 5487 5487 5488 5488 5504 5504 5489 5489 5505 5505 5489 5489 5504 5504 5489 5489 5505 5505 5493 5493 5506 5506 5493 5493 5505 5505 5493 5493 5506 5506 5495 5495 5485 5485 5507 5507 5486 5486 5508 5508 5486 5486 5507 5507 5486 5486 5508 5508 5509 5509 5510 5510 5509 5509 5508 5508 5510 5510 5511 5511 5509 5509 5512 5512 5509 5509 5511 5511 5509 5509 5512 5512 5501 5501 5513 5513 5501 5501 5512 5512 5501 5501 5513 5513 5499 5499 2125 2125 2124 2124 5514 5514 5515 5515 5514 5514 2124 2124 5514 5514 5515 5515 5516 5516 5517 5517 5516 5516 5515 5515 5516 5516 5517 5517 5518 5518 5519 5519 5518 5518 5517 5517 5518 5518 5519 5519 5520 5520 5521 5521 5520 5520 5519 5519 5520 5520 5521 5521 5522 5522 5523 5523 5522 5522 5521 5521 5522 5522 5523 5523 4367 4367 4366 4366 4367 4367 5523 5523 2355 2355 4702 4702 2356 2356 4703 4703 2356 2356 4702 4702 5524 5524 5525 5525 5526 5526 5527 5527 5526 5526 5525 5525 5528 5528 5529 5529 5530 5530 5531 5531 5530 5530 5529 5529 5532 5532 5533 5533 5534 5534 5535 5535 5534 5534 5533 5533 5534 5534 5535 5535 5536 5536 5537 5537 5536 5536 5535 5535 5536 5536 5537 5537 5538 5538 5539 5539 5538 5538 5537 5537 5538 5538 5539 5539 5540 5540 5541 5541 5540 5540 5539 5539 5540 5540 5541 5541 5542 5542 5543 5543 5542 5542 5541 5541 5542 5542 5543 5543 5544 5544 5545 5545 5544 5544 5543 5543 5544 5544 5545 5545 5546 5546 5547 5547 5546 5546 5545 5545 5546 5546 5547 5547 5548 5548 5549 5549 5548 5548 5547 5547 5548 5548 5549 5549 5550 5550 5551 5551 5550 5550 5549 5549 5550 5550 5551 5551 5552 5552 5553 5553 5552 5552 5551 5551 5552 5552 5553 5553 5554 5554 5555 5555 5554 5554 5553 5553 5554 5554 5555 5555 5556 5556 5557 5557 5556 5556 5555 5555 1369 1369 1370 1370 5558 5558 5559 5559 5558 5558 1370 1370 5558 5558 5559 5559 5560 5560 5561 5561 5560 5560 5559 5559 5560 5560 5561 5561 5562 5562 5563 5563 5562 5562 5561 5561 5562 5562 5563 5563 5564 5564 5565 5565 5564 5564 5563 5563 5564 5564 5565 5565 5566 5566 5567 5567 5566 5566 5565 5565 5566 5566 5567 5567 5568 5568 5569 5569 5568 5568 5567 5567 5568 5568 5569 5569 5570 5570 5571 5571 5570 5570 5569 5569 5570 5570 5571 5571 5572 5572 5573 5573 5572 5572 5571 5571 5572 5572 5573 5573 5574 5574 5575 5575 5574 5574 5573 5573 5574 5574 5575 5575 5576 5576 5577 5577 5576 5576 5575 5575 5576 5576 5577 5577 5578 5578 5579 5579 5578 5578 5577 5577 5578 5578 5579 5579 1345 1345 1346 1346 1345 1345 5579 5579 5580 5580 5581 5581 5582 5582 5583 5583 5582 5582 5581 5581 5582 5582 5583 5583 5584 5584 5585 5585 5584 5584 5583 5583 5584 5584 5585 5585 5586 5586 5587 5587 5586 5586 5585 5585 5586 5586 5587 5587 5588 5588 5589 5589 5588 5588 5587 5587 5588 5588 5589 5589 5590 5590 5591 5591 5590 5590 5589 5589 5590 5590 5591 5591 5592 5592 5593 5593 5592 5592 5591 5591 5592 5592 5593 5593 5594 5594 5595 5595 5594 5594 5593 5593 5594 5594 5595 5595 5596 5596 5597 5597 5596 5596 5595 5595 5596 5596 5597 5597 5598 5598 5599 5599 5598 5598 5597 5597 5598 5598 5599 5599 5600 5600 5601 5601 5600 5600 5599 5599 5600 5600 5601 5601 5602 5602 5603 5603 5602 5602 5601 5601 5602 5602 5603 5603 5604 5604 5605 5605 5604 5604 5603 5603 5604 5604 5605 5605 5606 5606 5607 5607 5606 5606 5605 5605 5606 5606 5607 5607 5608 5608 5609 5609 5608 5608 5607 5607 5608 5608 5609 5609 5610 5610 5611 5611 5610 5610 5609 5609 5610 5610 5611 5611 5612 5612 5613 5613 5612 5612 5611 5611 5612 5612 5613 5613 5614 5614 5615 5615 5614 5614 5613 5613 5614 5614 5615 5615 5616 5616 5617 5617 5616 5616 5615 5615 5616 5616 5617 5617 5618 5618 5619 5619 5618 5618 5617 5617 5618 5618 5619 5619 5620 5620 5621 5621 5620 5620 5619 5619 5620 5620 5621 5621 5622 5622 5623 5623 5622 5622 5621 5621 5622 5622 5623 5623 5624 5624 5625 5625 5624 5624 5623 5623 5624 5624 5625 5625 5626 5626 5627 5627 5626 5626 5625 5625 5626 5626 5627 5627 5580 5580 5581 5581 5580 5580 5627 5627 5628 5628 5629 5629 5630 5630 5631 5631 5632 5632 5633 5633 5631 5631 5633 5633 575 575 5634 5634 5628 5628 5635 5635 5630 5630 5635 5635 5628 5628 5635 5635 5630 5630 5633 5633 576 576 5633 5633 5630 5630 5633 5633 576 576 575 575 5636 5636 5637 5637 5638 5638 5639 5639 5638 5638 5637 5637 5638 5638 5639 5639 5640 5640 5641 5641 5640 5640 5639 5639 5642 5642 5643 5643 5644 5644 5645 5645 5644 5644 5643 5643 5644 5644 5645 5645 5646 5646 5647 5647 5646 5646 5645 5645 5646 5646 5647 5647 5648 5648 5649 5649 5648 5648 5647 5647 5648 5648 5649 5649 5650 5650 5651 5651 5650 5650 5649 5649 5650 5650 5651 5651 5652 5652 5653 5653 5652 5652 5651 5651 5652 5652 5653 5653 5654 5654 5655 5655 5654 5654 5653 5653 5654 5654 5655 5655 5656 5656 5657 5657 5656 5656 5655 5655 5656 5656 5657 5657 5658 5658 5659 5659 5658 5658 5657 5657 5658 5658 5659 5659 5660 5660 5661 5661 5660 5660 5659 5659 5660 5660 5661 5661 5641 5641 5662 5662 5641 5641 5661 5661 5641 5641 5662 5662 5640 5640 3051 3051 3453 3453 3052 3052 3452 3452 3052 3052 3453 3453 3369 3369 3370 3370 5663 5663 5664 5664 5663 5663 3370 3370 5663 5663 5664 5664 5665 5665 5666 5666 5665 5665 5664 5664 5665 5665 5666 5666 5667 5667 5668 5668 5667 5667 5666 5666 5667 5667 5668 5668 5669 5669 5670 5670 5669 5669 5668 5668 5669 5669 5670 5670 5671 5671 5672 5672 5671 5671 5670 5670 5671 5671 5672 5672 5673 5673 5674 5674 5673 5673 5672 5672 5673 5673 5674 5674 5675 5675 5676 5676 5675 5675 5674 5674 5675 5675 5676 5676 5677 5677 5678 5678 5677 5677 5676 5676 5677 5677 5678 5678 5679 5679 5680 5680 5679 5679 5678 5678 5679 5679 5680 5680 5681 5681 5682 5682 5681 5681 5680 5680 5681 5681 5682 5682 5683 5683 5684 5684 5683 5683 5682 5682 5683 5683 5684 5684 3345 3345 3346 3346 3345 3345 5684 5684 3243 3243 3240 3240 5685 5685 3239 3239 3237 3237 5686 5686 3236 3236 3234 3234 5687 5687 3233 3233 3231 3231 5688 5688 3230 3230 3228 3228 5689 5689 3227 3227 3225 3225 5690 5690 3224 3224 3222 3222 5691 5691 3212 3212 3211 3211 5692 5692 3209 3209 3207 3207 5693 5693 4750 4750 4749 4749 5694 5694 5695 5695 5694 5694 4749 4749 5694 5694 5695 5695 5696 5696 5697 5697 5696 5696 5695 5695 5696 5696 5697 5697 5698 5698 5699 5699 5698 5698 5697 5697 5698 5698 5699 5699 5700 5700 4752 4752 4750 4750 5701 5701 5694 5694 5701 5701 4750 4750 5701 5701 5694 5694 5702 5702 5696 5696 5702 5702 5694 5694 5702 5702 5696 5696 5703 5703 5698 5698 5703 5703 5696 5696 5703 5703 5698 5698 5704 5704 5700 5700 5704 5704 5698 5698 5704 5704 5700 5700 5705 5705 4754 4754 4752 4752 5706 5706 5701 5701 5706 5706 4752 4752 5706 5706 5701 5701 5707 5707 5702 5702 5707 5707 5701 5701 5707 5707 5702 5702 5708 5708 5703 5703 5708 5708 5702 5702 5708 5708 5703 5703 5709 5709 5704 5704 5709 5709 5703 5703 5709 5709 5704 5704 5710 5710 5705 5705 5710 5710 5704 5704 5710 5710 5705 5705 5693 5693 5711 5711 5712 5712 5713 5713 2071 2071 4754 4754 2072 2072 5706 5706 2072 2072 4754 4754 2072 2072 5706 5706 2073 2073 5707 5707 2073 2073 5706 5706 2073 2073 5707 5707 2074 2074 5708 5708 2074 2074 5707 5707 2074 2074 5708 5708 2075 2075 5709 5709 2075 2075 5708 5708 2075 2075 5709 5709 2076 2076 5710 5710 2076 2076 5709 5709 2076 2076 5710 5710 2077 2077 5693 5693 2077 2077 5710 5710 2077 2077 5693 5693 2078 2078 3207 3207 2078 2078 5693 5693 5699 5699 5714 5714 5700 5700 5715 5715 5700 5700 5714 5714 5700 5700 5715 5715 5705 5705 5692 5692 5705 5705 5715 5715 5705 5705 5692 5692 5693 5693 3211 3211 5693 5693 5692 5692 5693 5693 3211 3211 3209 3209 5714 5714 5711 5711 5715 5715 5713 5713 5715 5715 5711 5711 5715 5715 5713 5713 5692 5692 3214 3214 5692 5692 5713 5713 5692 5692 3214 3214 3212 3212 3221 3221 3219 3219 5716 5716 5712 5712 5716 5716 3219 3219 5716 5716 5712 5712 5717 5717 5711 5711 5717 5717 5712 5712 5717 5717 5711 5711 5718 5718 5714 5714 5718 5718 5711 5711 5718 5718 5714 5714 5719 5719 5699 5699 5719 5719 5714 5714 5719 5719 5699 5699 5720 5720 5697 5697 5720 5720 5699 5699 5720 5720 5697 5697 5721 5721 5695 5695 5721 5721 5697 5697 5721 5721 5695 5695 4747 4747 4749 4749 4747 4747 5695 5695 3219 3219 3218 3218 5712 5712 3217 3217 5712 5712 3218 3218 5712 5712 3217 3217 5713 5713 3215 3215 5713 5713 3217 3217 5713 5713 3215 3215 3214 3214 4747 4747 4745 4745 5721 5721 5722 5722 5721 5721 4745 4745 5721 5721 5722 5722 5720 5720 5723 5723 5720 5720 5722 5722 5720 5720 5723 5723 5719 5719 5724 5724 5719 5719 5723 5723 5719 5719 5724 5724 5718 5718 5725 5725 5718 5718 5724 5724 5718 5718 5725 5725 5717 5717 5726 5726 5717 5717 5725 5725 5717 5717 5726 5726 5716 5716 5691 5691 5716 5716 5726 5726 5716 5716 5691 5691 3221 3221 3222 3222 3221 3221 5691 5691 4745 4745 4743 4743 5722 5722 5727 5727 5722 5722 4743 4743 5722 5722 5727 5727 5723 5723 5728 5728 5723 5723 5727 5727 5723 5723 5728 5728 5724 5724 5729 5729 5724 5724 5728 5728 5724 5724 5729 5729 5725 5725 5730 5730 5725 5725 5729 5729 5725 5725 5730 5730 5726 5726 5731 5731 5726 5726 5730 5730 5726 5726 5731 5731 5691 5691 5690 5690 5691 5691 5731 5731 5691 5691 5690 5690 3224 3224 3225 3225 3224 3224 5690 5690 3228 3228 3227 3227 5689 5689 5690 5690 5689 5689 3227 3227 5689 5689 5690 5690 5732 5732 5731 5731 5732 5732 5690 5690 5732 5732 5731 5731 5733 5733 5730 5730 5733 5733 5731 5731 5733 5733 5730 5730 5734 5734 5729 5729 5734 5734 5730 5730 5734 5734 5729 5729 5735 5735 5728 5728 5735 5735 5729 5729 5735 5735 5728 5728 5736 5736 5727 5727 5736 5736 5728 5728 5736 5736 5727 5727 4741 4741 4743 4743 4741 4741 5727 5727 3231 3231 3230 3230 5688 5688 5689 5689 5688 5688 3230 3230 5688 5688 5689 5689 5737 5737 5732 5732 5737 5737 5689 5689 5737 5737 5732 5732 5738 5738 5733 5733 5738 5738 5732 5732 5738 5738 5733 5733 5739 5739 5734 5734 5739 5739 5733 5733 5739 5739 5734 5734 5740 5740 5735 5735 5740 5740 5734 5734 5740 5740 5735 5735 5741 5741 5736 5736 5741 5741 5735 5735 5741 5741 5736 5736 4739 4739 4741 4741 4739 4739 5736 5736 3234 3234 3233 3233 5687 5687 5688 5688 5687 5687 3233 3233 5687 5687 5688 5688 5742 5742 5737 5737 5742 5742 5688 5688 5742 5742 5737 5737 5743 5743 5738 5738 5743 5743 5737 5737 5743 5743 5738 5738 5744 5744 5739 5739 5744 5744 5738 5738 5744 5744 5739 5739 5745 5745 5740 5740 5745 5745 5739 5739 5745 5745 5740 5740 5746 5746 5741 5741 5746 5746 5740 5740 5746 5746 5741 5741 4737 4737 4739 4739 4737 4737 5741 5741 3237 3237 3236 3236 5686 5686 5687 5687 5686 5686 3236 3236 5686 5686 5687 5687 5747 5747 5742 5742 5747 5747 5687 5687 5747 5747 5742 5742 5748 5748 5743 5743 5748 5748 5742 5742 5748 5748 5743 5743 5749 5749 5744 5744 5749 5749 5743 5743 5749 5749 5744 5744 5750 5750 5745 5745 5750 5750 5744 5744 5750 5750 5745 5745 5751 5751 5746 5746 5751 5751 5745 5745 5751 5751 5746 5746 4735 4735 4737 4737 4735 4735 5746 5746 3240 3240 3239 3239 5685 5685 5686 5686 5685 5685 3239 3239 5685 5685 5686 5686 5752 5752 5747 5747 5752 5752 5686 5686 5752 5752 5747 5747 5753 5753 5748 5748 5753 5753 5747 5747 5753 5753 5748 5748 5754 5754 5749 5749 5754 5754 5748 5748 5754 5754 5749 5749 5755 5755 5750 5750 5755 5755 5749 5749 5755 5755 5750 5750 5756 5756 5751 5751 5756 5756 5750 5750 5756 5756 5751 5751 4734 4734 4735 4735 4734 4734 5751 5751 3242 3242 3243 3243 5757 5757 5685 5685 5757 5757 3243 3243 5757 5757 5685 5685 5758 5758 5752 5752 5758 5758 5685 5685 5758 5758 5752 5752 5759 5759 5753 5753 5759 5759 5752 5752 5759 5759 5753 5753 5760 5760 5754 5754 5760 5760 5753 5753 5760 5760 5754 5754 5761 5761 5755 5755 5761 5761 5754 5754 5761 5761 5755 5755 5762 5762 5756 5756 5762 5762 5755 5755 5762 5762 5756 5756 4732 4732 4734 4734 4732 4732 5756 5756 4732 4732 1999 1999 5762 5762 2000 2000 5762 5762 1999 1999 5762 5762 2000 2000 5761 5761 2001 2001 5761 5761 2000 2000 5761 5761 2001 2001 5760 5760 2002 2002 5760 5760 2001 2001 5760 5760 2002 2002 5759 5759 2003 2003 5759 5759 2002 2002 5759 5759 2003 2003 5758 5758 2004 2004 5758 5758 2003 2003 5758 5758 2004 2004 5757 5757 2005 2005 5757 5757 2004 2004 5757 5757 2005 2005 3242 3242 2006 2006 3242 3242 2005 2005 5763 5763 5764 5764 5765 5765 5766 5766 5765 5765 5764 5764 857 857 852 852 5767 5767 851 851 849 849 5768 5768 848 848 846 846 5769 5769 845 845 844 844 5770 5770 836 836 834 834 5771 5771 833 833 831 831 5772 5772 830 830 828 828 5773 5773 827 827 826 826 5774 5774 3096 3096 3094 3094 5775 5775 5776 5776 5775 5775 3094 3094 5775 5775 5776 5776 5777 5777 5778 5778 5777 5777 5776 5776 5777 5777 5778 5778 5779 5779 5780 5780 5779 5779 5778 5778 5779 5779 5780 5780 5781 5781 5782 5782 5781 5781 5780 5780 5781 5781 5782 5782 5783 5783 5784 5784 5783 5783 5782 5782 5783 5783 5784 5784 5785 5785 5774 5774 5785 5785 5784 5784 3135 3135 3133 3133 5786 5786 5787 5787 5786 5786 3133 3133 5786 5786 5787 5787 5788 5788 5789 5789 5788 5788 5787 5787 5788 5788 5789 5789 5790 5790 5791 5791 5790 5790 5789 5789 5790 5790 5791 5791 5792 5792 5793 5793 5792 5792 5791 5791 5792 5792 5793 5793 5794 5794 5795 5795 5794 5794 5793 5793 5794 5794 5795 5795 5796 5796 5770 5770 5796 5796 5795 5795 3098 3098 3096 3096 5797 5797 5775 5775 5797 5797 3096 3096 5797 5797 5775 5775 5798 5798 5777 5777 5798 5798 5775 5775 5798 5798 5777 5777 5799 5799 5779 5779 5799 5799 5777 5777 5799 5799 5779 5779 5800 5800 5781 5781 5800 5800 5779 5779 5800 5800 5781 5781 5801 5801 5783 5783 5801 5801 5781 5781 5801 5801 5783 5783 5802 5802 5785 5785 5802 5802 5783 5783 5802 5802 5785 5785 822 822 823 823 822 822 5785 5785 5774 5774 826 826 5785 5785 824 824 5785 5785 826 826 5785 5785 824 824 823 823 3094 3094 3092 3092 5776 5776 5803 5803 5776 5776 3092 3092 5776 5776 5803 5803 5778 5778 5804 5804 5778 5778 5803 5803 5778 5778 5804 5804 5780 5780 5805 5805 5780 5780 5804 5804 5780 5780 5805 5805 5782 5782 5806 5806 5782 5782 5805 5805 5782 5782 5806 5806 5784 5784 5807 5807 5784 5784 5806 5806 5784 5784 5807 5807 5774 5774 5773 5773 5774 5774 5807 5807 5774 5774 5773 5773 827 827 828 828 827 827 5773 5773 831 831 830 830 5772 5772 5773 5773 5772 5772 830 830 5772 5772 5773 5773 5808 5808 5807 5807 5808 5808 5773 5773 5808 5808 5807 5807 5809 5809 5806 5806 5809 5809 5807 5807 5809 5809 5806 5806 5810 5810 5805 5805 5810 5810 5806 5806 5810 5810 5805 5805 5811 5811 5804 5804 5811 5811 5805 5805 5811 5811 5804 5804 5812 5812 5803 5803 5812 5812 5804 5804 5812 5812 5803 5803 3090 3090 3092 3092 3090 3090 5803 5803 834 834 833 833 5771 5771 5772 5772 5771 5771 833 833 5771 5771 5772 5772 5813 5813 5808 5808 5813 5813 5772 5772 5813 5813 5808 5808 5814 5814 5809 5809 5814 5814 5808 5808 5814 5814 5809 5809 5815 5815 5810 5810 5815 5815 5809 5809 5815 5815 5810 5810 5816 5816 5811 5811 5816 5816 5810 5810 5816 5816 5811 5811 5817 5817 5812 5812 5817 5817 5811 5811 5817 5817 5812 5812 3140 3140 3090 3090 3140 3140 5812 5812 837 837 836 836 5818 5818 5771 5771 5818 5818 836 836 5818 5818 5771 5771 5819 5819 5813 5813 5819 5819 5771 5771 5819 5819 5813 5813 5820 5820 5814 5814 5820 5820 5813 5813 5820 5820 5814 5814 5821 5821 5815 5815 5821 5821 5814 5814 5821 5821 5815 5815 5822 5822 5816 5816 5822 5822 5815 5815 5822 5822 5816 5816 5823 5823 5817 5817 5823 5823 5816 5816 5823 5823 5817 5817 3139 3139 3140 3140 3139 3139 5817 5817 3139 3139 3137 3137 5823 5823 5824 5824 5823 5823 3137 3137 5823 5823 5824 5824 5822 5822 5825 5825 5822 5822 5824 5824 5822 5822 5825 5825 5821 5821 5826 5826 5821 5821 5825 5825 5821 5821 5826 5826 5820 5820 5827 5827 5820 5820 5826 5826 5820 5820 5827 5827 5819 5819 5828 5828 5819 5819 5827 5827 5819 5819 5828 5828 5818 5818 5829 5829 5818 5818 5828 5828 5818 5818 5829 5829 837 837 839 839 837 837 5829 5829 3137 3137 3135 3135 5824 5824 5786 5786 5824 5824 3135 3135 5824 5824 5786 5786 5825 5825 5788 5788 5825 5825 5786 5786 5825 5825 5788 5788 5826 5826 5790 5790 5826 5826 5788 5788 5826 5826 5790 5790 5827 5827 5792 5792 5827 5827 5790 5790 5827 5827 5792 5792 5828 5828 5794 5794 5828 5828 5792 5792 5828 5828 5794 5794 5829 5829 5796 5796 5829 5829 5794 5794 5829 5829 5796 5796 839 839 841 841 839 839 5796 5796 5770 5770 844 844 5796 5796 842 842 5796 5796 844 844 5796 5796 842 842 841 841 3133 3133 3131 3131 5787 5787 5830 5830 5787 5787 3131 3131 5787 5787 5830 5830 5789 5789 5831 5831 5789 5789 5830 5830 5789 5789 5831 5831 5791 5791 5832 5832 5791 5791 5831 5831 5791 5791 5832 5832 5793 5793 5833 5833 5793 5793 5832 5832 5793 5793 5833 5833 5795 5795 5834 5834 5795 5795 5833 5833 5795 5795 5834 5834 5770 5770 5769 5769 5770 5770 5834 5834 5770 5770 5769 5769 845 845 846 846 845 845 5769 5769 849 849 848 848 5768 5768 5769 5769 5768 5768 848 848 5768 5768 5769 5769 5835 5835 5834 5834 5835 5835 5769 5769 5835 5835 5834 5834 5836 5836 5833 5833 5836 5836 5834 5834 5836 5836 5833 5833 5837 5837 5832 5832 5837 5837 5833 5833 5837 5837 5832 5832 5838 5838 5831 5831 5838 5838 5832 5832 5838 5838 5831 5831 5839 5839 5830 5830 5839 5839 5831 5831 5839 5839 5830 5830 3129 3129 3131 3131 3129 3129 5830 5830 852 852 851 851 5767 5767 5768 5768 5767 5767 851 851 5767 5767 5768 5768 5840 5840 5835 5835 5840 5840 5768 5768 5840 5840 5835 5835 5841 5841 5836 5836 5841 5841 5835 5835 5841 5841 5836 5836 5842 5842 5837 5837 5842 5842 5836 5836 5842 5842 5837 5837 5843 5843 5838 5838 5843 5843 5837 5837 5843 5843 5838 5838 5844 5844 5839 5839 5844 5844 5838 5838 5844 5844 5839 5839 3128 3128 3129 3129 3128 3128 5839 5839 856 856 857 857 5845 5845 5767 5767 5845 5845 857 857 5845 5845 5767 5767 5846 5846 5840 5840 5846 5846 5767 5767 5846 5846 5840 5840 5847 5847 5841 5841 5847 5847 5840 5840 5847 5847 5841 5841 5848 5848 5842 5842 5848 5848 5841 5841 5848 5848 5842 5842 5849 5849 5843 5843 5849 5849 5842 5842 5849 5849 5843 5843 5850 5850 5844 5844 5850 5850 5843 5843 5850 5850 5844 5844 3115 3115 3128 3128 3115 3115 5844 5844 3115 3115 3113 3113 5850 5850 5851 5851 5850 5850 3113 3113 5850 5850 5851 5851 5849 5849 5852 5852 5849 5849 5851 5851 5849 5849 5852 5852 5848 5848 5853 5853 5848 5848 5852 5852 5848 5848 5853 5853 5847 5847 5854 5854 5847 5847 5853 5853 5847 5847 5854 5854 5846 5846 5855 5855 5846 5846 5854 5854 5846 5846 5855 5855 5845 5845 5856 5856 5845 5845 5855 5855 5845 5845 5856 5856 856 856 854 854 856 856 5856 5856 1252 1252 1249 1249 5857 5857 1248 1248 1246 1246 5858 5858 1245 1245 1243 1243 5859 5859 1242 1242 1240 1240 5860 5860 1239 1239 1237 1237 5861 5861 1236 1236 1234 1234 5862 5862 1233 1233 1231 1231 5863 5863 1221 1221 1220 1220 5864 5864 1218 1218 1216 1216 5865 5865 3107 3107 3105 3105 5866 5866 5867 5867 5866 5866 3105 3105 5866 5866 5867 5867 5868 5868 5869 5869 5868 5868 5867 5867 5868 5868 5869 5869 5870 5870 5871 5871 5870 5870 5869 5869 5870 5870 5871 5871 5872 5872 3109 3109 3107 3107 5873 5873 5866 5866 5873 5873 3107 3107 5873 5873 5866 5866 5874 5874 5868 5868 5874 5874 5866 5866 5874 5874 5868 5868 5875 5875 5870 5870 5875 5875 5868 5868 5875 5875 5870 5870 5876 5876 5872 5872 5876 5876 5870 5870 5876 5876 5872 5872 5877 5877 3111 3111 3109 3109 5878 5878 5873 5873 5878 5878 3109 3109 5878 5878 5873 5873 5879 5879 5874 5874 5879 5879 5873 5873 5879 5879 5874 5874 5880 5880 5875 5875 5880 5880 5874 5874 5880 5880 5875 5875 5881 5881 5876 5876 5881 5881 5875 5875 5881 5881 5876 5876 5882 5882 5877 5877 5882 5882 5876 5876 5882 5882 5877 5877 5865 5865 5883 5883 5884 5884 5885 5885 3113 3113 3111 3111 5851 5851 5878 5878 5851 5851 3111 3111 5851 5851 5878 5878 5852 5852 5879 5879 5852 5852 5878 5878 5852 5852 5879 5879 5853 5853 5880 5880 5853 5853 5879 5879 5853 5853 5880 5880 5854 5854 5881 5881 5854 5854 5880 5880 5854 5854 5881 5881 5855 5855 5882 5882 5855 5855 5881 5881 5855 5855 5882 5882 5856 5856 5865 5865 5856 5856 5882 5882 5856 5856 5865 5865 854 854 1216 1216 854 854 5865 5865 5871 5871 5886 5886 5872 5872 5887 5887 5872 5872 5886 5886 5872 5872 5887 5887 5877 5877 5864 5864 5877 5877 5887 5887 5877 5877 5864 5864 5865 5865 1220 1220 5865 5865 5864 5864 5865 5865 1220 1220 1218 1218 5886 5886 5883 5883 5887 5887 5885 5885 5887 5887 5883 5883 5887 5887 5885 5885 5864 5864 1223 1223 5864 5864 5885 5885 5864 5864 1223 1223 1221 1221 1230 1230 1228 1228 5888 5888 5884 5884 5888 5888 1228 1228 5888 5888 5884 5884 5889 5889 5883 5883 5889 5889 5884 5884 5889 5889 5883 5883 5890 5890 5886 5886 5890 5890 5883 5883 5890 5890 5886 5886 5891 5891 5871 5871 5891 5891 5886 5886 5891 5891 5871 5871 5892 5892 5869 5869 5892 5892 5871 5871 5892 5892 5869 5869 5893 5893 5867 5867 5893 5893 5869 5869 5893 5893 5867 5867 3127 3127 3105 3105 3127 3127 5867 5867 1228 1228 1227 1227 5884 5884 1226 1226 5884 5884 1227 1227 5884 5884 1226 1226 5885 5885 1224 1224 5885 5885 1226 1226 5885 5885 1224 1224 1223 1223 3127 3127 3126 3126 5893 5893 5894 5894 5893 5893 3126 3126 5893 5893 5894 5894 5892 5892 5895 5895 5892 5892 5894 5894 5892 5892 5895 5895 5891 5891 5896 5896 5891 5891 5895 5895 5891 5891 5896 5896 5890 5890 5897 5897 5890 5890 5896 5896 5890 5890 5897 5897 5889 5889 5898 5898 5889 5889 5897 5897 5889 5889 5898 5898 5888 5888 5863 5863 5888 5888 5898 5898 5888 5888 5863 5863 1230 1230 1231 1231 1230 1230 5863 5863 3126 3126 3124 3124 5894 5894 5899 5899 5894 5894 3124 3124 5894 5894 5899 5899 5895 5895 5900 5900 5895 5895 5899 5899 5895 5895 5900 5900 5896 5896 5901 5901 5896 5896 5900 5900 5896 5896 5901 5901 5897 5897 5902 5902 5897 5897 5901 5901 5897 5897 5902 5902 5898 5898 5903 5903 5898 5898 5902 5902 5898 5898 5903 5903 5863 5863 5862 5862 5863 5863 5903 5903 5863 5863 5862 5862 1233 1233 1234 1234 1233 1233 5862 5862 1237 1237 1236 1236 5861 5861 5862 5862 5861 5861 1236 1236 5861 5861 5862 5862 5904 5904 5903 5903 5904 5904 5862 5862 5904 5904 5903 5903 5905 5905 5902 5902 5905 5905 5903 5903 5905 5905 5902 5902 5906 5906 5901 5901 5906 5906 5902 5902 5906 5906 5901 5901 5907 5907 5900 5900 5907 5907 5901 5901 5907 5907 5900 5900 5908 5908 5899 5899 5908 5908 5900 5900 5908 5908 5899 5899 3122 3122 3124 3124 3122 3122 5899 5899 1240 1240 1239 1239 5860 5860 5861 5861 5860 5860 1239 1239 5860 5860 5861 5861 5909 5909 5904 5904 5909 5909 5861 5861 5909 5909 5904 5904 5910 5910 5905 5905 5910 5910 5904 5904 5910 5910 5905 5905 5911 5911 5906 5906 5911 5911 5905 5905 5911 5911 5906 5906 5912 5912 5907 5907 5912 5912 5906 5906 5912 5912 5907 5907 5913 5913 5908 5908 5913 5913 5907 5907 5913 5913 5908 5908 3120 3120 3122 3122 3120 3120 5908 5908 1243 1243 1242 1242 5859 5859 5860 5860 5859 5859 1242 1242 5859 5859 5860 5860 5914 5914 5909 5909 5914 5914 5860 5860 5914 5914 5909 5909 5915 5915 5910 5910 5915 5915 5909 5909 5915 5915 5910 5910 5916 5916 5911 5911 5916 5916 5910 5910 5916 5916 5911 5911 5917 5917 5912 5912 5917 5917 5911 5911 5917 5917 5912 5912 5918 5918 5913 5913 5918 5918 5912 5912 5918 5918 5913 5913 3118 3118 3120 3120 3118 3118 5913 5913 1246 1246 1245 1245 5858 5858 5859 5859 5858 5858 1245 1245 5858 5858 5859 5859 5919 5919 5914 5914 5919 5919 5859 5859 5919 5919 5914 5914 5920 5920 5915 5915 5920 5920 5914 5914 5920 5920 5915 5915 5921 5921 5916 5916 5921 5921 5915 5915 5921 5921 5916 5916 5922 5922 5917 5917 5922 5922 5916 5916 5922 5922 5917 5917 5923 5923 5918 5918 5923 5923 5917 5917 5923 5923 5918 5918 3117 3117 3118 3118 3117 3117 5918 5918 1249 1249 1248 1248 5857 5857 5858 5858 5857 5857 1248 1248 5857 5857 5858 5858 5924 5924 5919 5919 5924 5924 5858 5858 5924 5924 5919 5919 5925 5925 5920 5920 5925 5925 5919 5919 5925 5925 5920 5920 5926 5926 5921 5921 5926 5926 5920 5920 5926 5926 5921 5921 5927 5927 5922 5922 5927 5927 5921 5921 5927 5927 5922 5922 5928 5928 5923 5923 5928 5928 5922 5922 5928 5928 5923 5923 3102 3102 3117 3117 3102 3102 5923 5923 1251 1251 1252 1252 5929 5929 5857 5857 5929 5929 1252 1252 5929 5929 5857 5857 5930 5930 5924 5924 5930 5930 5857 5857 5930 5930 5924 5924 5931 5931 5925 5925 5931 5931 5924 5924 5931 5931 5925 5925 5932 5932 5926 5926 5932 5932 5925 5925 5932 5932 5926 5926 5933 5933 5927 5927 5933 5933 5926 5926 5933 5933 5927 5927 5934 5934 5928 5928 5934 5934 5927 5927 5934 5934 5928 5928 3100 3100 3102 3102 3100 3100 5928 5928 3100 3100 3098 3098 5934 5934 5797 5797 5934 5934 3098 3098 5934 5934 5797 5797 5933 5933 5798 5798 5933 5933 5797 5797 5933 5933 5798 5798 5932 5932 5799 5799 5932 5932 5798 5798 5932 5932 5799 5799 5931 5931 5800 5800 5931 5931 5799 5799 5931 5931 5800 5800 5930 5930 5801 5801 5930 5930 5800 5800 5930 5930 5801 5801 5929 5929 5802 5802 5929 5929 5801 5801 5929 5929 5802 5802 1251 1251 822 822 1251 1251 5802 5802 5935 5935 5936 5936 5937 5937 5938 5938 5939 5939 5940 5940 5941 5941 5942 5942 5943 5943 5944 5944 5945 5945 5946 5946 5947 5947 5948 5948 5949 5949 5950 5950 5949 5949 5948 5948 5951 5951 5952 5952 5953 5953 5946 5946 5945 5945 5954 5954 5955 5955 5956 5956 5957 5957 5958 5958 5959 5959 5957 5957 5960 5960 5957 5957 5959 5959 5957 5957 5960 5960 5955 5955 5961 5961 5962 5962 5963 5963 5963 5963 5964 5964 5961 5961 5965 5965 5961 5961 5964 5964 5961 5961 5965 5965 5958 5958 5966 5966 5958 5958 5965 5965 5958 5958 5966 5966 5959 5959 5956 5956 5967 5967 5957 5957 5968 5968 5957 5957 5967 5967 5957 5957 5968 5968 5969 5969 5943 5943 5970 5970 5971 5971 5971 5971 5972 5972 5943 5943 5973 5973 5943 5943 5972 5972 5943 5943 5973 5973 5974 5974 5975 5975 5976 5976 5977 5977 5978 5978 5977 5977 5976 5976 5945 5945 5977 5977 5954 5954 5978 5978 5954 5954 5977 5977 5954 5954 5978 5978 5961 5961 5979 5979 5961 5961 5978 5978 5961 5961 5979 5979 5962 5962 5974 5974 5980 5980 5943 5943 5981 5981 5943 5943 5980 5980 5943 5943 5981 5981 5977 5977 5982 5982 5977 5977 5981 5981 5977 5977 5982 5982 5975 5975 5941 5941 5943 5943 5983 5983 5984 5984 5985 5985 5986 5986 5987 5987 5988 5988 5984 5984 5983 5983 5989 5989 5990 5990 5990 5990 5991 5991 5983 5983 5992 5992 5983 5983 5991 5991 5983 5983 5992 5992 5985 5985 5993 5993 5985 5985 5992 5992 5985 5985 5993 5993 5986 5986 5994 5994 5995 5995 5996 5996 5997 5997 5996 5996 5995 5995 5994 5994 5998 5998 5995 5995 5999 5999 5995 5995 5998 5998 5995 5995 5999 5999 5940 5940 6000 6000 5940 5940 5999 5999 5940 5940 6000 6000 5938 5938 6001 6001 6002 6002 6003 6003 6004 6004 6003 6003 6002 6002 6003 6003 6004 6004 6005 6005 6006 6006 6007 6007 6008 6008 5997 5997 5995 5995 6009 6009 6003 6003 6009 6009 5995 5995 6009 6009 6003 6003 6008 6008 6005 6005 6008 6008 6003 6003 6008 6008 6005 6005 6006 6006 6007 6007 6010 6010 6008 6008 6011 6011 6008 6008 6010 6010 6008 6008 6011 6011 6012 6012 6011 6011 6013 6013 6012 6012 6014 6014 6012 6012 6013 6013 6012 6012 6014 6014 6015 6015 6016 6016 6017 6017 6018 6018 6019 6019 6018 6018 6017 6017 6018 6018 6019 6019 6020 6020 6015 6015 6020 6020 6019 6019 6020 6020 6015 6015 6021 6021 6014 6014 6021 6021 6015 6015 6022 6022 6023 6023 6024 6024 6016 6016 6025 6025 6017 6017 6026 6026 6017 6017 6025 6025 6017 6017 6026 6026 6027 6027 6028 6028 6029 6029 6022 6022 6030 6030 6022 6022 6029 6029 6022 6022 6030 6030 6023 6023 6024 6024 6031 6031 6022 6022 6032 6032 6022 6022 6031 6031 6022 6022 6032 6032 6003 6003 6033 6033 6003 6003 6032 6032 6003 6003 6033 6033 6001 6001 6027 6027 6028 6028 6017 6017 6022 6022 6017 6017 6028 6028 6017 6017 6022 6022 6034 6034 6035 6035 6034 6034 6022 6022 6034 6034 6035 6035 6036 6036 6037 6037 6038 6038 6039 6039 6040 6040 6039 6039 6038 6038 6039 6039 6040 6040 6041 6041 6041 6041 6042 6042 6039 6039 6043 6043 6039 6039 6042 6042 6039 6039 6043 6043 6035 6035 6044 6044 6035 6035 6043 6043 6035 6035 6044 6044 6036 6036 6045 6045 6046 6046 6047 6047 6048 6048 6049 6049 6050 6050 6051 6051 6050 6050 6049 6049 6050 6050 6051 6051 6052 6052 6053 6053 6054 6054 6055 6055 6056 6056 6057 6057 6058 6058 6059 6059 6058 6058 6057 6057 6058 6058 6059 6059 6060 6060 6047 6047 6061 6061 6045 6045 6062 6062 6045 6045 6061 6061 6045 6045 6062 6062 6063 6063 6055 6055 6064 6064 6053 6053 6065 6065 6053 6053 6064 6064 6053 6053 6065 6065 6058 6058 6066 6066 6058 6058 6065 6065 6058 6058 6066 6066 6056 6056 6062 6062 6067 6067 6063 6063 6068 6068 6063 6063 6067 6067 6063 6063 6068 6068 6054 6054 6069 6069 6054 6054 6068 6068 6054 6054 6069 6069 6055 6055 6070 6070 6071 6071 6072 6072 6073 6073 6072 6072 6071 6071 6072 6072 6073 6073 6074 6074 6074 6074 6075 6075 6072 6072 6076 6076 6072 6072 6075 6075 6072 6072 6076 6076 6077 6077 6078 6078 6077 6077 6076 6076 6077 6077 6078 6078 6079 6079 6080 6080 6081 6081 6082 6082 6083 6083 6082 6082 6081 6081 6082 6082 6083 6083 6084 6084 5936 5936 6085 6085 5937 5937 6086 6086 5937 5937 6085 6085 5937 5937 6086 6086 6083 6083 6087 6087 6083 6083 6086 6086 6083 6083 6087 6087 6084 6084 6088 6088 6089 6089 6003 6003 6090 6090 6022 6022 6091 6091 6003 6003 6091 6091 6022 6022 6091 6091 6003 6003 6092 6092 6089 6089 6092 6092 6003 6003 6093 6093 6094 6094 6095 6095 6096 6096 6095 6095 6094 6094 6079 6079 6097 6097 6077 6077 6098 6098 6077 6077 6097 6097 6077 6077 6098 6098 6094 6094 6099 6099 6094 6094 6098 6098 6094 6094 6099 6099 6096 6096 6095 6095 6100 6100 6093 6093 6101 6101 6093 6093 6100 6100 6093 6093 6101 6101 6102 6102 6103 6103 6102 6102 6101 6101 6102 6102 6103 6103 6104 6104 6105 6105 6106 6106 6107 6107 6108 6108 6107 6107 6106 6106 5986 5986 6109 6109 5984 5984 6110 6110 5984 5984 6109 6109 5984 5984 6110 6110 5987 5987 6111 6111 5987 5987 6110 6110 6094 6094 6112 6112 6113 6113 6111 6111 6114 6114 5987 5987 6115 6115 5987 5987 6114 6114 5987 5987 6115 6115 6093 6093 6116 6116 6093 6093 6115 6115 6093 6093 6116 6116 6117 6117 6117 6117 6118 6118 6093 6093 6119 6119 6093 6093 6118 6118 6093 6093 6119 6119 6120 6120 6120 6120 6121 6121 6093 6093 6122 6122 6093 6093 6121 6121 6093 6093 6122 6122 6094 6094 6123 6123 6094 6094 6122 6122 6094 6094 6123 6123 6112 6112 6113 6113 6124 6124 6094 6094 6125 6125 6094 6094 6124 6124 6094 6094 6125 6125 6106 6106 6126 6126 6106 6106 6125 6125 6106 6106 6126 6126 6108 6108 6127 6127 6128 6128 6081 6081 6129 6129 6081 6081 6128 6128 6046 6046 6045 6045 6130 6130 6083 6083 6130 6130 6045 6045 6130 6130 6083 6083 6131 6131 6129 6129 6132 6132 6081 6081 6133 6133 6081 6081 6132 6132 6081 6081 6133 6133 6083 6083 6134 6134 6083 6083 6133 6133 6083 6083 6134 6134 6131 6131 6090 6090 5935 5935 6022 6022 5937 5937 6022 6022 5935 5935 6022 6022 5937 5937 6035 6035 6083 6083 6035 6035 5937 5937 6035 6035 6083 6083 6039 6039 6045 6045 6039 6039 6083 6083 6039 6039 6045 6045 6037 6037 6063 6063 6037 6037 6045 6045 5939 5939 5988 5988 5940 5940 5987 5987 5940 5940 5988 5988 5940 5940 5987 5987 5995 5995 6093 6093 5995 5995 5987 5987 5995 5995 6093 6093 6003 6003 6102 6102 6003 6003 6093 6093 6003 6003 6102 6102 6088 6088 6104 6104 6088 6088 6102 6102 6050 6050 5953 5953 5950 5950 5952 5952 5950 5950 5953 5953 5950 5950 5952 5952 5949 5949 6052 6052 6127 6127 6050 6050 6081 6081 6050 6050 6127 6127 6050 6050 6081 6081 5953 5953 5944 5944 5953 5953 6081 6081 5953 5953 5944 5944 5951 5951 5946 5946 5951 5951 5944 5944 6135 6135 6136 6136 5945 5945 6137 6137 5945 5945 6136 6136 6138 6138 6139 6139 6077 6077 6139 6139 6140 6140 6077 6077 6141 6141 6077 6077 6140 6140 6077 6077 6141 6141 6142 6142 6137 6137 6143 6143 5945 5945 6144 6144 5945 5945 6143 6143 5945 5945 6144 6144 6145 6145 6146 6146 6072 6072 6147 6147 6077 6077 6147 6147 6072 6072 6147 6147 6077 6077 6148 6148 6142 6142 6148 6148 6077 6077 6135 6135 5945 5945 6149 6149 5944 5944 6149 6149 5945 5945 6149 6149 5944 5944 6150 6150 6151 6151 6152 6152 5944 5944 6153 6153 5944 5944 6152 6152 5944 5944 6153 6153 6150 6150 6146 6146 6154 6154 6072 6072 6155 6155 6072 6072 6154 6154 6072 6072 6155 6155 6156 6156 6080 6080 6070 6070 6081 6081 6072 6072 6081 6081 6070 6070 6081 6081 6072 6072 5944 5944 6157 6157 5944 5944 6072 6072 5944 5944 6157 6157 6151 6151 6156 6156 6158 6158 6072 6072 6159 6159 6072 6072 6158 6158 6072 6072 6159 6159 6157 6157 6145 6145 6138 6138 5945 5945 6077 6077 5945 5945 6138 6138 5945 5945 6077 6077 5977 5977 6094 6094 5977 5977 6077 6077 5977 5977 6094 6094 5943 5943 6106 6106 5943 5943 6094 6094 5943 5943 6106 6106 5983 5983 6105 6105 5983 5983 6106 6106 5983 5983 6105 6105 5989 5989 6160 6160 6161 6161 5948 5948 6162 6162 5948 5948 6161 6161 5948 5948 6162 6162 6163 6163 6164 6164 6165 6165 6160 6160 6166 6166 6160 6160 6165 6165 6160 6160 6166 6166 6161 6161 6163 6163 6167 6167 5948 5948 6168 6168 5948 5948 6167 6167 5948 5948 6168 6168 6169 6169 5950 5950 6170 6170 6171 6171 6171 6171 6172 6172 5950 5950 6173 6173 5950 5950 6172 6172 5950 5950 6173 6173 6174 6174 6175 6175 6176 6176 6177 6177 6178 6178 6177 6177 6176 6176 6177 6177 6178 6178 6179 6179 6179 6179 6180 6180 6177 6177 6181 6181 6177 6177 6180 6180 6177 6177 6181 6181 6160 6160 6182 6182 6160 6160 6181 6181 6160 6160 6182 6182 6164 6164 6169 6169 6183 6183 5948 5948 6184 6184 5948 5948 6183 6183 5948 5948 6184 6184 5950 5950 6185 6185 5950 5950 6184 6184 5950 5950 6185 6185 6170 6170 6060 6060 6048 6048 6058 6058 6050 6050 6058 6058 6048 6048 6058 6058 6050 6050 6186 6186 5950 5950 6186 6186 6050 6050 6186 6186 5950 5950 6177 6177 6174 6174 6177 6177 5950 5950 6177 6177 6174 6174 6175 6175 5942 5942 6187 6187 5943 5943 5957 5957 5943 5943 6187 6187 5943 5943 5957 5957 5970 5970 5969 5969 5970 5970 5957 5957 6188 6188 6189 6189 6190 6190 6191 6191 6192 6192 6193 6193 6194 6194 6195 6195 6196 6196 6197 6197 6198 6198 6199 6199 6200 6200 6201 6201 6202 6202 6203 6203 6202 6202 6201 6201 6202 6202 6203 6203 6204 6204 6205 6205 6206 6206 6207 6207 6208 6208 6207 6207 6206 6206 6209 6209 6210 6210 6211 6211 6212 6212 6211 6211 6210 6210 6208 6208 6213 6213 6207 6207 6214 6214 6207 6207 6213 6213 6207 6207 6214 6214 6209 6209 6215 6215 6216 6216 6207 6207 6217 6217 6207 6207 6216 6216 6207 6207 6217 6217 6205 6205 6218 6218 6219 6219 6215 6215 6220 6220 6215 6215 6219 6219 6215 6215 6220 6220 6221 6221 6221 6221 6222 6222 6215 6215 6223 6223 6215 6215 6222 6222 6215 6215 6223 6223 6216 6216 6202 6202 6224 6224 6200 6200 6211 6211 6200 6200 6224 6224 6200 6200 6211 6211 6225 6225 6212 6212 6225 6225 6211 6211 6204 6204 6226 6226 6202 6202 6227 6227 6202 6202 6226 6226 6202 6202 6227 6227 6228 6228 6229 6229 6228 6228 6227 6227 6228 6228 6229 6229 6218 6218 6218 6218 6215 6215 6228 6228 6230 6230 6228 6228 6215 6215 6228 6228 6230 6230 6231 6231 6232 6232 6231 6231 6230 6230 6231 6231 6232 6232 6233 6233 6189 6189 6234 6234 6190 6190 6235 6235 6190 6190 6234 6234 6190 6190 6235 6235 6236 6236 6237 6237 6238 6238 6239 6239 6240 6240 6239 6239 6238 6238 6239 6239 6240 6240 6241 6241 6241 6241 6242 6242 6239 6239 6243 6243 6239 6239 6242 6242 6239 6239 6243 6243 6244 6244 6245 6245 6246 6246 6247 6247 6248 6248 6247 6247 6246 6246 6243 6243 6249 6249 6244 6244 6250 6250 6244 6244 6249 6249 6244 6244 6250 6250 6251 6251 6252 6252 6251 6251 6250 6250 6251 6251 6252 6252 6253 6253 6254 6254 6253 6253 6252 6252 6253 6253 6254 6254 6255 6255 6256 6256 6257 6257 6258 6258 6259 6259 6258 6258 6257 6257 6258 6258 6259 6259 6253 6253 6260 6260 6261 6261 6258 6258 6262 6262 6258 6258 6261 6261 6258 6258 6262 6262 6256 6256 6260 6260 6258 6258 6263 6263 6264 6264 6263 6263 6258 6258 6263 6263 6264 6264 6265 6265 6266 6266 6267 6267 6268 6268 6269 6269 6270 6270 6271 6271 6267 6267 6272 6272 6268 6268 6273 6273 6268 6268 6272 6272 6268 6268 6273 6273 6274 6274 6275 6275 6276 6276 6277 6277 6278 6278 6279 6279 6280 6280 6274 6274 6281 6281 6268 6268 6282 6282 6268 6268 6281 6281 6268 6268 6282 6282 6275 6275 6283 6283 6275 6275 6282 6282 6275 6275 6283 6283 6276 6276 6271 6271 6270 6270 6278 6278 6284 6284 6278 6278 6270 6270 6278 6278 6284 6284 6279 6279 6277 6277 6285 6285 6275 6275 6286 6286 6275 6275 6285 6285 6275 6275 6286 6286 6287 6287 6265 6265 6264 6264 6288 6288 6275 6275 6288 6288 6264 6264 6288 6288 6275 6275 6289 6289 6287 6287 6289 6289 6275 6275 6289 6289 6287 6287 6290 6290 6269 6269 6271 6271 6291 6291 6292 6292 6291 6291 6271 6271 6291 6291 6292 6292 6293 6293 6294 6294 6293 6293 6292 6292 6293 6293 6294 6294 6295 6295 6290 6290 6296 6296 6289 6289 6297 6297 6289 6289 6296 6296 6289 6289 6297 6297 6294 6294 6298 6298 6294 6294 6297 6297 6294 6294 6298 6298 6295 6295 6280 6280 6266 6266 6278 6278 6268 6268 6278 6278 6266 6266 6278 6278 6268 6268 6299 6299 6300 6300 6299 6299 6268 6268 6300 6300 6301 6301 6302 6302 6302 6302 6303 6303 6300 6300 6304 6304 6300 6300 6303 6303 6300 6300 6304 6304 6299 6299 6305 6305 6306 6306 6307 6307 6308 6308 6307 6307 6306 6306 6307 6307 6308 6308 6300 6300 6309 6309 6300 6300 6308 6308 6300 6300 6309 6309 6301 6301 6310 6310 6311 6311 6312 6312 6313 6313 6312 6312 6311 6311 6312 6312 6313 6313 6314 6314 6315 6315 6314 6314 6313 6313 6314 6314 6315 6315 6305 6305 6310 6310 6316 6316 6311 6311 6317 6317 6311 6311 6316 6316 6311 6311 6317 6317 6195 6195 6318 6318 6195 6195 6317 6317 6207 6207 6319 6319 6194 6194 6320 6320 6321 6321 6275 6275 6322 6322 6275 6275 6321 6321 6275 6275 6322 6322 6268 6268 6323 6323 6268 6268 6322 6322 6268 6268 6323 6323 6324 6324 6325 6325 6326 6326 6327 6327 6326 6326 6328 6328 6327 6327 6329 6329 6327 6327 6328 6328 6327 6327 6329 6329 6330 6330 6329 6329 6331 6331 6330 6330 6332 6332 6330 6330 6331 6331 6330 6330 6332 6332 6193 6193 6333 6333 6193 6193 6332 6332 6193 6193 6333 6333 6191 6191 6334 6334 6335 6335 6336 6336 6337 6337 6338 6338 6339 6339 6339 6339 6340 6340 6337 6337 6341 6341 6337 6337 6340 6340 6337 6337 6341 6341 6336 6336 6342 6342 6336 6336 6341 6341 6336 6336 6342 6342 6334 6334 6343 6343 6344 6344 6345 6345 6343 6343 6345 6345 6346 6346 6345 6345 6347 6347 6346 6346 6348 6348 6346 6346 6347 6347 6346 6346 6348 6348 6337 6337 6349 6349 6337 6337 6348 6348 6337 6337 6349 6349 6338 6338 6350 6350 6351 6351 6352 6352 6353 6353 6352 6352 6351 6351 6352 6352 6353 6353 6343 6343 6354 6354 6343 6343 6353 6353 6343 6343 6354 6354 6344 6344 6318 6318 6355 6355 6195 6195 6356 6356 6195 6195 6355 6355 6195 6195 6356 6356 6196 6196 6357 6357 6196 6196 6356 6356 6196 6196 6357 6357 6358 6358 6359 6359 6346 6346 6360 6360 6196 6196 6360 6360 6346 6346 6360 6360 6196 6196 6361 6361 6358 6358 6361 6361 6196 6196 6359 6359 6362 6362 6346 6346 6363 6363 6346 6346 6362 6362 6346 6346 6363 6363 6364 6364 6365 6365 6366 6366 6314 6314 6367 6367 6314 6314 6366 6366 6314 6314 6367 6367 6312 6312 6364 6364 6368 6368 6346 6346 6369 6369 6346 6346 6368 6368 6346 6346 6369 6369 6343 6343 6370 6370 6343 6343 6369 6369 6370 6370 6371 6371 6343 6343 6372 6372 6343 6343 6371 6371 6343 6343 6372 6372 6373 6373 6373 6373 6374 6374 6343 6343 6375 6375 6343 6343 6374 6374 6343 6343 6375 6375 6314 6314 6376 6376 6314 6314 6375 6375 6314 6314 6376 6376 6365 6365 6248 6248 6377 6377 6247 6247 6378 6378 6247 6247 6377 6377 6247 6247 6378 6378 6330 6330 6379 6379 6330 6330 6378 6378 6330 6330 6379 6379 6380 6380 6380 6380 6381 6381 6330 6330 6382 6382 6330 6330 6381 6381 6330 6330 6382 6382 6327 6327 6383 6383 6327 6327 6382 6382 6327 6327 6383 6383 6384 6384 6385 6385 6386 6386 6387 6387 6387 6387 6386 6386 6388 6388 6389 6389 6390 6390 6391 6391 6392 6392 6391 6391 6390 6390 6386 6386 6393 6393 6388 6388 6394 6394 6388 6388 6393 6393 6388 6388 6394 6394 6395 6395 6392 6392 6396 6396 6391 6391 6397 6397 6391 6391 6396 6396 6391 6391 6397 6397 6398 6398 6399 6399 6400 6400 6387 6387 6401 6401 6387 6387 6400 6400 6387 6387 6401 6401 6385 6385 6402 6402 6403 6403 6404 6404 6405 6405 6404 6404 6403 6403 6404 6404 6405 6405 6406 6406 6406 6406 6389 6389 6404 6404 6391 6391 6404 6404 6389 6389 6404 6404 6391 6391 6407 6407 6190 6190 6407 6407 6391 6391 6407 6407 6190 6190 6239 6239 6236 6236 6239 6239 6190 6190 6239 6239 6236 6236 6237 6237 6398 6398 6408 6408 6391 6391 6409 6409 6391 6391 6408 6408 6391 6391 6409 6409 6387 6387 6410 6410 6387 6387 6409 6409 6387 6387 6410 6410 6399 6399 6395 6395 6411 6411 6388 6388 6412 6412 6388 6388 6411 6411 6388 6388 6412 6412 6404 6404 6413 6413 6404 6404 6412 6412 6404 6404 6413 6413 6402 6402 6209 6209 6211 6211 6207 6207 6414 6414 6207 6207 6211 6211 6207 6207 6414 6414 6319 6319 6384 6384 6188 6188 6327 6327 6190 6190 6327 6327 6188 6188 6327 6327 6190 6190 6199 6199 6391 6391 6199 6199 6190 6190 6199 6199 6391 6391 6197 6197 6387 6387 6197 6197 6391 6391 6197 6197 6387 6387 6415 6415 6198 6198 6233 6233 6199 6199 6232 6232 6199 6199 6233 6233 6199 6199 6232 6232 6327 6327 6336 6336 6327 6327 6232 6232 6327 6327 6336 6336 6325 6325 6335 6335 6325 6325 6336 6336 6416 6416 6417 6417 6337 6337 6418 6418 6337 6337 6417 6417 6419 6419 6420 6420 6230 6230 6421 6421 6230 6230 6420 6420 6421 6421 6422 6422 6230 6230 6423 6423 6230 6230 6422 6422 6230 6230 6423 6423 6232 6232 6424 6424 6232 6232 6423 6423 6232 6232 6424 6424 6425 6425 6425 6425 6426 6426 6232 6232 6427 6427 6232 6232 6426 6426 6232 6232 6427 6427 6428 6428 6418 6418 6429 6429 6337 6337 6430 6430 6337 6337 6429 6429 6337 6337 6430 6430 6431 6431 6432 6432 6433 6433 6336 6336 6432 6432 6336 6336 6434 6434 6433 6433 6435 6435 6336 6336 6436 6436 6336 6336 6435 6435 6336 6336 6436 6436 6337 6337 6437 6437 6337 6337 6436 6436 6337 6337 6437 6437 6416 6416 6428 6428 6438 6438 6232 6232 6439 6439 6232 6232 6438 6438 6232 6232 6439 6439 6336 6336 6440 6440 6336 6336 6439 6439 6336 6336 6440 6440 6434 6434 6194 6194 6196 6196 6207 6207 6346 6346 6207 6207 6196 6196 6207 6207 6346 6346 6215 6215 6337 6337 6215 6215 6346 6346 6215 6215 6337 6337 6230 6230 6431 6431 6230 6230 6337 6337 6230 6230 6431 6431 6419 6419 6255 6255 6245 6245 6253 6253 6247 6247 6253 6253 6245 6245 6253 6253 6247 6247 6258 6258 6330 6330 6258 6258 6247 6247 6258 6258 6330 6330 6264 6264 6193 6193 6264 6264 6330 6330 6264 6264 6193 6193 6275 6275 6192 6192 6275 6275 6193 6193 6275 6275 6192 6192 6320 6320 6305 6305 6307 6307 6314 6314 6300 6300 6314 6314 6307 6307 6314 6314 6300 6300 6343 6343 6268 6268 6343 6343 6300 6300 6343 6343 6268 6268 6352 6352 6324 6324 6352 6352 6268 6268 6352 6352 6324 6324 6350 6350 6441 6441 6442 6442 6443 6443 6444 6444 6443 6443 6442 6442 6443 6443 6444 6444 6445 6445 6444 6444 6446 6446 6445 6445 6447 6447 6445 6445 6446 6446 6445 6445 6447 6447 6448 6448 6449 6449 6448 6448 6447 6447 6448 6448 6449 6449 6450 6450 6451 6451 6452 6452 6453 6453 6454 6454 6453 6453 6452 6452 6455 6455 6456 6456 6457 6457 6458 6458 6457 6457 6456 6456 6459 6459 6460 6460 6461 6461 6462 6462 6461 6461 6460 6460 6461 6461 6462 6462 6463 6463 6464 6464 6463 6463 6462 6462 6463 6463 6464 6464 6465 6465 6466 6466 6465 6465 6464 6464 6467 6467 6468 6468 6469 6469 6470 6470 6469 6469 6468 6468 6469 6469 6470 6470 6471 6471 6472 6472 6471 6471 6470 6470 6471 6471 6472 6472 6473 6473 6474 6474 6473 6473 6472 6472 6473 6473 6474 6474 6475 6475 6476 6476 6475 6475 6474 6474 6475 6475 6476 6476 6477 6477 6478 6478 6477 6477 6476 6476 6477 6477 6478 6478 6479 6479 6480 6480 6479 6479 6478 6478 6479 6479 6480 6480 6481 6481 6482 6482 6481 6481 6480 6480 6481 6481 6482 6482 6483 6483 6484 6484 6483 6483 6482 6482 6483 6483 6484 6484 6485 6485 6486 6486 6485 6485 6484 6484 6485 6485 6486 6486 6487 6487 6488 6488 6487 6487 6486 6486 6487 6487 6488 6488 6489 6489 6490 6490 6489 6489 6488 6488 6489 6489 6490 6490 6491 6491 6492 6492 6491 6491 6490 6490 6491 6491 6492 6492 6493 6493 6494 6494 6493 6493 6492 6492 6493 6493 6494 6494 6495 6495 6496 6496 6495 6495 6494 6494 6495 6495 6496 6496 6497 6497 6498 6498 6497 6497 6496 6496 6497 6497 6498 6498 6499 6499 6500 6500 6499 6499 6498 6498 6499 6499 6500 6500 6501 6501 6502 6502 6501 6501 6500 6500 6501 6501 6502 6502 6503 6503 6504 6504 6503 6503 6502 6502 6503 6503 6504 6504 6505 6505 6506 6506 6505 6505 6504 6504 6505 6505 6506 6506 6507 6507 6508 6508 6507 6507 6506 6506 6507 6507 6508 6508 6509 6509 6510 6510 6509 6509 6508 6508 6509 6509 6510 6510 6511 6511 6512 6512 6511 6511 6510 6510 6511 6511 6512 6512 6513 6513 6514 6514 6513 6513 6512 6512 6513 6513 6514 6514 6467 6467 6468 6468 6467 6467 6514 6514 5556 5556 5557 5557 6515 6515 6516 6516 6515 6515 5557 5557 6515 6515 6516 6516 6517 6517 6518 6518 6517 6517 6516 6516 6517 6517 6518 6518 6519 6519 6520 6520 6519 6519 6518 6518 6519 6519 6520 6520 6521 6521 6522 6522 6521 6521 6520 6520 6521 6521 6522 6522 6523 6523 6524 6524 6523 6523 6522 6522 6523 6523 6524 6524 6525 6525 6526 6526 6525 6525 6524 6524 6525 6525 6526 6526 6527 6527 6528 6528 6527 6527 6526 6526 6527 6527 6528 6528 6529 6529 6530 6530 6529 6529 6528 6528 6529 6529 6530 6530 6531 6531 6532 6532 6531 6531 6530 6530 6531 6531 6532 6532 6533 6533 6534 6534 6533 6533 6532 6532 6533 6533 6534 6534 6535 6535 6536 6536 6535 6535 6534 6534 6535 6535 6536 6536 5532 5532 5533 5533 5532 5532 6536 6536 6537 6537 6538 6538 6539 6539 6540 6540 6539 6539 6538 6538 6541 6541 6542 6542 6543 6543 6544 6544 6545 6545 6546 6546 6547 6547 6548 6548 6549 6549 6550 6550 6549 6549 6548 6548 6543 6543 6551 6551 6541 6541 6544 6544 6541 6541 6551 6551 6541 6541 6544 6544 6552 6552 6546 6546 6552 6552 6544 6544 6553 6553 6554 6554 6555 6555 6556 6556 6555 6555 6554 6554 6555 6555 6556 6556 6550 6550 6544 6544 6550 6550 6556 6556 6550 6550 6544 6544 6549 6549 6551 6551 6549 6549 6544 6544 4797 4797 4799 4799 6557 6557 6558 6558 6557 6557 4799 4799 6557 6557 6558 6558 6559 6559 6560 6560 6559 6559 6558 6558 6559 6559 6560 6560 6561 6561 6560 6560 6562 6562 6561 6561 6563 6563 6561 6561 6562 6562 6561 6561 6563 6563 6564 6564 6565 6565 6564 6564 6563 6563 6564 6564 6565 6565 6566 6566 6567 6567 6566 6566 6565 6565 6566 6566 6567 6567 6568 6568 1133 1133 6568 6568 6567 6567 6568 6568 1133 1133 1134 1134 2471 2471 2470 2470 4401 4401 2471 2471 4401 4401 6569 6569 4400 4400 6569 6569 4401 4401 6569 6569 4400 4400 6570 6570 4400 4400 4398 4398 6570 6570 4397 4397 6570 6570 4398 4398 6570 6570 4397 4397 6571 6571 4397 4397 4425 4425 6571 6571 4436 4436 6571 6571 4425 4425 6571 6571 4436 4436 6572 6572 4435 4435 6572 6572 4436 4436 4435 4435 4434 4434 6572 6572 4427 4427 6572 6572 4434 4434 6572 6572 4427 4427 6573 6573 4427 4427 4426 4426 6573 6573 4395 4395 6573 6573 4426 4426 6573 6573 4395 4395 6574 6574 4395 4395 4394 4394 6574 6574 4392 4392 6574 6574 4394 4394 6574 6574 4392 4392 6575 6575 4392 4392 4391 4391 6575 6575 4389 4389 6575 6575 4391 4391 6575 6575 4389 4389 6576 6576 4389 4389 4388 4388 6576 6576 4386 4386 6576 6576 4388 4388 6576 6576 4386 4386 6577 6577 4385 4385 6577 6577 4386 4386 6577 6577 4385 4385 6578 6578 4383 4383 6578 6578 4385 4385 6578 6578 4383 4383 6579 6579 4383 4383 4382 4382 6579 6579 4380 4380 6579 6579 4382 4382 6579 6579 4380 4380 6580 6580 4380 4380 4379 4379 6580 6580 4377 4377 6580 6580 4379 4379 6580 6580 4377 4377 6581 6581 2437 2437 2436 2436 4472 4472 6581 6581 4472 4472 2436 2436 4472 4472 6581 6581 4376 4376 4377 4377 4376 4376 6581 6581 6582 6582 6583 6583 6584 6584 6585 6585 6584 6584 6583 6583 6584 6584 6585 6585 6586 6586 6587 6587 6586 6586 6585 6585 6586 6586 6587 6587 6588 6588 6589 6589 6588 6588 6587 6587 6588 6588 6589 6589 6590 6590 6591 6591 6590 6590 6589 6589 6590 6590 6591 6591 6592 6592 6593 6593 6592 6592 6591 6591 6592 6592 6593 6593 6594 6594 6595 6595 6594 6594 6593 6593 6594 6594 6595 6595 6596 6596 6597 6597 6596 6596 6595 6595 6596 6596 6597 6597 6598 6598 6599 6599 6598 6598 6597 6597 6598 6598 6599 6599 6600 6600 6601 6601 6600 6600 6599 6599 6600 6600 6601 6601 6602 6602 6603 6603 6602 6602 6601 6601 6602 6602 6603 6603 6604 6604 6605 6605 6604 6604 6603 6603 6604 6604 6605 6605 6606 6606 6607 6607 6606 6606 6605 6605 6608 6608 6609 6609 6610 6610 6611 6611 6610 6610 6609 6609 6610 6610 6611 6611 6612 6612 6613 6613 6612 6612 6611 6611 6612 6612 6613 6613 6614 6614 6615 6615 6614 6614 6613 6613 6614 6614 6615 6615 6616 6616 6617 6617 6616 6616 6615 6615 6616 6616 6617 6617 6618 6618 6619 6619 6618 6618 6617 6617 6618 6618 6619 6619 6620 6620 6621 6621 6620 6620 6619 6619 6620 6620 6621 6621 6622 6622 6623 6623 6622 6622 6621 6621 6622 6622 6623 6623 6624 6624 6625 6625 6624 6624 6623 6623 6624 6624 6625 6625 6626 6626 6627 6627 6626 6626 6625 6625 6626 6626 6627 6627 6628 6628 6629 6629 6628 6628 6627 6627 6628 6628 6629 6629 6630 6630 6631 6631 6630 6630 6629 6629 6630 6630 6631 6631 6632 6632 6633 6633 6632 6632 6631 6631 6632 6632 6633 6633 6634 6634 6635 6635 6634 6634 6633 6633 6634 6634 6635 6635 6636 6636 6637 6637 6636 6636 6635 6635 6636 6636 6637 6637 6638 6638 6639 6639 6638 6638 6637 6637 6638 6638 6639 6639 6640 6640 6641 6641 6640 6640 6639 6639 6640 6640 6641 6641 6642 6642 6643 6643 6642 6642 6641 6641 6642 6642 6643 6643 6644 6644 6645 6645 6644 6644 6643 6643 6644 6644 6645 6645 6646 6646 6647 6647 6646 6646 6645 6645 6646 6646 6647 6647 6648 6648 6649 6649 6648 6648 6647 6647 6648 6648 6649 6649 6650 6650 6651 6651 6650 6650 6649 6649 6650 6650 6651 6651 6652 6652 6653 6653 6652 6652 6651 6651 6652 6652 6653 6653 6654 6654 6655 6655 6654 6654 6653 6653 6654 6654 6655 6655 6608 6608 6609 6609 6608 6608 6655 6655 6656 6656 6657 6657 6658 6658 6659 6659 6658 6658 6657 6657 6658 6658 6659 6659 6660 6660 6661 6661 6660 6660 6659 6659 6660 6660 6661 6661 6662 6662 6663 6663 6662 6662 6661 6661 6662 6662 6663 6663 6664 6664 6665 6665 6664 6664 6663 6663 6664 6664 6665 6665 6666 6666 6667 6667 6666 6666 6665 6665 6666 6666 6667 6667 6668 6668 6669 6669 6668 6668 6667 6667 6668 6668 6669 6669 6670 6670 6671 6671 6670 6670 6669 6669 6670 6670 6671 6671 6672 6672 6673 6673 6672 6672 6671 6671 6672 6672 6673 6673 6674 6674 6675 6675 6674 6674 6673 6673 6674 6674 6675 6675 6676 6676 6677 6677 6676 6676 6675 6675 6676 6676 6677 6677 6678 6678 6679 6679 6678 6678 6677 6677 6678 6678 6679 6679 6680 6680 6681 6681 6680 6680 6679 6679 6682 6682 6683 6683 6684 6684 6685 6685 6686 6686 6687 6687 6688 6688 6689 6689 6690 6690 6691 6691 6692 6692 6693 6693 6694 6694 6693 6693 6692 6692 6693 6693 6694 6694 6695 6695 6696 6696 6695 6695 6694 6694 6690 6690 6689 6689 6697 6697 6698 6698 6697 6697 6689 6689 6697 6697 6698 6698 6699 6699 6683 6683 6700 6700 6684 6684 6701 6701 6684 6684 6700 6700 6684 6684 6701 6701 6694 6694 6702 6702 6694 6694 6701 6701 6694 6694 6702 6702 6696 6696 6691 6691 6703 6703 6692 6692 6704 6704 6692 6692 6703 6703 6692 6692 6704 6704 6687 6687 6705 6705 6687 6687 6704 6704 6687 6687 6705 6705 6685 6685 6686 6686 6706 6706 6687 6687 6707 6707 6687 6687 6706 6706 6687 6687 6707 6707 6690 6690 6708 6708 6690 6690 6707 6707 6690 6690 6708 6708 6688 6688 6699 6699 6709 6709 6697 6697 6710 6710 6697 6697 6709 6709 6697 6697 6710 6710 6684 6684 6711 6711 6684 6684 6710 6710 6684 6684 6711 6711 6682 6682 2317 2317 2318 2318 6712 6712 2317 2317 6712 6712 6713 6713 6714 6714 6713 6713 6712 6712 6713 6713 6714 6714 6715 6715 6716 6716 6715 6715 6714 6714 6715 6715 6716 6716 6717 6717 6717 6717 6716 6716 6718 6718 6719 6719 6718 6718 6716 6716 6718 6718 6719 6719 6720 6720 6719 6719 6721 6721 6720 6720 6722 6722 6720 6720 6721 6721 6720 6720 6722 6722 6723 6723 6724 6724 6723 6723 6722 6722 6723 6723 6724 6724 6725 6725 6726 6726 6725 6725 6724 6724 6725 6725 6726 6726 6727 6727 6728 6728 6727 6727 6726 6726 6727 6727 6728 6728 6729 6729 6730 6730 6729 6729 6728 6728 6729 6729 6730 6730 6731 6731 6732 6732 6731 6731 6730 6730 6731 6731 6732 6732 6733 6733 6733 6733 6732 6732 6734 6734 6735 6735 6734 6734 6732 6732 6734 6734 6735 6735 6736 6736 6735 6735 6737 6737 6736 6736 6738 6738 6736 6736 6737 6737 6736 6736 6738 6738 6739 6739 6740 6740 6739 6739 6738 6738 6739 6739 6740 6740 6741 6741 6742 6742 6741 6741 6740 6740 6741 6741 6742 6742 6743 6743 6744 6744 6743 6743 6742 6742 6743 6743 6744 6744 6745 6745 6745 6745 6744 6744 6746 6746 6747 6747 6746 6746 6744 6744 6746 6746 6747 6747 6748 6748 6749 6749 6748 6748 6747 6747 6748 6748 6749 6749 6750 6750 6749 6749 6751 6751 6750 6750 6752 6752 6750 6750 6751 6751 6750 6750 6752 6752 6753 6753 6754 6754 6753 6753 6752 6752 6753 6753 6754 6754 6755 6755 6756 6756 6757 6757 6758 6758 6755 6755 6758 6758 6757 6757 6758 6758 6755 6755 6759 6759 6754 6754 6759 6759 6755 6755 6760 6760 6761 6761 6756 6756 6762 6762 6756 6756 6761 6761 6756 6756 6762 6762 6757 6757 6763 6763 6764 6764 6765 6765 6766 6766 6765 6765 6764 6764 6765 6765 6766 6766 6760 6760 6767 6767 6760 6760 6766 6766 6760 6760 6767 6767 6761 6761 3380 3380 5234 5234 3379 3379 5235 5235 3379 3379 5234 5234 5103 5103 6768 6768 5104 5104 6769 6769 5104 5104 6768 6768 6770 6770 6771 6771 6772 6772 6773 6773 6772 6772 6771 6771 6774 6774 6775 6775 6776 6776 6777 6777 6778 6778 6779 6779 6780 6780 6779 6779 6778 6778 6776 6776 6781 6781 6774 6774 6779 6779 6774 6774 6781 6781 6774 6774 6779 6779 6782 6782 6780 6780 6782 6782 6779 6779 6782 6782 6780 6780 6783 6783 6784 6784 6785 6785 6786 6786 6782 6782 6786 6786 6785 6785 6786 6786 6782 6782 6787 6787 6783 6783 6787 6787 6782 6782 6787 6787 6783 6783 6788 6788 6789 6789 6788 6788 6783 6783 4624 4624 4625 4625 6790 6790 6791 6791 6790 6790 4625 4625 6790 6790 6791 6791 6792 6792 6793 6793 6792 6792 6791 6791 6792 6792 6793 6793 6794 6794 6795 6795 6794 6794 6793 6793 6794 6794 6795 6795 6796 6796 6797 6797 6796 6796 6795 6795 6796 6796 6797 6797 6798 6798 6799 6799 6798 6798 6797 6797 6798 6798 6799 6799 6800 6800 6801 6801 6800 6800 6799 6799 6800 6800 6801 6801 6802 6802 6803 6803 6802 6802 6801 6801 6802 6802 6803 6803 6804 6804 6805 6805 6804 6804 6803 6803 6804 6804 6805 6805 6806 6806 6807 6807 6806 6806 6805 6805 6806 6806 6807 6807 6808 6808 6809 6809 6808 6808 6807 6807 6808 6808 6809 6809 6810 6810 6811 6811 6810 6810 6809 6809 6810 6810 6811 6811 4600 4600 4601 4601 4600 4600 6811 6811 6606 6606 6607 6607 6812 6812 6813 6813 6812 6812 6607 6607 6812 6812 6813 6813 6814 6814 6815 6815 6814 6814 6813 6813 6814 6814 6815 6815 6816 6816 6817 6817 6816 6816 6815 6815 6816 6816 6817 6817 6818 6818 6819 6819 6818 6818 6817 6817 6818 6818 6819 6819 6820 6820 6821 6821 6820 6820 6819 6819 6820 6820 6821 6821 6822 6822 6823 6823 6822 6822 6821 6821 6822 6822 6823 6823 6824 6824 6825 6825 6824 6824 6823 6823 6824 6824 6825 6825 6826 6826 6827 6827 6826 6826 6825 6825 6826 6826 6827 6827 6828 6828 6829 6829 6828 6828 6827 6827 6828 6828 6829 6829 6830 6830 6831 6831 6830 6830 6829 6829 6830 6830 6831 6831 6832 6832 6833 6833 6832 6832 6831 6831 6832 6832 6833 6833 6582 6582 6583 6583 6582 6582 6833 6833 4978 4978 4979 4979 6834 6834 6835 6835 6834 6834 4979 4979 6834 6834 6835 6835 6836 6836 6837 6837 6836 6836 6835 6835 6836 6836 6837 6837 6838 6838 6839 6839 6838 6838 6837 6837 6838 6838 6839 6839 6840 6840 6841 6841 6840 6840 6839 6839 6840 6840 6841 6841 6842 6842 6843 6843 6842 6842 6841 6841 6842 6842 6843 6843 6844 6844 6845 6845 6844 6844 6843 6843 6844 6844 6845 6845 6846 6846 6847 6847 6846 6846 6845 6845 6846 6846 6847 6847 6848 6848 6849 6849 6848 6848 6847 6847 6848 6848 6849 6849 6850 6850 6851 6851 6850 6850 6849 6849 6850 6850 6851 6851 6852 6852 6853 6853 6852 6852 6851 6851 6852 6852 6853 6853 6854 6854 6855 6855 6854 6854 6853 6853 6854 6854 6855 6855 4954 4954 4955 4955 4954 4954 6855 6855 6856 6856 6857 6857 6858 6858 6859 6859 6858 6858 6857 6857 3371 3371 2363 2363 3372 3372 2364 2364 3372 3372 2363 2363 6860 6860 6861 6861 6862 6862 6863 6863 6862 6862 6861 6861 6864 6864 6865 6865 6866 6866 6867 6867 6866 6866 6865 6865 6868 6868 6869 6869 6870 6870 6871 6871 6870 6870 6869 6869 6872 6872 6873 6873 6874 6874 6875 6875 6874 6874 6873 6873 6876 6876 6877 6877 6878 6878 6879 6879 6880 6880 6881 6881 6882 6882 6881 6881 6880 6880 6883 6883 6884 6884 6885 6885 6886 6886 6885 6885 6884 6884 6885 6885 6886 6886 6887 6887 6888 6888 6887 6887 6886 6886 6887 6887 6888 6888 6889 6889 6890 6890 6889 6889 6888 6888 6889 6889 6890 6890 6891 6891 6892 6892 6891 6891 6890 6890 6891 6891 6892 6892 6893 6893 6894 6894 6893 6893 6892 6892 6893 6893 6894 6894 6895 6895 6896 6896 6895 6895 6894 6894 6895 6895 6896 6896 6897 6897 6898 6898 6897 6897 6896 6896 6897 6897 6898 6898 6899 6899 6900 6900 6899 6899 6898 6898 6899 6899 6900 6900 6901 6901 6902 6902 6901 6901 6900 6900 6901 6901 6902 6902 6903 6903 6904 6904 6903 6903 6902 6902 6903 6903 6904 6904 6905 6905 6906 6906 6905 6905 6904 6904 6905 6905 6906 6906 6907 6907 6908 6908 6907 6907 6906 6906 6909 6909 6910 6910 6911 6911 6912 6912 6913 6913 6914 6914 6915 6915 6914 6914 6913 6913 6914 6914 6915 6915 6916 6916 6917 6917 6916 6916 6915 6915 6916 6916 6917 6917 6918 6918 6917 6917 6919 6919 6918 6918 6920 6920 6918 6918 6919 6919 6918 6918 6920 6920 6921 6921 6922 6922 6921 6921 6920 6920 6921 6921 6922 6922 6923 6923 6924 6924 6923 6923 6922 6922 6923 6923 6924 6924 6912 6912 6925 6925 6912 6912 6924 6924 6912 6912 6925 6925 6913 6913 6926 6926 6927 6927 6928 6928 6929 6929 6928 6928 6927 6927 6928 6928 6929 6929 6930 6930 6931 6931 6930 6930 6929 6929 6930 6930 6931 6931 6932 6932 6933 6933 6932 6932 6931 6931 6932 6932 6933 6933 6934 6934 6935 6935 6934 6934 6933 6933 6934 6934 6935 6935 6936 6936 6937 6937 6936 6936 6935 6935 6936 6936 6937 6937 6938 6938 6939 6939 6938 6938 6937 6937 6938 6938 6939 6939 6940 6940 6941 6941 6940 6940 6939 6939 6940 6940 6941 6941 6942 6942 6943 6943 6942 6942 6941 6941 6942 6942 6943 6943 6944 6944 6945 6945 6944 6944 6943 6943 6944 6944 6945 6945 6946 6946 6947 6947 6946 6946 6945 6945 6946 6946 6947 6947 6948 6948 6949 6949 6948 6948 6947 6947 6948 6948 6949 6949 6950 6950 6951 6951 6950 6950 6949 6949 6680 6680 6681 6681 6952 6952 6953 6953 6952 6952 6681 6681 6952 6952 6953 6953 6954 6954 6955 6955 6954 6954 6953 6953 6954 6954 6955 6955 6956 6956 6957 6957 6956 6956 6955 6955 6956 6956 6957 6957 6958 6958 6959 6959 6958 6958 6957 6957 6958 6958 6959 6959 6960 6960 6961 6961 6960 6960 6959 6959 6960 6960 6961 6961 6962 6962 6963 6963 6962 6962 6961 6961 6962 6962 6963 6963 6964 6964 6965 6965 6964 6964 6963 6963 6964 6964 6965 6965 6966 6966 6967 6967 6966 6966 6965 6965 6966 6966 6967 6967 6968 6968 6969 6969 6968 6968 6967 6967 6968 6968 6969 6969 6970 6970 6971 6971 6970 6970 6969 6969 6970 6970 6971 6971 6972 6972 6973 6973 6972 6972 6971 6971 6972 6972 6973 6973 6656 6656 6657 6657 6656 6656 6973 6973 4800 4800 4798 4798 6974 6974 6975 6975 6974 6974 4798 4798 6974 6974 6975 6975 6976 6976 6977 6977 6976 6976 6975 6975 6976 6976 6977 6977 4336 4336 4338 4338 4336 4336 6977 6977 6978 6978 6979 6979 6980 6980 6981 6981 6982 6982 6983 6983 6981 6981 6983 6983 6984 6984 6980 6980 6985 6985 6978 6978 6986 6986 6978 6978 6985 6985 6978 6978 6986 6986 6987 6987 6988 6988 6987 6987 6986 6986 6987 6987 6988 6988 6989 6989 6990 6990 6989 6989 6988 6988 6989 6989 6990 6990 6983 6983 6991 6991 6983 6983 6990 6990 6983 6983 6991 6991 6984 6984 6992 6992 6993 6993 6994 6994 6995 6995 6994 6994 6993 6993 6996 6996 6997 6997 6998 6998 6999 6999 7000 7000 7001 7001 7002 7002 7001 7001 7000 7000 6999 6999 7001 7001 7003 7003 7004 7004 7003 7003 7001 7001 7003 7003 7004 7004 7005 7005 7006 7006 7007 7007 7008 7008 7002 7002 7009 7009 7001 7001 7010 7010 7001 7001 7009 7009 7001 7001 7010 7010 7011 7011 7012 7012 7011 7011 7010 7010 7011 7011 7012 7012 7013 7013 6998 6998 6997 6997 7006 7006 7014 7014 7006 7006 6997 6997 7006 7006 7014 7014 7007 7007 7008 7008 7015 7015 7006 7006 7016 7016 7006 7006 7015 7015 7006 7006 7016 7016 7017 7017 7018 7018 7017 7017 7016 7016 7017 7017 7018 7018 7019 7019 7013 7013 7020 7020 7011 7011 7021 7021 7011 7011 7020 7020 7011 7011 7021 7021 6998 6998 7022 7022 6998 6998 7021 7021 6998 6998 7022 7022 6996 6996 7019 7019 7023 7023 7017 7017 7024 7024 7017 7017 7023 7023 7017 7017 7024 7024 7004 7004 7025 7025 7004 7004 7024 7024 7004 7004 7025 7025 7005 7005 4275 4275 4276 4276 7026 7026 7027 7027 7026 7026 4276 4276 7026 7026 7027 7027 7028 7028 7029 7029 7028 7028 7027 7027 7028 7028 7029 7029 7030 7030 7031 7031 7030 7030 7029 7029 7030 7030 7031 7031 7032 7032 7033 7033 7032 7032 7031 7031 7032 7032 7033 7033 7034 7034 7035 7035 7034 7034 7033 7033 7034 7034 7035 7035 7036 7036 7037 7037 7036 7036 7035 7035 7036 7036 7037 7037 7038 7038 7039 7039 7038 7038 7037 7037 7038 7038 7039 7039 7040 7040 7041 7041 7040 7040 7039 7039 7040 7040 7041 7041 7042 7042 7043 7043 7042 7042 7041 7041 7042 7042 7043 7043 7044 7044 7045 7045 7044 7044 7043 7043 7044 7044 7045 7045 7046 7046 7047 7047 7046 7046 7045 7045 7046 7046 7047 7047 4251 4251 4252 4252 4251 4251 7047 7047 7048 7048 7049 7049 7050 7050 7050 7050 7051 7051 7048 7048 7052 7052 7048 7048 7051 7051 7048 7048 7052 7052 7053 7053 7054 7054 7053 7053 7052 7052 7053 7053 7054 7054 7055 7055 7056 7056 7057 7057 7058 7058 7059 7059 7058 7058 7057 7057 7060 7060 2659 2659 7061 7061 2658 2658 7061 7061 2659 2659 7062 7062 7063 7063 7064 7064 7065 7065 7064 7064 7063 7063 7066 7066 7067 7067 7068 7068 7069 7069 7068 7068 7067 7067 7068 7068 7069 7069 7070 7070 7071 7071 7070 7070 7069 7069 7070 7070 7071 7071 7072 7072 7073 7073 7072 7072 7071 7071 7072 7072 7073 7073 7074 7074 7075 7075 7074 7074 7073 7073 7074 7074 7075 7075 7076 7076 7077 7077 7076 7076 7075 7075 7076 7076 7077 7077 7078 7078 7079 7079 7078 7078 7077 7077 7078 7078 7079 7079 7080 7080 7081 7081 7080 7080 7079 7079 7080 7080 7081 7081 7082 7082 7083 7083 7082 7082 7081 7081 7082 7082 7083 7083 7084 7084 7085 7085 7086 7086 7087 7087 7084 7084 7087 7087 7086 7086 7087 7087 7084 7084 7088 7088 7083 7083 7088 7088 7084 7084 7089 7089 7090 7090 7091 7091 7092 7092 7091 7091 7090 7090 7091 7091 7092 7092 7093 7093 7094 7094 7093 7093 7092 7092 7093 7093 7094 7094 7095 7095 7096 7096 7095 7095 7094 7094 7095 7095 7096 7096 7085 7085 7097 7097 7085 7085 7096 7096 7085 7085 7097 7097 7086 7086 7098 7098 7099 7099 7100 7100 7101 7101 7100 7100 7099 7099 7100 7100 7101 7101 7102 7102 7103 7103 7102 7102 7101 7101 7102 7102 7103 7103 7104 7104 7105 7105 7104 7104 7103 7103 7104 7104 7105 7105 7106 7106 7107 7107 7106 7106 7105 7105 7106 7106 7107 7107 7108 7108 7109 7109 7108 7108 7107 7107 7108 7108 7109 7109 7110 7110 7111 7111 7110 7110 7109 7109 7110 7110 7111 7111 7112 7112 7113 7113 7112 7112 7111 7111 7112 7112 7113 7113 7114 7114 7115 7115 7114 7114 7113 7113 7114 7114 7115 7115 7116 7116 7117 7117 7116 7116 7115 7115 7116 7116 7117 7117 7118 7118 7119 7119 7118 7118 7117 7117 7118 7118 7119 7119 7120 7120 7121 7121 7120 7120 7119 7119 7120 7120 7121 7121 7122 7122 7123 7123 7122 7122 7121 7121 7124 7124 7125 7125 7126 7126 7126 7126 7125 7125 7127 7127 7128 7128 7127 7127 7125 7125 7127 7127 7128 7128 7129 7129 7130 7130 7131 7131 7132 7132 7133 7133 7134 7134 7135 7135 7136 7136 7137 7137 7138 7138 7139 7139 7138 7138 7137 7137 7138 7138 7139 7139 7140 7140 7141 7141 7140 7140 7139 7139 7129 7129 7142 7142 7127 7127 7143 7143 7127 7127 7142 7142 7127 7127 7143 7143 7132 7132 7144 7144 7132 7132 7143 7143 7132 7132 7144 7144 7130 7130 7131 7131 7145 7145 7132 7132 7146 7146 7132 7132 7145 7145 7132 7132 7146 7146 7139 7139 7147 7147 7139 7139 7146 7146 7139 7139 7147 7147 7141 7141 7136 7136 7148 7148 7137 7137 7149 7149 7137 7137 7148 7148 7137 7137 7149 7149 7135 7135 7150 7150 7135 7135 7149 7149 7135 7135 7150 7150 7133 7133 7134 7134 7151 7151 7135 7135 7152 7152 7135 7135 7151 7151 7135 7135 7152 7152 7126 7126 7153 7153 7126 7126 7152 7152 7126 7126 7153 7153 7124 7124 7154 7154 7155 7155 7156 7156 7157 7157 7156 7156 7155 7155 3462 3462 3464 3464 7158 7158 7159 7159 7158 7158 3464 3464 7158 7158 7159 7159 7160 7160 7161 7161 7160 7160 7159 7159 7160 7160 7161 7161 7162 7162 7163 7163 7162 7162 7161 7161 7162 7162 7163 7163 4292 4292 4294 4294 4292 4292 7163 7163 7164 7164 7165 7165 7166 7166 7167 7167 7166 7166 7165 7165 7168 7168 7169 7169 7170 7170 7171 7171 7170 7170 7169 7169 4509 4509 4511 4511 7172 7172 4509 4509 7172 7172 7173 7173 7174 7174 7173 7173 7172 7172 7173 7173 7174 7174 7175 7175 7176 7176 7175 7175 7174 7174 7175 7175 7176 7176 7177 7177 7178 7178 7177 7177 7176 7176 7177 7177 7178 7178 7179 7179 7180 7180 7179 7179 7178 7178 7179 7179 7180 7180 7181 7181 7182 7182 7181 7181 7180 7180 7181 7181 7182 7182 7183 7183 7184 7184 7183 7183 7182 7182 7183 7183 7184 7184 7185 7185 7186 7186 7185 7185 7184 7184 7185 7185 7186 7186 7187 7187 7188 7188 7187 7187 7186 7186 7187 7187 7188 7188 7189 7189 7190 7190 7189 7189 7188 7188 7189 7189 7190 7190 7191 7191 7192 7192 7191 7191 7190 7190 7191 7191 7192 7192 7193 7193 726 726 7193 7193 7192 7192 7193 7193 726 726 728 728 7194 7194 7195 7195 7196 7196 7197 7197 7196 7196 7195 7195 7196 7196 7197 7197 7198 7198 7197 7197 7199 7199 7198 7198 7200 7200 7198 7198 7199 7199 7198 7198 7200 7200 7201 7201 7202 7202 7201 7201 7200 7200 7201 7201 7202 7202 7203 7203 7204 7204 7203 7203 7202 7202 7203 7203 7204 7204 7205 7205 7206 7206 7205 7205 7204 7204 7205 7205 7206 7206 7207 7207 7207 7207 7206 7206 7208 7208 7209 7209 7208 7208 7206 7206 7208 7208 7209 7209 7210 7210 7211 7211 7210 7210 7209 7209 7210 7210 7211 7211 7212 7212 7213 7213 7212 7212 7211 7211 7212 7212 7213 7213 7214 7214 7215 7215 7214 7214 7213 7213 7214 7214 7215 7215 7216 7216 7215 7215 7217 7217 7216 7216 7218 7218 7216 7216 7217 7217 7216 7216 7218 7218 7219 7219 7220 7220 7219 7219 7218 7218 7219 7219 7220 7220 7221 7221 7222 7222 7221 7221 7220 7220 7221 7221 7222 7222 7223 7223 7224 7224 7223 7223 7222 7222 7223 7223 7224 7224 7225 7225 7225 7225 7224 7224 7226 7226 7227 7227 7226 7226 7224 7224 7226 7226 7227 7227 7228 7228 7227 7227 7229 7229 7228 7228 7230 7230 7228 7228 7229 7229 7228 7228 7230 7230 7231 7231 7232 7232 7231 7231 7230 7230 7231 7231 7232 7232 7233 7233 7234 7234 7233 7233 7232 7232 7233 7233 7234 7234 7235 7235 7236 7236 7235 7235 7234 7234 7237 7237 7238 7238 7236 7236 7239 7239 7236 7236 7238 7238 7236 7236 7239 7239 7235 7235 7240 7240 7241 7241 7242 7242 7243 7243 7242 7242 7241 7241 7242 7242 7243 7243 7237 7237 7244 7244 7237 7237 7243 7243 7237 7237 7244 7244 7238 7238 7240 7240 7245 7245 7241 7241 7246 7246 7241 7241 7245 7245 7241 7241 7246 7246 7247 7247 7248 7248 7247 7247 7246 7246 7247 7247 7248 7248 7249 7249 1045 1045 7249 7249 7248 7248 7249 7249 1045 1045 1046 1046 4765 4765 4764 4764 7250 7250 7251 7251 7250 7250 4764 4764 7250 7250 7251 7251 7252 7252 7253 7253 7252 7252 7251 7251 7252 7252 7253 7253 7254 7254 7255 7255 7254 7254 7253 7253 7254 7254 7255 7255 7256 7256 7257 7257 7256 7256 7255 7255 286 286 285 285 7258 7258 7259 7259 7258 7258 285 285 7258 7258 7259 7259 7257 7257 7260 7260 7257 7257 7259 7259 7257 7257 7260 7260 7256 7256 3180 3180 3175 3175 7261 7261 3174 3174 3172 3172 7262 7262 3170 3170 3168 3168 7263 7263 3167 3167 3166 3166 7264 7264 3158 3158 3156 3156 7265 7265 3155 3155 3153 3153 7266 7266 3152 3152 3150 3150 7267 7267 3148 3148 3147 3147 7268 7268 7269 7269 7270 7270 7271 7271 7272 7272 7271 7271 7270 7270 7271 7271 7272 7272 7273 7273 7274 7274 7273 7273 7272 7272 7273 7273 7274 7274 7275 7275 7276 7276 7275 7275 7274 7274 7275 7275 7276 7276 7277 7277 7278 7278 7277 7277 7276 7276 7277 7277 7278 7278 7279 7279 7280 7280 7279 7279 7278 7278 7279 7279 7280 7280 7281 7281 7268 7268 7281 7281 7280 7280 7282 7282 7283 7283 7284 7284 7285 7285 7284 7284 7283 7283 7284 7284 7285 7285 7286 7286 7287 7287 7286 7286 7285 7285 7286 7286 7287 7287 7288 7288 7289 7289 7288 7288 7287 7287 7288 7288 7289 7289 7290 7290 7291 7291 7290 7290 7289 7289 7290 7290 7291 7291 7292 7292 7293 7293 7292 7292 7291 7291 7292 7292 7293 7293 7294 7294 7264 7264 7294 7294 7293 7293 4943 4943 7269 7269 4944 4944 7271 7271 4944 4944 7269 7269 4944 4944 7271 7271 4945 4945 7273 7273 4945 4945 7271 7271 4945 4945 7273 7273 4946 4946 7275 7275 4946 4946 7273 7273 4946 4946 7275 7275 4947 4947 7277 7277 4947 4947 7275 7275 4947 4947 7277 7277 4948 4948 7279 7279 4948 4948 7277 7277 4948 4948 7279 7279 4949 4949 7281 7281 4949 4949 7279 7279 4949 4949 7281 7281 3143 3143 3144 3144 3143 3143 7281 7281 7268 7268 3147 3147 7281 7281 3145 3145 7281 7281 3147 3147 7281 7281 3145 3145 3144 3144 7270 7270 7295 7295 7272 7272 7296 7296 7272 7272 7295 7295 7272 7272 7296 7296 7274 7274 7297 7297 7274 7274 7296 7296 7274 7274 7297 7297 7276 7276 7298 7298 7276 7276 7297 7297 7276 7276 7298 7298 7278 7278 7299 7299 7278 7278 7298 7298 7278 7278 7299 7299 7280 7280 7300 7300 7280 7280 7299 7299 7280 7280 7300 7300 7268 7268 7267 7267 7268 7268 7300 7300 7268 7268 7267 7267 3148 3148 3150 3150 3148 3148 7267 7267 3153 3153 3152 3152 7266 7266 7267 7267 7266 7266 3152 3152 7266 7266 7267 7267 7301 7301 7300 7300 7301 7301 7267 7267 7301 7301 7300 7300 7302 7302 7299 7299 7302 7302 7300 7300 7302 7302 7299 7299 7303 7303 7298 7298 7303 7303 7299 7299 7303 7303 7298 7298 7304 7304 7297 7297 7304 7304 7298 7298 7304 7304 7297 7297 7305 7305 7296 7296 7305 7305 7297 7297 7305 7305 7296 7296 7306 7306 7295 7295 7306 7306 7296 7296 3156 3156 3155 3155 7265 7265 7266 7266 7265 7265 3155 3155 7265 7265 7266 7266 7307 7307 7301 7301 7307 7307 7266 7266 7307 7307 7301 7301 7308 7308 7302 7302 7308 7308 7301 7301 7308 7308 7302 7302 7309 7309 7303 7303 7309 7309 7302 7302 7309 7309 7303 7303 7310 7310 7304 7304 7310 7310 7303 7303 7310 7310 7304 7304 7311 7311 7305 7305 7311 7311 7304 7304 7311 7311 7305 7305 7312 7312 7306 7306 7312 7312 7305 7305 3159 3159 3158 3158 7313 7313 7265 7265 7313 7313 3158 3158 7313 7313 7265 7265 7314 7314 7307 7307 7314 7314 7265 7265 7314 7314 7307 7307 7315 7315 7308 7308 7315 7315 7307 7307 7315 7315 7308 7308 7316 7316 7309 7309 7316 7316 7308 7308 7316 7316 7309 7309 7317 7317 7310 7310 7317 7317 7309 7309 7317 7317 7310 7310 7318 7318 7311 7311 7318 7318 7310 7310 7318 7318 7311 7311 7319 7319 7312 7312 7319 7319 7311 7311 7319 7319 7320 7320 7318 7318 7321 7321 7318 7318 7320 7320 7318 7318 7321 7321 7317 7317 7322 7322 7317 7317 7321 7321 7317 7317 7322 7322 7316 7316 7323 7323 7316 7316 7322 7322 7316 7316 7323 7323 7315 7315 7324 7324 7315 7315 7323 7323 7315 7315 7324 7324 7314 7314 7325 7325 7314 7314 7324 7324 7314 7314 7325 7325 7313 7313 7326 7326 7313 7313 7325 7325 7313 7313 7326 7326 3159 3159 3161 3161 3159 3159 7326 7326 7320 7320 7282 7282 7321 7321 7284 7284 7321 7321 7282 7282 7321 7321 7284 7284 7322 7322 7286 7286 7322 7322 7284 7284 7322 7322 7286 7286 7323 7323 7288 7288 7323 7323 7286 7286 7323 7323 7288 7288 7324 7324 7290 7290 7324 7324 7288 7288 7324 7324 7290 7290 7325 7325 7292 7292 7325 7325 7290 7290 7325 7325 7292 7292 7326 7326 7294 7294 7326 7326 7292 7292 7326 7326 7294 7294 3161 3161 3163 3163 3161 3161 7294 7294 7264 7264 3166 3166 7294 7294 3164 3164 7294 7294 3166 3166 7294 7294 3164 3164 3163 3163 7283 7283 7327 7327 7285 7285 7328 7328 7285 7285 7327 7327 7285 7285 7328 7328 7287 7287 7329 7329 7287 7287 7328 7328 7287 7287 7329 7329 7289 7289 7330 7330 7289 7289 7329 7329 7289 7289 7330 7330 7291 7291 7331 7331 7291 7291 7330 7330 7291 7291 7331 7331 7293 7293 7332 7332 7293 7293 7331 7331 7293 7293 7332 7332 7264 7264 7263 7263 7264 7264 7332 7332 7264 7264 7263 7263 3167 3167 3168 3168 3167 3167 7263 7263 3172 3172 3170 3170 7262 7262 7263 7263 7262 7262 3170 3170 7262 7262 7263 7263 7333 7333 7332 7332 7333 7333 7263 7263 7333 7333 7332 7332 7334 7334 7331 7331 7334 7334 7332 7332 7334 7334 7331 7331 7335 7335 7330 7330 7335 7335 7331 7331 7335 7335 7330 7330 7336 7336 7329 7329 7336 7336 7330 7330 7336 7336 7329 7329 7337 7337 7328 7328 7337 7337 7329 7329 7337 7337 7328 7328 7338 7338 7327 7327 7338 7338 7328 7328 3175 3175 3174 3174 7261 7261 7262 7262 7261 7261 3174 3174 7261 7261 7262 7262 7339 7339 7333 7333 7339 7339 7262 7262 7339 7339 7333 7333 7340 7340 7334 7334 7340 7340 7333 7333 7340 7340 7334 7334 7341 7341 7335 7335 7341 7341 7334 7334 7341 7341 7335 7335 7342 7342 7336 7336 7342 7342 7335 7335 7342 7342 7336 7336 7343 7343 7337 7337 7343 7343 7336 7336 7343 7343 7337 7337 7344 7344 7338 7338 7344 7344 7337 7337 3179 3179 3180 3180 7345 7345 7261 7261 7345 7345 3180 3180 7345 7345 7261 7261 7346 7346 7339 7339 7346 7346 7261 7261 7346 7346 7339 7339 7347 7347 7340 7340 7347 7347 7339 7339 7347 7347 7340 7340 7348 7348 7341 7341 7348 7348 7340 7340 7348 7348 7341 7341 7349 7349 7342 7342 7349 7349 7341 7341 7349 7349 7342 7342 7350 7350 7343 7343 7350 7350 7342 7342 7350 7350 7343 7343 7351 7351 7344 7344 7351 7351 7343 7343 7351 7351 4871 4871 7350 7350 4872 4872 7350 7350 4871 4871 7350 7350 4872 4872 7349 7349 4873 4873 7349 7349 4872 4872 7349 7349 4873 4873 7348 7348 4874 4874 7348 7348 4873 4873 7348 7348 4874 4874 7347 7347 4875 4875 7347 7347 4874 4874 7347 7347 4875 4875 7346 7346 4876 4876 7346 7346 4875 4875 7346 7346 4876 4876 7345 7345 4877 4877 7345 7345 4876 4876 7345 7345 4877 4877 3179 3179 3177 3177 3179 3179 4877 4877 5202 5202 5197 5197 7352 7352 5196 5196 5194 5194 7353 7353 5193 5193 5191 5191 7354 7354 5190 5190 5189 5189 7355 7355 5181 5181 5179 5179 7356 7356 5178 5178 5176 5176 7357 7357 5175 5175 5173 5173 7358 7358 5172 5172 5171 5171 7359 7359 5000 5000 4998 4998 7360 7360 7361 7361 7360 7360 4998 4998 7360 7360 7361 7361 7362 7362 7363 7363 7362 7362 7361 7361 7362 7362 7363 7363 7364 7364 7365 7365 7364 7364 7363 7363 7364 7364 7365 7365 7366 7366 7367 7367 7366 7366 7365 7365 7366 7366 7367 7367 7368 7368 7369 7369 7368 7368 7367 7367 7368 7368 7369 7369 7370 7370 7359 7359 7370 7370 7369 7369 5024 5024 5022 5022 7371 7371 7372 7372 7371 7371 5022 5022 7371 7371 7372 7372 7373 7373 7374 7374 7373 7373 7372 7372 7373 7373 7374 7374 7375 7375 7376 7376 7375 7375 7374 7374 7375 7375 7376 7376 7377 7377 7378 7378 7377 7377 7376 7376 7377 7377 7378 7378 7379 7379 7380 7380 7379 7379 7378 7378 7379 7379 7380 7380 7381 7381 7355 7355 7381 7381 7380 7380 5002 5002 5000 5000 7382 7382 7360 7360 7382 7382 5000 5000 7382 7382 7360 7360 7383 7383 7362 7362 7383 7383 7360 7360 7383 7383 7362 7362 7384 7384 7364 7364 7384 7384 7362 7362 7384 7384 7364 7364 7385 7385 7366 7366 7385 7385 7364 7364 7385 7385 7366 7366 7386 7386 7368 7368 7386 7386 7366 7366 7386 7386 7368 7368 7387 7387 7370 7370 7387 7387 7368 7368 7387 7387 7370 7370 5167 5167 5168 5168 5167 5167 7370 7370 7359 7359 5171 5171 7370 7370 5169 5169 7370 7370 5171 5171 7370 7370 5169 5169 5168 5168 4998 4998 4996 4996 7361 7361 7388 7388 7361 7361 4996 4996 7361 7361 7388 7388 7363 7363 7389 7389 7363 7363 7388 7388 7363 7363 7389 7389 7365 7365 7390 7390 7365 7365 7389 7389 7365 7365 7390 7390 7367 7367 7391 7391 7367 7367 7390 7390 7367 7367 7391 7391 7369 7369 7392 7392 7369 7369 7391 7391 7369 7369 7392 7392 7359 7359 7358 7358 7359 7359 7392 7392 7359 7359 7358 7358 5172 5172 5173 5173 5172 5172 7358 7358 5176 5176 5175 5175 7357 7357 7358 7358 7357 7357 5175 5175 7357 7357 7358 7358 7393 7393 7392 7392 7393 7393 7358 7358 7393 7393 7392 7392 7394 7394 7391 7391 7394 7394 7392 7392 7394 7394 7391 7391 7395 7395 7390 7390 7395 7395 7391 7391 7395 7395 7390 7390 7396 7396 7389 7389 7396 7396 7390 7390 7396 7396 7389 7389 7397 7397 7388 7388 7397 7397 7389 7389 7397 7397 7388 7388 5031 5031 4996 4996 5031 5031 7388 7388 5179 5179 5178 5178 7356 7356 7357 7357 7356 7356 5178 5178 7356 7356 7357 7357 7398 7398 7393 7393 7398 7398 7357 7357 7398 7398 7393 7393 7399 7399 7394 7394 7399 7399 7393 7393 7399 7399 7394 7394 7400 7400 7395 7395 7400 7400 7394 7394 7400 7400 7395 7395 7401 7401 7396 7396 7401 7401 7395 7395 7401 7401 7396 7396 7402 7402 7397 7397 7402 7402 7396 7396 7402 7402 7397 7397 5030 5030 5031 5031 5030 5030 7397 7397 5182 5182 5181 5181 7403 7403 7356 7356 7403 7403 5181 5181 7403 7403 7356 7356 7404 7404 7398 7398 7404 7404 7356 7356 7404 7404 7398 7398 7405 7405 7399 7399 7405 7405 7398 7398 7405 7405 7399 7399 7406 7406 7400 7400 7406 7406 7399 7399 7406 7406 7400 7400 7407 7407 7401 7401 7407 7407 7400 7400 7407 7407 7401 7401 7408 7408 7402 7402 7408 7408 7401 7401 7408 7408 7402 7402 5028 5028 5030 5030 5028 5028 7402 7402 5028 5028 5026 5026 7408 7408 7409 7409 7408 7408 5026 5026 7408 7408 7409 7409 7407 7407 7410 7410 7407 7407 7409 7409 7407 7407 7410 7410 7406 7406 7411 7411 7406 7406 7410 7410 7406 7406 7411 7411 7405 7405 7412 7412 7405 7405 7411 7411 7405 7405 7412 7412 7404 7404 7413 7413 7404 7404 7412 7412 7404 7404 7413 7413 7403 7403 7414 7414 7403 7403 7413 7413 7403 7403 7414 7414 5182 5182 5184 5184 5182 5182 7414 7414 5026 5026 5024 5024 7409 7409 7371 7371 7409 7409 5024 5024 7409 7409 7371 7371 7410 7410 7373 7373 7410 7410 7371 7371 7410 7410 7373 7373 7411 7411 7375 7375 7411 7411 7373 7373 7411 7411 7375 7375 7412 7412 7377 7377 7412 7412 7375 7375 7412 7412 7377 7377 7413 7413 7379 7379 7413 7413 7377 7377 7413 7413 7379 7379 7414 7414 7381 7381 7414 7414 7379 7379 7414 7414 7381 7381 5184 5184 5186 5186 5184 5184 7381 7381 7355 7355 5189 5189 7381 7381 5187 5187 7381 7381 5189 5189 7381 7381 5187 5187 5186 5186 5022 5022 5020 5020 7372 7372 7415 7415 7372 7372 5020 5020 7372 7372 7415 7415 7374 7374 7416 7416 7374 7374 7415 7415 7374 7374 7416 7416 7376 7376 7417 7417 7376 7376 7416 7416 7376 7376 7417 7417 7378 7378 7418 7418 7378 7378 7417 7417 7378 7378 7418 7418 7380 7380 7419 7419 7380 7380 7418 7418 7380 7380 7419 7419 7355 7355 7354 7354 7355 7355 7419 7419 7355 7355 7354 7354 5190 5190 5191 5191 5190 5190 7354 7354 5194 5194 5193 5193 7353 7353 7354 7354 7353 7353 5193 5193 7353 7353 7354 7354 7420 7420 7419 7419 7420 7420 7354 7354 7420 7420 7419 7419 7421 7421 7418 7418 7421 7421 7419 7419 7421 7421 7418 7418 7422 7422 7417 7417 7422 7422 7418 7418 7422 7422 7417 7417 7423 7423 7416 7416 7423 7423 7417 7417 7423 7423 7416 7416 7424 7424 7415 7415 7424 7424 7416 7416 7424 7424 7415 7415 5019 5019 5020 5020 5019 5019 7415 7415 5197 5197 5196 5196 7352 7352 7353 7353 7352 7352 5196 5196 7352 7352 7353 7353 7425 7425 7420 7420 7425 7425 7353 7353 7425 7425 7420 7420 7426 7426 7421 7421 7426 7426 7420 7420 7426 7426 7421 7421 7427 7427 7422 7422 7427 7427 7421 7421 7427 7427 7422 7422 7428 7428 7423 7423 7428 7428 7422 7422 7428 7428 7423 7423 7429 7429 7424 7424 7429 7429 7423 7423 7429 7429 7424 7424 4993 4993 5019 5019 4993 4993 7424 7424 5201 5201 5202 5202 7430 7430 7352 7352 7430 7430 5202 5202 7430 7430 7352 7352 7431 7431 7425 7425 7431 7431 7352 7352 7431 7431 7425 7425 7432 7432 7426 7426 7432 7432 7425 7425 7432 7432 7426 7426 7433 7433 7427 7427 7433 7433 7426 7426 7433 7433 7427 7427 7434 7434 7428 7428 7434 7434 7427 7427 7434 7434 7428 7428 7435 7435 7429 7429 7435 7435 7428 7428 7435 7435 7429 7429 4991 4991 4993 4993 4991 4991 7429 7429 4991 4991 4989 4989 7435 7435 7436 7436 7435 7435 4989 4989 7435 7435 7436 7436 7434 7434 7437 7437 7434 7434 7436 7436 7434 7434 7437 7437 7433 7433 7438 7438 7433 7433 7437 7437 7433 7433 7438 7438 7432 7432 7439 7439 7432 7432 7438 7438 7432 7432 7439 7439 7431 7431 7440 7440 7431 7431 7439 7439 7431 7431 7440 7440 7430 7430 7441 7441 7430 7430 7440 7440 7430 7430 7441 7441 5201 5201 5199 5199 5201 5201 7441 7441 7442 7442 7443 7443 7444 7444 7445 7445 7446 7446 7447 7447 7448 7448 7447 7447 7446 7446 3192 3192 3190 3190 7449 7449 7450 7450 7449 7449 3190 3190 7449 7449 7450 7450 7451 7451 7452 7452 7451 7451 7450 7450 7451 7451 7452 7452 7453 7453 7454 7454 7453 7453 7452 7452 7453 7453 7454 7454 4293 4293 4291 4291 4293 4293 7454 7454 686 686 687 687 7455 7455 7456 7456 7455 7455 687 687 7455 7455 7456 7456 7457 7457 7458 7458 7457 7457 7456 7456 7457 7457 7458 7458 7459 7459 7460 7460 7459 7459 7458 7458 7459 7459 7460 7460 7461 7461 7462 7462 7461 7461 7460 7460 7461 7461 7462 7462 7463 7463 7464 7464 7463 7463 7462 7462 7463 7463 7464 7464 7465 7465 7466 7466 7465 7465 7464 7464 7465 7465 7466 7466 7467 7467 7468 7468 7467 7467 7466 7466 7467 7467 7468 7468 7469 7469 7470 7470 7469 7469 7468 7468 7469 7469 7470 7470 7471 7471 7472 7472 7471 7471 7470 7470 7471 7471 7472 7472 7473 7473 7474 7474 7473 7473 7472 7472 7473 7473 7474 7474 7475 7475 7476 7476 7475 7475 7474 7474 7475 7475 7476 7476 662 662 663 663 662 662 7476 7476 7477 7477 7478 7478 7479 7479 7480 7480 7479 7479 7478 7478 7481 7481 7482 7482 7483 7483 7484 7484 7483 7483 7482 7482 7485 7485 7486 7486 7487 7487 7488 7488 7487 7487 7486 7486 7487 7487 7488 7488 7489 7489 7490 7490 7489 7489 7488 7488 7489 7489 7490 7490 7491 7491 7492 7492 7491 7491 7490 7490 7491 7491 7492 7492 7493 7493 7494 7494 7493 7493 7492 7492 7493 7493 7494 7494 7495 7495 7496 7496 7495 7495 7494 7494 7495 7495 7496 7496 7497 7497 7498 7498 7497 7497 7496 7496 7497 7497 7498 7498 7499 7499 7500 7500 7499 7499 7498 7498 7499 7499 7500 7500 7501 7501 7502 7502 7501 7501 7500 7500 7501 7501 7502 7502 7503 7503 7504 7504 7503 7503 7502 7502 7503 7503 7504 7504 7505 7505 7506 7506 7505 7505 7504 7504 7505 7505 7506 7506 7507 7507 7508 7508 7507 7507 7506 7506 7507 7507 7508 7508 7509 7509 7510 7510 7509 7509 7508 7508 7509 7509 7510 7510 7511 7511 7512 7512 7511 7511 7510 7510 7511 7511 7512 7512 7513 7513 7514 7514 7513 7513 7512 7512 7513 7513 7514 7514 7515 7515 7516 7516 7515 7515 7514 7514 7515 7515 7516 7516 7517 7517 7518 7518 7517 7517 7516 7516 7517 7517 7518 7518 7519 7519 7520 7520 7519 7519 7518 7518 7519 7519 7520 7520 7521 7521 7522 7522 7521 7521 7520 7520 7521 7521 7522 7522 7523 7523 7524 7524 7523 7523 7522 7522 7523 7523 7524 7524 7525 7525 7526 7526 7525 7525 7524 7524 7525 7525 7526 7526 7527 7527 7528 7528 7527 7527 7526 7526 7527 7527 7528 7528 7529 7529 7530 7530 7529 7529 7528 7528 7529 7529 7530 7530 7531 7531 7532 7532 7531 7531 7530 7530 7531 7531 7532 7532 7485 7485 7486 7486 7485 7485 7532 7532 7533 7533 7534 7534 7535 7535 7536 7536 7535 7535 7534 7534 7537 7537 7538 7538 7539 7539 7540 7540 7539 7539 7538 7538 7541 7541 7542 7542 7543 7543 7544 7544 7543 7543 7542 7542 2513 2513 7545 7545 2514 2514 7546 7546 2514 2514 7545 7545 7547 7547 7548 7548 7549 7549 7550 7550 7549 7549 7548 7548 7551 7551 7552 7552 7553 7553 7554 7554 7553 7553 7552 7552 7555 7555 7556 7556 7557 7557 7558 7558 1935 1935 1936 1936 1936 1936 7559 7559 7558 7558 7560 7560 7558 7558 7559 7559 7558 7558 7560 7560 7561 7561 7562 7562 7561 7561 7560 7560 7561 7561 7562 7562 7563 7563 7564 7564 7563 7563 7562 7562 7563 7563 7564 7564 7565 7565 7566 7566 7565 7565 7564 7564 7565 7565 7566 7566 7567 7567 7568 7568 7567 7567 7566 7566 7567 7567 7568 7568 7569 7569 7570 7570 7569 7569 7568 7568 7569 7569 7570 7570 7571 7571 7572 7572 7571 7571 7570 7570 7571 7571 7572 7572 7573 7573 7574 7574 7573 7573 7572 7572 7573 7573 7574 7574 7575 7575 7576 7576 7575 7575 7574 7574 7575 7575 7576 7576 7577 7577 7578 7578 7577 7577 7576 7576 7577 7577 7578 7578 7579 7579 7580 7580 7579 7579 7578 7578 7579 7579 7580 7580 1910 1910 1911 1911 1910 1910 7580 7580 5200 5200 5199 5199 7581 7581 5200 5200 7581 7581 7582 7582 7583 7583 7582 7582 7581 7581 7582 7582 7583 7583 7584 7584 7583 7583 7585 7585 7584 7584 7586 7586 7584 7584 7585 7585 7584 7584 7586 7586 7587 7587 7586 7586 7588 7588 7587 7587 7589 7589 7587 7587 7588 7588 7587 7587 7589 7589 7590 7590 7591 7591 7590 7590 7589 7589 7591 7591 7592 7592 7590 7590 7593 7593 7590 7590 7592 7592 7590 7590 7593 7593 7594 7594 7593 7593 7595 7595 7594 7594 7596 7596 7594 7594 7595 7595 7594 7594 7596 7596 7597 7597 7596 7596 7598 7598 7597 7597 7599 7599 7597 7597 7598 7598 7597 7597 7599 7599 7600 7600 7599 7599 7601 7601 7600 7600 7602 7602 7600 7600 7601 7601 7600 7600 7602 7602 7603 7603 7602 7602 7604 7604 7603 7603 7605 7605 7603 7603 7604 7604 7603 7603 7605 7605 7606 7606 7605 7605 7607 7607 7606 7606 7608 7608 7606 7606 7607 7607 7606 7606 7608 7608 7609 7609 7608 7608 7610 7610 7609 7609 7611 7611 7609 7609 7610 7610 7609 7609 7611 7611 7612 7612 7611 7611 7613 7613 7612 7612 7614 7614 7612 7612 7613 7613 7612 7612 7614 7614 7615 7615 5167 5167 5166 5166 7616 7616 7615 7615 7616 7616 5166 5166 7616 7616 7615 7615 7617 7617 7614 7614 7617 7617 7615 7615 7618 7618 7338 7338 7619 7619 7327 7327 7619 7619 7338 7338 7619 7619 7327 7327 7620 7620 7283 7283 7620 7620 7327 7327 7620 7620 7283 7283 7621 7621 7282 7282 7621 7621 7283 7283 7621 7621 7282 7282 7622 7622 7320 7320 7622 7622 7282 7282 7622 7622 7320 7320 7623 7623 7319 7319 7623 7623 7320 7320 7623 7623 7319 7319 7624 7624 7625 7625 4847 4847 7626 7626 4856 4856 7626 7626 4847 4847 7626 7626 4856 4856 7627 7627 4862 4862 7627 7627 4856 4856 7627 7627 4862 4862 7628 7628 4871 4871 7628 7628 4862 4862 7628 7628 4871 4871 7629 7629 7351 7351 7629 7629 4871 4871 7629 7629 7351 7351 7618 7618 7344 7344 7618 7618 7351 7351 7618 7618 7344 7344 7338 7338 7319 7319 7312 7312 7624 7624 7306 7306 7624 7624 7312 7312 7624 7624 7306 7306 7630 7630 7295 7295 7630 7630 7306 7306 7630 7630 7295 7295 7631 7631 7270 7270 7631 7631 7295 7295 7631 7631 7270 7270 7632 7632 7269 7269 7632 7632 7270 7270 7632 7632 7269 7269 7633 7633 4943 4943 7633 7633 7269 7269 7633 7633 4943 4943 7634 7634 4942 4942 7634 7634 4943 4943 7634 7634 4942 4942 7635 7635 4934 4934 7635 7635 4942 4942 7635 7635 4934 4934 7636 7636 4934 4934 4928 4928 7636 7636 4922 4922 7636 7636 4928 4928 7636 7636 4922 4922 7637 7637 4916 4916 7637 7637 4922 4922 7637 7637 4916 4916 7638 7638 4910 4910 7638 7638 4916 4916 7638 7638 4910 4910 7639 7639 4899 4899 7639 7639 4910 4910 7639 7639 4899 4899 7640 7640 4893 4893 7640 7640 4899 4899 7640 7640 4893 4893 7641 7641 4889 4889 7641 7641 4893 4893 7641 7641 4889 4889 7625 7625 4848 4848 7625 7625 4889 4889 7625 7625 4848 4848 4847 4847 4100 4100 4097 4097 7642 7642 7643 7643 7642 7642 4097 4097 7642 7642 7643 7643 7644 7644 7645 7645 7644 7644 7643 7643 7644 7644 7645 7645 7646 7646 7647 7647 7646 7646 7645 7645 7646 7646 7647 7647 7648 7648 7649 7649 7648 7648 7647 7647 7650 7650 7651 7651 7652 7652 7653 7653 7652 7652 7651 7651 7652 7652 7653 7653 7654 7654 7655 7655 7654 7654 7653 7653 7654 7654 7655 7655 7656 7656 7655 7655 7657 7657 7656 7656 7658 7658 7656 7656 7657 7657 7656 7656 7658 7658 7659 7659 7660 7660 7659 7659 7658 7658 7659 7659 7660 7660 7661 7661 7662 7662 7661 7661 7660 7660 7661 7661 7662 7662 7650 7650 7663 7663 7650 7650 7662 7662 7650 7650 7663 7663 7651 7651 7664 7664 7665 7665 7666 7666 7667 7667 7666 7666 7665 7665 7668 7668 7669 7669 7670 7670 7671 7671 7670 7670 7669 7669 7672 7672 7673 7673 7674 7674 7675 7675 7674 7674 7673 7673 7676 7676 7677 7677 7678 7678 7679 7679 7678 7678 7677 7677 7680 7680 7681 7681 7682 7682 7683 7683 7682 7682 7681 7681 7682 7682 7683 7683 7684 7684 7685 7685 7684 7684 7683 7683 7617 7617 7614 7614 7686 7686 7613 7613 7611 7611 7687 7687 7610 7610 7608 7608 7688 7688 7607 7607 7605 7605 7689 7689 7604 7604 7602 7602 7690 7690 7601 7601 7599 7599 7691 7691 7598 7598 7596 7596 7692 7692 7586 7586 7585 7585 7693 7693 7583 7583 7581 7581 7694 7694 4983 4983 4981 4981 7695 7695 7696 7696 7695 7695 4981 4981 7695 7695 7696 7696 7697 7697 7698 7698 7697 7697 7696 7696 7697 7697 7698 7698 7699 7699 7700 7700 7699 7699 7698 7698 7699 7699 7700 7700 7701 7701 4985 4985 4983 4983 7702 7702 7695 7695 7702 7702 4983 4983 7702 7702 7695 7695 7703 7703 7697 7697 7703 7703 7695 7695 7703 7703 7697 7697 7704 7704 7699 7699 7704 7704 7697 7697 7704 7704 7699 7699 7705 7705 7701 7701 7705 7705 7699 7699 7705 7705 7701 7701 7706 7706 4987 4987 4985 4985 7707 7707 7702 7702 7707 7707 4985 4985 7707 7707 7702 7702 7708 7708 7703 7703 7708 7708 7702 7702 7708 7708 7703 7703 7709 7709 7704 7704 7709 7709 7703 7703 7709 7709 7704 7704 7710 7710 7705 7705 7710 7710 7704 7704 7710 7710 7705 7705 7711 7711 7706 7706 7711 7711 7705 7705 7711 7711 7706 7706 7694 7694 7712 7712 7713 7713 7714 7714 4989 4989 4987 4987 7436 7436 7707 7707 7436 7436 4987 4987 7436 7436 7707 7707 7437 7437 7708 7708 7437 7437 7707 7707 7437 7437 7708 7708 7438 7438 7709 7709 7438 7438 7708 7708 7438 7438 7709 7709 7439 7439 7710 7710 7439 7439 7709 7709 7439 7439 7710 7710 7440 7440 7711 7711 7440 7440 7710 7710 7440 7440 7711 7711 7441 7441 7694 7694 7441 7441 7711 7711 7441 7441 7694 7694 5199 5199 7581 7581 5199 5199 7694 7694 7700 7700 7715 7715 7701 7701 7716 7716 7701 7701 7715 7715 7701 7701 7716 7716 7706 7706 7693 7693 7706 7706 7716 7716 7706 7706 7693 7693 7694 7694 7585 7585 7694 7694 7693 7693 7694 7694 7585 7585 7583 7583 7715 7715 7712 7712 7716 7716 7714 7714 7716 7716 7712 7712 7716 7716 7714 7714 7693 7693 7588 7588 7693 7693 7714 7714 7693 7693 7588 7588 7586 7586 7595 7595 7593 7593 7717 7717 7713 7713 7717 7717 7593 7593 7717 7717 7713 7713 7718 7718 7712 7712 7718 7718 7713 7713 7718 7718 7712 7712 7719 7719 7715 7715 7719 7719 7712 7712 7719 7719 7715 7715 7720 7720 7700 7700 7720 7720 7715 7715 7720 7720 7700 7700 7721 7721 7698 7698 7721 7721 7700 7700 7721 7721 7698 7698 7722 7722 7696 7696 7722 7722 7698 7698 7722 7722 7696 7696 5018 5018 4981 4981 5018 5018 7696 7696 7593 7593 7592 7592 7713 7713 7591 7591 7713 7713 7592 7592 7713 7713 7591 7591 7714 7714 7589 7589 7714 7714 7591 7591 7714 7714 7589 7589 7588 7588 5018 5018 5017 5017 7722 7722 7723 7723 7722 7722 5017 5017 7722 7722 7723 7723 7721 7721 7724 7724 7721 7721 7723 7723 7721 7721 7724 7724 7720 7720 7725 7725 7720 7720 7724 7724 7720 7720 7725 7725 7719 7719 7726 7726 7719 7719 7725 7725 7719 7719 7726 7726 7718 7718 7727 7727 7718 7718 7726 7726 7718 7718 7727 7727 7717 7717 7692 7692 7717 7717 7727 7727 7717 7717 7692 7692 7595 7595 7596 7596 7595 7595 7692 7692 5017 5017 5015 5015 7723 7723 7728 7728 7723 7723 5015 5015 7723 7723 7728 7728 7724 7724 7729 7729 7724 7724 7728 7728 7724 7724 7729 7729 7725 7725 7730 7730 7725 7725 7729 7729 7725 7725 7730 7730 7726 7726 7731 7731 7726 7726 7730 7730 7726 7726 7731 7731 7727 7727 7732 7732 7727 7727 7731 7731 7727 7727 7732 7732 7692 7692 7691 7691 7692 7692 7732 7732 7692 7692 7691 7691 7598 7598 7599 7599 7598 7598 7691 7691 7602 7602 7601 7601 7690 7690 7691 7691 7690 7690 7601 7601 7690 7690 7691 7691 7733 7733 7732 7732 7733 7733 7691 7691 7733 7733 7732 7732 7734 7734 7731 7731 7734 7734 7732 7732 7734 7734 7731 7731 7735 7735 7730 7730 7735 7735 7731 7731 7735 7735 7730 7730 7736 7736 7729 7729 7736 7736 7730 7730 7736 7736 7729 7729 7737 7737 7728 7728 7737 7737 7729 7729 7737 7737 7728 7728 5013 5013 5015 5015 5013 5013 7728 7728 7605 7605 7604 7604 7689 7689 7690 7690 7689 7689 7604 7604 7689 7689 7690 7690 7738 7738 7733 7733 7738 7738 7690 7690 7738 7738 7733 7733 7739 7739 7734 7734 7739 7739 7733 7733 7739 7739 7734 7734 7740 7740 7735 7735 7740 7740 7734 7734 7740 7740 7735 7735 7741 7741 7736 7736 7741 7741 7735 7735 7741 7741 7736 7736 7742 7742 7737 7737 7742 7742 7736 7736 7742 7742 7737 7737 5011 5011 5013 5013 5011 5011 7737 7737 7608 7608 7607 7607 7688 7688 7689 7689 7688 7688 7607 7607 7688 7688 7689 7689 7743 7743 7738 7738 7743 7743 7689 7689 7743 7743 7738 7738 7744 7744 7739 7739 7744 7744 7738 7738 7744 7744 7739 7739 7745 7745 7740 7740 7745 7745 7739 7739 7745 7745 7740 7740 7746 7746 7741 7741 7746 7746 7740 7740 7746 7746 7741 7741 7747 7747 7742 7742 7747 7747 7741 7741 7747 7747 7742 7742 5009 5009 5011 5011 5009 5009 7742 7742 7611 7611 7610 7610 7687 7687 7688 7688 7687 7687 7610 7610 7687 7687 7688 7688 7748 7748 7743 7743 7748 7748 7688 7688 7748 7748 7743 7743 7749 7749 7744 7744 7749 7749 7743 7743 7749 7749 7744 7744 7750 7750 7745 7745 7750 7750 7744 7744 7750 7750 7745 7745 7751 7751 7746 7746 7751 7751 7745 7745 7751 7751 7746 7746 7752 7752 7747 7747 7752 7752 7746 7746 7752 7752 7747 7747 5008 5008 5009 5009 5008 5008 7747 7747 7614 7614 7613 7613 7686 7686 7687 7687 7686 7686 7613 7613 7686 7686 7687 7687 7753 7753 7748 7748 7753 7753 7687 7687 7753 7753 7748 7748 7754 7754 7749 7749 7754 7754 7748 7748 7754 7754 7749 7749 7755 7755 7750 7750 7755 7755 7749 7749 7755 7755 7750 7750 7756 7756 7751 7751 7756 7756 7750 7750 7756 7756 7751 7751 7757 7757 7752 7752 7757 7757 7751 7751 7757 7757 7752 7752 5006 5006 5008 5008 5006 5006 7752 7752 7616 7616 7617 7617 7758 7758 7686 7686 7758 7758 7617 7617 7758 7758 7686 7686 7759 7759 7753 7753 7759 7759 7686 7686 7759 7759 7753 7753 7760 7760 7754 7754 7760 7760 7753 7753 7760 7760 7754 7754 7761 7761 7755 7755 7761 7761 7754 7754 7761 7761 7755 7755 7762 7762 7756 7756 7762 7762 7755 7755 7762 7762 7756 7756 7763 7763 7757 7757 7763 7763 7756 7756 7763 7763 7757 7757 5004 5004 5006 5006 5004 5004 7757 7757 5004 5004 5002 5002 7763 7763 7382 7382 7763 7763 5002 5002 7763 7763 7382 7382 7762 7762 7383 7383 7762 7762 7382 7382 7762 7762 7383 7383 7761 7761 7384 7384 7761 7761 7383 7383 7761 7761 7384 7384 7760 7760 7385 7385 7760 7760 7384 7384 7760 7760 7385 7385 7759 7759 7386 7386 7759 7759 7385 7385 7759 7759 7386 7386 7758 7758 7387 7387 7758 7758 7386 7386 7758 7758 7387 7387 7616 7616 5167 5167 7616 7616 7387 7387 7764 7764 7765 7765 7766 7766 7767 7767 7766 7766 7765 7765 7766 7766 7767 7767 7768 7768 7769 7769 7768 7768 7767 7767 6950 6950 6951 6951 7770 7770 7771 7771 7770 7770 6951 6951 7770 7770 7771 7771 7772 7772 7773 7773 7772 7772 7771 7771 7772 7772 7773 7773 7774 7774 7775 7775 7774 7774 7773 7773 7774 7774 7775 7775 7776 7776 7777 7777 7776 7776 7775 7775 7776 7776 7777 7777 7778 7778 7779 7779 7778 7778 7777 7777 7778 7778 7779 7779 7780 7780 7781 7781 7780 7780 7779 7779 7780 7780 7781 7781 7782 7782 7783 7783 7782 7782 7781 7781 7782 7782 7783 7783 7784 7784 7785 7785 7784 7784 7783 7783 7784 7784 7785 7785 7786 7786 7787 7787 7786 7786 7785 7785 7786 7786 7787 7787 7788 7788 7789 7789 7788 7788 7787 7787 7788 7788 7789 7789 7790 7790 7791 7791 7790 7790 7789 7789 7790 7790 7791 7791 6926 6926 6927 6927 6926 6926 7791 7791 7792 7792 7793 7793 7794 7794 7795 7795 7794 7794 7793 7793 7794 7794 7795 7795 7796 7796 7797 7797 7796 7796 7795 7795 7796 7796 7797 7797 7798 7798 7797 7797 7799 7799 7798 7798 7800 7800 7798 7798 7799 7799 7798 7798 7800 7800 7801 7801 7802 7802 7801 7801 7800 7800 7801 7801 7802 7802 7803 7803 7804 7804 7803 7803 7802 7802 7803 7803 7804 7804 7792 7792 7805 7805 7792 7792 7804 7804 7792 7792 7805 7805 7793 7793 7806 7806 7807 7807 7808 7808 7809 7809 7808 7808 7807 7807 7810 7810 7811 7811 7812 7812 7813 7813 7812 7812 7811 7811 210 210 211 211 7814 7814 7815 7815 7814 7814 211 211 7814 7814 7815 7815 7816 7816 7817 7817 7816 7816 7815 7815 7816 7816 7817 7817 7818 7818 7819 7819 7818 7818 7817 7817 7818 7818 7819 7819 7820 7820 7821 7821 7820 7820 7819 7819 7820 7820 7821 7821 7822 7822 7823 7823 7822 7822 7821 7821 7822 7822 7823 7823 7824 7824 7825 7825 7824 7824 7823 7823 7824 7824 7825 7825 7826 7826 7827 7827 7826 7826 7825 7825 7826 7826 7827 7827 7828 7828 7829 7829 7828 7828 7827 7827 7828 7828 7829 7829 7830 7830 7831 7831 7830 7830 7829 7829 7830 7830 7831 7831 7832 7832 7833 7833 7832 7832 7831 7831 7832 7832 7833 7833 7834 7834 7835 7835 7834 7834 7833 7833 7834 7834 7835 7835 186 186 187 187 186 186 7835 7835 7090 7090 7089 7089 7836 7836 7837 7837 7836 7836 7089 7089 7836 7836 7837 7837 7838 7838 7837 7837 7839 7839 7838 7838 7840 7840 7838 7838 7839 7839 7838 7838 7840 7840 7841 7841 7842 7842 7841 7841 7840 7840 7841 7841 7842 7842 7843 7843 7843 7843 7842 7842 7844 7844 7845 7845 7844 7844 7842 7842 7844 7844 7845 7845 7846 7846 7847 7847 7846 7846 7845 7845 7846 7846 7847 7847 7848 7848 7849 7849 7848 7848 7847 7847 7848 7848 7849 7849 7850 7850 7851 7851 7850 7850 7849 7849 7850 7850 7851 7851 7852 7852 7853 7853 7852 7852 7851 7851 7852 7852 7853 7853 7854 7854 7853 7853 7855 7855 7854 7854 7856 7856 7854 7854 7855 7855 7854 7854 7856 7856 7857 7857 7858 7858 7857 7857 7856 7856 7857 7857 7858 7858 7859 7859 7860 7860 7859 7859 7858 7858 7067 7067 7066 7066 7861 7861 7862 7862 7861 7861 7066 7066 7861 7861 7862 7862 7860 7860 7863 7863 7860 7860 7862 7862 7860 7860 7863 7863 7859 7859 7864 7864 7865 7865 7866 7866 7867 7867 7866 7866 7868 7868 7869 7869 7868 7868 7866 7866 7868 7868 7869 7869 7870 7870 7871 7871 7870 7870 7869 7869 7872 7872 7873 7873 7867 7867 7874 7874 7867 7867 7873 7873 7867 7867 7874 7874 7866 7866 7875 7875 7866 7866 7874 7874 7866 7866 7875 7875 7864 7864 7865 7865 7876 7876 7866 7866 7877 7877 7866 7866 7876 7876 7866 7866 7877 7877 7878 7878 7879 7879 7878 7878 7877 7877 7880 7880 7881 7881 7882 7882 7883 7883 7882 7882 7881 7881 7882 7882 7883 7883 7884 7884 7885 7885 7884 7884 7883 7883 7886 7886 7648 7648 7887 7887 7649 7649 7887 7887 7648 7648 7888 7888 2995 2995 2996 2996 2996 2996 7889 7889 7888 7888 7890 7890 7888 7888 7889 7889 7888 7888 7890 7890 7891 7891 7892 7892 7891 7891 7890 7890 7891 7891 7892 7892 7893 7893 7894 7894 7893 7893 7892 7892 7893 7893 7894 7894 7895 7895 7896 7896 7895 7895 7894 7894 7895 7895 7896 7896 7897 7897 7898 7898 7897 7897 7896 7896 7897 7897 7898 7898 7899 7899 7900 7900 7899 7899 7898 7898 7899 7899 7900 7900 7901 7901 7902 7902 7901 7901 7900 7900 7901 7901 7902 7902 7903 7903 7904 7904 7903 7903 7902 7902 7903 7903 7904 7904 7905 7905 7906 7906 7905 7905 7904 7904 7905 7905 7906 7906 7907 7907 7908 7908 7907 7907 7906 7906 7907 7907 7908 7908 7909 7909 7910 7910 7909 7909 7908 7908 7909 7909 7910 7910 2970 2970 2971 2971 2970 2970 7910 7910 2433 2433 2434 2434 7911 7911 7912 7912 7911 7911 2434 2434 7911 7911 7912 7912 7913 7913 7914 7914 7913 7913 7912 7912 7913 7913 7914 7914 7915 7915 7916 7916 7915 7915 7914 7914 7915 7915 7916 7916 7917 7917 7918 7918 7917 7917 7916 7916 7917 7917 7918 7918 7919 7919 7920 7920 7919 7919 7918 7918 7919 7919 7920 7920 7921 7921 7922 7922 7921 7921 7920 7920 7921 7921 7922 7922 7923 7923 7924 7924 7923 7923 7922 7922 7923 7923 7924 7924 7925 7925 7926 7926 7925 7925 7924 7924 7925 7925 7926 7926 7927 7927 7928 7928 7927 7927 7926 7926 7927 7927 7928 7928 7929 7929 7930 7930 7929 7929 7928 7928 7929 7929 7930 7930 7931 7931 7932 7932 7931 7931 7930 7930 7931 7931 7932 7932 2409 2409 2410 2410 2409 2409 7932 7932 5643 5643 5642 5642 7933 7933 7934 7934 7933 7933 5642 5642 7933 7933 7934 7934 7935 7935 7936 7936 7935 7935 7934 7934 7935 7935 7936 7936 7937 7937 7938 7938 7937 7937 7936 7936 7937 7937 7938 7938 7939 7939 7940 7940 7939 7939 7938 7938 7939 7939 7940 7940 7941 7941 7942 7942 7941 7941 7940 7940 7941 7941 7942 7942 7943 7943 7944 7944 7943 7943 7942 7942 7943 7943 7944 7944 7945 7945 7946 7946 7945 7945 7944 7944 7945 7945 7946 7946 7947 7947 7948 7948 7947 7947 7946 7946 7947 7947 7948 7948 7949 7949 7950 7950 7949 7949 7948 7948 7949 7949 7950 7950 7951 7951 7952 7952 7951 7951 7950 7950 7951 7951 7952 7952 7953 7953 7954 7954 7953 7953 7952 7952 5637 5637 5636 5636 7954 7954 7955 7955 7954 7954 5636 5636 7954 7954 7955 7955 7953 7953 6764 6764 6763 6763 7956 7956 7957 7957 7956 7956 6763 6763 7956 7956 7957 7957 7958 7958 7959 7959 7958 7958 7957 7957 7195 7195 7194 7194 7960 7960 7961 7961 7960 7960 7194 7194 7960 7960 7961 7961 7962 7962 7963 7963 7962 7962 7961 7961 7964 7964 7965 7965 7966 7966 7967 7967 7966 7966 7965 7965 7968 7968 7969 7969 7970 7970 7971 7971 7970 7970 7969 7969 7970 7970 7971 7971 7972 7972 7966 7966 7972 7972 7971 7971 7972 7972 7966 7966 7973 7973 7967 7967 7973 7973 7966 7966 7974 7974 7975 7975 7976 7976 7977 7977 7976 7976 7975 7975 7978 7978 7979 7979 7980 7980 7980 7980 7981 7981 7982 7982 7982 7982 7983 7983 7980 7980 7984 7984 7980 7980 7983 7983 7980 7980 7984 7984 7978 7978 7985 7985 7986 7986 7987 7987 7988 7988 7987 7987 7986 7986 7989 7989 7990 7990 7991 7991 7991 7991 7992 7992 7989 7989 7993 7993 7989 7989 7992 7992 7989 7989 7993 7993 7994 7994 7995 7995 7994 7994 7993 7993 7994 7994 7995 7995 7996 7996 6907 6907 6908 6908 7997 7997 7998 7998 7997 7997 6908 6908 7997 7997 7998 7998 7999 7999 8000 8000 7999 7999 7998 7998 7999 7999 8000 8000 8001 8001 8002 8002 8001 8001 8000 8000 8001 8001 8002 8002 8003 8003 8004 8004 8003 8003 8002 8002 8003 8003 8004 8004 8005 8005 8006 8006 8005 8005 8004 8004 8005 8005 8006 8006 8007 8007 8008 8008 8007 8007 8006 8006 8007 8007 8008 8008 8009 8009 8010 8010 8009 8009 8008 8008 8009 8009 8010 8010 8011 8011 8012 8012 8011 8011 8010 8010 8011 8011 8012 8012 8013 8013 8014 8014 8013 8013 8012 8012 8013 8013 8014 8014 8015 8015 8016 8016 8015 8015 8014 8014 8015 8015 8016 8016 8017 8017 8018 8018 8017 8017 8016 8016 8017 8017 8018 8018 6883 6883 6884 6884 6883 6883 8018 8018 8019 8019 8020 8020 8021 8021 8022 8022 8021 8021 8020 8020 8023 8023 8024 8024 8025 8025 8026 8026 8025 8025 8024 8024 8025 8025 8026 8026 8027 8027 8028 8028 8027 8027 8026 8026 8027 8027 8028 8028 8029 8029 8030 8030 8029 8029 8028 8028 8031 8031 8032 8032 8033 8033 8034 8034 8035 8035 8036 8036 8037 8037 8036 8036 8035 8035 8036 8036 8037 8037 8033 8033 8038 8038 8033 8033 8037 8037 8033 8033 8038 8038 8031 8031 2346 2346 2347 2347 8039 8039 8040 8040 8039 8039 2347 2347 8039 8039 8040 8040 8041 8041 8042 8042 8041 8041 8040 8040 8041 8041 8042 8042 8043 8043 8044 8044 8043 8043 8042 8042 8043 8043 8044 8044 8045 8045 8046 8046 8045 8045 8044 8044 8045 8045 8046 8046 8047 8047 8048 8048 8047 8047 8046 8046 8047 8047 8048 8048 8049 8049 8050 8050 8049 8049 8048 8048 8049 8049 8050 8050 8051 8051 8052 8052 8051 8051 8050 8050 8051 8051 8052 8052 8053 8053 8054 8054 8053 8053 8052 8052 8053 8053 8054 8054 8055 8055 8056 8056 8055 8055 8054 8054 8055 8055 8056 8056 8057 8057 8058 8058 8057 8057 8056 8056 8057 8057 8058 8058 8059 8059 8060 8060 8059 8059 8058 8058 8059 8059 8060 8060 2322 2322 2323 2323 2322 2322 8060 8060 1253 1253 2897 2897 1254 1254 2896 2896 1254 1254 2897 2897 8061 8061 8062 8062 8063 8063 8064 8064 8063 8063 8062 8062 8065 8065 8066 8066 8067 8067 8068 8068 8067 8067 8066 8066 8069 8069 8070 8070 8071 8071 8072 8072 8071 8071 8070 8070 8071 8071 8072 8072 8073 8073 8074 8074 8073 8073 8072 8072 8073 8073 8074 8074 8075 8075 8076 8076 8075 8075 8074 8074 7122 7122 7123 7123 8077 8077 8078 8078 8077 8077 7123 7123 8077 8077 8078 8078 8079 8079 8080 8080 8079 8079 8078 8078 8079 8079 8080 8080 8081 8081 8082 8082 8081 8081 8080 8080 8081 8081 8082 8082 8083 8083 8084 8084 8083 8083 8082 8082 8083 8083 8084 8084 8085 8085 8086 8086 8085 8085 8084 8084 8085 8085 8086 8086 8087 8087 8088 8088 8087 8087 8086 8086 8087 8087 8088 8088 8089 8089 8090 8090 8089 8089 8088 8088 8089 8089 8090 8090 8091 8091 8092 8092 8091 8091 8090 8090 8091 8091 8092 8092 8093 8093 8094 8094 8093 8093 8092 8092 8093 8093 8094 8094 8095 8095 8096 8096 8095 8095 8094 8094 8095 8095 8096 8096 8097 8097 8098 8098 8097 8097 8096 8096 8097 8097 8098 8098 7098 7098 7099 7099 7098 7098 8098 8098 620 620 621 621 8099 8099 8100 8100 8099 8099 621 621 8099 8099 8100 8100 8101 8101 8102 8102 8101 8101 8100 8100 8101 8101 8102 8102 8103 8103 8104 8104 8103 8103 8102 8102 8103 8103 8104 8104 8105 8105 8106 8106 8105 8105 8104 8104 8105 8105 8106 8106 8107 8107 8108 8108 8107 8107 8106 8106 8107 8107 8108 8108 8109 8109 8110 8110 8109 8109 8108 8108 8109 8109 8110 8110 8111 8111 8112 8112 8111 8111 8110 8110 8111 8111 8112 8112 8113 8113 8114 8114 8113 8113 8112 8112 8113 8113 8114 8114 8115 8115 8116 8116 8115 8115 8114 8114 8115 8115 8116 8116 8117 8117 8118 8118 8117 8117 8116 8116 8117 8117 8118 8118 8119 8119 8120 8120 8119 8119 8118 8118 8119 8119 8120 8120 596 596 597 597 596 596 8120 8120 8121 8121 1259 1259 8122 8122 1260 1260 8122 8122 1259 1259 8122 8122 1260 1260 8123 8123 8124 8124 8125 8125 8126 8126 8127 8127 8126 8126 8125 8125 8128 8128 8129 8129 8130 8130 8131 8131 8130 8130 8129 8129 8130 8130 8131 8131 8132 8132 8133 8133 8132 8132 8131 8131 8132 8132 8133 8133 8134 8134 8135 8135 8134 8134 8133 8133 8134 8134 8135 8135 8136 8136 8137 8137 8136 8136 8135 8135 8136 8136 8137 8137 8138 8138 8139 8139 8138 8138 8137 8137 8138 8138 8139 8139 8140 8140 8141 8141 8140 8140 8139 8139 8140 8140 8141 8141 8142 8142 8143 8143 8142 8142 8141 8141 8142 8142 8143 8143 8144 8144 8145 8145 8144 8144 8143 8143 8144 8144 8145 8145 8146 8146 8147 8147 8146 8146 8145 8145 8146 8146 8147 8147 8148 8148 8149 8149 8148 8148 8147 8147 8148 8148 8149 8149 8150 8150 8151 8151 8150 8150 8149 8149 8150 8150 8151 8151 8152 8152 8153 8153 8152 8152 8151 8151 8154 8154 8155 8155 8156 8156 8157 8157 8156 8156 8155 8155 8156 8156 8157 8157 8158 8158 8159 8159 8158 8158 8157 8157 8158 8158 8159 8159 8160 8160 8161 8161 8160 8160 8159 8159 8160 8160 8161 8161 8162 8162 8163 8163 8162 8162 8161 8161 8162 8162 8163 8163 8164 8164 8165 8165 8164 8164 8163 8163 8164 8164 8165 8165 8166 8166 8167 8167 8166 8166 8165 8165 8166 8166 8167 8167 8168 8168 8169 8169 8168 8168 8167 8167 8168 8168 8169 8169 8170 8170 8171 8171 8170 8170 8169 8169 8170 8170 8171 8171 8172 8172 8173 8173 8172 8172 8171 8171 8172 8172 8173 8173 8174 8174 8175 8175 8174 8174 8173 8173 8174 8174 8175 8175 8176 8176 8177 8177 8176 8176 8175 8175 8176 8176 8177 8177 8178 8178 8179 8179 8178 8178 8177 8177 4512 4512 4510 4510 8180 8180 4512 4512 8180 8180 8181 8181 8180 8180 8182 8182 8181 8181 8183 8183 8181 8181 8182 8182 8181 8181 8183 8183 8184 8184 8185 8185 8184 8184 8183 8183 8184 8184 8185 8185 8186 8186 8187 8187 8186 8186 8185 8185 8186 8186 8187 8187 8188 8188 8189 8189 8188 8188 8187 8187 8188 8188 8189 8189 8190 8190 3728 3728 8190 8190 8189 8189 8190 8190 3728 3728 3727 3727 8191 8191 8192 8192 961 961 961 961 962 962 8191 8191 963 963 8191 8191 962 962 8191 8191 963 963 8193 8193 926 926 8193 8193 963 963 926 926 925 925 8193 8193 923 923 8193 8193 925 925 8193 8193 923 923 8194 8194 923 923 922 922 8194 8194 920 920 8194 8194 922 922 8194 8194 920 920 8195 8195 920 920 919 919 8195 8195 917 917 8195 8195 919 919 8195 8195 917 917 8196 8196 917 917 916 916 8196 8196 982 982 8196 8196 916 916 8196 8196 982 982 8197 8197 997 997 8197 8197 982 982 8197 8197 997 997 8198 8198 997 997 998 998 8198 8198 999 999 8198 8198 998 998 8198 8198 999 999 8199 8199 914 914 8199 8199 999 999 914 914 913 913 8199 8199 911 911 8199 8199 913 913 8199 8199 911 911 8200 8200 911 911 910 910 8200 8200 908 908 8200 8200 910 910 8200 8200 908 908 8201 8201 908 908 907 907 8201 8201 905 905 8201 8201 907 907 8201 8201 905 905 8202 8202 1033 1033 8203 8203 1018 1018 8202 8202 1018 1018 8203 8203 1018 1018 8202 8202 904 904 905 905 904 904 8202 8202 8152 8152 8153 8153 8204 8204 8205 8205 8204 8204 8153 8153 8204 8204 8205 8205 8206 8206 8207 8207 8206 8206 8205 8205 8206 8206 8207 8207 8208 8208 8209 8209 8208 8208 8207 8207 8208 8208 8209 8209 8210 8210 8211 8211 8210 8210 8209 8209 8210 8210 8211 8211 8212 8212 8213 8213 8212 8212 8211 8211 8212 8212 8213 8213 8214 8214 8215 8215 8214 8214 8213 8213 8214 8214 8215 8215 8216 8216 8217 8217 8216 8216 8215 8215 8216 8216 8217 8217 8218 8218 8219 8219 8218 8218 8217 8217 8218 8218 8219 8219 8220 8220 8221 8221 8220 8220 8219 8219 8220 8220 8221 8221 8222 8222 8223 8223 8222 8222 8221 8221 8222 8222 8223 8223 8224 8224 8225 8225 8224 8224 8223 8223 8224 8224 8225 8225 8128 8128 8129 8129 8128 8128 8225 8225 8226 8226 8227 8227 8228 8228 8229 8229 8230 8230 8226 8226 8231 8231 8232 8232 8233 8233 8234 8234 8233 8233 8232 8232 8233 8233 8234 8234 8235 8235 8229 8229 8226 8226 8236 8236 8228 8228 8236 8236 8226 8226 8236 8236 8228 8228 8235 8235 8237 8237 8235 8235 8228 8228 8235 8235 8237 8237 8233 8233 8238 8238 8233 8233 8237 8237 8233 8233 8238 8238 8239 8239 8230 8230 8240 8240 8226 8226 8241 8241 8226 8226 8240 8240 8226 8226 8241 8241 8242 8242 8243 8243 8242 8242 8241 8241 8244 8244 8245 8245 8246 8246 8247 8247 8246 8246 8245 8245 7886 7886 7887 7887 8248 8248 8249 8249 8248 8248 7887 7887 8248 8248 8249 8249 8250 8250 8251 8251 8250 8250 8249 8249 8250 8250 8251 8251 8252 8252 8253 8253 8252 8252 8251 8251 8252 8252 8253 8253 3191 3191 3189 3189 3191 3191 8253 8253 5630 5630 5629 5629 8254 8254 8255 8255 8254 8254 5629 5629 8254 8254 8255 8255 8256 8256 8257 8257 8256 8256 8255 8255 8256 8256 8257 8257 8258 8258 8259 8259 8258 8258 8257 8257 8258 8258 8259 8259 8260 8260 8261 8261 8260 8260 8259 8259 8260 8260 8261 8261 8262 8262 7546 7546 7545 7545 8263 8263 8262 8262 8263 8263 7545 7545 8263 8263 8262 8262 8264 8264 8261 8261 8264 8264 8262 8262 2645 2645 8265 8265 2646 2646 8266 8266 2646 2646 8265 8265 5127 5127 4514 4514 5128 5128 4513 4513 5128 5128 4514 4514 8267 8267 8268 8268 8269 8269 8270 8270 8269 8269 8268 8268 8269 8269 8270 8270 8271 8271 8272 8272 8271 8271 8270 8270 8271 8271 8272 8272 8273 8273 8274 8274 8273 8273 8272 8272 8273 8273 8274 8274 8275 8275 8276 8276 8275 8275 8274 8274 8275 8275 8276 8276 8277 8277 8278 8278 8277 8277 8276 8276 8277 8277 8278 8278 8279 8279 8280 8280 8279 8279 8278 8278 8279 8279 8280 8280 8281 8281 8282 8282 8281 8281 8280 8280 8281 8281 8282 8282 8283 8283 8284 8284 8283 8283 8282 8282 8283 8283 8284 8284 8285 8285 8286 8286 8285 8285 8284 8284 8285 8285 8286 8286 8287 8287 8288 8288 8287 8287 8286 8286 8287 8287 8288 8288 8289 8289 8290 8290 8289 8289 8288 8288 8289 8289 8290 8290 8291 8291 8292 8292 8291 8291 8290 8290 8178 8178 8179 8179 8293 8293 8294 8294 8293 8293 8179 8179 8293 8293 8294 8294 8295 8295 8296 8296 8295 8295 8294 8294 8295 8295 8296 8296 8297 8297 8298 8298 8297 8297 8296 8296 8297 8297 8298 8298 8299 8299 8300 8300 8299 8299 8298 8298 8299 8299 8300 8300 8301 8301 8302 8302 8301 8301 8300 8300 8301 8301 8302 8302 8303 8303 8304 8304 8303 8303 8302 8302 8303 8303 8304 8304 8305 8305 8306 8306 8305 8305 8304 8304 8305 8305 8306 8306 8307 8307 8308 8308 8307 8307 8306 8306 8307 8307 8308 8308 8309 8309 8310 8310 8309 8309 8308 8308 8309 8309 8310 8310 8311 8311 8312 8312 8311 8311 8310 8310 8311 8311 8312 8312 8313 8313 8314 8314 8313 8313 8312 8312 8313 8313 8314 8314 8154 8154 8155 8155 8154 8154 8314 8314 8315 8315 8316 8316 8317 8317 8318 8318 8317 8317 8316 8316 8317 8317 8318 8318 8319 8319 8320 8320 8321 8321 8322 8322 8323 8323 8322 8322 8321 8321 8320 8320 8322 8322 8324 8324 8325 8325 8324 8324 8322 8322 8324 8324 8325 8325 8326 8326 8323 8323 8315 8315 8322 8322 8317 8317 8322 8322 8315 8315 8322 8322 8317 8317 8327 8327 8328 8328 8327 8327 8317 8317 8327 8327 8328 8328 8329 8329 8330 8330 8329 8329 8328 8328 8203 8203 1033 1033 5272 5272 8203 8203 5272 5272 8331 8331 5271 5271 8331 8331 5272 5272 8331 8331 5271 5271 8332 8332 5271 5271 5269 5269 8332 8332 5268 5268 8332 8332 5269 5269 8332 8332 5268 5268 8333 8333 5268 5268 5296 5296 8333 8333 5307 5307 8333 8333 5296 5296 8333 8333 5307 5307 8334 8334 5306 5306 8334 8334 5307 5307 5306 5306 5305 5305 8334 8334 5298 5298 8334 8334 5305 5305 8334 8334 5298 5298 8335 8335 5298 5298 5297 5297 8335 8335 5266 5266 8335 8335 5297 5297 8335 8335 5266 5266 8336 8336 5266 5266 5265 5265 8336 8336 5263 5263 8336 8336 5265 5265 8336 8336 5263 5263 8337 8337 5263 5263 5262 5262 8337 8337 5260 5260 8337 8337 5262 5262 8337 8337 5260 5260 8338 8338 5260 5260 5259 5259 8338 8338 5257 5257 8338 8338 5259 5259 8338 8338 5257 5257 8339 8339 5257 5257 5256 5256 8339 8339 5254 5254 8339 8339 5256 5256 8339 8339 5254 5254 8340 8340 5254 5254 5253 5253 8340 8340 5251 5251 8340 8340 5253 5253 8340 8340 5251 5251 8341 8341 5251 5251 5250 5250 8341 8341 5248 5248 8341 8341 5250 5250 8341 8341 5248 5248 8342 8342 961 961 8192 8192 5343 5343 8342 8342 5343 5343 8192 8192 5343 5343 8342 8342 5247 5247 5248 5248 5247 5247 8342 8342 5102 5102 5101 5101 8343 8343 8344 8344 8343 8343 5101 5101 8343 8343 8344 8344 8345 8345 8346 8346 8345 8345 8344 8344 8345 8345 8346 8346 8347 8347 8348 8348 8347 8347 8346 8346 8266 8266 8265 8265 8349 8349 8350 8350 8349 8349 8265 8265 8349 8349 8350 8350 8351 8351 8352 8352 8351 8351 8350 8350 8351 8351 8352 8352 8348 8348 8353 8353 8348 8348 8352 8352 8348 8348 8353 8353 8347 8347 8291 8291 8292 8292 8354 8354 8355 8355 8354 8354 8292 8292 8354 8354 8355 8355 8356 8356 8357 8357 8356 8356 8355 8355 8356 8356 8357 8357 8358 8358 8359 8359 8358 8358 8357 8357 8358 8358 8359 8359 8360 8360 8361 8361 8360 8360 8359 8359 8360 8360 8361 8361 8362 8362 8363 8363 8362 8362 8361 8361 8362 8362 8363 8363 8364 8364 8365 8365 8364 8364 8363 8363 8364 8364 8365 8365 8366 8366 8367 8367 8366 8366 8365 8365 8366 8366 8367 8367 8368 8368 8369 8369 8368 8368 8367 8367 8368 8368 8369 8369 8370 8370 8371 8371 8370 8370 8369 8369 8370 8370 8371 8371 8372 8372 8373 8373 8372 8372 8371 8371 8372 8372 8373 8373 8374 8374 8375 8375 8374 8374 8373 8373 8374 8374 8375 8375 8267 8267 8268 8268 8267 8267 8375 8375 8376 8376 8377 8377 8378 8378 8379 8379 8378 8378 8377 8377 8380 8380 8381 8381 8382 8382 8378 8378 8382 8382 8381 8381 8382 8382 8378 8378 8383 8383 8379 8379 8383 8383 8378 8378 8384 8384 3458 3458 8385 8385 3459 3459 8385 8385 3458 3458 8385 8385 3459 3459 8386 8386</p>
        </triangles>
      </mesh>
    </geometry>
  </library_geometries>
  <library_materials>
    <material id="bd6b24b5ff424edfbc535a6cc1ec58a8" name="defaultmaterial">
      <instance_effect url="#67178637aabe4f64a906c41268567f49"/>
    </material>
  </library_materials>
  <library_visual_scenes>
    <visual_scene id="scene">
      <node id="node0" name="node0">
        <instance_geometry url="#d1dccdf71b5d45298f0358330a91ac84">
          <bind_material>
            <technique_common>
              <instance_material symbol="material0" target="#bd6b24b5ff424edfbc535a6cc1ec58a8"/>
            </technique_common>
          </bind_material>
        </instance_geometry>
      </node>
    </visual_scene>
  </library_visual_scenes>
  <scene>
    <instance_visual_scene url="#scene"/>
  </scene>
</COLLADA>
