<COLLADA xmlns="http://www.collada.org/2005/11/COLLADASchema" version="1.4.1">
  <asset>
    <created>2026-09-13T16:25:54.152347</created>
    <modified>2026-09-13T16:25:54.152347</modified>
    <up_axis>Y_UP</up_axis>
  </asset>
  <library_effects>
    <effect id="075e1aa3b7254ee7949571fceb39d866" name="075e1aa3b7254ee7949571fceb39d866">
      <profile_COMMON>
        <technique sid="common">
          <phong>
            <emission>
              <color>0.0 0.0 0.0 1.0</color>
            </emission>
            <ambient>
              <color>0.0 0.0 0.0 1.0</color>
            </ambient>
            <diffuse>
              <color>0.792156862745098 0.8196078431372549 0.9333333333333333 1.0</color>
            </diffuse>
            <specular>
              <color>0.0 0.0 0.0 1.0</color>
            </specular>
            <shininess>
              <float>0.0</float>
            </shininess>
            <reflective>
              <color>0.0 0.0 0.0 1.0</color>
            </reflective>
            <reflectivity>
              <float>0.0</float>
            </reflectivity>
            <transparent>
              <color>0.0 0.0 0.0 1.0</color>
            </transparent>
            <transparency>
              <float>1.0</float>
            </transparency>
          </phong>
        </technique>
        <extra>
          <technique profile="GOOGLEEARTH">
            <double_sided>0</double_sided>
          </technique>
        </extra>
      </profile_COMMON>
    </effect>
  </library_effects>
  <library_geometries>
    <geometry id="6f86dc444d794bd48cc7f3a5a1d4110c" name="4354e08f209c4c84b771ae664c0ea2fb">
      <mesh>
        <source id="verts-array">
          <float_array count="5058" id="verts-array-array">0.06471309 0.00785221 0.0001957922 0.06467479 0.00789051 0.0003881922 0.07122589 0.00789051 0.0003881922 0.07122589 0.00804041 0.0007499922 0.06452489 0.00804041 0.0007499922 0.07122589 0.00827871 0.001060692 0.06441589 0.00814941 0.0009130922 0.06461169 0.00795361 0.0005739922 0.06472589 0.00783941 -7.777411e-09 0.07122589 0.00783941 -7.777411e-09 0.06471309 0.00785221 -0.0001958078 0.07122589 0.00789051 -0.0003882078 0.06467479 0.00789051 -0.0003882078 0.06461169 0.00795361 -0.0005740078 0.07122589 0.00804041 -0.0007500078 0.06452489 0.00804041 -0.0007500078 0.06441589 0.00814941 -0.0009131078 0.07122589 0.00827871 -0.001060708 0.06428659 0.00827871 -0.001060708 0.07122589 0.00858941 -0.001299008 0.06397589 0.00858941 -0.001299008 0.07122589 0.00895121 -0.001448908 0.06361409 0.00895121 -0.001448908 0.07122589 0.00933941 -0.001500008 0.06322589 0.00933941 -0.001500008 0.07122589 0.00972761 -0.001448908 0.06361409 0.00972761 -0.001448908 0.07122589 0.01008941 -0.001299008 0.06397589 0.01008941 -0.001299008 0.07122589 0.01040011 -0.001060708 0.06428659 0.01040011 -0.001060708 0.07122589 0.01063841 -0.0007500078 0.07122589 0.01078831 -0.0003882078 0.06467479 0.01078831 -0.0003882078 0.06461169 0.01072521 -0.0005740078 0.06452489 0.01063841 -0.0007500078 0.06441589 0.01052941 -0.0009131078 0.07122589 0.01078831 0.0003881922 0.06471309 0.01082661 0.0001957922 0.07122589 0.01083941 -7.777411e-09 0.06472589 0.01083941 -7.777411e-09 0.06471309 0.01082661 -0.0001958078 0.07122589 0.01063841 0.0007499922 0.06461169 0.01072521 0.0005739922 0.06467479 0.01078831 0.0003881922 0.06428659 0.00827871 0.001060692 0.06397589 0.00858941 0.001298992 0.07122589 0.00858941 0.001298992 0.06361409 0.00895121 0.001448892 0.07122589 0.00895121 0.001448892 0.06322589 0.00933941 0.001499992 0.07122589 0.00933941 0.001499992 0.06361409 0.00972761 0.001448892 0.07122589 0.00972761 0.001448892 0.06397589 0.01008941 0.001298992 0.07122589 0.01008941 0.001298992 0.06428659 0.01040011 0.001060692 0.07122589 0.01040011 0.001060692 0.06441589 0.01052941 0.0009130922 0.06452489 0.01063841 0.0007499922 0.06173869 0.01082661 0.0001957922 0.06177699 0.01078831 0.0003881922 0.06122589 0.01078831 0.0003881922 0.06122589 0.01063841 0.0007499922 0.06192689 0.01063841 0.0007499922 0.06122589 0.01040011 0.001060692 0.06203589 0.01052941 0.0009130922 0.06184009 0.01072521 0.0005739922 0.06172589 0.01083941 -7.777411e-09 0.06122589 0.01083941 -7.777411e-09 0.06173869 0.01082661 -0.0001958078 0.06122589 0.01078831 -0.0003882078 0.06177699 0.01078831 -0.0003882078 0.06184009 0.01072521 -0.0005740078 0.06122589 0.01063841 -0.0007500078 0.06192689 0.01063841 -0.0007500078 0.06203589 0.01052941 -0.0009131078 0.06122589 0.01040011 -0.001060708 0.06216519 0.01040011 -0.001060708 0.06122589 0.01008941 -0.001299008 0.06247589 0.01008941 -0.001299008 0.06122589 0.00972761 -0.001448908 0.06283769 0.00972761 -0.001448908 0.06122589 0.00933941 -0.001500008 0.06122589 0.00895121 -0.001448908 0.06283769 0.00895121 -0.001448908 0.06122589 0.00858941 -0.001299008 0.06247589 0.00858941 -0.001299008 0.06122589 0.00827871 -0.001060708 0.06216519 0.00827871 -0.001060708 0.06122589 0.00804041 -0.0007500078 0.06122589 0.00789051 -0.0003882078 0.06177699 0.00789051 -0.0003882078 0.06184009 0.00795361 -0.0005740078 0.06192689 0.00804041 -0.0007500078 0.06203589 0.00814941 -0.0009131078 0.06122589 0.00789051 0.0003881922 0.06173869 0.00785221 0.0001957922 0.06122589 0.00783941 -7.777411e-09 0.06172589 0.00783941 -7.777411e-09 0.06173869 0.00785221 -0.0001958078 0.06122589 0.00804041 0.0007499922 0.06184009 0.00795361 0.0005739922 0.06177699 0.00789051 0.0003881922 0.06216519 0.01040011 0.001060692 0.06247589 0.01008941 0.001298992 0.06122589 0.01008941 0.001298992 0.06283769 0.00972761 0.001448892 0.06122589 0.00972761 0.001448892 0.06122589 0.00933941 0.001499992 0.06283769 0.00895121 0.001448892 0.06122589 0.00895121 0.001448892 0.06247589 0.00858941 0.001298992 0.06122589 0.00858941 0.001298992 0.06216519 0.00827871 0.001060692 0.06122589 0.00827871 0.001060692 0.06203589 0.00814941 0.0009130922 0.06192689 0.00804041 0.0007499922 0.06122589 0.01063841 -0.0007500078 0.06122589 0.01078831 -0.0003882078 0.06122589 0.00933941 -7.777411e-09 0.06122589 0.01083941 -7.777411e-09 0.06122589 0.01078831 0.0003881922 0.06122589 0.00972761 -0.001448908 0.06122589 0.01008941 -0.001299008 0.06122589 0.01040011 -0.001060708 0.06122589 0.00858941 -0.001299008 0.06122589 0.00895121 -0.001448908 0.06122589 0.00933941 -0.001500008 0.06122589 0.00789051 -0.0003882078 0.06122589 0.00804041 -0.0007500078 0.06122589 0.00827871 -0.001060708 0.06122589 0.00804041 0.0007499922 0.06122589 0.00789051 0.0003881922 0.06122589 0.00783941 -7.777411e-09 0.06122589 0.00895121 0.001448892 0.06122589 0.00858941 0.001298992 0.06122589 0.00827871 0.001060692 0.06122589 0.01008941 0.001298992 0.06122589 0.00972761 0.001448892 0.06122589 0.00933941 0.001499992 0.06122589 0.01063841 0.0007499922 0.06122589 0.01040011 0.001060692 0.06122589 0.01083941 -0.02100001 0.07122589 0.01083941 -0.02100001 0.06122589 0.01078831 -0.02061181 0.07122589 0.01078831 -0.02061181 0.06122589 0.01063841 -0.02025001 0.07122589 0.01063841 -0.02025001 0.06122589 0.01040011 -0.01993931 0.07122589 0.01040011 -0.01993931 0.06122589 0.01008941 -0.01970101 0.07122589 0.01008941 -0.01970101 0.06122589 0.00972761 -0.01955111 0.07122589 0.00972761 -0.01955111 0.06122589 0.00933941 -0.01950001 0.07122589 0.00933941 -0.01950001 0.06122589 0.00895121 -0.01955111 0.07122589 0.00895121 -0.01955111 0.06122589 0.00858941 -0.01970101 0.07122589 0.00858941 -0.01970101 0.06122589 0.00827871 -0.01993931 0.07122589 0.00827871 -0.01993931 0.06122589 0.00804041 -0.02025001 0.07122589 0.00804041 -0.02025001 0.06122589 0.00789051 -0.02061181 0.07122589 0.00789051 -0.02061181 0.06122589 0.00783941 -0.02100001 0.07122589 0.00783941 -0.02100001 0.06122589 0.00789051 -0.02138821 0.07122589 0.00789051 -0.02138821 0.06122589 0.00804041 -0.02175001 0.07122589 0.00804041 -0.02175001 0.06122589 0.00827871 -0.02206071 0.07122589 0.00827871 -0.02206071 0.06122589 0.00858941 -0.02229901 0.07122589 0.00858941 -0.02229901 0.06122589 0.00895121 -0.02244891 0.07122589 0.00895121 -0.02244891 0.06122589 0.00933941 -0.02250001 0.07122589 0.00933941 -0.02250001 0.06122589 0.00972761 -0.02244891 0.07122589 0.00972761 -0.02244891 0.06122589 0.01008941 -0.02229901 0.07122589 0.01008941 -0.02229901 0.06122589 0.01040011 -0.02206071 0.07122589 0.01040011 -0.02206071 0.06122589 0.01063841 -0.02175001 0.07122589 0.01063841 -0.02175001 0.06122589 0.01078831 -0.02138821 0.07122589 0.01078831 -0.02138821 0.06122589 0.01063841 -0.02175001 0.06122589 0.01078831 -0.02138821 0.06122589 0.00933941 -0.02100001 0.06122589 0.01083941 -0.02100001 0.06122589 0.01078831 -0.02061181 0.06122589 0.00972761 -0.02244891 0.06122589 0.01008941 -0.02229901 0.06122589 0.01040011 -0.02206071 0.06122589 0.00858941 -0.02229901 0.06122589 0.00895121 -0.02244891 0.06122589 0.00933941 -0.02250001 0.06122589 0.00789051 -0.02138821 0.06122589 0.00804041 -0.02175001 0.06122589 0.00827871 -0.02206071 0.06122589 0.00804041 -0.02025001 0.06122589 0.00789051 -0.02061181 0.06122589 0.00783941 -0.02100001 0.06122589 0.00895121 -0.01955111 0.06122589 0.00858941 -0.01970101 0.06122589 0.00827871 -0.01993931 0.06122589 0.01008941 -0.01970101 0.06122589 0.00972761 -0.01955111 0.06122589 0.00933941 -0.01950001 0.06122589 0.01063841 -0.02025001 0.06122589 0.01040011 -0.01993931 0.06122589 0.01083941 0.04199999 0.07122589 0.01083941 0.04199999 0.06122589 0.01078831 0.04238799 0.07122589 0.01078831 0.04238799 0.06122589 0.01063841 0.04274999 0.07122589 0.01063841 0.04274999 0.06122589 0.01040011 0.04306099 0.07122589 0.01040011 0.04306099 0.06122589 0.01008941 0.04329899 0.07122589 0.01008941 0.04329899 0.06122589 0.00972761 0.04344899 0.07122589 0.00972761 0.04344899 0.06122589 0.00933941 0.04349999 0.07122589 0.00933941 0.04349999 0.06122589 0.00895121 0.04344899 0.07122589 0.00895121 0.04344899 0.06122589 0.00858941 0.04329899 0.07122589 0.00858941 0.04329899 0.06122589 0.00827871 0.04306099 0.07122589 0.00827871 0.04306099 0.06122589 0.00804041 0.04274999 0.07122589 0.00804041 0.04274999 0.06122589 0.00789051 0.04238799 0.07122589 0.00789051 0.04238799 0.06122589 0.00783941 0.04199999 0.07122589 0.00783941 0.04199999 0.06122589 0.00789051 0.04161199 0.07122589 0.00789051 0.04161199 0.06122589 0.00804041 0.04124999 0.07122589 0.00804041 0.04124999 0.06122589 0.00827871 0.04093899 0.07122589 0.00827871 0.04093899 0.06122589 0.00858941 0.04070099 0.07122589 0.00858941 0.04070099 0.06122589 0.00895121 0.04055099 0.07122589 0.00895121 0.04055099 0.06122589 0.00933941 0.04049999 0.07122589 0.00933941 0.04049999 0.06122589 0.00972761 0.04055099 0.07122589 0.00972761 0.04055099 0.06122589 0.01008941 0.04070099 0.07122589 0.01008941 0.04070099 0.06122589 0.01040011 0.04093899 0.07122589 0.01040011 0.04093899 0.06122589 0.01063841 0.04124999 0.07122589 0.01063841 0.04124999 0.06122589 0.01078831 0.04161199 0.07122589 0.01078831 0.04161199 0.06122589 0.01063841 0.04124999 0.06122589 0.01078831 0.04161199 0.06122589 0.00933941 0.04199999 0.06122589 0.01083941 0.04199999 0.06122589 0.01078831 0.04238799 0.06122589 0.00972761 0.04055099 0.06122589 0.01008941 0.04070099 0.06122589 0.01040011 0.04093899 0.06122589 0.00858941 0.04070099 0.06122589 0.00895121 0.04055099 0.06122589 0.00933941 0.04049999 0.06122589 0.00789051 0.04161199 0.06122589 0.00804041 0.04124999 0.06122589 0.00827871 0.04093899 0.06122589 0.00804041 0.04274999 0.06122589 0.00789051 0.04238799 0.06122589 0.00783941 0.04199999 0.06122589 0.00895121 0.04344899 0.06122589 0.00858941 0.04329899 0.06122589 0.00827871 0.04306099 0.06122589 0.01008941 0.04329899 0.06122589 0.00972761 0.04344899 0.06122589 0.00933941 0.04349999 0.06122589 0.01063841 0.04274999 0.06122589 0.01040011 0.04306099 0.06122589 0.01063841 -0.04275001 0.06122589 0.01078831 -0.04238821 0.06122589 0.00933941 -0.04200001 0.06122589 0.01083941 -0.04200001 0.06122589 0.01078831 -0.04161181 0.06122589 0.00972761 -0.04344891 0.06122589 0.01008941 -0.04329901 0.06122589 0.01040011 -0.04306071 0.06122589 0.00858941 -0.04329901 0.06122589 0.00895121 -0.04344891 0.06122589 0.00933941 -0.04350001 0.06122589 0.00789051 -0.04238821 0.06122589 0.00804041 -0.04275001 0.06122589 0.00827871 -0.04306071 0.06122589 0.00804041 -0.04125001 0.06122589 0.00789051 -0.04161181 0.06122589 0.00783941 -0.04200001 0.06122589 0.00895121 -0.04055111 0.06122589 0.00858941 -0.04070101 0.06122589 0.00827871 -0.04093931 0.06122589 0.01008941 -0.04070101 0.06122589 0.00972761 -0.04055111 0.06122589 0.00933941 -0.04050001 0.06122589 0.01063841 -0.04125001 0.06122589 0.01040011 -0.04093931 0.06122589 0.01083941 -0.04200001 0.07122589 0.01083941 -0.04200001 0.06122589 0.01078831 -0.04161181 0.07122589 0.01078831 -0.04161181 0.06122589 0.01063841 -0.04125001 0.07122589 0.01063841 -0.04125001 0.06122589 0.01040011 -0.04093931 0.07122589 0.01040011 -0.04093931 0.06122589 0.01008941 -0.04070101 0.07122589 0.01008941 -0.04070101 0.06122589 0.00972761 -0.04055111 0.07122589 0.00972761 -0.04055111 0.06122589 0.00933941 -0.04050001 0.07122589 0.00933941 -0.04050001 0.06122589 0.00895121 -0.04055111 0.07122589 0.00895121 -0.04055111 0.06122589 0.00858941 -0.04070101 0.07122589 0.00858941 -0.04070101 0.06122589 0.00827871 -0.04093931 0.07122589 0.00827871 -0.04093931 0.06122589 0.00804041 -0.04125001 0.07122589 0.00804041 -0.04125001 0.06122589 0.00789051 -0.04161181 0.07122589 0.00789051 -0.04161181 0.06122589 0.00783941 -0.04200001 0.07122589 0.00783941 -0.04200001 0.06122589 0.00789051 -0.04238821 0.07122589 0.00789051 -0.04238821 0.06122589 0.00804041 -0.04275001 0.07122589 0.00804041 -0.04275001 0.06122589 0.00827871 -0.04306071 0.07122589 0.00827871 -0.04306071 0.06122589 0.00858941 -0.04329901 0.07122589 0.00858941 -0.04329901 0.06122589 0.00895121 -0.04344891 0.07122589 0.00895121 -0.04344891 0.06122589 0.00933941 -0.04350001 0.07122589 0.00933941 -0.04350001 0.06122589 0.00972761 -0.04344891 0.07122589 0.00972761 -0.04344891 0.06122589 0.01008941 -0.04329901 0.07122589 0.01008941 -0.04329901 0.06122589 0.01040011 -0.04306071 0.07122589 0.01040011 -0.04306071 0.06122589 0.01063841 -0.04275001 0.07122589 0.01063841 -0.04275001 0.06122589 0.01078831 -0.04238821 0.07122589 0.01078831 -0.04238821 0.06122589 0.01063841 0.02024999 0.06122589 0.01078831 0.02061179 0.06122589 0.00933941 0.02099999 0.06122589 0.01083941 0.02099999 0.06122589 0.01078831 0.02138819 0.06122589 0.00972761 0.01955109 0.06122589 0.01008941 0.01970099 0.06122589 0.01040011 0.01993929 0.06122589 0.00858941 0.01970099 0.06122589 0.00895121 0.01955109 0.06122589 0.00933941 0.01949999 0.06122589 0.00789051 0.02061179 0.06122589 0.00804041 0.02024999 0.06122589 0.00827871 0.01993929 0.06122589 0.00804041 0.02174999 0.06122589 0.00789051 0.02138819 0.06122589 0.00783941 0.02099999 0.06122589 0.00895121 0.02244889 0.06122589 0.00858941 0.02229899 0.06122589 0.00827871 0.02206069 0.06122589 0.01008941 0.02229899 0.06122589 0.00972761 0.02244889 0.06122589 0.00933941 0.02249999 0.06122589 0.01063841 0.02174999 0.06122589 0.01040011 0.02206069 0.06122589 0.01083941 0.02099999 0.07122589 0.01083941 0.02099999 0.06122589 0.01078831 0.02138819 0.07122589 0.01078831 0.02138819 0.06122589 0.01063841 0.02174999 0.07122589 0.01063841 0.02174999 0.06122589 0.01040011 0.02206069 0.07122589 0.01040011 0.02206069 0.06122589 0.01008941 0.02229899 0.07122589 0.01008941 0.02229899 0.06122589 0.00972761 0.02244889 0.07122589 0.00972761 0.02244889 0.06122589 0.00933941 0.02249999 0.07122589 0.00933941 0.02249999 0.06122589 0.00895121 0.02244889 0.07122589 0.00895121 0.02244889 0.06122589 0.00858941 0.02229899 0.07122589 0.00858941 0.02229899 0.06122589 0.00827871 0.02206069 0.07122589 0.00827871 0.02206069 0.06122589 0.00804041 0.02174999 0.07122589 0.00804041 0.02174999 0.06122589 0.00789051 0.02138819 0.07122589 0.00789051 0.02138819 0.06122589 0.00783941 0.02099999 0.07122589 0.00783941 0.02099999 0.06122589 0.00789051 0.02061179 0.07122589 0.00789051 0.02061179 0.06122589 0.00804041 0.02024999 0.07122589 0.00804041 0.02024999 0.06122589 0.00827871 0.01993929 0.07122589 0.00827871 0.01993929 0.06122589 0.00858941 0.01970099 0.07122589 0.00858941 0.01970099 0.06122589 0.00895121 0.01955109 0.07122589 0.00895121 0.01955109 0.06122589 0.00933941 0.01949999 0.07122589 0.00933941 0.01949999 0.06122589 0.00972761 0.01955109 0.07122589 0.00972761 0.01955109 0.06122589 0.01008941 0.01970099 0.07122589 0.01008941 0.01970099 0.06122589 0.01040011 0.01993929 0.07122589 0.01040011 0.01993929 0.06122589 0.01063841 0.02024999 0.07122589 0.01063841 0.02024999 0.06122589 0.01078831 0.02061179 0.07122589 0.01078831 0.02061179 -0.04047411 -0.02923169 0.008440492 -0.04447411 -0.02923169 0.008440492 -0.04447411 -0.02664349 0.008781192 -0.04047411 -0.02664349 0.008781192 -0.04447411 -0.02423169 0.009780192 -0.04047411 -0.02423169 0.009780192 -0.04447411 -0.02216059 0.01136939 -0.04047411 -0.02216059 0.01136939 -0.04447411 -0.02057139 0.01344049 -0.04047411 -0.02057139 0.01344049 -0.04447411 -0.01957239 0.01585229 -0.04047411 -0.01957239 0.01585229 -0.04447411 -0.01923169 0.01844049 -0.04047411 -0.01923169 0.01844049 -0.04447411 -0.02923169 -0.008440508 -0.04047411 -0.02923169 -0.008440508 -0.04047411 -0.02664349 -0.008781208 -0.04447411 -0.02664349 -0.008781208 -0.04047411 -0.02423169 -0.009780208 -0.04447411 -0.02423169 -0.009780208 -0.04047411 -0.02216059 -0.01136941 -0.04447411 -0.02216059 -0.01136941 -0.04047411 -0.02057139 -0.01344051 -0.04447411 -0.02057139 -0.01344051 -0.04047411 -0.01957239 -0.01585231 -0.04447411 -0.01957239 -0.01585231 -0.04047411 -0.01923169 -0.01844051 -0.04447411 -0.01923169 -0.01844051 0.003664795 0.01133941 0.03606099 0.003354095 0.01133941 0.03629899 0.07122589 0.01133941 0.06549999 0.06467479 0.01133941 -0.0003882078 0.07122589 0.01133941 -0.01050001 0.06452489 0.01133941 -0.0007500078 0.06428659 0.01133941 -0.001060708 0.06283769 0.01133941 -0.001448908 0.06322589 0.01133941 -0.001500008 0.07122589 0.01133941 -0.06550001 0.06361409 0.01133941 -0.001448908 0.06397589 0.01133941 -0.001299008 -0.02447411 0.01133941 0.06549999 0.002992295 0.01133941 0.03644899 0.002604095 0.01133941 0.03649999 0.06472589 0.01133941 -7.777411e-09 0.06467479 0.01133941 0.0003881922 0.06452489 0.01133941 0.0007499922 0.06428659 0.01133941 0.001060692 0.06397589 0.01133941 0.001298992 0.06361409 0.01133941 0.001448892 0.06322589 0.01133941 0.001499992 0.001854095 0.01133941 0.03370099 0.002215895 0.01133941 0.03355109 0.06177699 0.01133941 0.0003881922 0.002604095 0.01133941 0.03349999 0.002992295 0.01133941 0.03355109 0.003664795 0.01133941 -0.03393931 0.003354095 0.01133941 -0.03370101 0.06283769 0.01133941 0.001448892 0.004052995 0.01133941 0.03461199 0.004104095 0.01133941 0.03499999 0.004052995 0.01133941 0.03538799 0.003903195 0.01133941 0.03574999 0.001155195 0.01133941 -0.03538821 0.001305095 0.01133941 -0.03575001 -0.02447411 0.01133941 -0.06550001 0.001543495 0.01133941 -0.03606071 0.001854095 0.01133941 -0.03629901 0.003354095 0.01133941 -0.03629901 0.003664795 0.01133941 -0.03606071 0.003903195 0.01133941 -0.03575001 0.004052995 0.01133941 -0.03538821 0.002992295 0.01133941 -0.03355111 0.001543495 0.01133941 0.03393929 0.002215895 0.01133941 0.03644899 0.001854095 0.01133941 0.03629899 0.001543495 0.01133941 0.03606099 0.002215895 0.01133941 -0.03644891 0.002604095 0.01133941 -0.03650001 0.002992295 0.01133941 -0.03644891 0.06247589 0.01133941 0.001298992 0.06216519 0.01133941 0.001060692 0.003903195 0.01133941 0.03424999 0.06192689 0.01133941 0.0007499922 0.003664795 0.01133941 0.03393929 0.003354095 0.01133941 0.03370099 0.06247589 0.01133941 -0.001299008 0.06216519 0.01133941 -0.001060708 0.001854095 0.01133941 -0.03370101 0.001543495 0.01133941 -0.03393931 0.004104095 0.01133941 -0.03500001 0.004052995 0.01133941 -0.03461181 0.06192689 0.01133941 -0.0007500078 0.003903195 0.01133941 -0.03425001 0.06177699 0.01133941 -0.0003882078 0.06172589 0.01133941 -7.777411e-09 0.001305095 0.01133941 0.03574999 0.001155195 0.01133941 0.03538799 0.001104095 0.01133941 0.03499999 0.001305095 0.01133941 -0.03425001 0.001155195 0.01133941 -0.03461181 0.001104095 0.01133941 -0.03500001 0.002215895 0.01133941 -0.03355111 0.002604095 0.01133941 -0.03350001 0.001155195 0.01133941 0.03461199 0.001305095 0.01133941 0.03424999 0.07122589 0.00733941 -0.06550001 0.07122589 0.00758941 -0.06550001 0.07122589 0.00733941 -0.01050001 0.07122589 0.00758941 -0.01050001 0.07122589 0.00783941 -7.777411e-09 0.07122589 0.00933941 0.01949999 0.07122589 0.00895121 0.01955109 0.07122589 0.00858941 -0.001299008 0.07122589 0.00827871 -0.001060708 0.07122589 0.00789051 0.02138819 0.07122589 0.00804041 0.02174999 0.07122589 0.00933941 0.04049999 0.07122589 0.00895121 -0.001448908 0.07122589 0.01078831 0.04161199 0.07122589 0.01063841 0.04124999 0.07122589 0.00895121 0.02244889 0.07122589 0.01040011 0.04093899 0.07122589 0.00783941 0.02099999 0.07122589 0.00895121 0.04055099 0.07122589 0.00858941 0.04070099 0.07122589 0.00827871 0.001060692 0.07122589 0.00858941 0.001298992 0.07122589 0.00789051 0.02061179 0.07122589 0.00758941 0.06549999 0.07122589 0.00783941 0.04199999 0.07122589 0.00789051 0.04238799 0.07122589 0.00804041 0.04274999 0.07122589 0.00827871 0.04306099 0.07122589 0.00858941 0.04329899 0.07122589 0.01008941 0.04070099 0.07122589 0.00972761 0.04055099 0.07122589 0.00858941 0.02229899 0.07122589 0.00827871 0.02206069 0.07122589 0.00789051 0.0003881922 0.07122589 0.00804041 0.0007499922 0.07122589 0.00972761 0.001448892 0.07122589 0.01063841 0.02024999 0.07122589 0.01040011 0.01993929 0.07122589 0.01040011 -0.001060708 0.07122589 0.01008941 -0.001299008 0.07122589 0.01133941 -0.01050001 0.07122589 0.00972761 -0.001448908 0.07122589 0.00933941 -0.001500008 0.07122589 0.00804041 -0.0007500078 0.07122589 0.00789051 -0.0003882078 0.07122589 0.00827871 0.04093899 0.07122589 0.00804041 0.04124999 0.07122589 0.00789051 0.04161199 0.07122589 0.00895121 0.001448892 0.07122589 0.00933941 0.001499992 0.07122589 0.00972761 0.01955109 0.07122589 0.01008941 0.01970099 0.07122589 0.00858941 0.01970099 0.07122589 0.00827871 0.01993929 0.07122589 0.00804041 0.02024999 0.07122589 0.00895121 0.04344899 0.07122589 0.00933941 0.04349999 0.07122589 0.01133941 0.06549999 0.07122589 0.00972761 0.02244889 0.07122589 0.01008941 0.02229899 0.07122589 0.01083941 0.04199999 0.07122589 0.00733941 0.06549999 0.07122589 0.00933941 0.02249999 0.07122589 0.01083941 -7.777411e-09 0.07122589 0.01078831 -0.0003882078 0.07122589 0.01063841 -0.0007500078 0.07122589 0.00972761 0.04344899 0.07122589 0.01008941 0.04329899 0.07122589 0.01040011 0.04306099 0.07122589 0.01008941 0.001298992 0.07122589 0.01083941 0.02099999 0.07122589 0.01078831 0.02061179 0.07122589 0.01063841 0.04274999 0.07122589 0.01078831 0.04238799 0.07122589 0.01040011 0.02206069 0.07122589 0.01063841 0.02174999 0.07122589 0.01078831 0.02138819 0.07122589 0.01040011 0.001060692 0.07122589 0.01063841 0.0007499922 0.07122589 0.01078831 0.0003881922 0.07122589 0.01063841 -0.04275001 0.07122589 0.01040011 -0.04306071 0.07122589 0.01133941 -0.06550001 0.07122589 0.00858941 -0.02229901 0.07122589 0.00827871 -0.02206071 0.07122589 0.00783941 -0.04200001 0.07122589 0.01083941 -0.02100001 0.07122589 0.01078831 -0.02138821 0.07122589 0.00933941 -0.04050001 0.07122589 0.01063841 -0.02175001 0.07122589 0.01040011 -0.02206071 0.07122589 0.00933941 -0.04350001 0.07122589 0.00972761 -0.04344891 0.07122589 0.01008941 -0.04329901 0.07122589 0.00789051 -0.04161181 0.07122589 0.00804041 -0.04125001 0.07122589 0.00933941 -0.02250001 0.07122589 0.00827871 -0.04093931 0.07122589 0.00895121 -0.02244891 0.07122589 0.01008941 -0.02229901 0.07122589 0.00972761 -0.02244891 0.07122589 0.00895121 -0.04055111 0.07122589 0.00858941 -0.04070101 0.07122589 0.00858941 -0.01970101 0.07122589 0.00827871 -0.01993931 0.07122589 0.00804041 -0.02025001 0.07122589 0.01008941 -0.01970101 0.07122589 0.01040011 -0.01993931 0.07122589 0.00895121 -0.04344891 0.07122589 0.00858941 -0.04329901 0.07122589 0.00827871 -0.04306071 0.07122589 0.00804041 -0.04275001 0.07122589 0.00789051 -0.04238821 0.07122589 0.00895121 -0.01955111 0.07122589 0.00933941 -0.01950001 0.07122589 0.00972761 -0.01955111 0.07122589 0.00804041 -0.02175001 0.07122589 0.00789051 -0.02138821 0.07122589 0.00783941 -0.02100001 0.07122589 0.00789051 -0.02061181 0.07122589 0.01063841 -0.04125001 0.07122589 0.01078831 -0.04161181 0.07122589 0.01083941 -0.04200001 0.07122589 0.01078831 -0.04238821 0.07122589 0.01063841 -0.02025001 0.07122589 0.01078831 -0.02061181 0.07122589 0.00972761 -0.04055111 0.07122589 0.01008941 -0.04070101 0.07122589 0.01040011 -0.04093931 -0.04447411 -0.02923169 0.008440492 -0.04447411 -0.04606449 0.008440492 -0.04447411 -0.04606449 0.06549999 -0.04447411 -0.00866059 0.06549999 -0.04447411 -0.00866059 0.03714499 -0.04447411 -0.01923169 0.03714499 -0.04447411 -0.01923169 0.01844049 -0.04447411 -0.02664349 0.008781192 -0.04447411 -0.02057139 0.01344049 -0.04447411 -0.02216059 0.01136939 -0.04447411 -0.02423169 0.009780192 -0.04447411 -0.01957239 0.01585229 -0.04047411 -0.04606449 0.06549999 -0.04047411 -0.04606449 0.008440492 -0.04047411 -0.02923169 0.008440492 -0.04047411 -0.00866059 0.03714499 -0.04047411 -0.00866059 0.06549999 -0.04047411 -0.01923169 0.03714499 -0.04047411 -0.01923169 0.01844049 -0.04047411 -0.01957239 0.01585229 -0.04047411 -0.02664349 0.008781192 -0.04047411 -0.02423169 0.009780192 -0.04047411 -0.02216059 0.01136939 -0.04047411 -0.02057139 0.01344049 -0.04102521 -0.04227239 0.06549999 -0.04097411 -0.04266059 0.06549999 -0.04047411 -0.00866059 0.06549999 -0.04377311 -0.04191059 0.06549999 -0.04353481 -0.04159989 0.06549999 -0.04447411 -0.00866059 0.06549999 -0.04117511 -0.04341059 0.06549999 -0.04141341 -0.04372129 0.06549999 -0.04047411 -0.04606449 0.06549999 -0.04172411 -0.04395959 0.06549999 -0.04353481 -0.04372129 0.06549999 -0.04377311 -0.04341059 0.06549999 -0.04447411 -0.04606449 0.06549999 -0.04353481 -0.02672129 0.06549999 -0.04377311 -0.02641059 0.06549999 -0.04102521 -0.04304879 0.06549999 -0.04322411 -0.04395959 0.06549999 -0.04392301 -0.04304879 0.06549999 -0.04397411 -0.04266059 0.06549999 -0.04392301 -0.04227239 0.06549999 -0.04102521 -0.02604879 0.06549999 -0.04117511 -0.02641059 0.06549999 -0.04286231 -0.04121169 0.06549999 -0.04141341 -0.02672129 0.06549999 -0.04172411 -0.02695959 0.06549999 -0.04322411 -0.02436159 0.06549999 -0.04353481 -0.02459989 0.06549999 -0.04377311 -0.02491059 0.06549999 -0.04097411 -0.00866059 0.06549999 -0.04102521 -0.009048819 0.06549999 -0.04208591 -0.04410949 0.06549999 -0.04247411 -0.04416059 0.06549999 -0.04286231 -0.04410949 0.06549999 -0.04208591 -0.02710949 0.06549999 -0.04247411 -0.02716059 0.06549999 -0.04322411 -0.04136159 0.06549999 -0.04286231 -0.02710949 0.06549999 -0.04322411 -0.02695959 0.06549999 -0.04392301 -0.02604879 0.06549999 -0.04397411 -0.02566059 0.06549999 -0.04392301 -0.02527239 0.06549999 -0.04141341 -0.02459989 0.06549999 -0.04172411 -0.02436159 0.06549999 -0.04208591 -0.02421169 0.06549999 -0.04097411 -0.02566059 0.06549999 -0.04247411 -0.04116059 0.06549999 -0.04208591 -0.04121169 0.06549999 -0.04117511 -0.02491059 0.06549999 -0.04102521 -0.02527239 0.06549999 -0.04172411 -0.04136159 0.06549999 -0.04141341 -0.04159989 0.06549999 -0.04117511 -0.04191059 0.06549999 -0.04117511 -0.00941059 0.06549999 -0.04141341 -0.00972125 0.06549999 -0.04102521 -0.008272361 0.06549999 -0.04007291 -0.00510026 0.06549999 -0.04117511 -0.00791059 0.06549999 -0.04392301 -0.009048819 0.06549999 -0.04377311 -0.00941059 0.06549999 -0.04353481 -0.00972125 0.06549999 -0.04172411 -0.00995963 0.06549999 -0.04208591 -0.01010948 0.06549999 -0.04247411 -0.02416059 0.06549999 -0.04247411 -0.01016059 0.06549999 -0.04286231 -0.02421169 0.06549999 -0.04286231 -0.01010948 0.06549999 -0.04322411 -0.00995963 0.06549999 -0.04397411 -0.00866059 0.06549999 -0.04392301 -0.008272361 0.06549999 -0.04408981 -0.00475878 0.06549999 -0.04377311 -0.00791059 0.06549999 -0.04353481 -0.00759993 0.06549999 -0.04322411 -0.00736155 0.06549999 -0.04286231 -0.0072117 0.06549999 -0.04295171 -0.00100692 0.06549999 -0.04247411 -0.00716059 0.06549999 -0.04110351 0.00245081 0.06549999 -0.04208591 -0.0072117 0.06549999 -0.03861621 0.00548151 0.06549999 -0.04172411 -0.00736155 0.06549999 -0.02447411 0.00733941 0.06549999 -0.02447411 0.01133941 0.06549999 -0.02803444 0.00693821 0.06549999 -0.02837592 0.01095511 0.06549999 -0.03141625 0.00575491 0.06549999 -0.03212778 0.00981701 0.06549999 -0.03444995 0.00384871 0.06549999 -0.03558551 0.00796881 0.06549999 -0.03698341 0.00131525 0.06549999 -0.03888961 -0.00171845 0.06549999 -0.04141341 -0.00759993 0.06549999 0.07122589 0.00733941 0.06549999 0.07122589 0.00758941 0.06549999 0.07122589 0.01133941 0.06549999 -0.04408981 -0.00475878 0.06549999 -0.02837592 0.01095511 -0.06550001 -0.04408981 -0.00475878 -0.06550001 -0.04447411 -0.00866059 -0.06550001 -0.04447411 -0.00866059 -0.03714551 -0.02837592 0.01095511 0.06549999 -0.03212778 0.00981701 -0.06550001 -0.03212778 0.00981701 0.06549999 -0.03558551 0.00796881 -0.06550001 -0.03558551 0.00796881 0.06549999 -0.03861621 0.00548151 -0.06550001 -0.03861621 0.00548151 0.06549999 -0.04110351 0.00245081 -0.06550001 -0.04110351 0.00245081 0.06549999 -0.04295171 -0.00100692 -0.06550001 -0.04295171 -0.00100692 0.06549999 -0.04447411 -0.01923169 -0.03714551 -0.04447411 -0.04606449 -0.06550001 -0.04447411 -0.01923169 -0.01844051 -0.04447411 -0.04606449 -0.008440508 -0.04447411 -0.02923169 -0.008440508 -0.04447411 -0.02664349 -0.008781208 -0.04447411 -0.02423169 -0.009780208 -0.04447411 -0.02216059 -0.01136941 -0.04447411 -0.02057139 -0.01344051 -0.04447411 -0.01957239 -0.01585231 -0.04047411 -0.02923169 -0.008440508 -0.04047411 -0.04606449 -0.008440508 -0.04047411 -0.04606449 -0.06550001 -0.04047411 -0.00866059 -0.06550001 -0.04047411 -0.00866059 -0.03714551 -0.04047411 -0.01923169 -0.03714551 -0.04047411 -0.01923169 -0.01844051 -0.04047411 -0.02664349 -0.008781208 -0.04047411 -0.01957239 -0.01585231 -0.04047411 -0.02057139 -0.01344051 -0.04047411 -0.02216059 -0.01136941 -0.04047411 -0.02423169 -0.009780208 -0.04007291 -0.00510026 -0.06550001 -0.04007291 -0.00510026 0.06549999 -0.03888961 -0.00171845 0.06549999 -0.03888961 -0.00171845 -0.06550001 -0.03698341 0.00131525 0.06549999 -0.03698341 0.00131525 -0.06550001 -0.03444995 0.00384871 0.06549999 -0.03444995 0.00384871 -0.06550001 -0.03141625 0.00575491 0.06549999 -0.03141625 0.00575491 -0.06550001 -0.02803444 0.00693821 0.06549999 -0.02803444 0.00693821 -0.06550001 -0.02447411 0.00733941 0.06549999 -0.02447411 0.00733941 -0.06550001 0.07122589 0.00733941 -0.06550001 0.06322589 0.00733941 -0.001500008 0.06283769 0.00733941 -0.001448908 0.003354095 0.00733941 -0.03629901 0.002992295 0.00733941 -0.03644891 0.002604095 0.00733941 -0.03650001 0.003354095 0.00733941 0.03629899 0.003664795 0.00733941 0.03606099 0.07122589 0.00733941 0.06549999 0.003903195 0.00733941 0.03574999 0.004052995 0.00733941 0.03538799 0.002215895 0.00733941 -0.03644891 0.001854095 0.00733941 -0.03629901 0.001543495 0.00733941 -0.03606071 0.001854095 0.00733941 0.03370099 0.001543495 0.00733941 0.03393929 0.001155195 0.00733941 0.03538799 0.001305095 0.00733941 0.03574999 0.001543495 0.00733941 0.03606099 0.001854095 0.00733941 0.03629899 0.002215895 0.00733941 0.03644899 0.002604095 0.00733941 0.03649999 0.002992295 0.00733941 0.03644899 0.001305095 0.00733941 -0.03575001 0.001155195 0.00733941 -0.03538821 0.001104095 0.00733941 -0.03500001 0.001305095 0.00733941 0.03424999 0.001155195 0.00733941 0.03461199 0.001104095 0.00733941 0.03499999 0.003903195 0.00733941 -0.03575001 0.003664795 0.00733941 -0.03606071 0.06247589 0.00733941 -0.001299008 0.06216519 0.00733941 -0.001060708 0.004052995 0.00733941 -0.03538821 0.004104095 0.00733941 -0.03500001 0.002215895 0.00733941 0.03355109 0.002604095 0.00733941 0.03349999 0.001155195 0.00733941 -0.03461181 0.001305095 0.00733941 -0.03425001 0.003354095 0.00733941 0.03370099 0.002992295 0.00733941 0.03355109 0.06177699 0.00733941 0.0003881922 0.06172589 0.00733941 -7.777411e-09 0.06283769 0.00733941 0.001448892 0.06322589 0.00733941 0.001499992 0.001854095 0.00733941 -0.03370101 0.002215895 0.00733941 -0.03355111 0.06177699 0.00733941 -0.0003882078 0.002604095 0.00733941 -0.03350001 0.002992295 0.00733941 -0.03355111 0.003354095 0.00733941 -0.03370101 0.003664795 0.00733941 -0.03393931 0.06192689 0.00733941 -0.0007500078 0.003903195 0.00733941 -0.03425001 0.004052995 0.00733941 -0.03461181 0.001543495 0.00733941 -0.03393931 0.06361409 0.00733941 0.001448892 0.06397589 0.00733941 0.001298992 0.06428659 0.00733941 0.001060692 0.06247589 0.00733941 0.001298992 0.06216519 0.00733941 0.001060692 0.004104095 0.00733941 0.03499999 0.004052995 0.00733941 0.03461199 0.06192689 0.00733941 0.0007499922 0.003903195 0.00733941 0.03424999 0.003664795 0.00733941 0.03393929 0.06452489 0.00733941 0.0007499922 0.06467479 0.00733941 0.0003881922 0.07122589 0.00733941 -0.01050001 0.06472589 0.00733941 -7.777411e-09 0.06467479 0.00733941 -0.0003882078 0.06452489 0.00733941 -0.0007500078 0.06428659 0.00733941 -0.001060708 0.06397589 0.00733941 -0.001299008 0.06361409 0.00733941 -0.001448908 -0.04397411 -0.04266059 -0.06550001 -0.04447411 -0.04606449 -0.06550001 -0.04447411 -0.00866059 -0.06550001 -0.04117511 -0.04191059 -0.06550001 -0.04141341 -0.04159989 -0.06550001 -0.04047411 -0.00866059 -0.06550001 -0.04353481 -0.02672129 -0.06550001 -0.04322411 -0.02695959 -0.06550001 -0.04247411 -0.04116059 -0.06550001 -0.04392301 -0.04304879 -0.06550001 -0.04377311 -0.04341059 -0.06550001 -0.04353481 -0.04372129 -0.06550001 -0.04322411 -0.04136159 -0.06550001 -0.04353481 -0.04159989 -0.06550001 -0.04397411 -0.02566059 -0.06550001 -0.04377311 -0.04191059 -0.06550001 -0.04392301 -0.04227239 -0.06550001 -0.04286231 -0.04121169 -0.06550001 -0.04392301 -0.02604879 -0.06550001 -0.04377311 -0.02641059 -0.06550001 -0.04208591 -0.04410949 -0.06550001 -0.04172411 -0.04395959 -0.06550001 -0.04047411 -0.04606449 -0.06550001 -0.04141341 -0.04372129 -0.06550001 -0.04117511 -0.04341059 -0.06550001 -0.04102521 -0.04304879 -0.06550001 -0.04097411 -0.04266059 -0.06550001 -0.04102521 -0.04227239 -0.06550001 -0.04208591 -0.02710949 -0.06550001 -0.04172411 -0.02695959 -0.06550001 -0.04141341 -0.02672129 -0.06550001 -0.04117511 -0.02641059 -0.06550001 -0.04397411 -0.00866059 -0.06550001 -0.04392301 -0.009048819 -0.06550001 -0.04322411 -0.04395959 -0.06550001 -0.04286231 -0.04410949 -0.06550001 -0.04247411 -0.04416059 -0.06550001 -0.04286231 -0.02710949 -0.06550001 -0.04247411 -0.02716059 -0.06550001 -0.04208591 -0.04121169 -0.06550001 -0.04172411 -0.04136159 -0.06550001 -0.04353481 -0.02459989 -0.06550001 -0.04322411 -0.02436159 -0.06550001 -0.04286231 -0.02421169 -0.06550001 -0.04377311 -0.02491059 -0.06550001 -0.04392301 -0.02527239 -0.06550001 -0.04102521 -0.02604879 -0.06550001 -0.04097411 -0.02566059 -0.06550001 -0.04102521 -0.02527239 -0.06550001 -0.04117511 -0.02491059 -0.06550001 -0.04377311 -0.00941059 -0.06550001 -0.04353481 -0.00972125 -0.06550001 -0.04141341 -0.02459989 -0.06550001 -0.04172411 -0.02436159 -0.06550001 -0.04117511 -0.00941059 -0.06550001 -0.04141341 -0.00972125 -0.06550001 -0.04322411 -0.00995963 -0.06550001 -0.04286231 -0.01010948 -0.06550001 -0.04247411 -0.02416059 -0.06550001 -0.04247411 -0.01016059 -0.06550001 -0.04208591 -0.02421169 -0.06550001 -0.04208591 -0.01010948 -0.06550001 -0.04172411 -0.00995963 -0.06550001 -0.04102521 -0.009048819 -0.06550001 -0.04097411 -0.00866059 -0.06550001 -0.04007291 -0.00510026 -0.06550001 -0.04102521 -0.008272361 -0.06550001 -0.04117511 -0.00791059 -0.06550001 -0.04322411 -0.00736155 -0.06550001 -0.04353481 -0.00759993 -0.06550001 -0.04408981 -0.00475878 -0.06550001 -0.04377311 -0.00791059 -0.06550001 -0.04392301 -0.008272361 -0.06550001 -0.04110351 0.00245081 -0.06550001 -0.04208591 -0.0072117 -0.06550001 -0.04295171 -0.00100692 -0.06550001 -0.04247411 -0.00716059 -0.06550001 -0.04286231 -0.0072117 -0.06550001 0.07122589 0.00758941 -0.06550001 0.07122589 0.00733941 -0.06550001 -0.02447411 0.00733941 -0.06550001 0.07122589 0.01133941 -0.06550001 -0.02447411 0.01133941 -0.06550001 -0.02837592 0.01095511 -0.06550001 -0.02803444 0.00693821 -0.06550001 -0.03212778 0.00981701 -0.06550001 -0.03141625 0.00575491 -0.06550001 -0.03558551 0.00796881 -0.06550001 -0.03444995 0.00384871 -0.06550001 -0.03861621 0.00548151 -0.06550001 -0.03698341 0.00131525 -0.06550001 -0.03888961 -0.00171845 -0.06550001 -0.04172411 -0.00736155 -0.06550001 -0.04141341 -0.00759993 -0.06550001 -0.04097411 -0.04266059 0.05549999 -0.04097411 -0.04266059 0.06549999 -0.04102521 -0.04227239 0.05549999 -0.04102521 -0.04227239 0.06549999 -0.04117511 -0.04191059 0.05549999 -0.04117511 -0.04191059 0.06549999 -0.04141341 -0.04159989 0.05549999 -0.04141341 -0.04159989 0.06549999 -0.04172411 -0.04136159 0.05549999 -0.04172411 -0.04136159 0.06549999 -0.04208591 -0.04121169 0.05549999 -0.04208591 -0.04121169 0.06549999 -0.04247411 -0.04116059 0.05549999 -0.04247411 -0.04116059 0.06549999 -0.04286231 -0.04121169 0.05549999 -0.04286231 -0.04121169 0.06549999 -0.04322411 -0.04136159 0.05549999 -0.04322411 -0.04136159 0.06549999 -0.04353481 -0.04159989 0.05549999 -0.04353481 -0.04159989 0.06549999 -0.04377311 -0.04191059 0.05549999 -0.04377311 -0.04191059 0.06549999 -0.04392301 -0.04227239 0.05549999 -0.04392301 -0.04227239 0.06549999 -0.04397411 -0.04266059 0.05549999 -0.04397411 -0.04266059 0.06549999 -0.04392301 -0.04304879 0.05549999 -0.04392301 -0.04304879 0.06549999 -0.04377311 -0.04341059 0.05549999 -0.04377311 -0.04341059 0.06549999 -0.04353481 -0.04372129 0.05549999 -0.04353481 -0.04372129 0.06549999 -0.04322411 -0.04395959 0.05549999 -0.04322411 -0.04395959 0.06549999 -0.04286231 -0.04410949 0.05549999 -0.04286231 -0.04410949 0.06549999 -0.04247411 -0.04416059 0.05549999 -0.04247411 -0.04416059 0.06549999 -0.04208591 -0.04410949 0.05549999 -0.04208591 -0.04410949 0.06549999 -0.04172411 -0.04395959 0.05549999 -0.04172411 -0.04395959 0.06549999 -0.04141341 -0.04372129 0.05549999 -0.04141341 -0.04372129 0.06549999 -0.04117511 -0.04341059 0.05549999 -0.04117511 -0.04341059 0.06549999 -0.04102521 -0.04304879 0.05549999 -0.04102521 -0.04304879 0.06549999 -0.04117511 -0.04341059 0.05549999 -0.04102521 -0.04304879 0.05549999 -0.04247411 -0.04266059 0.05549999 -0.04097411 -0.04266059 0.05549999 -0.04102521 -0.04227239 0.05549999 -0.04208591 -0.04410949 0.05549999 -0.04172411 -0.04395959 0.05549999 -0.04141341 -0.04372129 0.05549999 -0.04322411 -0.04395959 0.05549999 -0.04286231 -0.04410949 0.05549999 -0.04247411 -0.04416059 0.05549999 -0.04392301 -0.04304879 0.05549999 -0.04377311 -0.04341059 0.05549999 -0.04353481 -0.04372129 0.05549999 -0.04377311 -0.04191059 0.05549999 -0.04392301 -0.04227239 0.05549999 -0.04397411 -0.04266059 0.05549999 -0.04286231 -0.04121169 0.05549999 -0.04322411 -0.04136159 0.05549999 -0.04353481 -0.04159989 0.05549999 -0.04172411 -0.04136159 0.05549999 -0.04208591 -0.04121169 0.05549999 -0.04247411 -0.04116059 0.05549999 -0.04117511 -0.04191059 0.05549999 -0.04141341 -0.04159989 0.05549999 -0.04097411 -0.02566059 0.05549999 -0.04097411 -0.02566059 0.06549999 -0.04102521 -0.02527239 0.05549999 -0.04102521 -0.02527239 0.06549999 -0.04117511 -0.02491059 0.05549999 -0.04117511 -0.02491059 0.06549999 -0.04141341 -0.02459989 0.05549999 -0.04141341 -0.02459989 0.06549999 -0.04172411 -0.02436159 0.05549999 -0.04172411 -0.02436159 0.06549999 -0.04208591 -0.02421169 0.05549999 -0.04208591 -0.02421169 0.06549999 -0.04247411 -0.02416059 0.05549999 -0.04247411 -0.02416059 0.06549999 -0.04286231 -0.02421169 0.05549999 -0.04286231 -0.02421169 0.06549999 -0.04322411 -0.02436159 0.05549999 -0.04322411 -0.02436159 0.06549999 -0.04353481 -0.02459989 0.05549999 -0.04353481 -0.02459989 0.06549999 -0.04377311 -0.02491059 0.05549999 -0.04377311 -0.02491059 0.06549999 -0.04392301 -0.02527239 0.05549999 -0.04392301 -0.02527239 0.06549999 -0.04397411 -0.02566059 0.05549999 -0.04397411 -0.02566059 0.06549999 -0.04392301 -0.02604879 0.05549999 -0.04392301 -0.02604879 0.06549999 -0.04377311 -0.02641059 0.05549999 -0.04377311 -0.02641059 0.06549999 -0.04353481 -0.02672129 0.05549999 -0.04353481 -0.02672129 0.06549999 -0.04322411 -0.02695959 0.05549999 -0.04322411 -0.02695959 0.06549999 -0.04286231 -0.02710949 0.05549999 -0.04286231 -0.02710949 0.06549999 -0.04247411 -0.02716059 0.05549999 -0.04247411 -0.02716059 0.06549999 -0.04208591 -0.02710949 0.05549999 -0.04208591 -0.02710949 0.06549999 -0.04172411 -0.02695959 0.05549999 -0.04172411 -0.02695959 0.06549999 -0.04141341 -0.02672129 0.05549999 -0.04141341 -0.02672129 0.06549999 -0.04117511 -0.02641059 0.05549999 -0.04117511 -0.02641059 0.06549999 -0.04102521 -0.02604879 0.05549999 -0.04102521 -0.02604879 0.06549999 -0.04117511 -0.02641059 0.05549999 -0.04102521 -0.02604879 0.05549999 -0.04247411 -0.02566059 0.05549999 -0.04097411 -0.02566059 0.05549999 -0.04102521 -0.02527239 0.05549999 -0.04208591 -0.02710949 0.05549999 -0.04172411 -0.02695959 0.05549999 -0.04141341 -0.02672129 0.05549999 -0.04322411 -0.02695959 0.05549999 -0.04286231 -0.02710949 0.05549999 -0.04247411 -0.02716059 0.05549999 -0.04392301 -0.02604879 0.05549999 -0.04377311 -0.02641059 0.05549999 -0.04353481 -0.02672129 0.05549999 -0.04377311 -0.02491059 0.05549999 -0.04392301 -0.02527239 0.05549999 -0.04397411 -0.02566059 0.05549999 -0.04286231 -0.02421169 0.05549999 -0.04322411 -0.02436159 0.05549999 -0.04353481 -0.02459989 0.05549999 -0.04172411 -0.02436159 0.05549999 -0.04208591 -0.02421169 0.05549999 -0.04247411 -0.02416059 0.05549999 -0.04117511 -0.02491059 0.05549999 -0.04141341 -0.02459989 0.05549999 -0.04097411 -0.00866059 0.05549999 -0.04097411 -0.00866059 0.06549999 -0.04102521 -0.008272361 0.05549999 -0.04102521 -0.008272361 0.06549999 -0.04117511 -0.00791059 0.05549999 -0.04117511 -0.00791059 0.06549999 -0.04141341 -0.00759993 0.05549999 -0.04141341 -0.00759993 0.06549999 -0.04172411 -0.00736155 0.05549999 -0.04172411 -0.00736155 0.06549999 -0.04208591 -0.0072117 0.05549999 -0.04208591 -0.0072117 0.06549999 -0.04247411 -0.00716059 0.05549999 -0.04247411 -0.00716059 0.06549999 -0.04286231 -0.0072117 0.05549999 -0.04286231 -0.0072117 0.06549999 -0.04322411 -0.00736155 0.05549999 -0.04322411 -0.00736155 0.06549999 -0.04353481 -0.00759993 0.05549999 -0.04353481 -0.00759993 0.06549999 -0.04377311 -0.00791059 0.05549999 -0.04377311 -0.00791059 0.06549999 -0.04392301 -0.008272361 0.05549999 -0.04392301 -0.008272361 0.06549999 -0.04397411 -0.00866059 0.05549999 -0.04397411 -0.00866059 0.06549999 -0.04392301 -0.009048819 0.05549999 -0.04392301 -0.009048819 0.06549999 -0.04377311 -0.00941059 0.05549999 -0.04377311 -0.00941059 0.06549999 -0.04353481 -0.00972125 0.05549999 -0.04353481 -0.00972125 0.06549999 -0.04322411 -0.00995963 0.05549999 -0.04322411 -0.00995963 0.06549999 -0.04286231 -0.01010948 0.05549999 -0.04286231 -0.01010948 0.06549999 -0.04247411 -0.01016059 0.05549999 -0.04247411 -0.01016059 0.06549999 -0.04208591 -0.01010948 0.05549999 -0.04208591 -0.01010948 0.06549999 -0.04172411 -0.00995963 0.05549999 -0.04172411 -0.00995963 0.06549999 -0.04141341 -0.00972125 0.05549999 -0.04141341 -0.00972125 0.06549999 -0.04117511 -0.00941059 0.05549999 -0.04117511 -0.00941059 0.06549999 -0.04102521 -0.009048819 0.05549999 -0.04102521 -0.009048819 0.06549999 -0.04117511 -0.00941059 0.05549999 -0.04102521 -0.009048819 0.05549999 -0.04247411 -0.00866059 0.05549999 -0.04097411 -0.00866059 0.05549999 -0.04102521 -0.008272361 0.05549999 -0.04208591 -0.01010948 0.05549999 -0.04172411 -0.00995963 0.05549999 -0.04141341 -0.00972125 0.05549999 -0.04322411 -0.00995963 0.05549999 -0.04286231 -0.01010948 0.05549999 -0.04247411 -0.01016059 0.05549999 -0.04392301 -0.009048819 0.05549999 -0.04377311 -0.00941059 0.05549999 -0.04353481 -0.00972125 0.05549999 -0.04377311 -0.00791059 0.05549999 -0.04392301 -0.008272361 0.05549999 -0.04397411 -0.00866059 0.05549999 -0.04286231 -0.0072117 0.05549999 -0.04322411 -0.00736155 0.05549999 -0.04353481 -0.00759993 0.05549999 -0.04172411 -0.00736155 0.05549999 -0.04208591 -0.0072117 0.05549999 -0.04247411 -0.00716059 0.05549999 -0.04117511 -0.00791059 0.05549999 -0.04141341 -0.00759993 0.05549999 -0.04397411 -0.04266059 -0.05550001 -0.04397411 -0.04266059 -0.06550001 -0.04392301 -0.04227239 -0.05550001 -0.04392301 -0.04227239 -0.06550001 -0.04377311 -0.04191059 -0.05550001 -0.04377311 -0.04191059 -0.06550001 -0.04353481 -0.04159989 -0.05550001 -0.04353481 -0.04159989 -0.06550001 -0.04322411 -0.04136159 -0.05550001 -0.04322411 -0.04136159 -0.06550001 -0.04286231 -0.04121169 -0.05550001 -0.04286231 -0.04121169 -0.06550001 -0.04247411 -0.04116059 -0.05550001 -0.04247411 -0.04116059 -0.06550001 -0.04208591 -0.04121169 -0.05550001 -0.04208591 -0.04121169 -0.06550001 -0.04172411 -0.04136159 -0.05550001 -0.04172411 -0.04136159 -0.06550001 -0.04141341 -0.04159989 -0.05550001 -0.04141341 -0.04159989 -0.06550001 -0.04117511 -0.04191059 -0.05550001 -0.04117511 -0.04191059 -0.06550001 -0.04102521 -0.04227239 -0.05550001 -0.04102521 -0.04227239 -0.06550001 -0.04097411 -0.04266059 -0.05550001 -0.04097411 -0.04266059 -0.06550001 -0.04102521 -0.04304879 -0.05550001 -0.04102521 -0.04304879 -0.06550001 -0.04117511 -0.04341059 -0.05550001 -0.04117511 -0.04341059 -0.06550001 -0.04141341 -0.04372129 -0.05550001 -0.04141341 -0.04372129 -0.06550001 -0.04172411 -0.04395959 -0.05550001 -0.04172411 -0.04395959 -0.06550001 -0.04208591 -0.04410949 -0.05550001 -0.04208591 -0.04410949 -0.06550001 -0.04247411 -0.04416059 -0.05550001 -0.04247411 -0.04416059 -0.06550001 -0.04286231 -0.04410949 -0.05550001 -0.04286231 -0.04410949 -0.06550001 -0.04322411 -0.04395959 -0.05550001 -0.04322411 -0.04395959 -0.06550001 -0.04353481 -0.04372129 -0.05550001 -0.04353481 -0.04372129 -0.06550001 -0.04377311 -0.04341059 -0.05550001 -0.04377311 -0.04341059 -0.06550001 -0.04392301 -0.04304879 -0.05550001 -0.04392301 -0.04304879 -0.06550001 -0.04322411 -0.04136159 -0.05550001 -0.04286231 -0.04121169 -0.05550001 -0.04247411 -0.04266059 -0.05550001 -0.04247411 -0.04116059 -0.05550001 -0.04208591 -0.04121169 -0.05550001 -0.04392301 -0.04227239 -0.05550001 -0.04377311 -0.04191059 -0.05550001 -0.04353481 -0.04159989 -0.05550001 -0.04377311 -0.04341059 -0.05550001 -0.04392301 -0.04304879 -0.05550001 -0.04397411 -0.04266059 -0.05550001 -0.04286231 -0.04410949 -0.05550001 -0.04322411 -0.04395959 -0.05550001 -0.04353481 -0.04372129 -0.05550001 -0.04172411 -0.04395959 -0.05550001 -0.04208591 -0.04410949 -0.05550001 -0.04247411 -0.04416059 -0.05550001 -0.04102521 -0.04304879 -0.05550001 -0.04117511 -0.04341059 -0.05550001 -0.04141341 -0.04372129 -0.05550001 -0.04117511 -0.04191059 -0.05550001 -0.04102521 -0.04227239 -0.05550001 -0.04097411 -0.04266059 -0.05550001 -0.04172411 -0.04136159 -0.05550001 -0.04141341 -0.04159989 -0.05550001 -0.04397411 -0.02566059 -0.05550001 -0.04397411 -0.02566059 -0.06550001 -0.04392301 -0.02527239 -0.05550001 -0.04392301 -0.02527239 -0.06550001 -0.04377311 -0.02491059 -0.05550001 -0.04377311 -0.02491059 -0.06550001 -0.04353481 -0.02459989 -0.05550001 -0.04353481 -0.02459989 -0.06550001 -0.04322411 -0.02436159 -0.05550001 -0.04322411 -0.02436159 -0.06550001 -0.04286231 -0.02421169 -0.05550001 -0.04286231 -0.02421169 -0.06550001 -0.04247411 -0.02416059 -0.05550001 -0.04247411 -0.02416059 -0.06550001 -0.04208591 -0.02421169 -0.05550001 -0.04208591 -0.02421169 -0.06550001 -0.04172411 -0.02436159 -0.05550001 -0.04172411 -0.02436159 -0.06550001 -0.04141341 -0.02459989 -0.05550001 -0.04141341 -0.02459989 -0.06550001 -0.04117511 -0.02491059 -0.05550001 -0.04117511 -0.02491059 -0.06550001 -0.04102521 -0.02527239 -0.05550001 -0.04102521 -0.02527239 -0.06550001 -0.04097411 -0.02566059 -0.05550001 -0.04097411 -0.02566059 -0.06550001 -0.04102521 -0.02604879 -0.05550001 -0.04102521 -0.02604879 -0.06550001 -0.04117511 -0.02641059 -0.05550001 -0.04117511 -0.02641059 -0.06550001 -0.04141341 -0.02672129 -0.05550001 -0.04141341 -0.02672129 -0.06550001 -0.04172411 -0.02695959 -0.05550001 -0.04172411 -0.02695959 -0.06550001 -0.04208591 -0.02710949 -0.05550001 -0.04208591 -0.02710949 -0.06550001 -0.04247411 -0.02716059 -0.05550001 -0.04247411 -0.02716059 -0.06550001 -0.04286231 -0.02710949 -0.05550001 -0.04286231 -0.02710949 -0.06550001 -0.04322411 -0.02695959 -0.05550001 -0.04322411 -0.02695959 -0.06550001 -0.04353481 -0.02672129 -0.05550001 -0.04353481 -0.02672129 -0.06550001 -0.04377311 -0.02641059 -0.05550001 -0.04377311 -0.02641059 -0.06550001 -0.04392301 -0.02604879 -0.05550001 -0.04392301 -0.02604879 -0.06550001 -0.04322411 -0.02436159 -0.05550001 -0.04286231 -0.02421169 -0.05550001 -0.04247411 -0.02566059 -0.05550001 -0.04247411 -0.02416059 -0.05550001 -0.04208591 -0.02421169 -0.05550001 -0.04392301 -0.02527239 -0.05550001 -0.04377311 -0.02491059 -0.05550001 -0.04353481 -0.02459989 -0.05550001 -0.04377311 -0.02641059 -0.05550001 -0.04392301 -0.02604879 -0.05550001 -0.04397411 -0.02566059 -0.05550001 -0.04286231 -0.02710949 -0.05550001 -0.04322411 -0.02695959 -0.05550001 -0.04353481 -0.02672129 -0.05550001 -0.04172411 -0.02695959 -0.05550001 -0.04208591 -0.02710949 -0.05550001 -0.04247411 -0.02716059 -0.05550001 -0.04102521 -0.02604879 -0.05550001 -0.04117511 -0.02641059 -0.05550001 -0.04141341 -0.02672129 -0.05550001 -0.04117511 -0.02491059 -0.05550001 -0.04102521 -0.02527239 -0.05550001 -0.04097411 -0.02566059 -0.05550001 -0.04172411 -0.02436159 -0.05550001 -0.04141341 -0.02459989 -0.05550001 -0.04397411 -0.00866059 -0.05550001 -0.04397411 -0.00866059 -0.06550001 -0.04392301 -0.008272361 -0.05550001 -0.04392301 -0.008272361 -0.06550001 -0.04377311 -0.00791059 -0.05550001 -0.04377311 -0.00791059 -0.06550001 -0.04353481 -0.00759993 -0.05550001 -0.04353481 -0.00759993 -0.06550001 -0.04322411 -0.00736155 -0.05550001 -0.04322411 -0.00736155 -0.06550001 -0.04286231 -0.0072117 -0.05550001 -0.04286231 -0.0072117 -0.06550001 -0.04247411 -0.00716059 -0.05550001 -0.04247411 -0.00716059 -0.06550001 -0.04208591 -0.0072117 -0.05550001 -0.04208591 -0.0072117 -0.06550001 -0.04172411 -0.00736155 -0.05550001 -0.04172411 -0.00736155 -0.06550001 -0.04141341 -0.00759993 -0.05550001 -0.04141341 -0.00759993 -0.06550001 -0.04117511 -0.00791059 -0.05550001 -0.04117511 -0.00791059 -0.06550001 -0.04102521 -0.008272361 -0.05550001 -0.04102521 -0.008272361 -0.06550001 -0.04097411 -0.00866059 -0.05550001 -0.04097411 -0.00866059 -0.06550001 -0.04102521 -0.009048819 -0.05550001 -0.04102521 -0.009048819 -0.06550001 -0.04117511 -0.00941059 -0.05550001 -0.04117511 -0.00941059 -0.06550001 -0.04141341 -0.00972125 -0.05550001 -0.04141341 -0.00972125 -0.06550001 -0.04172411 -0.00995963 -0.05550001 -0.04172411 -0.00995963 -0.06550001 -0.04208591 -0.01010948 -0.05550001 -0.04208591 -0.01010948 -0.06550001 -0.04247411 -0.01016059 -0.05550001 -0.04247411 -0.01016059 -0.06550001 -0.04286231 -0.01010948 -0.05550001 -0.04286231 -0.01010948 -0.06550001 -0.04322411 -0.00995963 -0.05550001 -0.04322411 -0.00995963 -0.06550001 -0.04353481 -0.00972125 -0.05550001 -0.04353481 -0.00972125 -0.06550001 -0.04377311 -0.00941059 -0.05550001 -0.04377311 -0.00941059 -0.06550001 -0.04392301 -0.009048819 -0.05550001 -0.04392301 -0.009048819 -0.06550001 -0.04322411 -0.00736155 -0.05550001 -0.04286231 -0.0072117 -0.05550001 -0.04247411 -0.00866059 -0.05550001 -0.04247411 -0.00716059 -0.05550001 -0.04208591 -0.0072117 -0.05550001 -0.04392301 -0.008272361 -0.05550001 -0.04377311 -0.00791059 -0.05550001 -0.04353481 -0.00759993 -0.05550001 -0.04377311 -0.00941059 -0.05550001 -0.04392301 -0.009048819 -0.05550001 -0.04397411 -0.00866059 -0.05550001 -0.04286231 -0.01010948 -0.05550001 -0.04322411 -0.00995963 -0.05550001 -0.04353481 -0.00972125 -0.05550001 -0.04172411 -0.00995963 -0.05550001 -0.04208591 -0.01010948 -0.05550001 -0.04247411 -0.01016059 -0.05550001 -0.04102521 -0.009048819 -0.05550001 -0.04117511 -0.00941059 -0.05550001 -0.04141341 -0.00972125 -0.05550001 -0.04117511 -0.00791059 -0.05550001 -0.04102521 -0.008272361 -0.05550001 -0.04097411 -0.00866059 -0.05550001 -0.04172411 -0.00736155 -0.05550001 -0.04141341 -0.00759993 -0.05550001 -0.04447411 -0.04606449 0.06549999 -0.04447411 -0.04606449 0.008440492 -0.04047411 -0.04606449 0.06549999 -0.04047411 -0.04606449 0.008440492 -0.04447411 -0.04606449 -0.06550001 -0.04047411 -0.04606449 -0.06550001 -0.04447411 -0.04606449 -0.008440508 -0.04047411 -0.04606449 -0.008440508 -0.04447411 -0.01923169 -0.03714551 -0.04047411 -0.01923169 -0.03714551 -0.04447411 -0.00866059 -0.03714551 -0.04047411 -0.00866059 -0.03714551 -0.04447411 -0.01923169 0.03714499 -0.04047411 -0.01923169 0.03714499 -0.04047411 -0.04606449 0.008440492 -0.04447411 -0.04606449 0.008440492 -0.04447411 -0.04606449 -0.008440508 -0.04047411 -0.04606449 -0.008440508 -0.04047411 -0.01923169 -0.03714551 -0.04447411 -0.01923169 -0.03714551 -0.04447411 -0.00866059 -0.03714551 -0.04047411 -0.00866059 -0.03714551 -0.04447411 -0.00866059 0.03714499 -0.04047411 -0.00866059 0.03714499 -0.04447411 -0.01923169 0.03714499 -0.04447411 -0.00866059 0.03714499 -0.04047411 -0.01923169 0.03714499 -0.04047411 -0.00866059 0.03714499 0.002604095 0.01133941 0.03349999 0.002604095 0.00733941 0.03349999 0.002992295 0.01133941 0.03355109 0.002992295 0.00733941 0.03355109 0.003354095 0.01133941 0.03370099 0.003354095 0.00733941 0.03370099 0.003664795 0.01133941 0.03393929 0.003664795 0.00733941 0.03393929 0.003903195 0.01133941 0.03424999 0.003903195 0.00733941 0.03424999 0.004052995 0.01133941 0.03461199 0.004052995 0.00733941 0.03461199 0.004104095 0.01133941 0.03499999 0.004104095 0.00733941 0.03499999 0.004052995 0.01133941 0.03538799 0.004052995 0.00733941 0.03538799 0.003903195 0.01133941 0.03574999 0.003903195 0.00733941 0.03574999 0.003664795 0.01133941 0.03606099 0.003664795 0.00733941 0.03606099 0.003354095 0.01133941 0.03629899 0.003354095 0.00733941 0.03629899 0.002992295 0.01133941 0.03644899 0.002992295 0.00733941 0.03644899 0.002604095 0.01133941 0.03649999 0.002604095 0.00733941 0.03649999 0.002215895 0.01133941 0.03644899 0.002215895 0.00733941 0.03644899 0.001854095 0.01133941 0.03629899 0.001854095 0.00733941 0.03629899 0.001543495 0.01133941 0.03606099 0.001543495 0.00733941 0.03606099 0.001305095 0.01133941 0.03574999 0.001305095 0.00733941 0.03574999 0.001155195 0.01133941 0.03538799 0.001155195 0.00733941 0.03538799 0.001104095 0.01133941 0.03499999 0.001104095 0.00733941 0.03499999 0.001155195 0.01133941 0.03461199 0.001155195 0.00733941 0.03461199 0.001305095 0.01133941 0.03424999 0.001305095 0.00733941 0.03424999 0.001543495 0.01133941 0.03393929 0.001543495 0.00733941 0.03393929 0.001854095 0.01133941 0.03370099 0.001854095 0.00733941 0.03370099 0.002215895 0.01133941 0.03355109 0.002215895 0.00733941 0.03355109 0.002604095 0.01133941 -0.03650001 0.002604095 0.00733941 -0.03650001 0.002992295 0.01133941 -0.03644891 0.002992295 0.00733941 -0.03644891 0.003354095 0.01133941 -0.03629901 0.003354095 0.00733941 -0.03629901 0.003664795 0.01133941 -0.03606071 0.003664795 0.00733941 -0.03606071 0.003903195 0.01133941 -0.03575001 0.003903195 0.00733941 -0.03575001 0.004052995 0.01133941 -0.03538821 0.004052995 0.00733941 -0.03538821 0.004104095 0.01133941 -0.03500001 0.004104095 0.00733941 -0.03500001 0.004052995 0.01133941 -0.03461181 0.004052995 0.00733941 -0.03461181 0.003903195 0.01133941 -0.03425001 0.003903195 0.00733941 -0.03425001 0.003664795 0.01133941 -0.03393931 0.003664795 0.00733941 -0.03393931 0.003354095 0.01133941 -0.03370101 0.003354095 0.00733941 -0.03370101 0.002992295 0.01133941 -0.03355111 0.002992295 0.00733941 -0.03355111 0.002604095 0.01133941 -0.03350001 0.002604095 0.00733941 -0.03350001 0.002215895 0.01133941 -0.03355111 0.002215895 0.00733941 -0.03355111 0.001854095 0.01133941 -0.03370101 0.001854095 0.00733941 -0.03370101 0.001543495 0.01133941 -0.03393931 0.001543495 0.00733941 -0.03393931 0.001305095 0.01133941 -0.03425001 0.001305095 0.00733941 -0.03425001 0.001155195 0.01133941 -0.03461181 0.001155195 0.00733941 -0.03461181 0.001104095 0.01133941 -0.03500001 0.001104095 0.00733941 -0.03500001 0.001155195 0.01133941 -0.03538821 0.001155195 0.00733941 -0.03538821 0.001305095 0.01133941 -0.03575001 0.001305095 0.00733941 -0.03575001 0.001543495 0.01133941 -0.03606071 0.001543495 0.00733941 -0.03606071 0.001854095 0.01133941 -0.03629901 0.001854095 0.00733941 -0.03629901 0.002215895 0.01133941 -0.03644891 0.002215895 0.00733941 -0.03644891 0.06471309 0.00785221 -0.0001958078 0.06467479 0.00789051 -0.0003882078 0.06467479 0.00733941 -0.0003882078 0.06452489 0.00733941 -0.0007500078 0.06452489 0.00804041 -0.0007500078 0.06428659 0.00733941 -0.001060708 0.06441589 0.00814941 -0.0009131078 0.06461169 0.00795361 -0.0005740078 0.06472589 0.00783941 -7.777411e-09 0.06472589 0.00733941 -7.777411e-09 0.06471309 0.00785221 0.0001957922 0.06467479 0.00733941 0.0003881922 0.06467479 0.00789051 0.0003881922 0.06461169 0.00795361 0.0005739922 0.06452489 0.00733941 0.0007499922 0.06452489 0.00804041 0.0007499922 0.06441589 0.00814941 0.0009130922 0.06428659 0.00733941 0.001060692 0.06428659 0.00827871 0.001060692 0.06397589 0.00733941 0.001298992 0.06397589 0.00858941 0.001298992 0.06361409 0.00733941 0.001448892 0.06361409 0.00895121 0.001448892 0.06322589 0.00733941 0.001499992 0.06283769 0.00733941 0.001448892 0.06283769 0.00895121 0.001448892 0.06247589 0.00733941 0.001298992 0.06247589 0.00858941 0.001298992 0.06216519 0.00733941 0.001060692 0.06216519 0.00827871 0.001060692 0.06192689 0.00733941 0.0007499922 0.06177699 0.00733941 0.0003881922 0.06177699 0.00789051 0.0003881922 0.06184009 0.00795361 0.0005739922 0.06192689 0.00804041 0.0007499922 0.06203589 0.00814941 0.0009130922 0.06177699 0.00733941 -0.0003882078 0.06173869 0.00785221 -0.0001958078 0.06172589 0.00733941 -7.777411e-09 0.06172589 0.00783941 -7.777411e-09 0.06173869 0.00785221 0.0001957922 0.06192689 0.00733941 -0.0007500078 0.06184009 0.00795361 -0.0005740078 0.06177699 0.00789051 -0.0003882078 0.06428659 0.00827871 -0.001060708 0.06397589 0.00858941 -0.001299008 0.06397589 0.00733941 -0.001299008 0.06361409 0.00895121 -0.001448908 0.06361409 0.00733941 -0.001448908 0.06322589 0.00733941 -0.001500008 0.06283769 0.00895121 -0.001448908 0.06283769 0.00733941 -0.001448908 0.06247589 0.00858941 -0.001299008 0.06247589 0.00733941 -0.001299008 0.06216519 0.00827871 -0.001060708 0.06216519 0.00733941 -0.001060708 0.06203589 0.00814941 -0.0009131078 0.06192689 0.00804041 -0.0007500078 0.06173869 0.01082661 -0.0001958078 0.06177699 0.01078831 -0.0003882078 0.06177699 0.01133941 -0.0003882078 0.06192689 0.01133941 -0.0007500078 0.06192689 0.01063841 -0.0007500078 0.06216519 0.01133941 -0.001060708 0.06203589 0.01052941 -0.0009131078 0.06184009 0.01072521 -0.0005740078 0.06172589 0.01083941 -7.777411e-09 0.06172589 0.01133941 -7.777411e-09 0.06173869 0.01082661 0.0001957922 0.06177699 0.01133941 0.0003881922 0.06177699 0.01078831 0.0003881922 0.06184009 0.01072521 0.0005739922 0.06192689 0.01133941 0.0007499922 0.06192689 0.01063841 0.0007499922 0.06203589 0.01052941 0.0009130922 0.06216519 0.01133941 0.001060692 0.06216519 0.01040011 0.001060692 0.06247589 0.01133941 0.001298992 0.06247589 0.01008941 0.001298992 0.06283769 0.01133941 0.001448892 0.06283769 0.00972761 0.001448892 0.06322589 0.01133941 0.001499992 0.06361409 0.01133941 0.001448892 0.06361409 0.00972761 0.001448892 0.06397589 0.01133941 0.001298992 0.06397589 0.01008941 0.001298992 0.06428659 0.01133941 0.001060692 0.06428659 0.01040011 0.001060692 0.06452489 0.01133941 0.0007499922 0.06467479 0.01133941 0.0003881922 0.06467479 0.01078831 0.0003881922 0.06461169 0.01072521 0.0005739922 0.06452489 0.01063841 0.0007499922 0.06441589 0.01052941 0.0009130922 0.06467479 0.01133941 -0.0003882078 0.06471309 0.01082661 -0.0001958078 0.06472589 0.01133941 -7.777411e-09 0.06472589 0.01083941 -7.777411e-09 0.06471309 0.01082661 0.0001957922 0.06452489 0.01133941 -0.0007500078 0.06461169 0.01072521 -0.0005740078 0.06467479 0.01078831 -0.0003882078 0.06216519 0.01040011 -0.001060708 0.06247589 0.01008941 -0.001299008 0.06247589 0.01133941 -0.001299008 0.06283769 0.00972761 -0.001448908 0.06283769 0.01133941 -0.001448908 0.06322589 0.01133941 -0.001500008 0.06361409 0.00972761 -0.001448908 0.06361409 0.01133941 -0.001448908 0.06397589 0.01008941 -0.001299008 0.06397589 0.01133941 -0.001299008 0.06428659 0.01040011 -0.001060708 0.06428659 0.01133941 -0.001060708 0.06441589 0.01052941 -0.0009131078 0.06452489 0.01063841 -0.0007500078</float_array>
          <technique_common>
            <accessor count="1686" source="#verts-array-array" stride="3">
              <param type="float" name="X"/>
              <param type="float" name="Y"/>
              <param type="float" name="Z"/>
            </accessor>
          </technique_common>
        </source>
        <source id="normals-array">
          <float_array count="5058" id="normals-array-array">-0.001851541 0.9909013 -0.134578 -0.002147448 0.9627044 -0.2705471 -3.811605e-05 0.9659165 -0.2588537 -3.713165e-05 0.8660577 -0.4999441 -0.002307099 0.8552042 -0.518286 -3.51122e-05 0.7071061 -0.7071075 -0.001253315 0.7801466 -0.6255954 -0.001524967 0.9184076 -0.3956326 -0.001898731 0.9999973 -0.0013289 -0.000976882 0.9999993 -0.0006285469 -3.638598e-05 0.9907565 0.1356523 -0.00193597 0.965912 0.2588633 0 0.9632154 0.2687306 -3.541542e-05 0.9181311 0.3962768 -0.001887376 0.8660466 0.4999598 0 0.8564773 0.5161847 -3.356979e-05 0.779855 0.6259602 -0.0009283612 0.7066843 0.7075284 0 0.6552259 0.755433 0 0.4999432 0.8660582 0 0.4490379 0.8935127 0 0.2588526 0.9659168 0 0.1973111 0.9803409 0 -4.811987e-16 1 4.32053e-16 -1.440177e-16 1 0 -0.2588526 0.9659168 0 -0.1973111 0.9803409 0 -0.4999432 0.8660582 0 -0.4490379 0.8935127 -3.51122e-05 -0.7071061 0.7071075 0 -0.6552259 0.755433 -3.713165e-05 -0.8660577 0.4999441 -3.811605e-05 -0.9659165 0.2588537 -0.002147448 -0.9627044 0.2705471 -0.001524967 -0.9184076 0.3956326 -0.002307099 -0.8552042 0.518286 -0.001253315 -0.7801466 0.6255954 -0.00193597 -0.965912 -0.2588633 -3.638598e-05 -0.9907565 -0.1356523 -0.000976882 -0.9999993 0.0006285469 -0.001898731 -0.9999973 0.0013289 -0.001851541 -0.9909013 0.134578 -0.001887376 -0.8660466 -0.4999598 -3.541542e-05 -0.9181311 -0.3962768 0 -0.9632154 -0.2687306 0 0.6552259 -0.755433 0 0.4490379 -0.8935127 0 0.4999432 -0.8660582 0 0.1973111 -0.9803409 0 0.2588526 -0.9659168 4.276217e-16 -7.754797e-17 -1 0 -6.772427e-16 -1 0 -0.1973111 -0.9803409 0 -0.2588526 -0.9659168 0 -0.4490379 -0.8935127 0 -0.4999432 -0.8660582 0 -0.6552259 -0.755433 -0.0009283612 -0.7066843 -0.7075284 -3.356979e-05 -0.779855 -0.6259602 0 -0.8564773 -0.5161847 0.02796489 -0.9920198 -0.1229416 0.01471258 -0.958372 -0.2851431 0.004707127 -0.9654725 -0.2604626 0.003757784 -0.8654555 -0.5009717 0.01351258 -0.8470948 -0.5312701 0.002428897 -0.7066705 -0.7075387 0.01123449 -0.7818992 -0.6233037 0.0182789 -0.9205456 -0.3902072 0.0145571 -0.9997925 -0.01425204 0.009701031 -0.9999238 -0.007632605 0.005605353 -0.9907409 0.1356505 0.018137 -0.9654479 0.2599641 0 -0.9632154 0.2687306 0.00397548 -0.9181235 0.3962744 0.01518604 -0.8652022 0.5011931 0 -0.8564773 0.5161847 0.002328342 -0.7798525 0.625959 0.006745635 -0.7035982 0.7105661 0 -0.6552259 0.755433 0 -0.4999432 0.8660582 0 -0.4490379 0.8935127 0 -0.2588526 0.9659168 0 -0.1973111 0.9803409 0 -5.881318e-16 1 0 0.2588526 0.9659168 0 0.1973111 0.9803409 0 0.4999432 0.8660582 0 0.4490379 0.8935127 0.002428897 0.7066705 0.7075387 0 0.6552259 0.755433 0.003757784 0.8654555 0.5009717 0.004707127 0.9654725 0.2604626 0.01471258 0.958372 0.2851431 0.0182789 0.9205456 0.3902072 0.01351258 0.8470948 0.5312701 0.01123449 0.7818992 0.6233037 0.018137 0.9654479 -0.2599641 0.005605353 0.9907409 -0.1356505 0.009701031 0.9999238 0.007632605 0.0145571 0.9997925 0.01425204 0.02796489 0.9920198 0.1229416 0.01518604 0.8652022 -0.5011931 0.00397548 0.9181235 -0.3962744 0 0.9632154 -0.2687306 0 -0.6552259 -0.755433 0 -0.4490379 -0.8935127 0 -0.4999432 -0.8660582 0 -0.1973111 -0.9803409 0 -0.2588526 -0.9659168 0 -5.703096e-16 -1 0 0.1973111 -0.9803409 0 0.2588526 -0.9659168 0 0.4490379 -0.8935127 0 0.4999432 -0.8660582 0 0.6552259 -0.755433 0.006745635 0.7035982 -0.7105661 0.002328342 0.7798525 -0.625959 0 0.8564773 -0.5161847 1 0 0 1 0 0 1 0 0 1 0 0 1 0 0 1 0 0 1 0 0 1 0 0 1 0 0 1 0 0 1 0 0 1 0 0 1 0 0 1 0 0 1 0 0 1 0 0 1 0 0 1 0 0 1 0 0 1 0 0 1 0 0 1 0 0 1 0 0 1 0 0 1 0 0 0 -1 1.151758e-15 0 -1 1.167352e-15 0 -0.9659168 -0.2588526 0 -0.9659168 -0.2588526 0 -0.8660582 -0.4999432 0 -0.8660582 -0.4999432 0 -0.7071068 -0.7071068 0 -0.7071068 -0.7071068 0 -0.4999432 -0.8660582 0 -0.4999432 -0.8660582 0 -0.2588526 -0.9659168 0 -0.2588526 -0.9659168 0 -5.881318e-16 -1 0 -5.970429e-16 -1 0 0.2588526 -0.9659168 0 0.2588526 -0.9659168 0 0.4999432 -0.8660582 0 0.4999432 -0.8660582 0 0.7071068 -0.7071068 0 0.7071068 -0.7071068 0 0.8660582 -0.4999432 0 0.8660582 -0.4999432 0 0.9659168 -0.2588526 0 0.9659168 -0.2588526 0 1 1.167352e-15 0 1 1.14953e-15 0 0.9659168 0.2588526 0 0.9659168 0.2588526 0 0.8660582 0.4999432 0 0.8660582 0.4999432 0 0.7071068 0.7071068 0 0.7071068 0.7071068 0 0.4999432 0.8660582 0 0.4999432 0.8660582 0 0.2588526 0.9659168 0 0.2588526 0.9659168 0 -5.970429e-16 1 0 -5.881318e-16 1 0 -0.2588526 0.9659168 0 -0.2588526 0.9659168 0 -0.4999432 0.8660582 0 -0.4999432 0.8660582 0 -0.7071068 0.7071068 0 -0.7071068 0.7071068 0 -0.8660582 0.4999432 0 -0.8660582 0.4999432 0 -0.9659168 0.2588526 0 -0.9659168 0.2588526 1 0 0 1 0 0 1 0 0 1 0 0 1 0 0 1 0 0 1 0 0 1 0 0 1 0 0 1 0 0 1 0 0 1 0 0 1 0 0 1 0 0 1 0 0 1 0 0 1 0 0 1 0 0 1 0 0 1 0 0 1 0 0 1 0 0 1 0 0 1 0 0 1 0 0 0 -1 2.302144e-15 0 -1 2.307992e-15 0 -0.9659335 -0.2587905 0 -0.9659335 -0.2587905 0 -0.8662235 -0.4996567 0 -0.8662235 -0.4996567 0 -0.7070565 -0.7071571 0 -0.7070565 -0.7071571 0 -0.4997819 -0.8661513 0 -0.4997819 -0.8661513 0 -0.2588443 -0.9659191 0 -0.2588443 -0.9659191 0 -5.792014e-16 -1 0 -5.702906e-16 -1 0 0.2588443 -0.9659191 0 0.2588443 -0.9659191 0 0.4997819 -0.8661513 0 0.4997819 -0.8661513 0 0.7070565 -0.7071571 0 0.7070565 -0.7071571 0 0.8662235 -0.4996567 0 0.8662235 -0.4996567 0 0.9659335 -0.2587905 0 0.9659335 -0.2587905 0 1 2.307992e-15 0 1 2.299081e-15 0 0.9659335 0.2587905 0 0.9659335 0.2587905 0 0.8662235 0.4996567 0 0.8662235 0.4996567 0 0.7070565 0.7071571 0 0.7070565 0.7071571 0 0.4997819 0.8661513 0 0.4997819 0.8661513 0 0.2588443 0.9659191 0 0.2588443 0.9659191 0 -5.702906e-16 1 0 -5.792014e-16 1 0 -0.2588443 0.9659191 0 -0.2588443 0.9659191 0 -0.4997819 0.8661513 0 -0.4997819 0.8661513 0 -0.7070565 0.7071571 0 -0.7070565 0.7071571 0 -0.8662235 0.4996567 0 -0.8662235 0.4996567 0 -0.9659335 0.2587905 0 -0.9659335 0.2587905 1 0 0 1 0 0 1 0 0 1 0 0 1 0 0 1 0 0 1 0 0 1 0 0 1 0 0 1 0 0 1 0 0 1 0 0 1 0 0 1 0 0 1 0 0 1 0 0 1 0 0 1 0 0 1 0 0 1 0 0 1 0 0 1 0 0 1 0 0 1 0 0 1 0 0 1 0 0 1 0 0 1 0 0 1 0 0 1 0 0 1 0 0 1 0 0 1 0 0 1 0 0 1 0 0 1 0 0 1 0 0 1 0 0 1 0 0 1 0 0 1 0 0 1 0 0 1 0 0 1 0 0 1 0 0 1 0 0 1 0 0 1 0 0 1 0 0 1 0 0 0 -1 -8.911088e-18 0 -1 8.911088e-18 0 -0.9659168 -0.2588526 0 -0.9659168 -0.2588526 0 -0.8660582 -0.4999432 0 -0.8660582 -0.4999432 0 -0.7071068 -0.7071068 0 -0.7071068 -0.7071068 0 -0.4999432 -0.8660582 0 -0.4999432 -0.8660582 0 -0.2588526 -0.9659168 0 -0.2588526 -0.9659168 0 -5.792207e-16 -1 0 -5.881318e-16 -1 0 0.2588526 -0.9659168 0 0.2588526 -0.9659168 0 0.4999432 -0.8660582 0 0.4999432 -0.8660582 0 0.7071068 -0.7071068 0 0.7071068 -0.7071068 0 0.8660582 -0.4999432 0 0.8660582 -0.4999432 0 0.9659168 -0.2588526 0 0.9659168 -0.2588526 0 1 8.911088e-18 0 1 -8.911088e-18 0 0.9659168 0.2588526 0 0.9659168 0.2588526 0 0.8660582 0.4999432 0 0.8660582 0.4999432 0 0.7071068 0.7071068 0 0.7071068 0.7071068 0 0.4999432 0.8660582 0 0.4999432 0.8660582 0 0.2588526 0.9659168 0 0.2588526 0.9659168 0 -5.881318e-16 1 0 -5.792207e-16 1 0 -0.2588526 0.9659168 0 -0.2588526 0.9659168 0 -0.4999432 0.8660582 0 -0.4999432 0.8660582 0 -0.7071068 0.7071068 0 -0.7071068 0.7071068 0 -0.8660582 0.4999432 0 -0.8660582 0.4999432 0 -0.9659168 0.2588526 0 -0.9659168 0.2588526 1 0 0 1 0 0 1 0 0 1 0 0 1 0 0 1 0 0 1 0 0 1 0 0 1 0 0 1 0 0 1 0 0 1 0 0 1 0 0 1 0 0 1 0 0 1 0 0 1 0 0 1 0 0 1 0 0 1 0 0 1 0 0 1 0 0 1 0 0 1 0 0 1 0 0 0 -1 -2.328022e-15 0 -1 -2.316883e-15 0 -0.9659168 -0.2588526 0 -0.9659168 -0.2588526 0 -0.8660582 -0.4999432 0 -0.8660582 -0.4999432 0 -0.7071068 -0.7071068 0 -0.7071068 -0.7071068 0 -0.4999432 -0.8660582 0 -0.4999432 -0.8660582 0 -0.2588526 -0.9659168 0 -0.2588526 -0.9659168 0 -5.881318e-16 -1 0 -5.970429e-16 -1 0 0.2588526 -0.9659168 0 0.2588526 -0.9659168 0 0.4999432 -0.8660582 0 0.4999432 -0.8660582 0 0.7071068 -0.7071068 0 0.7071068 -0.7071068 0 0.8660582 -0.4999432 0 0.8660582 -0.4999432 0 0.9659168 -0.2588526 0 0.9659168 -0.2588526 0 1 -2.316883e-15 0 1 -2.325794e-15 0 0.9659168 0.2588526 0 0.9659168 0.2588526 0 0.8660582 0.4999432 0 0.8660582 0.4999432 0 0.7071068 0.7071068 0 0.7071068 0.7071068 0 0.4999432 0.8660582 0 0.4999432 0.8660582 0 0.2588526 0.9659168 0 0.2588526 0.9659168 0 -5.970429e-16 1 0 -5.881318e-16 1 0 -0.2588526 0.9659168 0 -0.2588526 0.9659168 0 -0.4999432 0.8660582 0 -0.4999432 0.8660582 0 -0.7071068 0.7071068 0 -0.7071068 0.7071068 0 -0.8660582 0.4999432 0 -0.8660582 0.4999432 0 -0.9659168 0.2588526 0 -0.9659168 0.2588526 0 0.06539498 -0.9978595 0 0.06539498 -0.9978595 0 0.2588111 -0.965928 0 0.2588111 -0.965928 0 0.4999985 -0.8660263 0 0.4999985 -0.8660263 0 0.7071068 -0.7071068 0 0.7071068 -0.7071068 0 0.8660263 -0.4999985 0 0.8660263 -0.4999985 0 0.965928 -0.2588111 0 0.965928 -0.2588111 0 0.9978595 -0.06539498 0 0.9978595 -0.06539498 0 0.06539498 0.9978595 0 0.06539498 0.9978595 0 0.2588111 0.965928 0 0.2588111 0.965928 0 0.4999985 0.8660263 0 0.4999985 0.8660263 0 0.7071068 0.7071068 0 0.7071068 0.7071068 0 0.8660263 0.4999985 0 0.8660263 0.4999985 0 0.965928 0.2588111 0 0.965928 0.2588111 0 0.9978595 0.06539498 0 0.9978595 0.06539498 0 1 0 0 1 0 0 1 0 0 1 0 0 1 0 0 1 0 0 1 0 0 1 0 0 1 0 0 1 0 0 1 0 0 1 0 -0.04906834 0.9987954 0 0 1 0 0 1 0 0 1 0 0 1 0 0 1 0 0 1 0 0 1 0 0 1 0 0 1 0 0 1 0 0 1 0 0 1 0 0 1 0 0 1 0 0 1 0 0 1 0 0 1 0 0 1 0 0 1 0 0 1 0 0 1 0 0 1 0 0 1 0 -0.04906834 0.9987954 0 0 1 0 0 1 0 0 1 0 0 1 0 0 1 0 0 1 0 0 1 0 0 1 0 0 1 0 0 1 0 0 1 0 0 1 0 0 1 0 0 1 0 0 1 0 0 1 0 0 1 0 0 1 0 0 1 0 0 1 0 0 1 0 0 1 0 0 1 0 0 1 0 0 1 0 0 1 0 0 1 0 0 1 0 0 1 0 0 1 0 0 1 0 0 1 0 0 1 0 0 1 0 0 1 0 0 1 0 0 1 0 0 1 0 0 1 0 0 1 0 1 0 0 1 0 0 1 0 0 1 0 0 1 0 0 1 0 0 1 0 0 1 0 0 1 0 0 1 0 0 1 0 0 1 0 0 1 0 0 1 0 0 1 0 0 1 0 0 1 0 0 1 0 0 1 0 0 1 0 0 1 0 0 1 0 0 1 0 0 1 0 0 1 0 0 1 0 0 1 0 0 1 0 0 1 0 0 1 0 0 1 0 0 1 0 0 1 0 0 1 0 0 1 0 0 1 0 0 1 0 0 1 0 0 1 0 0 1 0 0 1 0 0 1 0 0 1 0 0 1 0 0 1 0 0 1 0 0 1 0 0 1 0 0 1 0 0 1 0 0 1 0 0 1 0 0 1 0 0 1 0 0 1 0 0 1 0 0 1 0 0 1 0 0 1 0 0 1 0 0 1 0 0 1 0 0 1 0 0 1 0 0 1 0 0 1 0 0 1 0 0 1 0 0 1 0 0 1 0 0 1 0 0 1 0 0 1 0 0 1 0 0 1 0 0 1 0 0 1 0 0 1 0 0 1 0 0 1 0 0 1 0 0 1 0 0 1 0 0 1 0 0 1 0 0 1 0 0 1 0 0 1 0 0 1 0 0 1 0 0 1 0 0 1 0 0 1 0 0 1 0 0 1 0 0 1 0 0 1 0 0 1 0 0 1 0 0 1 0 0 1 0 0 1 0 0 1 0 0 1 0 0 1 0 0 1 0 0 1 0 0 1 0 0 1 0 0 1 0 0 1 0 0 1 0 0 1 0 0 1 0 0 1 0 0 1 0 0 1 0 0 1 0 0 1 0 0 1 0 0 1 0 0 1 0 0 1 0 0 1 0 0 1 0 0 1 0 0 1 0 0 1 0 0 1 0 0 -1 0 0 -1 0 0 -1 0 0 -0.9987954 0.04906834 0 -0.9978581 0.06541568 0 -1 0 0 -1 0 0 -1 0 0 -1 0 0 -1 0 0 -1 0 0 -1 0 0 1 0 0 1 0 0 1 0 0 0.9972018 -0.0747562 -1.132197e-16 0.9984264 -0.05607698 1.372288e-17 1 0 0 1 0 0 1 0 0 1 0 0 1 0 0 1 0 0 1 0 0 0 0 1 0 0 1 0 0 1 0 0 1 0 0 1 0 0 1 0 0 1 0 0 1 0 0 1 0 0 1 0 0 1 0 0 1 0 0 1 0 0 1 0 0 1 0 0 1 0 0 1 0 0 1 0 0 1 0 0 1 0 0 1 0 0 1 0 0 1 0 0 1 0 0 1 0 0 1 0 0 1 0 0 1 0 0 1 0 0 1 0 0 1 0 0 1 0 0 1 0 0 1 0 0 1 0 0 1 0 0 1 0 0 1 0 0 1 0 0 1 0 0 1 0 0 1 0 0 1 0 0 1 0 0 1 0 0 1 0 0 1 0 0 1 0 0 1 0 0 1 0 0 1 0 0 1 0 0 1 0 0 1 0 0 1 0 0 1 0 0 1 0 0 1 0 0 1 0 0 1 0 0 1 0 0 1 0 0 1 0 0 1 0 0 1 0 0 1 0 0 1 0 0 1 0 0 1 0 0 1 0 0 1 0 0 1 0 0 1 0 0 1 0 0 1 0 0 1 0 0 1 0 0 1 0 0 1 0 0 1 0 0 1 0 0 1 0 0 1 0 0 1 0 0 1 0 0 1 0 0 1 0 0 1 0 0 1 0 0 1 0 0 1 0 0 1 0 0 1 0 0 1 -0.9807855 0.1950893 0 -0.1950893 0.9807855 0 -0.9807855 0.1950893 0 -0.9987954 0.04906834 0 -0.9978581 0.06541568 0 -0.1950893 0.9807855 0 -0.3826823 0.92388 0 -0.3826823 0.92388 0 -0.5555763 0.8314655 0 -0.5555763 0.8314655 0 -0.7071068 0.7071068 0 -0.7071068 0.7071068 0 -0.8314655 0.5555763 0 -0.8314655 0.5555763 0 -0.92388 0.3826823 0 -0.92388 0.3826823 0 -1 0 0 -1 0 0 -1 0 0 -1 0 0 -1 0 0 -1 0 0 -1 0 0 -1 0 0 -1 0 0 -1 0 0 1 0 0 1 0 0 1 0 0 0.9984264 -0.05607698 2.33293e-16 0.9972018 -0.0747562 1.112475e-17 1 0 0 1 0 0 1 0 0 1 0 0 1 0 0 1 0 0 1 0 0 0.9749278 -0.2225213 2.156431e-16 0.9749278 -0.2225213 7.513231e-18 0.9009715 -0.4338782 0 0.9009715 -0.4338782 0 0.7818315 -0.6234898 0 0.7818315 -0.6234898 0 0.6234898 -0.7818315 0 0.6234898 -0.7818315 0 0.4338782 -0.9009715 0 0.4338782 -0.9009715 0 0.2225213 -0.9749278 0 0.2225213 -0.9749278 0 0.05607698 -0.9984264 0 0.05607698 -0.9984264 0 0 -1 0 0 -1 0 0 -1 0 0 -1 0 0 -1 0 0 -1 0 0 -1 0 0 -1 0 0 -1 0 0 -1 0 0 -1 0 0 -1 0 0 -1 0 0 -1 0 0 -1 0 0 -1 0 0 -1 0 0 -1 0 0 -1 0 0 -1 0 0 -1 0 0 -1 0 0 -1 0 0 -1 0 0 -1 0 0 -1 0 0 -1 0 0 -1 0 0 -1 0 0 -1 0 0 -1 0 0 -1 0 0 -1 0 0 -1 0 0 -1 0 0 -1 0 0 -1 0 0 -1 0 0 -1 0 0 -1 0 0 -1 0 0 -1 0 0 -1 0 0 -1 0 0 -1 0 0 -1 0 0 -1 0 0 -1 0 0 -1 0 0 -1 0 0 -1 0 0 -1 0 0 -1 0 0 -1 0 0 -1 0 0 -1 0 0 -1 0 0 -1 0 0 -1 0 0 -1 0 0 -1 0 0 -1 0 0 -1 0 0 -1 0 0 -1 0 0 -1 0 0 -1 0 0 -1 0 0 -1 0 0 -1 0 0 -1 0 0 -1 0 0 -1 0 0 -1 0 0 -1 0 0 0 -1 0 0 -1 0 0 -1 0 0 -1 0 0 -1 0 0 -1 0 0 -1 0 0 -1 0 0 -1 0 0 -1 0 0 -1 0 0 -1 0 0 -1 0 0 -1 0 0 -1 0 0 -1 0 0 -1 0 0 -1 0 0 -1 0 0 -1 0 0 -1 0 0 -1 0 0 -1 0 0 -1 0 0 -1 0 0 -1 0 0 -1 0 0 -1 0 0 -1 0 0 -1 0 0 -1 0 0 -1 0 0 -1 0 0 -1 0 0 -1 0 0 -1 0 0 -1 0 0 -1 0 0 -1 0 0 -1 0 0 -1 0 0 -1 0 0 -1 0 0 -1 0 0 -1 0 0 -1 0 0 -1 0 0 -1 0 0 -1 0 0 -1 0 0 -1 0 0 -1 0 0 -1 0 0 -1 0 0 -1 0 0 -1 0 0 -1 0 0 -1 0 0 -1 0 0 -1 0 0 -1 0 0 -1 0 0 -1 0 0 -1 0 0 -1 0 0 -1 0 0 -1 0 0 -1 0 0 -1 0 0 -1 0 0 -1 0 0 -1 0 0 -1 0 0 -1 0 0 -1 0 0 -1 0 0 -1 0 0 -1 0 0 -1 0 0 -1 0 0 -1 0 0 -1 0 0 -1 0 0 -1 0 0 -1 0 0 -1 0 0 -1 0 0 -1 0 0 -1 0 0 -1 0 0 -1 0 0 -1 0 0 -1 0 0 -1 -1 -2.321338e-15 0 -1 -2.316883e-15 0 -0.9659168 -0.2588526 0 -0.9659168 -0.2588526 0 -0.8660582 -0.4999432 0 -0.8660582 -0.4999432 0 -0.7071068 -0.7071068 0 -0.7071068 -0.7071068 0 -0.4999432 -0.8660582 0 -0.4999432 -0.8660582 0 -0.2588526 -0.9659168 0 -0.2588526 -0.9659168 0 1.167352e-15 -1 0 1.158441e-15 -1 0 0.2588526 -0.9659168 0 0.2588526 -0.9659168 0 0.4999432 -0.8660582 0 0.4999432 -0.8660582 0 0.7071068 -0.7071068 0 0.7071068 -0.7071068 0 0.8660582 -0.4999432 0 0.8660582 -0.4999432 0 0.9659168 -0.2588526 0 0.9659168 -0.2588526 0 1 -2.334705e-15 0 1 -2.343616e-15 0 0.9659168 0.2588526 0 0.9659168 0.2588526 0 0.8660582 0.4999432 0 0.8660582 0.4999432 0 0.7071068 0.7071068 0 0.7071068 0.7071068 0 0.4999432 0.8660582 0 0.4999432 0.8660582 0 0.2588526 0.9659168 0 0.2588526 0.9659168 0 1.158441e-15 1 0 1.158441e-15 1 0 -0.2588526 0.9659168 0 -0.2588526 0.9659168 0 -0.4999432 0.8660582 0 -0.4999432 0.8660582 0 -0.7071068 0.7071068 0 -0.7071068 0.7071068 0 -0.8660582 0.4999432 0 -0.8660582 0.4999432 0 -0.9659168 0.2588526 0 -0.9659168 0.2588526 0 0 0 1 0 0 1 0 0 1 0 0 1 0 0 1 0 0 1 0 0 1 0 0 1 0 0 1 0 0 1 0 0 1 0 0 1 0 0 1 0 0 1 0 0 1 0 0 1 0 0 1 0 0 1 0 0 1 0 0 1 0 0 1 0 0 1 0 0 1 0 0 1 0 0 1 -1 -8.075673e-18 0 -1 8.911088e-18 0 -0.9659168 -0.2588526 0 -0.9659168 -0.2588526 0 -0.8660582 -0.4999432 0 -0.8660582 -0.4999432 0 -0.7071068 -0.7071068 0 -0.7071068 -0.7071068 0 -0.4999432 -0.8660582 0 -0.4999432 -0.8660582 0 -0.2588526 -0.9659168 0 -0.2588526 -0.9659168 0 1.167352e-15 -1 0 1.158441e-15 -1 0 0.2588526 -0.9659168 0 0.2588526 -0.9659168 0 0.4999432 -0.8660582 0 0.4999432 -0.8660582 0 0.7071068 -0.7071068 0 0.7071068 -0.7071068 0 0.8660582 -0.4999432 0 0.8660582 -0.4999432 0 0.9659168 -0.2588526 0 0.9659168 -0.2588526 0 1 0 0 1 0 0 0.9659168 0.2588526 0 0.9659168 0.2588526 0 0.8660582 0.4999432 0 0.8660582 0.4999432 0 0.7071068 0.7071068 0 0.7071068 0.7071068 0 0.4999432 0.8660582 0 0.4999432 0.8660582 0 0.2588526 0.9659168 0 0.2588526 0.9659168 0 1.158441e-15 1 0 1.167352e-15 1 0 -0.2588526 0.9659168 0 -0.2588526 0.9659168 0 -0.4999432 0.8660582 0 -0.4999432 0.8660582 0 -0.7071068 0.7071068 0 -0.7071068 0.7071068 0 -0.8660582 0.4999432 0 -0.8660582 0.4999432 0 -0.9659168 0.2588526 0 -0.9659168 0.2588526 0 0 0 1 0 0 1 0 0 1 0 0 1 0 0 1 0 0 1 0 0 1 0 0 1 0 0 1 0 0 1 0 0 1 0 0 1 0 0 1 0 0 1 0 0 1 0 0 1 0 0 1 0 0 1 0 0 1 0 0 1 0 0 1 0 0 1 0 0 1 0 0 1 0 0 1 -1 -3.046641e-13 0 -1 -3.046697e-13 0 -0.9659144 -0.2588617 0 -0.9659144 -0.2588617 0 -0.8660356 -0.4999824 0 -0.8660356 -0.4999824 0 -0.7071421 -0.7070715 0 -0.7071421 -0.7070715 0 -0.4999623 -0.8660472 0 -0.4999623 -0.8660472 0 -0.2588079 -0.9659288 0 -0.2588079 -0.9659288 0 1.140623e-15 -1 0 1.158445e-15 -1 0 0.2588079 -0.9659288 0 0.2588079 -0.9659288 0 0.4999623 -0.8660472 0 0.4999623 -0.8660472 0 0.7071421 -0.7070715 0 0.7071421 -0.7070715 0 0.8660356 -0.4999824 0 0.8660356 -0.4999824 0 0.9659144 -0.2588617 0 0.9659144 -0.2588617 0 1 -3.052222e-13 0 1 -3.052311e-13 0 0.9659144 0.2588617 0 0.9659144 0.2588617 0 0.8660356 0.4999824 0 0.8660356 0.4999824 0 0.7071421 0.7070715 0 0.7071421 0.7070715 0 0.4999623 0.8660472 0 0.4999623 0.8660472 0 0.2588079 0.9659288 0 0.2588079 0.9659288 0 1.158445e-15 1 0 1.140623e-15 1 0 -0.2588079 0.9659288 0 -0.2588079 0.9659288 0 -0.4999623 0.8660472 0 -0.4999623 0.8660472 0 -0.7071421 0.7070715 0 -0.7071421 0.7070715 0 -0.8660356 0.4999824 0 -0.8660356 0.4999824 0 -0.9659144 0.2588617 0 -0.9659144 0.2588617 0 0 0 1 0 0 1 0 0 1 0 0 1 0 0 1 0 0 1 0 0 1 0 0 1 0 0 1 0 0 1 0 0 1 0 0 1 0 0 1 0 0 1 0 0 1 0 0 1 0 0 1 0 0 1 0 0 1 0 0 1 0 0 1 0 0 1 0 0 1 0 0 1 0 0 1 1 -2.328857e-15 0 1 -2.316883e-15 0 0.9659168 -0.2588526 0 0.9659168 -0.2588526 0 0.8660582 -0.4999432 0 0.8660582 -0.4999432 0 0.7071068 -0.7071068 0 0.7071068 -0.7071068 0 0.4999432 -0.8660582 0 0.4999432 -0.8660582 0 0.2588526 -0.9659168 0 0.2588526 -0.9659168 0 1.256463e-15 -1 0 2.628771e-15 -1 0 -0.2588526 -0.9659168 0 -0.2588526 -0.9659168 0 -0.4999432 -0.8660582 0 -0.4999432 -0.8660582 0 -0.7071068 -0.7071068 0 -0.7071068 -0.7071068 0 -0.8660582 -0.4999432 0 -0.8660582 -0.4999432 0 -0.9659168 -0.2588526 0 -0.9659168 -0.2588526 0 -1 -2.316883e-15 0 -1 -7.217981e-16 0 -0.9659168 0.2588526 0 -0.9659168 0.2588526 0 -0.8660582 0.4999432 0 -0.8660582 0.4999432 0 -0.7071068 0.7071068 0 -0.7071068 0.7071068 0 -0.4999432 0.8660582 0 -0.4999432 0.8660582 0 -0.2588526 0.9659168 0 -0.2588526 0.9659168 0 1.14953e-15 1 0 1.140619e-15 1 0 0.2588526 0.9659168 0 0.2588526 0.9659168 0 0.4999432 0.8660582 0 0.4999432 0.8660582 0 0.7071068 0.7071068 0 0.7071068 0.7071068 0 0.8660582 0.4999432 0 0.8660582 0.4999432 0 0.9659168 0.2588526 0 0.9659168 0.2588526 0 0 0 -1 0 0 -1 0 0 -1 0 0 -1 0 0 -1 0 0 -1 0 0 -1 0 0 -1 0 0 -1 0 0 -1 0 0 -1 0 0 -1 0 0 -1 0 0 -1 0 0 -1 0 0 -1 0 0 -1 0 0 -1 0 0 -1 0 0 -1 0 0 -1 0 0 -1 0 0 -1 0 0 -1 0 0 -1 1 -3.341658e-18 0 1 0 0 0.9659168 -0.2588526 0 0.9659168 -0.2588526 0 0.8660582 -0.4999432 0 0.8660582 -0.4999432 0 0.7071068 -0.7071068 0 0.7071068 -0.7071068 0 0.4999432 -0.8660582 0 0.4999432 -0.8660582 0 0.2588526 -0.9659168 0 0.2588526 -0.9659168 0 1.140619e-15 -1 0 1.158441e-15 -1 0 -0.2588526 -0.9659168 0 -0.2588526 -0.9659168 0 -0.4999432 -0.8660582 0 -0.4999432 -0.8660582 0 -0.7071068 -0.7071068 0 -0.7071068 -0.7071068 0 -0.8660582 -0.4999432 0 -0.8660582 -0.4999432 0 -0.9659168 -0.2588526 0 -0.9659168 -0.2588526 0 -1 8.911088e-18 0 -1 -8.911088e-18 0 -0.9659168 0.2588526 0 -0.9659168 0.2588526 0 -0.8660582 0.4999432 0 -0.8660582 0.4999432 0 -0.7071068 0.7071068 0 -0.7071068 0.7071068 0 -0.4999432 0.8660582 0 -0.4999432 0.8660582 0 -0.2588526 0.9659168 0 -0.2588526 0.9659168 0 1.167352e-15 1 0 1.158441e-15 1 0 0.2588526 0.9659168 0 0.2588526 0.9659168 0 0.4999432 0.8660582 0 0.4999432 0.8660582 0 0.7071068 0.7071068 0 0.7071068 0.7071068 0 0.8660582 0.4999432 0 0.8660582 0.4999432 0 0.9659168 0.2588526 0 0.9659168 0.2588526 0 0 0 -1 0 0 -1 0 0 -1 0 0 -1 0 0 -1 0 0 -1 0 0 -1 0 0 -1 0 0 -1 0 0 -1 0 0 -1 0 0 -1 0 0 -1 0 0 -1 0 0 -1 0 0 -1 0 0 -1 0 0 -1 0 0 -1 0 0 -1 0 0 -1 0 0 -1 0 0 -1 0 0 -1 0 0 -1 1 2.392513e-14 -4.564142e-16 1 -2.31688e-16 4.564142e-16 0.9659144 -0.2588617 -4.564203e-16 0.9659144 -0.2588617 0 0.8660356 -0.4999824 0 0.8660356 -0.4999824 0 0.7071421 -0.7070715 0 0.7071421 -0.7070715 0 0.4999623 -0.8660472 0 0.4999623 -0.8660472 0 0.2588079 -0.9659288 0 0.2588079 -0.9659288 0 1.158445e-15 -1 0 1.140623e-15 -1 0 -0.2588079 -0.9659288 0 -0.2588079 -0.9659288 0 -0.4999623 -0.8660472 0 -0.4999623 -0.8660472 0 -0.7071421 -0.7070715 0 -0.7071421 -0.7070715 0 -0.8660356 -0.4999824 0 -0.8660356 -0.4999824 0 -0.9659144 -0.2588617 0 -0.9659144 -0.2588617 -4.452881e-16 -1 2.336484e-14 4.452821e-16 -1 -2.405991e-16 -4.452821e-16 -0.9659144 0.2588617 4.452881e-16 -0.9659144 0.2588617 0 -0.8660356 0.4999824 0 -0.8660356 0.4999824 0 -0.7071421 0.7070715 0 -0.7071421 0.7070715 0 -0.4999623 0.8660472 0 -0.4999623 0.8660472 0 -0.2588079 0.9659288 0 -0.2588079 0.9659288 0 1.176267e-15 1 0 1.176267e-15 1 0 0.2588079 0.9659288 0 0.2588079 0.9659288 0 0.4999623 0.8660472 0 0.4999623 0.8660472 0 0.7071421 0.7070715 0 0.7071421 0.7070715 0 0.8660356 0.4999824 0 0.8660356 0.4999824 0 0.9659144 0.2588617 0 0.9659144 0.2588617 4.564203e-16 0 0 -1 0 0 -1 0 0 -1 0 0 -1 0 0 -1 0 0 -1 0 0 -1 0 0 -1 0 0 -1 0 0 -1 0 0 -1 0 0 -1 0 0 -1 0 0 -1 0 0 -1 0 0 -1 0 0 -1 0 0 -1 0 0 -1 0 0 -1 0 0 -1 0 0 -1 0 0 -1 0 0 -1 0 0 -1 0 -1 0 0 -1 0 0 -1 0 0 -1 0 0 -1 0 0 -1 0 0 -1 0 0 -1 0 0 0 1 0 0 1 0 0 1 0 0 1 0 1 0 0 1 0 0 0 -1 0 0 -1 0 0 1 0 0 1 0 1 0 0 1 0 -6.938894e-15 -1 0 -6.938894e-15 -1 0 -6.938894e-15 -1 0 -6.938894e-15 -1 0 0 0 -1 0 0 -1 0 0 -1 0 0 -1 5.820054e-16 0 1 5.792207e-16 0 1 -0.2588526 0 0.9659168 -0.2588526 0 0.9659168 -0.4999432 0 0.8660582 -0.4999432 0 0.8660582 -0.7070351 0 0.7071784 -0.7070351 0 0.7071784 -0.8661154 0 0.4998442 -0.8661154 0 0.4998442 -0.965964 0 0.2586766 -0.965964 0 0.2586766 -1 0 -2.316903e-15 -1 0 -2.307992e-15 -0.965964 0 -0.2586766 -0.965964 0 -0.2586766 -0.8662318 0 -0.4996423 -0.8662318 0 -0.4996423 -0.7069849 0 -0.7072287 -0.7069849 0 -0.7072287 -0.4997819 0 -0.8661513 -0.4997819 0 -0.8661513 -0.2588443 0 -0.9659191 -0.2588443 0 -0.9659191 5.702906e-16 0 -1 5.792014e-16 0 -1 0.2588443 0 -0.9659191 0.2588443 0 -0.9659191 0.4998492 0 -0.8661124 0.4998492 0 -0.8661124 0.7070398 0 -0.7071737 0.7070398 0 -0.7071737 0.8661729 0 -0.4997445 0.8661729 0 -0.4997445 0.9659335 0 -0.2587905 0.9659335 0 -0.2587905 1 0 -2.334725e-15 1 0 -2.325814e-15 0.9659335 0 0.2587905 0.9659335 0 0.2587905 0.8660564 0 0.4999463 0.8660564 0 0.4999463 0.7070901 0 0.7071235 0.7070901 0 0.7071235 0.5000105 0 0.8660194 0.5000105 0 0.8660194 0.2588526 0 0.9659168 0.2588526 0 0.9659168 5.75879e-16 0 1 5.792207e-16 0 1 -0.2588526 0 0.9659168 -0.2588526 0 0.9659168 -0.4999432 0 0.8660582 -0.4999432 0 0.8660582 -0.7070351 0 0.7071784 -0.7070351 0 0.7071784 -0.8660665 0 0.4999287 -0.8660665 0 0.4999287 -0.9659474 0 0.2587387 -0.9659474 0 0.2587387 -1 0 1.131708e-15 -1 0 1.140619e-15 -0.9659474 0 -0.2587387 -0.9659474 0 -0.2587387 -0.8660665 0 -0.4999287 -0.8660665 0 -0.4999287 -0.7070351 0 -0.7071784 -0.7070351 0 -0.7071784 -0.4999432 0 -0.8660582 -0.4999432 0 -0.8660582 -0.2588526 0 -0.9659168 -0.2588526 0 -0.9659168 5.792207e-16 0 -1 5.792207e-16 0 -1 0.2588526 0 -0.9659168 0.2588526 0 -0.9659168 0.5000105 0 -0.8660194 0.5000105 0 -0.8660194 0.7070901 0 -0.7071235 0.7070901 0 -0.7071235 0.8660076 0 -0.5000309 0.8660076 0 -0.5000309 0.9659168 0 -0.2588526 0.9659168 0 -0.2588526 1 0 1.14953e-15 1 0 1.14953e-15 0.9659168 0 0.2588526 0.9659168 0 0.2588526 0.8660076 0 0.5000309 0.8660076 0 0.5000309 0.7070901 0 0.7071235 0.7070901 0 0.7071235 0.5000105 0 0.8660194 0.5000105 0 0.8660194 0.2588526 0 0.9659168 0.2588526 0 0.9659168 -0.9920198 0.02796489 0.1229416 -0.958372 0.01471258 0.2851431 -0.9654725 0.004707127 0.2604626 -0.8654555 0.003757784 0.5009717 -0.8470948 0.01351258 0.5312701 -0.7066705 0.002428897 0.7075387 -0.7818992 0.01123449 0.6233037 -0.9205456 0.0182789 0.3902072 -0.9997925 0.0145571 0.01425204 -0.9999238 0.009701031 0.007632605 -0.9907409 0.005605353 -0.1356505 -0.9654479 0.018137 -0.2599641 -0.9632154 0 -0.2687306 -0.9181235 0.00397548 -0.3962744 -0.8652022 0.01518604 -0.5011931 -0.8564773 0 -0.5161847 -0.7798525 0.002328342 -0.625959 -0.7035982 0.006745635 -0.7105661 -0.6552259 0 -0.755433 -0.4999432 0 -0.8660582 -0.4490379 0 -0.8935127 -0.2588526 0 -0.9659168 -0.1973111 0 -0.9803409 2.29015e-15 0 -1 0.2588526 0 -0.9659168 0.1973111 0 -0.9803409 0.4999432 0 -0.8660582 0.4490379 0 -0.8935127 0.7066705 0.002428897 -0.7075387 0.6552259 0 -0.755433 0.8654555 0.003757784 -0.5009717 0.9654725 0.004707127 -0.2604626 0.958372 0.01471258 -0.2851431 0.9205456 0.0182789 -0.3902072 0.8470948 0.01351258 -0.5312701 0.7818992 0.01123449 -0.6233037 0.9654479 0.018137 0.2599641 0.9907409 0.005605353 0.1356505 0.9999238 0.009701031 -0.007632605 0.9997925 0.0145571 -0.01425204 0.9920198 0.02796489 -0.1229416 0.8652022 0.01518604 0.5011931 0.9181235 0.00397548 0.3962744 0.9632154 0 0.2687306 -0.6552259 0 0.755433 -0.4490379 0 0.8935127 -0.4999432 0 0.8660582 -0.1973111 0 0.9803409 -0.2588526 0 0.9659168 2.307972e-15 0 1 0.1973111 0 0.9803409 0.2588526 0 0.9659168 0.4490379 0 0.8935127 0.4999432 0 0.8660582 0.6552259 0 0.755433 0.7035982 0.006745635 0.7105661 0.7798525 0.002328342 0.625959 0.8564773 0 0.5161847 0.9920198 -0.02796489 0.1229416 0.958372 -0.01471258 0.2851431 0.9654725 -0.004707127 0.2604626 0.8654555 -0.003757784 0.5009717 0.8470948 -0.01351258 0.5312701 0.7066705 -0.002428897 0.7075387 0.7818992 -0.01123449 0.6233037 0.9205456 -0.0182789 0.3902072 0.9997925 -0.0145571 0.01425204 0.9999238 -0.009701031 0.007632605 0.9907409 -0.005605353 -0.1356505 0.9654479 -0.018137 -0.2599641 0.9632154 0 -0.2687306 0.9181235 -0.00397548 -0.3962744 0.8652022 -0.01518604 -0.5011931 0.8564773 0 -0.5161847 0.7798525 -0.002328342 -0.625959 0.7035982 -0.006745635 -0.7105661 0.6552259 0 -0.755433 0.4999432 0 -0.8660582 0.4490379 0 -0.8935127 0.2588526 0 -0.9659168 0.1973111 0 -0.9803409 2.316883e-15 0 -1 -0.2588526 0 -0.9659168 -0.1973111 0 -0.9803409 -0.4999432 0 -0.8660582 -0.4490379 0 -0.8935127 -0.7066705 -0.002428897 -0.7075387 -0.6552259 0 -0.755433 -0.8654555 -0.003757784 -0.5009717 -0.9654725 -0.004707127 -0.2604626 -0.958372 -0.01471258 -0.2851431 -0.9205456 -0.0182789 -0.3902072 -0.8470948 -0.01351258 -0.5312701 -0.7818992 -0.01123449 -0.6233037 -0.9654479 -0.018137 0.2599641 -0.9907409 -0.005605353 0.1356505 -0.9999238 -0.009701031 -0.007632605 -0.9997925 -0.0145571 -0.01425204 -0.9920198 -0.02796489 -0.1229416 -0.8652022 -0.01518604 0.5011931 -0.9181235 -0.00397548 0.3962744 -0.9632154 0 0.2687306 0.6552259 0 0.755433 0.4490379 0 0.8935127 0.4999432 0 0.8660582 0.1973111 0 0.9803409 0.2588526 0 0.9659168 2.334705e-15 0 1 -0.1973111 0 0.9803409 -0.2588526 0 0.9659168 -0.4490379 0 0.8935127 -0.4999432 0 0.8660582 -0.6552259 0 0.755433 -0.7035982 -0.006745635 0.7105661 -0.7798525 -0.002328342 0.625959 -0.8564773 0 0.5161847</float_array>
          <technique_common>
            <accessor count="1686" source="#normals-array-array" stride="3">
              <param type="float" name="X"/>
              <param type="float" name="Y"/>
              <param type="float" name="Z"/>
            </accessor>
          </technique_common>
        </source>
        <vertices id="verts-array-vertices">
          <input semantic="POSITION" source="#verts-array"/>
        </vertices>
        <triangles count="1692" material="material0">
          <input offset="0" semantic="VERTEX" source="#verts-array-vertices"/>
          <input offset="1" semantic="NORMAL" source="#normals-array"/>
          <p>0 0 1 1 2 2 3 3 4 4 5 5 6 6 5 5 4 4 2 2 1 1 3 3 7 7 3 3 1 1 3 3 7 7 4 4 0 0 2 2 8 8 9 9 8 8 2 2 8 8 9 9 10 10 11 11 10 10 9 9 10 10 11 11 12 12 12 12 11 11 13 13 14 14 13 13 11 11 13 13 14 14 15 15 15 15 14 14 16 16 17 17 16 16 14 14 16 16 17 17 18 18 19 19 18 18 17 17 18 18 19 19 20 20 21 21 20 20 19 19 20 20 21 21 22 22 23 23 22 22 21 21 22 22 23 23 24 24 25 25 24 24 23 23 24 24 25 25 26 26 27 27 26 26 25 25 26 26 27 27 28 28 29 29 28 28 27 27 28 28 29 29 30 30 31 31 32 32 33 33 33 33 34 34 31 31 35 35 31 31 34 34 31 31 35 35 29 29 36 36 29 29 35 35 29 29 36 36 30 30 37 37 38 38 39 39 40 40 39 39 38 38 39 39 40 40 32 32 41 41 32 32 40 40 32 32 41 41 33 33 42 42 43 43 37 37 44 44 37 37 43 43 37 37 44 44 38 38 6 6 45 45 5 5 46 46 5 5 45 45 5 5 46 46 47 47 48 48 47 47 46 46 47 47 48 48 49 49 50 50 49 49 48 48 49 49 50 50 51 51 52 52 51 51 50 50 51 51 52 52 53 53 54 54 53 53 52 52 53 53 54 54 55 55 56 56 55 55 54 54 55 55 56 56 57 57 58 58 57 57 56 56 57 57 58 58 42 42 59 59 42 42 58 58 42 42 59 59 43 43 60 60 61 61 62 62 63 63 64 64 65 65 66 66 65 65 64 64 62 62 61 61 63 63 67 67 63 63 61 61 63 63 67 67 64 64 60 60 62 62 68 68 69 69 68 68 62 62 68 68 69 69 70 70 71 71 70 70 69 69 70 70 71 71 72 72 72 72 71 71 73 73 74 74 73 73 71 71 73 73 74 74 75 75 75 75 74 74 76 76 77 77 76 76 74 74 76 76 77 77 78 78 79 79 78 78 77 77 78 78 79 79 80 80 81 81 80 80 79 79 80 80 81 81 82 82 83 83 82 82 81 81 82 82 83 83 24 24 84 84 24 24 83 83 24 24 84 84 85 85 86 86 85 85 84 84 85 85 86 86 87 87 88 88 87 87 86 86 87 87 88 88 89 89 90 90 91 91 92 92 92 92 93 93 90 90 94 94 90 90 93 93 90 90 94 94 88 88 95 95 88 88 94 94 88 88 95 95 89 89 96 96 97 97 98 98 99 99 98 98 97 97 98 98 99 99 91 91 100 100 91 91 99 99 91 91 100 100 92 92 101 101 102 102 96 96 103 103 96 96 102 102 96 96 103 103 97 97 66 66 104 104 65 65 105 105 65 65 104 104 65 65 105 105 106 106 107 107 106 106 105 105 106 106 107 107 108 108 50 50 108 108 107 107 108 108 50 50 109 109 110 110 109 109 50 50 109 109 110 110 111 111 112 112 111 111 110 110 111 111 112 112 113 113 114 114 113 113 112 112 113 113 114 114 115 115 116 116 115 115 114 114 115 115 116 116 101 101 117 117 101 101 116 116 101 101 117 117 102 102 118 118 119 119 120 120 121 121 120 120 119 119 120 120 121 121 122 122 123 123 124 124 120 120 125 125 120 120 124 124 120 120 125 125 118 118 126 126 127 127 120 120 128 128 120 120 127 127 120 120 128 128 123 123 129 129 130 130 120 120 131 131 120 120 130 130 120 120 131 131 126 126 132 132 133 133 120 120 134 134 120 120 133 133 120 120 134 134 129 129 135 135 136 136 120 120 137 137 120 120 136 136 120 120 137 137 132 132 138 138 139 139 120 120 140 140 120 120 139 139 120 120 140 140 135 135 122 122 141 141 120 120 142 142 120 120 141 141 120 120 142 142 138 138 143 143 144 144 145 145 146 146 145 145 144 144 145 145 146 146 147 147 148 148 147 147 146 146 147 147 148 148 149 149 150 150 149 149 148 148 149 149 150 150 151 151 152 152 151 151 150 150 151 151 152 152 153 153 154 154 153 153 152 152 153 153 154 154 155 155 156 156 155 155 154 154 155 155 156 156 157 157 158 158 157 157 156 156 157 157 158 158 159 159 160 160 159 159 158 158 159 159 160 160 161 161 162 162 161 161 160 160 161 161 162 162 163 163 164 164 163 163 162 162 163 163 164 164 165 165 166 166 165 165 164 164 165 165 166 166 167 167 168 168 167 167 166 166 167 167 168 168 169 169 170 170 169 169 168 168 169 169 170 170 171 171 172 172 171 171 170 170 171 171 172 172 173 173 174 174 173 173 172 172 173 173 174 174 175 175 176 176 175 175 174 174 175 175 176 176 177 177 178 178 177 177 176 176 177 177 178 178 179 179 180 180 179 179 178 178 179 179 180 180 181 181 182 182 181 181 180 180 181 181 182 182 183 183 184 184 183 183 182 182 183 183 184 184 185 185 186 186 185 185 184 184 185 185 186 186 187 187 188 188 187 187 186 186 187 187 188 188 189 189 190 190 189 189 188 188 189 189 190 190 143 143 144 144 143 143 190 190 191 191 192 192 193 193 194 194 193 193 192 192 193 193 194 194 195 195 196 196 197 197 193 193 198 198 193 193 197 197 193 193 198 198 191 191 199 199 200 200 193 193 201 201 193 193 200 200 193 193 201 201 196 196 202 202 203 203 193 193 204 204 193 193 203 203 193 193 204 204 199 199 205 205 206 206 193 193 207 207 193 193 206 206 193 193 207 207 202 202 208 208 209 209 193 193 210 210 193 193 209 209 193 193 210 210 205 205 211 211 212 212 193 193 213 213 193 193 212 212 193 193 213 213 208 208 195 195 214 214 193 193 215 215 193 193 214 214 193 193 215 215 211 211 216 216 217 217 218 218 219 219 218 218 217 217 218 218 219 219 220 220 221 221 220 220 219 219 220 220 221 221 222 222 223 223 222 222 221 221 222 222 223 223 224 224 225 225 224 224 223 223 224 224 225 225 226 226 227 227 226 226 225 225 226 226 227 227 228 228 229 229 228 228 227 227 228 228 229 229 230 230 231 231 230 230 229 229 230 230 231 231 232 232 233 233 232 232 231 231 232 232 233 233 234 234 235 235 234 234 233 233 234 234 235 235 236 236 237 237 236 236 235 235 236 236 237 237 238 238 239 239 238 238 237 237 238 238 239 239 240 240 241 241 240 240 239 239 240 240 241 241 242 242 243 243 242 242 241 241 242 242 243 243 244 244 245 245 244 244 243 243 244 244 245 245 246 246 247 247 246 246 245 245 246 246 247 247 248 248 249 249 248 248 247 247 248 248 249 249 250 250 251 251 250 250 249 249 250 250 251 251 252 252 253 253 252 252 251 251 252 252 253 253 254 254 255 255 254 254 253 253 254 254 255 255 256 256 257 257 256 256 255 255 256 256 257 257 258 258 259 259 258 258 257 257 258 258 259 259 260 260 261 261 260 260 259 259 260 260 261 261 262 262 263 263 262 262 261 261 262 262 263 263 216 216 217 217 216 216 263 263 264 264 265 265 266 266 267 267 266 266 265 265 266 266 267 267 268 268 269 269 270 270 266 266 271 271 266 266 270 270 266 266 271 271 264 264 272 272 273 273 266 266 274 274 266 266 273 273 266 266 274 274 269 269 275 275 276 276 266 266 277 277 266 266 276 276 266 266 277 277 272 272 278 278 279 279 266 266 280 280 266 266 279 279 266 266 280 280 275 275 281 281 282 282 266 266 283 283 266 266 282 282 266 266 283 283 278 278 284 284 285 285 266 266 286 286 266 266 285 285 266 266 286 286 281 281 268 268 287 287 266 266 288 288 266 266 287 287 266 266 288 288 284 284 289 289 290 290 291 291 292 292 291 291 290 290 291 291 292 292 293 293 294 294 295 295 291 291 296 296 291 291 295 295 291 291 296 296 289 289 297 297 298 298 291 291 299 299 291 291 298 298 291 291 299 299 294 294 300 300 301 301 291 291 302 302 291 291 301 301 291 291 302 302 297 297 303 303 304 304 291 291 305 305 291 291 304 304 291 291 305 305 300 300 306 306 307 307 291 291 308 308 291 291 307 307 291 291 308 308 303 303 309 309 310 310 291 291 311 311 291 291 310 310 291 291 311 311 306 306 293 293 312 312 291 291 313 313 291 291 312 312 291 291 313 313 309 309 314 314 315 315 316 316 317 317 316 316 315 315 316 316 317 317 318 318 319 319 318 318 317 317 318 318 319 319 320 320 321 321 320 320 319 319 320 320 321 321 322 322 323 323 322 322 321 321 322 322 323 323 324 324 325 325 324 324 323 323 324 324 325 325 326 326 327 327 326 326 325 325 326 326 327 327 328 328 329 329 328 328 327 327 328 328 329 329 330 330 331 331 330 330 329 329 330 330 331 331 332 332 333 333 332 332 331 331 332 332 333 333 334 334 335 335 334 334 333 333 334 334 335 335 336 336 337 337 336 336 335 335 336 336 337 337 338 338 339 339 338 338 337 337 338 338 339 339 340 340 341 341 340 340 339 339 340 340 341 341 342 342 343 343 342 342 341 341 342 342 343 343 344 344 345 345 344 344 343 343 344 344 345 345 346 346 347 347 346 346 345 345 346 346 347 347 348 348 349 349 348 348 347 347 348 348 349 349 350 350 351 351 350 350 349 349 350 350 351 351 352 352 353 353 352 352 351 351 352 352 353 353 354 354 355 355 354 354 353 353 354 354 355 355 356 356 357 357 356 356 355 355 356 356 357 357 358 358 359 359 358 358 357 357 358 358 359 359 360 360 361 361 360 360 359 359 360 360 361 361 314 314 315 315 314 314 361 361 362 362 363 363 364 364 365 365 364 364 363 363 364 364 365 365 366 366 367 367 368 368 364 364 369 369 364 364 368 368 364 364 369 369 362 362 370 370 371 371 364 364 372 372 364 364 371 371 364 364 372 372 367 367 373 373 374 374 364 364 375 375 364 364 374 374 364 364 375 375 370 370 376 376 377 377 364 364 378 378 364 364 377 377 364 364 378 378 373 373 379 379 380 380 364 364 381 381 364 364 380 380 364 364 381 381 376 376 382 382 383 383 364 364 384 384 364 364 383 383 364 364 384 384 379 379 366 366 385 385 364 364 386 386 364 364 385 385 364 364 386 386 382 382 387 387 388 388 389 389 390 390 389 389 388 388 389 389 390 390 391 391 392 392 391 391 390 390 391 391 392 392 393 393 394 394 393 393 392 392 393 393 394 394 395 395 396 396 395 395 394 394 395 395 396 396 397 397 398 398 397 397 396 396 397 397 398 398 399 399 400 400 399 399 398 398 399 399 400 400 401 401 402 402 401 401 400 400 401 401 402 402 403 403 404 404 403 403 402 402 403 403 404 404 405 405 406 406 405 405 404 404 405 405 406 406 407 407 408 408 407 407 406 406 407 407 408 408 409 409 410 410 409 409 408 408 409 409 410 410 411 411 412 412 411 411 410 410 411 411 412 412 413 413 414 414 413 413 412 412 413 413 414 414 415 415 416 416 415 415 414 414 415 415 416 416 417 417 418 418 417 417 416 416 417 417 418 418 419 419 420 420 419 419 418 418 419 419 420 420 421 421 422 422 421 421 420 420 421 421 422 422 423 423 424 424 423 423 422 422 423 423 424 424 425 425 426 426 425 425 424 424 425 425 426 426 427 427 428 428 427 427 426 426 427 427 428 428 429 429 430 430 429 429 428 428 429 429 430 430 431 431 432 432 431 431 430 430 431 431 432 432 433 433 434 434 433 433 432 432 433 433 434 434 387 387 388 388 387 387 434 434 435 435 436 436 437 437 435 435 437 437 438 438 439 439 438 438 437 437 438 438 439 439 440 440 441 441 440 440 439 439 440 440 441 441 442 442 443 443 442 442 441 441 442 442 443 443 444 444 445 445 444 444 443 443 444 444 445 445 446 446 447 447 446 446 445 445 446 446 447 447 448 448 449 449 450 450 451 451 449 449 451 451 452 452 453 453 452 452 451 451 452 452 453 453 454 454 455 455 454 454 453 453 454 454 455 455 456 456 457 457 456 456 455 455 456 456 457 457 458 458 459 459 458 458 457 457 458 458 459 459 460 460 461 461 460 460 459 459 460 460 461 461 462 462 463 463 464 464 465 465 466 466 467 467 468 468 469 469 468 468 467 467 470 470 471 471 472 472 473 473 472 472 471 471 472 472 473 473 467 467 474 474 467 467 473 473 467 467 474 474 469 469 465 465 464 464 475 475 476 476 475 475 464 464 475 475 476 476 477 477 466 466 478 478 467 467 479 479 467 467 478 478 467 467 479 479 465 465 480 480 465 465 479 479 465 465 480 480 481 481 481 481 482 482 465 465 483 483 465 465 482 482 465 465 483 483 484 484 485 485 486 486 487 487 488 488 487 487 486 486 487 487 488 488 489 489 487 487 490 490 491 491 484 484 492 492 465 465 493 493 465 465 492 492 465 465 493 493 494 494 494 494 495 495 465 465 496 496 465 465 495 495 465 465 496 496 463 463 497 497 498 498 499 499 500 500 499 499 498 498 499 499 500 500 501 501 502 502 503 503 472 472 504 504 472 472 503 503 472 472 504 504 505 505 487 487 491 491 485 485 506 506 485 485 491 491 485 485 506 506 507 507 477 477 508 508 475 475 509 509 475 475 508 508 475 475 509 509 510 510 501 501 511 511 499 499 512 512 499 499 511 511 499 499 512 512 472 472 513 513 472 472 512 512 472 472 513 513 502 502 492 492 514 514 493 493 515 515 493 493 514 514 493 493 515 515 516 516 517 517 516 516 515 515 516 516 517 517 518 518 487 487 518 518 517 517 518 518 487 487 519 519 489 489 519 519 487 487 470 470 472 472 520 520 505 505 520 520 472 472 520 520 505 505 521 521 522 522 523 523 475 475 505 505 524 524 521 521 525 525 521 521 524 524 521 521 525 525 526 526 527 527 526 526 525 525 526 526 527 527 528 528 490 490 528 528 527 527 528 528 490 490 529 529 487 487 529 529 490 490 510 510 530 530 475 475 531 531 475 475 530 530 475 475 531 531 532 532 523 523 533 533 475 475 534 534 475 475 533 533 475 475 534 534 499 499 535 535 499 499 534 534 499 499 535 535 497 497 522 522 475 475 536 536 532 532 536 536 475 475 536 536 532 532 537 537 538 538 537 537 532 532 537 537 538 538 506 506 539 539 506 506 538 538 506 506 539 539 507 507 540 540 541 541 542 542 543 543 542 542 541 541 544 544 545 545 546 546 547 547 548 548 543 543 549 549 550 550 551 551 547 547 543 543 552 552 553 553 554 554 555 555 556 556 555 555 554 554 549 549 551 551 557 557 558 558 557 557 551 551 557 557 558 558 559 559 545 545 560 560 561 561 562 562 557 557 543 543 563 563 564 564 565 565 565 565 566 566 563 563 567 567 563 563 566 566 563 563 567 567 568 568 556 556 569 569 555 555 570 570 555 555 569 569 555 555 570 570 571 571 551 551 571 571 570 570 571 571 551 551 572 572 550 550 572 572 551 551 544 544 573 573 545 545 574 574 545 545 573 573 545 545 574 574 560 560 575 575 576 576 577 577 578 578 579 579 580 580 581 581 580 580 579 579 580 580 581 581 543 543 582 582 543 543 581 581 543 543 582 582 552 552 548 548 583 583 543 543 584 584 543 543 583 583 543 543 584 584 544 544 559 559 585 585 557 557 586 586 557 557 585 585 557 557 586 586 587 587 561 561 588 588 545 545 589 589 545 545 588 588 545 545 589 589 590 590 575 575 590 590 589 589 590 590 575 575 591 591 577 577 591 591 575 575 546 546 592 592 544 544 593 593 544 544 592 592 544 544 593 593 543 543 594 594 543 543 593 593 543 543 594 594 562 562 568 568 595 595 563 563 596 596 563 563 595 595 563 563 596 596 597 597 598 598 599 599 600 600 587 587 564 564 557 557 563 563 557 557 564 564 557 557 563 563 543 543 601 601 543 543 563 563 543 543 601 601 542 542 553 553 555 555 600 600 602 602 600 600 555 555 600 600 602 602 598 598 603 603 580 580 597 597 603 603 604 604 580 580 605 605 580 580 604 604 580 580 605 605 578 578 596 596 606 606 597 597 607 607 597 597 606 606 597 597 607 607 608 608 609 609 610 610 575 575 611 611 575 575 610 610 575 575 611 611 576 576 608 608 612 612 597 597 613 613 597 597 612 612 597 597 613 613 600 600 599 599 614 614 600 600 615 615 600 600 614 614 600 600 615 615 597 597 616 616 597 597 615 615 597 597 616 616 610 610 609 609 617 617 610 610 618 618 610 610 617 617 610 610 618 618 597 597 619 619 597 597 618 618 597 597 619 619 603 603 620 620 621 621 622 622 623 623 624 624 625 625 626 626 627 627 628 628 629 629 628 628 627 627 628 628 629 629 630 630 631 631 541 541 632 632 622 622 632 632 541 541 632 632 622 622 633 633 621 621 633 633 622 622 634 634 635 635 636 636 637 637 636 636 635 635 634 634 636 636 625 625 638 638 625 625 636 636 625 625 638 638 623 623 630 630 639 639 628 628 640 640 628 628 639 639 628 628 640 640 641 641 636 636 641 641 640 640 641 641 636 636 642 642 637 637 642 642 636 636 643 643 543 543 644 644 645 645 644 644 543 543 580 580 646 646 647 647 631 631 648 648 541 541 649 649 541 541 648 648 541 541 649 649 650 650 650 650 651 651 541 541 652 652 541 541 651 651 541 541 652 652 625 625 643 643 653 653 543 543 654 654 543 543 653 653 543 543 654 654 580 580 655 655 580 580 654 654 580 580 655 655 646 646 624 624 656 656 625 625 657 657 625 625 656 656 625 625 657 657 541 541 658 658 541 541 657 657 541 541 658 658 543 543 659 659 543 543 658 658 543 543 659 659 645 645 660 660 661 661 580 580 662 662 580 580 661 661 580 580 662 662 622 622 663 663 622 622 662 662 622 622 663 663 620 620 647 647 664 664 580 580 665 665 580 580 664 664 580 580 665 665 626 626 628 628 666 666 626 626 667 667 626 626 666 666 626 626 667 667 580 580 668 668 580 580 667 667 580 580 668 668 660 660 669 669 670 670 671 671 672 672 673 673 671 671 674 674 671 671 673 673 671 671 674 674 669 669 675 675 669 669 674 674 669 669 675 675 676 676 677 677 678 678 679 679 676 676 675 675 679 679 680 680 679 679 675 675 679 679 680 680 677 677 681 681 682 682 683 683 684 684 685 685 686 686 681 681 686 686 685 685 686 686 681 681 687 687 683 683 687 687 681 681 687 687 683 683 688 688 689 689 688 688 683 683 689 689 690 690 688 688 691 691 688 688 690 690 688 688 691 691 692 692 693 693 694 694 695 695 696 696 697 697 698 698 699 699 700 700 701 701 702 702 701 701 700 700 703 703 704 704 705 705 706 706 707 707 697 697 695 695 694 694 701 701 708 708 701 701 694 694 701 701 708 708 699 699 703 703 705 705 709 709 704 704 710 710 705 705 711 711 705 705 710 710 705 705 711 711 698 698 712 712 698 698 711 711 698 698 712 712 696 696 713 713 714 714 715 715 716 716 715 715 714 714 715 715 716 716 717 717 718 718 698 698 719 719 720 720 719 719 698 698 695 695 721 721 722 722 702 702 723 723 701 701 724 724 701 701 723 723 701 701 724 724 705 705 725 725 705 705 724 724 705 705 725 725 709 709 717 717 726 726 715 715 727 727 715 715 726 726 715 715 727 727 728 728 729 729 728 728 727 727 728 728 729 729 697 697 730 730 697 697 729 729 697 697 730 730 706 706 707 707 731 731 697 697 732 732 697 697 731 731 697 697 732 732 698 698 733 733 698 698 732 732 698 698 733 733 720 720 734 734 695 695 735 735 736 736 735 735 695 695 713 713 715 715 737 737 738 738 737 737 715 715 737 737 738 738 739 739 734 734 740 740 695 695 741 741 695 695 740 740 695 695 741 741 737 737 739 739 742 742 737 737 743 743 737 737 742 742 737 737 743 743 695 695 744 744 695 695 743 743 695 695 744 744 693 693 695 695 722 722 736 736 745 745 736 736 722 722 736 736 745 745 746 746 721 721 695 695 747 747 748 748 747 747 695 695 747 747 748 748 749 749 750 750 698 698 751 751 718 718 751 751 698 698 751 751 718 718 752 752 746 746 753 753 736 736 754 754 736 736 753 753 736 736 754 754 755 755 756 756 755 755 754 754 755 755 756 756 757 757 758 758 757 757 756 756 757 757 758 758 718 718 759 759 718 718 758 758 718 718 759 759 752 752 750 750 760 760 698 698 761 761 698 698 760 760 698 698 761 761 762 762 763 763 762 762 761 761 762 762 763 763 764 764 764 764 765 765 762 762 766 766 762 762 765 765 762 762 766 766 767 767 768 768 767 767 766 766 767 767 768 768 769 769 770 770 769 769 768 768 769 769 770 770 771 771 772 772 771 771 770 770 773 773 774 774 775 775 776 776 775 775 774 774 775 775 776 776 777 777 778 778 777 777 776 776 777 777 778 778 779 779 780 780 779 779 778 778 779 779 780 780 781 781 771 771 781 781 780 780 781 781 771 771 782 782 772 772 782 782 771 771 782 782 772 772 748 748 783 783 748 748 772 772 748 748 783 783 749 749 773 773 784 784 774 774 785 785 774 774 784 784 774 774 785 785 786 786 673 673 672 672 787 787 475 475 499 499 788 788 789 789 790 790 791 791 475 475 788 788 792 792 793 793 792 792 788 788 792 792 793 793 794 794 795 795 794 794 793 793 794 794 795 795 796 796 797 797 796 796 795 795 796 796 797 797 798 798 799 799 798 798 797 797 798 798 799 799 800 800 801 801 800 800 799 799 800 800 801 801 802 802 789 789 802 802 801 801 802 802 789 789 787 787 791 791 787 787 789 789 787 787 791 791 673 673 791 791 790 790 803 803 804 804 803 803 790 790 803 803 804 804 805 805 806 806 805 805 804 804 806 806 807 807 805 805 808 808 805 805 807 807 805 805 808 808 809 809 809 809 810 810 805 805 811 811 805 805 810 810 805 805 811 811 812 812 813 813 814 814 815 815 816 816 817 817 815 815 818 818 815 815 817 817 815 815 818 818 813 813 819 819 813 813 818 818 813 813 819 819 820 820 819 819 821 821 822 822 822 822 823 823 819 819 824 824 819 819 823 823 819 819 824 824 820 820 817 817 816 816 825 825 826 826 685 685 684 684 684 684 817 817 826 826 825 825 826 826 817 817 826 826 825 825 827 827 828 828 827 827 825 825 827 827 828 828 829 829 830 830 829 829 828 828 829 829 830 830 831 831 832 832 831 831 830 830 831 831 832 832 833 833 834 834 833 833 832 832 833 833 834 834 835 835 836 836 835 835 834 834 835 835 836 836 837 837 838 838 837 837 836 836 839 839 840 840 841 841 839 839 842 842 838 838 843 843 838 838 842 842 838 838 843 843 844 844 845 845 846 846 847 847 848 848 847 847 846 846 847 847 848 848 849 849 844 844 850 850 838 838 851 851 838 838 850 850 838 838 851 851 852 852 853 853 854 854 838 838 855 855 856 856 837 837 857 857 837 837 856 856 837 837 857 857 858 858 858 858 859 859 837 837 860 860 837 837 859 859 837 837 860 860 847 847 861 861 847 847 860 860 847 847 861 861 845 845 852 852 862 862 838 838 863 863 838 838 862 862 838 838 863 863 864 864 854 854 865 865 838 838 866 866 838 838 865 865 838 838 866 866 837 837 867 867 837 837 866 866 837 837 867 867 855 855 841 841 868 868 839 839 869 869 839 839 868 868 839 839 869 869 842 842 841 841 870 870 868 868 871 871 868 868 870 870 868 868 871 871 872 872 873 873 872 872 871 871 853 853 838 838 874 874 864 864 874 874 838 838 874 874 864 864 875 875 876 876 875 875 864 864 875 875 876 876 877 877 878 878 879 879 880 880 875 875 880 880 879 879 880 880 875 875 881 881 847 847 882 882 883 883 884 884 885 885 886 886 887 887 886 886 885 885 886 886 887 887 888 888 888 888 889 889 886 886 890 890 886 886 889 889 886 886 890 890 891 891 892 892 891 891 890 890 891 891 892 892 871 871 893 893 871 871 892 892 871 871 893 893 873 873 877 877 894 894 875 875 884 884 875 875 894 894 875 875 884 884 881 881 886 886 881 881 884 884 883 883 895 895 847 847 896 896 847 847 895 895 847 847 896 896 897 897 882 882 847 847 898 898 849 849 898 898 847 847 898 898 849 849 899 899 849 849 900 900 899 899 901 901 899 899 900 900 899 899 901 901 902 902 903 903 902 902 901 901 902 902 903 903 880 880 904 904 880 880 903 903 880 880 904 904 878 878 897 897 905 905 847 847 906 906 847 847 905 905 847 847 906 906 907 907 906 906 908 908 907 907 909 909 907 907 908 908 907 907 909 909 910 910 910 910 911 911 907 907 912 912 907 907 911 911 907 907 912 912 839 839 913 913 839 839 912 912 839 839 913 913 840 840 914 914 915 915 916 916 917 917 918 918 919 919 920 920 921 921 922 922 914 914 923 923 915 915 924 924 915 915 923 923 915 915 924 924 925 925 926 926 927 927 928 928 929 929 928 928 927 927 928 928 929 929 916 916 930 930 916 916 929 929 916 916 930 930 914 914 926 926 928 928 931 931 932 932 931 931 928 928 931 931 932 932 922 922 933 933 922 922 932 932 922 922 933 933 920 920 934 934 935 935 936 936 937 937 936 936 935 935 936 936 937 937 938 938 938 938 939 939 936 936 940 940 936 936 939 939 936 936 940 940 919 919 941 941 919 919 940 940 919 919 941 941 917 917 942 942 943 943 918 918 944 944 918 918 943 943 918 918 944 944 945 945 916 916 946 946 947 947 925 925 948 948 915 915 949 949 915 915 948 948 915 915 949 949 936 936 950 950 936 936 949 949 936 936 950 950 934 934 921 921 951 951 922 922 952 952 922 922 951 951 922 922 952 952 953 953 942 942 953 953 952 952 953 953 942 942 954 954 918 918 954 954 942 942 955 955 916 916 956 956 957 957 956 956 916 916 955 955 958 958 916 916 959 959 916 916 958 958 916 916 959 959 928 928 945 945 960 960 918 918 961 961 918 918 960 960 918 918 961 961 919 919 962 962 919 919 961 961 919 919 962 962 963 963 916 916 947 947 957 957 964 964 957 957 947 947 957 957 964 964 965 965 963 963 966 966 919 919 967 967 919 919 966 966 919 919 967 967 968 968 969 969 968 968 967 967 965 965 970 970 957 957 971 971 957 957 970 970 957 957 971 971 972 972 973 973 972 972 971 971 972 972 973 973 974 974 975 975 974 974 973 973 974 974 975 975 967 967 976 976 967 967 975 975 967 967 976 976 969 969 968 968 977 977 919 919 978 978 919 919 977 977 919 919 978 978 979 979 980 980 979 979 978 978 979 979 980 980 981 981 982 982 983 983 984 984 985 985 984 984 983 983 984 984 985 985 916 916 986 986 916 916 985 985 916 916 986 986 946 946 987 987 988 988 989 989 990 990 989 989 988 988 989 989 990 990 984 984 991 991 984 984 990 990 984 984 991 991 982 982 992 992 993 993 994 994 995 995 992 992 996 996 994 994 996 996 992 992 996 996 994 994 997 997 998 998 997 997 994 994 997 997 998 998 999 999 1000 1000 999 999 998 998 999 999 1000 1000 1001 1001 1002 1002 1001 1001 1000 1000 1001 1001 1002 1002 1003 1003 1004 1004 1003 1003 1002 1002 1003 1003 1004 1004 1005 1005 987 987 1003 1003 988 988 1005 1005 988 988 1003 1003 988 988 1005 1005 1006 1006 979 979 1006 1006 1005 1005 1006 1006 979 979 1007 1007 981 981 1007 1007 979 979 1008 1008 1009 1009 1010 1010 1011 1011 1010 1010 1009 1009 1010 1010 1011 1011 1012 1012 1013 1013 1012 1012 1011 1011 1012 1012 1013 1013 1014 1014 1015 1015 1014 1014 1013 1013 1014 1014 1015 1015 1016 1016 1017 1017 1016 1016 1015 1015 1016 1016 1017 1017 1018 1018 1019 1019 1018 1018 1017 1017 1018 1018 1019 1019 1020 1020 1021 1021 1020 1020 1019 1019 1020 1020 1021 1021 1022 1022 1023 1023 1022 1022 1021 1021 1022 1022 1023 1023 1024 1024 1025 1025 1024 1024 1023 1023 1024 1024 1025 1025 1026 1026 1027 1027 1026 1026 1025 1025 1026 1026 1027 1027 1028 1028 1029 1029 1028 1028 1027 1027 1028 1028 1029 1029 1030 1030 1031 1031 1030 1030 1029 1029 1030 1030 1031 1031 1032 1032 1033 1033 1032 1032 1031 1031 1032 1032 1033 1033 1034 1034 1035 1035 1034 1034 1033 1033 1034 1034 1035 1035 1036 1036 1037 1037 1036 1036 1035 1035 1036 1036 1037 1037 1038 1038 1039 1039 1038 1038 1037 1037 1038 1038 1039 1039 1040 1040 1041 1041 1040 1040 1039 1039 1040 1040 1041 1041 1042 1042 1043 1043 1042 1042 1041 1041 1042 1042 1043 1043 1044 1044 1045 1045 1044 1044 1043 1043 1044 1044 1045 1045 1046 1046 1047 1047 1046 1046 1045 1045 1046 1046 1047 1047 1048 1048 1049 1049 1048 1048 1047 1047 1048 1048 1049 1049 1050 1050 1051 1051 1050 1050 1049 1049 1050 1050 1051 1051 1052 1052 1053 1053 1052 1052 1051 1051 1052 1052 1053 1053 1054 1054 1055 1055 1054 1054 1053 1053 1054 1054 1055 1055 1008 1008 1009 1009 1008 1008 1055 1055 1056 1056 1057 1057 1058 1058 1059 1059 1058 1058 1057 1057 1058 1058 1059 1059 1060 1060 1061 1061 1062 1062 1058 1058 1063 1063 1058 1058 1062 1062 1058 1058 1063 1063 1056 1056 1064 1064 1065 1065 1058 1058 1066 1066 1058 1058 1065 1065 1058 1058 1066 1066 1061 1061 1067 1067 1068 1068 1058 1058 1069 1069 1058 1058 1068 1068 1058 1058 1069 1069 1064 1064 1070 1070 1071 1071 1058 1058 1072 1072 1058 1058 1071 1071 1058 1058 1072 1072 1067 1067 1073 1073 1074 1074 1058 1058 1075 1075 1058 1058 1074 1074 1058 1058 1075 1075 1070 1070 1076 1076 1077 1077 1058 1058 1078 1078 1058 1058 1077 1077 1058 1058 1078 1078 1073 1073 1060 1060 1079 1079 1058 1058 1080 1080 1058 1058 1079 1079 1058 1058 1080 1080 1076 1076 1081 1081 1082 1082 1083 1083 1084 1084 1083 1083 1082 1082 1083 1083 1084 1084 1085 1085 1086 1086 1085 1085 1084 1084 1085 1085 1086 1086 1087 1087 1088 1088 1087 1087 1086 1086 1087 1087 1088 1088 1089 1089 1090 1090 1089 1089 1088 1088 1089 1089 1090 1090 1091 1091 1092 1092 1091 1091 1090 1090 1091 1091 1092 1092 1093 1093 1094 1094 1093 1093 1092 1092 1093 1093 1094 1094 1095 1095 1096 1096 1095 1095 1094 1094 1095 1095 1096 1096 1097 1097 1098 1098 1097 1097 1096 1096 1097 1097 1098 1098 1099 1099 1100 1100 1099 1099 1098 1098 1099 1099 1100 1100 1101 1101 1102 1102 1101 1101 1100 1100 1101 1101 1102 1102 1103 1103 1104 1104 1103 1103 1102 1102 1103 1103 1104 1104 1105 1105 1106 1106 1105 1105 1104 1104 1105 1105 1106 1106 1107 1107 1108 1108 1107 1107 1106 1106 1107 1107 1108 1108 1109 1109 1110 1110 1109 1109 1108 1108 1109 1109 1110 1110 1111 1111 1112 1112 1111 1111 1110 1110 1111 1111 1112 1112 1113 1113 1114 1114 1113 1113 1112 1112 1113 1113 1114 1114 1115 1115 1116 1116 1115 1115 1114 1114 1115 1115 1116 1116 1117 1117 1118 1118 1117 1117 1116 1116 1117 1117 1118 1118 1119 1119 1120 1120 1119 1119 1118 1118 1119 1119 1120 1120 1121 1121 1122 1122 1121 1121 1120 1120 1121 1121 1122 1122 1123 1123 1124 1124 1123 1123 1122 1122 1123 1123 1124 1124 1125 1125 1126 1126 1125 1125 1124 1124 1125 1125 1126 1126 1127 1127 1128 1128 1127 1127 1126 1126 1127 1127 1128 1128 1081 1081 1082 1082 1081 1081 1128 1128 1129 1129 1130 1130 1131 1131 1132 1132 1131 1131 1130 1130 1131 1131 1132 1132 1133 1133 1134 1134 1135 1135 1131 1131 1136 1136 1131 1131 1135 1135 1131 1131 1136 1136 1129 1129 1137 1137 1138 1138 1131 1131 1139 1139 1131 1131 1138 1138 1131 1131 1139 1139 1134 1134 1140 1140 1141 1141 1131 1131 1142 1142 1131 1131 1141 1141 1131 1131 1142 1142 1137 1137 1143 1143 1144 1144 1131 1131 1145 1145 1131 1131 1144 1144 1131 1131 1145 1145 1140 1140 1146 1146 1147 1147 1131 1131 1148 1148 1131 1131 1147 1147 1131 1131 1148 1148 1143 1143 1149 1149 1150 1150 1131 1131 1151 1151 1131 1131 1150 1150 1131 1131 1151 1151 1146 1146 1133 1133 1152 1152 1131 1131 1153 1153 1131 1131 1152 1152 1131 1131 1153 1153 1149 1149 1154 1154 1155 1155 1156 1156 1157 1157 1156 1156 1155 1155 1156 1156 1157 1157 1158 1158 1159 1159 1158 1158 1157 1157 1158 1158 1159 1159 1160 1160 1161 1161 1160 1160 1159 1159 1160 1160 1161 1161 1162 1162 1163 1163 1162 1162 1161 1161 1162 1162 1163 1163 1164 1164 1165 1165 1164 1164 1163 1163 1164 1164 1165 1165 1166 1166 1167 1167 1166 1166 1165 1165 1166 1166 1167 1167 1168 1168 1169 1169 1168 1168 1167 1167 1168 1168 1169 1169 1170 1170 1171 1171 1170 1170 1169 1169 1170 1170 1171 1171 1172 1172 1173 1173 1172 1172 1171 1171 1172 1172 1173 1173 1174 1174 1175 1175 1174 1174 1173 1173 1174 1174 1175 1175 1176 1176 1177 1177 1176 1176 1175 1175 1176 1176 1177 1177 1178 1178 1179 1179 1178 1178 1177 1177 1178 1178 1179 1179 1180 1180 1181 1181 1180 1180 1179 1179 1180 1180 1181 1181 1182 1182 1183 1183 1182 1182 1181 1181 1182 1182 1183 1183 1184 1184 1185 1185 1184 1184 1183 1183 1184 1184 1185 1185 1186 1186 1187 1187 1186 1186 1185 1185 1186 1186 1187 1187 1188 1188 1189 1189 1188 1188 1187 1187 1188 1188 1189 1189 1190 1190 1191 1191 1190 1190 1189 1189 1190 1190 1191 1191 1192 1192 1193 1193 1192 1192 1191 1191 1192 1192 1193 1193 1194 1194 1195 1195 1194 1194 1193 1193 1194 1194 1195 1195 1196 1196 1197 1197 1196 1196 1195 1195 1196 1196 1197 1197 1198 1198 1199 1199 1198 1198 1197 1197 1198 1198 1199 1199 1200 1200 1201 1201 1200 1200 1199 1199 1200 1200 1201 1201 1154 1154 1155 1155 1154 1154 1201 1201 1202 1202 1203 1203 1204 1204 1205 1205 1204 1204 1203 1203 1204 1204 1205 1205 1206 1206 1207 1207 1208 1208 1204 1204 1209 1209 1204 1204 1208 1208 1204 1204 1209 1209 1202 1202 1210 1210 1211 1211 1204 1204 1212 1212 1204 1204 1211 1211 1204 1204 1212 1212 1207 1207 1213 1213 1214 1214 1204 1204 1215 1215 1204 1204 1214 1214 1204 1204 1215 1215 1210 1210 1216 1216 1217 1217 1204 1204 1218 1218 1204 1204 1217 1217 1204 1204 1218 1218 1213 1213 1219 1219 1220 1220 1204 1204 1221 1221 1204 1204 1220 1220 1204 1204 1221 1221 1216 1216 1222 1222 1223 1223 1204 1204 1224 1224 1204 1204 1223 1223 1204 1204 1224 1224 1219 1219 1206 1206 1225 1225 1204 1204 1226 1226 1204 1204 1225 1225 1204 1204 1226 1226 1222 1222 1227 1227 1228 1228 1229 1229 1230 1230 1229 1229 1228 1228 1229 1229 1230 1230 1231 1231 1232 1232 1231 1231 1230 1230 1231 1231 1232 1232 1233 1233 1234 1234 1233 1233 1232 1232 1233 1233 1234 1234 1235 1235 1236 1236 1235 1235 1234 1234 1235 1235 1236 1236 1237 1237 1238 1238 1237 1237 1236 1236 1237 1237 1238 1238 1239 1239 1240 1240 1239 1239 1238 1238 1239 1239 1240 1240 1241 1241 1242 1242 1241 1241 1240 1240 1241 1241 1242 1242 1243 1243 1244 1244 1243 1243 1242 1242 1243 1243 1244 1244 1245 1245 1246 1246 1245 1245 1244 1244 1245 1245 1246 1246 1247 1247 1248 1248 1247 1247 1246 1246 1247 1247 1248 1248 1249 1249 1250 1250 1249 1249 1248 1248 1249 1249 1250 1250 1251 1251 1252 1252 1251 1251 1250 1250 1251 1251 1252 1252 1253 1253 1254 1254 1253 1253 1252 1252 1253 1253 1254 1254 1255 1255 1256 1256 1255 1255 1254 1254 1255 1255 1256 1256 1257 1257 1258 1258 1257 1257 1256 1256 1257 1257 1258 1258 1259 1259 1260 1260 1259 1259 1258 1258 1259 1259 1260 1260 1261 1261 1262 1262 1261 1261 1260 1260 1261 1261 1262 1262 1263 1263 1264 1264 1263 1263 1262 1262 1263 1263 1264 1264 1265 1265 1266 1266 1265 1265 1264 1264 1265 1265 1266 1266 1267 1267 1268 1268 1267 1267 1266 1266 1267 1267 1268 1268 1269 1269 1270 1270 1269 1269 1268 1268 1269 1269 1270 1270 1271 1271 1272 1272 1271 1271 1270 1270 1271 1271 1272 1272 1273 1273 1274 1274 1273 1273 1272 1272 1273 1273 1274 1274 1227 1227 1228 1228 1227 1227 1274 1274 1275 1275 1276 1276 1277 1277 1278 1278 1277 1277 1276 1276 1277 1277 1278 1278 1279 1279 1280 1280 1281 1281 1277 1277 1282 1282 1277 1277 1281 1281 1277 1277 1282 1282 1275 1275 1283 1283 1284 1284 1277 1277 1285 1285 1277 1277 1284 1284 1277 1277 1285 1285 1280 1280 1286 1286 1287 1287 1277 1277 1288 1288 1277 1277 1287 1287 1277 1277 1288 1288 1283 1283 1289 1289 1290 1290 1277 1277 1291 1291 1277 1277 1290 1290 1277 1277 1291 1291 1286 1286 1292 1292 1293 1293 1277 1277 1294 1294 1277 1277 1293 1293 1277 1277 1294 1294 1289 1289 1295 1295 1296 1296 1277 1277 1297 1297 1277 1277 1296 1296 1277 1277 1297 1297 1292 1292 1279 1279 1298 1298 1277 1277 1299 1299 1277 1277 1298 1298 1277 1277 1299 1299 1295 1295 1300 1300 1301 1301 1302 1302 1303 1303 1302 1302 1301 1301 1302 1302 1303 1303 1304 1304 1305 1305 1304 1304 1303 1303 1304 1304 1305 1305 1306 1306 1307 1307 1306 1306 1305 1305 1306 1306 1307 1307 1308 1308 1309 1309 1308 1308 1307 1307 1308 1308 1309 1309 1310 1310 1311 1311 1310 1310 1309 1309 1310 1310 1311 1311 1312 1312 1313 1313 1312 1312 1311 1311 1312 1312 1313 1313 1314 1314 1315 1315 1314 1314 1313 1313 1314 1314 1315 1315 1316 1316 1317 1317 1316 1316 1315 1315 1316 1316 1317 1317 1318 1318 1319 1319 1318 1318 1317 1317 1318 1318 1319 1319 1320 1320 1321 1321 1320 1320 1319 1319 1320 1320 1321 1321 1322 1322 1323 1323 1322 1322 1321 1321 1322 1322 1323 1323 1324 1324 1325 1325 1324 1324 1323 1323 1324 1324 1325 1325 1326 1326 1327 1327 1326 1326 1325 1325 1326 1326 1327 1327 1328 1328 1329 1329 1328 1328 1327 1327 1328 1328 1329 1329 1330 1330 1331 1331 1330 1330 1329 1329 1330 1330 1331 1331 1332 1332 1333 1333 1332 1332 1331 1331 1332 1332 1333 1333 1334 1334 1335 1335 1334 1334 1333 1333 1334 1334 1335 1335 1336 1336 1337 1337 1336 1336 1335 1335 1336 1336 1337 1337 1338 1338 1339 1339 1338 1338 1337 1337 1338 1338 1339 1339 1340 1340 1341 1341 1340 1340 1339 1339 1340 1340 1341 1341 1342 1342 1343 1343 1342 1342 1341 1341 1342 1342 1343 1343 1344 1344 1345 1345 1344 1344 1343 1343 1344 1344 1345 1345 1346 1346 1347 1347 1346 1346 1345 1345 1346 1346 1347 1347 1300 1300 1301 1301 1300 1300 1347 1347 1348 1348 1349 1349 1350 1350 1351 1351 1350 1350 1349 1349 1350 1350 1351 1351 1352 1352 1353 1353 1354 1354 1350 1350 1355 1355 1350 1350 1354 1354 1350 1350 1355 1355 1348 1348 1356 1356 1357 1357 1350 1350 1358 1358 1350 1350 1357 1357 1350 1350 1358 1358 1353 1353 1359 1359 1360 1360 1350 1350 1361 1361 1350 1350 1360 1360 1350 1350 1361 1361 1356 1356 1362 1362 1363 1363 1350 1350 1364 1364 1350 1350 1363 1363 1350 1350 1364 1364 1359 1359 1365 1365 1366 1366 1350 1350 1367 1367 1350 1350 1366 1366 1350 1350 1367 1367 1362 1362 1368 1368 1369 1369 1350 1350 1370 1370 1350 1350 1369 1369 1350 1350 1370 1370 1365 1365 1352 1352 1371 1371 1350 1350 1372 1372 1350 1350 1371 1371 1350 1350 1372 1372 1368 1368 1373 1373 1374 1374 1375 1375 1376 1376 1375 1375 1374 1374 1375 1375 1376 1376 1377 1377 1378 1378 1377 1377 1376 1376 1377 1377 1378 1378 1379 1379 1380 1380 1379 1379 1378 1378 1379 1379 1380 1380 1381 1381 1382 1382 1381 1381 1380 1380 1381 1381 1382 1382 1383 1383 1384 1384 1383 1383 1382 1382 1383 1383 1384 1384 1385 1385 1386 1386 1385 1385 1384 1384 1385 1385 1386 1386 1387 1387 1388 1388 1387 1387 1386 1386 1387 1387 1388 1388 1389 1389 1390 1390 1389 1389 1388 1388 1389 1389 1390 1390 1391 1391 1392 1392 1391 1391 1390 1390 1391 1391 1392 1392 1393 1393 1394 1394 1393 1393 1392 1392 1393 1393 1394 1394 1395 1395 1396 1396 1395 1395 1394 1394 1395 1395 1396 1396 1397 1397 1398 1398 1397 1397 1396 1396 1397 1397 1398 1398 1399 1399 1400 1400 1399 1399 1398 1398 1399 1399 1400 1400 1401 1401 1402 1402 1401 1401 1400 1400 1401 1401 1402 1402 1403 1403 1404 1404 1403 1403 1402 1402 1403 1403 1404 1404 1405 1405 1406 1406 1405 1405 1404 1404 1405 1405 1406 1406 1407 1407 1408 1408 1407 1407 1406 1406 1407 1407 1408 1408 1409 1409 1410 1410 1409 1409 1408 1408 1409 1409 1410 1410 1411 1411 1412 1412 1411 1411 1410 1410 1411 1411 1412 1412 1413 1413 1414 1414 1413 1413 1412 1412 1413 1413 1414 1414 1415 1415 1416 1416 1415 1415 1414 1414 1415 1415 1416 1416 1417 1417 1418 1418 1417 1417 1416 1416 1417 1417 1418 1418 1419 1419 1420 1420 1419 1419 1418 1418 1419 1419 1420 1420 1373 1373 1374 1374 1373 1373 1420 1420 1421 1421 1422 1422 1423 1423 1424 1424 1423 1423 1422 1422 1423 1423 1424 1424 1425 1425 1426 1426 1427 1427 1423 1423 1428 1428 1423 1423 1427 1427 1423 1423 1428 1428 1421 1421 1429 1429 1430 1430 1423 1423 1431 1431 1423 1423 1430 1430 1423 1423 1431 1431 1426 1426 1432 1432 1433 1433 1423 1423 1434 1434 1423 1423 1433 1433 1423 1423 1434 1434 1429 1429 1435 1435 1436 1436 1423 1423 1437 1437 1423 1423 1436 1436 1423 1423 1437 1437 1432 1432 1438 1438 1439 1439 1423 1423 1440 1440 1423 1423 1439 1439 1423 1423 1440 1440 1435 1435 1441 1441 1442 1442 1423 1423 1443 1443 1423 1423 1442 1442 1423 1423 1443 1443 1438 1438 1425 1425 1444 1444 1423 1423 1445 1445 1423 1423 1444 1444 1423 1423 1445 1445 1441 1441 1446 1446 1447 1447 1448 1448 1449 1449 1448 1448 1447 1447 1450 1450 1451 1451 1452 1452 1453 1453 1452 1452 1451 1451 1454 1454 1455 1455 1456 1456 1457 1457 1456 1456 1455 1455 447 447 1458 1458 448 448 1459 1459 448 448 1458 1458 435 435 1460 1460 436 436 1461 1461 436 436 1460 1460 449 449 1462 1462 450 450 1463 1463 450 450 1462 1462 461 461 1464 1464 462 462 1465 1465 462 462 1464 1464 1466 1466 1467 1467 1468 1468 1469 1469 1468 1468 1467 1467 1470 1470 1471 1471 1472 1472 1473 1473 1472 1472 1471 1471 1474 1474 1475 1475 1476 1476 1477 1477 1476 1476 1475 1475 1476 1476 1477 1477 1478 1478 1479 1479 1478 1478 1477 1477 1478 1478 1479 1479 1480 1480 1481 1481 1480 1480 1479 1479 1480 1480 1481 1481 1482 1482 1483 1483 1482 1482 1481 1481 1482 1482 1483 1483 1484 1484 1485 1485 1484 1484 1483 1483 1484 1484 1485 1485 1486 1486 1487 1487 1486 1486 1485 1485 1486 1486 1487 1487 1488 1488 1489 1489 1488 1488 1487 1487 1488 1488 1489 1489 1490 1490 1491 1491 1490 1490 1489 1489 1490 1490 1491 1491 1492 1492 1493 1493 1492 1492 1491 1491 1492 1492 1493 1493 1494 1494 1495 1495 1494 1494 1493 1493 1494 1494 1495 1495 1496 1496 1497 1497 1496 1496 1495 1495 1496 1496 1497 1497 1498 1498 1499 1499 1498 1498 1497 1497 1498 1498 1499 1499 1500 1500 1501 1501 1500 1500 1499 1499 1500 1500 1501 1501 1502 1502 1503 1503 1502 1502 1501 1501 1502 1502 1503 1503 1504 1504 1505 1505 1504 1504 1503 1503 1504 1504 1505 1505 1506 1506 1507 1507 1506 1506 1505 1505 1506 1506 1507 1507 1508 1508 1509 1509 1508 1508 1507 1507 1508 1508 1509 1509 1510 1510 1511 1511 1510 1510 1509 1509 1510 1510 1511 1511 1512 1512 1513 1513 1512 1512 1511 1511 1512 1512 1513 1513 1514 1514 1515 1515 1514 1514 1513 1513 1514 1514 1515 1515 1516 1516 1517 1517 1516 1516 1515 1515 1516 1516 1517 1517 1518 1518 1519 1519 1518 1518 1517 1517 1518 1518 1519 1519 1520 1520 1521 1521 1520 1520 1519 1519 1520 1520 1521 1521 1474 1474 1475 1475 1474 1474 1521 1521 1522 1522 1523 1523 1524 1524 1525 1525 1524 1524 1523 1523 1524 1524 1525 1525 1526 1526 1527 1527 1526 1526 1525 1525 1526 1526 1527 1527 1528 1528 1529 1529 1528 1528 1527 1527 1528 1528 1529 1529 1530 1530 1531 1531 1530 1530 1529 1529 1530 1530 1531 1531 1532 1532 1533 1533 1532 1532 1531 1531 1532 1532 1533 1533 1534 1534 1535 1535 1534 1534 1533 1533 1534 1534 1535 1535 1536 1536 1537 1537 1536 1536 1535 1535 1536 1536 1537 1537 1538 1538 1539 1539 1538 1538 1537 1537 1538 1538 1539 1539 1540 1540 1541 1541 1540 1540 1539 1539 1540 1540 1541 1541 1542 1542 1543 1543 1542 1542 1541 1541 1542 1542 1543 1543 1544 1544 1545 1545 1544 1544 1543 1543 1544 1544 1545 1545 1546 1546 1547 1547 1546 1546 1545 1545 1546 1546 1547 1547 1548 1548 1549 1549 1548 1548 1547 1547 1548 1548 1549 1549 1550 1550 1551 1551 1550 1550 1549 1549 1550 1550 1551 1551 1552 1552 1553 1553 1552 1552 1551 1551 1552 1552 1553 1553 1554 1554 1555 1555 1554 1554 1553 1553 1554 1554 1555 1555 1556 1556 1557 1557 1556 1556 1555 1555 1556 1556 1557 1557 1558 1558 1559 1559 1558 1558 1557 1557 1558 1558 1559 1559 1560 1560 1561 1561 1560 1560 1559 1559 1560 1560 1561 1561 1562 1562 1563 1563 1562 1562 1561 1561 1562 1562 1563 1563 1564 1564 1565 1565 1564 1564 1563 1563 1564 1564 1565 1565 1566 1566 1567 1567 1566 1566 1565 1565 1566 1566 1567 1567 1568 1568 1569 1569 1568 1568 1567 1567 1568 1568 1569 1569 1522 1522 1523 1523 1522 1522 1569 1569 1570 1570 1571 1571 1572 1572 1573 1573 1574 1574 1575 1575 1576 1576 1575 1575 1574 1574 1572 1572 1571 1571 1573 1573 1577 1577 1573 1573 1571 1571 1573 1573 1577 1577 1574 1574 1570 1570 1572 1572 1578 1578 1579 1579 1578 1578 1572 1572 1578 1578 1579 1579 1580 1580 1581 1581 1580 1580 1579 1579 1580 1580 1581 1581 1582 1582 1582 1582 1581 1581 1583 1583 1584 1584 1583 1583 1581 1581 1583 1583 1584 1584 1585 1585 1585 1585 1584 1584 1586 1586 1587 1587 1586 1586 1584 1584 1586 1586 1587 1587 1588 1588 1589 1589 1588 1588 1587 1587 1588 1588 1589 1589 1590 1590 1591 1591 1590 1590 1589 1589 1590 1590 1591 1591 1592 1592 1593 1593 1592 1592 1591 1591 1592 1592 1593 1593 50 50 1594 1594 50 50 1593 1593 50 50 1594 1594 1595 1595 1596 1596 1595 1595 1594 1594 1595 1595 1596 1596 1597 1597 1598 1598 1597 1597 1596 1596 1597 1597 1598 1598 1599 1599 1600 1600 1601 1601 1602 1602 1602 1602 1603 1603 1600 1600 1604 1604 1600 1600 1603 1603 1600 1600 1604 1604 1598 1598 1605 1605 1598 1598 1604 1604 1598 1598 1605 1605 1599 1599 1606 1606 1607 1607 1608 1608 1609 1609 1608 1608 1607 1607 1608 1608 1609 1609 1601 1601 1610 1610 1601 1601 1609 1609 1601 1601 1610 1610 1602 1602 1611 1611 1612 1612 1606 1606 1613 1613 1606 1606 1612 1612 1606 1606 1613 1613 1607 1607 1576 1576 1614 1614 1575 1575 1615 1615 1575 1575 1614 1614 1575 1575 1615 1615 1616 1616 1617 1617 1616 1616 1615 1615 1616 1616 1617 1617 1618 1618 24 24 1618 1618 1617 1617 1618 1618 24 24 1619 1619 1620 1620 1619 1619 24 24 1619 1619 1620 1620 1621 1621 1622 1622 1621 1621 1620 1620 1621 1621 1622 1622 1623 1623 1624 1624 1623 1623 1622 1622 1623 1623 1624 1624 1625 1625 1626 1626 1625 1625 1624 1624 1625 1625 1626 1626 1611 1611 1627 1627 1611 1611 1626 1626 1611 1611 1627 1627 1612 1612 1628 1628 1629 1629 1630 1630 1631 1631 1632 1632 1633 1633 1634 1634 1633 1633 1632 1632 1630 1630 1629 1629 1631 1631 1635 1635 1631 1631 1629 1629 1631 1631 1635 1635 1632 1632 1628 1628 1630 1630 1636 1636 1637 1637 1636 1636 1630 1630 1636 1636 1637 1637 1638 1638 1639 1639 1638 1638 1637 1637 1638 1638 1639 1639 1640 1640 1640 1640 1639 1639 1641 1641 1642 1642 1641 1641 1639 1639 1641 1641 1642 1642 1643 1643 1643 1643 1642 1642 1644 1644 1645 1645 1644 1644 1642 1642 1644 1644 1645 1645 1646 1646 1647 1647 1646 1646 1645 1645 1646 1646 1647 1647 1648 1648 1649 1649 1648 1648 1647 1647 1648 1648 1649 1649 1650 1650 1651 1651 1650 1650 1649 1649 1650 1650 1651 1651 50 50 1652 1652 50 50 1651 1651 50 50 1652 1652 1653 1653 1654 1654 1653 1653 1652 1652 1653 1653 1654 1654 1655 1655 1656 1656 1655 1655 1654 1654 1655 1655 1656 1656 1657 1657 1658 1658 1659 1659 1660 1660 1660 1660 1661 1661 1658 1658 1662 1662 1658 1658 1661 1661 1658 1658 1662 1662 1656 1656 1663 1663 1656 1656 1662 1662 1656 1656 1663 1663 1657 1657 1664 1664 1665 1665 1666 1666 1667 1667 1666 1666 1665 1665 1666 1666 1667 1667 1659 1659 1668 1668 1659 1659 1667 1667 1659 1659 1668 1668 1660 1660 1669 1669 1670 1670 1664 1664 1671 1671 1664 1664 1670 1670 1664 1664 1671 1671 1665 1665 1634 1634 1672 1672 1633 1633 1673 1673 1633 1633 1672 1672 1633 1633 1673 1673 1674 1674 1675 1675 1674 1674 1673 1673 1674 1674 1675 1675 1676 1676 24 24 1676 1676 1675 1675 1676 1676 24 24 1677 1677 1678 1678 1677 1677 24 24 1677 1677 1678 1678 1679 1679 1680 1680 1679 1679 1678 1678 1679 1679 1680 1680 1681 1681 1682 1682 1681 1681 1680 1680 1681 1681 1682 1682 1683 1683 1684 1684 1683 1683 1682 1682 1683 1683 1684 1684 1669 1669 1685 1685 1669 1669 1684 1684 1669 1669 1685 1685 1670 1670</p>
        </triangles>
      </mesh>
    </geometry>
  </library_geometries>
  <library_materials>
    <material id="fec4d8b481ae4f679e1667e5441f0698" name="defaultmaterial">
      <instance_effect url="#075e1aa3b7254ee7949571fceb39d866"/>
    </material>
  </library_materials>
  <library_visual_scenes>
    <visual_scene id="scene">
      <node id="node0" name="node0">
        <instance_geometry url="#6f86dc444d794bd48cc7f3a5a1d4110c">
          <bind_material>
            <technique_common>
              <instance_material symbol="material0" target="#fec4d8b481ae4f679e1667e5441f0698"/>
            </technique_common>
          </bind_material>
        </instance_geometry>
      </node>
    </visual_scene>
  </library_visual_scenes>
  <scene>
    <instance_visual_scene url="#scene"/>
  </scene>
</COLLADA>
