<COLLADA xmlns="http://www.collada.org/2005/11/COLLADASchema" version="1.4.1">
  <asset>
    <created>2026-09-13T16:25:54.293576</created>
    <modified>2026-09-13T16:25:54.293576</modified>
    <up_axis>Y_UP</up_axis>
  </asset>
  <library_effects>
    <effect id="cf55f3fadfd54dd4abbf8034a05a136f" name="cf55f3fadfd54dd4abbf8034a05a136f">
      <profile_COMMON>
        <technique sid="common">
          <phong>
            <emission>
              <color>0.0 0.0 0.0 1.0</color>
            </emission>
            <ambient>
              <color>0.0 0.0 0.0 1.0</color>
            </ambient>
            <diffuse>
              <color>0.792156862745098 0.8196078431372549 0.9333333333333333 1.0</color>
            </diffuse>
            <specular>
              <color>0.0 0.0 0.0 1.0</color>
            </specular>
            <shininess>
              <float>0.0</float>
            </shininess>
            <reflective>
              <color>0.0 0.0 0.0 1.0</color>
            </reflective>
            <reflectivity>
              <float>0.0</float>
            </reflectivity>
            <transparent>
              <color>0.0 0.0 0.0 1.0</color>
            </transparent>
            <transparency>
              <float>1.0</float>
            </transparency>
          </phong>
        </technique>
        <extra>
          <technique profile="GOOGLEEARTH">
            <double_sided>0</double_sided>
          </technique>
        </extra>
      </profile_COMMON>
    </effect>
  </library_effects>
  <library_geometries>
    <geometry id="f3353c314fc54d8eba68e14729f7b9af" name="9b820048f2e54013bca453f32dc04ff9">
      <mesh>
        <source id="verts-array">
          <float_array count="13854" id="verts-array-array">0.006224995 0.03152241 -0.05334109 0.006224995 0.03246471 -0.05334109 0.006224995 0.03246471 -0.05154619 0.006224995 0.04281371 -0.06944509 0.006224995 0.04306371 -0.06944509 0.006224995 0.04306371 -0.06813349 0.006224995 0.03255821 -0.04130739 0.006224995 0.03246471 -0.04096989 0.006224995 0.03246471 -0.04229739 0.006224995 0.03504481 -0.06293628 0.006224995 0.03504481 -0.06324827 0.006224995 0.03603201 -0.06338508 0.006224995 0.03486981 -0.03829689 0.006224995 0.03472791 -0.03844189 0.006224995 0.03504481 -0.03848749 0.006224995 0.03299401 -0.03882889 0.006224995 0.03246471 -0.03927339 0.006224995 0.03504481 -0.03912129 0.006224995 0.03603201 -0.03927339 0.006224995 0.03603201 -0.03600509 0.006224995 0.03262301 -0.03682649 0.006224995 0.03278431 -0.03660209 0.006224995 0.03246471 -0.03600509 0.006224995 0.03299291 -0.03642899 0.006224995 0.03323811 -0.03630999 0.006224995 0.03279561 -0.03816709 0.006224995 0.03261431 -0.03790379 0.006224995 0.03260931 -0.03813009 0.006224995 0.03246471 -0.03807509 0.006224995 0.03251981 -0.03765069 0.006224995 0.03248711 -0.03737269 0.006224995 0.03252511 -0.03707489 0.006224995 0.03352561 -0.03624659 0.006224995 0.03366711 -0.03623969 0.006224995 0.03403211 -0.03628889 0.006224995 0.03435551 -0.03642599 0.006224995 0.03496261 -0.03710029 0.006224995 0.03506561 -0.03742339 0.006224995 0.03463271 -0.03663329 0.006224995 0.03477311 -0.03678769 0.006224995 0.03508971 -0.03767979 0.006224995 0.03506241 -0.03792049 0.006224995 0.03499141 -0.03811569 0.006224995 0.03205311 -0.03617449 0.006224995 0.03233221 -0.03672619 0.006224995 0.03155531 -0.03689769 0.006224995 0.03166191 -0.03661849 0.006224995 0.03152241 -0.03600509 0.006224995 0.03182761 -0.03636979 0.006224995 0.03199321 -0.03621529 0.006224995 0.03220281 -0.03689289 0.006224995 0.03212391 -0.03707549 0.006224995 0.03232311 -0.03798659 0.006224995 0.03208331 -0.03737199 0.006224995 0.03224731 -0.03790529 0.006224995 0.03210401 -0.03758989 0.006224995 0.03216071 -0.03776329 0.006224995 0.03208731 -0.03727769 0.006224995 0.03243151 -0.03806249 0.006224995 0.03152241 -0.03717039 0.006224995 -0.01252629 -0.03600509 0.006224995 0.03149991 -0.03735589 0.006224995 0.03259181 -0.03876319 0.006224995 0.03246471 -0.03872819 0.006224995 0.03152241 -0.03927339 0.006224995 0.03219961 -0.03865499 0.006224995 0.03197831 -0.03851669 0.006224995 0.03178491 -0.03831399 0.006224995 0.03162021 -0.03803069 0.006224995 0.03152951 -0.03771559 0.006224995 0.03152241 -0.03762839 0.006224995 0.03248711 -0.04472609 0.006224995 0.03248711 -0.04420719 0.006224995 0.03246471 -0.04420719 0.006224995 0.03248711 -0.04409219 0.006224995 0.03496611 -0.04372109 0.006224995 0.03506051 -0.04396399 0.006224995 0.03603201 -0.04420719 0.006224995 0.03417801 -0.04343599 0.006224995 0.03402011 -0.04336379 0.006224995 0.03338431 -0.04323529 0.006224995 0.03476221 -0.04343389 0.006224995 0.03504481 -0.04347379 0.006224995 0.03504481 -0.04283999 0.006224995 0.03603201 -0.04229739 0.006224995 0.03248711 -0.04247679 0.006224995 0.03248711 -0.04311069 0.006224995 0.03338031 -0.04323479 0.006224995 0.03330301 -0.04420719 0.006224995 0.03430961 -0.04353739 0.006224995 0.03446891 -0.04416399 0.006224995 0.03449331 -0.04409479 0.006224995 0.03450631 -0.04397019 0.006224995 0.03448081 -0.04381099 0.006224995 0.03441521 -0.04367149 0.006224995 0.03444211 -0.04420719 0.006224995 0.03389501 -0.04429069 0.006224995 0.03404811 -0.04430979 0.006224995 0.03420211 -0.04431939 0.006224995 0.03428241 -0.04431169 0.006224995 0.03434381 -0.04429169 0.006224995 0.03439341 -0.04426079 0.006224995 0.03443511 -0.04421859 0.006224995 0.03508971 -0.04684689 0.006224995 0.03506011 -0.04708789 0.006224995 0.03603201 -0.04782009 0.006224995 0.03255471 -0.04606029 0.006224995 0.03267831 -0.04587429 0.006224995 0.03287841 -0.04569099 0.006224995 0.03498301 -0.04728769 0.006224995 0.03485551 -0.04746959 0.006224995 0.03466411 -0.04762799 0.006224995 0.03508971 -0.04419809 0.006224995 0.03508871 -0.04420719 0.006224995 0.03506771 -0.04440749 0.006224995 0.03500961 -0.04457209 0.006224995 0.03490581 -0.04472829 0.006224995 0.03503691 -0.04647449 0.006224995 0.03485381 -0.04478199 0.006224995 0.03471111 -0.04488639 0.006224995 0.03456861 -0.04494379 0.006224995 0.03436541 -0.04562769 0.006224995 0.03466051 -0.04584799 0.006224995 0.03508871 -0.04679989 0.006224995 0.03468111 -0.04586839 0.006224995 0.03489521 -0.04614769 0.006224995 0.03312671 -0.04554719 0.006224995 0.03343661 -0.04545629 0.006224995 0.03392651 -0.04492869 0.006224995 0.03366641 -0.04543839 0.006224995 0.03414541 -0.04495579 0.006224995 0.03403611 -0.04548929 0.006224995 0.03436541 -0.04496929 0.006224995 0.03440971 -0.04496779 0.006224995 0.03248711 -0.05046399 0.006224995 0.03279981 -0.05050819 0.006224995 0.03258131 -0.05023949 0.006224995 0.03247421 -0.04944939 0.006224995 0.03255221 -0.04923699 0.006224995 0.03246471 -0.04854189 0.006224995 0.03268581 -0.04904149 0.006224995 0.03288551 -0.04886589 0.006224995 0.03313411 -0.04872739 0.006224995 0.03437981 -0.04881899 0.006224995 0.03466121 -0.04902769 0.006224995 0.03603201 -0.04854189 0.006224995 0.03488281 -0.04930159 0.006224995 0.03344011 -0.04864159 0.006224995 0.03366641 -0.04862429 0.006224995 0.03403831 -0.04867499 0.006224995 0.03506011 -0.05025059 0.006224995 0.03498251 -0.05045309 0.006224995 0.03504481 -0.05082719 0.006224995 0.03486641 -0.05062059 0.006224995 0.03468581 -0.05077599 0.006224995 0.03503031 -0.04962109 0.006224995 0.03508761 -0.04993449 0.006224995 0.03508971 -0.05000829 0.006224995 0.03603201 -0.05154619 0.006224995 0.03504481 -0.05146169 0.006224995 0.03248711 -0.05109849 0.006224995 0.03246471 -0.04953259 0.006224995 0.03152241 -0.04854189 0.006224995 0.03244221 -0.04972929 0.006224995 0.03244741 -0.04984009 0.006224995 0.03152241 -0.05154619 0.006224995 0.03246471 -0.04992259 0.006224995 0.03504481 -0.05542519 0.006224995 0.03504481 -0.05609539 0.006224995 0.03603201 -0.05682459 0.006224995 0.03246471 -0.05390249 0.006224995 0.03283351 -0.05412039 0.006224995 0.03504481 -0.05337509 0.006224995 0.03154481 -0.05335899 0.006224995 0.03154481 -0.05402919 0.006224995 0.03152241 -0.05682459 0.006224995 0.03246471 -0.05457229 0.006224995 0.03246471 -0.05682459 0.006224995 0.03242271 -0.06094575 0.006224995 0.03246471 -0.06083814 0.006224995 0.03246471 -0.06004415 0.006224995 0.03248901 -0.06077568 0.006224995 0.03260021 -0.06061868 0.006224995 0.03274301 -0.06049267 0.006224995 0.03300781 -0.06035159 0.006224995 0.03506721 -0.06046132 0.006224995 0.03546421 -0.06065036 0.006224995 0.03603201 -0.06004415 0.006224995 0.03572741 -0.06085178 0.006224995 0.03587211 -0.06102346 0.006224995 0.03336391 -0.06026638 0.006224995 0.03370991 -0.06024607 0.006224995 0.03439811 -0.0602947 0.006224995 0.03239741 -0.06115262 0.006224995 0.03152241 -0.06004415 0.006224995 0.03240031 -0.06123415 0.006224995 0.03152241 -0.06272138 0.006224995 0.03244621 -0.06147002 0.006224995 0.03246471 -0.06151063 0.006224995 0.03598661 -0.06200965 0.006224995 0.03588981 -0.06215102 0.006224995 0.03603201 -0.06272138 0.006224995 0.03468091 -0.0625794 0.006224995 0.03386131 -0.06249441 0.006224995 0.03246471 -0.06272138 0.006224995 0.03569661 -0.06232704 0.006224995 0.03548241 -0.06244497 0.006224995 0.03512591 -0.06254538 0.006224995 0.03255521 -0.06170964 0.006224995 0.03267731 -0.06188089 0.006224995 0.03323581 -0.06228043 0.006224995 0.03290241 -0.06208509 0.006224995 0.03782031 -0.06272138 0.006224995 0.03605211 -0.06184149 0.006224995 0.03603201 -0.06189306 0.006224995 0.03601171 -0.06128528 0.006224995 0.03603201 -0.06136845 0.006224995 0.03782031 -0.06004415 0.006224995 0.03607101 -0.06152895 0.006224995 0.03607681 -0.0616399 0.006224995 0.03392651 -0.06678123 0.006224995 0.03248711 -0.0665786 0.006224995 0.03246471 -0.06813349 0.006224995 0.03248711 -0.06594479 0.006224995 0.03246471 -0.06430557 0.006224995 0.03476291 -0.06528223 0.006224995 0.03496861 -0.0655749 0.006224995 0.03603201 -0.06546033 0.006224995 0.03506101 -0.06581623 0.006224995 0.03506771 -0.06625852 0.006224995 0.03500981 -0.06642422 0.006224995 0.03603201 -0.06813349 0.006224995 0.03508971 -0.06604856 0.006224995 0.03447751 -0.0659978 0.006224995 0.03449821 -0.0659243 0.006224995 0.03428241 -0.06616425 0.006224995 0.03491851 -0.06656587 0.006224995 0.03481251 -0.06667066 0.006224995 0.03468121 -0.0667544 0.006224995 0.03452451 -0.06680667 0.006224995 0.03436541 -0.06682189 0.006224995 0.03414541 -0.06680837 0.006224995 0.03448791 -0.06568789 0.006224995 0.03443271 -0.06555392 0.006224995 0.03420211 -0.06617195 0.006224995 0.03450631 -0.0658242 0.006224995 0.03433761 -0.06541868 0.006224995 0.03421951 -0.06531559 0.006224995 0.03404811 -0.06616238 0.006224995 0.03434401 -0.06614411 0.006224995 0.03439931 -0.06610867 0.006224995 0.03444141 -0.0660636 0.006224995 0.03607681 -0.06546662 0.006224995 0.03782031 -0.06813349 0.006224995 0.03607681 -0.06483281 0.006224995 0.03782031 -0.06430557 0.006224995 0.03603201 -0.06482652 0.006224995 0.03603201 -0.06430557 0.006224995 0.03248711 -0.0643294 0.006224995 0.03248711 -0.06496322 0.006224995 0.03339931 -0.06509082 0.006224995 0.03389501 -0.06614321 0.006224995 0.03349481 -0.06510471 0.006224995 0.03404751 -0.06522676 0.006224995 -0.007526292 -0.05682459 0.006224995 -0.007526292 -0.06004415 0.006224995 -0.007526292 -0.06272138 0.006224995 -0.007526292 -0.06430557 0.006224995 0.03152241 -0.06430557 0.006224995 -0.007526292 -0.06813349 0.006224995 0.03152241 -0.06813349 0.006224995 -0.007526292 -0.06944509 0.006224995 0.03152241 -0.06944509 0.006224995 -0.01252629 -0.04854189 0.006224995 -0.01252629 -0.04944509 0.006224995 -0.007526292 -0.04944509 0.006224995 0.03782031 -0.04229739 0.006224995 0.03961011 -0.04229739 0.006224995 0.03956371 -0.04194509 0.006224995 0.03976471 -0.04119509 0.006224995 0.04000301 -0.04088439 0.006224995 0.03782031 -0.03927339 0.006224995 0.04031371 -0.04064609 0.006224995 0.04067551 -0.04049619 0.006224995 0.03961481 -0.04155689 0.006224995 0.04106371 -0.04044509 0.006224995 0.04145191 -0.04049619 0.006224995 0.04281371 -0.03927339 0.006224995 0.04181371 -0.04064609 0.006224995 0.04212441 -0.04088439 0.006224995 0.04256371 -0.04194509 0.006224995 0.04281371 -0.04229739 0.006224995 0.04251261 -0.04155689 0.006224995 0.04236271 -0.04119509 0.006224995 0.04067551 -0.04339399 0.006224995 0.04031371 -0.04324409 0.006224995 0.03782031 -0.04420719 0.006224995 0.04106371 -0.04344509 0.006224995 0.04000301 -0.04300579 0.006224995 0.03976471 -0.04269509 0.006224995 0.03961481 -0.04233329 0.006224995 0.04251731 -0.04229739 0.006224995 0.04251261 -0.04233329 0.006224995 0.04281371 -0.04420719 0.006224995 0.04236271 -0.04269509 0.006224995 0.04212441 -0.04300579 0.006224995 0.04181371 -0.04324409 0.006224995 0.04145191 -0.04339399 0.006224995 0.03603201 0.06955491 0.006224995 0.03246471 0.06955491 0.006224995 0.03246471 0.03755491 0.006224995 0.03152241 0.03755491 0.006224995 0.03152241 0.06955491 0.006224995 0.001473708 0.03755491 0.006224995 -0.01252629 0.06955491 0.006224995 0.001473708 0.03005491 0.006224995 -0.01252629 0.03005491 0.006224995 -0.01252629 0.01055491 0.006224995 0.001473708 0.01055491 0.006224995 -0.01252629 -0.008445093 0.006224995 0.001473708 -0.008445093 0.006224995 0.03603201 -0.008445093 0.006224995 0.03306371 -0.008445093 0.006224995 0.03306371 -0.01544509 0.006224995 0.03603201 0.01055491 0.006224995 0.03306371 0.01055491 0.006224995 0.03306371 0.03755491 0.006224995 0.03306371 0.03005491 0.006224995 0.03603201 0.03005491 0.006224995 0.03248711 -0.06352662 0.006224995 0.03248711 -0.06289351 0.006224995 0.03450631 -0.06317325 0.006224995 0.03450631 -0.06380637 0.006224995 0.03450631 -0.06420601 0.006224995 0.03504481 -0.06428173 0.006224995 0.03504481 -0.06388139 0.006224995 0.03450631 -0.06286336 0.006224995 0.03607681 -0.0633913 0.006224995 0.03607681 -0.06402442 0.006224995 0.03603201 -0.0640182 0.006224995 0.03543961 -0.05801839 0.006224995 0.03564301 -0.05811859 0.006224995 0.03582181 -0.05827039 0.006224995 0.03410251 -0.05856269 0.006224995 0.03351921 -0.05755379 0.006224995 0.03409331 -0.05866239 0.006224995 0.03351921 -0.05818199 0.006224995 0.03517941 -0.05795759 0.006224995 0.03584971 -0.05830229 0.006224995 0.03598231 -0.05850819 0.006224995 0.03603201 -0.05866229 0.006224995 0.03251291 -0.05810399 0.006224995 0.03265781 -0.05789839 0.006224995 0.03284841 -0.05773489 0.006224995 0.03307451 -0.05762359 0.006224995 0.03349741 -0.05916469 0.006224995 0.03358021 -0.05916919 0.006224995 0.03517941 -0.05858579 0.006224995 0.03464091 -0.05863629 0.006224995 0.03332441 -0.05756549 0.006224995 0.03537071 -0.05866459 0.006224995 0.03530301 -0.05862249 0.006224995 0.03502381 -0.05920029 0.006224995 0.03520241 -0.05859069 0.006224995 0.03491331 -0.05916099 0.006224995 0.03481811 -0.05909679 0.006224995 0.03465441 -0.05879549 0.006224995 0.03468951 -0.05891819 0.006224995 0.03474081 -0.05901209 0.006224995 0.03332081 -0.05821819 0.006224995 0.03320741 -0.05826259 0.006224995 0.03314061 -0.05830679 0.006224995 0.03371871 -0.05915049 0.006224995 0.03383341 -0.05910259 0.006224995 0.03393761 -0.05902599 0.006224995 0.03319191 -0.05905689 0.006224995 0.03299631 -0.05879219 0.006224995 0.03309121 -0.05897069 0.006224995 0.03303201 -0.05888659 0.006224995 0.03298661 -0.05858189 0.006224995 0.03298071 -0.05866359 0.006224995 0.03333741 -0.05912969 0.006224995 0.03400791 -0.05894129 0.006224995 0.03405611 -0.05883909 0.006224995 0.03532651 -0.05917739 0.006224995 0.03548741 -0.05898169 0.006224995 0.03524811 -0.05920449 0.006224995 0.03515141 -0.05921399 0.006224995 0.03548341 -0.05883549 0.006224995 0.03545601 -0.05876589 0.006224995 0.03541311 -0.05870399 0.006224995 0.03306271 -0.05839099 0.006224995 0.03301381 -0.05848019 0.006224995 0.03538641 -0.05913979 0.006224995 0.03544051 -0.05908509 0.006224995 0.03547071 -0.05903509 0.006224995 0.03549351 -0.05892239 0.006224995 0.03247101 -0.05903619 0.006224995 0.03246471 -0.05900939 0.006224995 0.03240661 -0.05876239 0.006224995 0.03239741 -0.05860199 0.006224995 0.03242941 -0.05832519 0.006224995 0.03246471 -0.05823179 0.006224995 0.03495551 -0.05981 0.006224995 0.03402751 -0.059666 0.006224995 0.03385371 -0.05974857 0.006224995 0.03366101 -0.05979145 0.006224995 0.03354651 -0.05979735 0.006224995 0.03324401 -0.05975816 0.006224995 0.03301231 -0.05966446 0.006224995 0.03280061 -0.05951315 0.006224995 0.03259231 -0.05927349 0.006224995 0.03597701 -0.05937409 0.006224995 0.03585661 -0.05954531 0.006224995 0.03570791 -0.05967404 0.006224995 0.03552281 -0.0597741 0.006224995 0.03473851 -0.05971634 0.006224995 0.03454891 -0.05957291 0.006224995 0.03418761 -0.05953563 0.006224995 0.03434861 -0.05932759 0.006224995 0.03518641 -0.05984222 0.006224995 0.03533311 -0.05982984 0.006224995 0.03782031 -0.05682459 0.006224995 0.03605581 -0.05873619 0.006224995 0.03607681 -0.05895809 0.006224995 0.03604911 -0.05918739 0.006224995 0.03603201 -0.05923159 0.006224995 0.03246471 -0.04676519 0.006224995 0.03244541 -0.04665599 0.006224995 0.03152241 -0.04420719 0.006224995 0.03244221 -0.04656929 0.006224995 0.03246471 -0.04636879 0.006224995 0.03248711 -0.04732299 0.006224995 0.03279421 -0.04736649 0.006224995 0.03257111 -0.04707679 0.006224995 0.03248491 -0.04688009 0.006224995 0.03248711 -0.04795609 0.006224995 0.03603201 -0.04845319 0.006224995 0.03607681 -0.04845949 0.006224995 0.03782031 -0.04854189 0.006224995 0.03607681 -0.04782639 0.006224995 0.03460431 -0.04187429 0.006224995 0.03430521 -0.04203259 0.006224995 0.03255841 -0.04007159 0.006224995 0.03268871 -0.03985269 0.006224995 0.03287151 -0.03966619 0.006224995 0.03310001 -0.03952779 0.006224995 0.03505431 -0.04119319 0.006224995 0.03495941 -0.04145909 0.006224995 0.03479831 -0.04170039 0.006224995 0.03341851 -0.04007489 0.006224995 0.03330221 -0.04012229 0.006224995 0.03303071 -0.04057669 0.006224995 0.03399061 -0.04210849 0.006224995 0.03382201 -0.04211789 0.006224995 0.03369261 -0.04211129 0.006224995 0.03356401 -0.04209399 0.006224995 0.03305831 -0.04094139 0.006224995 0.03314281 -0.04115389 0.006224995 0.03356401 -0.04005379 0.006224995 0.03324361 -0.04130459 0.006224995 0.03296181 -0.04185359 0.006224995 0.03272581 -0.04160979 0.006224995 0.03401081 -0.03947179 0.006224995 0.03362711 -0.03942559 0.006224995 0.03334841 -0.03945099 0.006224995 0.03321061 -0.04018779 0.006224995 0.03312641 -0.04028689 0.006224995 0.03306961 -0.04040129 0.006224995 0.03302561 -0.04068269 0.006224995 0.03431711 -0.03958959 0.006224995 0.03459531 -0.03978309 0.006224995 0.03483131 -0.04004309 0.006224995 0.03498661 -0.04032209 0.006224995 0.03507471 -0.04064939 0.006224995 0.03508971 -0.04086919 0.006224995 0.03246381 -0.04096689 0.006224995 0.03152241 -0.04229739 0.006224995 0.03244221 -0.04068269 0.006224995 0.03246471 -0.04044239 0.006224995 0.03247411 -0.04034089 0.006224995 0.03460431 -0.03559229 0.006224995 0.03430521 -0.03575049 0.006224995 0.03255841 -0.03378949 0.006224995 0.03268871 -0.03357059 0.006224995 0.03246471 -0.03298649 0.006224995 0.03287151 -0.03338409 0.006224995 0.03310001 -0.03324579 0.006224995 0.03505431 -0.03491109 0.006224995 0.03495941 -0.03517709 0.006224995 0.03479831 -0.03541839 0.006224995 0.03341851 -0.03379279 0.006224995 0.03330221 -0.03384019 0.006224995 0.03303071 -0.03429469 0.006224995 0.03399061 -0.03582649 0.006224995 0.03382201 -0.03583579 0.006224995 0.03369261 -0.03582919 0.006224995 0.03356401 -0.03581199 0.006224995 0.03305831 -0.03465929 0.006224995 0.03314281 -0.03487179 0.006224995 0.03356401 -0.03377169 0.006224995 0.03324361 -0.03502249 0.006224995 0.03296181 -0.03557149 0.006224995 0.03272581 -0.03532769 0.006224995 0.03255821 -0.03502529 0.006224995 0.03401081 -0.03318969 0.006224995 0.03603201 -0.03298649 0.006224995 0.03362711 -0.03314349 0.006224995 0.03334841 -0.03316889 0.006224995 0.03321061 -0.03390579 0.006224995 0.03312641 -0.03400489 0.006224995 0.03306961 -0.03411919 0.006224995 0.03302561 -0.03440059 0.006224995 0.03431711 -0.03330749 0.006224995 0.03459531 -0.03350099 0.006224995 0.03483131 -0.03376109 0.006224995 0.03498661 -0.03404009 0.006224995 0.03507471 -0.03436739 0.006224995 0.03508971 -0.03458709 0.006224995 0.03246471 -0.03468779 0.006224995 0.03246381 -0.03468479 0.006224995 0.03244221 -0.03440059 0.006224995 0.03152241 -0.03298649 0.006224995 0.03246471 -0.03416039 0.006224995 0.03247411 -0.03405889 0.006224995 0.03782031 -0.06944509 0.006224995 0.03603201 -0.06944509 0.006224995 0.03246471 -0.06944509 0.006224995 0.03249181 -0.05005249 0.006224995 -0.007526292 -0.05334109 0.006224995 0.03507731 -0.05323699 0.006224995 0.03504481 -0.05332319 0.006224995 0.03603201 -0.05334109 0.006224995 0.03499431 -0.05282489 0.006224995 0.03505761 -0.05295399 0.006224995 0.03349461 -0.05451019 0.006224995 0.03504481 -0.05398789 0.006224995 0.03447551 -0.05307499 0.006224995 0.03508601 -0.05308239 0.006224995 0.03508971 -0.05314579 0.006224995 0.03504481 -0.05258279 0.006224995 0.03468581 -0.05253719 0.006224995 0.03488911 -0.05269599 0.006224995 0.03504481 -0.05199389 0.006224995 0.03248711 -0.05163069 0.006224995 0.03248711 -0.05226449 0.006224995 0.03344201 -0.05239279 0.006224995 0.03428321 -0.05261999 0.006224995 0.03414261 -0.05254979 0.006224995 0.03388901 -0.05247239 0.006224995 0.03449541 -0.05302189 0.006224995 0.03450631 -0.05296629 0.006224995 0.03449371 -0.05287699 0.006224995 0.03446231 -0.05280119 0.006224995 0.03439891 -0.05271709 0.006224995 0.03782031 -0.05154619 0.006224995 0.03782031 -0.05334109 0.006224995 0.04281371 -0.04854189 0.006224995 0.04281371 -0.05154619 0.006224995 0.04281371 -0.05334109 0.006224995 0.04281371 -0.05682459 0.006224995 0.04281371 -0.06004415 0.006224995 0.04281371 -0.06272138 0.006224995 0.04281371 -0.06430557 0.006224995 0.04281371 -0.06813349 0.006224995 0.03247431 -0.04628239 0.006224995 -0.01252629 -0.03927339 0.006224995 -0.01252629 -0.04229739 0.006224995 -0.01252629 -0.04420719 0.006224995 -0.007526292 -0.05154619 0.006224995 -0.01252629 -0.03298649 0.006224995 0.03782031 -0.02673979 0.006224995 0.03782031 -0.03298649 0.006224995 0.03782031 -0.03600509 0.006224995 0.03598711 -0.03152529 0.006224995 0.03598711 -0.03216049 0.006224995 0.03603201 -0.02673979 0.006224995 0.03248711 -0.03103449 0.006224995 0.03246471 -0.02673979 0.006224995 0.03248711 -0.03275369 0.006224995 0.03307041 -0.03282939 0.006224995 0.03307041 -0.03175109 0.006224995 -0.01252629 -0.02673979 0.006224995 0.03152241 -0.02673979 0.006224995 0.04251261 -0.02133329 0.006224995 0.04236271 -0.02169509 0.006224995 0.04281371 -0.02673979 0.006224995 0.04212441 -0.02200579 0.006224995 0.04181371 -0.02224409 0.006224995 0.04145191 -0.02239399 0.006224995 0.04106371 -0.02244509 0.006224995 0.04281371 -0.03298649 0.006224995 0.04281371 -0.03600509 0.006224995 0.04067551 -0.02239399 0.006224995 0.04031371 -0.02224409 0.006224995 0.04000301 -0.02200579 0.006224995 0.03961481 -0.02055689 0.006224995 0.03976471 -0.02019509 0.006224995 0.03782031 -0.008445093 0.006224995 0.04000301 -0.01988439 0.006224995 0.04031371 -0.01964609 0.006224995 0.04256371 -0.02094509 0.006224995 0.04281371 -0.008445093 0.006224995 0.04251261 -0.02055689 0.006224995 0.03976471 -0.02169509 0.006224995 0.03961481 -0.02133329 0.006224995 0.03956371 -0.02094509 0.006224995 0.04181371 -0.01964609 0.006224995 0.04212441 -0.01988439 0.006224995 0.04236271 -0.02019509 0.006224995 0.04067551 -0.01949619 0.006224995 0.04106371 -0.01944509 0.006224995 0.04145191 -0.01949619 0.006224995 0.03782031 0.01055491 0.006224995 0.03782031 0.03005491 0.006224995 0.04281371 0.01055491 0.006224995 0.04256371 5.490713e-05 0.006224995 0.04251261 -0.0003332929 0.006224995 0.04236271 -0.0006950929 0.006224995 0.04145191 0.001503807 0.006224995 0.04181371 0.001353907 0.006224995 0.04212441 0.001115607 0.006224995 0.04212441 -0.001005793 0.006224995 0.04181371 -0.001244093 0.006224995 0.04145191 -0.001393993 0.006224995 0.03961481 0.0004431071 0.006224995 0.03976471 0.0008049071 0.006224995 0.04000301 0.001115607 0.006224995 0.04236271 0.0008049071 0.006224995 0.04251261 0.0004431071 0.006224995 0.04106371 -0.001445093 0.006224995 0.04031371 0.001353907 0.006224995 0.04067551 0.001503807 0.006224995 0.04106371 0.001554907 0.006224995 0.04067551 -0.001393993 0.006224995 0.04031371 -0.001244093 0.006224995 0.04000301 -0.001005793 0.006224995 0.03976471 -0.0006950929 0.006224995 0.03961481 -0.0003332929 0.006224995 0.03956371 5.490713e-05 0.006224995 0.001473708 -0.01544509 0.006224995 0.03152241 -0.01544509 0.006224995 0.03246471 -0.01544509 0.006224995 0.04067551 0.02250381 0.006224995 0.04106371 0.02255491 0.006224995 0.04281371 0.03005491 0.006224995 0.04236271 0.02030491 0.006224995 0.04212441 0.01999421 0.006224995 0.04181371 0.01975591 0.006224995 0.03976471 0.02180491 0.006224995 0.04000301 0.02211561 0.006224995 0.04031371 0.02235391 0.006224995 0.04212441 0.02211561 0.006224995 0.04236271 0.02180491 0.006224995 0.04251261 0.02144311 0.006224995 0.04256371 0.02105491 0.006224995 0.04251261 0.02066671 0.006224995 0.04145191 0.02250381 0.006224995 0.04181371 0.02235391 0.006224995 0.04031371 0.01975591 0.006224995 0.04000301 0.01999421 0.006224995 0.03976471 0.02030491 0.006224995 0.03961481 0.02066671 0.006224995 0.03956371 0.02105491 0.006224995 0.03961481 0.02144311 0.006224995 0.04145191 0.01960601 0.006224995 0.04106371 0.01955491 0.006224995 0.04067551 0.01960601 0.006224995 0.03782031 0.06955491 0.006224995 0.04281371 0.06955491 0.006224995 0.04256371 0.04205491 0.006224995 0.04251261 0.04166691 0.006224995 0.04236271 0.04130491 0.006224995 0.04145191 0.04350391 0.006224995 0.04181371 0.04335391 0.006224995 0.04212441 0.04311591 0.006224995 0.04212441 0.04099391 0.006224995 0.04181371 0.04075591 0.006224995 0.04145191 0.04060591 0.006224995 0.03961481 0.04244291 0.006224995 0.03976471 0.04280491 0.006224995 0.04000301 0.04311591 0.006224995 0.04236271 0.04280491 0.006224995 0.04251261 0.04244291 0.006224995 0.04106371 0.04055491 0.006224995 0.04031371 0.04335391 0.006224995 0.04067551 0.04350391 0.006224995 0.04106371 0.04355491 0.006224995 0.04067551 0.04060591 0.006224995 0.04031371 0.04075591 0.006224995 0.04000301 0.04099391 0.006224995 0.03976471 0.04130491 0.006224995 0.03961481 0.04166691 0.006224995 0.03956371 0.04205491 0.006224995 0.04306371 -0.06430557 0.006224995 0.04306371 -0.06272138 0.006224995 0.04306371 -0.06004415 0.006224995 0.04306371 -0.05682459 0.006224995 0.04306371 -0.05334109 0.006224995 0.04306371 -0.05154619 0.006224995 0.04306371 -0.04854189 0.006224995 0.04306371 -0.04420719 0.006224995 0.04306371 -0.04229739 0.006224995 0.04306371 -0.03927339 0.006224995 0.04306371 -0.03600509 0.006224995 0.04306371 -0.03298649 0.006224995 0.04306371 -0.02673979 0.006224995 0.04306371 -0.008445093 0.006224995 0.04306371 0.01055491 0.006224995 0.04306371 0.03005491 0.006224995 0.04306371 0.06955491 0.002224995 0.03553841 0.01055491 0.002224995 0.03553841 0.03155491 0.002224995 0.03603201 0.03155491 0.002224995 0.03956371 -0.04194509 0.002224995 0.03961011 -0.04229739 0.002224995 0.03782031 -0.04229739 0.002224995 0.03248711 -0.04795609 0.002224995 0.03553841 -0.04838399 0.002224995 0.03553841 -0.04854189 0.002224995 0.03496861 -0.0655749 0.002224995 0.03476291 -0.06528223 0.002224995 0.03553841 -0.06539106 0.002224995 0.03553841 -0.03600509 0.002224995 0.03553841 -0.03298649 0.002224995 0.03603201 -0.03298649 0.002224995 0.03553841 -0.03209759 0.002224995 0.03598711 -0.03216049 0.002224995 0.02608711 -0.02673979 0.002224995 0.03248711 -0.03103449 0.002224995 0.02608711 -0.03298649 0.002224995 0.03248711 -0.03275369 0.002224995 0.03307041 -0.03282939 0.002224995 0.03496611 -0.04372109 0.002224995 0.03476221 -0.04343389 0.002224995 0.03504481 -0.04347379 0.002224995 0.03446891 -0.04416399 0.002224995 0.03444211 -0.04420719 0.002224995 0.03330301 -0.04420719 0.002224995 0.03508971 -0.04419809 0.002224995 0.03506051 -0.04396399 0.002224995 0.03553841 -0.04420719 0.002224995 0.03504481 -0.04283999 0.002224995 0.03553841 -0.04229739 0.002224995 0.03248711 -0.04247679 0.002224995 0.02608711 -0.04229739 0.002224995 0.03248711 -0.04409219 0.002224995 0.03248711 -0.04311069 0.002224995 0.03449331 -0.04409479 0.002224995 0.03338431 -0.04323529 0.002224995 0.03338031 -0.04323479 0.002224995 0.03402011 -0.04336379 0.002224995 0.03417801 -0.04343599 0.002224995 0.03430961 -0.04353739 0.002224995 0.03441521 -0.04367149 0.002224995 0.03448081 -0.04381099 0.002224995 0.03450631 -0.04397019 0.002224995 0.02608711 -0.04420719 0.002224995 0.03248711 -0.04420719 0.002224995 0.02608711 -0.04520389 0.002224995 0.03248711 -0.04472609 0.002224995 0.03440971 -0.04496779 0.002224995 0.03456861 -0.04494379 0.002224995 0.03553841 -0.04520389 0.002224995 0.03471111 -0.04488639 0.002224995 0.03485381 -0.04478199 0.002224995 0.03490581 -0.04472829 0.002224995 0.03500961 -0.04457209 0.002224995 0.03506771 -0.04440749 0.002224995 0.03508871 -0.04420719 0.002224995 0.03392651 -0.04492869 0.002224995 0.03414541 -0.04495579 0.002224995 0.03436541 -0.04496929 0.002224995 0.03420211 -0.04431939 0.002224995 0.03404811 -0.04430979 0.002224995 0.03389501 -0.04429069 0.002224995 0.03439341 -0.04426079 0.002224995 0.03434381 -0.04429169 0.002224995 0.03428241 -0.04431169 0.002224995 0.03443511 -0.04421859 0.002224995 0.03782031 -0.06004415 0.002224995 0.03782031 -0.06272138 0.002224995 0.03607681 -0.0616399 0.002224995 0.03553841 -0.06272138 0.002224995 0.03553841 -0.06241415 0.002224995 0.03603201 -0.06272138 0.002224995 0.03569661 -0.06232704 0.002224995 0.03588981 -0.06215102 0.002224995 0.03598661 -0.06200965 0.002224995 0.03603201 -0.06189306 0.002224995 0.03605211 -0.06184149 0.002224995 0.03553841 -0.06004415 0.002224995 0.03546421 -0.06065036 0.002224995 0.03506721 -0.06046132 0.002224995 0.03300781 -0.06035159 0.002224995 0.03274301 -0.06049267 0.002224995 0.02608711 -0.06004415 0.002224995 0.03260021 -0.06061868 0.002224995 0.03248901 -0.06077568 0.002224995 0.03242271 -0.06094575 0.002224995 0.03239741 -0.06115262 0.002224995 0.02608711 -0.06272138 0.002224995 0.03240031 -0.06123415 0.002224995 0.03468091 -0.0625794 0.002224995 0.03512591 -0.06254538 0.002224995 0.03548241 -0.06244497 0.002224995 0.03439811 -0.0602947 0.002224995 0.03370991 -0.06024607 0.002224995 0.03336391 -0.06026638 0.002224995 0.03244621 -0.06147002 0.002224995 0.03255521 -0.06170964 0.002224995 0.03267731 -0.06188089 0.002224995 0.03290241 -0.06208509 0.002224995 0.03323581 -0.06228043 0.002224995 0.03386131 -0.06249441 0.002224995 0.03607101 -0.06152895 0.002224995 0.03603201 -0.06136845 0.002224995 0.03603201 -0.06004415 0.002224995 0.03601171 -0.06128528 0.002224995 0.03587211 -0.06102346 0.002224995 0.03572741 -0.06085178 0.002224995 0.03553841 -0.06070716 0.002224995 0.03603201 -0.06546033 0.002224995 0.03607681 -0.06546662 0.002224995 0.03782031 -0.06944509 0.002224995 0.03603201 -0.0640182 0.002224995 0.03607681 -0.06402442 0.002224995 0.03607681 -0.06483281 0.002224995 0.03603201 -0.06944509 0.002224995 0.03553841 -0.06944509 0.002224995 -0.007526292 -0.06944509 0.002224995 -0.007526292 -0.06494509 0.002224995 0.02608711 -0.06494509 0.002224995 0.03506101 -0.06581623 0.002224995 0.03389501 -0.06614321 0.002224995 0.03248711 -0.06594479 0.002224995 0.03248711 -0.06496322 0.002224995 0.03248711 -0.06352662 0.002224995 0.03450631 -0.06380637 0.002224995 0.03450631 -0.06420601 0.002224995 0.03436541 -0.06682189 0.002224995 0.03452451 -0.06680667 0.002224995 0.03553841 -0.06331668 0.002224995 0.03504481 -0.06324827 0.002224995 0.03504481 -0.06293628 0.002224995 0.03450631 -0.06286336 0.002224995 0.03414541 -0.06680837 0.002224995 0.03504481 -0.06428173 0.002224995 0.03553841 -0.0647573 0.002224995 0.03248711 -0.0643294 0.002224995 0.03248711 -0.06289351 0.002224995 0.03450631 -0.06317325 0.002224995 0.03468121 -0.0667544 0.002224995 0.03481251 -0.06667066 0.002224995 0.03491851 -0.06656587 0.002224995 0.03433761 -0.06541868 0.002224995 0.03443271 -0.06555392 0.002224995 0.03420211 -0.06617195 0.002224995 0.03449821 -0.0659243 0.002224995 0.03428241 -0.06616425 0.002224995 0.03447751 -0.0659978 0.002224995 0.03248711 -0.0665786 0.002224995 0.03392651 -0.06678123 0.002224995 0.03500981 -0.06642422 0.002224995 0.03506771 -0.06625852 0.002224995 0.03508971 -0.06604856 0.002224995 0.03339931 -0.06509082 0.002224995 0.03349481 -0.06510471 0.002224995 0.03404811 -0.06616238 0.002224995 0.03404751 -0.06522676 0.002224995 0.03421951 -0.06531559 0.002224995 0.03448791 -0.06568789 0.002224995 0.03450631 -0.0658242 0.002224995 0.03444141 -0.0660636 0.002224995 0.03439931 -0.06610867 0.002224995 0.03434401 -0.06614411 0.002224995 0.03603201 -0.06482652 0.002224995 0.03553841 -0.06394979 0.002224995 0.03504481 -0.06388139 0.002224995 -0.01252629 0.06505491 0.002224995 -0.01252629 0.06955491 0.002224995 0.02608711 0.06505491 0.002224995 0.03553841 0.06955491 0.002224995 0.02608711 0.05655491 0.002224995 0.03306371 0.03155491 0.002224995 0.03306371 0.03755491 0.002224995 0.03306371 0.01055491 0.002224995 0.03306371 -0.01044509 0.002224995 0.02608711 -0.01544509 0.002224995 0.03553841 -0.02673979 0.002224995 0.03553841 -0.03146239 0.002224995 0.03401081 -0.03318969 0.002224995 0.03362711 -0.03314349 0.002224995 0.03334841 -0.03316889 0.002224995 0.03310001 -0.03324579 0.002224995 0.03430521 -0.03575049 0.002224995 0.03460431 -0.03559229 0.002224995 0.03479831 -0.03541839 0.002224995 0.03495941 -0.03517709 0.002224995 0.03305831 -0.03465929 0.002224995 0.03302561 -0.03440059 0.002224995 0.03356401 -0.03377169 0.002224995 0.03303071 -0.03429469 0.002224995 0.03341851 -0.03379279 0.002224995 0.03312641 -0.03400489 0.002224995 0.03321061 -0.03390579 0.002224995 0.03330221 -0.03384019 0.002224995 0.03307041 -0.03175109 0.002224995 0.03287151 -0.03338409 0.002224995 0.03268871 -0.03357059 0.002224995 0.03255841 -0.03378949 0.002224995 0.03255821 -0.03502529 0.002224995 0.03272581 -0.03532769 0.002224995 0.02608711 -0.03600509 0.002224995 0.03296181 -0.03557149 0.002224995 0.03356401 -0.03581199 0.002224995 0.03324361 -0.03502249 0.002224995 0.03314281 -0.03487179 0.002224995 0.03306961 -0.03411919 0.002224995 0.03369261 -0.03582919 0.002224995 0.03382201 -0.03583579 0.002224995 0.03399061 -0.03582649 0.002224995 0.03498661 -0.03404009 0.002224995 0.03483131 -0.03376109 0.002224995 0.03459531 -0.03350099 0.002224995 0.03431711 -0.03330749 0.002224995 0.03505431 -0.03491109 0.002224995 0.03508971 -0.03458709 0.002224995 0.03507471 -0.03436739 0.002224995 0.03247411 -0.03405889 0.002224995 0.03244221 -0.03440059 0.002224995 0.03246381 -0.03468479 0.002224995 0.02608711 -0.03927339 0.002224995 0.03219961 -0.03865499 0.002224995 0.03259181 -0.03876319 0.002224995 0.03299291 -0.03642899 0.002224995 0.03233221 -0.03672619 0.002224995 0.03323811 -0.03630999 0.002224995 0.03205311 -0.03617449 0.002224995 0.03352561 -0.03624659 0.002224995 0.03162021 -0.03803069 0.002224995 0.03178491 -0.03831399 0.002224995 0.03197831 -0.03851669 0.002224995 0.03299401 -0.03882889 0.002224995 0.03504481 -0.03912129 0.002224995 0.03553841 -0.03927339 0.002224995 0.03504481 -0.03848749 0.002224995 0.03472791 -0.03844189 0.002224995 0.03486981 -0.03829689 0.002224995 0.03403211 -0.03628889 0.002224995 0.03366711 -0.03623969 0.002224995 0.03199321 -0.03621529 0.002224995 0.03182761 -0.03636979 0.002224995 0.03166191 -0.03661849 0.002224995 0.03278431 -0.03660209 0.002224995 0.03262301 -0.03682649 0.002224995 0.03220281 -0.03689289 0.002224995 0.03252511 -0.03707489 0.002224995 0.03279561 -0.03816709 0.002224995 0.03260931 -0.03813009 0.002224995 0.03261431 -0.03790379 0.002224995 0.03243151 -0.03806249 0.002224995 0.03155531 -0.03689769 0.002224995 0.03149991 -0.03735589 0.002224995 0.03152951 -0.03771559 0.002224995 0.03248711 -0.03737269 0.002224995 0.03208731 -0.03727769 0.002224995 0.03212391 -0.03707549 0.002224995 0.03251981 -0.03765069 0.002224995 0.03210401 -0.03758989 0.002224995 0.03208331 -0.03737199 0.002224995 0.03232311 -0.03798659 0.002224995 0.03224731 -0.03790529 0.002224995 0.03216071 -0.03776329 0.002224995 0.03506561 -0.03742339 0.002224995 0.03496261 -0.03710029 0.002224995 0.03477311 -0.03678769 0.002224995 0.03463271 -0.03663329 0.002224995 0.03435551 -0.03642599 0.002224995 0.03499141 -0.03811569 0.002224995 0.03506241 -0.03792049 0.002224995 0.03508971 -0.03767979 0.002224995 0.03272581 -0.04160979 0.002224995 0.03296181 -0.04185359 0.002224995 0.03356401 -0.04209399 0.002224995 0.03324361 -0.04130459 0.002224995 0.03255821 -0.04130739 0.002224995 0.03334841 -0.03945099 0.002224995 0.03310001 -0.03952779 0.002224995 0.03399061 -0.04210849 0.002224995 0.03430521 -0.04203259 0.002224995 0.03460431 -0.04187429 0.002224995 0.03305831 -0.04094139 0.002224995 0.03302561 -0.04068269 0.002224995 0.03356401 -0.04005379 0.002224995 0.03303071 -0.04057669 0.002224995 0.03341851 -0.04007489 0.002224995 0.03312641 -0.04028689 0.002224995 0.03321061 -0.04018779 0.002224995 0.03330221 -0.04012229 0.002224995 0.03362711 -0.03942559 0.002224995 0.03401081 -0.03947179 0.002224995 0.03287151 -0.03966619 0.002224995 0.03268871 -0.03985269 0.002224995 0.03255841 -0.04007159 0.002224995 0.03479831 -0.04170039 0.002224995 0.03495941 -0.04145909 0.002224995 0.03505431 -0.04119319 0.002224995 0.03314281 -0.04115389 0.002224995 0.03306961 -0.04040129 0.002224995 0.03508971 -0.04086919 0.002224995 0.03507471 -0.04064939 0.002224995 0.03498661 -0.04032209 0.002224995 0.03483131 -0.04004309 0.002224995 0.03369261 -0.04211129 0.002224995 0.03382201 -0.04211789 0.002224995 0.03459531 -0.03978309 0.002224995 0.03431711 -0.03958959 0.002224995 0.03247411 -0.04034089 0.002224995 0.03244221 -0.04068269 0.002224995 0.03246381 -0.04096689 0.002224995 0.03553841 -0.04775079 0.002224995 0.03466411 -0.04762799 0.002224995 0.03485551 -0.04746959 0.002224995 0.03248711 -0.04732299 0.002224995 0.02608711 -0.04854189 0.002224995 0.03508871 -0.04679989 0.002224995 0.03503691 -0.04647449 0.002224995 0.03489521 -0.04614769 0.002224995 0.03498301 -0.04728769 0.002224995 0.03506011 -0.04708789 0.002224995 0.03508971 -0.04684689 0.002224995 0.03267831 -0.04587429 0.002224995 0.03287841 -0.04569099 0.002224995 0.03312671 -0.04554719 0.002224995 0.03468111 -0.04586839 0.002224995 0.03466051 -0.04584799 0.002224995 0.03436541 -0.04562769 0.002224995 0.03403611 -0.04548929 0.002224995 0.03366641 -0.04543839 0.002224995 0.03343661 -0.04545629 0.002224995 0.03255471 -0.04606029 0.002224995 0.03247431 -0.04628239 0.002224995 0.03244221 -0.04656929 0.002224995 0.03244541 -0.04665599 0.002224995 0.03248491 -0.04688009 0.002224995 0.03257111 -0.04707679 0.002224995 0.03279421 -0.04736649 0.002224995 0.03488911 -0.05269599 0.002224995 0.03468581 -0.05253719 0.002224995 0.03504481 -0.05258279 0.002224995 0.03344011 -0.04864159 0.002224995 0.03313411 -0.04872739 0.002224995 0.03288551 -0.04886589 0.002224995 0.03268581 -0.04904149 0.002224995 0.03553841 -0.05334109 0.002224995 0.03504481 -0.05199389 0.002224995 0.03488281 -0.04930159 0.002224995 0.03466121 -0.04902769 0.002224995 0.03366641 -0.04862429 0.002224995 0.03248711 -0.05046399 0.002224995 0.03248711 -0.05109849 0.002224995 0.03437981 -0.04881899 0.002224995 0.03403831 -0.04867499 0.002224995 0.03255221 -0.04923699 0.002224995 0.03247421 -0.04944939 0.002224995 0.03244221 -0.04972929 0.002224995 0.03504481 -0.05332319 0.002224995 0.03507731 -0.05323699 0.002224995 0.03508971 -0.05314579 0.002224995 0.03244741 -0.04984009 0.002224995 0.03249181 -0.05005249 0.002224995 0.03258131 -0.05023949 0.002224995 0.03279981 -0.05050819 0.002224995 0.03248711 -0.05163069 0.002224995 0.03248711 -0.05226449 0.002224995 0.02608711 -0.05334109 0.002224995 0.03447551 -0.05307499 0.002224995 0.03508601 -0.05308239 0.002224995 0.03505761 -0.05295399 0.002224995 0.03499431 -0.05282489 0.002224995 0.03468581 -0.05077599 0.002224995 0.03486641 -0.05062059 0.002224995 0.03504481 -0.05082719 0.002224995 0.03498251 -0.05045309 0.002224995 0.03506011 -0.05025059 0.002224995 0.03508971 -0.05000829 0.002224995 0.03508761 -0.04993449 0.002224995 0.03503031 -0.04962109 0.002224995 0.03449371 -0.05287699 0.002224995 0.03450631 -0.05296629 0.002224995 0.03449541 -0.05302189 0.002224995 0.03344201 -0.05239279 0.002224995 0.03388901 -0.05247239 0.002224995 0.03414261 -0.05254979 0.002224995 0.03504481 -0.05146169 0.002224995 0.03446231 -0.05280119 0.002224995 0.03439891 -0.05271709 0.002224995 0.03428321 -0.05261999 0.002224995 0.03504481 -0.05542519 0.002224995 0.03349461 -0.05451019 0.002224995 0.03504481 -0.05398789 0.002224995 0.03283351 -0.05412039 0.002224995 0.03154481 -0.05335899 0.002224995 0.03504481 -0.05337509 0.002224995 0.03553841 -0.05682459 0.002224995 0.02608711 -0.05682459 0.002224995 0.03154481 -0.05402919 0.002224995 0.03504481 -0.05609539 0.002224995 0.03473851 -0.05971634 0.002224995 0.03495551 -0.05981 0.002224995 0.03402751 -0.059666 0.002224995 0.03464091 -0.05863629 0.002224995 0.03410251 -0.05856269 0.002224995 0.03351921 -0.05755379 0.002224995 0.03332081 -0.05821819 0.002224995 0.03351921 -0.05818199 0.002224995 0.03349741 -0.05916469 0.002224995 0.03564301 -0.05811859 0.002224995 0.03553841 -0.05806709 0.002224995 0.03543961 -0.05801839 0.002224995 0.03517941 -0.05795759 0.002224995 0.03385371 -0.05974857 0.002224995 0.03518641 -0.05984222 0.002224995 0.03533311 -0.05982984 0.002224995 0.03517941 -0.05858579 0.002224995 0.03465441 -0.05879549 0.002224995 0.03491331 -0.05916099 0.002224995 0.03520241 -0.05859069 0.002224995 0.03502381 -0.05920029 0.002224995 0.03530301 -0.05862249 0.002224995 0.03409331 -0.05866239 0.002224995 0.03405611 -0.05883909 0.002224995 0.03320741 -0.05826259 0.002224995 0.03251291 -0.05810399 0.002224995 0.03265781 -0.05789839 0.002224995 0.03284841 -0.05773489 0.002224995 0.03481811 -0.05909679 0.002224995 0.03474081 -0.05901209 0.002224995 0.03468951 -0.05891819 0.002224995 0.03454891 -0.05957291 0.002224995 0.03418761 -0.05953563 0.002224995 0.03434861 -0.05932759 0.002224995 0.03383341 -0.05910259 0.002224995 0.03371871 -0.05915049 0.002224995 0.03358021 -0.05916919 0.002224995 0.03332441 -0.05756549 0.002224995 0.03307451 -0.05762359 0.002224995 0.03247101 -0.05903619 0.002224995 0.03259231 -0.05927349 0.002224995 0.03280061 -0.05951315 0.002224995 0.03301231 -0.05966446 0.002224995 0.03324401 -0.05975816 0.002224995 0.03354651 -0.05979735 0.002224995 0.03366101 -0.05979145 0.002224995 0.03537071 -0.05866459 0.002224995 0.03541311 -0.05870399 0.002224995 0.03545601 -0.05876589 0.002224995 0.03532651 -0.05917739 0.002224995 0.03524811 -0.05920449 0.002224995 0.03548741 -0.05898169 0.002224995 0.03515141 -0.05921399 0.002224995 0.03400791 -0.05894129 0.002224995 0.03393761 -0.05902599 0.002224995 0.03299631 -0.05879219 0.002224995 0.03333741 -0.05912969 0.002224995 0.03319191 -0.05905689 0.002224995 0.03309121 -0.05897069 0.002224995 0.03303201 -0.05888659 0.002224995 0.03298071 -0.05866359 0.002224995 0.03298661 -0.05858189 0.002224995 0.03301381 -0.05848019 0.002224995 0.03548341 -0.05883549 0.002224995 0.03549351 -0.05892239 0.002224995 0.03547071 -0.05903509 0.002224995 0.03544051 -0.05908509 0.002224995 0.03538641 -0.05913979 0.002224995 0.03306271 -0.05839099 0.002224995 0.03314061 -0.05830679 0.002224995 0.03242941 -0.05832519 0.002224995 0.03239741 -0.05860199 0.002224995 0.03240661 -0.05876239 0.002224995 0.04031371 -0.04324409 0.002224995 0.04067551 -0.04339399 0.002224995 0.03782031 -0.04420719 0.002224995 0.04145191 -0.04339399 0.002224995 0.04181371 -0.04324409 0.002224995 0.04306371 -0.04420719 0.002224995 0.04106371 -0.04344509 0.002224995 0.03961481 -0.04233329 0.002224995 0.03976471 -0.04269509 0.002224995 0.04000301 -0.04300579 0.002224995 0.04212441 -0.04300579 0.002224995 0.04236271 -0.04269509 0.002224995 0.04306371 -0.04229739 0.002224995 0.04251261 -0.04233329 0.002224995 0.04106371 -0.04044509 0.002224995 0.04067551 -0.04049619 0.002224995 0.03782031 -0.03927339 0.002224995 0.03961481 -0.04155689 0.002224995 0.04236271 -0.04119509 0.002224995 0.04212441 -0.04088439 0.002224995 0.04306371 -0.03927339 0.002224995 0.04181371 -0.04064609 0.002224995 0.04145191 -0.04049619 0.002224995 0.04251731 -0.04229739 0.002224995 0.04256371 -0.04194509 0.002224995 0.04251261 -0.04155689 0.002224995 0.04031371 -0.04064609 0.002224995 0.04000301 -0.04088439 0.002224995 0.03976471 -0.04119509 0.002224995 0.03607681 -0.0633913 0.002224995 0.03603201 -0.06338508 0.002224995 0.03603201 -0.05866229 0.002224995 0.03598231 -0.05850819 0.002224995 0.03603201 -0.05682459 0.002224995 0.03584971 -0.05830229 0.002224995 0.03582181 -0.05827039 0.002224995 0.03605581 -0.05873619 0.002224995 0.03782031 -0.05682459 0.002224995 0.03607681 -0.05895809 0.002224995 0.03585661 -0.05954531 0.002224995 0.03597701 -0.05937409 0.002224995 0.03603201 -0.05923159 0.002224995 0.03604911 -0.05918739 0.002224995 0.03552281 -0.0597741 0.002224995 0.03553841 -0.05976569 0.002224995 0.03570791 -0.05967404 0.002224995 0.03782031 -0.04520389 0.002224995 0.03782031 -0.04854189 0.002224995 0.03607681 -0.04845949 0.002224995 0.03607681 -0.04782639 0.002224995 0.03603201 -0.04782009 0.002224995 0.03603201 -0.04520389 0.002224995 0.03603201 -0.04845319 0.002224995 0.03603201 -0.04854189 0.002224995 0.03603201 -0.05334109 0.002224995 0.03782031 0.05655491 0.002224995 0.03603201 0.05655491 0.002224995 0.03553841 0.05655491 0.002224995 0.02608711 0.03755491 0.002224995 0.03782031 -0.05334109 0.002224995 0.03603201 -0.04420719 0.002224995 0.03603201 -0.04229739 0.002224995 0.03306371 -0.01544509 0.002224995 0.03553841 -0.01044509 0.002224995 0.03603201 -0.01044509 0.002224995 0.03603201 0.01055491 0.002224995 0.03782031 0.01055491 0.002224995 0.03782031 0.03155491 0.002224995 0.04306371 -0.04520389 0.002224995 0.04306371 -0.04854189 0.002224995 0.04306371 -0.05334109 0.002224995 0.04306371 -0.05682459 0.002224995 0.04306371 -0.06004415 0.002224995 0.04306371 -0.06272138 0.002224995 0.04306371 -0.06944509 0.002224995 0.04306371 -0.03600509 0.002224995 0.04306371 -0.03298649 0.002224995 0.03782031 -0.03600509 0.002224995 0.03603201 -0.03927339 0.002224995 0.03603201 -0.03600509 0.002224995 0.03782031 -0.03298649 0.002224995 0.04306371 -0.02673979 0.002224995 0.04236271 -0.02019509 0.002224995 0.04212441 -0.01988439 0.002224995 0.04306371 -0.01044509 0.002224995 0.04106371 -0.01944509 0.002224995 0.03782031 -0.01044509 0.002224995 0.04067551 -0.01949619 0.002224995 0.04031371 -0.01964609 0.002224995 0.04181371 -0.01964609 0.002224995 0.04145191 -0.01949619 0.002224995 0.04067551 -0.02239399 0.002224995 0.03782031 -0.02673979 0.002224995 0.04031371 -0.02224409 0.002224995 0.04000301 -0.02200579 0.002224995 0.04106371 -0.02244509 0.002224995 0.04145191 -0.02239399 0.002224995 0.04000301 -0.01988439 0.002224995 0.03976471 -0.02019509 0.002224995 0.03961481 -0.02055689 0.002224995 0.04181371 -0.02224409 0.002224995 0.04212441 -0.02200579 0.002224995 0.04236271 -0.02169509 0.002224995 0.03956371 -0.02094509 0.002224995 0.03961481 -0.02133329 0.002224995 0.03976471 -0.02169509 0.002224995 0.04251261 -0.02133329 0.002224995 0.04256371 -0.02094509 0.002224995 0.04251261 -0.02055689 0.002224995 0.03598711 -0.03152529 0.002224995 0.03603201 -0.02673979 0.002224995 0.04145191 -0.001393993 0.002224995 0.04181371 -0.001244093 0.002224995 0.04212441 -0.001005793 0.002224995 0.04236271 -0.0006950929 0.002224995 0.04212441 0.001115607 0.002224995 0.04181371 0.001353907 0.002224995 0.04306371 0.01055491 0.002224995 0.04031371 0.001353907 0.002224995 0.04000301 0.001115607 0.002224995 0.03976471 0.0008049071 0.002224995 0.03961481 0.0004431071 0.002224995 0.04236271 0.0008049071 0.002224995 0.04145191 0.001503807 0.002224995 0.04106371 0.001554907 0.002224995 0.04067551 0.001503807 0.002224995 0.03956371 5.490713e-05 0.002224995 0.03961481 -0.0003332929 0.002224995 0.03976471 -0.0006950929 0.002224995 0.04000301 -0.001005793 0.002224995 0.04251261 -0.0003332929 0.002224995 0.04256371 5.490713e-05 0.002224995 0.04251261 0.0004431071 0.002224995 0.04031371 -0.001244093 0.002224995 0.04067551 -0.001393993 0.002224995 0.04106371 -0.001445093 0.002224995 0.04031371 0.02235391 0.002224995 0.04000301 0.02211561 0.002224995 0.03976471 0.02180491 0.002224995 0.04236271 0.02180491 0.002224995 0.04212441 0.02211561 0.002224995 0.04306371 0.03155491 0.002224995 0.04181371 0.02235391 0.002224995 0.03976471 0.02030491 0.002224995 0.04000301 0.01999421 0.002224995 0.04145191 0.01960601 0.002224995 0.04181371 0.01975591 0.002224995 0.04212441 0.01999421 0.002224995 0.04236271 0.02030491 0.002224995 0.04145191 0.02250381 0.002224995 0.04106371 0.02255491 0.002224995 0.04067551 0.02250381 0.002224995 0.03961481 0.02144311 0.002224995 0.03956371 0.02105491 0.002224995 0.03961481 0.02066671 0.002224995 0.04251261 0.02066671 0.002224995 0.04256371 0.02105491 0.002224995 0.04251261 0.02144311 0.002224995 0.04031371 0.01975591 0.002224995 0.04067551 0.01960601 0.002224995 0.04106371 0.01955491 0.002224995 0.04145191 0.04060591 0.002224995 0.04181371 0.04075591 0.002224995 0.04212441 0.04099391 0.002224995 0.04236271 0.04130491 0.002224995 0.04212441 0.04311591 0.002224995 0.04181371 0.04335391 0.002224995 0.04306371 0.05655491 0.002224995 0.04031371 0.04335391 0.002224995 0.04000301 0.04311591 0.002224995 0.03976471 0.04280491 0.002224995 0.03961481 0.04244291 0.002224995 0.04236271 0.04280491 0.002224995 0.04145191 0.04350391 0.002224995 0.04106371 0.04355491 0.002224995 0.04067551 0.04350391 0.002224995 0.03956371 0.04205491 0.002224995 0.03961481 0.04166691 0.002224995 0.03976471 0.04130491 0.002224995 0.04000301 0.04099391 0.002224995 0.04251261 0.04166691 0.002224995 0.04256371 0.04205491 0.002224995 0.04251261 0.04244291 0.002224995 0.04031371 0.04075591 0.002224995 0.04067551 0.04060591 0.002224995 0.04106371 0.04055491 0.002224995 0.03603201 0.06955491 0.002224995 0.03782031 0.06955491 0.002224995 0.04306371 0.06955491 -0.001275005 0.02306371 0.06505491 -0.001275005 0.02306371 0.03755491 -0.001223905 0.02345191 0.06505491 -0.001223905 0.02345191 0.03755491 -0.001074005 0.02381371 0.06505491 -0.001074005 0.02381371 0.03755491 -0.000835705 0.02412441 0.06505491 -0.000835705 0.02412441 0.03755491 -0.000525005 0.02436271 0.06505491 -0.000525005 0.02436271 0.03755491 -0.000163205 0.02451261 0.06505491 -0.000163205 0.02451261 0.03755491 0.000224995 0.02456371 0.06505491 0.000224995 0.02456371 0.03755491 0.000613195 0.02451261 0.06505491 0.000613195 0.02451261 0.03755491 0.000974995 0.02436271 0.06505491 0.000974995 0.02436271 0.03755491 0.001285695 0.02412441 0.06505491 0.001285695 0.02412441 0.03755491 0.001523995 0.02381371 0.06505491 0.001523995 0.02381371 0.03755491 0.001673895 0.02345191 0.06505491 0.001673895 0.02345191 0.03755491 0.001724995 0.02306371 0.06505491 0.001724995 0.02306371 0.03755491 0.001673895 0.02267551 0.06505491 0.001673895 0.02267551 0.03755491 0.001523995 0.02231371 0.06505491 0.001523995 0.02231371 0.03755491 0.001285695 0.02200301 0.06505491 0.001285695 0.02200301 0.03755491 0.000974995 0.02176471 0.06505491 0.000974995 0.02176471 0.03755491 0.000613195 0.02161481 0.06505491 0.000613195 0.02161481 0.03755491 0.000224995 0.02156371 0.06505491 0.000224995 0.02156371 0.03755491 -0.000163205 0.02161481 0.06505491 -0.000163205 0.02161481 0.03755491 -0.000525005 0.02176471 0.06505491 -0.000525005 0.02176471 0.03755491 -0.000835705 0.02200301 0.06505491 -0.000835705 0.02200301 0.03755491 -0.001074005 0.02231371 0.06505491 -0.001074005 0.02231371 0.03755491 -0.001223905 0.02267551 0.06505491 -0.001223905 0.02267551 0.03755491 -0.001275005 0.006063708 0.06505491 -0.001275005 0.006063708 0.03755491 -0.001223905 0.006451908 0.06505491 -0.001223905 0.006451908 0.03755491 -0.001074005 0.006813708 0.06505491 -0.001074005 0.006813708 0.03755491 -0.000835705 0.007124408 0.06505491 -0.000835705 0.007124408 0.03755491 -0.000525005 0.007362708 0.06505491 -0.000525005 0.007362708 0.03755491 -0.000163205 0.007512608 0.06505491 -0.000163205 0.007512608 0.03755491 0.000224995 0.007563708 0.06505491 0.000224995 0.007563708 0.03755491 0.000613195 0.007512608 0.06505491 0.000613195 0.007512608 0.03755491 0.000974995 0.007362708 0.06505491 0.000974995 0.007362708 0.03755491 0.001285695 0.007124408 0.06505491 0.001285695 0.007124408 0.03755491 0.001523995 0.006813708 0.06505491 0.001523995 0.006813708 0.03755491 0.001673895 0.006451908 0.06505491 0.001673895 0.006451908 0.03755491 0.001724995 0.006063708 0.06505491 0.001724995 0.006063708 0.03755491 0.001673895 0.005675508 0.06505491 0.001673895 0.005675508 0.03755491 0.001523995 0.005313708 0.06505491 0.001523995 0.005313708 0.03755491 0.001285695 0.005003008 0.06505491 0.001285695 0.005003008 0.03755491 0.000974995 0.004764708 0.06505491 0.000974995 0.004764708 0.03755491 0.000613195 0.004614808 0.06505491 0.000613195 0.004614808 0.03755491 0.000224995 0.004563708 0.06505491 0.000224995 0.004563708 0.03755491 -0.000163205 0.004614808 0.06505491 -0.000163205 0.004614808 0.03755491 -0.000525005 0.004764708 0.06505491 -0.000525005 0.004764708 0.03755491 -0.000835705 0.005003008 0.06505491 -0.000835705 0.005003008 0.03755491 -0.001074005 0.005313708 0.06505491 -0.001074005 0.005313708 0.03755491 -0.001223905 0.005675508 0.06505491 -0.001223905 0.005675508 0.03755491 -0.01777501 -0.03252629 -0.06944509 -0.01777501 -0.03652629 -0.06944509 -0.01777501 -0.03252629 -0.04944509 -0.01777501 -0.03652629 0.06955491 -0.01777501 -0.03252629 0.06955491 0.002224995 0.02608711 0.03755491 -0.001775005 0.02608711 0.03755491 0.002224995 0.02608711 0.05655491 -0.001775005 0.02608711 0.06505491 0.002224995 0.02608711 0.06505491 0.006224995 0.04306371 -0.06944509 0.002224995 0.04306371 -0.06944509 0.006224995 0.04306371 -0.06813349 0.002224995 0.04306371 -0.06272138 0.006224995 0.04306371 -0.06430557 0.006224995 0.04306371 -0.04420719 0.006224995 0.04306371 -0.04854189 0.002224995 0.04306371 -0.04854189 0.006224995 0.04306371 -0.05154619 0.002224995 0.04306371 -0.05334109 0.006224995 0.04306371 -0.05334109 0.002224995 0.04306371 -0.05682459 0.006224995 0.04306371 -0.05682459 0.002224995 0.04306371 -0.06004415 0.006224995 0.04306371 -0.06004415 0.006224995 0.04306371 -0.06272138 0.002224995 0.04306371 0.06955491 0.006224995 0.04306371 0.06955491 0.002224995 0.04306371 0.05655491 0.006224995 0.04306371 0.03005491 0.002224995 0.04306371 -0.04520389 0.002224995 0.04306371 -0.04420719 0.006224995 0.04306371 -0.04229739 0.002224995 0.04306371 -0.04229739 0.006224995 0.04306371 -0.03927339 0.002224995 0.04306371 -0.03927339 0.006224995 0.04306371 -0.03600509 0.002224995 0.04306371 -0.03600509 0.006224995 0.04306371 -0.03298649 0.002224995 0.04306371 -0.03298649 0.006224995 0.04306371 -0.02673979 0.002224995 0.04306371 -0.02673979 0.006224995 0.04306371 -0.008445093 0.002224995 0.04306371 -0.01044509 0.006224995 0.04306371 0.01055491 0.002224995 0.04306371 0.01055491 0.002224995 0.04306371 0.03155491 -0.004919205 -0.02784719 0.06955491 -0.000804405 -0.02949689 0.06955491 -0.002454105 -0.02538209 0.06955491 0.001641395 -0.02663309 0.06955491 -0.000454505 -0.02252629 0.06955491 0.003609195 -0.02342209 0.06955491 0.001018895 -0.01936669 0.06955491 0.005050395 -0.0199427 0.06955491 0.001921195 -0.01599925 0.06955491 0.005929495 -0.01628072 0.06955491 0.002224995 -0.01252629 0.06955491 0.006224995 -0.01252629 0.06955491 0.002224995 0.03553841 0.06955491 -0.01777501 -0.03252629 0.06955491 -0.01777501 -0.03652629 0.06955491 -0.01430205 -0.03222249 0.06955491 -0.01402058 -0.03623079 0.06955491 -0.01093461 -0.03132019 0.06955491 -0.0103586 -0.03535169 0.06955491 -0.007775005 -0.02984679 0.06955491 -0.006879205 -0.03391049 0.06955491 -0.003668205 -0.03194269 0.06955491 0.006224995 0.03152241 0.06955491 0.006224995 0.03246471 0.06955491 0.002224995 0.03603201 0.06955491 0.006224995 0.03603201 0.06955491 0.002224995 0.03782031 0.06955491 0.006224995 0.04306371 0.06955491 0.002224995 0.04306371 0.06955491 0.006224995 0.04281371 0.06955491 0.006224995 0.03782031 0.06955491 -0.001275005 0.02306371 -0.01544509 -0.001275005 0.02306371 -0.06494509 -0.001223905 0.02345191 -0.01544509 -0.001223905 0.02345191 -0.06494509 -0.001074005 0.02381371 -0.01544509 -0.001074005 0.02381371 -0.06494509 -0.000835705 0.02412441 -0.01544509 -0.000835705 0.02412441 -0.06494509 -0.000525005 0.02436271 -0.01544509 -0.000525005 0.02436271 -0.06494509 -0.000163205 0.02451261 -0.01544509 -0.000163205 0.02451261 -0.06494509 0.000224995 0.02456371 -0.01544509 0.000224995 0.02456371 -0.06494509 0.000613195 0.02451261 -0.01544509 0.000613195 0.02451261 -0.06494509 0.000974995 0.02436271 -0.01544509 0.000974995 0.02436271 -0.06494509 0.001285695 0.02412441 -0.01544509 0.001285695 0.02412441 -0.06494509 0.001523995 0.02381371 -0.01544509 0.001523995 0.02381371 -0.06494509 0.001673895 0.02345191 -0.01544509 0.001673895 0.02345191 -0.06494509 0.001724995 0.02306371 -0.01544509 0.001724995 0.02306371 -0.06494509 0.001673895 0.02267551 -0.01544509 0.001673895 0.02267551 -0.06494509 0.001523995 0.02231371 -0.01544509 0.001523995 0.02231371 -0.06494509 0.001285695 0.02200301 -0.01544509 0.001285695 0.02200301 -0.06494509 0.000974995 0.02176471 -0.01544509 0.000974995 0.02176471 -0.06494509 0.000613195 0.02161481 -0.01544509 0.000613195 0.02161481 -0.06494509 0.000224995 0.02156371 -0.01544509 0.000224995 0.02156371 -0.06494509 -0.000163205 0.02161481 -0.01544509 -0.000163205 0.02161481 -0.06494509 -0.000525005 0.02176471 -0.01544509 -0.000525005 0.02176471 -0.06494509 -0.000835705 0.02200301 -0.01544509 -0.000835705 0.02200301 -0.06494509 -0.001074005 0.02231371 -0.01544509 -0.001074005 0.02231371 -0.06494509 -0.001223905 0.02267551 -0.01544509 -0.001223905 0.02267551 -0.06494509 -0.001275005 -0.01093629 0.06505491 -0.001275005 -0.01093629 -0.04944509 -0.001223905 -0.01054806 0.06505491 -0.001223905 -0.01054806 -0.04944509 -0.001074005 -0.01018629 0.06505491 -0.001074005 -0.01018629 -0.04944509 -0.000835705 -0.009875632 0.06505491 -0.000835705 -0.009875632 -0.04944509 -0.000525005 -0.009637252 0.06505491 -0.000525005 -0.009637252 -0.04944509 -0.000163205 -0.009487402 0.06505491 -0.000163205 -0.009487402 -0.04944509 0.000224995 -0.009436292 0.06505491 0.000224995 -0.009436292 -0.04944509 0.000613195 -0.009487402 0.06505491 0.000613195 -0.009487402 -0.04944509 0.000974995 -0.009637252 0.06505491 0.000974995 -0.009637252 -0.04944509 0.001285695 -0.009875632 0.06505491 0.001285695 -0.009875632 -0.04944509 0.001523995 -0.01018629 0.06505491 0.001523995 -0.01018629 -0.04944509 0.001673895 -0.01054806 0.06505491 0.001673895 -0.01054806 -0.04944509 0.001724995 -0.01093629 0.06505491 0.001724995 -0.01093629 -0.04944509 0.001673895 -0.01132452 0.06505491 0.001673895 -0.01132452 -0.04944509 0.001523995 -0.01168629 0.06505491 0.001523995 -0.01168629 -0.04944509 0.001285695 -0.01199695 0.06505491 0.001285695 -0.01199695 -0.04944509 0.000974995 -0.01223533 0.06505491 0.000974995 -0.01223533 -0.04944509 0.000613195 -0.01238518 0.06505491 0.000613195 -0.01238518 -0.04944509 0.000224995 -0.01243629 0.06505491 0.000224995 -0.01243629 -0.04944509 -0.000163205 -0.01238518 0.06505491 -0.000163205 -0.01238518 -0.04944509 -0.000525005 -0.01223533 0.06505491 -0.000525005 -0.01223533 -0.04944509 -0.000835705 -0.01199695 0.06505491 -0.000835705 -0.01199695 -0.04944509 -0.001074005 -0.01168629 0.06505491 -0.001074005 -0.01168629 -0.04944509 -0.001223905 -0.01132452 0.06505491 -0.001223905 -0.01132452 -0.04944509 -0.001275005 0.006063708 -0.01544509 -0.001275005 0.006063708 -0.06494509 -0.001223905 0.006451908 -0.01544509 -0.001223905 0.006451908 -0.06494509 -0.001074005 0.006813708 -0.01544509 -0.001074005 0.006813708 -0.06494509 -0.000835705 0.007124408 -0.01544509 -0.000835705 0.007124408 -0.06494509 -0.000525005 0.007362708 -0.01544509 -0.000525005 0.007362708 -0.06494509 -0.000163205 0.007512608 -0.01544509 -0.000163205 0.007512608 -0.06494509 0.000224995 0.007563708 -0.01544509 0.000224995 0.007563708 -0.06494509 0.000613195 0.007512608 -0.01544509 0.000613195 0.007512608 -0.06494509 0.000974995 0.007362708 -0.01544509 0.000974995 0.007362708 -0.06494509 0.001285695 0.007124408 -0.01544509 0.001285695 0.007124408 -0.06494509 0.001523995 0.006813708 -0.01544509 0.001523995 0.006813708 -0.06494509 0.001673895 0.006451908 -0.01544509 0.001673895 0.006451908 -0.06494509 0.001724995 0.006063708 -0.01544509 0.001724995 0.006063708 -0.06494509 0.001673895 0.005675508 -0.01544509 0.001673895 0.005675508 -0.06494509 0.001523995 0.005313708 -0.01544509 0.001523995 0.005313708 -0.06494509 0.001285695 0.005003008 -0.01544509 0.001285695 0.005003008 -0.06494509 0.000974995 0.004764708 -0.01544509 0.000974995 0.004764708 -0.06494509 0.000613195 0.004614808 -0.01544509 0.000613195 0.004614808 -0.06494509 0.000224995 0.004563708 -0.01544509 0.000224995 0.004563708 -0.06494509 -0.000163205 0.004614808 -0.01544509 -0.000163205 0.004614808 -0.06494509 -0.000525005 0.004764708 -0.01544509 -0.000525005 0.004764708 -0.06494509 -0.000835705 0.005003008 -0.01544509 -0.000835705 0.005003008 -0.06494509 -0.001074005 0.005313708 -0.01544509 -0.001074005 0.005313708 -0.06494509 -0.001223905 0.005675508 -0.01544509 -0.001223905 0.005675508 -0.06494509 0.002224995 -0.01252629 -0.04944509 0.001921195 -0.01599925 -0.04944509 0.001921195 -0.01599925 0.06955491 0.001018895 -0.01936669 0.06955491 0.001018895 -0.01936669 -0.04944509 -0.000454505 -0.02252629 0.06955491 -0.000454505 -0.02252629 -0.04944509 -0.002454105 -0.02538209 0.06955491 -0.002454105 -0.02538209 -0.04944509 -0.004919205 -0.02784719 0.06955491 -0.004919205 -0.02784719 -0.04944509 -0.007775005 -0.02984679 0.06955491 -0.007775005 -0.02984679 -0.04944509 -0.01093461 -0.03132019 0.06955491 -0.01093461 -0.03132019 -0.04944509 -0.01430205 -0.03222249 0.06955491 -0.01430205 -0.03222249 -0.04944509 -0.01777501 -0.03252629 0.06955491 -0.01777501 -0.03252629 -0.04944509 0.002224995 -0.01252629 0.06505491 -0.001775005 -0.01252629 0.06505491 0.002224995 -0.01252629 -0.04944509 -0.001775005 -0.01252629 -0.04944509 -0.001775005 0.02608711 -0.06494509 -0.001775005 -0.007526292 -0.06494509 -0.001775005 0.02608711 -0.01544509 -0.001775005 -0.007526292 -0.04944509 -0.001775005 0.001473708 -0.01544509 -0.001775005 -0.01252629 -0.04944509 -0.001775005 0.001473708 0.03755491 -0.001775005 -0.01252629 0.06505491 -0.001775005 0.02608711 0.03755491 -0.001775005 0.02608711 0.06505491 0.002224995 0.02608711 -0.01544509 0.002224995 0.02608711 -0.02673979 -0.001775005 0.02608711 -0.01544509 0.002224995 0.02608711 -0.03298649 0.002224995 0.02608711 -0.03600509 0.002224995 0.02608711 -0.03927339 -0.001775005 0.02608711 -0.06494509 0.002224995 0.02608711 -0.04229739 0.002224995 0.02608711 -0.04420719 0.002224995 0.02608711 -0.04520389 0.002224995 0.02608711 -0.04854189 0.002224995 0.02608711 -0.05334109 0.002224995 0.02608711 -0.05682459 0.002224995 0.02608711 -0.06004415 0.002224995 0.02608711 -0.06272138 0.002224995 0.02608711 -0.06494509 0.005929495 -0.01628072 -0.04944509 0.005929495 -0.01628072 0.06955491 0.005050395 -0.0199427 0.06955491 0.005050395 -0.0199427 -0.04944509 0.003609195 -0.02342209 0.06955491 0.003609195 -0.02342209 -0.04944509 0.001641395 -0.02663309 0.06955491 0.001641395 -0.02663309 -0.04944509 -0.000804405 -0.02949689 0.06955491 -0.000804405 -0.02949689 -0.04944509 -0.003668205 -0.03194269 0.06955491 -0.003668205 -0.03194269 -0.04944509 -0.006879205 -0.03391049 -0.06944509 -0.004508505 -0.03252629 -0.06944509 -0.004508505 -0.03252629 -0.04944509 -0.006879205 -0.03391049 0.06955491 -0.0103586 -0.03535169 0.06955491 -0.0103586 -0.03535169 -0.06944509 -0.01402058 -0.03623079 0.06955491 -0.01402058 -0.03623079 -0.06944509 -0.01777501 -0.03652629 0.06955491 -0.01777501 -0.03652629 -0.06944509 0.002224995 0.04306371 -0.06944509 0.006224995 0.04306371 -0.06944509 0.006224995 0.04281371 -0.06944509 0.002224995 0.03782031 -0.06944509 0.006224995 0.03782031 -0.06944509 0.002224995 0.03603201 -0.06944509 0.006224995 0.03603201 -0.06944509 0.002224995 0.03553841 -0.06944509 0.006224995 -0.007526292 -0.06944509 0.002224995 -0.007526292 -0.06944509 0.006224995 0.03152241 -0.06944509 0.006224995 0.03246471 -0.06944509 -0.01777501 -0.03252629 -0.06944509 -0.004508505 -0.03252629 -0.06944509 -0.006879205 -0.03391049 -0.06944509 -0.0103586 -0.03535169 -0.06944509 -0.01402058 -0.03623079 -0.06944509 -0.01777501 -0.03652629 -0.06944509 0.002224995 -0.01252629 0.06505491 0.001285695 -0.01199695 0.06505491 0.000974995 -0.01223533 0.06505491 0.001724995 -0.01093629 0.06505491 0.001673895 -0.01132452 0.06505491 0.001523995 -0.01168629 0.06505491 0.000224995 0.02456371 0.06505491 0.000613195 0.02451261 0.06505491 0.002224995 0.02608711 0.06505491 0.000974995 0.02436271 0.06505491 0.001285695 0.02412441 0.06505491 0.001523995 0.02381371 0.06505491 0.001673895 0.02345191 0.06505491 0.001724995 0.02306371 0.06505491 0.001673895 -0.01054806 0.06505491 0.001523995 -0.01018629 0.06505491 0.000613195 -0.01238518 0.06505491 0.000224995 -0.01243629 0.06505491 -0.001775005 -0.01252629 0.06505491 -0.000163205 -0.01238518 0.06505491 -0.000525005 -0.01223533 0.06505491 -0.000835705 -0.009875632 0.06505491 -0.000525005 -0.009637252 0.06505491 -0.001275005 0.006063708 0.06505491 -0.000163205 0.02451261 0.06505491 -0.001775005 0.02608711 0.06505491 -0.000525005 0.02436271 0.06505491 -0.001223905 0.006451908 0.06505491 0.001285695 0.02200301 0.06505491 0.000974995 0.02176471 0.06505491 -0.000525005 0.02176471 0.06505491 -0.000163205 0.02161481 0.06505491 0.001523995 0.02231371 0.06505491 -0.001074005 0.006813708 0.06505491 -0.000835705 0.007124408 0.06505491 -0.000525005 0.007362708 0.06505491 -0.000163205 0.007512608 0.06505491 0.000224995 0.007563708 0.06505491 0.001673895 0.02267551 0.06505491 0.000974995 0.007362708 0.06505491 0.000613195 0.007512608 0.06505491 0.001285695 0.007124408 0.06505491 0.001523995 0.006813708 0.06505491 0.000613195 -0.009487402 0.06505491 0.000974995 -0.009637252 0.06505491 0.001724995 0.006063708 0.06505491 0.001285695 -0.009875632 0.06505491 0.000613195 0.02161481 0.06505491 0.000224995 0.02156371 0.06505491 -0.000835705 -0.01199695 0.06505491 -0.001074005 -0.01168629 0.06505491 -0.001223905 -0.01132452 0.06505491 -0.001223905 0.02345191 0.06505491 -0.001275005 0.02306371 0.06505491 -0.001074005 0.02381371 0.06505491 -0.000835705 0.02412441 0.06505491 -0.000525005 0.004764708 0.06505491 -0.000835705 0.005003008 0.06505491 0.001673895 0.006451908 0.06505491 0.001673895 0.005675508 0.06505491 -0.000163205 -0.009487402 0.06505491 0.000224995 -0.009436292 0.06505491 -0.001074005 0.005313708 0.06505491 -0.001223905 0.005675508 0.06505491 0.001523995 0.005313708 0.06505491 0.001285695 0.005003008 0.06505491 0.000974995 0.004764708 0.06505491 0.000613195 0.004614808 0.06505491 0.000224995 0.004563708 0.06505491 -0.000163205 0.004614808 0.06505491 -0.001275005 -0.01093629 0.06505491 -0.001223905 -0.01054806 0.06505491 -0.001074005 -0.01018629 0.06505491 -0.000835705 0.02200301 0.06505491 -0.001074005 0.02231371 0.06505491 -0.001223905 0.02267551 0.06505491 -0.001775005 0.02608711 -0.06494509 0.000224995 0.02456371 -0.06494509 -0.000163205 0.02451261 -0.06494509 -0.000525005 0.02436271 -0.06494509 -0.000835705 0.02412441 -0.06494509 -0.001074005 0.02381371 -0.06494509 0.001673895 0.006451908 -0.06494509 0.001523995 0.006813708 -0.06494509 -0.000163205 0.02161481 -0.06494509 0.001285695 0.007124408 -0.06494509 0.000974995 0.007362708 -0.06494509 -0.001223905 0.02345191 -0.06494509 -0.001275005 0.02306371 -0.06494509 -0.001775005 -0.007526292 -0.06494509 -0.001223905 0.02267551 -0.06494509 -0.001074005 0.02231371 -0.06494509 -0.000835705 0.02200301 -0.06494509 -0.001275005 0.006063708 -0.06494509 -0.001223905 0.005675508 -0.06494509 -0.001074005 0.005313708 -0.06494509 -0.000835705 0.005003008 -0.06494509 -0.000525005 0.004764708 -0.06494509 0.000613195 0.02451261 -0.06494509 0.002224995 0.02608711 -0.06494509 0.000974995 0.02436271 -0.06494509 0.000974995 0.004764708 -0.06494509 0.001285695 0.005003008 -0.06494509 0.002224995 -0.007526292 -0.06494509 0.001673895 0.02345191 -0.06494509 0.001523995 0.02381371 -0.06494509 0.001285695 0.02412441 -0.06494509 0.000613195 0.007512608 -0.06494509 0.000224995 0.007563708 -0.06494509 -0.000525005 0.02176471 -0.06494509 -0.000163205 0.007512608 -0.06494509 -0.000525005 0.007362708 -0.06494509 -0.000835705 0.007124408 -0.06494509 -0.001074005 0.006813708 -0.06494509 -0.001223905 0.006451908 -0.06494509 -0.000163205 0.004614808 -0.06494509 0.000224995 0.004563708 -0.06494509 0.000613195 0.004614808 -0.06494509 0.001724995 0.02306371 -0.06494509 0.001673895 0.02267551 -0.06494509 0.001724995 0.006063708 -0.06494509 0.000224995 0.02156371 -0.06494509 0.000613195 0.02161481 -0.06494509 0.001523995 0.005313708 -0.06494509 0.001673895 0.005675508 -0.06494509 0.000974995 0.02176471 -0.06494509 0.001285695 0.02200301 -0.06494509 0.001523995 0.02231371 -0.06494509 0.002224995 0.04251731 -0.04229739 0.006224995 0.04251731 -0.04229739 0.002224995 0.04256371 -0.04194509 0.006224995 0.04256371 -0.04194509 0.002224995 0.04251261 -0.04155689 0.006224995 0.04251261 -0.04155689 0.002224995 0.04236271 -0.04119509 0.006224995 0.04236271 -0.04119509 0.002224995 0.04212441 -0.04088439 0.006224995 0.04212441 -0.04088439 0.002224995 0.04181371 -0.04064609 0.006224995 0.04181371 -0.04064609 0.002224995 0.04145191 -0.04049619 0.006224995 0.04145191 -0.04049619 0.002224995 0.04106371 -0.04044509 0.006224995 0.04106371 -0.04044509 0.002224995 0.04067551 -0.04049619 0.006224995 0.04067551 -0.04049619 0.002224995 0.04031371 -0.04064609 0.006224995 0.04031371 -0.04064609 0.002224995 0.04000301 -0.04088439 0.006224995 0.04000301 -0.04088439 0.002224995 0.03976471 -0.04119509 0.006224995 0.03976471 -0.04119509 0.002224995 0.03961481 -0.04155689 0.006224995 0.03961481 -0.04155689 0.002224995 0.03956371 -0.04194509 0.006224995 0.03956371 -0.04194509 0.002224995 0.03961011 -0.04229739 0.006224995 0.03961011 -0.04229739 0.002224995 0.03961481 -0.04233329 0.006224995 0.03961481 -0.04233329 0.002224995 0.03976471 -0.04269509 0.006224995 0.03976471 -0.04269509 0.002224995 0.04000301 -0.04300579 0.006224995 0.04000301 -0.04300579 0.002224995 0.04031371 -0.04324409 0.006224995 0.04031371 -0.04324409 0.002224995 0.04067551 -0.04339399 0.006224995 0.04067551 -0.04339399 0.002224995 0.04106371 -0.04344509 0.006224995 0.04106371 -0.04344509 0.002224995 0.04145191 -0.04339399 0.006224995 0.04145191 -0.04339399 0.002224995 0.04181371 -0.04324409 0.006224995 0.04181371 -0.04324409 0.002224995 0.04212441 -0.04300579 0.006224995 0.04212441 -0.04300579 0.002224995 0.04236271 -0.04269509 0.006224995 0.04236271 -0.04269509 0.002224995 0.04251261 -0.04233329 0.006224995 0.04251261 -0.04233329 0.002224995 0.04256371 -0.02094509 0.006224995 0.04256371 -0.02094509 0.002224995 0.04251261 -0.02055689 0.006224995 0.04251261 -0.02055689 0.002224995 0.04236271 -0.02019509 0.006224995 0.04236271 -0.02019509 0.002224995 0.04212441 -0.01988439 0.006224995 0.04212441 -0.01988439 0.002224995 0.04181371 -0.01964609 0.006224995 0.04181371 -0.01964609 0.002224995 0.04145191 -0.01949619 0.006224995 0.04145191 -0.01949619 0.002224995 0.04106371 -0.01944509 0.006224995 0.04106371 -0.01944509 0.002224995 0.04067551 -0.01949619 0.006224995 0.04067551 -0.01949619 0.002224995 0.04031371 -0.01964609 0.006224995 0.04031371 -0.01964609 0.002224995 0.04000301 -0.01988439 0.006224995 0.04000301 -0.01988439 0.002224995 0.03976471 -0.02019509 0.006224995 0.03976471 -0.02019509 0.002224995 0.03961481 -0.02055689 0.006224995 0.03961481 -0.02055689 0.002224995 0.03956371 -0.02094509 0.006224995 0.03956371 -0.02094509 0.002224995 0.03961481 -0.02133329 0.006224995 0.03961481 -0.02133329 0.002224995 0.03976471 -0.02169509 0.006224995 0.03976471 -0.02169509 0.002224995 0.04000301 -0.02200579 0.006224995 0.04000301 -0.02200579 0.002224995 0.04031371 -0.02224409 0.006224995 0.04031371 -0.02224409 0.002224995 0.04067551 -0.02239399 0.006224995 0.04067551 -0.02239399 0.002224995 0.04106371 -0.02244509 0.006224995 0.04106371 -0.02244509 0.002224995 0.04145191 -0.02239399 0.006224995 0.04145191 -0.02239399 0.002224995 0.04181371 -0.02224409 0.006224995 0.04181371 -0.02224409 0.002224995 0.04212441 -0.02200579 0.006224995 0.04212441 -0.02200579 0.002224995 0.04236271 -0.02169509 0.006224995 0.04236271 -0.02169509 0.002224995 0.04251261 -0.02133329 0.006224995 0.04251261 -0.02133329 0.002224995 0.04256371 5.490713e-05 0.006224995 0.04256371 5.490713e-05 0.002224995 0.04251261 0.0004431071 0.006224995 0.04251261 0.0004431071 0.002224995 0.04236271 0.0008049071 0.006224995 0.04236271 0.0008049071 0.002224995 0.04212441 0.001115607 0.006224995 0.04212441 0.001115607 0.002224995 0.04181371 0.001353907 0.006224995 0.04181371 0.001353907 0.002224995 0.04145191 0.001503807 0.006224995 0.04145191 0.001503807 0.002224995 0.04106371 0.001554907 0.006224995 0.04106371 0.001554907 0.002224995 0.04067551 0.001503807 0.006224995 0.04067551 0.001503807 0.002224995 0.04031371 0.001353907 0.006224995 0.04031371 0.001353907 0.002224995 0.04000301 0.001115607 0.006224995 0.04000301 0.001115607 0.002224995 0.03976471 0.0008049071 0.006224995 0.03976471 0.0008049071 0.002224995 0.03961481 0.0004431071 0.006224995 0.03961481 0.0004431071 0.002224995 0.03956371 5.490713e-05 0.006224995 0.03956371 5.490713e-05 0.002224995 0.03961481 -0.0003332929 0.006224995 0.03961481 -0.0003332929 0.002224995 0.03976471 -0.0006950929 0.006224995 0.03976471 -0.0006950929 0.002224995 0.04000301 -0.001005793 0.006224995 0.04000301 -0.001005793 0.002224995 0.04031371 -0.001244093 0.006224995 0.04031371 -0.001244093 0.002224995 0.04067551 -0.001393993 0.006224995 0.04067551 -0.001393993 0.002224995 0.04106371 -0.001445093 0.006224995 0.04106371 -0.001445093 0.002224995 0.04145191 -0.001393993 0.006224995 0.04145191 -0.001393993 0.002224995 0.04181371 -0.001244093 0.006224995 0.04181371 -0.001244093 0.002224995 0.04212441 -0.001005793 0.006224995 0.04212441 -0.001005793 0.002224995 0.04236271 -0.0006950929 0.006224995 0.04236271 -0.0006950929 0.002224995 0.04251261 -0.0003332929 0.006224995 0.04251261 -0.0003332929 0.002224995 0.04256371 0.02105491 0.006224995 0.04256371 0.02105491 0.002224995 0.04251261 0.02144311 0.006224995 0.04251261 0.02144311 0.002224995 0.04236271 0.02180491 0.006224995 0.04236271 0.02180491 0.002224995 0.04212441 0.02211561 0.006224995 0.04212441 0.02211561 0.002224995 0.04181371 0.02235391 0.006224995 0.04181371 0.02235391 0.002224995 0.04145191 0.02250381 0.006224995 0.04145191 0.02250381 0.002224995 0.04106371 0.02255491 0.006224995 0.04106371 0.02255491 0.002224995 0.04067551 0.02250381 0.006224995 0.04067551 0.02250381 0.002224995 0.04031371 0.02235391 0.006224995 0.04031371 0.02235391 0.002224995 0.04000301 0.02211561 0.006224995 0.04000301 0.02211561 0.002224995 0.03976471 0.02180491 0.006224995 0.03976471 0.02180491 0.002224995 0.03961481 0.02144311 0.006224995 0.03961481 0.02144311 0.002224995 0.03956371 0.02105491 0.006224995 0.03956371 0.02105491 0.002224995 0.03961481 0.02066671 0.006224995 0.03961481 0.02066671 0.002224995 0.03976471 0.02030491 0.006224995 0.03976471 0.02030491 0.002224995 0.04000301 0.01999421 0.006224995 0.04000301 0.01999421 0.002224995 0.04031371 0.01975591 0.006224995 0.04031371 0.01975591 0.002224995 0.04067551 0.01960601 0.006224995 0.04067551 0.01960601 0.002224995 0.04106371 0.01955491 0.006224995 0.04106371 0.01955491 0.002224995 0.04145191 0.01960601 0.006224995 0.04145191 0.01960601 0.002224995 0.04181371 0.01975591 0.006224995 0.04181371 0.01975591 0.002224995 0.04212441 0.01999421 0.006224995 0.04212441 0.01999421 0.002224995 0.04236271 0.02030491 0.006224995 0.04236271 0.02030491 0.002224995 0.04251261 0.02066671 0.006224995 0.04251261 0.02066671 0.002224995 0.04256371 0.04205491 0.006224995 0.04256371 0.04205491 0.002224995 0.04251261 0.04244291 0.006224995 0.04251261 0.04244291 0.002224995 0.04236271 0.04280491 0.006224995 0.04236271 0.04280491 0.002224995 0.04212441 0.04311591 0.006224995 0.04212441 0.04311591 0.002224995 0.04181371 0.04335391 0.006224995 0.04181371 0.04335391 0.002224995 0.04145191 0.04350391 0.006224995 0.04145191 0.04350391 0.002224995 0.04106371 0.04355491 0.006224995 0.04106371 0.04355491 0.002224995 0.04067551 0.04350391 0.006224995 0.04067551 0.04350391 0.002224995 0.04031371 0.04335391 0.006224995 0.04031371 0.04335391 0.002224995 0.04000301 0.04311591 0.006224995 0.04000301 0.04311591 0.002224995 0.03976471 0.04280491 0.006224995 0.03976471 0.04280491 0.002224995 0.03961481 0.04244291 0.006224995 0.03961481 0.04244291 0.002224995 0.03956371 0.04205491 0.006224995 0.03956371 0.04205491 0.002224995 0.03961481 0.04166691 0.006224995 0.03961481 0.04166691 0.002224995 0.03976471 0.04130491 0.006224995 0.03976471 0.04130491 0.002224995 0.04000301 0.04099391 0.006224995 0.04000301 0.04099391 0.002224995 0.04031371 0.04075591 0.006224995 0.04031371 0.04075591 0.002224995 0.04067551 0.04060591 0.006224995 0.04067551 0.04060591 0.002224995 0.04106371 0.04055491 0.006224995 0.04106371 0.04055491 0.002224995 0.04145191 0.04060591 0.006224995 0.04145191 0.04060591 0.002224995 0.04181371 0.04075591 0.006224995 0.04181371 0.04075591 0.002224995 0.04212441 0.04099391 0.006224995 0.04212441 0.04099391 0.002224995 0.04236271 0.04130491 0.006224995 0.04236271 0.04130491 0.002224995 0.04251261 0.04166691 0.006224995 0.04251261 0.04166691 -0.004508505 -0.03252629 -0.04944509 -0.01777501 -0.03252629 -0.04944509 -0.01430205 -0.03222249 -0.04944509 -0.01093461 -0.03132019 -0.04944509 -0.007775005 -0.02984679 -0.04944509 -0.003668205 -0.03194269 -0.04944509 -0.004919205 -0.02784719 -0.04944509 -0.000804405 -0.02949689 -0.04944509 -0.002454105 -0.02538209 -0.04944509 0.001641395 -0.02663309 -0.04944509 -0.001074005 -0.01168629 -0.04944509 -0.000835705 -0.01199695 -0.04944509 -0.001775005 -0.01252629 -0.04944509 -0.000525005 -0.01223533 -0.04944509 0.000974995 -0.01223533 -0.04944509 0.001285695 -0.01199695 -0.04944509 0.002224995 -0.01252629 -0.04944509 0.001523995 -0.01168629 -0.04944509 0.001673895 -0.01132452 -0.04944509 0.001724995 -0.01093629 -0.04944509 0.001673895 -0.01054806 -0.04944509 0.006224995 -0.007526292 -0.04944509 0.001523995 -0.01018629 -0.04944509 0.001285695 -0.009875632 -0.04944509 -0.001074005 -0.01018629 -0.04944509 -0.001223905 -0.01054806 -0.04944509 -0.001775005 -0.007526292 -0.04944509 -0.001275005 -0.01093629 -0.04944509 -0.001223905 -0.01132452 -0.04944509 0.003609195 -0.02342209 -0.04944509 -0.000454505 -0.02252629 -0.04944509 0.005050395 -0.0199427 -0.04944509 0.001018895 -0.01936669 -0.04944509 0.005929495 -0.01628072 -0.04944509 0.001921195 -0.01599925 -0.04944509 0.006224995 -0.01252629 -0.04944509 0.000974995 -0.009637252 -0.04944509 0.000613195 -0.009487402 -0.04944509 0.000224995 -0.009436292 -0.04944509 -0.000163205 -0.009487402 -0.04944509 -0.000163205 -0.01238518 -0.04944509 0.000224995 -0.01243629 -0.04944509 0.000613195 -0.01238518 -0.04944509 -0.000525005 -0.009637252 -0.04944509 -0.000835705 -0.009875632 -0.04944509 -0.001775005 -0.007526292 -0.04944509 -0.001775005 -0.007526292 -0.06494509 0.002224995 -0.007526292 -0.06494509 0.006224995 -0.007526292 -0.04944509 0.006224995 -0.007526292 -0.05154619 0.006224995 -0.007526292 -0.05334109 0.006224995 -0.007526292 -0.06430557 0.006224995 -0.007526292 -0.06813349 0.002224995 -0.007526292 -0.06944509 0.006224995 -0.007526292 -0.06944509 0.006224995 -0.007526292 -0.06272138 0.006224995 -0.007526292 -0.06004415 0.006224995 -0.007526292 -0.05682459 -0.01777501 -0.03252629 -0.06944509 -0.004508505 -0.03252629 -0.06944509 -0.004508505 -0.03252629 -0.04944509 0.006224995 0.03306371 0.03755491 0.006224995 0.03246471 0.03755491 0.002224995 0.03306371 0.03755491 0.006224995 0.03152241 0.03755491 0.002224995 0.02608711 0.03755491 0.006224995 0.001473708 0.03755491 -0.000525005 0.02436271 0.03755491 -0.000835705 0.02412441 0.03755491 -0.001775005 0.02608711 0.03755491 -0.001775005 0.001473708 0.03755491 -0.001275005 0.006063708 0.03755491 -0.001223905 0.005675508 0.03755491 -0.000163205 0.02451261 0.03755491 -0.001074005 0.005313708 0.03755491 -0.000835705 0.005003008 0.03755491 -0.000525005 0.004764708 0.03755491 -0.000163205 0.004614808 0.03755491 0.000224995 0.004563708 0.03755491 0.000613195 0.004614808 0.03755491 0.000974995 0.004764708 0.03755491 -0.001275005 0.02306371 0.03755491 -0.001223905 0.02267551 0.03755491 -0.001074005 0.02231371 0.03755491 -0.000835705 0.02200301 0.03755491 -0.001074005 0.02381371 0.03755491 -0.001223905 0.02345191 0.03755491 -0.000525005 0.02176471 0.03755491 -0.000163205 0.02161481 0.03755491 0.001285695 0.005003008 0.03755491 0.001523995 0.005313708 0.03755491 0.001673895 0.005675508 0.03755491 -0.000525005 0.007362708 0.03755491 -0.000835705 0.007124408 0.03755491 0.001285695 0.02412441 0.03755491 0.000974995 0.02436271 0.03755491 0.000613195 0.02451261 0.03755491 0.000224995 0.02456371 0.03755491 -0.001074005 0.006813708 0.03755491 -0.001223905 0.006451908 0.03755491 0.001285695 0.007124408 0.03755491 0.001285695 0.02200301 0.03755491 0.001523995 0.006813708 0.03755491 0.001523995 0.02231371 0.03755491 0.001673895 0.02267551 0.03755491 0.000974995 0.007362708 0.03755491 0.000613195 0.007512608 0.03755491 0.000974995 0.02176471 0.03755491 0.000613195 0.02161481 0.03755491 0.000224995 0.02156371 0.03755491 0.000224995 0.007563708 0.03755491 -0.000163205 0.007512608 0.03755491 0.001724995 0.02306371 0.03755491 0.001673895 0.02345191 0.03755491 0.001523995 0.02381371 0.03755491 0.001724995 0.006063708 0.03755491 0.001673895 0.006451908 0.03755491 0.006224995 0.03246471 -0.01544509 0.006224995 0.03306371 -0.01544509 0.002224995 0.03306371 -0.01544509 0.006224995 0.03152241 -0.01544509 -0.000163205 0.004614808 -0.01544509 -0.000525005 0.004764708 -0.01544509 -0.001775005 0.001473708 -0.01544509 -0.000835705 0.005003008 -0.01544509 -0.001074005 0.005313708 -0.01544509 -0.001223905 0.006451908 -0.01544509 -0.001775005 0.02608711 -0.01544509 -0.001275005 0.006063708 -0.01544509 -0.001223905 0.005675508 -0.01544509 0.000224995 0.02456371 -0.01544509 0.000613195 0.02451261 -0.01544509 0.002224995 0.02608711 -0.01544509 0.000974995 0.02436271 -0.01544509 0.001285695 0.02412441 -0.01544509 0.001724995 0.006063708 -0.01544509 0.001673895 0.005675508 -0.01544509 0.006224995 0.001473708 -0.01544509 0.001523995 0.005313708 -0.01544509 0.001285695 0.005003008 -0.01544509 0.001523995 0.02381371 -0.01544509 0.001673895 0.02345191 -0.01544509 0.001724995 0.02306371 -0.01544509 0.000974995 0.004764708 -0.01544509 0.000613195 0.004614808 -0.01544509 0.000224995 0.004563708 -0.01544509 0.001673895 0.02267551 -0.01544509 0.001523995 0.02231371 -0.01544509 -0.001275005 0.02306371 -0.01544509 -0.001223905 0.02345191 -0.01544509 -0.001074005 0.02381371 -0.01544509 -0.000835705 0.02412441 -0.01544509 -0.000525005 0.02436271 -0.01544509 -0.000163205 0.02451261 -0.01544509 -0.000525005 0.02176471 -0.01544509 -0.000835705 0.02200301 -0.01544509 0.000974995 0.007362708 -0.01544509 0.001285695 0.007124408 -0.01544509 0.001523995 0.006813708 -0.01544509 0.001673895 0.006451908 -0.01544509 -0.001074005 0.02231371 -0.01544509 -0.001223905 0.02267551 -0.01544509 -0.000163205 0.02161481 -0.01544509 -0.001074005 0.006813708 -0.01544509 -0.000835705 0.007124408 -0.01544509 -0.000525005 0.007362708 -0.01544509 -0.000163205 0.007512608 -0.01544509 0.000224995 0.02156371 -0.01544509 0.000224995 0.007563708 -0.01544509 0.000613195 0.02161481 -0.01544509 0.000613195 0.007512608 -0.01544509 0.000974995 0.02176471 -0.01544509 0.001285695 0.02200301 -0.01544509 0.006224995 0.001473708 0.03755491 0.006224995 0.001473708 0.03005491 -0.001775005 0.001473708 0.03755491 0.006224995 0.001473708 0.01055491 -0.001775005 0.001473708 -0.01544509 0.006224995 0.001473708 -0.008445093 0.006224995 0.001473708 -0.01544509 0.002224995 0.03306371 -0.01544509 0.006224995 0.03306371 -0.01544509 0.002224995 0.03306371 -0.01044509 0.006224995 0.03306371 -0.008445093 0.002224995 0.03306371 0.01055491 0.006224995 0.03306371 0.01055491 0.002224995 0.03306371 0.03155491 0.006224995 0.03306371 0.03005491 0.002224995 0.03306371 0.03755491 0.006224995 0.03306371 0.03755491 0.002224995 0.03302561 -0.03440059 0.006224995 0.03302561 -0.03440059 0.006224995 0.03303071 -0.03429469 0.002224995 0.03303071 -0.03429469 0.006224995 0.03306961 -0.03411919 0.002224995 0.03306961 -0.03411919 0.006224995 0.03312641 -0.03400489 0.002224995 0.03312641 -0.03400489 0.006224995 0.03321061 -0.03390579 0.002224995 0.03321061 -0.03390579 0.006224995 0.03330221 -0.03384019 0.002224995 0.03330221 -0.03384019 0.006224995 0.03341851 -0.03379279 0.002224995 0.03341851 -0.03379279 0.006224995 0.03356401 -0.03377169 0.002224995 0.03356401 -0.03377169 0.006224995 0.03356401 -0.03377169 0.006224995 0.03356401 -0.03581199 0.002224995 0.03356401 -0.03377169 0.002224995 0.03356401 -0.03581199 0.002224995 0.03356401 -0.03581199 0.006224995 0.03356401 -0.03581199 0.006224995 0.03369261 -0.03582919 0.002224995 0.03369261 -0.03582919 0.006224995 0.03382201 -0.03583579 0.002224995 0.03382201 -0.03583579 0.002224995 0.03382201 -0.03583579 0.006224995 0.03382201 -0.03583579 0.006224995 0.03399061 -0.03582649 0.002224995 0.03399061 -0.03582649 0.006224995 0.03430521 -0.03575049 0.002224995 0.03430521 -0.03575049 0.006224995 0.03460431 -0.03559229 0.002224995 0.03460431 -0.03559229 0.006224995 0.03479831 -0.03541839 0.002224995 0.03479831 -0.03541839 0.006224995 0.03495941 -0.03517709 0.002224995 0.03495941 -0.03517709 0.006224995 0.03505431 -0.03491109 0.002224995 0.03505431 -0.03491109 0.006224995 0.03508971 -0.03458709 0.002224995 0.03508971 -0.03458709 0.006224995 0.03244221 -0.03440059 0.002224995 0.03244221 -0.03440059 0.006224995 0.03246471 -0.03416039 0.002224995 0.03247411 -0.03405889 0.006224995 0.03247411 -0.03405889 0.002224995 0.03255841 -0.03378949 0.006224995 0.03255841 -0.03378949 0.002224995 0.03268871 -0.03357059 0.006224995 0.03268871 -0.03357059 0.002224995 0.03287151 -0.03338409 0.006224995 0.03287151 -0.03338409 0.002224995 0.03310001 -0.03324579 0.006224995 0.03310001 -0.03324579 0.002224995 0.03334841 -0.03316889 0.006224995 0.03334841 -0.03316889 0.002224995 0.03362711 -0.03314349 0.006224995 0.03362711 -0.03314349 0.002224995 0.03244221 -0.03440059 0.006224995 0.03244221 -0.03440059 0.006224995 0.03246381 -0.03468479 0.002224995 0.03246381 -0.03468479 0.006224995 0.03246471 -0.03468779 0.002224995 0.03255821 -0.03502529 0.006224995 0.03255821 -0.03502529 0.006224995 0.03272581 -0.03532769 0.002224995 0.03272581 -0.03532769 0.006224995 0.03296181 -0.03557149 0.002224995 0.03296181 -0.03557149 0.006224995 0.03296181 -0.03557149 0.006224995 0.03324361 -0.03502249 0.002224995 0.03296181 -0.03557149 0.002224995 0.03324361 -0.03502249 0.002224995 0.03324361 -0.03502249 0.006224995 0.03324361 -0.03502249 0.006224995 0.03314281 -0.03487179 0.002224995 0.03314281 -0.03487179 0.006224995 0.03305831 -0.03465929 0.002224995 0.03305831 -0.03465929 0.006224995 0.03302561 -0.03440059 0.002224995 0.03302561 -0.03440059 0.002224995 0.03472791 -0.03844189 0.006224995 0.03472791 -0.03844189 0.006224995 0.03486981 -0.03829689 0.002224995 0.03486981 -0.03829689 0.006224995 0.03499141 -0.03811569 0.002224995 0.03499141 -0.03811569 0.006224995 0.03506241 -0.03792049 0.002224995 0.03506241 -0.03792049 0.006224995 0.03508971 -0.03767979 0.002224995 0.03508971 -0.03767979 0.002224995 0.03508971 -0.03767979 0.006224995 0.03508971 -0.03767979 0.006224995 0.03506561 -0.03742339 0.002224995 0.03506561 -0.03742339 0.006224995 0.03496261 -0.03710029 0.002224995 0.03496261 -0.03710029 0.006224995 0.03477311 -0.03678769 0.002224995 0.03477311 -0.03678769 0.006224995 0.03463271 -0.03663329 0.002224995 0.03463271 -0.03663329 0.006224995 0.03435551 -0.03642599 0.002224995 0.03435551 -0.03642599 0.006224995 0.03403211 -0.03628889 0.002224995 0.03403211 -0.03628889 0.006224995 0.03366711 -0.03623969 0.002224995 0.03366711 -0.03623969 0.002224995 0.03366711 -0.03623969 0.006224995 0.03366711 -0.03623969 0.006224995 0.03352561 -0.03624659 0.002224995 0.03352561 -0.03624659 0.006224995 0.03323811 -0.03630999 0.002224995 0.03323811 -0.03630999 0.006224995 0.03299291 -0.03642899 0.002224995 0.03299291 -0.03642899 0.006224995 0.03278431 -0.03660209 0.002224995 0.03278431 -0.03660209 0.006224995 0.03262301 -0.03682649 0.002224995 0.03262301 -0.03682649 0.006224995 0.03252511 -0.03707489 0.002224995 0.03252511 -0.03707489 0.006224995 0.03248711 -0.03737269 0.002224995 0.03248711 -0.03737269 0.002224995 0.03279561 -0.03816709 0.006224995 0.03279561 -0.03816709 0.006224995 0.03260931 -0.03813009 0.002224995 0.03260931 -0.03813009 0.006224995 0.03246471 -0.03807509 0.002224995 0.03243151 -0.03806249 0.006224995 0.03243151 -0.03806249 0.006224995 0.03232311 -0.03798659 0.002224995 0.03232311 -0.03798659 0.006224995 0.03224731 -0.03790529 0.002224995 0.03224731 -0.03790529 0.006224995 0.03216071 -0.03776329 0.002224995 0.03216071 -0.03776329 0.006224995 0.03210401 -0.03758989 0.002224995 0.03210401 -0.03758989 0.006224995 0.03208331 -0.03737199 0.002224995 0.03208331 -0.03737199 0.002224995 0.03208331 -0.03737199 0.006224995 0.03208331 -0.03737199 0.006224995 0.03208731 -0.03727769 0.002224995 0.03208731 -0.03727769 0.006224995 0.03212391 -0.03707549 0.002224995 0.03212391 -0.03707549 0.006224995 0.03220281 -0.03689289 0.002224995 0.03220281 -0.03689289 0.006224995 0.03233221 -0.03672619 0.002224995 0.03233221 -0.03672619 0.006224995 0.03233221 -0.03672619 0.006224995 0.03205311 -0.03617449 0.002224995 0.03233221 -0.03672619 0.002224995 0.03205311 -0.03617449 0.006224995 0.03149991 -0.03735589 0.002224995 0.03149991 -0.03735589 0.006224995 0.03152241 -0.03717039 0.002224995 0.03155531 -0.03689769 0.006224995 0.03155531 -0.03689769 0.002224995 0.03166191 -0.03661849 0.006224995 0.03166191 -0.03661849 0.002224995 0.03182761 -0.03636979 0.006224995 0.03182761 -0.03636979 0.002224995 0.03199321 -0.03621529 0.006224995 0.03199321 -0.03621529 0.002224995 0.03205311 -0.03617449 0.006224995 0.03205311 -0.03617449 0.006224995 0.03299401 -0.03882889 0.002224995 0.03299401 -0.03882889 0.002224995 0.03259181 -0.03876319 0.002224995 0.03219961 -0.03865499 0.006224995 0.03219961 -0.03865499 0.006224995 0.03246471 -0.03872819 0.006224995 0.03259181 -0.03876319 0.006224995 0.03504481 -0.03912129 0.002224995 0.03504481 -0.03912129 0.006224995 0.03504481 -0.03912129 0.006224995 0.03504481 -0.03848749 0.002224995 0.03504481 -0.03912129 0.002224995 0.03504481 -0.03848749 0.006224995 0.03504481 -0.03848749 0.006224995 0.03472791 -0.03844189 0.002224995 0.03504481 -0.03848749 0.002224995 0.03472791 -0.03844189 0.002224995 0.03382201 -0.04211789 0.006224995 0.03382201 -0.04211789 0.006224995 0.03399061 -0.04210849 0.002224995 0.03399061 -0.04210849 0.006224995 0.03430521 -0.04203259 0.002224995 0.03430521 -0.04203259 0.006224995 0.03460431 -0.04187429 0.002224995 0.03460431 -0.04187429 0.006224995 0.03479831 -0.04170039 0.002224995 0.03479831 -0.04170039 0.006224995 0.03495941 -0.04145909 0.002224995 0.03495941 -0.04145909 0.006224995 0.03505431 -0.04119319 0.002224995 0.03505431 -0.04119319 0.006224995 0.03508971 -0.04086919 0.002224995 0.03508971 -0.04086919 0.002224995 0.03302561 -0.04068269 0.006224995 0.03302561 -0.04068269 0.006224995 0.03303071 -0.04057669 0.002224995 0.03303071 -0.04057669 0.006224995 0.03306961 -0.04040129 0.002224995 0.03306961 -0.04040129 0.006224995 0.03312641 -0.04028689 0.002224995 0.03312641 -0.04028689 0.006224995 0.03321061 -0.04018779 0.002224995 0.03321061 -0.04018779 0.006224995 0.03330221 -0.04012229 0.002224995 0.03330221 -0.04012229 0.006224995 0.03341851 -0.04007489 0.002224995 0.03341851 -0.04007489 0.006224995 0.03356401 -0.04005379 0.002224995 0.03356401 -0.04005379 0.006224995 0.03356401 -0.04005379 0.006224995 0.03356401 -0.04209399 0.002224995 0.03356401 -0.04005379 0.002224995 0.03356401 -0.04209399 0.002224995 0.03356401 -0.04209399 0.006224995 0.03356401 -0.04209399 0.006224995 0.03369261 -0.04211129 0.002224995 0.03369261 -0.04211129 0.006224995 0.03382201 -0.04211789 0.002224995 0.03382201 -0.04211789 0.002224995 0.03508971 -0.06604856 0.006224995 0.03508971 -0.06604856 0.006224995 0.03506101 -0.06581623 0.002224995 0.03506101 -0.06581623 0.006224995 0.03496861 -0.0655749 0.002224995 0.03496861 -0.0655749 0.006224995 0.03476291 -0.06528223 0.002224995 0.03476291 -0.06528223 0.002224995 0.03476291 -0.06528223 0.006224995 0.03476291 -0.06528223 0.002224995 0.03553841 -0.06539106 0.006224995 0.03603201 -0.06546033 0.002224995 0.03603201 -0.06546033 0.006224995 0.03607681 -0.06546662 0.002224995 0.03607681 -0.06546662 0.006224995 0.03607681 -0.06546662 0.006224995 0.03607681 -0.06483281 0.002224995 0.03607681 -0.06546662 0.002224995 0.03607681 -0.06483281 0.006224995 0.03603201 -0.06482652 0.006224995 0.03248711 -0.0643294 0.002224995 0.03248711 -0.0643294 0.002224995 0.03607681 -0.06483281 0.006224995 0.03607681 -0.06483281 0.002224995 0.03603201 -0.06482652 0.002224995 0.03553841 -0.0647573 0.006224995 0.03504481 -0.06324827 0.006224995 0.03504481 -0.06293628 0.002224995 0.03504481 -0.06324827 0.002224995 0.03504481 -0.06293628 0.006224995 0.03504481 -0.06293628 0.006224995 0.03450631 -0.06286336 0.002224995 0.03504481 -0.06293628 0.002224995 0.03450631 -0.06286336 0.006224995 0.03450631 -0.06286336 0.006224995 0.03450631 -0.06317325 0.002224995 0.03450631 -0.06286336 0.002224995 0.03450631 -0.06317325 0.006224995 0.03450631 -0.06317325 0.006224995 0.03248711 -0.06289351 0.002224995 0.03450631 -0.06317325 0.002224995 0.03248711 -0.06289351 0.006224995 0.03248711 -0.06289351 0.006224995 0.03248711 -0.06352662 0.002224995 0.03248711 -0.06289351 0.002224995 0.03248711 -0.06352662 0.006224995 0.03248711 -0.06352662 0.006224995 0.03450631 -0.06380637 0.002224995 0.03248711 -0.06352662 0.002224995 0.03450631 -0.06380637 0.006224995 0.03450631 -0.06380637 0.006224995 0.03450631 -0.06420601 0.002224995 0.03450631 -0.06380637 0.002224995 0.03450631 -0.06420601 0.006224995 0.03450631 -0.06420601 0.006224995 0.03504481 -0.06428173 0.002224995 0.03450631 -0.06420601 0.002224995 0.03504481 -0.06428173 0.006224995 0.03504481 -0.06428173 0.006224995 0.03504481 -0.06388139 0.002224995 0.03504481 -0.06428173 0.002224995 0.03504481 -0.06388139 0.006224995 0.03603201 -0.0640182 0.006224995 0.03607681 -0.06402442 0.002224995 0.03607681 -0.06402442 0.002224995 0.03504481 -0.06388139 0.006224995 0.03504481 -0.06388139 0.002224995 0.03553841 -0.06394979 0.002224995 0.03603201 -0.0640182 0.006224995 0.03607681 -0.06402442 0.006224995 0.03607681 -0.0633913 0.002224995 0.03607681 -0.06402442 0.002224995 0.03607681 -0.0633913 0.002224995 0.03607681 -0.0633913 0.006224995 0.03607681 -0.0633913 0.002224995 0.03603201 -0.06338508 0.006224995 0.03603201 -0.06338508 0.002224995 0.03553841 -0.06331668 0.006224995 0.03504481 -0.06324827 0.002224995 0.03504481 -0.06324827 0.002224995 0.03506721 -0.06046132 0.006224995 0.03506721 -0.06046132 0.006224995 0.03439811 -0.0602947 0.002224995 0.03439811 -0.0602947 0.006224995 0.03370991 -0.06024607 0.002224995 0.03370991 -0.06024607 0.002224995 0.03517941 -0.05858579 0.006224995 0.03517941 -0.05858579 0.006224995 0.03520241 -0.05859069 0.002224995 0.03520241 -0.05859069 0.006224995 0.03530301 -0.05862249 0.002224995 0.03530301 -0.05862249 0.006224995 0.03537071 -0.05866459 0.002224995 0.03537071 -0.05866459 0.006224995 0.03541311 -0.05870399 0.002224995 0.03541311 -0.05870399 0.006224995 0.03545601 -0.05876589 0.002224995 0.03545601 -0.05876589 0.006224995 0.03548341 -0.05883549 0.002224995 0.03548341 -0.05883549 0.006224995 0.03549351 -0.05892239 0.002224995 0.03549351 -0.05892239 0.006224995 0.03154481 -0.05335899 0.002224995 0.03154481 -0.05335899 0.006224995 0.03246471 -0.05390249 0.002224995 0.03283351 -0.05412039 0.006224995 0.03283351 -0.05412039 0.006224995 0.03154481 -0.05335899 0.006224995 0.03154481 -0.05402919 0.002224995 0.03154481 -0.05335899 0.002224995 0.03154481 -0.05402919 0.006224995 0.03504481 -0.05609539 0.002224995 0.03504481 -0.05609539 0.006224995 0.03246471 -0.05457229 0.002224995 0.03154481 -0.05402919 0.006224995 0.03154481 -0.05402919 0.006224995 0.03504481 -0.05609539 0.006224995 0.03504481 -0.05542519 0.002224995 0.03504481 -0.05609539 0.002224995 0.03504481 -0.05542519 0.006224995 0.03504481 -0.05542519 0.006224995 0.03349461 -0.05451019 0.002224995 0.03504481 -0.05542519 0.002224995 0.03349461 -0.05451019 0.006224995 0.03349461 -0.05451019 0.006224995 0.03504481 -0.05398789 0.002224995 0.03349461 -0.05451019 0.002224995 0.03504481 -0.05398789 0.006224995 0.03504481 -0.05398789 0.006224995 0.03504481 -0.05337509 0.002224995 0.03504481 -0.05398789 0.002224995 0.03504481 -0.05337509 0.006224995 0.03504481 -0.05337509 0.006224995 0.03283351 -0.05412039 0.002224995 0.03504481 -0.05337509 0.002224995 0.03283351 -0.05412039 0.006224995 0.03248711 -0.05163069 0.006224995 0.03248711 -0.05226449 0.002224995 0.03248711 -0.05163069 0.002224995 0.03248711 -0.05226449 0.006224995 0.03248711 -0.05226449 0.006224995 0.03344201 -0.05239279 0.002224995 0.03248711 -0.05226449 0.002224995 0.03344201 -0.05239279 0.002224995 0.03344201 -0.05239279 0.006224995 0.03344201 -0.05239279 0.006224995 0.03388901 -0.05247239 0.002224995 0.03388901 -0.05247239 0.006224995 0.03414261 -0.05254979 0.002224995 0.03414261 -0.05254979 0.006224995 0.03428321 -0.05261999 0.002224995 0.03428321 -0.05261999 0.006224995 0.03439891 -0.05271709 0.002224995 0.03439891 -0.05271709 0.006224995 0.03446231 -0.05280119 0.002224995 0.03446231 -0.05280119 0.006224995 0.03449371 -0.05287699 0.002224995 0.03449371 -0.05287699 0.006224995 0.03450631 -0.05296629 0.002224995 0.03450631 -0.05296629 0.002224995 0.03244221 -0.04972929 0.006224995 0.03244221 -0.04972929 0.006224995 0.03244741 -0.04984009 0.002224995 0.03244741 -0.04984009 0.006224995 0.03246471 -0.04992259 0.002224995 0.03249181 -0.05005249 0.006224995 0.03249181 -0.05005249 0.006224995 0.03258131 -0.05023949 0.002224995 0.03258131 -0.05023949 0.006224995 0.03279981 -0.05050819 0.002224995 0.03279981 -0.05050819 0.006224995 0.03279981 -0.05050819 0.006224995 0.03248711 -0.05046399 0.002224995 0.03279981 -0.05050819 0.002224995 0.03248711 -0.05046399 0.006224995 0.03248711 -0.05046399 0.006224995 0.03248711 -0.05109849 0.002224995 0.03248711 -0.05046399 0.002224995 0.03248711 -0.05109849 0.006224995 0.03248711 -0.05109849 0.006224995 0.03504481 -0.05146169 0.002224995 0.03248711 -0.05109849 0.002224995 0.03504481 -0.05146169 0.006224995 0.03504481 -0.05146169 0.006224995 0.03504481 -0.05082719 0.002224995 0.03504481 -0.05146169 0.002224995 0.03504481 -0.05082719 0.006224995 0.03504481 -0.05082719 0.006224995 0.03468581 -0.05077599 0.002224995 0.03504481 -0.05082719 0.002224995 0.03468581 -0.05077599 0.002224995 0.03466411 -0.04762799 0.006224995 0.03466411 -0.04762799 0.006224995 0.03485551 -0.04746959 0.002224995 0.03485551 -0.04746959 0.006224995 0.03498301 -0.04728769 0.002224995 0.03498301 -0.04728769 0.006224995 0.03506011 -0.04708789 0.002224995 0.03506011 -0.04708789 0.006224995 0.03508971 -0.04684689 0.002224995 0.03508971 -0.04684689 0.002224995 0.03508971 -0.04419809 0.006224995 0.03508971 -0.04419809 0.006224995 0.03506051 -0.04396399 0.002224995 0.03506051 -0.04396399 0.006224995 0.03496611 -0.04372109 0.002224995 0.03496611 -0.04372109 0.006224995 0.03476221 -0.04343389 0.002224995 0.03476221 -0.04343389 0.006224995 0.03476221 -0.04343389 0.006224995 0.03504481 -0.04347379 0.002224995 0.03476221 -0.04343389 0.002224995 0.03504481 -0.04347379 0.006224995 0.03504481 -0.04347379 0.006224995 0.03504481 -0.04283999 0.002224995 0.03504481 -0.04347379 0.002224995 0.03504481 -0.04283999 0.006224995 0.03504481 -0.04283999 0.006224995 0.03248711 -0.04247679 0.002224995 0.03504481 -0.04283999 0.002224995 0.03248711 -0.04247679 0.002224995 0.03244221 -0.04068269 0.006224995 0.03244221 -0.04068269 0.006224995 0.03246381 -0.04096689 0.002224995 0.03246381 -0.04096689 0.006224995 0.03246471 -0.04096989 0.002224995 0.03255821 -0.04130739 0.006224995 0.03255821 -0.04130739 0.006224995 0.03272581 -0.04160979 0.002224995 0.03272581 -0.04160979 0.006224995 0.03296181 -0.04185359 0.002224995 0.03296181 -0.04185359 0.006224995 0.03296181 -0.04185359 0.006224995 0.03324361 -0.04130459 0.002224995 0.03296181 -0.04185359 0.002224995 0.03324361 -0.04130459 0.002224995 0.03324361 -0.04130459 0.006224995 0.03324361 -0.04130459 0.006224995 0.03314281 -0.04115389 0.002224995 0.03314281 -0.04115389 0.006224995 0.03305831 -0.04094139 0.002224995 0.03305831 -0.04094139 0.006224995 0.03302561 -0.04068269 0.002224995 0.03302561 -0.04068269 0.002224995 0.03607101 -0.06152895 0.002224995 0.03607681 -0.0616399 0.006224995 0.03607101 -0.06152895 0.006224995 0.03607681 -0.0616399 0.002224995 0.03603201 -0.06136845 0.006224995 0.03603201 -0.06136845 0.002224995 0.03601171 -0.06128528 0.006224995 0.03601171 -0.06128528 0.006224995 0.03587211 -0.06102346 0.002224995 0.03587211 -0.06102346 0.006224995 0.03572741 -0.06085178 0.002224995 0.03572741 -0.06085178 0.002224995 0.03553841 -0.06070716 0.006224995 0.03546421 -0.06065036 0.002224995 0.03546421 -0.06065036 0.006224995 0.03506721 -0.06046132 0.002224995 0.03506721 -0.06046132 0.002224995 0.03549351 -0.05892239 0.006224995 0.03549351 -0.05892239 0.006224995 0.03548741 -0.05898169 0.002224995 0.03548741 -0.05898169 0.006224995 0.03547071 -0.05903509 0.002224995 0.03547071 -0.05903509 0.006224995 0.03544051 -0.05908509 0.002224995 0.03544051 -0.05908509 0.006224995 0.03538641 -0.05913979 0.002224995 0.03538641 -0.05913979 0.006224995 0.03532651 -0.05917739 0.002224995 0.03532651 -0.05917739 0.006224995 0.03524811 -0.05920449 0.002224995 0.03524811 -0.05920449 0.006224995 0.03515141 -0.05921399 0.002224995 0.03515141 -0.05921399 0.002224995 0.03508971 -0.05314579 0.006224995 0.03508971 -0.05314579 0.006224995 0.03508601 -0.05308239 0.002224995 0.03508601 -0.05308239 0.006224995 0.03505761 -0.05295399 0.002224995 0.03505761 -0.05295399 0.006224995 0.03499431 -0.05282489 0.002224995 0.03499431 -0.05282489 0.006224995 0.03488911 -0.05269599 0.002224995 0.03488911 -0.05269599 0.006224995 0.03468581 -0.05253719 0.002224995 0.03468581 -0.05253719 0.006224995 0.03468581 -0.05253719 0.006224995 0.03504481 -0.05258279 0.002224995 0.03468581 -0.05253719 0.002224995 0.03504481 -0.05258279 0.006224995 0.03504481 -0.05258279 0.006224995 0.03504481 -0.05199389 0.002224995 0.03504481 -0.05258279 0.002224995 0.03504481 -0.05199389 0.006224995 0.03504481 -0.05199389 0.006224995 0.03248711 -0.05163069 0.002224995 0.03504481 -0.05199389 0.002224995 0.03248711 -0.05163069 0.002224995 0.03468581 -0.05077599 0.006224995 0.03468581 -0.05077599 0.006224995 0.03486641 -0.05062059 0.002224995 0.03486641 -0.05062059 0.006224995 0.03498251 -0.05045309 0.002224995 0.03498251 -0.05045309 0.006224995 0.03506011 -0.05025059 0.002224995 0.03506011 -0.05025059 0.006224995 0.03508971 -0.05000829 0.002224995 0.03508971 -0.05000829 0.002224995 0.03244221 -0.04656929 0.006224995 0.03244221 -0.04656929 0.006224995 0.03244541 -0.04665599 0.002224995 0.03244541 -0.04665599 0.006224995 0.03246471 -0.04676519 0.002224995 0.03248491 -0.04688009 0.006224995 0.03248491 -0.04688009 0.006224995 0.03257111 -0.04707679 0.002224995 0.03257111 -0.04707679 0.006224995 0.03279421 -0.04736649 0.002224995 0.03279421 -0.04736649 0.006224995 0.03279421 -0.04736649 0.006224995 0.03248711 -0.04732299 0.002224995 0.03279421 -0.04736649 0.002224995 0.03248711 -0.04732299 0.006224995 0.03248711 -0.04732299 0.006224995 0.03248711 -0.04795609 0.002224995 0.03248711 -0.04732299 0.002224995 0.03248711 -0.04795609 0.006224995 0.03603201 -0.04845319 0.006224995 0.03607681 -0.04845949 0.002224995 0.03607681 -0.04845949 0.002224995 0.03248711 -0.04795609 0.006224995 0.03248711 -0.04795609 0.002224995 0.03553841 -0.04838399 0.002224995 0.03603201 -0.04845319 0.006224995 0.03607681 -0.04845949 0.006224995 0.03607681 -0.04782639 0.002224995 0.03607681 -0.04845949 0.002224995 0.03607681 -0.04782639 0.006224995 0.03603201 -0.04782009 0.006224995 0.03466411 -0.04762799 0.002224995 0.03466411 -0.04762799 0.002224995 0.03607681 -0.04782639 0.006224995 0.03607681 -0.04782639 0.002224995 0.03603201 -0.04782009 0.002224995 0.03553841 -0.04775079 0.006224995 0.03248711 -0.04247679 0.006224995 0.03248711 -0.04311069 0.002224995 0.03248711 -0.04247679 0.002224995 0.03248711 -0.04311069 0.006224995 0.03248711 -0.04311069 0.006224995 0.03338031 -0.04323479 0.002224995 0.03248711 -0.04311069 0.002224995 0.03338031 -0.04323479 0.006224995 0.03338431 -0.04323529 0.002224995 0.03338431 -0.04323529 0.006224995 0.03402011 -0.04336379 0.002224995 0.03402011 -0.04336379 0.006224995 0.03417801 -0.04343599 0.002224995 0.03417801 -0.04343599 0.006224995 0.03430961 -0.04353739 0.002224995 0.03430961 -0.04353739 0.006224995 0.03441521 -0.04367149 0.002224995 0.03441521 -0.04367149 0.006224995 0.03448081 -0.04381099 0.002224995 0.03448081 -0.04381099 0.006224995 0.03450631 -0.04397019 0.002224995 0.03450631 -0.04397019 0.002224995 0.03450631 -0.04397019 0.006224995 0.03450631 -0.04397019 0.006224995 0.03449331 -0.04409479 0.002224995 0.03449331 -0.04409479 0.006224995 0.03446891 -0.04416399 0.002224995 0.03446891 -0.04416399 0.002224995 0.03444211 -0.04420719 0.006224995 0.03444211 -0.04420719 0.002224995 0.03443511 -0.04421859 0.006224995 0.03443511 -0.04421859 0.006224995 0.03439341 -0.04426079 0.002224995 0.03439341 -0.04426079 0.006224995 0.03434381 -0.04429169 0.002224995 0.03434381 -0.04429169 0.006224995 0.03428241 -0.04431169 0.002224995 0.03428241 -0.04431169 0.006224995 0.03420211 -0.04431939 0.002224995 0.03420211 -0.04431939 0.002224995 0.03420211 -0.04431939 0.006224995 0.03420211 -0.04431939 0.006224995 0.03404811 -0.04430979 0.002224995 0.03404811 -0.04430979 0.006224995 0.03389501 -0.04429069 0.002224995 0.03389501 -0.04429069 0.002224995 0.03389501 -0.04429069 0.006224995 0.03389501 -0.04429069 0.002224995 0.03330301 -0.04420719 0.006224995 0.03330301 -0.04420719 0.002224995 0.03248711 -0.04409219 0.006224995 0.03248711 -0.04409219 0.002224995 0.03392651 -0.04492869 0.006224995 0.03392651 -0.04492869 0.006224995 0.03414541 -0.04495579 0.002224995 0.03414541 -0.04495579 0.006224995 0.03436541 -0.04496929 0.002224995 0.03436541 -0.04496929 0.006224995 0.03248711 -0.04472609 0.006224995 0.03392651 -0.04492869 0.002224995 0.03248711 -0.04472609 0.002224995 0.03392651 -0.04492869 0.002224995 0.03248711 -0.04409219 0.006224995 0.03248711 -0.04409219 0.002224995 0.03248711 -0.04420719 0.006224995 0.03248711 -0.04420719 0.002224995 0.03248711 -0.04472609 0.006224995 0.03248711 -0.04472609 0.006224995 0.03244221 -0.04068269 0.002224995 0.03244221 -0.04068269 0.006224995 0.03246471 -0.04044239 0.002224995 0.03247411 -0.04034089 0.006224995 0.03247411 -0.04034089 0.002224995 0.03255841 -0.04007159 0.006224995 0.03255841 -0.04007159 0.002224995 0.03268871 -0.03985269 0.006224995 0.03268871 -0.03985269 0.002224995 0.03287151 -0.03966619 0.006224995 0.03287151 -0.03966619 0.002224995 0.03310001 -0.03952779 0.006224995 0.03310001 -0.03952779 0.002224995 0.03334841 -0.03945099 0.006224995 0.03334841 -0.03945099 0.002224995 0.03362711 -0.03942559 0.006224995 0.03362711 -0.03942559 0.002224995 0.03508971 -0.04086919 0.006224995 0.03508971 -0.04086919 0.006224995 0.03507471 -0.04064939 0.002224995 0.03507471 -0.04064939 0.006224995 0.03498661 -0.04032209 0.002224995 0.03498661 -0.04032209 0.006224995 0.03483131 -0.04004309 0.002224995 0.03483131 -0.04004309 0.006224995 0.03459531 -0.03978309 0.002224995 0.03459531 -0.03978309 0.006224995 0.03431711 -0.03958959 0.002224995 0.03431711 -0.03958959 0.006224995 0.03401081 -0.03947179 0.002224995 0.03401081 -0.03947179 0.006224995 0.03362711 -0.03942559 0.002224995 0.03362711 -0.03942559 0.006224995 0.03149991 -0.03735589 0.006224995 0.03152241 -0.03762839 0.002224995 0.03149991 -0.03735589 0.002224995 0.03152951 -0.03771559 0.006224995 0.03152951 -0.03771559 0.006224995 0.03162021 -0.03803069 0.002224995 0.03162021 -0.03803069 0.006224995 0.03178491 -0.03831399 0.002224995 0.03178491 -0.03831399 0.006224995 0.03197831 -0.03851669 0.002224995 0.03197831 -0.03851669 0.006224995 0.03219961 -0.03865499 0.002224995 0.03219961 -0.03865499 0.002224995 0.03248711 -0.03737269 0.006224995 0.03248711 -0.03737269 0.006224995 0.03251981 -0.03765069 0.002224995 0.03251981 -0.03765069 0.006224995 0.03261431 -0.03790379 0.002224995 0.03261431 -0.03790379 0.006224995 0.03279561 -0.03816709 0.002224995 0.03279561 -0.03816709 0.002224995 0.03508971 -0.03458709 0.006224995 0.03508971 -0.03458709 0.006224995 0.03507471 -0.03436739 0.002224995 0.03507471 -0.03436739 0.006224995 0.03498661 -0.03404009 0.002224995 0.03498661 -0.03404009 0.006224995 0.03483131 -0.03376109 0.002224995 0.03483131 -0.03376109 0.006224995 0.03459531 -0.03350099 0.002224995 0.03459531 -0.03350099 0.006224995 0.03431711 -0.03330749 0.002224995 0.03431711 -0.03330749 0.006224995 0.03401081 -0.03318969 0.002224995 0.03401081 -0.03318969 0.006224995 0.03362711 -0.03314349 0.002224995 0.03362711 -0.03314349 0.002224995 0.03598711 -0.03152529 0.006224995 0.03598711 -0.03152529 0.002224995 0.03553841 -0.03146239 0.006224995 0.03248711 -0.03103449 0.002224995 0.03248711 -0.03103449 0.006224995 0.03598711 -0.03216049 0.006224995 0.03598711 -0.03152529 0.002224995 0.03598711 -0.03216049 0.002224995 0.03598711 -0.03152529 0.002224995 0.03307041 -0.03175109 0.006224995 0.03307041 -0.03175109 0.002224995 0.03553841 -0.03209759 0.006224995 0.03598711 -0.03216049 0.002224995 0.03598711 -0.03216049 0.006224995 0.03307041 -0.03282939 0.006224995 0.03307041 -0.03175109 0.002224995 0.03307041 -0.03282939 0.002224995 0.03307041 -0.03175109 0.006224995 0.03248711 -0.03275369 0.006224995 0.03307041 -0.03282939 0.002224995 0.03248711 -0.03275369 0.002224995 0.03307041 -0.03282939 0.006224995 0.03248711 -0.03103449 0.006224995 0.03248711 -0.03275369 0.002224995 0.03248711 -0.03103449 0.002224995 0.03248711 -0.03275369 0.006224995 0.03506771 -0.04440749 0.002224995 0.03500961 -0.04457209 0.006224995 0.03500961 -0.04457209 0.002224995 0.03490581 -0.04472829 0.006224995 0.03490581 -0.04472829 0.002224995 0.03485381 -0.04478199 0.006224995 0.03485381 -0.04478199 0.002224995 0.03471111 -0.04488639 0.006224995 0.03471111 -0.04488639 0.002224995 0.03456861 -0.04494379 0.006224995 0.03456861 -0.04494379 0.002224995 0.03440971 -0.04496779 0.006224995 0.03440971 -0.04496779 0.002224995 0.03436541 -0.04496929 0.006224995 0.03436541 -0.04496929 0.006224995 0.03508971 -0.04419809 0.002224995 0.03508971 -0.04419809 0.006224995 0.03508871 -0.04420719 0.002224995 0.03508871 -0.04420719 0.002224995 0.03506771 -0.04440749 0.002224995 0.03508971 -0.04684689 0.006224995 0.03508971 -0.04684689 0.006224995 0.03508871 -0.04679989 0.002224995 0.03508871 -0.04679989 0.006224995 0.03503691 -0.04647449 0.002224995 0.03503691 -0.04647449 0.006224995 0.03489521 -0.04614769 0.002224995 0.03489521 -0.04614769 0.006224995 0.03468111 -0.04586839 0.002224995 0.03468111 -0.04586839 0.006224995 0.03466051 -0.04584799 0.002224995 0.03466051 -0.04584799 0.006224995 0.03436541 -0.04562769 0.002224995 0.03436541 -0.04562769 0.006224995 0.03403611 -0.04548929 0.002224995 0.03403611 -0.04548929 0.006224995 0.03366641 -0.04543839 0.002224995 0.03366641 -0.04543839 0.006224995 0.03244221 -0.04656929 0.002224995 0.03244221 -0.04656929 0.006224995 0.03246471 -0.04636879 0.002224995 0.03247431 -0.04628239 0.006224995 0.03247431 -0.04628239 0.002224995 0.03255471 -0.04606029 0.006224995 0.03255471 -0.04606029 0.002224995 0.03267831 -0.04587429 0.006224995 0.03267831 -0.04587429 0.002224995 0.03287841 -0.04569099 0.006224995 0.03287841 -0.04569099 0.002224995 0.03312671 -0.04554719 0.006224995 0.03312671 -0.04554719 0.002224995 0.03343661 -0.04545629 0.006224995 0.03343661 -0.04545629 0.002224995 0.03366641 -0.04543839 0.006224995 0.03366641 -0.04543839 0.002224995 0.03508971 -0.05000829 0.006224995 0.03508971 -0.05000829 0.006224995 0.03508761 -0.04993449 0.002224995 0.03508761 -0.04993449 0.006224995 0.03503031 -0.04962109 0.002224995 0.03503031 -0.04962109 0.006224995 0.03488281 -0.04930159 0.002224995 0.03488281 -0.04930159 0.006224995 0.03466121 -0.04902769 0.002224995 0.03466121 -0.04902769 0.006224995 0.03437981 -0.04881899 0.002224995 0.03437981 -0.04881899 0.006224995 0.03403831 -0.04867499 0.002224995 0.03403831 -0.04867499 0.006224995 0.03366641 -0.04862429 0.002224995 0.03366641 -0.04862429 0.006224995 0.03244221 -0.04972929 0.002224995 0.03244221 -0.04972929 0.006224995 0.03246471 -0.04953259 0.002224995 0.03247421 -0.04944939 0.006224995 0.03247421 -0.04944939 0.002224995 0.03255221 -0.04923699 0.006224995 0.03255221 -0.04923699 0.002224995 0.03268581 -0.04904149 0.006224995 0.03268581 -0.04904149 0.002224995 0.03288551 -0.04886589 0.006224995 0.03288551 -0.04886589 0.002224995 0.03313411 -0.04872739 0.006224995 0.03313411 -0.04872739 0.002224995 0.03344011 -0.04864159 0.006224995 0.03344011 -0.04864159 0.002224995 0.03366641 -0.04862429 0.006224995 0.03366641 -0.04862429 0.002224995 0.03450631 -0.05296629 0.006224995 0.03450631 -0.05296629 0.006224995 0.03449541 -0.05302189 0.002224995 0.03449541 -0.05302189 0.006224995 0.03447551 -0.05307499 0.002224995 0.03447551 -0.05307499 0.006224995 0.03447551 -0.05307499 0.006224995 0.03504481 -0.05332319 0.002224995 0.03447551 -0.05307499 0.002224995 0.03504481 -0.05332319 0.002224995 0.03504481 -0.05332319 0.006224995 0.03504481 -0.05332319 0.006224995 0.03507731 -0.05323699 0.002224995 0.03507731 -0.05323699 0.006224995 0.03508971 -0.05314579 0.002224995 0.03508971 -0.05314579 0.002224995 0.03515141 -0.05921399 0.006224995 0.03515141 -0.05921399 0.006224995 0.03502381 -0.05920029 0.002224995 0.03502381 -0.05920029 0.006224995 0.03491331 -0.05916099 0.002224995 0.03491331 -0.05916099 0.006224995 0.03481811 -0.05909679 0.002224995 0.03481811 -0.05909679 0.006224995 0.03474081 -0.05901209 0.002224995 0.03474081 -0.05901209 0.006224995 0.03468951 -0.05891819 0.002224995 0.03468951 -0.05891819 0.006224995 0.03465441 -0.05879549 0.002224995 0.03465441 -0.05879549 0.006224995 0.03464091 -0.05863629 0.002224995 0.03464091 -0.05863629 0.006224995 0.03464091 -0.05863629 0.006224995 0.03410251 -0.05856269 0.002224995 0.03464091 -0.05863629 0.002224995 0.03410251 -0.05856269 0.002224995 0.03410251 -0.05856269 0.006224995 0.03410251 -0.05856269 0.006224995 0.03409331 -0.05866239 0.002224995 0.03409331 -0.05866239 0.006224995 0.03405611 -0.05883909 0.002224995 0.03405611 -0.05883909 0.006224995 0.03400791 -0.05894129 0.002224995 0.03400791 -0.05894129 0.006224995 0.03393761 -0.05902599 0.002224995 0.03393761 -0.05902599 0.006224995 0.03383341 -0.05910259 0.002224995 0.03383341 -0.05910259 0.006224995 0.03371871 -0.05915049 0.002224995 0.03371871 -0.05915049 0.006224995 0.03358021 -0.05916919 0.002224995 0.03358021 -0.05916919 0.002224995 0.03358021 -0.05916919 0.006224995 0.03358021 -0.05916919 0.006224995 0.03349741 -0.05916469 0.002224995 0.03349741 -0.05916469 0.006224995 0.03333741 -0.05912969 0.002224995 0.03333741 -0.05912969 0.006224995 0.03319191 -0.05905689 0.002224995 0.03319191 -0.05905689 0.006224995 0.03309121 -0.05897069 0.002224995 0.03309121 -0.05897069 0.006224995 0.03303201 -0.05888659 0.002224995 0.03303201 -0.05888659 0.006224995 0.03299631 -0.05879219 0.002224995 0.03299631 -0.05879219 0.006224995 0.03298071 -0.05866359 0.002224995 0.03298071 -0.05866359 0.002224995 0.03298071 -0.05866359 0.006224995 0.03298071 -0.05866359 0.006224995 0.03298661 -0.05858189 0.002224995 0.03298661 -0.05858189 0.006224995 0.03301381 -0.05848019 0.002224995 0.03301381 -0.05848019 0.006224995 0.03306271 -0.05839099 0.002224995 0.03306271 -0.05839099 0.006224995 0.03314061 -0.05830679 0.002224995 0.03314061 -0.05830679 0.002224995 0.03314061 -0.05830679 0.006224995 0.03314061 -0.05830679 0.006224995 0.03320741 -0.05826259 0.002224995 0.03320741 -0.05826259 0.006224995 0.03332081 -0.05821819 0.002224995 0.03332081 -0.05821819 0.006224995 0.03351921 -0.05818199 0.002224995 0.03351921 -0.05818199 0.006224995 0.03351921 -0.05818199 0.006224995 0.03351921 -0.05755379 0.002224995 0.03351921 -0.05818199 0.002224995 0.03351921 -0.05755379 0.006224995 0.03239741 -0.05860199 0.002224995 0.03239741 -0.05860199 0.002224995 0.03242941 -0.05832519 0.002224995 0.03351921 -0.05755379 0.006224995 0.03351921 -0.05755379 0.006224995 0.03332441 -0.05756549 0.002224995 0.03332441 -0.05756549 0.006224995 0.03307451 -0.05762359 0.002224995 0.03307451 -0.05762359 0.006224995 0.03284841 -0.05773489 0.002224995 0.03284841 -0.05773489 0.006224995 0.03265781 -0.05789839 0.002224995 0.03265781 -0.05789839 0.006224995 0.03251291 -0.05810399 0.002224995 0.03251291 -0.05810399 0.006224995 0.03246471 -0.05823179 0.006224995 0.03242941 -0.05832519 0.002224995 0.03239741 -0.05860199 0.006224995 0.03239741 -0.05860199 0.006224995 0.03240661 -0.05876239 0.002224995 0.03240661 -0.05876239 0.006224995 0.03246471 -0.05900939 0.002224995 0.03247101 -0.05903619 0.006224995 0.03247101 -0.05903619 0.006224995 0.03259231 -0.05927349 0.002224995 0.03259231 -0.05927349 0.006224995 0.03280061 -0.05951315 0.002224995 0.03280061 -0.05951315 0.006224995 0.03301231 -0.05966446 0.002224995 0.03301231 -0.05966446 0.006224995 0.03324401 -0.05975816 0.002224995 0.03324401 -0.05975816 0.006224995 0.03354651 -0.05979735 0.002224995 0.03354651 -0.05979735 0.002224995 0.03354651 -0.05979735 0.006224995 0.03354651 -0.05979735 0.006224995 0.03366101 -0.05979145 0.002224995 0.03366101 -0.05979145 0.006224995 0.03385371 -0.05974857 0.002224995 0.03385371 -0.05974857 0.006224995 0.03402751 -0.059666 0.002224995 0.03402751 -0.059666 0.006224995 0.03418761 -0.05953563 0.002224995 0.03418761 -0.05953563 0.006224995 0.03434861 -0.05932759 0.002224995 0.03434861 -0.05932759 0.002224995 0.03434861 -0.05932759 0.006224995 0.03434861 -0.05932759 0.006224995 0.03454891 -0.05957291 0.002224995 0.03454891 -0.05957291 0.006224995 0.03473851 -0.05971634 0.002224995 0.03473851 -0.05971634 0.006224995 0.03495551 -0.05981 0.002224995 0.03495551 -0.05981 0.006224995 0.03518641 -0.05984222 0.002224995 0.03518641 -0.05984222 0.006224995 0.03607681 -0.05895809 0.002224995 0.03607681 -0.05895809 0.002224995 0.03604911 -0.05918739 0.006224995 0.03552281 -0.0597741 0.002224995 0.03533311 -0.05982984 0.006224995 0.03533311 -0.05982984 0.002224995 0.03518641 -0.05984222 0.006224995 0.03518641 -0.05984222 0.002224995 0.03570791 -0.05967404 0.002224995 0.03553841 -0.05976569 0.002224995 0.03552281 -0.0597741 0.006224995 0.03570791 -0.05967404 0.006224995 0.03585661 -0.05954531 0.002224995 0.03585661 -0.05954531 0.006224995 0.03597701 -0.05937409 0.002224995 0.03597701 -0.05937409 0.002224995 0.03603201 -0.05923159 0.006224995 0.03603201 -0.05923159 0.006224995 0.03604911 -0.05918739 0.002224995 0.03605581 -0.05873619 0.002224995 0.03607681 -0.05895809 0.006224995 0.03605581 -0.05873619 0.006224995 0.03607681 -0.05895809 0.002224995 0.03603201 -0.05866229 0.006224995 0.03603201 -0.05866229 0.002224995 0.03598231 -0.05850819 0.006224995 0.03598231 -0.05850819 0.006224995 0.03584971 -0.05830229 0.002224995 0.03584971 -0.05830229 0.006224995 0.03582181 -0.05827039 0.002224995 0.03582181 -0.05827039 0.006224995 0.03564301 -0.05811859 0.002224995 0.03564301 -0.05811859 0.002224995 0.03553841 -0.05806709 0.006224995 0.03543961 -0.05801839 0.002224995 0.03543961 -0.05801839 0.006224995 0.03517941 -0.05795759 0.002224995 0.03517941 -0.05795759 0.006224995 0.03517941 -0.05795759 0.006224995 0.03517941 -0.05858579 0.002224995 0.03517941 -0.05795759 0.002224995 0.03517941 -0.05858579 0.006224995 0.03239741 -0.06115262 0.002224995 0.03239741 -0.06115262 0.002224995 0.03242271 -0.06094575 0.002224995 0.03370991 -0.06024607 0.006224995 0.03370991 -0.06024607 0.006224995 0.03336391 -0.06026638 0.002224995 0.03336391 -0.06026638 0.006224995 0.03300781 -0.06035159 0.002224995 0.03300781 -0.06035159 0.006224995 0.03274301 -0.06049267 0.002224995 0.03274301 -0.06049267 0.006224995 0.03260021 -0.06061868 0.002224995 0.03260021 -0.06061868 0.006224995 0.03248901 -0.06077568 0.002224995 0.03248901 -0.06077568 0.006224995 0.03246471 -0.06083814 0.006224995 0.03242271 -0.06094575 0.002224995 0.03239741 -0.06115262 0.006224995 0.03239741 -0.06115262 0.006224995 0.03240031 -0.06123415 0.002224995 0.03240031 -0.06123415 0.006224995 0.03244621 -0.06147002 0.002224995 0.03244621 -0.06147002 0.006224995 0.03246471 -0.06151063 0.002224995 0.03255521 -0.06170964 0.006224995 0.03255521 -0.06170964 0.006224995 0.03267731 -0.06188089 0.002224995 0.03267731 -0.06188089 0.006224995 0.03290241 -0.06208509 0.002224995 0.03290241 -0.06208509 0.006224995 0.03323581 -0.06228043 0.002224995 0.03323581 -0.06228043 0.006224995 0.03386131 -0.06249441 0.002224995 0.03386131 -0.06249441 0.006224995 0.03468091 -0.0625794 0.002224995 0.03468091 -0.0625794 0.006224995 0.03607681 -0.0616399 0.002224995 0.03607681 -0.0616399 0.002224995 0.03605211 -0.06184149 0.002224995 0.03468091 -0.0625794 0.006224995 0.03468091 -0.0625794 0.006224995 0.03512591 -0.06254538 0.002224995 0.03512591 -0.06254538 0.006224995 0.03548241 -0.06244497 0.002224995 0.03548241 -0.06244497 0.002224995 0.03553841 -0.06241415 0.006224995 0.03569661 -0.06232704 0.002224995 0.03569661 -0.06232704 0.006224995 0.03588981 -0.06215102 0.002224995 0.03588981 -0.06215102 0.006224995 0.03598661 -0.06200965 0.002224995 0.03598661 -0.06200965 0.002224995 0.03603201 -0.06189306 0.006224995 0.03603201 -0.06189306 0.006224995 0.03605211 -0.06184149 0.006224995 0.03248711 -0.0643294 0.006224995 0.03248711 -0.06496322 0.002224995 0.03248711 -0.0643294 0.002224995 0.03248711 -0.06496322 0.006224995 0.03248711 -0.06496322 0.006224995 0.03339931 -0.06509082 0.002224995 0.03248711 -0.06496322 0.002224995 0.03339931 -0.06509082 0.006224995 0.03349481 -0.06510471 0.002224995 0.03349481 -0.06510471 0.006224995 0.03404751 -0.06522676 0.002224995 0.03404751 -0.06522676 0.006224995 0.03421951 -0.06531559 0.002224995 0.03421951 -0.06531559 0.006224995 0.03433761 -0.06541868 0.002224995 0.03433761 -0.06541868 0.006224995 0.03443271 -0.06555392 0.002224995 0.03443271 -0.06555392 0.006224995 0.03448791 -0.06568789 0.002224995 0.03448791 -0.06568789 0.006224995 0.03450631 -0.0658242 0.002224995 0.03450631 -0.0658242 0.002224995 0.03450631 -0.0658242 0.006224995 0.03450631 -0.0658242 0.006224995 0.03449821 -0.0659243 0.002224995 0.03449821 -0.0659243 0.006224995 0.03447751 -0.0659978 0.002224995 0.03447751 -0.0659978 0.006224995 0.03444141 -0.0660636 0.002224995 0.03444141 -0.0660636 0.006224995 0.03439931 -0.06610867 0.002224995 0.03439931 -0.06610867 0.006224995 0.03434401 -0.06614411 0.002224995 0.03434401 -0.06614411 0.006224995 0.03428241 -0.06616425 0.002224995 0.03428241 -0.06616425 0.006224995 0.03420211 -0.06617195 0.002224995 0.03420211 -0.06617195 0.002224995 0.03420211 -0.06617195 0.006224995 0.03420211 -0.06617195 0.006224995 0.03404811 -0.06616238 0.002224995 0.03404811 -0.06616238 0.006224995 0.03389501 -0.06614321 0.002224995 0.03389501 -0.06614321 0.006224995 0.03389501 -0.06614321 0.006224995 0.03248711 -0.06594479 0.002224995 0.03389501 -0.06614321 0.002224995 0.03248711 -0.06594479 0.006224995 0.03248711 -0.06594479 0.006224995 0.03248711 -0.0665786 0.002224995 0.03248711 -0.06594479 0.002224995 0.03248711 -0.0665786 0.006224995 0.03248711 -0.0665786 0.006224995 0.03392651 -0.06678123 0.002224995 0.03248711 -0.0665786 0.002224995 0.03392651 -0.06678123 0.002224995 0.03392651 -0.06678123 0.006224995 0.03392651 -0.06678123 0.006224995 0.03414541 -0.06680837 0.002224995 0.03414541 -0.06680837 0.006224995 0.03436541 -0.06682189 0.002224995 0.03436541 -0.06682189 0.002224995 0.03436541 -0.06682189 0.006224995 0.03436541 -0.06682189 0.006224995 0.03452451 -0.06680667 0.002224995 0.03452451 -0.06680667 0.006224995 0.03468121 -0.0667544 0.002224995 0.03468121 -0.0667544 0.006224995 0.03481251 -0.06667066 0.002224995 0.03481251 -0.06667066 0.006224995 0.03491851 -0.06656587 0.002224995 0.03491851 -0.06656587 0.006224995 0.03500981 -0.06642422 0.002224995 0.03500981 -0.06642422 0.006224995 0.03506771 -0.06625852 0.002224995 0.03506771 -0.06625852 0.006224995 0.03508971 -0.06604856 0.002224995 0.03508971 -0.06604856 0.002224995 0.03477351 -0.0619512 0.002224995 0.03470831 -0.06100951 0.002224995 0.03489571 -0.06194865 0.002224995 0.03490871 -0.06107167 0.002224995 0.03342821 -0.06088773 0.002224995 0.03357821 -0.06087658 0.002224995 0.03364191 -0.06178515 0.002224995 0.03371061 -0.06087428 0.002224995 0.03384741 -0.06184365 0.002224995 0.03426981 -0.06192147 0.002224995 0.03449211 -0.06095584 0.002224995 0.03449261 -0.06194213 0.002224995 0.03474081 -0.06195061 0.002224995 0.03377781 -0.0608756 0.002224995 0.03399331 -0.06088445 0.002224995 0.03406121 -0.06189011 0.002224995 0.03419451 -0.06090477 0.002224995 0.03441741 -0.06094066 0.002224995 0.03507651 -0.06113747 0.002224995 0.03519011 -0.0611916 0.002224995 0.03529601 -0.06125669 0.002224995 0.03515351 -0.06191452 0.002224995 0.03504001 -0.06193557 0.002224995 0.03539711 -0.06134549 0.002224995 0.03537011 -0.06131668 0.002224995 0.03530811 -0.06185732 0.002224995 0.03523581 -0.06189044 0.002224995 0.03549141 -0.0616091 0.002224995 0.03537151 -0.06181488 0.002224995 0.03346101 -0.06172025 0.002224995 0.03334361 -0.06166864 0.002224995 0.03331821 -0.06090343 0.002224995 0.03323471 -0.06160714 0.002224995 0.03322271 -0.06092772 0.002224995 0.03316761 -0.06155807 0.002224995 0.03544081 -0.06140164 0.002224995 0.03546941 -0.06145554 0.002224995 0.03548671 -0.06151135 0.002224995 0.03549351 -0.0615747 0.002224995 0.03542091 -0.061768 0.002224995 0.03547901 -0.06166752 0.002224995 0.03545621 -0.0617195 0.002224995 0.03310051 -0.06149103 0.002224995 0.03304351 -0.06141627 0.002224995 0.03300701 -0.06134921 0.002224995 0.03298871 -0.06129233 0.002224995 0.03298071 -0.06122554 0.002224995 0.03298201 -0.06119273 0.002224995 0.03301551 -0.06108426 0.002224995 0.03304991 -0.06103589 0.002224995 0.03299391 -0.06113544 0.002224995 0.03310101 -0.06098849 0.002224995 0.03315731 -0.06095373 0.006224995 0.03489571 -0.06194865 0.006224995 0.03490871 -0.06107167 0.006224995 0.03477351 -0.0619512 0.006224995 0.03470831 -0.06100951 0.006224995 0.03474081 -0.06195061 0.006224995 0.03406121 -0.06189011 0.006224995 0.03399331 -0.06088445 0.006224995 0.03384741 -0.06184365 0.006224995 0.03377781 -0.0608756 0.006224995 0.03364191 -0.06178515 0.006224995 0.03449261 -0.06194213 0.006224995 0.03449211 -0.06095584 0.006224995 0.03426981 -0.06192147 0.006224995 0.03441741 -0.06094066 0.006224995 0.03419451 -0.06090477 0.006224995 0.03529601 -0.06125669 0.006224995 0.03519011 -0.0611916 0.006224995 0.03507651 -0.06113747 0.006224995 0.03504001 -0.06193557 0.006224995 0.03515351 -0.06191452 0.006224995 0.03539711 -0.06134549 0.006224995 0.03523581 -0.06189044 0.006224995 0.03537011 -0.06131668 0.006224995 0.03304351 -0.06141627 0.006224995 0.03310051 -0.06149103 0.006224995 0.03322271 -0.06092772 0.006224995 0.03371061 -0.06087428 0.006224995 0.03357821 -0.06087658 0.006224995 0.03346101 -0.06172025 0.006224995 0.03342821 -0.06088773 0.006224995 0.03334361 -0.06166864 0.006224995 0.03331821 -0.06090343 0.006224995 0.03323471 -0.06160714 0.006224995 0.03316761 -0.06155807 0.006224995 0.03298201 -0.06119273 0.006224995 0.03298071 -0.06122554 0.006224995 0.03548671 -0.06151135 0.006224995 0.03546941 -0.06145554 0.006224995 0.03544081 -0.06140164 0.006224995 0.03530811 -0.06185732 0.006224995 0.03537151 -0.06181488 0.006224995 0.03549141 -0.0616091 0.006224995 0.03542091 -0.061768 0.006224995 0.03547901 -0.06166752 0.006224995 0.03545621 -0.0617195 0.006224995 0.03549351 -0.0615747 0.006224995 0.03298871 -0.06129233 0.006224995 0.03300701 -0.06134921 0.006224995 0.03315731 -0.06095373 0.006224995 0.03310101 -0.06098849 0.006224995 0.03299391 -0.06113544 0.006224995 0.03304991 -0.06103589 0.006224995 0.03301551 -0.06108426 0.002224995 0.03549351 -0.0615747 0.006224995 0.03549351 -0.0615747 0.006224995 0.03549141 -0.0616091 0.002224995 0.03549141 -0.0616091 0.006224995 0.03547901 -0.06166752 0.002224995 0.03547901 -0.06166752 0.006224995 0.03545621 -0.0617195 0.002224995 0.03545621 -0.0617195 0.006224995 0.03542091 -0.061768 0.002224995 0.03542091 -0.061768 0.006224995 0.03537151 -0.06181488 0.002224995 0.03537151 -0.06181488 0.006224995 0.03530811 -0.06185732 0.002224995 0.03530811 -0.06185732 0.006224995 0.03523581 -0.06189044 0.002224995 0.03523581 -0.06189044 0.006224995 0.03515351 -0.06191452 0.002224995 0.03515351 -0.06191452 0.006224995 0.03504001 -0.06193557 0.002224995 0.03504001 -0.06193557 0.006224995 0.03489571 -0.06194865 0.002224995 0.03489571 -0.06194865 0.006224995 0.03477351 -0.0619512 0.002224995 0.03477351 -0.0619512 0.002224995 0.03537011 -0.06131668 0.006224995 0.03537011 -0.06131668 0.006224995 0.03539711 -0.06134549 0.002224995 0.03539711 -0.06134549 0.006224995 0.03544081 -0.06140164 0.002224995 0.03544081 -0.06140164 0.006224995 0.03546941 -0.06145554 0.002224995 0.03546941 -0.06145554 0.006224995 0.03548671 -0.06151135 0.002224995 0.03548671 -0.06151135 0.006224995 0.03549351 -0.0615747 0.002224995 0.03549351 -0.0615747 0.002224995 0.03298071 -0.06122554 0.006224995 0.03298071 -0.06122554 0.006224995 0.03298201 -0.06119273 0.002224995 0.03298201 -0.06119273 0.006224995 0.03299391 -0.06113544 0.002224995 0.03299391 -0.06113544 0.006224995 0.03301551 -0.06108426 0.002224995 0.03301551 -0.06108426 0.006224995 0.03304991 -0.06103589 0.002224995 0.03304991 -0.06103589 0.006224995 0.03310101 -0.06098849 0.002224995 0.03310101 -0.06098849 0.006224995 0.03315731 -0.06095373 0.002224995 0.03315731 -0.06095373 0.006224995 0.03322271 -0.06092772 0.002224995 0.03322271 -0.06092772 0.006224995 0.03331821 -0.06090343 0.002224995 0.03331821 -0.06090343 0.006224995 0.03342821 -0.06088773 0.002224995 0.03342821 -0.06088773 0.006224995 0.03357821 -0.06087658 0.002224995 0.03357821 -0.06087658 0.006224995 0.03371061 -0.06087428 0.002224995 0.03371061 -0.06087428 0.002224995 0.03477351 -0.0619512 0.006224995 0.03477351 -0.0619512 0.006224995 0.03474081 -0.06195061 0.002224995 0.03474081 -0.06195061 0.006224995 0.03449261 -0.06194213 0.002224995 0.03449261 -0.06194213 0.006224995 0.03426981 -0.06192147 0.002224995 0.03426981 -0.06192147 0.006224995 0.03406121 -0.06189011 0.002224995 0.03406121 -0.06189011 0.006224995 0.03384741 -0.06184365 0.002224995 0.03384741 -0.06184365 0.006224995 0.03364191 -0.06178515 0.002224995 0.03364191 -0.06178515 0.006224995 0.03346101 -0.06172025 0.002224995 0.03346101 -0.06172025 0.006224995 0.03334361 -0.06166864 0.002224995 0.03334361 -0.06166864 0.006224995 0.03323471 -0.06160714 0.002224995 0.03323471 -0.06160714 0.006224995 0.03316761 -0.06155807 0.002224995 0.03316761 -0.06155807 0.006224995 0.03310051 -0.06149103 0.002224995 0.03310051 -0.06149103 0.006224995 0.03304351 -0.06141627 0.002224995 0.03304351 -0.06141627 0.006224995 0.03300701 -0.06134921 0.002224995 0.03300701 -0.06134921 0.006224995 0.03298871 -0.06129233 0.002224995 0.03298871 -0.06129233 0.006224995 0.03298071 -0.06122554 0.002224995 0.03298071 -0.06122554 0.002224995 0.03371061 -0.06087428 0.006224995 0.03371061 -0.06087428 0.006224995 0.03377781 -0.0608756 0.002224995 0.03377781 -0.0608756 0.006224995 0.03399331 -0.06088445 0.002224995 0.03399331 -0.06088445 0.006224995 0.03419451 -0.06090477 0.002224995 0.03419451 -0.06090477 0.006224995 0.03441741 -0.06094066 0.002224995 0.03441741 -0.06094066 0.006224995 0.03449211 -0.06095584 0.002224995 0.03449211 -0.06095584 0.006224995 0.03470831 -0.06100951 0.002224995 0.03470831 -0.06100951 0.006224995 0.03490871 -0.06107167 0.002224995 0.03490871 -0.06107167 0.006224995 0.03507651 -0.06113747 0.002224995 0.03507651 -0.06113747 0.006224995 0.03519011 -0.0611916 0.002224995 0.03519011 -0.0611916 0.006224995 0.03529601 -0.06125669 0.002224995 0.03529601 -0.06125669 0.006224995 0.03537011 -0.06131668 0.002224995 0.03537011 -0.06131668 0.002224995 0.03358631 -0.04606989 0.002224995 0.03366291 -0.04606659 0.002224995 0.03302561 -0.04670319 0.002224995 0.03450221 -0.04678389 0.002224995 0.03450631 -0.04687359 0.002224995 0.03387321 -0.04751719 0.002224995 0.03364531 -0.04748559 0.002224995 0.03355091 -0.04745369 0.002224995 0.03346571 -0.04741439 0.002224995 0.03337961 -0.04736489 0.002224995 0.03373031 -0.04606859 0.002224995 0.03382641 -0.04607899 0.002224995 0.03372941 -0.04750519 0.002224995 0.03391551 -0.04609749 0.002224995 0.03381061 -0.04751449 0.002224995 0.03400291 -0.04612629 0.002224995 0.03408441 -0.04616319 0.002224995 0.03394981 -0.04751379 0.002224995 0.03450181 -0.04696579 0.002224995 0.03448811 -0.04704929 0.002224995 0.03416081 -0.04620929 0.002224995 0.03422761 -0.04626119 0.002224995 0.03428851 -0.04631959 0.002224995 0.03446701 -0.04712359 0.002224995 0.03443911 -0.04718959 0.002224995 0.03402981 -0.04750199 0.002224995 0.03306261 -0.04696319 0.002224995 0.03304071 -0.04687459 0.002224995 0.03302941 -0.04678809 0.002224995 0.03434501 -0.04638539 0.002224995 0.03439421 -0.04645699 0.002224995 0.03443311 -0.04652949 0.002224995 0.03424401 -0.04741399 0.002224995 0.03417841 -0.04745189 0.002224995 0.03430431 -0.04736679 0.002224995 0.03435801 -0.04731179 0.002224995 0.03440551 -0.04724979 0.002224995 0.03411191 -0.04747979 0.002224995 0.03446551 -0.04661029 0.002224995 0.03448891 -0.04669809 0.002224995 0.03330431 -0.04731159 0.002224995 0.03323571 -0.04725139 0.002224995 0.03317961 -0.04718899 0.002224995 0.03303021 -0.04661509 0.002224995 0.03304351 -0.04653489 0.002224995 0.03306531 -0.04645879 0.002224995 0.03329311 -0.04616799 0.002224995 0.03335421 -0.04613259 0.002224995 0.03342091 -0.04610509 0.002224995 0.03313101 -0.04711839 0.002224995 0.03309101 -0.04704069 0.002224995 0.03309551 -0.04638869 0.002224995 0.03313271 -0.04632669 0.002224995 0.03318051 -0.04626599 0.002224995 0.03323411 -0.04621239 0.002224995 0.03350461 -0.04608189 0.006224995 0.03400291 -0.04612629 0.006224995 0.03391551 -0.04609749 0.006224995 0.03387321 -0.04751719 0.006224995 0.03381061 -0.04751449 0.006224995 0.03372941 -0.04750519 0.006224995 0.03382641 -0.04607899 0.006224995 0.03364531 -0.04748559 0.006224995 0.03373031 -0.04606859 0.006224995 0.03366291 -0.04606659 0.006224995 0.03355091 -0.04745369 0.006224995 0.03346571 -0.04741439 0.006224995 0.03439421 -0.04645699 0.006224995 0.03434501 -0.04638539 0.006224995 0.03428851 -0.04631959 0.006224995 0.03422761 -0.04626119 0.006224995 0.03302941 -0.04678809 0.006224995 0.03302561 -0.04670319 0.006224995 0.03358631 -0.04606989 0.006224995 0.03303021 -0.04661509 0.006224995 0.03304351 -0.04653489 0.006224995 0.03323571 -0.04725139 0.006224995 0.03330431 -0.04731159 0.006224995 0.03337961 -0.04736489 0.006224995 0.03448811 -0.04704929 0.006224995 0.03450181 -0.04696579 0.006224995 0.03394981 -0.04751379 0.006224995 0.03450631 -0.04687359 0.006224995 0.03450221 -0.04678389 0.006224995 0.03448891 -0.04669809 0.006224995 0.03435801 -0.04731179 0.006224995 0.03440551 -0.04724979 0.006224995 0.03402981 -0.04750199 0.006224995 0.03443911 -0.04718959 0.006224995 0.03446701 -0.04712359 0.006224995 0.03416081 -0.04620929 0.006224995 0.03408441 -0.04616319 0.006224995 0.03342091 -0.04610509 0.006224995 0.03335421 -0.04613259 0.006224995 0.03329311 -0.04616799 0.006224995 0.03323411 -0.04621239 0.006224995 0.03318051 -0.04626599 0.006224995 0.03313271 -0.04632669 0.006224995 0.03304071 -0.04687459 0.006224995 0.03306261 -0.04696319 0.006224995 0.03309101 -0.04704069 0.006224995 0.03411191 -0.04747979 0.006224995 0.03417841 -0.04745189 0.006224995 0.03430431 -0.04736679 0.006224995 0.03424401 -0.04741399 0.006224995 0.03446551 -0.04661029 0.006224995 0.03443311 -0.04652949 0.006224995 0.03350461 -0.04608189 0.006224995 0.03309551 -0.04638869 0.006224995 0.03306531 -0.04645879 0.006224995 0.03313101 -0.04711839 0.006224995 0.03317961 -0.04718899 0.002224995 0.03302561 -0.04670319 0.006224995 0.03302561 -0.04670319 0.006224995 0.03303021 -0.04661509 0.002224995 0.03303021 -0.04661509 0.006224995 0.03304351 -0.04653489 0.002224995 0.03304351 -0.04653489 0.006224995 0.03306531 -0.04645879 0.002224995 0.03306531 -0.04645879 0.006224995 0.03309551 -0.04638869 0.002224995 0.03309551 -0.04638869 0.006224995 0.03313271 -0.04632669 0.002224995 0.03313271 -0.04632669 0.006224995 0.03318051 -0.04626599 0.002224995 0.03318051 -0.04626599 0.006224995 0.03323411 -0.04621239 0.002224995 0.03323411 -0.04621239 0.006224995 0.03329311 -0.04616799 0.002224995 0.03329311 -0.04616799 0.006224995 0.03335421 -0.04613259 0.002224995 0.03335421 -0.04613259 0.006224995 0.03342091 -0.04610509 0.002224995 0.03342091 -0.04610509 0.006224995 0.03350461 -0.04608189 0.002224995 0.03350461 -0.04608189 0.006224995 0.03358631 -0.04606989 0.002224995 0.03358631 -0.04606989 0.006224995 0.03366291 -0.04606659 0.002224995 0.03366291 -0.04606659 0.002224995 0.03387321 -0.04751719 0.006224995 0.03387321 -0.04751719 0.006224995 0.03381061 -0.04751449 0.002224995 0.03381061 -0.04751449 0.006224995 0.03372941 -0.04750519 0.002224995 0.03372941 -0.04750519 0.006224995 0.03364531 -0.04748559 0.002224995 0.03364531 -0.04748559 0.006224995 0.03355091 -0.04745369 0.002224995 0.03355091 -0.04745369 0.006224995 0.03346571 -0.04741439 0.002224995 0.03346571 -0.04741439 0.006224995 0.03337961 -0.04736489 0.002224995 0.03337961 -0.04736489 0.006224995 0.03330431 -0.04731159 0.002224995 0.03330431 -0.04731159 0.006224995 0.03323571 -0.04725139 0.002224995 0.03323571 -0.04725139 0.006224995 0.03317961 -0.04718899 0.002224995 0.03317961 -0.04718899 0.006224995 0.03313101 -0.04711839 0.002224995 0.03313101 -0.04711839 0.006224995 0.03309101 -0.04704069 0.002224995 0.03309101 -0.04704069 0.006224995 0.03306261 -0.04696319 0.002224995 0.03306261 -0.04696319 0.006224995 0.03304071 -0.04687459 0.002224995 0.03304071 -0.04687459 0.006224995 0.03302941 -0.04678809 0.002224995 0.03302941 -0.04678809 0.006224995 0.03302561 -0.04670319 0.002224995 0.03302561 -0.04670319 0.002224995 0.03366291 -0.04606659 0.006224995 0.03366291 -0.04606659 0.006224995 0.03373031 -0.04606859 0.002224995 0.03373031 -0.04606859 0.006224995 0.03382641 -0.04607899 0.002224995 0.03382641 -0.04607899 0.006224995 0.03391551 -0.04609749 0.002224995 0.03391551 -0.04609749 0.006224995 0.03400291 -0.04612629 0.002224995 0.03400291 -0.04612629 0.006224995 0.03408441 -0.04616319 0.002224995 0.03408441 -0.04616319 0.006224995 0.03416081 -0.04620929 0.002224995 0.03416081 -0.04620929 0.006224995 0.03422761 -0.04626119 0.002224995 0.03422761 -0.04626119 0.006224995 0.03428851 -0.04631959 0.002224995 0.03428851 -0.04631959 0.006224995 0.03434501 -0.04638539 0.002224995 0.03434501 -0.04638539 0.006224995 0.03439421 -0.04645699 0.002224995 0.03439421 -0.04645699 0.006224995 0.03443311 -0.04652949 0.002224995 0.03443311 -0.04652949 0.006224995 0.03446551 -0.04661029 0.002224995 0.03446551 -0.04661029 0.006224995 0.03448891 -0.04669809 0.002224995 0.03448891 -0.04669809 0.006224995 0.03450221 -0.04678389 0.002224995 0.03450221 -0.04678389 0.006224995 0.03450631 -0.04687359 0.002224995 0.03450631 -0.04687359 0.002224995 0.03450631 -0.04687359 0.006224995 0.03450631 -0.04687359 0.006224995 0.03450181 -0.04696579 0.002224995 0.03450181 -0.04696579 0.006224995 0.03448811 -0.04704929 0.002224995 0.03448811 -0.04704929 0.006224995 0.03446701 -0.04712359 0.002224995 0.03446701 -0.04712359 0.006224995 0.03443911 -0.04718959 0.002224995 0.03443911 -0.04718959 0.006224995 0.03440551 -0.04724979 0.002224995 0.03440551 -0.04724979 0.006224995 0.03435801 -0.04731179 0.002224995 0.03435801 -0.04731179 0.006224995 0.03430431 -0.04736679 0.002224995 0.03430431 -0.04736679 0.006224995 0.03424401 -0.04741399 0.002224995 0.03424401 -0.04741399 0.006224995 0.03417841 -0.04745189 0.002224995 0.03417841 -0.04745189 0.006224995 0.03411191 -0.04747979 0.002224995 0.03411191 -0.04747979 0.006224995 0.03402981 -0.04750199 0.002224995 0.03402981 -0.04750199 0.006224995 0.03394981 -0.04751379 0.002224995 0.03394981 -0.04751379 0.006224995 0.03387321 -0.04751719 0.002224995 0.03387321 -0.04751719 0.002224995 0.03450241 -0.03759389 0.002224995 0.03450631 -0.03768259 0.002224995 0.03386851 -0.03832349 0.002224995 0.03450321 -0.03775589 0.002224995 0.03390201 -0.03832479 0.002224995 0.03405291 -0.03830809 0.002224995 0.03397791 -0.03832079 0.002224995 0.03447261 -0.03791229 0.002224995 0.03368881 -0.03686789 0.002224995 0.03307041 -0.03751219 0.002224995 0.03307361 -0.03743559 0.002224995 0.03421371 -0.03705199 0.002224995 0.03428721 -0.03712089 0.002224995 0.03352281 -0.03688539 0.002224995 0.03361361 -0.03687119 0.002224995 0.03310431 -0.03727279 0.002224995 0.03414441 -0.03699979 0.002224995 0.03434211 -0.03718469 0.002224995 0.03439321 -0.03725969 0.002224995 0.03443481 -0.03733739 0.002224995 0.03446691 -0.03741889 0.002224995 0.03448961 -0.03750739 0.002224995 0.03449321 -0.03783099 0.002224995 0.03371841 -0.03686849 0.002224995 0.03369371 -0.03830029 0.002224995 0.03360131 -0.03827199 0.002224995 0.03351131 -0.03823299 0.002224995 0.03314241 -0.03785489 0.002224995 0.03311261 -0.03777749 0.002224995 0.03308571 -0.03734639 0.002224995 0.03380781 -0.03687509 0.002224995 0.03389501 -0.03689109 0.002224995 0.03377791 -0.03831619 0.002224995 0.03398291 -0.03691759 0.002224995 0.03406511 -0.03695349 0.002224995 0.03308671 -0.03767979 0.002224995 0.03307471 -0.03759999 0.002224995 0.03338731 -0.03693379 0.002224995 0.03345521 -0.03690489 0.002224995 0.03316891 -0.03713359 0.002224995 0.03444731 -0.03797799 0.002224995 0.03440991 -0.03804739 0.002224995 0.03436631 -0.03810789 0.002224995 0.03431031 -0.03816809 0.002224995 0.03425271 -0.03821589 0.002224995 0.03419151 -0.03825549 0.002224995 0.03412941 -0.03828429 0.002224995 0.03343281 -0.03818889 0.002224995 0.03335971 -0.03813679 0.002224995 0.03329301 -0.03807619 0.002224995 0.03313151 -0.03720109 0.002224995 0.03323371 -0.03800759 0.002224995 0.03318291 -0.03793199 0.002224995 0.03332651 -0.03696949 0.002224995 0.03321451 -0.03707089 0.002224995 0.03326811 -0.03701529 0.006224995 0.03450321 -0.03775589 0.006224995 0.03450631 -0.03768259 0.006224995 0.03386851 -0.03832349 0.006224995 0.03390201 -0.03832479 0.006224995 0.03397791 -0.03832079 0.006224995 0.03449321 -0.03783099 0.006224995 0.03343281 -0.03818889 0.006224995 0.03351131 -0.03823299 0.006224995 0.03368881 -0.03686789 0.006224995 0.03310431 -0.03727279 0.006224995 0.03308571 -0.03734639 0.006224995 0.03361361 -0.03687119 0.006224995 0.03307361 -0.03743559 0.006224995 0.03335971 -0.03813679 0.006224995 0.03360131 -0.03827199 0.006224995 0.03369371 -0.03830029 0.006224995 0.03371841 -0.03686849 0.006224995 0.03450241 -0.03759389 0.006224995 0.03448961 -0.03750739 0.006224995 0.03446691 -0.03741889 0.006224995 0.03443481 -0.03733739 0.006224995 0.03439321 -0.03725969 0.006224995 0.03434211 -0.03718469 0.006224995 0.03428721 -0.03712089 0.006224995 0.03421371 -0.03705199 0.006224995 0.03414441 -0.03699979 0.006224995 0.03307041 -0.03751219 0.006224995 0.03307471 -0.03759999 0.006224995 0.03308671 -0.03767979 0.006224995 0.03406511 -0.03695349 0.006224995 0.03398291 -0.03691759 0.006224995 0.03377791 -0.03831619 0.006224995 0.03389501 -0.03689109 0.006224995 0.03380781 -0.03687509 0.006224995 0.03311261 -0.03777749 0.006224995 0.03314241 -0.03785489 0.006224995 0.03318291 -0.03793199 0.006224995 0.03447261 -0.03791229 0.006224995 0.03405291 -0.03830809 0.006224995 0.03412941 -0.03828429 0.006224995 0.03431031 -0.03816809 0.006224995 0.03436631 -0.03810789 0.006224995 0.03440991 -0.03804739 0.006224995 0.03444731 -0.03797799 0.006224995 0.03352281 -0.03688539 0.006224995 0.03345521 -0.03690489 0.006224995 0.03313151 -0.03720109 0.006224995 0.03316891 -0.03713359 0.006224995 0.03419151 -0.03825549 0.006224995 0.03425271 -0.03821589 0.006224995 0.03323371 -0.03800759 0.006224995 0.03329301 -0.03807619 0.006224995 0.03338731 -0.03693379 0.006224995 0.03332651 -0.03696949 0.006224995 0.03321451 -0.03707089 0.006224995 0.03326811 -0.03701529 0.002224995 0.03450631 -0.03768259 0.006224995 0.03450631 -0.03768259 0.006224995 0.03450321 -0.03775589 0.002224995 0.03450321 -0.03775589 0.006224995 0.03449321 -0.03783099 0.002224995 0.03449321 -0.03783099 0.006224995 0.03447261 -0.03791229 0.002224995 0.03447261 -0.03791229 0.006224995 0.03444731 -0.03797799 0.002224995 0.03444731 -0.03797799 0.006224995 0.03440991 -0.03804739 0.002224995 0.03440991 -0.03804739 0.006224995 0.03436631 -0.03810789 0.002224995 0.03436631 -0.03810789 0.006224995 0.03431031 -0.03816809 0.002224995 0.03431031 -0.03816809 0.006224995 0.03425271 -0.03821589 0.002224995 0.03425271 -0.03821589 0.006224995 0.03419151 -0.03825549 0.002224995 0.03419151 -0.03825549 0.006224995 0.03412941 -0.03828429 0.002224995 0.03412941 -0.03828429 0.006224995 0.03405291 -0.03830809 0.002224995 0.03405291 -0.03830809 0.006224995 0.03397791 -0.03832079 0.002224995 0.03397791 -0.03832079 0.006224995 0.03390201 -0.03832479 0.002224995 0.03390201 -0.03832479 0.002224995 0.03368881 -0.03686789 0.006224995 0.03368881 -0.03686789 0.006224995 0.03371841 -0.03686849 0.002224995 0.03371841 -0.03686849 0.006224995 0.03380781 -0.03687509 0.002224995 0.03380781 -0.03687509 0.006224995 0.03389501 -0.03689109 0.002224995 0.03389501 -0.03689109 0.006224995 0.03398291 -0.03691759 0.002224995 0.03398291 -0.03691759 0.006224995 0.03406511 -0.03695349 0.002224995 0.03406511 -0.03695349 0.006224995 0.03414441 -0.03699979 0.002224995 0.03414441 -0.03699979 0.006224995 0.03421371 -0.03705199 0.002224995 0.03421371 -0.03705199 0.006224995 0.03428721 -0.03712089 0.002224995 0.03428721 -0.03712089 0.006224995 0.03434211 -0.03718469 0.002224995 0.03434211 -0.03718469 0.006224995 0.03439321 -0.03725969 0.002224995 0.03439321 -0.03725969 0.006224995 0.03443481 -0.03733739 0.002224995 0.03443481 -0.03733739 0.006224995 0.03446691 -0.03741889 0.002224995 0.03446691 -0.03741889 0.006224995 0.03448961 -0.03750739 0.002224995 0.03448961 -0.03750739 0.006224995 0.03450241 -0.03759389 0.002224995 0.03450241 -0.03759389 0.006224995 0.03450631 -0.03768259 0.002224995 0.03450631 -0.03768259 0.002224995 0.03390201 -0.03832479 0.006224995 0.03390201 -0.03832479 0.006224995 0.03386851 -0.03832349 0.002224995 0.03386851 -0.03832349 0.006224995 0.03377791 -0.03831619 0.002224995 0.03377791 -0.03831619 0.006224995 0.03369371 -0.03830029 0.002224995 0.03369371 -0.03830029 0.006224995 0.03360131 -0.03827199 0.002224995 0.03360131 -0.03827199 0.006224995 0.03351131 -0.03823299 0.002224995 0.03351131 -0.03823299 0.006224995 0.03343281 -0.03818889 0.002224995 0.03343281 -0.03818889 0.006224995 0.03335971 -0.03813679 0.002224995 0.03335971 -0.03813679 0.006224995 0.03329301 -0.03807619 0.002224995 0.03329301 -0.03807619 0.006224995 0.03323371 -0.03800759 0.002224995 0.03323371 -0.03800759 0.006224995 0.03318291 -0.03793199 0.002224995 0.03318291 -0.03793199 0.006224995 0.03314241 -0.03785489 0.002224995 0.03314241 -0.03785489 0.006224995 0.03311261 -0.03777749 0.002224995 0.03311261 -0.03777749 0.006224995 0.03308671 -0.03767979 0.002224995 0.03308671 -0.03767979 0.006224995 0.03307471 -0.03759999 0.002224995 0.03307471 -0.03759999 0.006224995 0.03307041 -0.03751219 0.002224995 0.03307041 -0.03751219 0.002224995 0.03307041 -0.03751219 0.006224995 0.03307041 -0.03751219 0.006224995 0.03307361 -0.03743559 0.002224995 0.03307361 -0.03743559 0.006224995 0.03308571 -0.03734639 0.002224995 0.03308571 -0.03734639 0.006224995 0.03310431 -0.03727279 0.002224995 0.03310431 -0.03727279 0.006224995 0.03313151 -0.03720109 0.002224995 0.03313151 -0.03720109 0.006224995 0.03316891 -0.03713359 0.002224995 0.03316891 -0.03713359 0.006224995 0.03321451 -0.03707089 0.002224995 0.03321451 -0.03707089 0.006224995 0.03326811 -0.03701529 0.002224995 0.03326811 -0.03701529 0.006224995 0.03332651 -0.03696949 0.002224995 0.03332651 -0.03696949 0.006224995 0.03338731 -0.03693379 0.002224995 0.03338731 -0.03693379 0.006224995 0.03345521 -0.03690489 0.002224995 0.03345521 -0.03690489 0.006224995 0.03352281 -0.03688539 0.002224995 0.03352281 -0.03688539 0.006224995 0.03361361 -0.03687119 0.002224995 0.03361361 -0.03687119 0.006224995 0.03368881 -0.03686789 0.002224995 0.03368881 -0.03686789 0.002224995 0.03346391 -0.05055949 0.002224995 0.03337771 -0.05051149 0.002224995 0.03366291 -0.04925249 0.002224995 0.03350791 -0.04926639 0.002224995 0.03358601 -0.04925579 0.002224995 0.03303011 -0.04978589 0.002224995 0.03387321 -0.05066029 0.002224995 0.03383341 -0.05065879 0.002224995 0.03389781 -0.04927839 0.002224995 0.03374331 -0.05065069 0.002224995 0.03380201 -0.04926079 0.002224995 0.03366111 -0.05063369 0.002224995 0.03370471 -0.04925349 0.002224995 0.03356161 -0.05060219 0.002224995 0.03450211 -0.04994799 0.002224995 0.03450631 -0.05003559 0.002224995 0.03394991 -0.05065699 0.002224995 0.03450211 -0.05012159 0.002224995 0.03306261 -0.05012329 0.002224995 0.03304081 -0.05003749 0.002224995 0.03302941 -0.04995359 0.002224995 0.03302561 -0.04987019 0.002224995 0.03330311 -0.05046029 0.002224995 0.03323501 -0.05040199 0.002224995 0.03317881 -0.05034099 0.002224995 0.03406831 -0.04933819 0.002224995 0.03414841 -0.04938329 0.002224995 0.03422411 -0.04943859 0.002224995 0.03428291 -0.04949229 0.002224995 0.03313071 -0.05027339 0.002224995 0.03309091 -0.05019829 0.002224995 0.03306441 -0.04963489 0.002224995 0.03309451 -0.04956689 0.002224995 0.03342891 -0.04928719 0.002224995 0.03398431 -0.04930339 0.002224995 0.03449051 -0.05019639 0.002224995 0.03447001 -0.05026969 0.002224995 0.03444271 -0.05033539 0.002224995 0.03410441 -0.05062679 0.002224995 0.03402971 -0.05064619 0.002224995 0.03436451 -0.05045389 0.002224995 0.03440621 -0.05039999 0.002224995 0.03304311 -0.04970879 0.002224995 0.03313141 -0.04950639 0.002224995 0.03317991 -0.04944619 0.002224995 0.03335841 -0.04931459 0.002224995 0.03323311 -0.04939459 0.002224995 0.03329471 -0.04934929 0.002224995 0.03434491 -0.04956209 0.002224995 0.03439401 -0.04963109 0.002224995 0.03443301 -0.04970129 0.002224995 0.03431161 -0.05050819 0.002224995 0.03424941 -0.05055649 0.002224995 0.03418001 -0.05059629 0.002224995 0.03446521 -0.04977939 0.002224995 0.03448881 -0.04986459 0.006224995 0.03366111 -0.05063369 0.006224995 0.03374331 -0.05065069 0.006224995 0.03380201 -0.04926079 0.006224995 0.03389781 -0.04927839 0.006224995 0.03383341 -0.05065879 0.006224995 0.03387321 -0.05066029 0.006224995 0.03394991 -0.05065699 0.006224995 0.03302561 -0.04987019 0.006224995 0.03302941 -0.04995359 0.006224995 0.03358601 -0.04925579 0.006224995 0.03366291 -0.04925249 0.006224995 0.03323501 -0.05040199 0.006224995 0.03330311 -0.05046029 0.006224995 0.03337771 -0.05051149 0.006224995 0.03346391 -0.05055949 0.006224995 0.03370471 -0.04925349 0.006224995 0.03356161 -0.05060219 0.006224995 0.03439401 -0.04963109 0.006224995 0.03434491 -0.04956209 0.006224995 0.03303011 -0.04978589 0.006224995 0.03350791 -0.04926639 0.006224995 0.03342891 -0.04928719 0.006224995 0.03304081 -0.05003749 0.006224995 0.03306261 -0.05012329 0.006224995 0.03309091 -0.05019829 0.006224995 0.03436451 -0.05045389 0.006224995 0.03402971 -0.05064619 0.006224995 0.03410441 -0.05062679 0.006224995 0.03450211 -0.05012159 0.006224995 0.03450631 -0.05003559 0.006224995 0.03450211 -0.04994799 0.006224995 0.03448881 -0.04986459 0.006224995 0.03428291 -0.04949229 0.006224995 0.03422411 -0.04943859 0.006224995 0.03414841 -0.04938329 0.006224995 0.03440621 -0.05039999 0.006224995 0.03444271 -0.05033539 0.006224995 0.03447001 -0.05026969 0.006224995 0.03449051 -0.05019639 0.006224995 0.03406831 -0.04933819 0.006224995 0.03398431 -0.04930339 0.006224995 0.03313071 -0.05027339 0.006224995 0.03317881 -0.05034099 0.006224995 0.03418001 -0.05059629 0.006224995 0.03424941 -0.05055649 0.006224995 0.03431161 -0.05050819 0.006224995 0.03329471 -0.04934929 0.006224995 0.03323311 -0.04939459 0.006224995 0.03335841 -0.04931459 0.006224995 0.03317991 -0.04944619 0.006224995 0.03313141 -0.04950639 0.006224995 0.03309451 -0.04956689 0.006224995 0.03306441 -0.04963489 0.006224995 0.03304311 -0.04970879 0.006224995 0.03446521 -0.04977939 0.006224995 0.03443301 -0.04970129 0.002224995 0.03302561 -0.04987019 0.006224995 0.03302561 -0.04987019 0.006224995 0.03303011 -0.04978589 0.002224995 0.03303011 -0.04978589 0.006224995 0.03304311 -0.04970879 0.002224995 0.03304311 -0.04970879 0.006224995 0.03306441 -0.04963489 0.002224995 0.03306441 -0.04963489 0.006224995 0.03309451 -0.04956689 0.002224995 0.03309451 -0.04956689 0.006224995 0.03313141 -0.04950639 0.002224995 0.03313141 -0.04950639 0.006224995 0.03317991 -0.04944619 0.002224995 0.03317991 -0.04944619 0.006224995 0.03323311 -0.04939459 0.002224995 0.03323311 -0.04939459 0.006224995 0.03329471 -0.04934929 0.002224995 0.03329471 -0.04934929 0.006224995 0.03335841 -0.04931459 0.002224995 0.03335841 -0.04931459 0.006224995 0.03342891 -0.04928719 0.002224995 0.03342891 -0.04928719 0.006224995 0.03350791 -0.04926639 0.002224995 0.03350791 -0.04926639 0.006224995 0.03358601 -0.04925579 0.002224995 0.03358601 -0.04925579 0.006224995 0.03366291 -0.04925249 0.002224995 0.03366291 -0.04925249 0.002224995 0.03387321 -0.05066029 0.006224995 0.03387321 -0.05066029 0.006224995 0.03383341 -0.05065879 0.002224995 0.03383341 -0.05065879 0.006224995 0.03374331 -0.05065069 0.002224995 0.03374331 -0.05065069 0.006224995 0.03366111 -0.05063369 0.002224995 0.03366111 -0.05063369 0.006224995 0.03356161 -0.05060219 0.002224995 0.03356161 -0.05060219 0.006224995 0.03346391 -0.05055949 0.002224995 0.03346391 -0.05055949 0.006224995 0.03337771 -0.05051149 0.002224995 0.03337771 -0.05051149 0.006224995 0.03330311 -0.05046029 0.002224995 0.03330311 -0.05046029 0.006224995 0.03323501 -0.05040199 0.002224995 0.03323501 -0.05040199 0.006224995 0.03317881 -0.05034099 0.002224995 0.03317881 -0.05034099 0.006224995 0.03313071 -0.05027339 0.002224995 0.03313071 -0.05027339 0.006224995 0.03309091 -0.05019829 0.002224995 0.03309091 -0.05019829 0.006224995 0.03306261 -0.05012329 0.002224995 0.03306261 -0.05012329 0.006224995 0.03304081 -0.05003749 0.002224995 0.03304081 -0.05003749 0.006224995 0.03302941 -0.04995359 0.002224995 0.03302941 -0.04995359 0.006224995 0.03302561 -0.04987019 0.002224995 0.03302561 -0.04987019 0.002224995 0.03366291 -0.04925249 0.006224995 0.03366291 -0.04925249 0.006224995 0.03370471 -0.04925349 0.002224995 0.03370471 -0.04925349 0.006224995 0.03380201 -0.04926079 0.002224995 0.03380201 -0.04926079 0.006224995 0.03389781 -0.04927839 0.002224995 0.03389781 -0.04927839 0.006224995 0.03398431 -0.04930339 0.002224995 0.03398431 -0.04930339 0.006224995 0.03406831 -0.04933819 0.002224995 0.03406831 -0.04933819 0.006224995 0.03414841 -0.04938329 0.002224995 0.03414841 -0.04938329 0.006224995 0.03422411 -0.04943859 0.002224995 0.03422411 -0.04943859 0.006224995 0.03428291 -0.04949229 0.002224995 0.03428291 -0.04949229 0.006224995 0.03434491 -0.04956209 0.002224995 0.03434491 -0.04956209 0.006224995 0.03439401 -0.04963109 0.002224995 0.03439401 -0.04963109 0.006224995 0.03443301 -0.04970129 0.002224995 0.03443301 -0.04970129 0.006224995 0.03446521 -0.04977939 0.002224995 0.03446521 -0.04977939 0.006224995 0.03448881 -0.04986459 0.002224995 0.03448881 -0.04986459 0.006224995 0.03450211 -0.04994799 0.002224995 0.03450211 -0.04994799 0.006224995 0.03450631 -0.05003559 0.002224995 0.03450631 -0.05003559 0.002224995 0.03450631 -0.05003559 0.006224995 0.03450631 -0.05003559 0.006224995 0.03450211 -0.05012159 0.002224995 0.03450211 -0.05012159 0.006224995 0.03449051 -0.05019639 0.002224995 0.03449051 -0.05019639 0.006224995 0.03447001 -0.05026969 0.002224995 0.03447001 -0.05026969 0.006224995 0.03444271 -0.05033539 0.002224995 0.03444271 -0.05033539 0.006224995 0.03440621 -0.05039999 0.002224995 0.03440621 -0.05039999 0.006224995 0.03436451 -0.05045389 0.002224995 0.03436451 -0.05045389 0.006224995 0.03431161 -0.05050819 0.002224995 0.03431161 -0.05050819 0.006224995 0.03424941 -0.05055649 0.002224995 0.03424941 -0.05055649 0.006224995 0.03418001 -0.05059629 0.002224995 0.03418001 -0.05059629 0.006224995 0.03410441 -0.05062679 0.002224995 0.03410441 -0.05062679 0.006224995 0.03402971 -0.05064619 0.002224995 0.03402971 -0.05064619 0.006224995 0.03394991 -0.05065699 0.002224995 0.03394991 -0.05065699 0.006224995 0.03387321 -0.05066029 0.002224995 0.03387321 -0.05066029 0.002224995 0.03422381 -0.04135399 0.002224995 0.03415181 -0.04139309 0.002224995 0.03401271 -0.04014139 0.002224995 0.03408151 -0.04142169 0.002224995 0.03401271 -0.04144479 0.002224995 0.03405941 -0.04016199 0.002224995 0.03413251 -0.04019859 0.002224995 0.03450241 -0.04074879 0.002224995 0.03419731 -0.04023989 0.002224995 0.03425881 -0.04028759 0.002224995 0.03450631 -0.04082499 0.002224995 0.03450471 -0.04086469 0.002224995 0.03449861 -0.04093559 0.002224995 0.03448341 -0.04100819 0.002224995 0.03431621 -0.04034229 0.002224995 0.03447411 -0.04061059 0.002224995 0.03449251 -0.04067989 0.002224995 0.03436871 -0.04040569 0.002224995 0.03441051 -0.04046839 0.002224995 0.03444711 -0.04053909 0.002224995 0.03445981 -0.04107739 0.002224995 0.03442851 -0.04114219 0.002224995 0.03438981 -0.04120229 0.002224995 0.03434371 -0.04125719 0.002224995 0.03428821 -0.04130829 0.006224995 0.03405941 -0.04016199 0.006224995 0.03401271 -0.04014139 0.006224995 0.03450471 -0.04086469 0.006224995 0.03401271 -0.04144479 0.006224995 0.03408151 -0.04142169 0.006224995 0.03425881 -0.04028759 0.006224995 0.03419731 -0.04023989 0.006224995 0.03450241 -0.04074879 0.006224995 0.03450631 -0.04082499 0.006224995 0.03413251 -0.04019859 0.006224995 0.03442851 -0.04114219 0.006224995 0.03445981 -0.04107739 0.006224995 0.03448341 -0.04100819 0.006224995 0.03449861 -0.04093559 0.006224995 0.03436871 -0.04040569 0.006224995 0.03447411 -0.04061059 0.006224995 0.03441051 -0.04046839 0.006224995 0.03444711 -0.04053909 0.006224995 0.03449251 -0.04067989 0.006224995 0.03431621 -0.04034229 0.006224995 0.03415181 -0.04139309 0.006224995 0.03422381 -0.04135399 0.006224995 0.03428821 -0.04130829 0.006224995 0.03434371 -0.04125719 0.006224995 0.03438981 -0.04120229 0.002224995 0.03450631 -0.04082499 0.006224995 0.03450631 -0.04082499 0.006224995 0.03450471 -0.04086469 0.002224995 0.03450471 -0.04086469 0.006224995 0.03449861 -0.04093559 0.002224995 0.03449861 -0.04093559 0.006224995 0.03448341 -0.04100819 0.002224995 0.03448341 -0.04100819 0.006224995 0.03445981 -0.04107739 0.002224995 0.03445981 -0.04107739 0.006224995 0.03442851 -0.04114219 0.002224995 0.03442851 -0.04114219 0.006224995 0.03438981 -0.04120229 0.002224995 0.03438981 -0.04120229 0.006224995 0.03434371 -0.04125719 0.002224995 0.03434371 -0.04125719 0.006224995 0.03428821 -0.04130829 0.002224995 0.03428821 -0.04130829 0.006224995 0.03422381 -0.04135399 0.002224995 0.03422381 -0.04135399 0.006224995 0.03415181 -0.04139309 0.002224995 0.03415181 -0.04139309 0.006224995 0.03408151 -0.04142169 0.002224995 0.03408151 -0.04142169 0.006224995 0.03401271 -0.04144479 0.002224995 0.03401271 -0.04144479 0.006224995 0.03401271 -0.04144479 0.006224995 0.03401271 -0.04014139 0.002224995 0.03401271 -0.04144479 0.002224995 0.03401271 -0.04014139 0.002224995 0.03401271 -0.04014139 0.006224995 0.03401271 -0.04014139 0.006224995 0.03405941 -0.04016199 0.002224995 0.03405941 -0.04016199 0.006224995 0.03413251 -0.04019859 0.002224995 0.03413251 -0.04019859 0.006224995 0.03419731 -0.04023989 0.002224995 0.03419731 -0.04023989 0.006224995 0.03425881 -0.04028759 0.002224995 0.03425881 -0.04028759 0.006224995 0.03431621 -0.04034229 0.002224995 0.03431621 -0.04034229 0.006224995 0.03436871 -0.04040569 0.002224995 0.03436871 -0.04040569 0.006224995 0.03441051 -0.04046839 0.002224995 0.03441051 -0.04046839 0.006224995 0.03444711 -0.04053909 0.002224995 0.03444711 -0.04053909 0.006224995 0.03447411 -0.04061059 0.002224995 0.03447411 -0.04061059 0.006224995 0.03449251 -0.04067989 0.002224995 0.03449251 -0.04067989 0.006224995 0.03450241 -0.04074879 0.002224995 0.03450241 -0.04074879 0.006224995 0.03450631 -0.04082499 0.002224995 0.03450631 -0.04082499 0.002224995 0.03422381 -0.03507189 0.002224995 0.03415181 -0.03511099 0.002224995 0.03401271 -0.03385939 0.002224995 0.03408151 -0.03513969 0.002224995 0.03401271 -0.03516269 0.002224995 0.03405941 -0.03387989 0.002224995 0.03413251 -0.03391649 0.002224995 0.03450241 -0.03446669 0.002224995 0.03419731 -0.03395779 0.002224995 0.03425881 -0.03400559 0.002224995 0.03450631 -0.03454299 0.002224995 0.03450471 -0.03458269 0.002224995 0.03449861 -0.03465349 0.002224995 0.03448341 -0.03472619 0.002224995 0.03431621 -0.03406029 0.002224995 0.03447411 -0.03432849 0.002224995 0.03449251 -0.03439779 0.002224995 0.03436871 -0.03412359 0.002224995 0.03441051 -0.03418629 0.002224995 0.03444711 -0.03425699 0.002224995 0.03445981 -0.03479539 0.002224995 0.03442851 -0.03486019 0.002224995 0.03438981 -0.03492019 0.002224995 0.03434371 -0.03497509 0.002224995 0.03428821 -0.03502629 0.006224995 0.03405941 -0.03387989 0.006224995 0.03401271 -0.03385939 0.006224995 0.03450471 -0.03458269 0.006224995 0.03401271 -0.03516269 0.006224995 0.03408151 -0.03513969 0.006224995 0.03425881 -0.03400559 0.006224995 0.03419731 -0.03395779 0.006224995 0.03450241 -0.03446669 0.006224995 0.03450631 -0.03454299 0.006224995 0.03413251 -0.03391649 0.006224995 0.03442851 -0.03486019 0.006224995 0.03445981 -0.03479539 0.006224995 0.03448341 -0.03472619 0.006224995 0.03449861 -0.03465349 0.006224995 0.03436871 -0.03412359 0.006224995 0.03447411 -0.03432849 0.006224995 0.03441051 -0.03418629 0.006224995 0.03444711 -0.03425699 0.006224995 0.03449251 -0.03439779 0.006224995 0.03431621 -0.03406029 0.006224995 0.03415181 -0.03511099 0.006224995 0.03422381 -0.03507189 0.006224995 0.03428821 -0.03502629 0.006224995 0.03434371 -0.03497509 0.006224995 0.03438981 -0.03492019 0.002224995 0.03401271 -0.03385939 0.006224995 0.03401271 -0.03385939 0.006224995 0.03405941 -0.03387989 0.002224995 0.03405941 -0.03387989 0.006224995 0.03413251 -0.03391649 0.002224995 0.03413251 -0.03391649 0.006224995 0.03419731 -0.03395779 0.002224995 0.03419731 -0.03395779 0.006224995 0.03425881 -0.03400559 0.002224995 0.03425881 -0.03400559 0.006224995 0.03431621 -0.03406029 0.002224995 0.03431621 -0.03406029 0.006224995 0.03436871 -0.03412359 0.002224995 0.03436871 -0.03412359 0.006224995 0.03441051 -0.03418629 0.002224995 0.03441051 -0.03418629 0.006224995 0.03444711 -0.03425699 0.002224995 0.03444711 -0.03425699 0.006224995 0.03447411 -0.03432849 0.002224995 0.03447411 -0.03432849 0.006224995 0.03449251 -0.03439779 0.002224995 0.03449251 -0.03439779 0.006224995 0.03450241 -0.03446669 0.002224995 0.03450241 -0.03446669 0.006224995 0.03450631 -0.03454299 0.002224995 0.03450631 -0.03454299 0.002224995 0.03450631 -0.03454299 0.006224995 0.03450631 -0.03454299 0.006224995 0.03450471 -0.03458269 0.002224995 0.03450471 -0.03458269 0.006224995 0.03449861 -0.03465349 0.002224995 0.03449861 -0.03465349 0.006224995 0.03448341 -0.03472619 0.002224995 0.03448341 -0.03472619 0.006224995 0.03445981 -0.03479539 0.002224995 0.03445981 -0.03479539 0.006224995 0.03442851 -0.03486019 0.002224995 0.03442851 -0.03486019 0.006224995 0.03438981 -0.03492019 0.002224995 0.03438981 -0.03492019 0.006224995 0.03434371 -0.03497509 0.002224995 0.03434371 -0.03497509 0.006224995 0.03428821 -0.03502629 0.002224995 0.03428821 -0.03502629 0.006224995 0.03422381 -0.03507189 0.002224995 0.03422381 -0.03507189 0.006224995 0.03415181 -0.03511099 0.002224995 0.03415181 -0.03511099 0.006224995 0.03408151 -0.03513969 0.002224995 0.03408151 -0.03513969 0.006224995 0.03401271 -0.03516269 0.002224995 0.03401271 -0.03516269 0.006224995 0.03401271 -0.03516269 0.006224995 0.03401271 -0.03385939 0.002224995 0.03401271 -0.03516269 0.002224995 0.03401271 -0.03385939</float_array>
          <technique_common>
            <accessor count="4618" source="#verts-array-array" stride="3">
              <param type="float" name="X"/>
              <param type="float" name="Y"/>
              <param type="float" name="Z"/>
            </accessor>
          </technique_common>
        </source>
        <source id="normals-array">
          <float_array count="13854" id="normals-array-array">1 0 0 1 0 0 1 0 0 1 0 0 1 0 0 1 0 0 1 0 0 1 0 0 1 0 0 1 0 0 1 0 0 1 0 0 1 0 0 1 0 0 1 0 0 1 0 0 1 0 0 1 0 0 1 0 0 1 0 0 1 0 0 1 0 0 1 0 0 1 0 0 1 0 0 1 0 0 1 0 0 1 0 0 1 0 0 1 0 0 1 0 0 1 0 0 1 0 0 1 0 0 1 0 0 1 0 0 1 0 0 1 0 0 1 0 0 1 0 0 1 0 0 1 0 0 1 0 0 1 0 0 1 0 0 1 0 0 1 0 0 1 0 0 1 0 0 1 0 0 1 0 0 1 0 0 1 0 0 1 0 0 1 0 0 1 0 0 1 0 0 1 0 0 1 0 0 1 0 0 0.9992289 -0.03926245 0 1 0 0 1 0 0 1 0 0 1 0 0 1 0 0 1 0 0 1 0 0 1 0 0 1 0 0 1 0 0 1 0 0 1 0 0 1 0 0 1 0 0 1 0 0 1 0 0 1 0 0 1 0 0 1 0 0 1 0 0 1 0 0 1 0 0 1 0 0 1 0 0 1 0 0 1 0 0 1 0 0 1 0 0 1 0 0 1 0 0 1 0 0 1 0 0 1 0 0 1 0 0 1 0 0 1 0 0 1 0 0 1 0 0 1 0 0 1 0 0 1 0 0 1 0 0 1 0 0 1 0 0 1 0 0 1 0 0 1 0 0 1 0 0 1 0 0 1 0 0 1 0 0 1 0 0 1 0 0 1 0 0 1 0 0 1 0 0 1 0 0 1 0 0 1 0 0 1 0 0 1 0 0 1 0 0 1 0 0 1 0 0 1 0 0 1 0 0 1 0 0 1 0 0 1 0 0 1 0 0 1 0 0 1 0 0 1 0 0 1 0 0 1 0 0 1 0 0 1 0 0 1 0 0 1 0 0 1 0 0 1 0 0 1 0 0 1 0 0 1 0 0 1 0 0 1 0 0 1 0 0 1 0 0 1 0 0 1 0 0 1 0 0 1 0 0 1 0 0 1 0 0 1 0 0 1 0 0 1 0 0 1 0 0 1 0 0 1 0 0 1 0 0 1 0 0 1 0 0 1 0 0 1 0 0 1 0 0 1 0 0 1 0 0 1 0 0 1 0 0 1 0 0 1 0 0 1 0 0 1 0 0 1 0 0 1 0 0 1 0 0 1 0 0 1 0 0 1 0 0 1 0 0 1 0 0 1 0 0 1 0 0 1 0 0 1 0 0 1 0 0 1 0 0 1 0 0 1 0 0 1 0 0 1 0 0 1 0 0 1 0 0 1 0 0 1 0 0 1 0 0 1 0 0 1 0 0 1 0 0 1 0 0 1 0 0 1 0 0 1 0 0 1 0 0 1 0 0 1 0 0 1 0 0 1 0 0 1 0 0 1 0 0 1 0 0 1 0 0 1 0 0 1 0 0 1 0 0 1 0 0 1 0 0 1 0 0 1 0 0 1 0 0 1 0 0 1 0 0 1 0 0 1 0 0 1 0 0 1 0 0 1 0 0 1 0 0 1 0 0 1 0 0 1 0 0 1 0 0 1 0 0 1 0 0 1 0 0 1 0 0 1 0 0 1 0 0 1 0 0 1 0 0 1 0 0 1 0 0 1 0 0 1 0 0 1 0 0 1 0 0 1 0 0 1 0 0 1 0 0 1 0 0 1 0 0 1 0 0 1 0 0 1 0 0 1 0 0 1 0 0 1 0 0 1 0 0 1 0 0 1 0 0 1 0 0 1 0 0 1 0 0 1 0 0 1 0 0 1 0 0 1 0 0 1 0 0 1 0 0 1 0 0 1 0 0 0.9992289 -0.03926245 0 0.9992289 -0.03926245 0 1 0 0 1 0 0 1 0 0 1 0 0 1 0 0 1 0 0 1 0 0 1 0 0 1 0 0 1 0 0 1 0 0 1 0 0 1 0 0 1 0 0 1 0 0 1 0 0 1 0 0 1 0 0 1 0 0 1 0 0 1 0 0 1 0 0 1 0 0 1 0 0 1 0 0 1 0 0 1 0 0 1 0 0 1 0 0 1 0 0 1 0 0 1 0 0 1 0 0 1 0 0 1 0 0 1 0 0 1 0 0 1 0 0 1 0 0 0.9992289 -0.03926245 7.123004e-18 1 0 0 0.9992289 -0.03926245 2.155214e-19 0.9992289 -0.03926245 0 1 0 0 0.9992289 -0.03926245 0 1 0 0 1 0 0 1 0 0 1 0 0 1 0 0 1 0 0 1 0 0 1 0 0 1 0 0 1 0 0 1 0 0 1 0 0 1 0 0 1 0 0 1 0 0 1 0 0 1 0 0 1 0 0 1 0 0 1 0 0 1 0 0 1 0 0 1 0 0 1 0 0 1 0 0 1 0 0 1 0 0 1 0 0 1 0 0 1 0 0 1 0 0 1 0 0 1 0 0 1 0 0 1 0 0 1 0 0 1 0 0 1 0 0 1 0 0 1 0 0 1 0 0 1 0 0 1 0 0 1 0 0 1 0 0 1 0 0 1 0 0 1 0 0 1 0 0 1 0 0 1 0 0 1 0 0 1 0 0 1 0 0 1 0 0 1 0 0 1 0 0 1 0 0 1 0 0 1 0 0 1 0 0 1 0 0 1 0 0 1 0 0 1 0 0 1 0 0 1 0 0 1 0 0 1 0 0 1 0 0 1 0 0 1 0 0 1 0 0 1 0 0 1 0 0 1 0 0 1 0 0 1 0 0 1 0 0 1 0 0 1 0 0 1 0 0 1 0 0 1 0 0 1 0 0 1 0 0 1 0 0 1 0 0 1 0 0 1 0 0 1 0 0 1 0 0 1 0 0 1 0 0 1 0 0 1 0 0 1 0 0 1 0 0 1 0 0 1 0 0 1 0 0 1 0 0 1 0 0 1 0 0 1 0 0 1 0 0 1 0 0 1 0 0 1 0 0 1 0 0 1 0 0 1 0 0 1 0 0 1 0 0 1 0 0 1 0 0 1 0 0 1 0 0 1 0 0 1 0 0 1 0 0 1 0 0 1 0 0 1 0 0 1 0 0 1 0 0 1 0 0 1 0 0 1 0 0 1 0 0 1 0 0 1 0 0 1 0 0 1 0 0 1 0 0 1 0 0 1 0 0 1 0 0 1 0 0 1 0 0 1 0 0 1 0 0 1 0 0 1 0 0 1 0 0 1 0 0 1 0 0 1 0 0 1 0 0 1 0 0 1 0 0 1 0 0 1 0 0 1 0 0 1 0 0 1 0 0 1 0 0 1 0 0 1 0 0 1 0 0 1 0 0 1 0 0 1 0 0 1 0 0 1 0 0 1 0 0 1 0 0 1 0 0 1 0 0 1 0 0 1 0 0 1 0 0 1 0 0 1 0 0 1 0 0 1 0 0 1 0 0 1 0 0 1 0 0 1 0 0 1 0 0 1 0 0 1 0 0 1 0 0 1 0 0 1 0 0 1 0 0 1 0 0 1 0 0 1 0 0 1 0 0 1 0 0 1 0 0 1 0 0 1 0 0 1 0 0 1 0 0 1 0 0 1 0 0 1 0 0 1 0 0 1 0 0 1 0 0 1 0 0 1 0 0 1 0 0 1 0 0 1 0 0 1 0 0 1 0 0 1 0 0 1 0 0 1 0 0 1 0 0 1 0 0 1 0 0 1 0 0 1 0 0 1 0 0 1 0 0 1 0 0 1 0 0 1 0 0 1 0 0 1 0 0 1 0 0 1 0 0 1 0 0 1 0 0 1 0 0 1 0 0 1 0 0 1 0 0 1 0 0 1 0 0 1 0 0 1 0 0 1 0 0 1 0 0 1 0 0 1 0 0 1 0 0 1 0 0 1 0 0 1 0 0 1 0 0 0.9992289 -0.03926245 0 0.9992289 -0.03926245 0 0.9992289 -0.03926245 0 1 0 0 0.9992289 -0.03926245 0 1 0 0 1 0 0 1 0 0 1 0 0 1 0 0 1 0 0 1 0 0 1 0 0 1 0 0 1 0 0 1 0 0 0.9992289 -0.03926245 0 1 0 0 1 0 0 1 0 0 1 0 0 1 0 0 1 0 0 1 0 0 1 0 0 1 0 0 1 0 0 1 0 0 1 0 0 1 0 0 1 0 0 1 0 0 1 0 0 1 0 0 1 0 0 1 0 0 1 0 0 1 0 0 1 0 0 1 0 0 1 0 0 1 0 0 1 0 0 1 0 0 1 0 0 1 0 0 1 0 0 1 0 0 1 0 0 1 0 0 1 0 0 1 0 0 1 0 0 1 0 0 1 0 0 1 0 0 1 0 0 1 0 0 1 0 0 1 0 0 1 0 0 1 0 0 1 0 0 1 0 0 1 0 0 1 0 0 1 0 0 1 0 0 1 0 0 1 0 0 1 0 0 1 0 0 1 0 0 1 0 0 1 0 0 1 0 0 1 0 0 1 0 0 1 0 0 1 0 0 1 0 0 1 0 0 1 0 0 1 0 0 1 0 0 1 0 0 1 0 0 1 0 0 1 0 0 1 0 0 1 0 0 1 0 0 1 0 0 1 0 0 1 0 0 1 0 0 1 0 0 1 0 0 1 0 0 1 0 0 1 0 0 1 0 0 1 0 0 1 0 0 1 0 0 1 0 0 1 0 0 1 0 0 1 0 0 1 0 0 1 0 0 1 0 0 1 0 0 1 0 0 1 0 0 1 0 0 1 0 0 1 0 0 1 0 0 1 0 0 1 0 0 1 0 0 1 0 0 1 0 0 1 0 0 1 0 0 1 0 0 1 0 0 1 0 0 1 0 0 1 0 0 1 0 0 1 0 0 1 0 0 1 0 0 1 0 0 1 0 0 1 0 0 1 0 0 1 0 0 1 0 0 1 0 0 1 0 0 1 0 0 1 0 0 -1 0 0 -1 0 0 -1 0 0 -1 0 0 -1 0 0 -1 0 0 -1 0 0 -1 0 0 -1 0 0 -1 0 0 -1 0 0 -1 0 0 -1 0 0 -1 0 0 -1 0 0 -1 0 0 -1 0 0 -1 0 0 -1 0 0 -1 0 0 -1 0 0 -1 0 0 -1 0 0 -1 0 0 -1 0 0 -1 0 0 -1 0 0 -1 0 0 -1 0 0 -1 0 0 -1 0 0 -1 0 0 -1 0 0 -1 0 0 -1 0 0 -1 0 0 -1 0 0 -1 0 0 -1 0 0 -1 0 0 -1 0 0 -1 0 0 -1 0 0 -1 0 0 -1 0 0 -1 0 0 -1 0 0 -1 0 0 -1 0 0 -1 0 0 -1 0 0 -1 0 0 -1 0 0 -1 0 0 -1 0 0 -1 0 0 -1 0 0 -1 0 0 -1 0 0 -1 0 0 -1 0 0 -1 0 0 -1 0 0 -1 0 0 -1 0 0 -1 0 0 -1 0 0 -1 0 0 -1 0 0 -1 0 0 -1 0 0 -1 0 0 -1 0 0 -1 0 0 -1 0 0 -1 0 0 -1 0 0 -1 0 0 -1 0 0 -1 0 0 -1 0 0 -1 0 0 -1 0 0 -1 0 0 -1 0 0 -1 0 0 -1 0 0 -1 0 0 -1 0 0 -1 0 0 -1 0 0 -1 0 0 -1 0 0 -1 0 0 -1 0 0 -1 0 0 -1 0 0 -1 0 0 -1 0 0 -1 0 0 -1 0 0 -1 0 0 -1 0 0 -1 0 0 -1 0 0 -1 0 0 -1 0 0 -1 0 0 -1 0 0 -1 0 0 -1 0 0 -1 0 0 -1 0 0 -1 0 0 -1 0 0 -1 0 0 -1 0 0 -1 0 0 -1 0 0 -1 0 0 -1 0 0 -1 0 0 -1 0 0 -1 0 0 -1 0 0 -1 0 0 -1 0 0 -1 0 0 -1 0 0 -1 0 0 -1 0 0 -1 0 0 -1 0 0 -1 0 0 -1 0 0 -1 0 0 -1 0 0 -1 0 0 -1 0 0 -1 0 0 -1 0 0 -1 0 0 -1 0 0 -1 0 0 -1 0 0 -1 0 0 -1 0 0 -1 0 0 -1 0 0 -1 0 0 -1 0 0 -1 0 0 -1 0 0 -1 0 0 -1 0 0 -1 0 0 -1 0 0 -1 0 0 -1 0 0 -1 0 0 -1 0 0 -1 0 0 -1 0 0 -1 0 0 -1 0 0 -1 0 0 -1 0 0 -1 0 0 -0.9983082 0.05814453 7.525214e-17 -0.9990485 0.04361302 2.69001e-16 -1 0 0 -1 0 0 -1 0 0 -1 0 0 -1 0 0 -1 0 0 -1 0 0 -1 0 0 -1 0 0 -1 0 0 -1 0 0 -1 0 0 -1 0 0 -1 0 0 -1 0 0 -1 0 0 -1 0 0 -1 0 0 -1 0 0 -1 0 0 -1 0 0 -1 0 0 -1 0 0 -1 0 0 -1 0 0 -1 0 0 -1 0 0 -1 0 0 -1 0 0 -1 0 0 -1 0 0 -1 0 0 -1 0 0 -1 0 0 -1 0 0 -1 0 0 -1 0 0 -1 0 0 -1 0 0 -1 0 0 -1 0 0 -1 0 0 -1 0 0 -1 0 0 -1 0 0 -1 0 0 -1 0 0 -1 0 0 -1 0 0 -1 0 0 -1 0 0 -1 0 0 -1 0 0 -1 0 0 -1 0 0 -1 0 0 -1 0 0 -1 0 0 -1 0 0 -1 0 0 -1 0 0 -1 0 0 -1 0 0 -1 0 0 -1 0 0 -1 0 0 -1 0 0 -1 0 0 -1 0 0 -1 0 0 -1 0 0 -1 0 0 -1 0 0 -1 0 0 -1 0 0 -1 0 0 -1 0 0 -1 0 0 -1 0 0 -1 0 0 -1 0 0 -1 0 0 -1 0 0 -1 0 0 -1 0 0 -1 0 0 -1 0 0 -1 0 0 -1 0 0 -1 0 0 -1 0 0 -1 0 0 -1 0 0 -1 0 0 -1 0 0 -1 0 0 -1 0 0 -1 0 0 -1 0 0 -1 0 0 -1 0 0 -1 0 0 -1 0 0 -1 0 0 -1 0 0 -1 0 0 -1 0 0 -1 0 0 -1 0 0 -1 0 0 -1 0 0 -1 0 0 -1 0 0 -1 0 0 -1 0 0 -1 0 0 -1 0 0 -1 0 0 -1 0 0 -1 0 0 -1 0 0 -1 0 0 -1 0 0 -1 0 0 -1 0 0 -1 0 0 -1 0 0 -1 0 0 -1 0 0 -1 0 0 -1 0 0 -1 0 0 -1 0 0 -1 0 0 -1 0 0 -1 0 0 -1 0 0 -1 0 0 -1 0 0 -1 0 0 -1 0 0 -1 0 0 -1 0 0 -1 0 0 -1 0 0 -1 0 0 -1 0 0 -1 0 0 -1 0 0 -1 0 0 -1 0 0 -1 0 0 -1 0 0 -1 0 0 -1 0 0 -1 0 0 -1 0 0 -1 0 0 -1 0 0 -1 0 0 -1 0 0 -1 0 0 -1 0 0 -1 0 0 -1 0 0 -1 0 0 -1 0 0 -1 0 0 -1 0 0 -1 0 0 -1 0 0 -1 0 0 -1 0 0 -1 0 0 -1 0 0 -1 0 0 -1 0 0 -1 0 0 -1 0 0 -1 0 0 -1 0 0 -1 0 0 -1 0 0 -1 0 0 -1 0 0 -1 0 0 -1 0 0 -1 0 0 -1 0 0 -1 0 0 -1 0 0 -1 0 0 -1 0 0 -1 0 0 -1 0 0 -1 0 0 -1 0 0 -1 0 0 -1 0 0 -1 0 0 -1 0 0 -1 0 0 -1 0 0 -1 0 0 -1 0 0 -1 0 0 -1 0 0 -1 0 0 -1 0 0 -1 0 0 -1 0 0 -1 0 0 -1 0 0 -1 0 0 -1 0 0 -1 0 0 -1 0 0 -1 0 0 -1 0 0 -1 0 0 -1 0 0 -1 0 0 -1 0 0 -1 0 0 -1 0 0 -1 0 0 -1 0 0 -1 0 0 -1 0 0 -1 0 0 -1 0 0 -1 0 0 -1 0 0 -1 0 0 -1 0 0 -1 0 0 -1 0 0 -1 0 0 -1 0 0 -1 0 0 -1 0 0 -1 0 0 -1 0 0 -1 0 0 -1 0 0 -1 0 0 -1 0 0 -1 0 0 -1 0 0 -1 0 0 -1 0 0 -1 0 0 -1 0 0 -1 0 0 -1 0 0 -1 0 0 -1 0 0 -1 0 0 -1 0 0 -1 0 0 -1 0 0 -1 0 0 -1 0 0 -1 0 0 -1 0 0 -1 0 0 -1 0 0 -1 0 0 -1 0 0 -1 0 0 -1 0 0 -1 0 0 -1 0 0 -1 0 0 -1 0 0 -1 0 0 -1 0 0 -1 0 0 -1 0 0 -1 0 0 -1 0 0 -1 0 0 -1 0 0 -1 0 0 -1 0 0 -1 0 0 -1 0 0 -1 0 0 -1 0 0 -1 0 0 -1 0 0 -1 0 0 -1 0 0 -1 0 0 -1 0 0 -1 0 0 -1 0 0 -1 0 0 -1 0 0 -1 0 0 -1 0 0 -1 0 0 -1 0 0 -1 0 0 -1 0 0 -1 0 0 -1 0 0 -1 0 0 -1 0 0 -1 0 0 -1 0 0 -1 0 0 -1 0 0 -1 0 0 -1 0 0 -1 0 0 -1 0 0 -1 0 0 -1 0 0 -1 0 0 -1 0 0 -1 0 0 -1 0 0 -1 0 0 -1 0 0 -1 0 0 -1 0 0 -1 0 0 -1 0 0 -1 0 0 -1 0 0 -1 0 0 -1 0 0 -1 0 0 -1 0 0 -1 0 0 -1 0 0 -1 0 0 -1 0 0 -1 0 0 -1 0 0 -1 0 0 -1 0 0 -1 0 0 -1 0 0 -1 0 0 -1 0 0 -1 0 0 -1 0 0 -1 0 0 -1 0 0 -1 0 0 -1 0 0 -1 0 0 -1 0 0 -1 0 0 -1 0 0 -1 0 0 -1 0 0 -1 0 0 -1 0 0 -1 0 0 -1 0 0 -1 0 0 -1 0 0 -1 0 0 -1 0 0 -1 0 0 -1 0 0 -1 0 0 -1 0 0 -1 0 0 -1 0 0 -1 0 0 -1 0 0 -1 0 0 -1 0 0 -1 0 0 -1 0 0 -1 0 0 -1 0 0 -1 0 0 -1 0 0 -1 0 0 -1 0 0 -1 0 0 -1 0 0 -1 0 0 -1 0 0 -1 0 0 -1 0 0 -1 0 0 -1 0 0 -1 0 0 -1 0 0 -1 0 0 -1 0 0 -1 0 0 -1 0 0 -1 0 0 -1 0 0 -1 0 0 -1 0 0 -1 0 0 -1 0 0 -1 0 0 -1 0 0 -1 0 0 -1 0 0 -1 0 0 -1 0 0 -1 0 0 -1 0 0 -1 0 0 -1 0 0 -1 0 0 -1 0 0 -1 0 0 -1 0 0 -1 0 0 -1 0 0 -1 0 0 -1 0 0 -1 0 0 -1 0 0 -1 0 0 -1 0 0 -1 0 0 -1 0 0 -1 0 0 -1 0 0 -1 0 0 -1 0 0 -1 0 0 -1 0 0 -1 0 0 -1 0 0 -1 0 0 -1 0 0 -1 0 0 -1 0 0 -1 0 0 -1 0 0 -1 0 0 -1 0 0 -1 0 0 -1 0 0 -1 0 0 -1 0 0 -1 0 0 -1 0 0 -1 0 0 -1 0 0 -1 0 0 -1 0 0 -1 0 0 -1 0 0 -1 0 0 -1 0 0 -1 0 0 -1 0 0 -1 0 0 -1 0 0 -1 0 0 -1 0 0 -1 0 0 -1 0 0 -1 0 0 -1 0 0 -1 0 0 -1 0 0 -1 0 0 -1 0 0 -1 0 0 -1 0 0 -1 0 0 -1 0 0 -1 0 0 -1 0 0 -1 0 0 -1 0 0 -1 0 0 -1 0 0 -1 0 0 -1 0 0 -1 0 0 -1 0 0 -1 0 0 -1 0 0 -1 0 0 1 -1.163663e-15 0 1 -1.167352e-15 0 0.9659168 -0.2588526 0 0.9659168 -0.2588526 0 0.8660582 -0.4999432 0 0.8660582 -0.4999432 0 0.7071068 -0.7071068 0 0.7071068 -0.7071068 0 0.4999432 -0.8660582 0 0.4999432 -0.8660582 0 0.2588526 -0.9659168 0 0.2588526 -0.9659168 0 -5.792207e-16 -1 0 -5.792207e-16 -1 0 -0.2588526 -0.9659168 0 -0.2588526 -0.9659168 0 -0.4999432 -0.8660582 0 -0.4999432 -0.8660582 0 -0.7071068 -0.7071068 0 -0.7071068 -0.7071068 0 -0.8660582 -0.4999432 0 -0.8660582 -0.4999432 0 -0.9659168 -0.2588526 0 -0.9659168 -0.2588526 0 -1 -1.167352e-15 0 -1 -1.167352e-15 0 -0.9659168 0.2588526 0 -0.9659168 0.2588526 0 -0.8660582 0.4999432 0 -0.8660582 0.4999432 0 -0.7071068 0.7071068 0 -0.7071068 0.7071068 0 -0.4999432 0.8660582 0 -0.4999432 0.8660582 0 -0.2588526 0.9659168 0 -0.2588526 0.9659168 0 -5.881318e-16 1 0 -5.792207e-16 1 0 0.2588526 0.9659168 0 0.2588526 0.9659168 0 0.4999432 0.8660582 0 0.4999432 0.8660582 0 0.7071068 0.7071068 0 0.7071068 0.7071068 0 0.8660582 0.4999432 0 0.8660582 0.4999432 0 0.9659168 0.2588526 0 0.9659168 0.2588526 0 1 5.845117e-16 0 1 5.881318e-16 0 0.9659168 -0.2588526 0 0.9659168 -0.2588526 0 0.8660582 -0.4999432 0 0.8660582 -0.4999432 0 0.7071068 -0.7071068 0 0.7071068 -0.7071068 0 0.4999432 -0.8660582 0 0.4999432 -0.8660582 0 0.2588526 -0.9659168 0 0.2588526 -0.9659168 0 -5.792207e-16 -1 0 -5.881318e-16 -1 0 -0.2588526 -0.9659168 0 -0.2588526 -0.9659168 0 -0.4999432 -0.8660582 0 -0.4999432 -0.8660582 0 -0.7071068 -0.7071068 0 -0.7071068 -0.7071068 0 -0.8660582 -0.4999432 0 -0.8660582 -0.4999432 0 -0.9659168 -0.2588526 0 -0.9659168 -0.2588526 0 -1 5.881318e-16 0 -1 5.881318e-16 0 -0.9659168 0.2588526 0 -0.9659168 0.2588526 0 -0.8660582 0.4999432 0 -0.8660582 0.4999432 0 -0.7071068 0.7071068 0 -0.7071068 0.7071068 0 -0.4999432 0.8660582 0 -0.4999432 0.8660582 0 -0.2588526 0.9659168 0 -0.2588526 0.9659168 0 -5.881318e-16 1 0 -5.881318e-16 1 0 0.2588526 0.9659168 0 0.2588526 0.9659168 0 0.4999432 0.8660582 0 0.4999432 0.8660582 0 0.7071068 0.7071068 0 0.7071068 0.7071068 0 0.8660582 0.4999432 0 0.8660582 0.4999432 0 0.9659168 0.2588526 0 0.9659168 0.2588526 0 -1 0 0 -1 0 0 -1 0 0 -1 0 0 -1 0 0 0 1 0 0 1 0 0 1 0 0 1 0 0 1 0 0 1 0 0 1 0 0 1 0 0 1 0 0 1 0 0 1 0 0 1 0 0 1 0 0 1 0 0 1 0 0 1 0 0 1 0 0 1 0 0 1 0 0 1 0 0 1 0 0 1 0 0 1 0 0 1 0 0 1 0 0 1 0 0 1 0 0 1 0 0 1 0 0 1 0 0 1 0 0 1 0 0 1 0 0 1 0 0 1 0 0 1 0 0 1 0 0 1 0 0 1 0 0 1 0 0 1 0 0 1 0 0 0 1 0 0 1 0 0 1 0 0 1 0 0 1 0 0 1 0 0 1 0 0 1 0 0 1 0 0 1 0 0 1 0 0 1 0 0 1 0 0 1 0 0 1 0 0 1 0 0 1 0 0 1 0 0 1 0 0 1 0 0 1 0 0 1 0 0 1 0 0 1 0 0 1 0 0 1 0 0 1 0 0 1 0 0 1 0 0 1 0 0 1 1 -1.159625e-15 0 1 -1.167352e-15 0 0.9659168 -0.2588526 0 0.9659168 -0.2588526 0 0.8660582 -0.4999432 0 0.8660582 -0.4999432 0 0.7071068 -0.7071068 0 0.7071068 -0.7071068 0 0.4999432 -0.8660582 0 0.4999432 -0.8660582 0 0.2588526 -0.9659168 0 0.2588526 -0.9659168 0 -5.881318e-16 -1 0 -5.881318e-16 -1 0 -0.2588526 -0.9659168 0 -0.2588526 -0.9659168 0 -0.4999432 -0.8660582 0 -0.4999432 -0.8660582 0 -0.7071068 -0.7071068 0 -0.7071068 -0.7071068 0 -0.8660582 -0.4999432 0 -0.8660582 -0.4999432 0 -0.9659168 -0.2588526 0 -0.9659168 -0.2588526 0 -1 -1.167352e-15 0 -1 -1.158441e-15 0 -0.9659168 0.2588526 0 -0.9659168 0.2588526 0 -0.8660582 0.4999432 0 -0.8660582 0.4999432 0 -0.7071068 0.7071068 0 -0.7071068 0.7071068 0 -0.4999432 0.8660582 0 -0.4999432 0.8660582 0 -0.2588526 0.9659168 0 -0.2588526 0.9659168 0 -5.881318e-16 1 0 -5.792207e-16 1 0 0.2588526 0.9659168 0 0.2588526 0.9659168 0 0.4999432 0.8660582 0 0.4999432 0.8660582 0 0.7071068 0.7071068 0 0.7071068 0.7071068 0 0.8660582 0.4999432 0 0.8660582 0.4999432 0 0.9659168 0.2588526 0 0.9659168 0.2588526 0 1 -9.328783e-18 0 1 8.911076e-18 0 0.9659143 -0.258862 0 0.9659143 -0.258862 0 0.8660353 -0.4999828 0 0.8660353 -0.4999828 0 0.7071421 -0.7070715 0 0.7071421 -0.7070715 0 0.4999623 -0.8660472 0 0.4999623 -0.8660472 0 0.2588079 -0.9659288 0 0.2588079 -0.9659288 0 -5.970449e-16 -1 0 -5.792226e-16 -1 0 -0.2588079 -0.9659288 0 -0.2588079 -0.9659288 0 -0.4999623 -0.8660472 0 -0.4999623 -0.8660472 0 -0.7071421 -0.7070715 0 -0.7071421 -0.7070715 0 -0.8660353 -0.4999828 0 -0.8660353 -0.4999828 0 -0.9659143 -0.258862 0 -0.9659143 -0.258862 0 -1 8.911076e-18 0 -1 -8.911076e-18 0 -0.9659143 0.258862 0 -0.9659143 0.258862 0 -0.8660353 0.4999828 0 -0.8660353 0.4999828 0 -0.7071407 0.7070729 0 -0.7071407 0.7070729 0 -0.4999615 0.8660476 0 -0.4999615 0.8660476 0 -0.2588103 0.9659282 0 -0.2588103 0.9659282 0 -5.881339e-16 1 0 -5.881339e-16 1 0 0.2588103 0.9659282 0 0.2588103 0.9659282 0 0.4999615 0.8660476 0 0.4999615 0.8660476 0 0.7071407 0.7070729 0 0.7071407 0.7070729 0 0.8660353 0.4999828 0 0.8660353 0.4999828 0 0.9659143 0.258862 0 0.9659143 0.258862 0 1 5.74974e-16 0 1 5.703096e-16 0 0.9659168 -0.2588526 0 0.9659168 -0.2588526 0 0.8660582 -0.4999432 0 0.8660582 -0.4999432 0 0.7071068 -0.7071068 0 0.7071068 -0.7071068 0 0.4999432 -0.8660582 0 0.4999432 -0.8660582 0 0.2588526 -0.9659168 0 0.2588526 -0.9659168 0 -5.792207e-16 -1 0 -5.881318e-16 -1 0 -0.2588526 -0.9659168 0 -0.2588526 -0.9659168 0 -0.4999432 -0.8660582 0 -0.4999432 -0.8660582 0 -0.7071068 -0.7071068 0 -0.7071068 -0.7071068 0 -0.8660582 -0.4999432 0 -0.8660582 -0.4999432 0 -0.9659168 -0.2588526 0 -0.9659168 -0.2588526 0 -1 5.703096e-16 0 -1 5.792207e-16 0 -0.9659168 0.2588526 0 -0.9659168 0.2588526 0 -0.8660582 0.4999432 0 -0.8660582 0.4999432 0 -0.7071068 0.7071068 0 -0.7071068 0.7071068 0 -0.4999432 0.8660582 0 -0.4999432 0.8660582 0 -0.2588526 0.9659168 0 -0.2588526 0.9659168 0 -5.792207e-16 1 0 -5.703096e-16 1 0 0.2588526 0.9659168 0 0.2588526 0.9659168 0 0.4999432 0.8660582 0 0.4999432 0.8660582 0 0.7071068 0.7071068 0 0.7071068 0.7071068 0 0.8660582 0.4999432 0 0.8660582 0.4999432 0 0.9659168 0.2588526 0 0.9659168 0.2588526 0 -0.9961958 0.08714304 1.320254e-18 -0.9848089 0.1736415 6.498085e-19 -0.9848089 0.1736415 1.56571e-16 -0.9396903 0.3420264 0 -0.9396903 0.3420264 0 -0.866025 0.5000008 0 -0.866025 0.5000008 0 -0.7660484 0.6427829 0 -0.7660484 0.6427829 0 -0.6427829 0.7660484 0 -0.6427829 0.7660484 0 -0.5000008 0.866025 0 -0.5000008 0.866025 0 -0.3420264 0.9396903 0 -0.3420264 0.9396903 0 -0.1736415 0.9848089 0 -0.1736415 0.9848089 0 -0.08714304 0.9961958 0 -0.04361302 0.9990485 0 0 -1 0 0 -1 0 0 -1 0 0 -1 0 -1 0 0 -1 0 0 -1 0 0 -1 0 0 -1 0 0 -1 0 0 -1 0 0 -1 0 0 -1 0 0 -1 0 0 0 1 0 0 1 0 0 1 0 0 1 0 0 1 0 0 1 0 0 1 0 0 1 0 0 1 0 0 1 0 0 1 0 0 1 0 0 1 0 0 1 0 0 1 0 0 1 0 0.9876892 -0.156429 0 0.9876892 -0.156429 6.707472e-18 0.9510595 -0.309008 0 0.9510595 -0.309008 0 0.8910021 -0.4539991 0 0.8910021 -0.4539991 0 0.8090175 -0.5877846 0 0.8090175 -0.5877846 0 0.7071068 -0.7071068 0 0.7071068 -0.7071068 0 0.5879112 -0.8089254 0.0002453037 0.6106924 -0.7918679 0 0.4444755 -0.895791 0 0.504222 -0.863574 0 0.5266538 -0.8500799 3.304531e-06 0.4538596 -0.8910732 0.0002430311 0.309008 -0.9510595 0 0.309008 -0.9510595 0 0.156429 -0.9876892 0 0.156429 -0.9876892 0 0.07846436 -0.9969169 0 0.07846436 -0.9969169 0 0 0 -1 0 0 -1 0 0 -1 0 0 -1 0 0 -1 0 0 -1 0 0 -1 0 0 -1 0 0 -1 0 0 -1 0 0 -1 0 0 -1 0 0 -1 0 0 -1 0 0 -1 0 0 -1 0 0 -1 0 0 -1 0 0 1 0 0 1 0 0 1 0 0 1 0 0 1 0 0 1 0 0 1 0 0 1 0 0 1 0 0 1 0 0 1 0 0 1 0 0 1 0 0 1 0 0 1 0 0 1 0 0 1 0 0 1 0 0 1 0 0 1 0 0 1 0 0 1 0 0 1 0 0 1 0 0 1 0 0 1 0 0 1 0 0 1 0 0 1 0 0 1 0 0 1 0 0 1 0 0 1 0 0 1 0 0 1 0 0 1 0 0 1 0 0 1 0 0 1 0 0 1 0 0 1 0 0 1 0 0 1 0 0 1 0 0 1 0 0 1 0 0 1 0 0 1 0 0 1 0 0 1 0 0 1 0 0 1 0 0 1 0 0 1 0 0 1 0 0 1 0 0 1 0 0 1 0 0 1 0 0 1 0 0 1 0 0 1 0 0 1 0 0 1 0 0 1 0 0 1 0 0 1 0 0 1 0 0 1 0 0 1 0 0 1 0 0 1 0 0 1 0 0 1 0 0 1 0 0 1 0 0 -1 0 0 -1 0 0 -1 0 0 -1 0 0 -1 0 0 -1 0 0 -1 0 0 -1 0 0 -1 0 0 -1 0 0 -1 0 0 -1 0 0 -1 0 0 -1 0 0 -1 0 0 -1 0 0 -1 0 0 -1 0 0 -1 0 0 -1 0 0 -1 0 0 -1 0 0 -1 0 0 -1 0 0 -1 0 0 -1 0 0 -1 0 0 -1 0 0 -1 0 0 -1 0 0 -1 0 0 -1 0 0 -1 0 0 -1 0 0 -1 0 0 -1 0 0 -1 0 0 -1 0 0 -1 0 0 -1 0 0 -1 0 0 -1 0 0 -1 0 0 -1 0 0 -1 0 0 -1 0 0 -1 0 0 -1 0 0 -1 0 0 -1 0 0 -1 0 0 -1 0 -0.9914884 0.1301949 0 -0.9914884 0.1301949 0 -1 3.575692e-05 0 -1 3.575692e-05 0 -0.9659168 -0.2588526 0 -0.9659168 -0.2588526 0 -0.8660582 -0.4999432 0 -0.8660582 -0.4999432 0 -0.7071068 -0.7071068 0 -0.7071068 -0.7071068 0 -0.4999432 -0.8660582 0 -0.4999432 -0.8660582 0 -0.2588526 -0.9659168 0 -0.2588526 -0.9659168 0 -1.131708e-15 -1 0 -1.140619e-15 -1 0 0.2588526 -0.9659168 0 0.2588526 -0.9659168 0 0.4999432 -0.8660582 0 0.4999432 -0.8660582 0 0.7071068 -0.7071068 0 0.7071068 -0.7071068 0 0.8660582 -0.4999432 0 0.8660582 -0.4999432 0 0.9659168 -0.2588526 0 0.9659168 -0.2588526 0 1 3.575692e-05 0 1 3.575692e-05 0 0.9914884 0.1301949 0 0.9914884 0.1301949 0 0.9660076 0.2585137 0 0.9660076 0.2585137 0 0.8660582 0.4999432 0 0.8660582 0.4999432 0 0.7071068 0.7071068 0 0.7071068 0.7071068 0 0.4999432 0.8660582 0 0.4999432 0.8660582 0 0.2588526 0.9659168 0 0.2588526 0.9659168 0 -1.140619e-15 1 0 -1.131708e-15 1 0 -0.2588526 0.9659168 0 -0.2588526 0.9659168 0 -0.4999432 0.8660582 0 -0.4999432 0.8660582 0 -0.7071068 0.7071068 0 -0.7071068 0.7071068 0 -0.8660582 0.4999432 0 -0.8660582 0.4999432 0 -0.9660076 0.2585137 0 -0.9660076 0.2585137 0 -1 5.56943e-18 0 -1 -8.911088e-18 0 -0.9659168 -0.2588526 0 -0.9659168 -0.2588526 0 -0.8660582 -0.4999432 0 -0.8660582 -0.4999432 0 -0.7071068 -0.7071068 0 -0.7071068 -0.7071068 0 -0.4999432 -0.8660582 0 -0.4999432 -0.8660582 0 -0.2588526 -0.9659168 0 -0.2588526 -0.9659168 0 -1.131708e-15 -1 0 -1.140619e-15 -1 0 0.2588526 -0.9659168 0 0.2588526 -0.9659168 0 0.4999432 -0.8660582 0 0.4999432 -0.8660582 0 0.7071068 -0.7071068 0 0.7071068 -0.7071068 0 0.8660582 -0.4999432 0 0.8660582 -0.4999432 0 0.9659168 -0.2588526 0 0.9659168 -0.2588526 0 1 0 0 1 0 0 0.9659168 0.2588526 0 0.9659168 0.2588526 0 0.8660582 0.4999432 0 0.8660582 0.4999432 0 0.7071068 0.7071068 0 0.7071068 0.7071068 0 0.4999432 0.8660582 0 0.4999432 0.8660582 0 0.2588526 0.9659168 0 0.2588526 0.9659168 0 -1.140619e-15 1 0 -1.131708e-15 1 0 -0.2588526 0.9659168 0 -0.2588526 0.9659168 0 -0.4999432 0.8660582 0 -0.4999432 0.8660582 0 -0.7071068 0.7071068 0 -0.7071068 0.7071068 0 -0.8660582 0.4999432 0 -0.8660582 0.4999432 0 -0.9659168 0.2588526 0 -0.9659168 0.2588526 0 -1 -2.341388e-15 0 -1 -2.343616e-15 0 -0.9659168 -0.2588526 0 -0.9659168 -0.2588526 0 -0.8660582 -0.4999432 0 -0.8660582 -0.4999432 0 -0.7071068 -0.7071068 0 -0.7071068 -0.7071068 0 -0.4999432 -0.8660582 0 -0.4999432 -0.8660582 0 -0.2588526 -0.9659168 0 -0.2588526 -0.9659168 0 -1.14953e-15 -1 0 -1.14953e-15 -1 0 0.2588526 -0.9659168 0 0.2588526 -0.9659168 0 0.4999432 -0.8660582 0 0.4999432 -0.8660582 0 0.7071068 -0.7071068 0 0.7071068 -0.7071068 0 0.8660582 -0.4999432 0 0.8660582 -0.4999432 0 0.9659168 -0.2588526 0 0.9659168 -0.2588526 0 1 -2.316883e-15 0 1 -2.325794e-15 0 0.9659168 0.2588526 0 0.9659168 0.2588526 0 0.8660582 0.4999432 0 0.8660582 0.4999432 0 0.7071068 0.7071068 0 0.7071068 0.7071068 0 0.4999432 0.8660582 0 0.4999432 0.8660582 0 0.2588526 0.9659168 0 0.2588526 0.9659168 0 -1.140619e-15 1 0 -1.131708e-15 1 0 -0.2588526 0.9659168 0 -0.2588526 0.9659168 0 -0.4999432 0.8660582 0 -0.4999432 0.8660582 0 -0.7071068 0.7071068 0 -0.7071068 0.7071068 0 -0.8660582 0.4999432 0 -0.8660582 0.4999432 0 -0.9659168 0.2588526 0 -0.9659168 0.2588526 0 -1 2.341945e-15 0 -1 2.343616e-15 0 -0.9659168 -0.2588526 0 -0.9659168 -0.2588526 0 -0.8660582 -0.4999432 0 -0.8660582 -0.4999432 0 -0.7071068 -0.7071068 0 -0.7071068 -0.7071068 0 -0.4999432 -0.8660582 0 -0.4999432 -0.8660582 0 -0.2588526 -0.9659168 0 -0.2588526 -0.9659168 0 -1.131708e-15 -1 0 -1.140619e-15 -1 0 0.2588526 -0.9659168 0 0.2588526 -0.9659168 0 0.4999432 -0.8660582 0 0.4999432 -0.8660582 0 0.7071068 -0.7071068 0 0.7071068 -0.7071068 0 0.8660582 -0.4999432 0 0.8660582 -0.4999432 0 0.9659168 -0.2588526 0 0.9659168 -0.2588526 0 1 2.325794e-15 0 1 2.316883e-15 0 0.9659168 0.2588526 0 0.9659168 0.2588526 0 0.8660582 0.4999432 0 0.8660582 0.4999432 0 0.7071068 0.7071068 0 0.7071068 0.7071068 0 0.4999432 0.8660582 0 0.4999432 0.8660582 0 0.2588526 0.9659168 0 0.2588526 0.9659168 0 -1.14953e-15 1 0 -1.14953e-15 1 0 -0.2588526 0.9659168 0 -0.2588526 0.9659168 0 -0.4999432 0.8660582 0 -0.4999432 0.8660582 0 -0.7071068 0.7071068 0 -0.7071068 0.7071068 0 -0.8660582 0.4999432 0 -0.8660582 0.4999432 0 -0.9659168 0.2588526 0 -0.9659168 0.2588526 0 -1 0 0 -1 0 0 -0.9659335 -0.2587905 0 -0.9659335 -0.2587905 0 -0.8662235 -0.4996567 0 -0.8662235 -0.4996567 0 -0.7070565 -0.7071571 0 -0.7070565 -0.7071571 0 -0.4997819 -0.8661513 0 -0.4997819 -0.8661513 0 -0.2588443 -0.9659191 0 -0.2588443 -0.9659191 0 -1.167314e-15 -1 0 -1.158403e-15 -1 0 0.2588443 -0.9659191 0 0.2588443 -0.9659191 0 0.4997819 -0.8661513 0 0.4997819 -0.8661513 0 0.7070565 -0.7071571 0 0.7070565 -0.7071571 0 0.8662235 -0.4996567 0 0.8662235 -0.4996567 0 0.9659335 -0.2587905 0 0.9659335 -0.2587905 0 1 0 0 1 0 0 0.9659335 0.2587905 0 0.9659335 0.2587905 0 0.8662235 0.4996567 0 0.8662235 0.4996567 0 0.7070565 0.7071571 0 0.7070565 0.7071571 0 0.4997819 0.8661513 0 0.4997819 0.8661513 0 0.2588443 0.9659191 0 0.2588443 0.9659191 0 -1.158403e-15 1 0 -1.167314e-15 1 0 -0.2588443 0.9659191 0 -0.2588443 0.9659191 0 -0.4997819 0.8661513 0 -0.4997819 0.8661513 0 -0.7070565 0.7071571 0 -0.7070565 0.7071571 0 -0.8662235 0.4996567 0 -0.8662235 0.4996567 0 -0.9659335 0.2587905 0 -0.9659335 0.2587905 0 0 -1 0 0 -1 0 0 -1 0 0 -1 0 0 -1 0 0 -1 0 0 -1 0 0 -1 0 0 -1 0 0 -1 0 0 -1 0 0 -1 0 0 -1 0 0 -1 0 0 -1 0 0 -1 0 0 -1 0 0 -1 0 0 -1 0 0 -1 0 0 -1 0 0 -1 0 0 -1 0 0 -1 0 0 -1 0 0 -1 0 0 -1 0 0 -1 0 0 -1 0 0 -1 0 0 -1 0 0 -1 0 0 -1 0 0 -1 0 0 -1 0 0 -1 0 0 -1 0 0 -1 0 0 -1 0 0 -1 0 0 -1 0 0 -1 0 0 -1 0 0 -1 0 0 -1 0 -1 0 0 -1 0 0 -1 0 0 -1 0 0 -1 0 0 -1 0 0 -1 0 0 -1 0 0 -1 0 0 -1 0 0 -1 0 0 -1 0 0 -1 0 0 1 0 0 1 0 0 1 0 0 0 -1 0 0 -1 0 0 -1 0 0 -1 0 0 -1 0 0 -1 0 0 -1 0 0 -1 0 0 -1 0 0 -1 0 0 -1 0 0 -1 0 0 -1 0 0 -1 0 0 -1 0 0 -1 0 0 -1 0 0 -1 0 0 -1 0 0 -1 0 0 -1 0 0 -1 0 0 -1 0 0 -1 0 0 -1 0 0 -1 0 0 -1 0 0 -1 0 0 -1 0 0 -1 0 0 -1 0 0 -1 0 0 -1 0 0 -1 0 0 -1 0 0 -1 0 0 -1 0 0 -1 0 0 -1 0 0 -1 0 0 -1 0 0 -1 0 0 -1 0 0 -1 0 0 -1 0 0 -1 0 0 -1 0 0 -1 0 0 -1 0 0 -1 0 0 -1 0 0 -1 0 0 -1 0 0 -1 0 0 -1 0 0 -1 0 0 1 0 0 1 0 0 1 0 0 1 0 0 1 0 0 1 0 0 1 0 0 1 0 0 1 0 0 1 0 0 1 0 0 1 0 0 1 0 0 1 0 0 1 0 0 1 0 0 1 0 0 1 0 0 1 0 0 1 0 0 1 0 0 1 0 0 1 0 0 1 0 0 1 0 0 1 0 0 1 0 0 1 0 0 1 0 0 1 0 0 1 0 0 1 0 0 1 0 0 1 0 0 1 0 0 1 0 0 1 0 0 1 0 0 1 0 0 1 0 0 1 0 0 1 0 0 1 0 0 1 0 0 1 0 0 1 0 0 1 0 0 1 0 0 1 0 0 1 0 0 1 0 0 1 0 0 1 0 0 1 0 0 1 0 0 1 0 1 0 0 1 0 0 1 0 0 1 0 0 1 0 0 1 0 0 1 0 0 -1 0 0 -1 0 0 -1 0 0 -1 0 0 -1 0 0 -1 0 0 -1 0 0 -1 0 0 -1 0 0 -1 0 0 -0.9988424 0.04810289 0 -0.9988424 0.04810289 0 -0.9911521 0.1327308 0 -0.9911521 0.1327308 0 -0.9428679 0.3331669 0 -0.9428679 0.3331669 0 -0.8349569 0.5503154 0 -0.8349569 0.5503154 0 -0.6772345 0.7357672 0 -0.6772345 0.7357672 0 -0.4831509 0.8755371 0 -0.4831509 0.8755371 0 -0.2624041 0.9649581 0 -0.2624041 0.9649581 0 -0.143516 0.989648 0 -0.143516 0.989648 0 1 0 0 1 0 0 1 0 0 1 0 0 0.1325676 0.991174 0 0.1325676 0.991174 0 0.09183018 0.9957747 0 0.09183018 0.9957747 0 0.05093842 0.9987018 0 0.05093842 0.9987018 0 -0.05507642 0.9984821 0 -0.05507642 0.9984821 0 -0.1455509 0.9893508 0 -0.1455509 0.9893508 0 -0.353935 0.93527 0 -0.353935 0.93527 0 -0.571774 0.8204112 0 -0.571774 0.8204112 0 -0.7555356 0.6551076 0 -0.7555356 0.6551076 0 -0.8935159 0.4490315 0 -0.8935159 0.4490315 0 -0.9746245 0.2238462 0 -0.9746245 0.2238462 0 -0.9940841 0.1086129 0 -0.9940841 0.1086129 0 0.9956414 -0.09326367 -1.812275e-05 0.9956694 -0.09296449 -5.141965e-07 0.9956904 -0.09273996 -9.321332e-06 0.9804285 -0.1968756 0 0.9805 -0.1965189 0 0.9130514 -0.4078445 0 0.9130514 -0.4078445 0 0.7923474 -0.6100702 0 0.7923474 -0.6100702 0 0.620864 -0.7839183 0 0.620864 -0.7839183 0 0.4098119 -0.91217 0 0.4098119 -0.91217 0 0.194311 -0.98094 0 0.194311 -0.98094 0 0.09076127 -0.9958727 0 0.09076127 -0.9958727 0 0.9971242 0.07578425 0 0.9971242 0.07578425 0 0.9831824 0.1826262 -8.25997e-06 0.9850457 0.1722932 -4.614039e-07 0.960818 0.27718 -7.821954e-06 0.9255685 0.3785802 0 0.9256021 0.3784981 0 0.8035178 0.5952807 0 0.8035178 0.5952807 0 0.7185071 0.6955196 0 0.7185071 0.6955196 0 -0.8896453 0.4566522 0 -0.8896453 0.4566522 0 -0.8896453 0.4566522 0 -0.8896453 0.4566522 0 -0.8312008 -0.5559724 0 -0.8312008 -0.5559724 0 -0.8851387 -0.4653273 0 -0.8851387 -0.4653273 0 -0.9683894 -0.2494433 0 -0.9683894 -0.2494433 0 -0.9921058 -0.1254034 0 -0.9921058 -0.1254034 0 -0.7147055 0.6994256 0 -0.7147055 0.6994256 0 -0.7757944 0.6309857 0 -0.7757944 0.6309857 0 -0.8915895 0.4528445 0 -0.8915895 0.4528445 0 -0.973462 0.2288488 0 -0.973462 0.2288488 0 -0.9936294 0.1126967 0 -0.9936294 0.1126967 0 -0.9956116 -0.09358128 0 -0.9956116 -0.09358128 0 -0.9798354 -0.1998063 0 -0.9798354 -0.1998063 0 -0.9103008 -0.4139474 0 -0.9103008 -0.4139474 0 -0.8012247 -0.5983636 0 -0.8012247 -0.5983636 0 -0.6724273 -0.7401632 0 -0.6724273 -0.7401632 0 -0.4982165 -0.8670527 0 -0.4982165 -0.8670527 0 -0.2642988 -0.9644408 0 -0.2642988 -0.9644408 0 -0.1335864 -0.9910372 0 -0.1335864 -0.9910372 0 0.04870538 -0.9988132 0 0.04870538 -0.9988132 0 0.1324955 -0.9911836 0 0.1324955 -0.9911836 0 0.3282408 -0.9445941 0 0.3282408 -0.9445941 0 0.5415221 -0.8406865 0 0.5415221 -0.8406865 0 0.7312209 -0.6821407 0 0.7312209 -0.6821407 0 0.8779023 -0.4788398 0 0.8779023 -0.4788398 0 0.9686216 -0.2485402 0 0.9686216 -0.2485402 0 0.9919569 -0.1265761 0 0.9919569 -0.1265761 0 -0.1947997 -0.980843 0 -0.1947997 -0.980843 0 -0.2761223 -0.9611225 2.598606e-06 -0.276058 -0.961141 8.034029e-08 -0.3551678 -0.9348026 2.660203e-06 -0.468052 -0.8837009 0 -0.4677892 -0.88384 0 -0.6560867 -0.7546856 0 -0.6560867 -0.7546856 0 -0.7966764 -0.6044061 0 -0.7966764 -0.6044061 0 -0.9081997 -0.418537 0 -0.9081997 -0.418537 0 -0.9789852 -0.2039313 0 -0.9789852 -0.2039313 0 -0.995518 -0.09457193 0 -0.995518 -0.09457193 0 -0.9991016 0.04237971 0 -0.9991016 0.04237971 0 -0.9938756 0.1105051 0 -0.9938756 0.1105051 0 -0.957247 0.2892719 0 -0.957247 0.2892719 0 -0.8607909 0.5089588 0 -0.8607909 0.5089588 0 -0.7899387 0.6131858 0 -0.7899387 0.6131858 0 -0.8923147 -0.4514139 0 -0.8923147 -0.4514139 0 -0.8923147 -0.4514139 0 -0.8923147 -0.4514139 0 0.9927241 -0.1204113 -1.723873e-05 0.9927685 -0.1200449 -6.517347e-07 0.9927625 -0.1200941 -8.559457e-06 0.9707364 -0.2401477 0 0.9707661 -0.2400276 0 0.8887324 -0.4584264 0 0.8887324 -0.4584264 0 0.7623287 -0.64719 0 0.7623287 -0.64719 0 0.624385 -0.7811167 0 0.624385 -0.7811167 0 0.5629514 -0.82649 0 0.5629514 -0.82649 0 0.1511907 0.9885046 0 0.1511907 0.9885046 7.596932e-06 0.2138825 0.9768594 1.48198e-05 0.2659542 0.9639857 0 0.266162 0.9639283 5.011442e-07 0.2658268 0.9640208 0 0.2136576 0.9769086 0 0.141151 0.9899881 0 0.141151 0.9899881 0 -1 0 0 -1 0 0 -1 0 0 -1 0 0 -0.142427 -0.9898053 0 -0.142427 -0.9898053 0 -0.142427 -0.9898053 0 -0.142427 -0.9898053 0 -0.05566681 0.9984494 0 -0.05566681 0.9984494 0 -0.1456948 0.9893296 0 -0.1456948 0.9893296 0 -0.3539167 0.9352769 0 -0.3539167 0.9352769 0 -0.5718812 0.8203365 0 -0.5718812 0.8203365 0 -0.7555356 0.6551076 0 -0.7555356 0.6551076 0 -0.8934892 0.4490847 0 -0.8934892 0.4490847 0 -0.9746112 0.2239042 0 -0.9746112 0.2239042 0 -0.9940841 0.1086129 0 -0.9940841 0.1086129 0 -0.9988446 0.04805762 0 -0.9988446 0.04805762 0 -0.9911471 0.1327681 0 -0.9911471 0.1327681 0 -0.9429058 0.3330594 0 -0.9429058 0.3330594 0 -0.8350527 0.5501699 0 -0.8350527 0.5501699 0 -0.6769689 0.7360116 0 -0.6769689 0.7360116 0 -0.4828348 0.8757115 0 -0.4828348 0.8757115 0 -0.2624041 0.9649581 0 -0.2624041 0.9649581 0 -0.143516 0.989648 0 -0.143516 0.989648 0 1 0 0 1 0 0 1 0 0 1 0 0 0.1333247 0.9910724 0 0.1333247 0.9910724 0 0.09221049 0.9957395 0 0.09221049 0.9957395 0 0.05093842 0.9987018 0 0.05093842 0.9987018 0 -0.9924563 -0.1225993 0 -0.9924563 -0.1225993 0 -0.9703107 -0.2418617 0 -0.9703107 -0.2418617 0 -0.8827352 -0.4698707 0 -0.8827352 -0.4698707 0 -0.8181391 -0.5750204 0 -0.8181391 -0.5750204 0 0.1389735 0.9902961 6.791426e-08 0.1389738 0.9902961 7.822032e-09 0.138974 0.990296 3.566697e-08 0.139006 0.9902915 0 0.1390063 0.9902915 0 0.1390381 0.990287 0 0.1390381 0.990287 0 -1 0 0 -1 0 0 -1 0 0 -1 0 7.1059e-09 -0.1389572 -0.9902984 0 -0.1388763 -0.9903097 1.971782e-08 -0.1388764 -0.9903097 0 -0.1390381 -0.990287 0 -0.1390381 -0.990287 0 -0.1389571 -0.9902984 1.9872e-08 -0.1388763 -0.9903097 0 -1 0 0 -1 0 0 -1 0 0 -1 0 0 -0.1341885 -0.9909558 0 -0.1341885 -0.9909558 0 -0.1341885 -0.9909558 0 -0.1341885 -0.9909558 0 1 0 0 1 0 0 1 0 0 1 0 0 -0.1372293 -0.9905393 0 -0.1372293 -0.9905393 0 -0.1372293 -0.9905393 0 -0.1372293 -0.9905393 0 1 0 0 1 0 0 1 0 0 1 0 0 0.1372341 0.9905386 0 0.1372341 0.9905386 0 0.1372341 0.9905386 0 0.1372341 0.9905386 0 1 0 0 1 0 0 1 0 0 1 0 0 0.139243 0.9902582 0 0.139243 0.9902582 0 0.139243 0.9902582 0 0.139243 0.9902582 0 -1 0 0 -1 0 0 -1 0 0 -1 0 5.702357e-07 0.1373965 0.9905161 0 0.1375202 0.990499 0 0.1375202 0.990499 0 0.1372621 0.9905348 1.140472e-06 0.1372712 0.9905335 9.769526e-08 0.137272 0.9905334 0 0.137401 0.9905155 0 -1 0 0 -1 0 0 -1 0 0 -1 0 0 -0.1375202 -0.990499 0 -0.1375202 -0.990499 0 -0.1373911 -0.9905169 5.702358e-07 -0.1373957 -0.9905162 9.769526e-08 -0.137272 -0.9905334 1.140471e-06 -0.1372727 -0.9905333 0 -0.1372818 -0.990532 0 -0.2416415 -0.9703656 0 -0.2416415 -0.9703656 0 -0.1566533 -0.9876537 0 -0.1566533 -0.9876537 0 -0.07048684 -0.9975127 0 -0.07048684 -0.9975127 0 0.2083673 0.9780506 0 0.2083673 0.9780506 0 0.2551809 0.9668933 0 0.2551809 0.9668933 0 0.4180082 0.9084433 0 0.4180082 0.9084433 0 0.607206 0.7945444 0 0.607206 0.7945444 0 0.7557141 0.6549017 0 0.7557141 0.6549017 0 0.8820755 0.4711081 0 0.8820755 0.4711081 0 0.9700462 0.2429206 0 0.9700462 0.2429206 0 0.9933135 0.1154484 0 0.9933135 0.1154484 0 -0.5086757 -0.8609582 4.748987e-07 -0.5086772 -0.8609573 6.666128e-08 -0.5086789 -0.8609563 5.308583e-07 -0.5086779 -0.8609569 0 -0.5086821 -0.8609544 0 1 0 0 1 0 0 1 0 0 1 0 0 0.5083571 0.8611464 5.545567e-06 0.5083634 0.8611426 2.700882e-06 0.5083773 0.8611344 7.827982e-06 0.5083729 0.861137 0 0.5083981 0.8611221 0 -1 0 0 -1 0 0 -1 0 0 -1 0 0 -0.5083063 -0.8611764 0 -0.5083063 -0.8611764 0 -0.5083063 -0.8611764 0 -0.5083063 -0.8611764 0 -0.3192888 0.9476575 0 -0.3192888 0.9476575 0 -0.3192888 0.9476575 0 -0.3192888 0.9476575 0 -1 0 0 -1 0 0 -1 0 0 -1 0 0 0.3193886 -0.9476238 0 0.3193886 -0.9476238 0 0.3193886 -0.9476238 0 0.3193886 -0.9476238 0 1 0 0 1 0 0 1 0 0 1 0 0 0.133163 0.9910941 0 0.133163 0.9910941 0 0.133163 0.9910941 0 0.133163 0.9910941 0 0.175318 0.9845119 0 0.175318 0.9845119 0 0.2340361 0.9722279 0 0.2340361 0.9722279 0 0.3705971 0.9287937 0 0.3705971 0.9287937 0 0.5485643 0.8361084 0 0.5485643 0.8361084 0 0.7253345 0.6883966 0 0.7253345 0.6883966 0 0.8681424 0.4963152 0 0.8681424 0.4963152 0 0.9647116 0.2633087 0 0.9647116 0.2633087 0 0.990192 0.1397135 0 0.990192 0.1397135 0 0.9989005 0.04687981 0 0.9989005 0.04687981 0 0.9919717 0.12646 -6.567993e-06 0.992011 0.1261518 -2.291186e-07 0.9788187 0.2047292 -6.5433e-06 0.9472584 0.3204709 0 0.9473211 0.3202854 0 0.8448262 0.5350408 0 0.8448262 0.5350408 0 0.7758578 0.6309078 0 0.7758578 0.6309078 0 -0.1399583 -0.9901574 0 -0.1399583 -0.9901574 0 -0.1399583 -0.9901574 0 -0.1399583 -0.9901574 0 1 0 0 1 0 0 1 0 0 1 0 0 0.1405922 0.9900676 0 0.1405922 0.9900676 0 0.1405922 0.9900676 0 0.1405922 0.9900676 0 -1 0 0 -1 0 0 -1 0 0 -1 0 0 -0.1411897 -0.9899826 0 -0.1411897 -0.9899826 0 -0.1411897 -0.9899826 0 -0.1411897 -0.9899826 0 -0.6375677 0.7703943 0 -0.6375677 0.7703943 0 -0.7348125 0.6782703 0 -0.7348125 0.6782703 0 -0.8824192 0.470464 0 -0.8824192 0.470464 0 -0.9700779 0.2427938 0 -0.9700779 0.2427938 0 -0.9925417 0.1219055 0 -0.9925417 0.1219055 0 -0.9923104 -0.1237739 0 -0.9923104 -0.1237739 0 -0.9695567 -0.2448669 0 -0.9695567 -0.2448669 0 -0.8804312 -0.4741738 0 -0.8804312 -0.4741738 0 -0.8153991 -0.5788993 0 -0.8153991 -0.5788993 0 0.1398024 0.9901794 0 0.1398024 0.9901794 0 0.1398024 0.9901794 0 0.1398024 0.9901794 0 -1 0 0 -1 0 0 -1 0 0 -1 0 0 -0.1405922 -0.9900676 0 -0.1405922 -0.9900676 0 -0.1405922 -0.9900676 0 -0.1405922 -0.9900676 0 0.9971242 0.07578425 0 0.9971242 0.07578425 0 0.9831824 0.1826262 -8.25997e-06 0.9850457 0.1722932 -4.614039e-07 0.960818 0.27718 -7.821954e-06 0.9255685 0.3785802 0 0.9256021 0.3784981 0 0.8035178 0.5952807 0 0.8035178 0.5952807 0 0.7185071 0.6955196 0 0.7185071 0.6955196 0 -0.8896453 0.4566522 0 -0.8896453 0.4566522 0 -0.8896453 0.4566522 0 -0.8896453 0.4566522 0 -0.8312008 -0.5559724 0 -0.8312008 -0.5559724 0 -0.8851387 -0.4653273 0 -0.8851387 -0.4653273 0 -0.9683894 -0.2494433 0 -0.9683894 -0.2494433 0 -0.9921058 -0.1254034 0 -0.9921058 -0.1254034 0 -0.9894626 -0.1447888 0 -0.9986364 -0.05220452 0 -0.9894626 -0.1447888 0 -0.9986364 -0.05220452 0 -0.9716026 -0.2366187 0 -0.9716026 -0.2366187 0 -0.9342586 -0.3565962 0 -0.9342586 -0.3565962 0 -0.8281 -0.5605804 0 -0.8281 -0.5605804 1.604714e-06 -0.6902511 -0.7235699 0 -0.6902317 -0.7235884 8.737722e-08 -0.6077688 -0.7941141 1.642268e-06 -0.5216683 -0.8531484 0 -0.5217279 -0.8531119 0 -0.4299195 -0.9028672 0 -0.4299195 -0.9028672 0 0.9947508 -0.1023268 0 0.9947508 -0.1023268 0 0.979506 -0.2014149 0 0.979506 -0.2014149 0 0.9117684 -0.4107047 0 0.9117684 -0.4107047 0 0.7889983 -0.6143954 0 0.7889983 -0.6143954 0 0.6254673 -0.7802504 0 0.6254673 -0.7802504 0 0.4319709 -0.9018875 0 0.4319709 -0.9018875 0 0.2137059 -0.976898 0 0.2137059 -0.976898 0 0.0977713 -0.9952089 0 0.0977713 -0.9952089 0 -0.9983014 -0.05826049 0 -0.9983014 -0.05826049 0 -0.990495 -0.1375489 0 -0.990495 -0.1375489 0 -0.9438251 -0.3304454 0 -0.9438251 -0.3304454 0 -0.8417998 -0.5397898 0 -0.8417998 -0.5397898 0 -0.6995054 -0.7146273 0 -0.6995054 -0.7146273 0 -0.6155763 -0.7880773 0 -0.6155763 -0.7880773 0 0.1260071 0.9920293 0 0.1260071 0.9920293 0 0.1260071 0.9920293 0 0.1260071 0.9920293 0 -1 0 0 -1 0 0 -1 0 0 -1 0 0 -0.1405922 -0.9900676 0 -0.1405922 -0.9900676 0 -0.1405922 -0.9900676 0 -0.1405922 -0.9900676 0 -0.6522419 0.7580109 0 -0.6522419 0.7580109 0 -0.7430496 0.6692364 0 -0.7430496 0.6692364 0 -0.8841961 0.4671158 0 -0.8841961 0.4671158 0 -0.9704387 0.2413479 0 -0.9704387 0.2413479 0 -0.9926206 0.1212611 0 -0.9926206 0.1212611 0 0.9993196 0.03688377 0 0.9993196 0.03688377 0 0.9943965 0.1057149 -6.344825e-06 0.9944206 0.1054878 -2.332979e-07 0.9848169 0.1735961 -6.369163e-06 0.9571671 0.289536 0 0.9572299 0.2893284 0 0.8604548 0.5095268 0 0.8604548 0.5095268 0 0.7922884 0.6101468 0 0.7922884 0.6101468 0 -0.1402477 -0.9901165 0 -0.1402477 -0.9901165 0 -0.1402477 -0.9901165 0 -0.1402477 -0.9901165 0 1 0 0 1 0 0 1 0 0 1 0 -1.977463e-06 0.1390615 0.9902837 0 0.1392548 0.9902566 0 0.1392548 0.9902566 0 0.1388764 0.9903097 -2.499624e-06 0.1388732 0.9903102 -1.066519e-06 0.1388568 0.9903125 0 0.1390458 0.990286 0 -1 0 0 -1 0 0 -1 0 0 -1 0 4.715992e-07 -0.1391621 -0.9902696 0 -0.1390696 -0.9902826 5.600665e-06 -0.1390856 -0.9902804 0 -0.1392548 -0.9902566 0 -0.1392548 -0.9902566 0 -0.1391442 -0.9902721 3.832643e-06 -0.139064 -0.9902834 0 1 0 0 1 0 0 1 0 0 1 0 0 0.1376167 0.9904856 0 0.1308288 0.991405 0 0.1376167 0.9904856 0 0.1308288 0.991405 0 0.1611819 0.9869247 0 0.1611819 0.9869247 0 0.309003 0.9510611 0 0.309003 0.9510611 0 0.5164374 0.8563249 0 0.5164374 0.8563249 0 0.7033662 0.7108277 0 0.7033662 0.7108277 0 0.8507894 0.5255068 0 0.8507894 0.5255068 0 0.9555736 0.2947526 0 0.9555736 0.2947526 0 0.9874135 0.1581598 0 0.9874135 0.1581598 0 0.9946013 -0.1037706 0 0.9946013 -0.1037706 0 0.9755747 -0.2196678 0 0.9755747 -0.2196678 0 0.9016932 -0.4323765 0 0.9016932 -0.4323765 0 0.8509687 -0.5252164 0 0.8509687 -0.5252164 0 0.7868815 -0.6171041 0 0.7868815 -0.6171041 0 0.6243139 -0.7811736 0 0.6243139 -0.7811736 0 0.4223365 -0.9064391 0 0.4223365 -0.9064391 0 0.2038084 -0.9790108 0 0.2038084 -0.9790108 0 0.09545257 -0.995434 0 0.09545257 -0.995434 0 -0.06221689 -0.9980627 0 -0.06221689 -0.9980627 0 -0.09305066 -0.9956614 0 -0.09305066 -0.9956614 0 -0.1237954 -0.9923078 0 -0.1237954 -0.9923078 0 -0.1396649 -0.9901988 0 -0.1396649 -0.9901988 0 -0.139617 -0.9902056 0 -0.139617 -0.9902056 0 -0.1395691 -0.9902123 0 -0.1395691 -0.9902123 0 0.1228629 0.9924237 0 0.1228629 0.9924237 0 0.09209974 0.9957498 0 0.09209974 0.9957498 0 0.06124843 0.9981226 0 0.06124843 0.9981226 0 0.1393792 0.9902391 0 0.1393792 0.9902391 0 0.1393792 0.9902391 0 0.1393792 0.9902391 0 1 0 0 1 0 0 1 0 0 1 0 0 1 0 0 1 0 0 0.995645 -0.09322519 -1.74589e-05 0.995672 -0.0929371 -4.955126e-07 0.9956922 -0.09272073 -8.980094e-06 0.9804207 -0.1969144 0 0.9804896 -0.1965708 0 0.9130298 -0.4078928 0 0.9130298 -0.4078928 0 0.7923474 -0.6100702 0 0.7923474 -0.6100702 0 0.6209895 -0.7838188 0 0.6209895 -0.7838188 0 0.4097904 -0.9121797 0 0.4097904 -0.9121797 0 0.1941308 -0.9809757 0 0.1941308 -0.9809757 0 0.09076127 -0.9958727 0 0.09076127 -0.9958727 0 -0.9976795 -0.0680855 0 -0.9976795 -0.0680855 0 -0.9863297 -0.1647841 0 -0.9863297 -0.1647841 0 -0.9266369 -0.3759575 0 -0.9266369 -0.3759575 0 -0.8124325 -0.5830553 0 -0.8124325 -0.5830553 0 -0.6599393 -0.751319 0 -0.6599393 -0.751319 0 -0.4683657 -0.8835347 0 -0.4683657 -0.8835347 0 -0.2410919 -0.9705023 0 -0.2410919 -0.9705023 0 -0.1195431 -0.992829 0 -0.1195431 -0.992829 0 0.9966085 0.08228878 -5.414628e-07 0.9966552 0.08172114 -1.805545e-05 0.9966302 0.08202554 -9.352277e-06 0.9836315 0.1801915 0 0.9837081 0.179773 0 0.9197177 0.3925805 0 0.9197177 0.3925805 0 0.7995425 0.6006095 0 0.7995425 0.6006095 0 0.6316779 0.7752309 0 0.6316779 0.7752309 0 0.5299645 0.8480198 0 0.5299645 0.8480198 0 0.993153 0.1168205 0 0.993153 0.1168205 0 0.9719963 0.234996 0 0.9719963 0.234996 0 0.8869133 0.4619359 0 0.8869133 0.4619359 0 0.823631 0.5671261 0 0.823631 0.5671261 0 -0.9976774 -0.06811634 0 -0.9976774 -0.06811634 0 -0.9863271 -0.1647993 0 -0.9863271 -0.1647993 0 -0.9266369 -0.3759575 0 -0.9266369 -0.3759575 0 -0.8124883 -0.5829775 0 -0.8124883 -0.5829775 0 -0.6600111 -0.7512558 0 -0.6600111 -0.7512558 0 -0.4683657 -0.8835347 0 -0.4683657 -0.8835347 0 -0.2410919 -0.9705023 0 -0.2410919 -0.9705023 0 -0.1195431 -0.992829 0 -0.1195431 -0.992829 0 -0.1388253 -0.9903169 4.724695e-06 -0.1388667 -0.9903111 1.246225e-06 -0.1388511 -0.9903133 2.963248e-06 -0.1388726 -0.9903103 0 -0.1388764 -0.9903097 0 -1 0 0 -1 0 0 -1 0 0 -1 0 0 0.1390335 0.9902877 -1.300012e-05 0.1390128 0.9902906 -4.29653e-06 0.1389301 0.9903022 -1.869993e-05 0.1389888 0.9902939 0 0.1388253 0.9903169 0 -1 0 0 -1 0 0 -1 0 0 -1 0 0 0.1286996 0.9916836 0 0.1286996 0.9916836 0 0.1286996 0.9916836 0 0.1286996 0.9916836 0 1 0 0 1 0 0 1 0 0 1 0 0 -0.9754826 0.2200764 0 -0.8947505 0.4465663 0 -0.8947505 0.4465663 0 -0.7788789 0.6271743 0 -0.7788789 0.6271743 0 -0.6567885 0.7540749 0 -0.6567885 0.7540749 0 -0.4857962 0.8740721 0 -0.4857962 0.8740721 0 -0.2632742 0.964721 0 -0.2632742 0.964721 0 -0.09174702 0.9957823 0 -0.09174702 0.9957823 0 -0.03384065 0.9994272 0 -0.03384065 0.9994272 0 -0.9940162 0.1092326 0 -0.9940162 0.1092326 0 -0.9942857 0.1067522 0 -0.9942857 0.1067522 0 -0.9754826 0.2200764 0 -0.9997737 -0.02127178 0 -0.9997737 -0.02127178 0 -0.9959914 -0.08944903 0 -0.9959914 -0.08944903 0 -0.960083 -0.2797153 0 -0.960083 -0.2797153 0 -0.8620108 -0.50689 0 -0.8620108 -0.50689 0 -0.7503892 -0.6609962 0 -0.7503892 -0.6609962 0 -0.652514 -0.7577767 0 -0.652514 -0.7577767 0 -0.4965091 -0.8680315 0 -0.4965091 -0.8680315 0 -0.2641715 -0.9644757 0 -0.2641715 -0.9644757 0 -0.1363926 -0.9906549 0 -0.1363926 -0.9906549 0 0.9937623 -0.1115195 -1.609337e-05 0.9937978 -0.1112024 -3.817278e-07 0.9938231 -0.1109755 -8.255775e-06 0.9738103 -0.2273621 0 0.973896 -0.2269947 0 0.8929597 -0.4501365 0 0.8929597 -0.4501365 0 0.7597613 -0.6502021 0 0.7597613 -0.6502021 0 0.5917864 -0.8060948 0 0.5917864 -0.8060948 0 0.3941365 -0.9190519 0 0.3941365 -0.9190519 0 0.1805319 -0.9835691 0 0.1805319 -0.9835691 0 0.07765858 -0.99698 0 0.07765858 -0.99698 0 -0.9995954 -0.02844377 0 -0.9995954 -0.02844377 0 -0.99453 -0.104451 0 -0.99453 -0.104451 0 -0.9533437 -0.3018872 0 -0.9533437 -0.3018872 0 -0.8491765 -0.5281091 0 -0.8491765 -0.5281091 0 -0.6920657 -0.7218345 0 -0.6920657 -0.7218345 0 -0.4956564 -0.8685187 0 -0.4956564 -0.8685187 0 -0.2640982 -0.9644958 0 -0.2640982 -0.9644958 0 -0.1350775 -0.990835 0 -0.1350775 -0.990835 0 0.9935213 -0.1136463 -2.87918e-06 0.9935279 -0.1135885 -6.660505e-08 0.9935327 -0.1135459 -1.477036e-06 0.9730043 -0.2307871 0 0.9730204 -0.230719 0 0.8889668 -0.4579716 0 0.8889668 -0.4579716 0 0.7488286 -0.6627637 0 0.7488286 -0.6627637 0 0.5767805 -0.8168992 0 0.5767805 -0.8168992 0 0.3809585 -0.9245922 0 0.3809585 -0.9245922 0 0.1739462 -0.9847552 0 0.1739462 -0.9847552 0 0.07622478 -0.9970907 0 0.07622478 -0.9970907 0 0.9813203 -0.1923811 0 0.9813203 -0.1923811 0 0.9621324 -0.2725825 0 0.9621324 -0.2725825 0 0.9364016 -0.3509302 0 0.9364016 -0.3509302 0 0.3996444 0.9166703 0 0.3996444 0.9166703 0 0.3996444 0.9166703 0 0.3996444 0.9166703 0 -0.9357032 0.3527883 0 -0.9357032 0.3527883 0 -0.9694439 0.2453132 0 -0.9694439 0.2453132 0 -0.990883 0.1347253 0 -0.990883 0.1347253 0 -0.1067532 -0.9942855 0 -0.1067532 -0.9942855 0 -0.2224541 -0.9749432 0 -0.2224541 -0.9749432 0 -0.4506655 -0.8926929 0 -0.4506655 -0.8926929 0 -0.6534862 -0.7569384 0 -0.6534862 -0.7569384 0 -0.8139456 -0.5809411 0 -0.8139456 -0.5809411 0 -0.9251673 -0.3795597 0 -0.9251673 -0.3795597 0 -0.9835543 -0.1806129 0 -0.9835543 -0.1806129 0 -0.9964238 -0.08449574 0 -0.9964238 -0.08449574 0 -0.1354417 -0.9907853 0 -0.1354417 -0.9907853 0 -0.1354417 -0.9907853 0 -0.1354417 -0.9907853 0 0.9957695 -0.09188645 0 0.9957695 -0.09188645 0 0.9888075 -0.1491971 0 0.9888075 -0.1491971 0 0.9479398 -0.3184495 0 0.9479398 -0.3184495 0 0.8436634 -0.5368725 0 0.8436634 -0.5368725 0 0.6859978 -0.7276036 0 0.6859978 -0.7276036 0 0.4923209 -0.8704138 0 0.4923209 -0.8704138 0 0.2618138 -0.9651184 0 0.2618138 -0.9651184 0 0.1338039 -0.9910078 0 0.1338039 -0.9910078 0 -0.05426774 -0.9985264 0 -0.05426774 -0.9985264 0 -0.1344179 -0.9909247 0 -0.1344179 -0.9909247 0 -0.3331478 -0.9428746 0 -0.3331478 -0.9428746 0 -0.5529887 -0.8331887 0 -0.5529887 -0.8331887 0 -0.7397553 -0.6728759 0 -0.7397553 -0.6728759 0 -0.8835281 -0.4683782 0 -0.8835281 -0.4683782 0 -0.9710675 -0.2388052 0 -0.9710675 -0.2388052 0 -0.9927226 -0.1204236 0 -0.9927226 -0.1204236 0 -0.9974026 0.07202785 0 -0.9974026 0.07202785 0 -0.9861355 0.1659423 0 -0.9861355 0.1659423 0 -0.9281441 0.372221 0 -0.9281441 0.372221 0 -0.8115426 0.5842933 0 -0.8115426 0.5842933 0 -0.7340343 0.6791124 0 -0.7340343 0.6791124 0 -0.5518158 0.833966 0 -0.5518158 0.833966 0 -0.4607709 0.8875191 0 -0.4607709 0.8875191 0 -0.2733085 0.9619264 0 -0.2733085 0.9619264 0 -0.1794963 0.9837587 0 -0.1794963 0.9837587 0 -1 0 0 -1 0 0 -1 0 0 -1 0 0 0.9933838 -0.1148421 0 0.9933838 -0.1148421 -4.959329e-06 0.9718054 -0.2357843 0 0.05995356 -0.9982012 0 0.05995356 -0.9982012 0 0.1437128 -0.9896194 0 0.1437128 -0.9896194 0 0.3362533 -0.9417716 0 0.3362533 -0.9417716 0 0.5507193 -0.8346905 0 0.5507193 -0.8346905 0 0.7399169 -0.6726983 0 0.7399169 -0.6726983 0 0.8836065 -0.4682302 -4.932088e-06 0.8835394 -0.4683568 -1.88142e-07 0.9355431 -0.3532125 0 0.9717589 -0.2359759 0 0.9983592 0.0572625 0 0.9983592 0.0572625 0 0.9896272 0.1436596 -4.195388e-07 0.9896281 0.1436531 -1.947292e-08 0.9734487 0.2289052 -4.36795e-07 0.9387626 0.3445647 0 0.9387843 0.3445056 0 0.8286953 0.5597 0 0.8286953 0.5597 0 0.6727501 0.7398698 0 0.6727501 0.7398698 0 0.4815498 0.8764187 0 0.4815498 0.8764187 0 0.2537603 0.9672671 0 0.2537603 0.9672671 0 0.12848 0.9917121 0 0.12848 0.9917121 0 -0.05146011 0.9986751 0 -0.05146011 0.9986751 0 -0.1348071 0.9908719 0 -0.1348071 0.9908719 0 -0.3252128 0.9456409 0 -0.3252128 0.9456409 0 -0.5341148 0.8454119 0 -0.5341148 0.8454119 0 -0.7158154 0.6982895 0 -0.7158154 0.6982895 0 -0.79084 0.6120229 0 -0.79084 0.6120229 0 0.7746012 0.63245 0 0.7746012 0.63245 0 0.6938792 0.7200915 0 0.6938792 0.7200915 0 0.5034173 0.8640434 0 0.5034173 0.8640434 0 0.2696717 0.9629523 0 0.2696717 0.9629523 0 0.1382019 0.9904041 0 0.1382019 0.9904041 0 -0.9927823 0.1199305 0 -0.9927823 0.1199305 0 -0.9702145 0.2422474 -8.483299e-08 -0.3808198 0.9246493 0 -0.1839364 0.9829382 0 -0.1839364 0.9829382 0 -0.08409101 0.9964581 0 -0.08409101 0.9964581 -2.677491e-06 -0.5684403 0.8227245 -2.761523e-06 -0.4750857 0.8799395 0 -0.3802934 0.9248659 0 -0.5683987 0.8227533 0 -0.7417908 0.6706314 0 -0.7417908 0.6706314 0 -0.8820475 0.4711604 0 -0.8820475 0.4711604 0 -0.9327801 0.3604461 0 -0.9327801 0.3604461 0 -0.9702145 0.2422474 0 -0.9794738 -0.2015713 0 -0.9955518 -0.09421625 0 -0.9794738 -0.2015713 0 -0.9955518 -0.09421625 0 -0.9517902 -0.3067499 0 -0.9517902 -0.3067499 0 -0.9038697 -0.4278079 0 -0.9038697 -0.4278079 0 -0.7988727 -0.6015001 0 -0.7988727 -0.6015001 0 -0.701891 -0.7122844 0 -0.701891 -0.7122844 3.17299e-06 -0.5487079 -0.8360142 0 -0.5486176 -0.8360734 1.157542e-07 -0.4419192 -0.8970549 3.172898e-06 -0.3369176 -0.9415341 0 -0.3370254 -0.9414956 0 -0.2275372 -0.9737694 0 -0.2275372 -0.9737694 0 1 0 0 1 0 0 1 0 0 1 0 0 0.9926043 -0.1213945 0 0.9926043 -0.1213945 -5.688936e-06 0.9697213 -0.2442143 0 0.05859855 -0.9982816 0 0.05859855 -0.9982816 0 0.1462251 -0.9892513 0 0.1462251 -0.9892513 0 0.3543307 -0.9351202 0 0.3543307 -0.9351202 0 0.5698081 -0.8217778 0 0.5698081 -0.8217778 0 0.7438261 -0.6683732 0 0.7438261 -0.6683732 0 0.8806111 -0.4738397 -5.731692e-06 0.8804502 -0.4741387 -1.670179e-07 0.9317575 -0.3630812 0 0.9696735 -0.2444038 0 0.999368 0.03554725 0 0.999368 0.03554725 0 0.9935232 0.1136297 0 0.9935232 0.1136297 0 0.9523856 0.3048961 -3.076271e-06 0.9524691 0.3046353 -1.288082e-07 0.9101584 0.4142603 -2.983816e-06 0.8662499 0.499611 0 0.866277 0.4995639 0 0.7473589 0.6644205 0 0.7473589 0.6644205 0 0.5918653 0.8060369 0 0.5918653 0.8060369 0 0.4166908 0.9090483 0 0.4166908 0.9090483 0 0.2147844 0.9766615 0 0.2147844 0.9766615 0 0.1031439 0.9946664 0 0.1031439 0.9946664 0 -0.9925772 0.1216164 0 -0.9925772 0.1216164 0 -0.9697031 0.2442863 0 -0.07622701 0.9970905 0 -0.07622701 0.9970905 0 -0.1745235 0.984653 0 -0.1745235 0.984653 -1.240744e-06 -0.3791774 0.925324 0 -0.379106 0.9253532 -4.843731e-08 -0.4822514 0.8760329 -1.21798e-06 -0.5819203 0.8132458 0 -0.5819421 0.8132302 0 -0.7543395 0.6564845 0 -0.7543395 0.6564845 0 -0.8842698 0.4669764 0 -0.8842698 0.4669764 0 -0.9317869 0.3630057 0 -0.9317869 0.3630057 0 -0.9697031 0.2442863 0 1 0 0 1 0 0 1 0 0 1 0 0 0.1385328 0.9903578 0 0.1412323 0.9899765 0 0.1385328 0.9903578 0 0.1412323 0.9899765 0 0.1798999 0.9836849 0 0.1798999 0.9836849 0 0.3401067 0.9403869 0 0.3401067 0.9403869 0 0.562315 0.8269231 0 0.562315 0.8269231 0 0.7431634 0.66911 0 0.7431634 0.66911 0 0.8766935 0.4810494 0 0.8766935 0.4810494 0 0.9657428 0.2595012 0 0.9657428 0.2595012 0 0.991012 0.1337732 0 0.991012 0.1337732 0 0.996742 -0.08065545 0 0.996742 -0.08065545 0 0.9842648 -0.1766999 0 0.9842648 -0.1766999 0 0.9256081 -0.3784834 0 0.9256081 -0.3784834 0 0.8100457 -0.5863667 0 0.8100457 -0.5863667 0 0.6401493 -0.7682506 0 0.6401493 -0.7682506 0 0.4286164 -0.9034866 0 0.4286164 -0.9034866 0 0.2043459 -0.9788987 0 0.2043459 -0.9788987 0 0.09545257 -0.995434 0 0.09545257 -0.995434 0 -0.06202321 -0.9980747 0 -0.06202321 -0.9980747 0 -0.09317816 -0.9956495 0 -0.09317816 -0.9956495 0 -0.1242421 -0.9922519 0 -0.1242421 -0.9922519 0 -0.1395542 -0.9902144 0 -0.1395542 -0.9902144 0 -0.1395542 -0.9902144 0 -0.1395542 -0.9902144 0 1 0 0 1 0 0 1 0 0 1 0 0 0.1393994 0.9902362 0 0.1393994 0.9902362 0 0.1393994 0.9902362 0 0.1393994 0.9902362 0 0.1230415 0.9924015 0 0.1230415 0.9924015 0 0.09223443 0.9957373 0 0.09223443 0.9957373 0 0.06133883 0.998117 0 0.06133883 0.998117 0 -0.09522836 0.9954555 0 -0.09522836 0.9954555 0 -0.207156 0.9783079 0 -0.207156 0.9783079 0 -0.4303202 0.9026763 0 -0.4303202 0.9026763 0 -0.6238787 0.7815212 0 -0.6238787 0.7815212 0 -0.7764175 0.6302189 0 -0.7764175 0.6302189 0 -0.8985474 0.4388765 0 -0.8985474 0.4388765 0 -0.9758358 0.2185052 0 -0.9758358 0.2185052 0 -0.9945552 0.1042113 0 -0.9945552 0.1042113 -1 0 0 -1 0 0 -1 0 0 -1 0 0 -1 0 0 -1 0 0 -1 0 0 -1 0 0 -1 0 0 -1 0 0 -1 0 0 -1 0 0 -1 0 0 -1 0 0 -1 0 0 -1 0 0 -1 0 0 -1 0 0 -1 0 0 -1 0 0 -1 0 0 -1 0 0 -1 0 0 -1 0 0 -1 0 0 -1 0 0 -1 0 0 -1 0 0 -1 0 0 -1 0 0 -1 0 0 -1 0 0 -1 0 0 -1 0 0 -1 0 0 -1 0 0 -1 0 0 -1 0 0 -1 0 0 -1 0 0 -1 0 0 -1 0 0 -1 0 0 -1 0 0 -1 0 0 -1 0 0 -1 0 0 -1 0 0 -1 0 0 -1 0 0 -1 0 0 -1 0 0 -1 0 0 1 0 0 1 0 0 1 0 0 1 0 0 1 0 0 1 0 0 1 0 0 1 0 0 1 0 0 1 0 0 1 0 0 1 0 0 1 0 0 1 0 0 1 0 0 1 0 0 1 0 0 1 0 0 1 0 0 1 0 0 1 0 0 1 0 0 1 0 0 1 0 0 1 0 0 1 0 0 1 0 0 1 0 0 1 0 0 1 0 0 1 0 0 1 0 0 1 0 0 1 0 0 1 0 0 1 0 0 1 0 0 1 0 0 1 0 0 1 0 0 1 0 0 1 0 0 1 0 0 1 0 0 1 0 0 1 0 0 1 0 0 1 0 0 1 0 0 1 0 0 1 0 0 1 0 0 1 0 0 0 0.9981419 -0.06093308 0 0.9981419 -0.06093308 0 0.9908931 -0.1346512 0 0.9908931 -0.1346512 0 0.9519499 -0.3062539 0 0.9519499 -0.3062539 0 0.8671918 -0.4979744 0 0.8671918 -0.4979744 0 0.7515651 -0.659659 0 0.7515651 -0.659659 0 0.6245551 -0.7809808 0 0.6245551 -0.7809808 0 0.4879395 -0.8728775 0 0.4879395 -0.8728775 0 0.3495611 -0.9369136 0 0.3495611 -0.9369136 0 0.2318811 -0.9727441 0 0.2318811 -0.9727441 0 0.1364611 -0.9906454 0 0.1364611 -0.9906454 0 0.05560224 -0.998453 0 0.05560224 -0.998453 0 0.02086289 -0.9997823 0 0.02086289 -0.9997823 0 0.7296557 0.6838147 0 0.7296557 0.6838147 0 0.760207 0.649681 0 0.760207 0.649681 0 0.8394131 0.5434939 0 0.8394131 0.5434939 0 0.9232995 0.3840808 0 0.9232995 0.3840808 0 0.9793128 0.2023522 0 0.9793128 0.2023522 0 0.9942884 0.1067271 0 0.9942884 0.1067271 0 -0.999216 0.039591 0 -0.999216 0.039591 0 -0.9925426 0.1218982 0 -0.9925426 0.1218982 0 -0.9547192 0.2975084 0 -0.9547192 0.2975084 0 -0.873341 0.4871094 0 -0.873341 0.4871094 0 -0.7514307 0.659812 0 -0.7514307 0.659812 0 -0.6055735 0.7957894 0 -0.6055735 0.7957894 0 -0.4491591 0.8934518 0 -0.4491591 0.8934518 0 -0.3086715 0.9511687 0 -0.3086715 0.9511687 0 -0.1941757 0.9809668 0 -0.1941757 0.9809668 0 -0.1077736 0.9941755 0 -0.1077736 0.9941755 0 -0.04576737 0.9989521 0 -0.04576737 0.9989521 0 -0.01736898 0.9998491 0 -0.01736898 0.9998491 0 -0.01803988 -0.9998373 0 -0.01803988 -0.9998373 0 -0.02609382 -0.9996595 0 -0.02609382 -0.9996595 0 -0.06326632 -0.9979967 0 -0.06326632 -0.9979967 0 -0.1205474 -0.9927076 0 -0.1205474 -0.9927076 0 -0.1806021 -0.9835562 0 -0.1806021 -0.9835562 0 -0.2431939 -0.9699777 0 -0.2431939 -0.9699777 0 -0.3059129 -0.9520595 0 -0.3059129 -0.9520595 0 -0.3702877 -0.9289171 0 -0.3702877 -0.9289171 0 -0.447648 -0.8942099 0 -0.447648 -0.8942099 0 -0.5419499 -0.8404108 0 -0.5419499 -0.8404108 0 -0.6504578 -0.7595424 0 -0.6504578 -0.7595424 0 -0.7527082 -0.6583543 0 -0.7527082 -0.6583543 0 -0.8392296 -0.5437773 0 -0.8392296 -0.5437773 0 -0.9191577 -0.3938897 0 -0.9191577 -0.3938897 0 -0.976925 -0.2135828 0 -0.976925 -0.2135828 0 -0.9929028 -0.1189283 0 -0.9929028 -0.1189283 0 0.01963907 0.9998071 0 0.01963907 0.9998071 0 0.03033762 0.9995397 0 0.03033762 0.9995397 0 0.07078923 0.9974913 0 0.07078923 0.9974913 0 0.1297811 0.9915427 0 0.1297811 0.9915427 0 0.1790919 0.9838324 0 0.1790919 0.9838324 0 0.2200867 0.9754803 0 0.2200867 0.9754803 0 0.2687034 0.963223 0 0.2687034 0.963223 0 0.330882 0.9436721 0 0.330882 0.9436721 0 0.3978641 0.9174444 0 0.3978641 0.9174444 0 0.4775731 0.878592 0 0.4775731 0.878592 0 0.5776396 0.8162919 0 0.5776396 0.8162919 0 0.6292254 0.7772229 0 0.6292254 0.7772229 -1 0 0 -1 0 0 -1 0 0 -1 0 0 -1 0 0 -1 0 0 -1 0 0 -1 0 0 -1 0 0 -1 0 0 -1 0 0 -1 0 0 -1 0 0 -1 0 0 -1 0 0 -1 0 0 -1 0 0 -1 0 0 -1 0 0 -1 0 0 -1 0 0 -1 0 0 -1 0 0 -1 0 0 -1 0 0 -1 0 0 -1 0 0 -1 0 0 -1 0 0 -1 0 0 -1 0 0 -1 0 0 -1 0 0 -1 0 0 -1 0 0 -1 0 0 -1 0 0 -1 0 0 -1 0 0 -1 0 0 -1 0 0 -1 0 0 -1 0 0 -1 0 0 -1 0 0 -1 0 0 -1 0 0 -1 0 0 -1 0 0 -1 0 0 -1 0 0 -1 0 0 -1 0 0 -1 0 0 -1 0 0 -1 0 0 1 0 0 1 0 0 1 0 0 1 0 0 1 0 0 1 0 0 1 0 0 1 0 0 1 0 0 1 0 0 1 0 0 1 0 0 1 0 0 1 0 0 1 0 0 1 0 0 1 0 0 1 0 0 1 0 0 1 0 0 1 0 0 1 0 0 1 0 0 1 0 0 1 0 0 1 0 0 1 0 0 1 0 0 1 0 0 1 0 0 1 0 0 1 0 0 1 0 0 1 0 0 1 0 0 1 0 0 1 0 0 1 0 0 1 0 0 1 0 0 1 0 0 1 0 0 1 0 0 1 0 0 1 0 0 1 0 0 1 0 0 1 0 0 1 0 0 1 0 0 1 0 0 1 0 0 1 0 0 1 0 0 1 0 0 1 0 0 0 -0.9986397 0.05214237 0 -0.9986397 0.05214237 0 -0.9941464 0.1080416 0 -0.9941464 0.1080416 0 -0.9755324 0.2198559 0 -0.9755324 0.2198559 0 -0.9417873 0.3362092 0 -0.9417873 0.3362092 0 -0.8899313 0.4560946 0 -0.8899313 0.4560946 0 -0.8232183 0.5677249 0 -0.8232183 0.5677249 0 -0.7476839 0.6640548 0 -0.7476839 0.6640548 0 -0.6558154 0.7549213 0 -0.6558154 0.7549213 0 -0.5523013 0.8336446 0 -0.5523013 0.8336446 0 -0.4422348 0.8968993 0 -0.4422348 0.8968993 0 -0.3247296 0.9458069 0 -0.3247296 0.9458069 0 -0.2066151 0.9784223 0 -0.2066151 0.9784223 0 -0.09430485 0.9955434 0 -0.09430485 0.9955434 0 -0.04304102 0.9990733 0 -0.04304102 0.9990733 0 -0.04309093 -0.9990712 0 -0.04309093 -0.9990712 0 -0.07848889 -0.996915 0 -0.07848889 -0.996915 0 -0.1706625 -0.9853295 0 -0.1706625 -0.9853295 0 -0.2738776 -0.9617646 0 -0.2738776 -0.9617646 0 -0.3700198 -0.9290239 0 -0.3700198 -0.9290239 0 -0.4590954 -0.888387 0 -0.4590954 -0.888387 0 -0.5386779 -0.8425118 0 -0.5386779 -0.8425118 0 -0.6195106 -0.7849883 0 -0.6195106 -0.7849883 0 -0.7028477 -0.7113404 0 -0.7028477 -0.7113404 0 -0.7853185 -0.619092 0 -0.7853185 -0.619092 0 -0.8581438 -0.5134093 0 -0.8581438 -0.5134093 0 -0.9157858 -0.4016671 0 -0.9157858 -0.4016671 0 -0.9562807 -0.2924504 0 -0.9562807 -0.2924504 0 -0.9827313 -0.1850382 0 -0.9827313 -0.1850382 0 -0.9961905 -0.08720355 0 -0.9961905 -0.08720355 0 -0.9989998 -0.04471377 0 -0.9989998 -0.04471377 0 0.02966054 0.99956 0 0.02966054 0.99956 0 0.06867887 0.9976388 0 0.06867887 0.9976388 0 0.1556269 0.9878159 0 0.1556269 0.9878159 0 0.2585478 0.9659985 0 0.2585478 0.9659985 0 0.3632285 0.9317001 0 0.3632285 0.9317001 0 0.4653524 0.8851255 0 0.4653524 0.8851255 0 0.5660624 0.8243624 0 0.5660624 0.8243624 0 0.6537164 0.7567396 0 0.6537164 0.7567396 0 0.7262631 0.6874168 0 0.7262631 0.6874168 0 0.792575 0.6097744 0 0.792575 0.6097744 0 0.8539561 0.520345 0 0.8539561 0.520345 0 0.9060637 0.4231414 0 0.9060637 0.4231414 0 0.9489487 0.3154303 0 0.9489487 0.3154303 0 0.9786264 0.2056464 0 0.9786264 0.2056464 0 0.9950309 0.09956666 0 0.9950309 0.09956666 0 0.998957 0.04566024 0 0.998957 0.04566024 0 0.9988111 -0.04874891 0 0.9988111 -0.04874891 0 0.9944194 -0.1054989 0 0.9944194 -0.1054989 0 0.9759714 -0.2178988 0 0.9759714 -0.2178988 0 0.9433131 -0.3319043 0 0.9433131 -0.3319043 0 0.8984774 -0.4390198 0 0.8984774 -0.4390198 0 0.8356905 -0.5492007 0 0.8356905 -0.5492007 0 0.7560159 -0.6545533 0 0.7560159 -0.6545533 0 0.6674256 -0.7446765 0 0.6674256 -0.7446765 0 0.5596926 -0.8287003 0 0.5596926 -0.8287003 0 0.4444581 -0.8957997 0 0.4444581 -0.8957997 0 0.3246725 -0.9458265 0 0.3246725 -0.9458265 0 0.2038268 -0.979007 0 0.2038268 -0.979007 0 0.09525604 -0.9954528 0 0.09525604 -0.9954528 0 0.04434276 -0.9990164 0 0.04434276 -0.9990164 -1 0 0 -1 0 0 -1 0 0 -1 0 0 -1 0 0 -1 0 0 -1 0 0 -1 0 0 -1 0 0 -1 0 0 -1 0 0 -1 0 0 -1 0 0 -1 0 0 -1 0 0 -1 0 0 -1 0 0 -1 0 0 -1 0 0 -1 0 0 -1 0 0 -1 0 0 -1 0 0 -1 0 0 -1 0 0 -1 0 0 -1 0 0 -1 0 0 -1 0 0 -1 0 0 -1 0 0 -1 0 0 -1 0 0 -1 0 0 -1 0 0 -1 0 0 -1 0 0 -1 0 0 -1 0 0 -1 0 0 -1 0 0 -1 0 0 -1 0 0 -1 0 0 -1 0 0 -1 0 0 -1 0 0 -1 0 0 -1 0 0 -1 0 0 -1 0 0 -1 0 0 -1 0 0 -1 0 0 -1 0 0 -1 0 0 1 0 0 1 0 0 1 0 0 1 0 0 1 0 0 1 0 0 1 0 0 1 0 0 1 0 0 1 0 0 1 0 0 1 0 0 1 0 0 1 0 0 1 0 0 1 0 0 1 0 0 1 0 0 1 0 0 1 0 0 1 0 0 1 0 0 1 0 0 1 0 0 1 0 0 1 0 0 1 0 0 1 0 0 1 0 0 1 0 0 1 0 0 1 0 0 1 0 0 1 0 0 1 0 0 1 0 0 1 0 0 1 0 0 1 0 0 1 0 0 1 0 0 1 0 0 1 0 0 1 0 0 1 0 0 1 0 0 1 0 0 1 0 0 1 0 0 1 0 0 1 0 0 1 0 0 1 0 0 1 0 0 1 0 0 1 0 0 0 0.9991069 -0.04225418 0 0.9991069 -0.04225418 0 0.9961899 -0.08721099 0 0.9961899 -0.08721099 0 0.9819535 -0.1891224 0 0.9819535 -0.1891224 0 0.952981 -0.3030302 0 0.952981 -0.3030302 0 0.9085763 -0.417719 0 0.9085763 -0.417719 0 0.8475887 -0.5306537 0 0.8475887 -0.5306537 0 0.7732385 -0.6341153 0 0.7732385 -0.6341153 0 0.6868211 -0.7268265 0 0.6868211 -0.7268265 0 0.5919654 -0.8059634 0 0.5919654 -0.8059634 0 0.4831724 -0.8755252 0 0.4831724 -0.8755252 0 0.3596863 -0.9330733 0 0.3596863 -0.9330733 0 0.2325323 -0.9725887 0 0.2325323 -0.9725887 0 0.1099743 -0.9939344 0 0.1099743 -0.9939344 0 0.05262789 -0.9986142 0 0.05262789 -0.9986142 0 0.02026611 0.9997946 0 0.02026611 0.9997946 0 0.04696238 0.9988967 0 0.04696238 0.9988967 0 0.1272339 0.9918727 0 0.1272339 0.9918727 0 0.234924 0.9720137 0 0.234924 0.9720137 0 0.3450505 0.9385841 0 0.3450505 0.9385841 0 0.4529926 0.8915143 0 0.4529926 0.8915143 0 0.5538833 0.8325943 0 0.5538833 0.8325943 0 0.6437134 0.7652666 0 0.6437134 0.7652666 0 0.7219882 0.6919054 0 0.7219882 0.6919054 0 0.7934598 0.6086226 0 0.7934598 0.6086226 0 0.8552188 0.5182671 0 0.8552188 0.5182671 0 0.9075504 0.4199433 0 0.9075504 0.4199433 0 0.9513693 0.3080525 0 0.9513693 0.3080525 0 0.9802653 0.1976867 0 0.9802653 0.1976867 0 0.9954504 0.09528069 0 0.9954504 0.09528069 0 0.9990348 0.04392599 0 0.9990348 0.04392599 0 -0.03877678 -0.9992479 0 -0.03877678 -0.9992479 0 -0.05955812 -0.9982248 0 -0.05955812 -0.9982248 0 -0.1331229 -0.9910995 0 -0.1331229 -0.9910995 0 -0.2395691 -0.9708793 0 -0.2395691 -0.9708793 0 -0.3457676 -0.9383202 0 -0.3457676 -0.9383202 0 -0.4442853 -0.8958853 0 -0.4442853 -0.8958853 0 -0.5358627 -0.8443051 0 -0.5358627 -0.8443051 0 -0.6275208 -0.7785998 0 -0.6275208 -0.7785998 0 -0.7157867 -0.698319 0 -0.7157867 -0.698319 0 -0.7947294 -0.6069639 0 -0.7947294 -0.6069639 0 -0.8589062 -0.5121329 0 -0.8589062 -0.5121329 0 -0.910792 -0.4128654 0 -0.910792 -0.4128654 0 -0.951313 -0.3082266 0 -0.951313 -0.3082266 0 -0.9792241 -0.202781 0 -0.9792241 -0.202781 0 -0.9950939 -0.09893461 0 -0.9950939 -0.09893461 0 -0.9988029 -0.04891631 0 -0.9988029 -0.04891631 0 -0.9991285 0.04173905 0 -0.9991285 0.04173905 0 -0.996105 0.08817456 0 -0.996105 0.08817456 0 -0.9817805 0.1900184 0 -0.9817805 0.1900184 0 -0.9538288 0.3003508 0 -0.9538288 0.3003508 0 -0.9071749 0.4207537 0 -0.9071749 0.4207537 0 -0.8433114 0.5374253 0 -0.8433114 0.5374253 0 -0.7661672 0.6426413 0 -0.7661672 0.6426413 0 -0.6701316 0.7422423 0 -0.6701316 0.7422423 0 -0.5629883 0.8264649 0 -0.5629883 0.8264649 0 -0.4499121 0.8930729 0 -0.4499121 0.8930729 0 -0.3350132 0.9422134 0 -0.3350132 0.9422134 0 -0.2162622 0.9763353 0 -0.2162622 0.9763353 0 -0.09932892 0.9950547 0 -0.09932892 0.9950547 0 -0.04384079 0.9990385 0 -0.04384079 0.9990385 -1 0 0 -1 0 0 -1 0 0 -1 0 0 -1 0 0 -1 0 0 -1 0 0 -1 0 0 -1 0 0 -1 0 0 -1 0 0 -1 0 0 -1 0 0 -1 0 0 -1 0 0 -1 0 0 -1 0 0 -1 0 0 -1 0 0 -1 0 0 -1 0 0 -1 0 0 -1 0 0 -1 0 0 -1 0 0 -1 0 0 -1 0 0 -1 0 0 -1 0 0 -1 0 0 -1 0 0 -1 0 0 -1 0 0 -1 0 0 -1 0 0 -1 0 0 -1 0 0 -1 0 0 -1 0 0 -1 0 0 -1 0 0 -1 0 0 -1 0 0 -1 0 0 -1 0 0 -1 0 0 -1 0 0 -1 0 0 -1 0 0 -1 0 0 -1 0 0 -1 0 0 -1 0 0 -1 0 0 -1 0 0 -1 0 0 1 0 0 1 0 0 1 0 0 1 0 0 1 0 0 1 0 0 1 0 0 1 0 0 1 0 0 1 0 0 1 0 0 1 0 0 1 0 0 1 0 0 1 0 0 1 0 0 1 0 0 1 0 0 1 0 0 1 0 0 1 0 0 1 0 0 1 0 0 1 0 0 1 0 0 1 0 0 1 0 0 1 0 0 1 0 0 1 0 0 1 0 0 1 0 0 1 0 0 1 0 0 1 0 0 1 0 0 1 0 0 1 0 0 1 0 0 1 0 0 1 0 0 1 0 0 1 0 0 1 0 0 1 0 0 1 0 0 1 0 0 1 0 0 1 0 0 1 0 0 1 0 0 1 0 0 1 0 0 1 0 0 1 0 0 1 0 0 0 -0.9985783 0.05330489 0 -0.9985783 0.05330489 0 -0.9939357 0.1099628 0 -0.9939357 0.1099628 0 -0.9750542 0.2219669 0 -0.9750542 0.2219669 0 -0.9398273 0.34165 0 -0.9398273 0.34165 0 -0.8859764 0.4637304 0 -0.8859764 0.4637304 0 -0.8179674 0.5752645 0 -0.8179674 0.5752645 0 -0.7388597 0.6738593 0 -0.7388597 0.6738593 0 -0.6458289 0.7634822 0 -0.6458289 0.7634822 0 -0.536632 0.8438164 0 -0.536632 0.8438164 0 -0.4211757 0.906979 0 -0.4211757 0.906979 0 -0.3089294 0.951085 0 -0.3089294 0.951085 0 -0.1949179 0.9808196 0 -0.1949179 0.9808196 0 -0.08877583 0.9960516 0 -0.08877583 0.9960516 0 -0.04287342 0.9990805 0 -0.04287342 0.9990805 0 -0.0376617 -0.9992905 0 -0.0376617 -0.9992905 0 -0.06362185 -0.9979741 0 -0.06362185 -0.9979741 0 -0.1462716 -0.9892445 0 -0.1462716 -0.9892445 0 -0.2525056 -0.9675954 0 -0.2525056 -0.9675954 0 -0.3516353 -0.9361371 0 -0.3516353 -0.9361371 0 -0.4440007 -0.8960264 0 -0.4440007 -0.8960264 0 -0.526762 -0.8500128 0 -0.526762 -0.8500128 0 -0.6089656 -0.7931966 0 -0.6089656 -0.7931966 0 -0.6941052 -0.7198736 0 -0.6941052 -0.7198736 0 -0.7766622 -0.6299173 0 -0.7766622 -0.6299173 0 -0.8510169 -0.5251384 0 -0.8510169 -0.5251384 0 -0.9114214 -0.4114743 0 -0.9114214 -0.4114743 0 -0.9539026 -0.3001162 0 -0.9539026 -0.3001162 0 -0.9816376 -0.1907554 0 -0.9816376 -0.1907554 0 -0.9959266 -0.09016789 0 -0.9959266 -0.09016789 0 -0.9989636 -0.04551633 0 -0.9989636 -0.04551633 0 0.0239166 0.999714 0 0.0239166 0.999714 0 0.04938205 0.99878 0 0.04938205 0.99878 0 0.1279361 0.9917824 0 0.1279361 0.9917824 0 0.2294576 0.9733187 0 0.2294576 0.9733187 0 0.3307099 0.9437325 0 0.3307099 0.9437325 0 0.4374693 0.8992333 0 0.4374693 0.8992333 0 0.5411962 0.8408963 0 0.5411962 0.8408963 0 0.6330639 0.7740996 0 0.6330639 0.7740996 0 0.7119722 0.7022076 0 0.7119722 0.7022076 0 0.7823441 0.6228464 0 0.7823441 0.6228464 0 0.8457742 0.533541 0 0.8457742 0.533541 0 0.9008477 0.4341353 0 0.9008477 0.4341353 0 0.9458351 0.3246475 0 0.9458351 0.3246475 0 0.9771509 0.2125468 0 0.9771509 0.2125468 0 0.9946977 0.1028425 0 0.9946977 0.1028425 0 0.9988526 0.04789019 0 0.9988526 0.04789019 0 0.9988096 -0.04877907 0 0.9988096 -0.04877907 0 0.9948709 -0.1011532 0 0.9948709 -0.1011532 0 0.9773419 -0.2116666 0 0.9773419 -0.2116666 0 0.9449804 -0.3271269 0 0.9449804 -0.3271269 0 0.8986745 -0.4386161 0 0.8986745 -0.4386161 0 0.8329472 -0.5533525 0 0.8329472 -0.5533525 0 0.7548282 -0.6559226 0 0.7548282 -0.6559226 0 0.6663928 -0.7456008 0 0.6663928 -0.7456008 0 0.5567598 -0.8306735 0 0.5567598 -0.8306735 0 0.4368394 -0.8995395 0 0.4368394 -0.8995395 0 0.3134082 -0.9496185 0 0.3134082 -0.9496185 0 0.1930862 -0.9811818 0 0.1930862 -0.9811818 0 0.08864313 -0.9960634 0 0.08864313 -0.9960634 0 0.042985 -0.9990757 0 0.042985 -0.9990757 -1 0 0 -1 0 0 -1 0 0 -1 0 0 -1 0 0 -1 0 0 -1 0 0 -1 0 0 -1 0 0 -1 0 0 -1 0 0 -1 0 0 -1 0 0 -1 0 0 -1 0 0 -1 0 0 -1 0 0 -1 0 0 -1 0 0 -1 0 0 -1 0 0 -1 0 0 -1 0 0 -1 0 0 -1 0 0 1 0 0 1 0 0 1 0 0 1 0 0 1 0 0 1 0 0 1 0 0 1 0 0 1 0 0 1 0 0 1 0 0 1 0 0 1 0 0 1 0 0 1 0 0 1 0 0 1 0 0 1 0 0 1 0 0 1 0 0 1 0 0 1 0 0 1 0 0 1 0 0 1 0 0 0 0.9991889 -0.04026958 0 0.9991889 -0.04026958 0 0.9980128 -0.06301112 0 0.9980128 -0.06301112 0 0.9893456 -0.145586 0 0.9893456 -0.145586 0 0.9644273 -0.2643482 0 0.9644273 -0.2643482 0 0.9251662 -0.3795623 0 0.9251662 -0.3795623 0 0.8722389 -0.48908 0 0.8722389 -0.48908 0 0.8048988 -0.5934121 0 0.8048988 -0.5934121 0 0.7230633 -0.6907818 0 0.7230633 -0.6907818 0 0.6292998 -0.7771626 0 0.6292998 -0.7771626 0 0.5289196 -0.8486719 0 0.5289196 -0.8486719 0 0.4276914 -0.9039248 0 0.4276914 -0.9039248 0 0.3477347 -0.937593 0 0.3477347 -0.937593 0 0.3182939 -0.9479921 0 0.3182939 -0.9479921 0 -1 0 0 -1 0 0 -1 0 0 -1 0 0 0.403592 0.9149391 0 0.403592 0.9149391 0 0.4257739 0.9048296 0 0.4257739 0.9048296 0 0.4932407 0.8698929 0 0.4932407 0.8698929 0 0.5757813 0.8176038 0 0.5757813 0.8176038 0 0.6522159 0.7580332 0 0.6522159 0.7580332 0 0.7313116 0.6820435 0 0.7313116 0.6820435 0 0.8022062 0.597047 0 0.8022062 0.597047 0 0.8613643 0.5079878 0 0.8613643 0.5079878 0 0.9133417 0.407194 0 0.9133417 0.407194 0 0.9522432 0.3053406 0 0.9522432 0.3053406 0 0.979844 0.199764 0 0.979844 0.199764 0 0.9953066 0.09677143 0 0.9953066 0.09677143 0 0.9986928 0.0511142 0 0.9986928 0.0511142 -1 0 0 -1 0 0 -1 0 0 -1 0 0 -1 0 0 -1 0 0 -1 0 0 -1 0 0 -1 0 0 -1 0 0 -1 0 0 -1 0 0 -1 0 0 -1 0 0 -1 0 0 -1 0 0 -1 0 0 -1 0 0 -1 0 0 -1 0 0 -1 0 0 -1 0 0 -1 0 0 -1 0 0 -1 0 0 1 0 0 1 0 0 1 0 0 1 0 0 1 0 0 1 0 0 1 0 0 1 0 0 1 0 0 1 0 0 1 0 0 1 0 0 1 0 0 1 0 0 1 0 0 1 0 0 1 0 0 1 0 0 1 0 0 1 0 0 1 0 0 1 0 0 1 0 0 1 0 0 1 0 0 0 0.40195 0.9156616 0 0.40195 0.9156616 0 0.4249621 0.9052111 0 0.4249621 0.9052111 0 0.4932407 0.8698929 0 0.4932407 0.8698929 0 0.5761959 0.8173116 0 0.5761959 0.8173116 0 0.6526004 0.7577023 0 0.6526004 0.7577023 0 0.7310471 0.682327 0 0.7310471 0.682327 0 0.8019747 0.5973581 0 0.8019747 0.5973581 0 0.8613643 0.5079878 0 0.8613643 0.5079878 0 0.9133417 0.407194 0 0.9133417 0.407194 0 0.9522432 0.3053406 0 0.9522432 0.3053406 0 0.979844 0.199764 0 0.979844 0.199764 0 0.9953099 0.09673813 0 0.9953099 0.09673813 0 0.9986962 0.05104738 0 0.9986962 0.05104738 0 0.9991889 -0.04026958 0 0.9991889 -0.04026958 0 0.998009 -0.06307132 0 0.998009 -0.06307132 0 0.9893569 -0.1455092 0 0.9893569 -0.1455092 0 0.9644638 -0.2642152 0 0.9644638 -0.2642152 0 0.9251662 -0.3795623 0 0.9251662 -0.3795623 0 0.8720534 -0.4894107 0 0.8720534 -0.4894107 0 0.8046737 -0.5937173 0 0.8046737 -0.5937173 0 0.7233997 -0.6904295 0 0.7233997 -0.6904295 0 0.6292768 -0.7771813 0 0.6292768 -0.7771813 0 0.528481 -0.8489451 0 0.528481 -0.8489451 0 0.4282427 -0.9036638 0 0.4282427 -0.9036638 0 0.3476939 -0.9376081 0 0.3476939 -0.9376081 0 0.3170547 -0.9484072 0 0.3170547 -0.9484072 0 -1 0 0 -1 0 0 -1 0 0 -1 0</float_array>
          <technique_common>
            <accessor count="4618" source="#normals-array-array" stride="3">
              <param type="float" name="X"/>
              <param type="float" name="Y"/>
              <param type="float" name="Z"/>
            </accessor>
          </technique_common>
        </source>
        <vertices id="verts-array-vertices">
          <input semantic="POSITION" source="#verts-array"/>
        </vertices>
        <triangles count="4478" material="material0">
          <input offset="0" semantic="VERTEX" source="#verts-array-vertices"/>
          <input offset="1" semantic="NORMAL" source="#normals-array"/>
          <p>0 0 1 1 2 2 3 3 4 4 5 5 6 6 7 7 8 8 9 9 10 10 11 11 12 12 13 13 14 14 15 15 16 16 17 17 18 18 17 17 16 16 17 17 18 18 14 14 19 19 14 14 18 18 20 20 21 21 22 22 23 23 22 22 21 21 22 22 23 23 24 24 25 25 26 26 27 27 28 28 27 27 26 26 26 26 29 29 28 28 30 30 28 28 29 29 28 28 30 30 22 22 31 31 22 22 30 30 22 22 31 31 20 20 24 24 32 32 22 22 33 33 22 22 32 32 22 22 33 33 19 19 34 34 19 19 33 33 19 19 34 34 35 35 19 19 36 36 37 37 35 35 38 38 19 19 39 39 19 19 38 38 19 19 39 39 36 36 37 37 40 40 19 19 41 41 19 19 40 40 19 19 41 41 14 14 42 42 14 14 41 41 14 14 42 42 12 12 22 22 43 43 44 44 45 45 46 46 47 47 48 48 47 47 46 46 47 47 48 48 49 49 22 22 44 44 28 28 50 50 28 28 44 44 28 28 50 50 51 51 52 52 53 53 54 54 55 55 54 54 53 53 54 54 55 55 56 56 51 51 57 57 28 28 53 53 28 28 57 57 28 28 53 53 58 58 52 52 58 58 53 53 45 45 47 47 59 59 60 60 59 59 47 47 59 59 60 60 61 61 15 15 62 62 16 16 63 63 16 16 62 62 16 16 63 63 64 64 63 63 65 65 64 64 66 66 64 64 65 65 64 64 66 66 67 67 67 67 68 68 64 64 69 69 64 64 68 68 64 64 69 69 70 70 71 71 72 72 73 73 74 74 73 73 72 72 73 73 74 74 8 8 75 75 76 76 77 77 78 78 79 79 80 80 81 81 75 75 82 82 77 77 82 82 75 75 82 82 77 77 83 83 84 84 83 83 77 77 83 83 84 84 85 85 8 8 85 85 84 84 85 85 8 8 86 86 74 74 86 86 8 8 86 86 74 74 87 87 88 88 87 87 74 74 87 87 88 88 80 80 78 78 80 80 89 89 90 90 91 91 80 80 92 92 80 80 91 91 92 92 93 93 80 80 94 94 80 80 93 93 80 80 94 94 89 89 90 90 80 80 95 95 88 88 95 95 80 80 95 95 88 88 96 96 96 96 97 97 95 95 98 98 95 95 97 97 95 95 98 98 99 99 100 100 101 101 99 99 102 102 99 99 101 101 99 99 102 102 95 95 103 103 104 104 105 105 106 106 107 107 71 71 108 108 71 71 107 107 104 104 109 109 105 105 110 110 105 105 109 109 105 105 110 110 111 111 76 76 112 112 77 77 113 113 77 77 112 112 77 77 113 113 114 114 115 115 116 116 117 117 118 118 117 117 116 116 117 117 118 118 119 119 120 120 121 121 119 119 122 122 119 119 121 121 114 114 115 115 77 77 117 117 77 77 115 115 77 77 117 117 105 105 123 123 105 105 117 117 105 105 123 123 103 103 122 122 124 124 119 119 125 125 119 119 124 124 119 119 125 125 117 117 108 108 126 126 71 71 127 127 71 71 126 126 71 71 127 127 128 128 129 129 128 128 127 127 128 128 129 129 130 130 131 131 130 130 129 129 130 130 131 131 132 132 121 121 132 132 131 131 132 132 121 121 133 133 120 120 133 133 121 121 134 134 135 135 136 136 137 137 138 138 139 139 138 138 140 140 139 139 141 141 139 139 140 140 139 139 141 141 142 142 143 143 144 144 145 145 146 146 145 145 144 144 142 142 147 147 139 139 148 148 139 139 147 147 139 139 148 148 145 145 149 149 145 145 148 148 145 145 149 149 143 143 150 150 151 151 152 152 153 153 152 152 151 151 152 152 153 153 154 154 146 146 155 155 145 145 156 156 145 145 155 155 145 145 156 156 157 157 157 157 150 150 145 145 152 152 145 145 150 150 145 145 152 152 158 158 159 159 158 158 152 152 158 158 159 159 2 2 160 160 2 2 159 159 2 2 160 160 134 134 137 137 139 139 161 161 162 162 161 161 139 139 161 161 162 162 163 163 163 163 162 162 164 164 165 165 164 164 162 162 164 164 165 165 166 166 167 167 168 168 169 169 170 170 171 171 1 1 172 172 1 1 171 171 170 170 1 1 173 173 0 0 173 173 1 1 173 173 0 0 174 174 175 175 174 174 0 0 174 174 175 175 176 176 177 177 176 176 175 175 176 176 177 177 168 168 178 178 179 179 180 180 181 181 180 180 179 179 181 181 182 182 180 180 183 183 180 180 182 182 180 180 183 183 184 184 185 185 186 186 187 187 188 188 187 187 186 186 187 187 188 188 189 189 184 184 190 190 180 180 191 191 180 180 190 190 180 180 191 191 187 187 192 192 187 187 191 191 187 187 192 192 185 185 193 193 194 194 195 195 196 196 195 195 194 194 195 195 196 196 197 197 198 198 197 197 196 196 199 199 200 200 201 201 202 202 203 203 204 204 200 200 205 205 201 201 206 206 201 201 205 205 201 201 206 206 207 207 198 198 204 204 208 208 209 209 208 208 204 204 203 203 210 210 204 204 211 211 204 204 210 210 204 204 211 211 209 209 212 212 213 213 201 201 214 214 201 201 213 213 201 201 214 214 199 199 189 189 215 215 187 187 216 216 187 187 215 215 187 187 216 216 217 217 218 218 217 217 216 216 217 217 218 218 212 212 219 219 212 212 218 218 212 212 219 219 213 213 220 220 221 221 222 222 223 223 222 222 221 221 222 222 223 223 224 224 225 225 226 226 227 227 228 228 227 227 226 226 229 229 230 230 231 231 229 229 231 231 232 232 233 233 234 234 235 235 230 230 236 236 231 231 237 237 231 231 236 236 231 231 237 237 238 238 238 238 239 239 231 231 240 240 231 231 239 239 231 231 240 240 222 222 241 241 222 222 240 240 222 222 241 241 220 220 242 242 243 243 244 244 235 235 234 234 244 244 245 245 244 244 234 234 244 244 245 245 242 242 243 243 246 246 244 244 247 247 244 244 246 246 244 244 247 247 248 248 249 249 250 250 235 235 251 251 235 235 250 250 235 235 251 251 233 233 228 228 232 232 227 227 231 231 227 227 232 232 227 227 231 231 252 252 253 253 252 252 231 231 252 252 253 253 254 254 255 255 254 254 253 253 254 254 255 255 256 256 257 257 256 256 255 255 256 256 257 257 258 258 224 224 258 258 257 257 258 258 224 224 259 259 223 223 259 259 224 224 259 259 223 223 260 260 261 261 260 260 223 223 260 260 261 261 262 262 248 248 262 262 261 261 262 262 248 248 263 263 247 247 263 263 248 248 0 0 264 264 175 175 265 265 175 175 264 264 175 175 265 265 194 194 266 266 194 194 265 265 194 194 266 266 196 196 267 267 196 196 266 266 196 196 267 267 268 268 269 269 268 268 267 267 268 268 269 269 270 270 271 271 270 270 269 269 270 270 271 271 272 272 273 273 274 274 275 275 276 276 277 277 278 278 279 279 280 280 281 281 282 282 281 281 280 280 281 281 282 282 283 283 276 276 278 278 281 281 284 284 281 281 278 278 281 281 284 284 279 279 285 285 286 286 287 287 288 288 287 287 286 286 287 287 288 288 289 289 290 290 291 291 292 292 287 287 292 292 291 291 292 292 287 287 293 293 289 289 293 293 287 287 294 294 295 295 296 296 294 294 296 296 297 297 295 295 298 298 296 296 299 299 296 296 298 298 296 296 299 299 276 276 300 300 276 276 299 299 276 276 300 300 277 277 290 290 301 301 291 291 302 302 291 291 301 301 291 291 302 302 303 303 304 304 303 303 302 302 303 303 304 304 305 305 305 305 306 306 303 303 307 307 303 303 306 306 303 303 307 307 297 297 308 308 309 309 310 310 310 310 309 309 311 311 312 312 311 311 309 309 311 311 312 312 313 313 314 314 313 313 312 312 313 313 314 314 315 315 314 314 316 316 315 315 317 317 315 315 316 316 315 315 317 317 318 318 319 319 318 318 317 317 318 318 319 319 320 320 321 321 322 322 323 323 324 324 325 325 322 322 326 326 327 327 328 328 325 325 328 328 327 327 224 224 329 329 204 204 330 330 204 204 329 329 204 204 330 330 331 331 332 332 329 329 333 333 224 224 333 333 329 329 333 333 224 224 334 334 257 257 334 334 224 224 334 334 257 257 335 335 331 331 336 336 204 204 201 201 204 204 336 336 204 204 201 201 202 202 207 207 202 202 201 201 336 336 9 9 201 201 11 11 201 201 9 9 201 201 11 11 212 212 337 337 212 212 11 11 212 212 337 337 255 255 338 338 255 255 337 337 255 255 338 338 257 257 339 339 257 257 338 338 257 257 339 339 335 335 340 340 341 341 169 169 342 342 169 169 341 341 343 343 344 344 345 345 346 346 345 345 344 344 168 168 177 177 169 169 347 347 169 169 177 177 169 169 347 347 340 340 342 342 348 348 169 169 349 349 169 169 348 348 169 169 349 349 350 350 351 351 352 352 177 177 353 353 177 177 352 352 177 177 353 353 354 354 346 346 355 355 356 356 357 357 347 347 358 358 354 354 359 359 177 177 344 344 177 177 359 359 177 177 344 344 347 347 343 343 347 347 344 344 347 347 343 343 358 358 360 360 361 361 362 362 363 363 362 362 361 361 362 362 363 363 364 364 365 365 364 364 363 363 358 358 366 366 357 357 367 367 357 357 366 366 357 357 367 367 363 363 368 368 363 363 367 367 363 363 368 368 365 365 346 346 369 369 355 355 370 370 355 355 369 369 355 355 370 370 371 371 356 356 372 372 346 346 373 373 346 346 372 372 346 346 373 373 374 374 375 375 376 376 377 377 378 378 377 377 376 376 379 379 380 380 355 355 376 376 355 355 380 380 355 355 376 376 381 381 375 375 381 381 376 376 374 374 382 382 346 346 383 383 346 346 382 382 346 346 383 383 345 345 384 384 385 385 386 386 387 387 386 386 385 385 388 388 389 389 362 362 390 390 362 362 389 389 362 362 390 390 360 360 371 371 391 391 355 355 392 392 355 355 391 391 355 355 392 392 379 379 384 384 393 393 385 385 394 394 385 385 393 393 385 385 394 394 395 395 387 387 385 385 362 362 396 396 362 362 385 385 362 362 396 396 388 388 397 397 398 398 180 180 194 194 180 180 398 398 180 180 194 194 178 178 193 193 178 178 194 194 398 398 399 399 194 194 400 400 194 194 399 399 194 194 400 400 175 175 401 401 175 175 400 400 175 175 401 401 177 177 402 402 177 177 401 401 177 177 402 402 351 351 403 403 404 404 405 405 406 406 407 407 180 180 408 408 180 180 407 407 180 180 408 408 409 409 409 409 410 410 180 180 411 411 180 180 410 410 180 180 411 411 397 397 412 412 413 413 187 187 414 414 187 187 413 413 187 187 414 414 415 415 403 403 416 416 404 404 417 417 404 404 416 416 404 404 417 417 418 418 419 419 418 418 417 417 405 405 406 406 403 403 180 180 403 403 406 406 403 403 180 180 420 420 187 187 420 420 180 180 420 420 187 187 421 421 415 415 421 421 187 187 217 217 422 422 423 423 423 423 424 424 217 217 425 425 217 217 424 424 217 217 425 425 187 187 426 426 187 187 425 425 187 187 426 426 412 412 139 139 427 427 162 162 428 428 162 162 427 427 162 162 428 428 429 429 430 430 429 429 428 428 429 429 430 430 431 431 432 432 433 433 434 434 434 434 435 435 432 432 427 427 432 432 435 435 432 432 427 427 436 436 139 139 436 436 427 427 436 436 139 139 437 437 145 145 437 437 139 139 437 437 145 145 438 438 438 438 439 439 440 440 296 296 440 440 439 439 441 441 442 442 84 84 443 443 444 444 16 16 445 445 16 16 444 444 16 16 445 445 446 446 447 447 448 448 84 84 449 449 84 84 448 448 84 84 449 449 441 441 450 450 451 451 452 452 442 442 453 453 84 84 454 454 84 84 453 453 84 84 454 454 8 8 455 455 8 8 454 454 8 8 455 455 456 456 457 457 458 458 459 459 460 460 459 459 458 458 459 459 460 460 456 456 461 461 456 456 460 460 456 456 461 461 8 8 462 462 8 8 461 461 8 8 462 462 6 6 463 463 18 18 464 464 16 16 464 464 18 18 464 464 16 16 465 465 446 446 465 465 16 16 466 466 467 467 451 451 468 468 451 451 467 467 451 451 468 468 452 452 450 450 452 452 459 459 469 469 459 459 452 452 459 459 469 469 457 457 463 463 470 470 18 18 471 471 18 18 470 470 18 18 471 471 472 472 472 472 473 473 18 18 474 474 18 18 473 473 18 18 474 474 84 84 475 475 84 84 474 474 84 84 475 475 447 447 7 7 476 476 477 477 477 477 476 476 64 64 476 476 478 478 64 64 479 479 64 64 478 478 64 64 479 479 16 16 480 480 16 16 479 479 16 16 480 480 443 443 481 481 482 482 19 19 483 483 484 484 485 485 486 486 485 485 484 484 485 485 486 486 487 487 488 488 489 489 19 19 490 490 19 19 489 489 19 19 490 490 481 481 491 491 492 492 493 493 482 482 494 494 19 19 495 495 19 19 494 494 19 19 495 495 22 22 496 496 22 22 495 495 22 22 496 496 497 497 498 498 499 499 500 500 501 501 500 500 499 499 500 500 501 501 497 497 502 502 497 497 501 501 497 497 502 502 22 22 503 503 22 22 502 502 22 22 503 503 504 504 505 505 506 506 507 507 485 485 507 507 506 506 507 507 485 485 508 508 487 487 508 508 485 485 509 509 510 510 492 492 511 511 492 492 510 510 492 492 511 511 493 493 491 491 493 493 500 500 512 512 500 500 493 493 500 500 512 512 498 498 505 505 513 513 506 506 514 514 506 506 513 513 506 506 514 514 515 515 515 515 516 516 506 506 517 517 506 506 516 516 506 506 517 517 19 19 518 518 19 19 517 517 19 19 518 518 488 488 504 504 519 519 22 22 47 47 22 22 519 519 22 22 47 47 43 43 49 49 43 43 47 47 520 520 521 521 522 522 523 523 522 522 521 521 522 522 523 523 485 485 524 524 485 485 523 523 485 485 524 524 483 483 525 525 253 253 526 526 231 231 526 526 253 253 526 526 231 231 527 527 222 222 527 527 231 231 198 198 196 196 204 204 268 268 204 204 196 196 204 204 268 268 224 224 270 270 224 224 268 268 224 224 270 270 222 222 272 272 222 222 270 270 222 222 272 272 527 527 136 136 528 528 134 134 166 166 134 134 528 528 134 134 166 166 2 2 165 165 2 2 166 166 2 2 165 165 0 0 529 529 0 0 165 165 0 0 529 529 264 264 530 530 531 531 532 532 533 533 534 534 532 532 535 535 167 167 536 536 169 169 536 536 167 167 536 536 169 169 172 172 532 532 172 172 169 169 172 172 532 532 1 1 531 531 1 1 532 532 1 1 531 531 537 537 534 534 538 538 532 532 539 539 532 532 538 538 532 532 539 539 530 530 540 540 541 541 542 542 542 542 533 533 540 540 532 532 540 540 533 533 540 540 532 532 543 543 158 158 543 543 532 532 543 543 158 158 544 544 2 2 544 544 158 158 544 544 2 2 545 545 1 1 545 545 2 2 545 545 1 1 546 546 547 547 548 548 1 1 549 549 1 1 548 548 1 1 549 549 546 546 537 537 550 550 1 1 551 551 1 1 550 550 1 1 551 551 552 552 552 552 553 553 1 1 554 554 1 1 553 553 1 1 554 554 547 547 438 438 145 145 439 439 158 158 439 439 145 145 439 439 158 158 555 555 532 532 555 555 158 158 555 555 532 532 556 556 169 169 556 556 532 532 556 556 169 169 422 422 350 350 422 422 169 169 422 422 350 350 423 423 297 297 296 296 303 303 439 439 303 303 296 296 303 303 439 439 557 557 555 555 557 557 439 439 557 557 555 555 558 558 556 556 558 558 555 555 558 558 556 556 559 559 422 422 559 559 556 556 559 559 422 422 560 560 217 217 560 560 422 422 560 560 217 217 561 561 212 212 561 561 217 217 561 561 212 212 562 562 255 255 562 562 212 212 562 562 255 255 563 563 253 253 563 563 255 255 563 563 253 253 564 564 525 525 564 564 253 253 564 564 525 525 3 3 7 7 477 477 8 8 429 429 8 8 477 477 8 8 429 429 73 73 431 431 73 73 429 429 73 73 431 431 71 71 565 565 71 71 431 431 71 71 565 565 106 106 61 61 60 60 70 70 566 566 70 70 60 60 70 70 566 566 64 64 567 567 64 64 566 566 64 64 567 567 477 477 568 568 477 477 567 567 477 477 568 568 429 429 273 273 429 429 568 568 429 429 273 273 162 162 275 275 162 162 273 273 162 162 275 275 165 165 569 569 165 165 275 275 165 165 569 569 529 529 519 519 520 520 47 47 522 522 47 47 520 520 47 47 522 522 60 60 570 570 60 60 522 522 571 571 506 506 572 572 19 19 572 572 506 506 572 572 19 19 573 573 18 18 573 573 19 19 573 573 18 18 281 281 84 84 281 281 18 18 281 281 84 84 276 276 77 77 276 276 84 84 276 276 77 77 296 296 105 105 296 296 77 77 296 296 105 105 440 440 574 574 575 575 506 506 574 574 576 576 577 577 578 578 577 577 576 576 579 579 485 485 580 580 506 506 580 580 485 485 580 580 506 506 581 581 575 575 581 581 506 506 582 582 570 570 583 583 522 522 583 583 570 570 583 583 522 522 578 578 485 485 578 578 522 522 578 578 485 485 577 577 579 579 577 577 485 485 584 584 585 585 586 586 587 587 586 586 585 585 587 587 588 588 586 586 589 589 586 586 588 588 586 586 589 589 590 590 590 590 571 571 586 586 572 572 586 586 571 571 586 586 572 572 591 591 573 573 591 591 572 572 591 591 573 573 592 592 281 281 592 592 573 573 592 592 281 281 287 287 283 283 287 287 281 281 287 287 283 283 285 285 590 590 593 593 571 571 594 594 571 571 593 593 571 571 594 594 595 595 596 596 597 597 598 598 599 599 598 598 597 597 598 598 599 599 600 600 584 584 586 586 601 601 602 602 601 601 586 586 601 601 602 602 603 603 595 595 604 604 571 571 605 605 571 571 604 604 571 571 605 605 606 606 574 574 506 506 576 576 571 571 576 576 506 506 576 576 571 571 598 598 606 606 598 598 571 571 598 598 606 606 596 596 607 607 608 608 602 602 609 609 602 602 608 608 602 602 609 609 603 603 610 610 611 611 602 602 612 612 602 602 611 611 602 602 612 612 607 607 322 322 321 321 324 324 613 613 324 324 321 321 324 324 613 613 614 614 615 615 616 616 602 602 617 617 602 602 616 616 602 602 617 617 618 618 619 619 620 620 615 615 621 621 615 615 620 620 618 618 622 622 602 602 623 623 602 602 622 622 602 602 623 623 624 624 625 625 626 626 613 613 627 627 613 613 626 626 621 621 628 628 615 615 629 629 615 615 628 628 615 615 629 629 616 616 624 624 630 630 602 602 598 598 602 602 630 630 602 602 598 598 610 610 600 600 610 610 598 598 627 627 631 631 613 613 632 632 613 613 631 631 613 613 632 632 615 615 633 633 615 615 632 632 615 615 633 633 619 619 630 630 634 634 598 598 635 635 598 598 634 634 598 598 635 635 636 636 636 636 637 637 598 598 638 638 598 598 637 637 598 598 638 638 639 639 320 320 319 319 640 640 582 582 640 640 319 319 640 640 582 582 641 641 583 583 641 641 582 582 641 641 583 583 642 642 578 578 642 642 583 583 642 642 578 578 323 323 576 576 323 323 578 578 323 323 576 576 321 321 598 598 321 321 576 576 321 321 598 598 613 613 639 639 613 613 598 598 613 613 639 639 625 625 643 643 644 644 645 645 646 646 647 647 615 615 648 648 615 615 647 647 649 649 650 650 614 614 651 651 614 614 650 650 645 645 652 652 653 653 653 653 654 654 645 645 655 655 645 645 654 654 645 645 655 655 615 615 656 656 615 615 655 655 615 615 656 656 646 646 644 644 657 657 645 645 658 658 645 645 657 657 645 645 658 658 652 652 659 659 660 660 613 613 661 661 613 613 660 660 661 661 662 662 613 613 663 663 613 613 662 662 613 613 663 663 614 614 664 664 614 614 663 663 614 614 664 664 649 649 648 648 665 665 615 615 666 666 615 615 665 665 615 615 666 666 613 613 667 667 613 613 666 666 613 613 667 667 659 659 310 310 326 326 308 308 328 328 308 308 326 326 308 308 328 328 668 668 669 669 670 670 645 645 671 671 645 645 670 670 645 645 671 671 672 672 673 673 674 674 669 669 675 675 669 669 674 674 672 672 676 676 645 645 677 677 645 645 676 676 645 645 677 677 678 678 679 679 680 680 668 668 681 681 668 668 680 680 675 675 682 682 669 669 683 683 669 669 682 682 669 669 683 683 670 670 678 678 684 684 645 645 614 614 645 645 684 684 645 645 614 614 643 643 651 651 643 643 614 614 681 681 685 685 668 668 686 686 668 668 685 685 668 668 686 686 669 669 687 687 669 669 686 686 669 669 687 687 673 673 684 684 688 688 614 614 689 689 614 614 688 688 614 614 689 689 690 690 690 690 691 691 614 614 692 692 614 614 691 691 614 614 692 692 693 693 325 325 324 324 328 328 614 614 328 328 324 324 328 328 614 614 668 668 693 693 668 668 614 614 668 668 693 693 679 679 3 3 5 5 564 564 694 694 564 564 5 5 564 564 694 694 563 563 695 695 563 563 694 694 563 563 695 695 562 562 696 696 562 562 695 695 562 562 696 696 561 561 697 697 561 561 696 696 561 561 697 697 560 560 698 698 560 560 697 697 560 560 698 698 559 559 699 699 559 559 698 698 559 559 699 699 558 558 700 700 558 558 699 699 558 558 700 700 557 557 701 701 557 557 700 700 557 557 701 701 303 303 702 702 303 303 701 701 303 303 702 702 291 291 703 703 291 291 702 702 291 291 703 703 287 287 704 704 287 287 703 703 287 287 704 704 592 592 705 705 592 592 704 704 592 592 705 705 591 591 706 706 591 591 705 705 591 591 706 706 586 586 707 707 586 586 706 706 586 586 707 707 602 602 708 708 602 602 707 707 602 602 708 708 615 615 709 709 615 615 708 708 615 615 709 709 645 645 710 710 645 645 709 709 645 645 710 710 669 669 711 711 712 712 713 713 714 714 715 715 716 716 717 717 718 718 719 719 720 720 721 721 722 722 723 723 724 724 725 725 726 726 725 725 724 724 725 725 726 726 727 727 728 728 729 729 730 730 731 731 730 730 729 729 730 730 731 731 732 732 733 733 734 734 735 735 736 736 737 737 738 738 739 739 740 740 741 741 735 735 742 742 743 743 744 744 743 743 742 742 743 743 744 744 745 745 738 738 746 746 747 747 748 748 736 736 749 749 738 738 749 749 736 736 749 749 738 738 750 750 747 747 750 750 738 738 751 751 752 752 749 749 753 753 749 749 752 752 749 749 753 753 754 754 754 754 755 755 749 749 756 756 749 749 755 755 749 749 756 756 748 748 744 744 747 747 745 745 746 746 745 745 747 747 745 745 746 746 757 757 758 758 757 757 746 746 757 757 758 758 759 759 760 760 759 759 758 758 761 761 762 762 763 763 762 762 764 764 763 763 765 765 763 763 764 764 763 763 765 765 766 766 767 767 768 768 741 741 769 769 741 741 768 768 741 741 769 769 739 739 760 760 770 770 759 759 771 771 759 759 770 770 759 759 771 771 763 763 772 772 763 763 771 771 763 763 772 772 761 761 773 773 774 774 737 737 775 775 737 737 774 774 737 737 775 775 738 738 776 776 777 777 778 778 773 773 737 737 778 778 779 779 778 778 737 737 778 778 779 779 776 776 780 780 781 781 782 782 783 783 784 784 785 785 786 786 785 785 784 784 785 785 786 786 787 787 787 787 788 788 785 785 789 789 785 785 788 788 785 785 789 789 781 781 790 790 781 781 789 789 781 781 790 790 782 782 791 791 792 792 793 793 794 794 795 795 796 796 797 797 796 796 795 795 796 796 797 797 798 798 798 798 799 799 796 796 800 800 796 796 799 799 796 796 800 800 801 801 802 802 801 801 800 800 803 803 804 804 783 783 805 805 783 783 804 804 783 783 805 805 784 784 793 793 806 806 791 791 807 807 791 791 806 806 791 791 807 807 796 796 808 808 796 796 807 807 796 796 808 808 794 794 802 802 809 809 801 801 810 810 801 801 809 809 801 801 810 810 811 811 811 811 812 812 801 801 813 813 801 801 812 812 801 801 813 813 814 814 782 782 815 815 780 780 816 816 780 780 815 815 780 780 816 816 817 817 818 818 817 817 816 816 818 818 819 819 817 817 820 820 817 817 819 819 817 817 820 820 791 791 821 821 791 791 820 820 791 791 821 821 792 792 822 822 823 823 824 824 825 825 826 826 827 827 824 824 828 828 822 822 829 829 822 822 828 828 822 822 829 829 722 722 830 830 831 831 829 829 832 832 829 829 831 831 720 720 722 722 833 833 834 834 835 835 836 836 837 837 838 838 839 839 840 840 841 841 829 829 785 785 842 842 783 783 843 843 783 783 842 842 783 783 843 843 844 844 814 814 803 803 801 801 783 783 801 801 803 803 801 801 783 783 845 845 844 844 845 845 783 783 840 840 829 829 846 846 847 847 848 848 839 839 849 849 839 839 848 848 839 839 849 849 837 837 801 801 837 837 849 849 837 837 801 801 850 850 845 845 850 850 801 801 850 850 845 845 851 851 841 841 852 852 829 829 853 853 829 829 852 852 829 829 853 853 854 854 855 855 856 856 857 857 857 857 858 858 859 859 860 860 859 859 858 858 849 849 836 836 801 801 835 835 801 801 836 836 801 801 835 835 832 832 861 861 832 832 835 835 832 832 861 861 829 829 862 862 829 829 861 861 829 829 862 862 846 846 854 854 863 863 829 829 864 864 829 829 863 863 829 829 864 864 722 722 865 865 722 722 864 864 722 722 865 865 833 833 836 836 866 866 834 834 867 867 834 834 866 866 834 834 867 867 868 868 869 869 868 868 867 867 868 868 869 869 857 857 870 870 857 857 869 869 857 857 870 870 855 855 856 856 871 871 857 857 872 872 857 857 871 871 857 857 872 872 858 858 860 860 873 873 859 859 874 874 859 859 873 873 859 859 874 874 875 875 827 827 876 876 825 825 848 848 825 825 876 876 825 825 848 848 877 877 847 847 877 877 848 848 877 877 847 847 878 878 879 879 880 880 881 881 882 882 881 881 880 880 881 881 882 882 883 883 712 712 884 884 885 885 884 884 712 712 886 886 711 711 886 886 712 712 886 886 711 711 887 887 888 888 889 889 728 728 890 890 728 728 889 889 728 728 890 890 729 729 891 891 892 892 724 724 893 893 894 894 730 730 895 895 896 896 723 723 897 897 723 723 896 896 723 723 897 897 898 898 899 899 900 900 901 901 902 902 901 901 900 900 901 901 902 902 903 903 904 904 905 905 906 906 907 907 726 726 732 732 724 724 732 732 726 726 732 732 724 724 730 730 892 892 730 730 724 724 730 730 892 892 893 893 894 894 908 908 730 730 909 909 730 730 908 908 730 730 909 909 910 910 911 911 912 912 913 913 914 914 913 913 912 912 913 913 914 914 915 915 916 916 915 915 914 914 915 915 916 916 901 901 917 917 901 901 916 916 901 901 917 917 899 899 903 903 902 902 906 906 918 918 906 906 902 902 906 906 918 918 904 904 919 919 920 920 723 723 921 921 723 723 920 920 723 723 921 921 895 895 724 724 922 922 923 923 923 923 924 924 724 724 925 925 724 724 924 924 724 724 925 925 891 891 898 898 926 926 723 723 927 927 723 723 926 926 723 723 927 927 724 724 928 928 724 724 927 927 724 724 928 928 922 922 910 910 929 929 730 730 930 930 730 730 929 929 730 730 930 930 913 913 931 931 913 913 930 930 913 913 931 931 911 911 932 932 933 933 934 934 935 935 936 936 937 937 938 938 937 937 936 936 937 937 938 938 939 939 940 940 941 941 932 932 942 942 932 932 941 941 932 932 942 942 933 933 934 934 943 943 932 932 944 944 932 932 943 943 932 932 944 944 945 945 946 946 947 947 948 948 723 723 949 949 950 950 938 938 951 951 913 913 952 952 913 913 951 951 913 913 952 952 953 953 935 935 954 954 936 936 955 955 936 936 954 954 936 936 955 955 956 956 957 957 956 956 955 955 958 958 959 959 960 960 961 961 960 960 959 959 915 915 919 919 913 913 723 723 913 913 919 919 913 913 723 723 938 938 950 950 938 938 723 723 938 938 950 950 939 939 953 953 962 962 913 913 963 963 913 913 962 962 913 913 963 963 932 932 964 964 932 932 963 963 932 932 964 964 940 940 965 965 966 966 957 957 967 967 957 957 966 966 957 957 967 967 956 956 968 968 969 969 965 965 970 970 965 965 969 969 965 965 970 970 966 966 961 961 971 971 960 960 972 972 960 960 971 971 960 960 972 972 968 968 973 973 968 968 972 972 968 968 973 973 969 969 974 974 975 975 723 723 976 976 723 723 975 975 976 976 977 977 723 723 978 978 723 723 977 977 723 723 978 978 949 949 948 948 979 979 946 946 980 980 946 946 979 979 946 946 980 980 723 723 981 981 723 723 980 980 723 723 981 981 974 974 982 982 983 983 745 745 984 984 983 983 985 985 982 982 745 745 986 986 987 987 988 988 932 932 989 989 990 990 743 743 991 991 743 743 990 990 992 992 993 993 994 994 995 995 994 994 993 993 994 994 995 995 996 996 997 997 998 998 999 999 987 987 932 932 1000 1000 945 945 1000 1000 932 932 1000 1000 945 945 1001 1001 988 988 1002 1002 932 932 1003 1003 932 932 1002 1002 932 932 1003 1003 1004 1004 991 991 1005 1005 743 743 1006 1006 743 743 1005 1005 743 743 1006 1006 1007 1007 984 984 985 985 994 994 1008 1008 994 994 985 985 994 994 1008 1008 992 992 996 996 995 995 999 999 1009 1009 999 999 995 995 999 999 1009 1009 997 997 1010 1010 1011 1011 945 945 1012 1012 945 945 1011 1011 945 945 1012 1012 1013 1013 983 983 984 984 745 745 1014 1014 745 745 984 984 745 745 1014 1014 743 743 1015 1015 743 743 1014 1014 743 743 1015 1015 989 989 1013 1013 1016 1016 945 945 1017 1017 945 945 1016 1016 945 945 1017 1017 1001 1001 1004 1004 1018 1018 932 932 1019 1019 932 932 1018 1018 932 932 1019 1019 745 745 1020 1020 745 745 1019 1019 745 745 1020 1020 986 986 1021 1021 1022 1022 1023 1023 759 759 1024 1024 1025 1025 717 717 1025 1025 1024 1024 1026 1026 1027 1027 763 763 1028 1028 763 763 1027 1027 1023 1023 1029 1029 1021 1021 1030 1030 1021 1021 1029 1029 1021 1021 1030 1030 1031 1031 1032 1032 759 759 1033 1033 1034 1034 1033 1033 759 759 1028 1028 1035 1035 763 763 1036 1036 763 763 1035 1035 763 763 1036 1036 1037 1037 1037 1037 1038 1038 763 763 1039 1039 763 763 1038 1038 763 763 1039 1039 759 759 1040 1040 759 759 1039 1039 759 759 1040 1040 1034 1034 1032 1032 1041 1041 759 759 1042 1042 759 759 1041 1041 759 759 1042 1042 1043 1043 1043 1043 1044 1044 759 759 1045 1045 759 759 1044 1044 759 759 1045 1045 1024 1024 1046 1046 1024 1024 1045 1045 1024 1024 1046 1046 1047 1047 1048 1048 1049 1049 1050 1050 1051 1051 1052 1052 1025 1025 1053 1053 1025 1025 1052 1052 1025 1025 1053 1053 1054 1054 1055 1055 1050 1050 1056 1056 1057 1057 1058 1058 719 719 717 717 719 719 1025 1025 1059 1059 1025 1025 719 719 1025 1025 1059 1059 1051 1051 1025 1025 1060 1060 1061 1061 1058 1058 1062 1062 719 719 1063 1063 719 719 1062 1062 719 719 1063 1063 1059 1059 1054 1054 1064 1064 1025 1025 1065 1065 1025 1025 1064 1064 1025 1025 1065 1065 1066 1066 1067 1067 1068 1068 1055 1055 1069 1069 1055 1055 1068 1068 1066 1066 1070 1070 1025 1025 1071 1071 1025 1025 1070 1070 1025 1025 1071 1071 1060 1060 1072 1072 1060 1060 1071 1071 1060 1060 1072 1072 1073 1073 1074 1074 1075 1075 1076 1076 1077 1077 1076 1076 1075 1075 1076 1076 1077 1077 1067 1067 1069 1069 1078 1078 1055 1055 1079 1079 1055 1055 1078 1078 1055 1055 1079 1079 1050 1050 1080 1080 1050 1050 1079 1079 1050 1050 1080 1080 1048 1048 1081 1081 1082 1082 1083 1083 1084 1084 1083 1083 1082 1082 1083 1083 1084 1084 1085 1085 1086 1086 1087 1087 719 719 1088 1088 719 719 1087 1087 719 719 1088 1088 1057 1057 1089 1089 1090 1090 1091 1091 1075 1075 1092 1092 1077 1077 1093 1093 1077 1077 1092 1092 1077 1077 1093 1093 1091 1091 1094 1094 1091 1091 1093 1093 1076 1076 1025 1025 1074 1074 1061 1061 1074 1074 1025 1025 1074 1074 1061 1061 1056 1056 1095 1095 1056 1056 1061 1061 1056 1056 1095 1095 1055 1055 1083 1083 1055 1055 1095 1095 1055 1055 1083 1083 719 719 1085 1085 719 719 1083 1083 719 719 1085 1085 1086 1086 1096 1096 1089 1089 1097 1097 1091 1091 1097 1097 1089 1089 1097 1097 1091 1091 1098 1098 1094 1094 1098 1098 1091 1091 1099 1099 1100 1100 1101 1101 1102 1102 1103 1103 1104 1104 1055 1055 1104 1104 1103 1103 1104 1104 1055 1055 1101 1101 1105 1105 1101 1101 1055 1055 1101 1101 1105 1105 1099 1099 1067 1067 1055 1055 1076 1076 1103 1103 1076 1076 1055 1055 1076 1076 1103 1103 1106 1106 1107 1107 1106 1106 1103 1103 1106 1106 1107 1107 1105 1105 1108 1108 1105 1105 1107 1107 1105 1105 1108 1108 1099 1099 1109 1109 1110 1110 1111 1111 1112 1112 1113 1113 1114 1114 1115 1115 1116 1116 1117 1117 1118 1118 1119 1119 1105 1105 1120 1120 1105 1105 1119 1119 1105 1105 1120 1120 1121 1121 1111 1111 1110 1110 1122 1122 796 796 1110 1110 791 791 1123 1123 791 791 1110 1110 791 791 1123 1123 1124 1124 1121 1121 1125 1125 1126 1126 1127 1127 1128 1128 1129 1129 1130 1130 1129 1129 1128 1128 1114 1114 1113 1113 1116 1116 1131 1131 1116 1116 1113 1113 1116 1116 1131 1131 1132 1132 1115 1115 1117 1117 1133 1133 1134 1134 1106 1106 1135 1135 1136 1136 1135 1135 1106 1106 1127 1127 1137 1137 1128 1128 1138 1138 1128 1128 1137 1137 1128 1128 1138 1138 1125 1125 1139 1139 1125 1125 1138 1138 1125 1125 1139 1139 1126 1126 1109 1109 1111 1111 1140 1140 1141 1141 1140 1140 1111 1111 1140 1140 1141 1141 1142 1142 1143 1143 1144 1144 1116 1116 1145 1145 1116 1116 1144 1144 1116 1116 1145 1145 1117 1117 1126 1126 1112 1112 1121 1121 1114 1114 1121 1121 1112 1112 1121 1121 1114 1114 1105 1105 1146 1146 1105 1105 1114 1114 1105 1105 1146 1146 1106 1106 1147 1147 1106 1106 1146 1146 1106 1106 1147 1147 1136 1136 1148 1148 1149 1149 796 796 1150 1150 796 796 1149 1149 796 796 1150 1150 1151 1151 1151 1151 1152 1152 796 796 1153 1153 796 796 1152 1152 796 796 1153 1153 1110 1110 1154 1154 1110 1110 1153 1153 1110 1110 1154 1154 1122 1122 1130 1130 1155 1155 1129 1129 1156 1156 1129 1129 1155 1155 1129 1129 1156 1156 1157 1157 1158 1158 1159 1159 1160 1160 1161 1161 1160 1160 1159 1159 1160 1160 1161 1161 1129 1129 1132 1132 1162 1162 1116 1116 1163 1163 1116 1116 1162 1162 1116 1116 1163 1163 1143 1143 1164 1164 1117 1117 1165 1165 1165 1165 1166 1166 1164 1164 1167 1167 1164 1164 1166 1166 1164 1164 1167 1167 1168 1168 1164 1164 1169 1169 1117 1117 1170 1170 1117 1117 1169 1169 1117 1117 1170 1170 1171 1171 1157 1157 1172 1172 1129 1129 1173 1173 1129 1129 1172 1172 1129 1129 1173 1173 1160 1160 1174 1174 1175 1175 1160 1160 1176 1176 1160 1160 1175 1175 1160 1160 1176 1176 1158 1158 1171 1171 1177 1177 1117 1117 1178 1178 1117 1117 1177 1177 1117 1117 1178 1178 1133 1133 1134 1134 1179 1179 1106 1106 1180 1180 1106 1106 1179 1179 1106 1106 1180 1180 796 796 1181 1181 796 796 1180 1180 796 796 1181 1181 1148 1148 1182 1182 1183 1183 1184 1184 1185 1185 1186 1186 1187 1187 1185 1185 1187 1187 1188 1188 1189 1189 1190 1190 1184 1184 1191 1191 1184 1184 1190 1190 1184 1184 1191 1191 1182 1182 1186 1186 1192 1192 1187 1187 1193 1193 1187 1187 1192 1192 1187 1187 1193 1193 1194 1194 1195 1195 1194 1194 1193 1193 1196 1196 1197 1197 1198 1198 714 714 716 716 1199 1199 1200 1200 1201 1201 1202 1202 1203 1203 1202 1202 1201 1201 1202 1202 1203 1203 1204 1204 1195 1195 1205 1205 1194 1194 1206 1206 1194 1194 1205 1205 1194 1194 1206 1206 1202 1202 1207 1207 1202 1202 1206 1206 1202 1202 1207 1207 1200 1200 1197 1197 1208 1208 1198 1198 1209 1209 1198 1198 1208 1208 1198 1198 1209 1209 1210 1210 823 823 827 827 824 824 826 826 824 824 827 827 824 824 826 826 781 781 1211 1211 781 781 826 826 781 781 1211 1211 785 785 1212 1212 785 785 1211 1211 785 785 1212 1212 842 842 1213 1213 1214 1214 1215 1215 1216 1216 1215 1215 1214 1214 1215 1215 1216 1216 1217 1217 1218 1218 1219 1219 1220 1220 780 780 1220 1220 1219 1219 1221 1221 1222 1222 817 817 1223 1223 817 817 1222 1222 817 817 1223 1223 780 780 1224 1224 780 780 1223 1223 780 780 1224 1224 1220 1220 1124 1124 1225 1225 791 791 1226 1226 791 791 1225 1225 791 791 1226 1226 817 817 1227 1227 817 817 1226 1226 817 817 1227 1227 1221 1221 1228 1228 1229 1229 1230 1230 1231 1231 1232 1232 1233 1233 1021 1021 1233 1233 1232 1232 718 718 1234 1234 719 719 1235 1235 719 719 1234 1234 719 719 1235 1235 1055 1055 1236 1236 1055 1055 1235 1235 1055 1055 1236 1236 1105 1105 1215 1215 1105 1105 1236 1236 1105 1105 1215 1215 1118 1118 1217 1217 1118 1118 1215 1215 1237 1237 713 713 1238 1238 712 712 1238 1238 713 713 1238 1238 712 712 1239 1239 885 885 1239 1239 712 712 1239 1239 885 885 883 883 1240 1240 883 883 885 885 1234 1234 1230 1230 1235 1235 1229 1229 1235 1235 1230 1230 1235 1235 1229 1229 1236 1236 1241 1241 1236 1236 1229 1229 1236 1236 1241 1241 1215 1215 1219 1219 1215 1215 1241 1241 1215 1215 1219 1219 1213 1213 1218 1218 1213 1213 1219 1219 1230 1230 1231 1231 1228 1228 1233 1233 1228 1228 1231 1231 1228 1228 1233 1233 1184 1184 1031 1031 1026 1026 1021 1021 763 763 1021 1021 1026 1026 1021 1021 763 763 1233 1233 1242 1242 1233 1233 763 763 1233 1233 1242 1242 1184 1184 716 716 1184 1184 1242 1242 1184 1184 716 716 1189 1189 715 715 1189 1189 716 716 766 766 767 767 763 763 741 741 763 763 767 767 763 763 741 741 1242 1242 1243 1243 1242 1242 741 741 1242 1242 1243 1243 716 716 1198 1198 716 716 1243 1243 716 716 1198 1198 1199 1199 1210 1210 1199 1199 1198 1198 888 888 1244 1244 889 889 1245 1245 889 889 1244 1244 889 889 1245 1245 1246 1246 1247 1247 1246 1246 1245 1245 1246 1246 1247 1247 1248 1248 1249 1249 1248 1248 1247 1247 1183 1183 1188 1188 1184 1184 1187 1187 1184 1184 1188 1188 1184 1184 1187 1187 1228 1228 1250 1250 1228 1228 1187 1187 1228 1228 1250 1250 1229 1229 1251 1251 1229 1229 1250 1250 1229 1229 1251 1251 1241 1241 1252 1252 1241 1241 1251 1251 1241 1241 1252 1252 1219 1219 1253 1253 1219 1219 1252 1252 1219 1219 1253 1253 780 780 1254 1254 780 780 1253 1253 780 780 1254 1254 781 781 1255 1255 781 781 1254 1254 781 781 1255 1255 824 824 1256 1256 824 824 1255 1255 1204 1204 1196 1196 1202 1202 1198 1198 1202 1202 1196 1196 1202 1202 1198 1198 1257 1257 1258 1258 1257 1257 1259 1259 1198 1198 1259 1259 1257 1257 1259 1259 1198 1198 1260 1260 1243 1243 1260 1260 1198 1198 1260 1260 1243 1243 743 743 741 741 743 743 1243 1243 743 743 741 741 735 735 740 740 735 735 741 741 735 735 740 740 733 733 1007 1007 1010 1010 743 743 945 945 743 743 1010 1010 743 743 945 945 1260 1260 1261 1261 1260 1260 945 945 1260 1260 1261 1261 1259 1259 1262 1262 1259 1259 1261 1261 1259 1259 1262 1262 1258 1258 1263 1263 1258 1258 1262 1262 1264 1264 1265 1265 1266 1266 1266 1266 1267 1267 1268 1268 1269 1269 1268 1268 1267 1267 1268 1268 1269 1269 1270 1270 1265 1265 1271 1271 1266 1266 1272 1272 1266 1266 1271 1271 1266 1266 1272 1272 1267 1267 1273 1273 1274 1274 1275 1275 1276 1276 1275 1275 1274 1274 1277 1277 1278 1278 1263 1263 1270 1270 1279 1279 1268 1268 1280 1280 1268 1268 1279 1279 1268 1268 1280 1280 1281 1281 1278 1278 1282 1282 1263 1263 1283 1283 1263 1263 1282 1282 1263 1263 1283 1283 1284 1284 1285 1285 1286 1286 1274 1274 1287 1287 1274 1274 1286 1286 1274 1274 1287 1287 1276 1276 944 944 946 946 945 945 723 723 945 945 946 946 945 945 723 723 1261 1261 725 725 1261 1261 723 723 1261 1261 725 725 1262 1262 1274 1274 1262 1262 725 725 1262 1262 1274 1274 1263 1263 1273 1273 1263 1263 1274 1274 1263 1263 1273 1273 1277 1277 1284 1284 1288 1288 1263 1263 1289 1289 1263 1263 1288 1288 1263 1263 1289 1289 1266 1266 1290 1290 1266 1266 1289 1289 1266 1266 1290 1290 1264 1264 727 727 1291 1291 725 725 1292 1292 725 725 1291 1291 725 725 1292 1292 1274 1274 1268 1268 1274 1274 1292 1292 1274 1274 1268 1268 1285 1285 1281 1281 1285 1285 1268 1268 1293 1293 1294 1294 1266 1266 1295 1295 1266 1266 1294 1294 1266 1266 1295 1295 1296 1296 1297 1297 1298 1298 1299 1299 1300 1300 1301 1301 1248 1248 1302 1302 1248 1248 1301 1301 1248 1248 1302 1302 1303 1303 1297 1297 1299 1299 1304 1304 1298 1298 1305 1305 1299 1299 1306 1306 1299 1299 1305 1305 1299 1299 1306 1306 1248 1248 1307 1307 1248 1248 1306 1306 1248 1248 1307 1307 1300 1300 1308 1308 1309 1309 1268 1268 1310 1310 1268 1268 1309 1309 1268 1268 1310 1310 1311 1311 1296 1296 1312 1312 1266 1266 1313 1313 1266 1266 1312 1312 1266 1266 1313 1313 1299 1299 1314 1314 1299 1299 1313 1313 1299 1299 1314 1314 1304 1304 1311 1311 1315 1315 1268 1268 1316 1316 1268 1268 1315 1315 1268 1268 1316 1316 1266 1266 1317 1317 1266 1266 1316 1316 1266 1266 1317 1317 1293 1293 1303 1303 1308 1308 1248 1248 1268 1268 1248 1248 1308 1308 1248 1248 1268 1268 1246 1246 1292 1292 1246 1246 1268 1268 1246 1246 1292 1292 889 889 1291 1291 889 889 1292 1292 889 889 1291 1291 890 890 1318 1318 1319 1319 1249 1249 1320 1320 1249 1249 1319 1319 1321 1321 1322 1322 1323 1323 1324 1324 1323 1323 1322 1322 1325 1325 1326 1326 1248 1248 1327 1327 1328 1328 1299 1299 1329 1329 1299 1299 1328 1328 1299 1299 1329 1329 1330 1330 1324 1324 1331 1331 1323 1323 1332 1332 1323 1323 1331 1331 1323 1323 1332 1332 1249 1249 1333 1333 1249 1249 1332 1332 1249 1249 1333 1333 1318 1318 1320 1320 1334 1334 1249 1249 1335 1335 1249 1249 1334 1334 1249 1249 1335 1335 1248 1248 1336 1336 1248 1248 1335 1335 1248 1248 1336 1336 1325 1325 1330 1330 1337 1337 1299 1299 1338 1338 1299 1299 1337 1337 1299 1299 1338 1338 1323 1323 1339 1339 1323 1323 1338 1338 1323 1323 1339 1339 1321 1321 1326 1326 1340 1340 1248 1248 1341 1341 1248 1248 1340 1340 1248 1248 1341 1341 1299 1299 1342 1342 1299 1299 1341 1341 1299 1299 1342 1342 1327 1327 1343 1343 1344 1344 1323 1323 1345 1345 1323 1323 1344 1344 1323 1323 1345 1345 1346 1346 1347 1347 1348 1348 1349 1349 1350 1350 1351 1351 1237 1237 1352 1352 1237 1237 1351 1351 1237 1237 1352 1352 1353 1353 1347 1347 1349 1349 1354 1354 1348 1348 1355 1355 1349 1349 1356 1356 1349 1349 1355 1355 1349 1349 1356 1356 1237 1237 1357 1357 1237 1237 1356 1356 1237 1237 1357 1357 1350 1350 1358 1358 1359 1359 1249 1249 1360 1360 1249 1249 1359 1359 1249 1249 1360 1360 1361 1361 1346 1346 1362 1362 1323 1323 1363 1363 1323 1323 1362 1362 1323 1323 1363 1363 1349 1349 1364 1364 1349 1349 1363 1363 1349 1349 1364 1364 1354 1354 1361 1361 1365 1365 1249 1249 1366 1366 1249 1249 1365 1365 1249 1249 1366 1366 1323 1323 1367 1367 1323 1323 1366 1366 1323 1323 1367 1367 1343 1343 1244 1244 887 887 1245 1245 711 711 1245 1245 887 887 1245 1245 711 711 1247 1247 713 713 1247 1247 711 711 1247 1247 713 713 1249 1249 1237 1237 1249 1249 713 713 1249 1249 1237 1237 1358 1358 1353 1353 1358 1358 1237 1237 883 883 882 882 1239 1239 1368 1368 1239 1239 882 882 1239 1239 1368 1368 1238 1238 1369 1369 1238 1238 1368 1368 1238 1238 1369 1369 1237 1237 1370 1370 1237 1237 1369 1369 1237 1237 1370 1370 1349 1349 1371 1371 1372 1372 1373 1373 1374 1374 1373 1373 1372 1372 1373 1373 1374 1374 1375 1375 1376 1376 1375 1375 1374 1374 1375 1375 1376 1376 1377 1377 1378 1378 1377 1377 1376 1376 1377 1377 1378 1378 1379 1379 1380 1380 1379 1379 1378 1378 1379 1379 1380 1380 1381 1381 1382 1382 1381 1381 1380 1380 1381 1381 1382 1382 1383 1383 1384 1384 1383 1383 1382 1382 1383 1383 1384 1384 1385 1385 1386 1386 1385 1385 1384 1384 1385 1385 1386 1386 1387 1387 1388 1388 1387 1387 1386 1386 1387 1387 1388 1388 1389 1389 1390 1390 1389 1389 1388 1388 1389 1389 1390 1390 1391 1391 1392 1392 1391 1391 1390 1390 1391 1391 1392 1392 1393 1393 1394 1394 1393 1393 1392 1392 1393 1393 1394 1394 1395 1395 1396 1396 1395 1395 1394 1394 1395 1395 1396 1396 1397 1397 1398 1398 1397 1397 1396 1396 1397 1397 1398 1398 1399 1399 1400 1400 1399 1399 1398 1398 1399 1399 1400 1400 1401 1401 1402 1402 1401 1401 1400 1400 1401 1401 1402 1402 1403 1403 1404 1404 1403 1403 1402 1402 1403 1403 1404 1404 1405 1405 1406 1406 1405 1405 1404 1404 1405 1405 1406 1406 1407 1407 1408 1408 1407 1407 1406 1406 1407 1407 1408 1408 1409 1409 1410 1410 1409 1409 1408 1408 1409 1409 1410 1410 1411 1411 1412 1412 1411 1411 1410 1410 1411 1411 1412 1412 1413 1413 1414 1414 1413 1413 1412 1412 1413 1413 1414 1414 1415 1415 1416 1416 1415 1415 1414 1414 1415 1415 1416 1416 1417 1417 1418 1418 1417 1417 1416 1416 1417 1417 1418 1418 1371 1371 1372 1372 1371 1371 1418 1418 1419 1419 1420 1420 1421 1421 1422 1422 1421 1421 1420 1420 1421 1421 1422 1422 1423 1423 1424 1424 1423 1423 1422 1422 1423 1423 1424 1424 1425 1425 1426 1426 1425 1425 1424 1424 1425 1425 1426 1426 1427 1427 1428 1428 1427 1427 1426 1426 1427 1427 1428 1428 1429 1429 1430 1430 1429 1429 1428 1428 1429 1429 1430 1430 1431 1431 1432 1432 1431 1431 1430 1430 1431 1431 1432 1432 1433 1433 1434 1434 1433 1433 1432 1432 1433 1433 1434 1434 1435 1435 1436 1436 1435 1435 1434 1434 1435 1435 1436 1436 1437 1437 1438 1438 1437 1437 1436 1436 1437 1437 1438 1438 1439 1439 1440 1440 1439 1439 1438 1438 1439 1439 1440 1440 1441 1441 1442 1442 1441 1441 1440 1440 1441 1441 1442 1442 1443 1443 1444 1444 1443 1443 1442 1442 1443 1443 1444 1444 1445 1445 1446 1446 1445 1445 1444 1444 1445 1445 1446 1446 1447 1447 1448 1448 1447 1447 1446 1446 1447 1447 1448 1448 1449 1449 1450 1450 1449 1449 1448 1448 1449 1449 1450 1450 1451 1451 1452 1452 1451 1451 1450 1450 1451 1451 1452 1452 1453 1453 1454 1454 1453 1453 1452 1452 1453 1453 1454 1454 1455 1455 1456 1456 1455 1455 1454 1454 1455 1455 1456 1456 1457 1457 1458 1458 1457 1457 1456 1456 1457 1457 1458 1458 1459 1459 1460 1460 1459 1459 1458 1458 1459 1459 1460 1460 1461 1461 1462 1462 1461 1461 1460 1460 1461 1461 1462 1462 1463 1463 1464 1464 1463 1463 1462 1462 1463 1463 1464 1464 1465 1465 1466 1466 1465 1465 1464 1464 1465 1465 1466 1466 1419 1419 1420 1420 1419 1419 1466 1466 1467 1467 1468 1468 1469 1469 1470 1470 1469 1469 1468 1468 1469 1469 1470 1470 1471 1471 1472 1472 1473 1473 1474 1474 1475 1475 1474 1474 1473 1473 1474 1474 1475 1475 1476 1476 1477 1477 1478 1478 1479 1479 1480 1480 1479 1479 1478 1478 1479 1479 1480 1480 1481 1481 1482 1482 1483 1483 1484 1484 1485 1485 1484 1484 1483 1483 1484 1484 1485 1485 1486 1486 1487 1487 1486 1486 1485 1485 1486 1486 1487 1487 1488 1488 1489 1489 1488 1488 1487 1487 1488 1488 1489 1489 1490 1490 1491 1491 1490 1490 1489 1489 1490 1490 1491 1491 1480 1480 1492 1492 1480 1480 1491 1491 1480 1480 1492 1492 1481 1481 1493 1493 1494 1494 1495 1495 1496 1496 1495 1495 1494 1494 1484 1484 1497 1497 1482 1482 1498 1498 1482 1482 1497 1497 1482 1482 1498 1498 1499 1499 1500 1500 1499 1499 1498 1498 1499 1499 1500 1500 1501 1501 1502 1502 1501 1501 1500 1500 1501 1501 1502 1502 1503 1503 1504 1504 1503 1503 1502 1502 1503 1503 1504 1504 1505 1505 1506 1506 1505 1505 1504 1504 1505 1505 1506 1506 1507 1507 1508 1508 1507 1507 1506 1506 1507 1507 1508 1508 1509 1509 1510 1510 1509 1509 1508 1508 1509 1509 1510 1510 1511 1511 1512 1512 1511 1511 1510 1510 1511 1511 1512 1512 1496 1496 1513 1513 1496 1496 1512 1512 1496 1496 1513 1513 1495 1495 1514 1514 1515 1515 1516 1516 1517 1517 1516 1516 1515 1515 1516 1516 1517 1517 1518 1518 1519 1519 1518 1518 1517 1517 1518 1518 1519 1519 1520 1520 1521 1521 1520 1520 1519 1519 1520 1520 1521 1521 1522 1522 1523 1523 1522 1522 1521 1521 1522 1522 1523 1523 1524 1524 1525 1525 1524 1524 1523 1523 1524 1524 1525 1525 1526 1526 1527 1527 1528 1528 1529 1529 1530 1530 1529 1529 1528 1528 1529 1529 1530 1530 1531 1531 1532 1532 1531 1531 1530 1530 1531 1531 1532 1532 1533 1533 1534 1534 1533 1533 1532 1532 1533 1533 1534 1534 1514 1514 1535 1535 1514 1514 1534 1534 1514 1514 1535 1535 1515 1515 1525 1525 1536 1536 1526 1526 1537 1537 1526 1526 1536 1536 1526 1526 1537 1537 1538 1538 1539 1539 1538 1538 1537 1537 1538 1538 1539 1539 1540 1540 1541 1541 1542 1542 1543 1543 1540 1540 1543 1543 1542 1542 1543 1543 1540 1540 1544 1544 1539 1539 1544 1544 1540 1540 1545 1545 1546 1546 1547 1547 1548 1548 1547 1547 1546 1546 1547 1547 1548 1548 1549 1549 1550 1550 1549 1549 1548 1548 1549 1549 1550 1550 1551 1551 1552 1552 1551 1551 1550 1550 1551 1551 1552 1552 1553 1553 1554 1554 1553 1553 1552 1552 1553 1553 1554 1554 1555 1555 1556 1556 1555 1555 1554 1554 1555 1555 1556 1556 1557 1557 1558 1558 1557 1557 1556 1556 1557 1557 1558 1558 1559 1559 1560 1560 1559 1559 1558 1558 1559 1559 1560 1560 1561 1561 1562 1562 1561 1561 1560 1560 1561 1561 1562 1562 1563 1563 1564 1564 1563 1563 1562 1562 1563 1563 1564 1564 1565 1565 1566 1566 1565 1565 1564 1564 1565 1565 1566 1566 1567 1567 1568 1568 1567 1567 1566 1566 1567 1567 1568 1568 1569 1569 1570 1570 1569 1569 1568 1568 1569 1569 1570 1570 1571 1571 1572 1572 1571 1571 1570 1570 1571 1571 1572 1572 1573 1573 1574 1574 1573 1573 1572 1572 1573 1573 1574 1574 1575 1575 1576 1576 1575 1575 1574 1574 1575 1575 1576 1576 1577 1577 1578 1578 1577 1577 1576 1576 1577 1577 1578 1578 1579 1579 1580 1580 1579 1579 1578 1578 1579 1579 1580 1580 1581 1581 1582 1582 1581 1581 1580 1580 1581 1581 1582 1582 1583 1583 1584 1584 1583 1583 1582 1582 1583 1583 1584 1584 1585 1585 1586 1586 1585 1585 1584 1584 1585 1585 1586 1586 1587 1587 1588 1588 1587 1587 1586 1586 1587 1587 1588 1588 1589 1589 1590 1590 1589 1589 1588 1588 1589 1589 1590 1590 1591 1591 1592 1592 1591 1591 1590 1590 1591 1591 1592 1592 1545 1545 1546 1546 1545 1545 1592 1592 1593 1593 1594 1594 1595 1595 1596 1596 1595 1595 1594 1594 1595 1595 1596 1596 1597 1597 1598 1598 1597 1597 1596 1596 1597 1597 1598 1598 1599 1599 1600 1600 1599 1599 1598 1598 1599 1599 1600 1600 1601 1601 1602 1602 1601 1601 1600 1600 1601 1601 1602 1602 1603 1603 1604 1604 1603 1603 1602 1602 1603 1603 1604 1604 1605 1605 1606 1606 1605 1605 1604 1604 1605 1605 1606 1606 1607 1607 1608 1608 1607 1607 1606 1606 1607 1607 1608 1608 1609 1609 1610 1610 1609 1609 1608 1608 1609 1609 1610 1610 1611 1611 1612 1612 1611 1611 1610 1610 1611 1611 1612 1612 1613 1613 1614 1614 1613 1613 1612 1612 1613 1613 1614 1614 1615 1615 1616 1616 1615 1615 1614 1614 1615 1615 1616 1616 1617 1617 1618 1618 1617 1617 1616 1616 1617 1617 1618 1618 1619 1619 1620 1620 1619 1619 1618 1618 1619 1619 1620 1620 1621 1621 1622 1622 1621 1621 1620 1620 1621 1621 1622 1622 1623 1623 1624 1624 1623 1623 1622 1622 1623 1623 1624 1624 1625 1625 1626 1626 1625 1625 1624 1624 1625 1625 1626 1626 1627 1627 1628 1628 1627 1627 1626 1626 1627 1627 1628 1628 1629 1629 1630 1630 1629 1629 1628 1628 1629 1629 1630 1630 1631 1631 1632 1632 1631 1631 1630 1630 1631 1631 1632 1632 1633 1633 1634 1634 1633 1633 1632 1632 1633 1633 1634 1634 1635 1635 1636 1636 1635 1635 1634 1634 1635 1635 1636 1636 1637 1637 1638 1638 1637 1637 1636 1636 1637 1637 1638 1638 1639 1639 1640 1640 1639 1639 1638 1638 1639 1639 1640 1640 1593 1593 1594 1594 1593 1593 1640 1640 1641 1641 1642 1642 1643 1643 1644 1644 1643 1643 1642 1642 1643 1643 1644 1644 1645 1645 1646 1646 1645 1645 1644 1644 1645 1645 1646 1646 1647 1647 1648 1648 1647 1647 1646 1646 1647 1647 1648 1648 1649 1649 1650 1650 1649 1649 1648 1648 1649 1649 1650 1650 1651 1651 1652 1652 1651 1651 1650 1650 1651 1651 1652 1652 1653 1653 1654 1654 1653 1653 1652 1652 1653 1653 1654 1654 1655 1655 1656 1656 1655 1655 1654 1654 1655 1655 1656 1656 1657 1657 1658 1658 1657 1657 1656 1656 1657 1657 1658 1658 1659 1659 1660 1660 1659 1659 1658 1658 1659 1659 1660 1660 1661 1661 1662 1662 1661 1661 1660 1660 1661 1661 1662 1662 1663 1663 1664 1664 1663 1663 1662 1662 1663 1663 1664 1664 1665 1665 1666 1666 1665 1665 1664 1664 1665 1665 1666 1666 1667 1667 1668 1668 1667 1667 1666 1666 1667 1667 1668 1668 1669 1669 1670 1670 1669 1669 1668 1668 1669 1669 1670 1670 1671 1671 1672 1672 1671 1671 1670 1670 1671 1671 1672 1672 1673 1673 1674 1674 1673 1673 1672 1672 1673 1673 1674 1674 1675 1675 1676 1676 1675 1675 1674 1674 1675 1675 1676 1676 1677 1677 1678 1678 1677 1677 1676 1676 1677 1677 1678 1678 1679 1679 1680 1680 1679 1679 1678 1678 1679 1679 1680 1680 1681 1681 1682 1682 1681 1681 1680 1680 1681 1681 1682 1682 1683 1683 1684 1684 1683 1683 1682 1682 1683 1683 1684 1684 1685 1685 1686 1686 1685 1685 1684 1684 1685 1685 1686 1686 1687 1687 1688 1688 1687 1687 1686 1686 1687 1687 1688 1688 1641 1641 1642 1642 1641 1641 1688 1688 879 879 1689 1689 1690 1690 880 880 879 879 1691 1691 1690 1690 1691 1691 879 879 1691 1691 1690 1690 1692 1692 1693 1693 1692 1692 1690 1690 1692 1692 1693 1693 1694 1694 1695 1695 1694 1694 1693 1693 1694 1694 1695 1695 1696 1696 1697 1697 1696 1696 1695 1695 1696 1696 1697 1697 1698 1698 1699 1699 1698 1698 1697 1697 1698 1698 1699 1699 1700 1700 1701 1701 1700 1700 1699 1699 1700 1700 1701 1701 1702 1702 1703 1703 1702 1702 1701 1701 1702 1702 1703 1703 1704 1704 1705 1705 1704 1704 1703 1703 1704 1704 1705 1705 1706 1706 1707 1707 1706 1706 1705 1705 1708 1708 1709 1709 1710 1710 1711 1711 1710 1710 1709 1709 1712 1712 1713 1713 1714 1714 1715 1715 1714 1714 1713 1713 1714 1714 1715 1715 1716 1716 1717 1717 1716 1716 1715 1715 1716 1716 1717 1717 1718 1718 1719 1719 1718 1718 1717 1717 1718 1718 1719 1719 1720 1720 1721 1721 1720 1720 1719 1719 1722 1722 1723 1723 1724 1724 1725 1725 1724 1724 1723 1723 1725 1725 1726 1726 1724 1724 1727 1727 1724 1724 1726 1726 1724 1724 1727 1727 1728 1728 1727 1727 1729 1729 1728 1728 1730 1730 1728 1728 1729 1729 1728 1728 1730 1730 1731 1731 1731 1731 1732 1732 1728 1728 1733 1733 1728 1728 1732 1732 1728 1728 1733 1733 1734 1734 1734 1734 1735 1735 1728 1728 1736 1736 1728 1728 1735 1735 1728 1728 1736 1736 1737 1737 274 274 273 273 1738 1738 568 568 1738 1738 273 273 1738 1738 568 568 567 567 567 567 566 566 1738 1738 60 60 1738 1738 566 566 1738 1738 60 60 570 570 570 570 582 582 1738 1738 319 319 1738 1738 582 582 1738 1738 319 319 317 317 314 314 1739 1739 316 316 317 317 316 316 1739 1739 317 317 1739 1739 1738 1738 1740 1740 1738 1738 1739 1739 1738 1738 1740 1740 1741 1741 1742 1742 1741 1741 1740 1740 1741 1741 1742 1742 1743 1743 1744 1744 1743 1743 1742 1742 1743 1743 1744 1744 1745 1745 1746 1746 1745 1745 1744 1744 1745 1745 1746 1746 1747 1747 1748 1748 1747 1747 1746 1746 1747 1747 1748 1748 1749 1749 1750 1750 1751 1751 1752 1752 1749 1749 1748 1748 1752 1752 1753 1753 1752 1752 1748 1748 1752 1752 1753 1753 1750 1750 1754 1754 1750 1750 1753 1753 1750 1750 1754 1754 1755 1755 1756 1756 1755 1755 1754 1754 1755 1755 1756 1756 1757 1757 1758 1758 1757 1757 1756 1756 1757 1757 1758 1758 1759 1759 1760 1760 1761 1761 1762 1762 1760 1760 1762 1762 1763 1763 1764 1764 1763 1763 1762 1762 1763 1763 1764 1764 1765 1765 1766 1766 1765 1765 1764 1764 1765 1765 1766 1766 1767 1767 1768 1768 1769 1769 1770 1770 1767 1767 1770 1770 1769 1769 1770 1770 1767 1767 1771 1771 1766 1766 1771 1771 1767 1767 1772 1772 1773 1773 1774 1774 1774 1774 1775 1775 1772 1772 1776 1776 1772 1772 1775 1775 1772 1772 1776 1776 1777 1777 1778 1778 1779 1779 1780 1780 1781 1781 1782 1782 1778 1778 1783 1783 1778 1778 1782 1782 1778 1778 1783 1783 1779 1779 1784 1784 1785 1785 1786 1786 1787 1787 1786 1786 1785 1785 1786 1786 1787 1787 1788 1788 1788 1788 1789 1789 1786 1786 1790 1790 1786 1786 1789 1789 1786 1786 1790 1790 1791 1791 1781 1781 1778 1778 1792 1792 1786 1786 1792 1792 1778 1778 1792 1792 1786 1786 1793 1793 1780 1780 1794 1794 1778 1778 1795 1795 1778 1778 1794 1794 1778 1778 1795 1795 1796 1796 1797 1797 1796 1796 1795 1795 1796 1796 1797 1797 1798 1798 1799 1799 1800 1800 1801 1801 1784 1784 1786 1786 1802 1802 1803 1803 1802 1802 1786 1786 1802 1802 1803 1803 1804 1804 1805 1805 1806 1806 1807 1807 1808 1808 1801 1801 1809 1809 1805 1805 1809 1809 1801 1801 1806 1806 1805 1805 1810 1810 1811 1811 1810 1810 1805 1805 1810 1810 1811 1811 1812 1812 1812 1812 1813 1813 1810 1810 1814 1814 1810 1810 1813 1813 1810 1810 1814 1814 1815 1815 1791 1791 1816 1816 1817 1817 1810 1810 1817 1817 1816 1816 1817 1817 1810 1810 1818 1818 1815 1815 1818 1818 1810 1810 1791 1791 1817 1817 1786 1786 1819 1819 1786 1786 1817 1817 1786 1786 1819 1819 1820 1820 1821 1821 1822 1822 1823 1823 1824 1824 1823 1823 1822 1822 1807 1807 1825 1825 1805 1805 1826 1826 1805 1805 1825 1825 1805 1805 1826 1826 1809 1809 1798 1798 1827 1827 1796 1796 1828 1828 1796 1796 1827 1827 1796 1796 1828 1828 1829 1829 1830 1830 1803 1803 1831 1831 1796 1796 1831 1831 1803 1803 1830 1830 1832 1832 1803 1803 1833 1833 1803 1803 1832 1832 1803 1803 1833 1833 1804 1804 1800 1800 1834 1834 1835 1835 1820 1820 1836 1836 1786 1786 1823 1823 1786 1786 1836 1836 1786 1786 1823 1823 1793 1793 1824 1824 1793 1793 1823 1823 1837 1837 1838 1838 1823 1823 1839 1839 1823 1823 1838 1838 1823 1823 1839 1839 1821 1821 1835 1835 1840 1840 1800 1800 1841 1841 1800 1800 1840 1840 1800 1800 1841 1841 1801 1801 1837 1837 1842 1842 1838 1838 1843 1843 1838 1838 1842 1842 1838 1838 1843 1843 1844 1844 1844 1844 1845 1845 1838 1838 1846 1846 1838 1838 1845 1845 1838 1838 1846 1846 1800 1800 1847 1847 1800 1800 1846 1846 1800 1800 1847 1847 1834 1834 1829 1829 1848 1848 1796 1796 1849 1849 1796 1796 1848 1848 1796 1796 1849 1849 1801 1801 1850 1850 1801 1801 1849 1849 1801 1801 1850 1850 1799 1799 1808 1808 1851 1851 1801 1801 1852 1852 1801 1801 1851 1851 1801 1801 1852 1852 1796 1796 1853 1853 1796 1796 1852 1852 1796 1796 1853 1853 1831 1831 1854 1854 1855 1855 1856 1856 1856 1856 1857 1857 1854 1854 1858 1858 1854 1854 1857 1857 1854 1854 1858 1858 1859 1859 1860 1860 1861 1861 1862 1862 1863 1863 1862 1862 1861 1861 1862 1862 1863 1863 1864 1864 1859 1859 1865 1865 1854 1854 1866 1866 1854 1854 1865 1865 1854 1854 1866 1866 1867 1867 1868 1868 1867 1867 1866 1866 1867 1867 1868 1868 1869 1869 1869 1869 1870 1870 1867 1867 1871 1871 1867 1867 1870 1870 1867 1867 1871 1871 1872 1872 1872 1872 1873 1873 1867 1867 1874 1874 1867 1867 1873 1873 1867 1867 1874 1874 1875 1875 1855 1855 1854 1854 1876 1876 1877 1877 1876 1876 1854 1854 1876 1876 1877 1877 1878 1878 1879 1879 1880 1880 1881 1881 1882 1882 1883 1883 1877 1877 1884 1884 1877 1877 1883 1883 1877 1877 1884 1884 1878 1878 1864 1864 1885 1885 1862 1862 1886 1886 1862 1862 1885 1885 1862 1862 1886 1886 1887 1887 1888 1888 1887 1887 1886 1886 1887 1887 1888 1888 1870 1870 1889 1889 1870 1870 1888 1888 1870 1870 1889 1889 1890 1890 1890 1890 1891 1891 1870 1870 1892 1892 1870 1870 1891 1891 1870 1870 1892 1892 1871 1871 1875 1875 1893 1893 1867 1867 1894 1894 1867 1867 1893 1893 1867 1867 1894 1894 1881 1881 1895 1895 1881 1881 1894 1894 1881 1881 1895 1895 1879 1879 1882 1882 1877 1877 1896 1896 1881 1881 1896 1896 1877 1877 1896 1896 1881 1881 1897 1897 1860 1860 1862 1862 1898 1898 1899 1899 1898 1898 1862 1862 1898 1898 1899 1899 1900 1900 1880 1880 1901 1901 1881 1881 1902 1902 1881 1881 1901 1901 1881 1881 1902 1902 1898 1898 1900 1900 1903 1903 1898 1898 1904 1904 1898 1898 1903 1903 1898 1898 1904 1904 1881 1881 1905 1905 1881 1881 1904 1904 1881 1881 1905 1905 1897 1897 1906 1906 1907 1907 1908 1908 1909 1909 1908 1908 1907 1907 1908 1908 1909 1909 1910 1910 1911 1911 1910 1910 1909 1909 1910 1910 1911 1911 1912 1912 1913 1913 1912 1912 1911 1911 1912 1912 1913 1913 1914 1914 1915 1915 1914 1914 1913 1913 1914 1914 1915 1915 1916 1916 1917 1917 1916 1916 1915 1915 1916 1916 1917 1917 1918 1918 1919 1919 1918 1918 1917 1917 1918 1918 1919 1919 1920 1920 1921 1921 1920 1920 1919 1919 1920 1920 1921 1921 1922 1922 1923 1923 1922 1922 1921 1921 1922 1922 1923 1923 1924 1924 1925 1925 1924 1924 1923 1923 1924 1924 1925 1925 1926 1926 1927 1927 1926 1926 1925 1925 1926 1926 1927 1927 1928 1928 1929 1929 1928 1928 1927 1927 1928 1928 1929 1929 1930 1930 1931 1931 1930 1930 1929 1929 1930 1930 1931 1931 1932 1932 1933 1933 1932 1932 1931 1931 1932 1932 1933 1933 1934 1934 1935 1935 1934 1934 1933 1933 1934 1934 1935 1935 1936 1936 1937 1937 1936 1936 1935 1935 1936 1936 1937 1937 1938 1938 1939 1939 1938 1938 1937 1937 1938 1938 1939 1939 1940 1940 1941 1941 1940 1940 1939 1939 1940 1940 1941 1941 1942 1942 1943 1943 1942 1942 1941 1941 1942 1942 1943 1943 1944 1944 1945 1945 1944 1944 1943 1943 1944 1944 1945 1945 1946 1946 1947 1947 1946 1946 1945 1945 1946 1946 1947 1947 1948 1948 1949 1949 1948 1948 1947 1947 1948 1948 1949 1949 1950 1950 1951 1951 1950 1950 1949 1949 1950 1950 1951 1951 1952 1952 1953 1953 1952 1952 1951 1951 1952 1952 1953 1953 1954 1954 1955 1955 1954 1954 1953 1953 1954 1954 1955 1955 1956 1956 1957 1957 1956 1956 1955 1955 1956 1956 1957 1957 1906 1906 1907 1907 1906 1906 1957 1957 1958 1958 1959 1959 1960 1960 1961 1961 1960 1960 1959 1959 1960 1960 1961 1961 1962 1962 1963 1963 1962 1962 1961 1961 1962 1962 1963 1963 1964 1964 1965 1965 1964 1964 1963 1963 1964 1964 1965 1965 1966 1966 1967 1967 1966 1966 1965 1965 1966 1966 1967 1967 1968 1968 1969 1969 1968 1968 1967 1967 1968 1968 1969 1969 1970 1970 1971 1971 1970 1970 1969 1969 1970 1970 1971 1971 1972 1972 1973 1973 1972 1972 1971 1971 1972 1972 1973 1973 1974 1974 1975 1975 1974 1974 1973 1973 1974 1974 1975 1975 1976 1976 1977 1977 1976 1976 1975 1975 1976 1976 1977 1977 1978 1978 1979 1979 1978 1978 1977 1977 1978 1978 1979 1979 1980 1980 1981 1981 1980 1980 1979 1979 1980 1980 1981 1981 1982 1982 1983 1983 1982 1982 1981 1981 1982 1982 1983 1983 1984 1984 1985 1985 1984 1984 1983 1983 1984 1984 1985 1985 1986 1986 1987 1987 1986 1986 1985 1985 1986 1986 1987 1987 1988 1988 1989 1989 1988 1988 1987 1987 1988 1988 1989 1989 1990 1990 1991 1991 1990 1990 1989 1989 1990 1990 1991 1991 1992 1992 1993 1993 1992 1992 1991 1991 1992 1992 1993 1993 1994 1994 1995 1995 1994 1994 1993 1993 1994 1994 1995 1995 1996 1996 1997 1997 1996 1996 1995 1995 1996 1996 1997 1997 1998 1998 1999 1999 1998 1998 1997 1997 1998 1998 1999 1999 2000 2000 2001 2001 2000 2000 1999 1999 2000 2000 2001 2001 2002 2002 2003 2003 2002 2002 2001 2001 2002 2002 2003 2003 2004 2004 2005 2005 2004 2004 2003 2003 2004 2004 2005 2005 1958 1958 1959 1959 1958 1958 2005 2005 2006 2006 2007 2007 2008 2008 2009 2009 2008 2008 2007 2007 2008 2008 2009 2009 2010 2010 2011 2011 2010 2010 2009 2009 2010 2010 2011 2011 2012 2012 2013 2013 2012 2012 2011 2011 2012 2012 2013 2013 2014 2014 2015 2015 2014 2014 2013 2013 2014 2014 2015 2015 2016 2016 2017 2017 2016 2016 2015 2015 2016 2016 2017 2017 2018 2018 2019 2019 2018 2018 2017 2017 2018 2018 2019 2019 2020 2020 2021 2021 2020 2020 2019 2019 2020 2020 2021 2021 2022 2022 2023 2023 2022 2022 2021 2021 2022 2022 2023 2023 2024 2024 2025 2025 2024 2024 2023 2023 2024 2024 2025 2025 2026 2026 2027 2027 2026 2026 2025 2025 2026 2026 2027 2027 2028 2028 2029 2029 2028 2028 2027 2027 2028 2028 2029 2029 2030 2030 2031 2031 2030 2030 2029 2029 2030 2030 2031 2031 2032 2032 2033 2033 2032 2032 2031 2031 2032 2032 2033 2033 2034 2034 2035 2035 2034 2034 2033 2033 2034 2034 2035 2035 2036 2036 2037 2037 2036 2036 2035 2035 2036 2036 2037 2037 2038 2038 2039 2039 2038 2038 2037 2037 2038 2038 2039 2039 2040 2040 2041 2041 2040 2040 2039 2039 2040 2040 2041 2041 2042 2042 2043 2043 2042 2042 2041 2041 2042 2042 2043 2043 2044 2044 2045 2045 2044 2044 2043 2043 2044 2044 2045 2045 2046 2046 2047 2047 2046 2046 2045 2045 2046 2046 2047 2047 2048 2048 2049 2049 2048 2048 2047 2047 2048 2048 2049 2049 2050 2050 2051 2051 2050 2050 2049 2049 2050 2050 2051 2051 2052 2052 2053 2053 2052 2052 2051 2051 2052 2052 2053 2053 2006 2006 2007 2007 2006 2006 2053 2053 2054 2054 2055 2055 2056 2056 2057 2057 2056 2056 2055 2055 2056 2056 2057 2057 2058 2058 2059 2059 2058 2058 2057 2057 2058 2058 2059 2059 2060 2060 2061 2061 2060 2060 2059 2059 2060 2060 2061 2061 2062 2062 2063 2063 2062 2062 2061 2061 2062 2062 2063 2063 2064 2064 2065 2065 2064 2064 2063 2063 2064 2064 2065 2065 2066 2066 2067 2067 2066 2066 2065 2065 2066 2066 2067 2067 2068 2068 2069 2069 2068 2068 2067 2067 2068 2068 2069 2069 2070 2070 2071 2071 2070 2070 2069 2069 2070 2070 2071 2071 2072 2072 2073 2073 2072 2072 2071 2071 2072 2072 2073 2073 2074 2074 2075 2075 2074 2074 2073 2073 2074 2074 2075 2075 2076 2076 2077 2077 2076 2076 2075 2075 2076 2076 2077 2077 2078 2078 2079 2079 2078 2078 2077 2077 2078 2078 2079 2079 2080 2080 2081 2081 2080 2080 2079 2079 2080 2080 2081 2081 2082 2082 2083 2083 2082 2082 2081 2081 2082 2082 2083 2083 2084 2084 2085 2085 2084 2084 2083 2083 2084 2084 2085 2085 2086 2086 2087 2087 2086 2086 2085 2085 2086 2086 2087 2087 2088 2088 2089 2089 2088 2088 2087 2087 2088 2088 2089 2089 2090 2090 2091 2091 2090 2090 2089 2089 2090 2090 2091 2091 2092 2092 2093 2093 2092 2092 2091 2091 2092 2092 2093 2093 2094 2094 2095 2095 2094 2094 2093 2093 2094 2094 2095 2095 2096 2096 2097 2097 2096 2096 2095 2095 2096 2096 2097 2097 2098 2098 2099 2099 2098 2098 2097 2097 2098 2098 2099 2099 2100 2100 2101 2101 2100 2100 2099 2099 2100 2100 2101 2101 2054 2054 2055 2055 2054 2054 2101 2101 2102 2102 2103 2103 2104 2104 2105 2105 2104 2104 2103 2103 2104 2104 2105 2105 2106 2106 2107 2107 2106 2106 2105 2105 2106 2106 2107 2107 2108 2108 2109 2109 2108 2108 2107 2107 2108 2108 2109 2109 2110 2110 2111 2111 2110 2110 2109 2109 2110 2110 2111 2111 2112 2112 2113 2113 2112 2112 2111 2111 2112 2112 2113 2113 2114 2114 2115 2115 2114 2114 2113 2113 2114 2114 2115 2115 2116 2116 2117 2117 2116 2116 2115 2115 2116 2116 2117 2117 2118 2118 2119 2119 2118 2118 2117 2117 2118 2118 2119 2119 2120 2120 2121 2121 2120 2120 2119 2119 2120 2120 2121 2121 2122 2122 2123 2123 2122 2122 2121 2121 2122 2122 2123 2123 2124 2124 2125 2125 2124 2124 2123 2123 2124 2124 2125 2125 2126 2126 2127 2127 2126 2126 2125 2125 2126 2126 2127 2127 2128 2128 2129 2129 2128 2128 2127 2127 2128 2128 2129 2129 2130 2130 2131 2131 2130 2130 2129 2129 2130 2130 2131 2131 2132 2132 2133 2133 2132 2132 2131 2131 2132 2132 2133 2133 2134 2134 2135 2135 2134 2134 2133 2133 2134 2134 2135 2135 2136 2136 2137 2137 2136 2136 2135 2135 2136 2136 2137 2137 2138 2138 2139 2139 2138 2138 2137 2137 2138 2138 2139 2139 2140 2140 2141 2141 2140 2140 2139 2139 2140 2140 2141 2141 2142 2142 2143 2143 2142 2142 2141 2141 2142 2142 2143 2143 2144 2144 2145 2145 2144 2144 2143 2143 2144 2144 2145 2145 2146 2146 2147 2147 2146 2146 2145 2145 2146 2146 2147 2147 2148 2148 2149 2149 2148 2148 2147 2147 2148 2148 2149 2149 2102 2102 2103 2103 2102 2102 2149 2149 2150 2150 2151 2151 2152 2152 2152 2152 2153 2153 2150 2150 2154 2154 2150 2150 2153 2153 2150 2150 2154 2154 2155 2155 2156 2156 2155 2155 2154 2154 2155 2155 2156 2156 2157 2157 2158 2158 2157 2157 2156 2156 2157 2157 2158 2158 2159 2159 2160 2160 2161 2161 2162 2162 2163 2163 2162 2162 2161 2161 2164 2164 2165 2165 2166 2166 2167 2167 2166 2166 2165 2165 2166 2166 2167 2167 2168 2168 2169 2169 2170 2170 2171 2171 2172 2172 2171 2171 2170 2170 2171 2171 2172 2172 2173 2173 2174 2174 2175 2175 2176 2176 2177 2177 2176 2176 2175 2175 2176 2176 2177 2177 2162 2162 2178 2178 2162 2162 2177 2177 2162 2162 2178 2178 2160 2160 2159 2159 2158 2158 2179 2179 2180 2180 2179 2179 2158 2158 2179 2179 2180 2180 2181 2181 2182 2182 2181 2181 2180 2180 2181 2181 2182 2182 2183 2183 2184 2184 2183 2183 2182 2182 2183 2183 2184 2184 2185 2185 2166 2166 2185 2185 2184 2184 2185 2185 2166 2166 2171 2171 2168 2168 2171 2171 2166 2166 2171 2171 2168 2168 2169 2169 2173 2173 2186 2186 2171 2171 2187 2187 2171 2171 2186 2186 2171 2171 2187 2187 2176 2176 2188 2188 2176 2176 2187 2187 2176 2176 2188 2188 2189 2189 2163 2163 2190 2190 2162 2162 2191 2191 2162 2162 2190 2190 2162 2162 2191 2191 2166 2166 2192 2192 2166 2166 2191 2191 2166 2166 2192 2192 2164 2164 2189 2189 2193 2193 2176 2176 2194 2194 2176 2176 2193 2193 2176 2176 2194 2194 2174 2174 2195 2195 2196 2196 2197 2197 2198 2198 2195 2195 2199 2199 2200 2200 2199 2199 2195 2195 2201 2201 2197 2197 2202 2202 2203 2203 2202 2202 2197 2197 2202 2202 2203 2203 2204 2204 2201 2201 2205 2205 2197 2197 2206 2206 2197 2197 2205 2205 2197 2197 2206 2206 2195 2195 2207 2207 2195 2195 2206 2206 2195 2195 2207 2207 2200 2200 2208 2208 1707 1707 2209 2209 2210 2210 2209 2209 1707 1707 2211 2211 2212 2212 2213 2213 2214 2214 2213 2213 2212 2212 2213 2213 2214 2214 2215 2215 2216 2216 2215 2215 2214 2214 2217 2217 2218 2218 2219 2219 2220 2220 2221 2221 2222 2222 2217 2217 2219 2219 2223 2223 2222 2222 2224 2224 2220 2220 2225 2225 2220 2220 2224 2224 2220 2220 2225 2225 2226 2226 2226 2226 2227 2227 2220 2220 2228 2228 2220 2220 2227 2227 2220 2220 2228 2228 2216 2216 2229 2229 2216 2216 2228 2228 2216 2216 2229 2229 2230 2230 2220 2220 2219 2219 2231 2231 2231 2231 2232 2232 2220 2220 2233 2233 2220 2220 2232 2232 2220 2220 2233 2233 2234 2234 2218 2218 2235 2235 2219 2219 2236 2236 2219 2219 2235 2235 2219 2219 2236 2236 2231 2231 2234 2234 2237 2237 2220 2220 2238 2238 2220 2220 2237 2237 2220 2220 2238 2238 2221 2221 2230 2230 2239 2239 2216 2216 2240 2240 2216 2216 2239 2239 2216 2216 2240 2240 2241 2241 2238 2238 2242 2242 2243 2243 2244 2244 2245 2245 2215 2215 2246 2246 2215 2215 2245 2245 2215 2215 2246 2246 2219 2219 2247 2247 2219 2219 2246 2246 2219 2219 2247 2247 2223 2223 2243 2243 2248 2248 2238 2238 2249 2249 2238 2238 2248 2248 2238 2238 2249 2249 2221 2221 2250 2250 2251 2251 2252 2252 2253 2253 2252 2252 2251 2251 2252 2252 2253 2253 2254 2254 2250 2250 2255 2255 2251 2251 2256 2256 2251 2251 2255 2255 2251 2251 2256 2256 2257 2257 2258 2258 2257 2257 2256 2256 2258 2258 2256 2256 2259 2259 2260 2260 2259 2259 2256 2256 2259 2259 2260 2260 2238 2238 2261 2261 2238 2238 2260 2260 2238 2238 2261 2261 2242 2242 2262 2262 2263 2263 2215 2215 2264 2264 2215 2215 2263 2263 2215 2215 2264 2264 2244 2244 2241 2241 2265 2265 2216 2216 2266 2266 2216 2216 2265 2265 2216 2216 2266 2266 2215 2215 2252 2252 2215 2215 2266 2266 2215 2215 2252 2252 2262 2262 2254 2254 2262 2262 2252 2252 2267 2267 2268 2268 2269 2269 2267 2267 2269 2269 2270 2270 2271 2271 2272 2272 2273 2273 2274 2274 2273 2273 2272 2272 2273 2273 2274 2274 2275 2275 2276 2276 2277 2277 2278 2278 2273 2273 2278 2278 2277 2277 2278 2278 2273 2273 2279 2279 2275 2275 2279 2279 2273 2273 2280 2280 2281 2281 2282 2282 2283 2283 2282 2282 2281 2281 2282 2282 2283 2283 2284 2284 2285 2285 2286 2286 2287 2287 2288 2288 2287 2287 2286 2286 2287 2287 2288 2288 2289 2289 2284 2284 2290 2290 2282 2282 2291 2291 2282 2282 2290 2290 2282 2282 2291 2291 2292 2292 2289 2289 2293 2293 2287 2287 2294 2294 2287 2287 2293 2293 2287 2287 2294 2294 2273 2273 2295 2295 2273 2273 2294 2294 2273 2273 2295 2295 2271 2271 2269 2269 2282 2282 2270 2270 2292 2292 2270 2270 2282 2282 2270 2270 2292 2292 2287 2287 2296 2296 2287 2287 2292 2292 2287 2287 2296 2296 2297 2297 2276 2276 2298 2298 2277 2277 2299 2299 2277 2277 2298 2298 2277 2277 2299 2299 2300 2300 2300 2300 2301 2301 2277 2277 2302 2302 2277 2277 2301 2301 2277 2277 2302 2302 2282 2282 2303 2303 2282 2282 2302 2302 2282 2282 2303 2303 2280 2280 2304 2304 2305 2305 2276 2276 2306 2306 2307 2307 2297 2297 2308 2308 2297 2297 2307 2307 2297 2297 2308 2308 2287 2287 2309 2309 2287 2287 2308 2308 2287 2287 2309 2309 2285 2285 2305 2305 2310 2310 2276 2276 2311 2311 2276 2276 2310 2310 2276 2276 2311 2311 2298 2298 2304 2304 2276 2276 2312 2312 2313 2313 2312 2312 2276 2276 2312 2312 2313 2313 2314 2314 2314 2314 2315 2315 2312 2312 2316 2316 2312 2312 2315 2315 2312 2312 2316 2316 2317 2317 2318 2318 2317 2317 2316 2316 2317 2317 2318 2318 2319 2319 2320 2320 2319 2319 2318 2318 2319 2319 2320 2320 2321 2321 2306 2306 2321 2321 2320 2320 2321 2321 2306 2306 2322 2322 2297 2297 2322 2322 2306 2306 2323 2323 2324 2324 2325 2325 2326 2326 2325 2325 2324 2324 2325 2325 2326 2326 2327 2327 2328 2328 2327 2327 2326 2326 2327 2327 2328 2328 2329 2329 2330 2330 2331 2331 2332 2332 2333 2333 2332 2332 2331 2331 2332 2332 2333 2333 2334 2334 2335 2335 2334 2334 2333 2333 2334 2334 2335 2335 2336 2336 2337 2337 2336 2336 2335 2335 2336 2336 2337 2337 2338 2338 2339 2339 2338 2338 2337 2337 2340 2340 2341 2341 2342 2342 2340 2340 2342 2342 2343 2343 2344 2344 2343 2343 2342 2342 2343 2343 2344 2344 2345 2345 2346 2346 2345 2345 2344 2344 2345 2345 2346 2346 2347 2347 2348 2348 2347 2347 2346 2346 2347 2347 2348 2348 2349 2349 2350 2350 2349 2349 2348 2348 2349 2349 2350 2350 2351 2351 2352 2352 2351 2351 2350 2350 2351 2351 2352 2352 2353 2353 2354 2354 2353 2353 2352 2352 2353 2353 2354 2354 2355 2355 2356 2356 2357 2357 2358 2358 2359 2359 2358 2358 2357 2357 2360 2360 2361 2361 2362 2362 2360 2360 2362 2362 2363 2363 2364 2364 2363 2363 2362 2362 2363 2363 2364 2364 2365 2365 2366 2366 2367 2367 2368 2368 2366 2366 2368 2368 2369 2369 2370 2370 2369 2369 2368 2368 2369 2369 2370 2370 2371 2371 2372 2372 2371 2371 2370 2370 2371 2371 2372 2372 2373 2373 2374 2374 2373 2373 2372 2372 2373 2373 2374 2374 2375 2375 2376 2376 2375 2375 2374 2374 2375 2375 2376 2376 2377 2377 2378 2378 2377 2377 2376 2376 2377 2377 2378 2378 2379 2379 2380 2380 2379 2379 2378 2378 2379 2379 2380 2380 2381 2381 2382 2382 2383 2383 2384 2384 2385 2385 2384 2384 2383 2383 2384 2384 2385 2385 2386 2386 2387 2387 2386 2386 2385 2385 2386 2386 2387 2387 2388 2388 2389 2389 2388 2388 2387 2387 2388 2388 2389 2389 2390 2390 2391 2391 2390 2390 2389 2389 2390 2390 2391 2391 2392 2392 2393 2393 2392 2392 2391 2391 2392 2392 2393 2393 2394 2394 2395 2395 2394 2394 2393 2393 2394 2394 2395 2395 2396 2396 2397 2397 2396 2396 2395 2395 2396 2396 2397 2397 2398 2398 2399 2399 2400 2400 2401 2401 2399 2399 2401 2401 2402 2402 2403 2403 2402 2402 2401 2401 2402 2402 2403 2403 2404 2404 2403 2403 2405 2405 2404 2404 2406 2406 2404 2404 2405 2405 2404 2404 2406 2406 2407 2407 2408 2408 2407 2407 2406 2406 2407 2407 2408 2408 2409 2409 2410 2410 2411 2411 2412 2412 2413 2413 2412 2412 2411 2411 2414 2414 2415 2415 2416 2416 2414 2414 2416 2416 2417 2417 2418 2418 2417 2417 2416 2416 2417 2417 2418 2418 2419 2419 2420 2420 2419 2419 2418 2418 2419 2419 2420 2420 2421 2421 2422 2422 2423 2423 2424 2424 2422 2422 2424 2424 2425 2425 2426 2426 2425 2425 2424 2424 2425 2425 2426 2426 2427 2427 2428 2428 2427 2427 2426 2426 2427 2427 2428 2428 2429 2429 2430 2430 2429 2429 2428 2428 2429 2429 2430 2430 2431 2431 2432 2432 2433 2433 2434 2434 2432 2432 2434 2434 2435 2435 2436 2436 2435 2435 2434 2434 2435 2435 2436 2436 2437 2437 2438 2438 2437 2437 2436 2436 2437 2437 2438 2438 2439 2439 2440 2440 2439 2439 2438 2438 2439 2439 2440 2440 2441 2441 2442 2442 2441 2441 2440 2440 2441 2441 2442 2442 2443 2443 2444 2444 2443 2443 2442 2442 2443 2443 2444 2444 2445 2445 2446 2446 2445 2445 2444 2444 2445 2445 2446 2446 2447 2447 2448 2448 2449 2449 2450 2450 2448 2448 2450 2450 2451 2451 2452 2452 2451 2451 2450 2450 2451 2451 2452 2452 2453 2453 2454 2454 2453 2453 2452 2452 2453 2453 2454 2454 2455 2455 2456 2456 2455 2455 2454 2454 2455 2455 2456 2456 2457 2457 2458 2458 2457 2457 2456 2456 2457 2457 2458 2458 2459 2459 2460 2460 2459 2459 2458 2458 2459 2459 2460 2460 2461 2461 2462 2462 2461 2461 2460 2460 2461 2461 2462 2462 2463 2463 2464 2464 2465 2465 2466 2466 2464 2464 2466 2466 2467 2467 2468 2468 2467 2467 2466 2466 2467 2467 2468 2468 2469 2469 2468 2468 2470 2470 2469 2469 2471 2471 2469 2469 2470 2470 2469 2469 2471 2471 2472 2472 2473 2473 2472 2472 2471 2471 2472 2472 2473 2473 2474 2474 2475 2475 2474 2474 2473 2473 2474 2474 2475 2475 2476 2476 2477 2477 2476 2476 2475 2475 2476 2476 2477 2477 2478 2478 2479 2479 2478 2478 2477 2477 2478 2478 2479 2479 2480 2480 2481 2481 2482 2482 2483 2483 2481 2481 2483 2483 2484 2484 2485 2485 2484 2484 2483 2483 2484 2484 2485 2485 2486 2486 2487 2487 2486 2486 2485 2485 2486 2486 2487 2487 2488 2488 2489 2489 2488 2488 2487 2487 2488 2488 2489 2489 2490 2490 2491 2491 2492 2492 2493 2493 2494 2494 2493 2493 2492 2492 2495 2495 2496 2496 2497 2497 2498 2498 2497 2497 2496 2496 2497 2497 2498 2498 2499 2499 2500 2500 2499 2499 2498 2498 2499 2499 2500 2500 2501 2501 2502 2502 2501 2501 2500 2500 2501 2501 2502 2502 2503 2503 2504 2504 2503 2503 2502 2502 2503 2503 2504 2504 2505 2505 2506 2506 2505 2505 2504 2504 2505 2505 2506 2506 2507 2507 2508 2508 2509 2509 2510 2510 2511 2511 2512 2512 2513 2513 2511 2511 2513 2513 2510 2510 2514 2514 2510 2510 2513 2513 2510 2510 2514 2514 2508 2508 2508 2508 2515 2515 2509 2509 2516 2516 2509 2509 2515 2515 2517 2517 2518 2518 2519 2519 2520 2520 2519 2519 2518 2518 2521 2521 2522 2522 2523 2523 2524 2524 2523 2523 2522 2522 2525 2525 2526 2526 2527 2527 2525 2525 2527 2527 2528 2528 2529 2529 2528 2528 2527 2527 2528 2528 2529 2529 2530 2530 2531 2531 2530 2530 2529 2529 2530 2530 2531 2531 2532 2532 2533 2533 2532 2532 2531 2531 2532 2532 2533 2533 2534 2534 2535 2535 2534 2534 2533 2533 2534 2534 2535 2535 2536 2536 2537 2537 2536 2536 2535 2535 2536 2536 2537 2537 2538 2538 2539 2539 2538 2538 2537 2537 2538 2538 2539 2539 2540 2540 2541 2541 2542 2542 2543 2543 2541 2541 2543 2543 2544 2544 2545 2545 2544 2544 2543 2543 2544 2544 2545 2545 2546 2546 2547 2547 2546 2546 2545 2545 2546 2546 2547 2547 2548 2548 2549 2549 2548 2548 2547 2547 2548 2548 2549 2549 2550 2550 2551 2551 2550 2550 2549 2549 2550 2550 2551 2551 2552 2552 2553 2553 2552 2552 2551 2551 2552 2552 2553 2553 2554 2554 2555 2555 2554 2554 2553 2553 2554 2554 2555 2555 2556 2556 2557 2557 2558 2558 2559 2559 2560 2560 2559 2559 2558 2558 2561 2561 2562 2562 2563 2563 2561 2561 2563 2563 2564 2564 2565 2565 2564 2564 2563 2563 2564 2564 2565 2565 2566 2566 2567 2567 2568 2568 2569 2569 2567 2567 2569 2569 2570 2570 2571 2571 2570 2570 2569 2569 2570 2570 2571 2571 2572 2572 2573 2573 2572 2572 2571 2571 2572 2572 2573 2573 2574 2574 2575 2575 2576 2576 2577 2577 2578 2578 2577 2577 2576 2576 2577 2577 2578 2578 2579 2579 2580 2580 2579 2579 2578 2578 2579 2579 2580 2580 2581 2581 2582 2582 2583 2583 2584 2584 2585 2585 2584 2584 2583 2583 2586 2586 2587 2587 2588 2588 2589 2589 2590 2590 2591 2591 2586 2586 2591 2591 2590 2590 2591 2591 2586 2586 2592 2592 2588 2588 2592 2592 2586 2586 2593 2593 2594 2594 2595 2595 2596 2596 2595 2595 2594 2594 2597 2597 2598 2598 2599 2599 2600 2600 2599 2599 2598 2598 2601 2601 2602 2602 2603 2603 2604 2604 2603 2603 2602 2602 2605 2605 2606 2606 2607 2607 2608 2608 2607 2607 2606 2606 2609 2609 2610 2610 2611 2611 2612 2612 2611 2611 2610 2610 2613 2613 2614 2614 2615 2615 2616 2616 2615 2615 2614 2614 2617 2617 2618 2618 2619 2619 2620 2620 2619 2619 2618 2618 2621 2621 2622 2622 2623 2623 2624 2624 2623 2623 2622 2622 2625 2625 2626 2626 2627 2627 2628 2628 2627 2627 2626 2626 2629 2629 2630 2630 2631 2631 2632 2632 2633 2633 2634 2634 2629 2629 2634 2634 2633 2633 2634 2634 2629 2629 2635 2635 2631 2631 2635 2635 2629 2629 2636 2636 2637 2637 2638 2638 2639 2639 2638 2638 2637 2637 2640 2640 2641 2641 2642 2642 2643 2643 2642 2642 2641 2641 2642 2642 2643 2643 2644 2644 2645 2645 2644 2644 2643 2643 2644 2644 2645 2645 2646 2646 2647 2647 2648 2648 2649 2649 2647 2647 2649 2649 2650 2650 2651 2651 2650 2650 2649 2649 2650 2650 2651 2651 2652 2652 2653 2653 2654 2654 2655 2655 2653 2653 2655 2655 2656 2656 2657 2657 2656 2656 2655 2655 2656 2656 2657 2657 2658 2658 2659 2659 2658 2658 2657 2657 2658 2658 2659 2659 2660 2660 2661 2661 2660 2660 2659 2659 2660 2660 2661 2661 2662 2662 2663 2663 2662 2662 2661 2661 2662 2662 2663 2663 2664 2664 2665 2665 2664 2664 2663 2663 2664 2664 2665 2665 2666 2666 2667 2667 2666 2666 2665 2665 2666 2666 2667 2667 2668 2668 2669 2669 2670 2670 2671 2671 2672 2672 2671 2671 2670 2670 2671 2671 2672 2672 2673 2673 2674 2674 2675 2675 2676 2676 2677 2677 2676 2676 2675 2675 2678 2678 2679 2679 2680 2680 2681 2681 2680 2680 2679 2679 2680 2680 2681 2681 2682 2682 2683 2683 2684 2684 2685 2685 2686 2686 2685 2685 2684 2684 2687 2687 2688 2688 2689 2689 2690 2690 2689 2689 2688 2688 2691 2691 2692 2692 2693 2693 2694 2694 2693 2693 2692 2692 2695 2695 2696 2696 2697 2697 2698 2698 2697 2697 2696 2696 2699 2699 2700 2700 2701 2701 2702 2702 2701 2701 2700 2700 2703 2703 2704 2704 2705 2705 2706 2706 2705 2705 2704 2704 2707 2707 2708 2708 2709 2709 2710 2710 2709 2709 2708 2708 2711 2711 2712 2712 2713 2713 2711 2711 2713 2713 2714 2714 2715 2715 2714 2714 2713 2713 2714 2714 2715 2715 2716 2716 2717 2717 2716 2716 2715 2715 2716 2716 2717 2717 2718 2718 2719 2719 2718 2718 2717 2717 2718 2718 2719 2719 2720 2720 2721 2721 2720 2720 2719 2719 2720 2720 2721 2721 2722 2722 2723 2723 2722 2722 2721 2721 2722 2722 2723 2723 2724 2724 2725 2725 2724 2724 2723 2723 2724 2724 2725 2725 2726 2726 2727 2727 2728 2728 2729 2729 2727 2727 2729 2729 2730 2730 2731 2731 2730 2730 2729 2729 2730 2730 2731 2731 2732 2732 2731 2731 2733 2733 2732 2732 2734 2734 2732 2732 2733 2733 2732 2732 2734 2734 2735 2735 2736 2736 2735 2735 2734 2734 2735 2735 2736 2736 2737 2737 2738 2738 2739 2739 2740 2740 2741 2741 2740 2740 2739 2739 2742 2742 2743 2743 2744 2744 2745 2745 2744 2744 2743 2743 2746 2746 2747 2747 2748 2748 2749 2749 2748 2748 2747 2747 2750 2750 2751 2751 2752 2752 2753 2753 2752 2752 2751 2751 2754 2754 2755 2755 2756 2756 2757 2757 2756 2756 2755 2755 2758 2758 2759 2759 2760 2760 2758 2758 2760 2760 2761 2761 2762 2762 2761 2761 2760 2760 2761 2761 2762 2762 2763 2763 2764 2764 2763 2763 2762 2762 2763 2763 2764 2764 2765 2765 2766 2766 2765 2765 2764 2764 2765 2765 2766 2766 2767 2767 2768 2768 2769 2769 2770 2770 2768 2768 2770 2770 2771 2771 2772 2772 2771 2771 2770 2770 2771 2771 2772 2772 2773 2773 2774 2774 2773 2773 2772 2772 2773 2773 2774 2774 2775 2775 2776 2776 2777 2777 2778 2778 2779 2779 2778 2778 2777 2777 2780 2780 2781 2781 2782 2782 2783 2783 2782 2782 2781 2781 2784 2784 2785 2785 2786 2786 2787 2787 2786 2786 2785 2785 2788 2788 2789 2789 2790 2790 2788 2788 2790 2790 2791 2791 2792 2792 2791 2791 2790 2790 2791 2791 2792 2792 2793 2793 2792 2792 2794 2794 2793 2793 2795 2795 2793 2793 2794 2794 2793 2793 2795 2795 2796 2796 2797 2797 2796 2796 2795 2795 2796 2796 2797 2797 2798 2798 2799 2799 2800 2800 2801 2801 2802 2802 2801 2801 2800 2800 2803 2803 2804 2804 2805 2805 2803 2803 2805 2805 2806 2806 2807 2807 2806 2806 2805 2805 2806 2806 2807 2807 2808 2808 2809 2809 2808 2808 2807 2807 2808 2808 2809 2809 2810 2810 2811 2811 2812 2812 2813 2813 2814 2814 2813 2813 2812 2812 2811 2811 2813 2813 2815 2815 2816 2816 2815 2815 2813 2813 2815 2815 2816 2816 2817 2817 2816 2816 2818 2818 2817 2817 2819 2819 2817 2817 2818 2818 2817 2817 2819 2819 2820 2820 2821 2821 2820 2820 2819 2819 2820 2820 2821 2821 2822 2822 2822 2822 2821 2821 2823 2823 2824 2824 2823 2823 2821 2821 2823 2823 2824 2824 2825 2825 2826 2826 2825 2825 2824 2824 2825 2825 2826 2826 2827 2827 2828 2828 2829 2829 2830 2830 2828 2828 2830 2830 2831 2831 2832 2832 2831 2831 2830 2830 2831 2831 2832 2832 2833 2833 2834 2834 2833 2833 2832 2832 2833 2833 2834 2834 2835 2835 2836 2836 2835 2835 2834 2834 2835 2835 2836 2836 2837 2837 2838 2838 2837 2837 2836 2836 2837 2837 2838 2838 2839 2839 2840 2840 2839 2839 2838 2838 2839 2839 2840 2840 2841 2841 2842 2842 2841 2841 2840 2840 2841 2841 2842 2842 2843 2843 2844 2844 2845 2845 2846 2846 2844 2844 2846 2846 2847 2847 2848 2848 2847 2847 2846 2846 2847 2847 2848 2848 2849 2849 2850 2850 2849 2849 2848 2848 2849 2849 2850 2850 2851 2851 2852 2852 2851 2851 2850 2850 2851 2851 2852 2852 2853 2853 2854 2854 2853 2853 2852 2852 2853 2853 2854 2854 2855 2855 2856 2856 2857 2857 2858 2858 2859 2859 2858 2858 2857 2857 2860 2860 2861 2861 2862 2862 2863 2863 2862 2862 2861 2861 2864 2864 2865 2865 2866 2866 2867 2867 2866 2866 2865 2865 2868 2868 2869 2869 2870 2870 2868 2868 2870 2870 2871 2871 2872 2872 2871 2871 2870 2870 2871 2871 2872 2872 2873 2873 2874 2874 2873 2873 2872 2872 2873 2873 2874 2874 2875 2875 2876 2876 2875 2875 2874 2874 2875 2875 2876 2876 2877 2877 2878 2878 2879 2879 2880 2880 2878 2878 2880 2880 2881 2881 2882 2882 2881 2881 2880 2880 2881 2881 2882 2882 2883 2883 2882 2882 2884 2884 2883 2883 2885 2885 2883 2883 2884 2884 2883 2883 2885 2885 2886 2886 2887 2887 2886 2886 2885 2885 2886 2886 2887 2887 2888 2888 2889 2889 2890 2890 2891 2891 2892 2892 2891 2891 2890 2890 2893 2893 2894 2894 2895 2895 2896 2896 2895 2895 2894 2894 2897 2897 2898 2898 2899 2899 2900 2900 2901 2901 2902 2902 2897 2897 2902 2902 2901 2901 2902 2902 2897 2897 2903 2903 2899 2899 2903 2903 2897 2897 2904 2904 2905 2905 2906 2906 2907 2907 2906 2906 2905 2905 2908 2908 2909 2909 2910 2910 2911 2911 2912 2912 2913 2913 2908 2908 2913 2913 2912 2912 2913 2913 2908 2908 2914 2914 2910 2910 2914 2914 2908 2908 2915 2915 2916 2916 2917 2917 2918 2918 2917 2917 2916 2916 2919 2919 2920 2920 2921 2921 2922 2922 2921 2921 2920 2920 2922 2922 2920 2920 2923 2923 2922 2922 2923 2923 2924 2924 2925 2925 2924 2924 2923 2923 2924 2924 2925 2925 2926 2926 2927 2927 2926 2926 2925 2925 2926 2926 2927 2927 2928 2928 2929 2929 2928 2928 2927 2927 2928 2928 2929 2929 2930 2930 2931 2931 2930 2930 2929 2929 2930 2930 2931 2931 2932 2932 2933 2933 2932 2932 2931 2931 2932 2932 2933 2933 2934 2934 2935 2935 2934 2934 2933 2933 2934 2934 2935 2935 2936 2936 2937 2937 2938 2938 2939 2939 2937 2937 2939 2939 2940 2940 2941 2941 2940 2940 2939 2939 2940 2940 2941 2941 2942 2942 2942 2942 2941 2941 2943 2943 2944 2944 2943 2943 2941 2941 2943 2943 2944 2944 2945 2945 2944 2944 2946 2946 2945 2945 2947 2947 2945 2945 2946 2946 2945 2945 2947 2947 2948 2948 2949 2949 2948 2948 2947 2947 2948 2948 2949 2949 2950 2950 2951 2951 2950 2950 2949 2949 2950 2950 2951 2951 2952 2952 2953 2953 2952 2952 2951 2951 2952 2952 2953 2953 2954 2954 2955 2955 2956 2956 2957 2957 2955 2955 2957 2957 2958 2958 2959 2959 2958 2958 2957 2957 2958 2958 2959 2959 2960 2960 2961 2961 2962 2962 2963 2963 2964 2964 2963 2963 2962 2962 2963 2963 2964 2964 2965 2965 2966 2966 2965 2965 2964 2964 2967 2967 2968 2968 2969 2969 2967 2967 2969 2969 2970 2970 2971 2971 2970 2970 2969 2969 2970 2970 2971 2971 2972 2972 2973 2973 2974 2974 2975 2975 2976 2976 2975 2975 2974 2974 2977 2977 2978 2978 2979 2979 2980 2980 2979 2979 2978 2978 2979 2979 2980 2980 2981 2981 2982 2982 2981 2981 2980 2980 2983 2983 2984 2984 2985 2985 2986 2986 2985 2985 2984 2984 2985 2985 2986 2986 2987 2987 2988 2988 2987 2987 2986 2986 2987 2987 2988 2988 2989 2989 2990 2990 2989 2989 2988 2988 2989 2989 2990 2990 2991 2991 2992 2992 2991 2991 2990 2990 2991 2991 2992 2992 2993 2993 2994 2994 2993 2993 2992 2992 2993 2993 2994 2994 2995 2995 2996 2996 2995 2995 2994 2994 2995 2995 2996 2996 2997 2997 2998 2998 2997 2997 2996 2996 2997 2997 2998 2998 2999 2999 3000 3000 3001 3001 3002 3002 3000 3000 3002 3002 3003 3003 3004 3004 3003 3003 3002 3002 3003 3003 3004 3004 3005 3005 3006 3006 3005 3005 3004 3004 3005 3005 3006 3006 3007 3007 3008 3008 3007 3007 3006 3006 3007 3007 3008 3008 3009 3009 3010 3010 3009 3009 3008 3008 3009 3009 3010 3010 3011 3011 3012 3012 3011 3011 3010 3010 3011 3011 3012 3012 3013 3013 3014 3014 3013 3013 3012 3012 3013 3013 3014 3014 3015 3015 3016 3016 3017 3017 3018 3018 3019 3019 3018 3018 3017 3017 3017 3017 3020 3020 3019 3019 3021 3021 3019 3019 3020 3020 3019 3019 3021 3021 3022 3022 3023 3023 3022 3022 3021 3021 3022 3022 3023 3023 3024 3024 3025 3025 3024 3024 3023 3023 3024 3024 3025 3025 3026 3026 3027 3027 3026 3026 3025 3025 3026 3026 3027 3027 3028 3028 3029 3029 3030 3030 3031 3031 3029 3029 3031 3031 3032 3032 3033 3033 3032 3032 3031 3031 3032 3032 3033 3033 3034 3034 3035 3035 3034 3034 3033 3033 3034 3034 3035 3035 3036 3036 3037 3037 3038 3038 3039 3039 3037 3037 3039 3039 3040 3040 3041 3041 3040 3040 3039 3039 3040 3040 3041 3041 3042 3042 3043 3043 3042 3042 3041 3041 3042 3042 3043 3043 3044 3044 3045 3045 3044 3044 3043 3043 3044 3044 3045 3045 3046 3046 3047 3047 3046 3046 3045 3045 3046 3046 3047 3047 3048 3048 3049 3049 3048 3048 3047 3047 3048 3048 3049 3049 3050 3050 3051 3051 3050 3050 3049 3049 3050 3050 3051 3051 3052 3052 3053 3053 3054 3054 3055 3055 3056 3056 3055 3055 3054 3054 3055 3055 3056 3056 3057 3057 3058 3058 3059 3059 3060 3060 3061 3061 3060 3060 3059 3059 3062 3062 3063 3063 3064 3064 3065 3065 3064 3064 3063 3063 3064 3064 3065 3065 3066 3066 3067 3067 3068 3068 3069 3069 3070 3070 3069 3069 3068 3068 3071 3071 3072 3072 3073 3073 3074 3074 3073 3073 3072 3072 3075 3075 3076 3076 3077 3077 3078 3078 3077 3077 3076 3076 3079 3079 3080 3080 3081 3081 3082 3082 3081 3081 3080 3080 3081 3081 3082 3082 3083 3083 3084 3084 3083 3083 3082 3082 3083 3083 3084 3084 3085 3085 3086 3086 3085 3085 3084 3084 3085 3085 3086 3086 3087 3087 3088 3088 3087 3087 3086 3086 3087 3087 3088 3088 3089 3089 3090 3090 3089 3089 3088 3088 3089 3089 3090 3090 3091 3091 3092 3092 3091 3091 3090 3090 3091 3091 3092 3092 3093 3093 3094 3094 3095 3095 3096 3096 3097 3097 3096 3096 3095 3095 3096 3096 3097 3097 3079 3079 3098 3098 3079 3079 3097 3097 3079 3079 3098 3098 3080 3080 3099 3099 3100 3100 3101 3101 3099 3099 3101 3101 3102 3102 3103 3103 3102 3102 3101 3101 3102 3102 3103 3103 3104 3104 3105 3105 3104 3104 3103 3103 3104 3104 3105 3105 3106 3106 3107 3107 3106 3106 3105 3105 3106 3106 3107 3107 3108 3108 3109 3109 3108 3108 3107 3107 3108 3108 3109 3109 3110 3110 3111 3111 3110 3110 3109 3109 3110 3110 3111 3111 3112 3112 3113 3113 3112 3112 3111 3111 3112 3112 3113 3113 3114 3114 3115 3115 3114 3114 3113 3113 3114 3114 3115 3115 3116 3116 3117 3117 3118 3118 3119 3119 3120 3120 3119 3119 3118 3118 3119 3119 3120 3120 3121 3121 3122 3122 3121 3121 3120 3120 3121 3121 3122 3122 3123 3123 3124 3124 3123 3123 3122 3122 3123 3123 3124 3124 3125 3125 3126 3126 3125 3125 3124 3124 3125 3125 3126 3126 3127 3127 3128 3128 3127 3127 3126 3126 3127 3127 3128 3128 3129 3129 3130 3130 3129 3129 3128 3128 3129 3129 3130 3130 3131 3131 3132 3132 3131 3131 3130 3130 3131 3131 3132 3132 3133 3133 3134 3134 3135 3135 3136 3136 3134 3134 3136 3136 3137 3137 3138 3138 3137 3137 3136 3136 3137 3137 3138 3138 3139 3139 3140 3140 3139 3139 3138 3138 3139 3139 3140 3140 3141 3141 3142 3142 3141 3141 3140 3140 3141 3141 3142 3142 3143 3143 3144 3144 3143 3143 3142 3142 3143 3143 3144 3144 3145 3145 3146 3146 3145 3145 3144 3144 3145 3145 3146 3146 3147 3147 3148 3148 3147 3147 3146 3146 3147 3147 3148 3148 3149 3149 3150 3150 3151 3151 3152 3152 3153 3153 3152 3152 3151 3151 3152 3152 3153 3153 3154 3154 3155 3155 3154 3154 3153 3153 3154 3154 3155 3155 3156 3156 3157 3157 3156 3156 3155 3155 3156 3156 3157 3157 3158 3158 3159 3159 3158 3158 3157 3157 3158 3158 3159 3159 3160 3160 3161 3161 3160 3160 3159 3159 3160 3160 3161 3161 3162 3162 3163 3163 3162 3162 3161 3161 3162 3162 3163 3163 3164 3164 3165 3165 3164 3164 3163 3163 3164 3164 3165 3165 3166 3166 3167 3167 3168 3168 3169 3169 3167 3167 3169 3169 3170 3170 3171 3171 3170 3170 3169 3169 3170 3170 3171 3171 3172 3172 3173 3173 3174 3174 3175 3175 3176 3176 3175 3175 3174 3174 3177 3177 3178 3178 3179 3179 3177 3177 3179 3179 3180 3180 3181 3181 3180 3180 3179 3179 3180 3180 3181 3181 3182 3182 3183 3183 3184 3184 3185 3185 3183 3183 3185 3185 3186 3186 3187 3187 3186 3186 3185 3185 3186 3186 3187 3187 3188 3188 3189 3189 3188 3188 3187 3187 3188 3188 3189 3189 3190 3190 3191 3191 3190 3190 3189 3189 3190 3190 3191 3191 3192 3192 3193 3193 3192 3192 3191 3191 3192 3192 3193 3193 3194 3194 3195 3195 3194 3194 3193 3193 3194 3194 3195 3195 3196 3196 3197 3197 3196 3196 3195 3195 3196 3196 3197 3197 3198 3198 3199 3199 3200 3200 3201 3201 3202 3202 3201 3201 3200 3200 3203 3203 3204 3204 3205 3205 3203 3203 3205 3205 3206 3206 3207 3207 3206 3206 3205 3205 3206 3206 3207 3207 3208 3208 3209 3209 3208 3208 3207 3207 3208 3208 3209 3209 3210 3210 3211 3211 3210 3210 3209 3209 3210 3210 3211 3211 3212 3212 3213 3213 3212 3212 3211 3211 3212 3212 3213 3213 3214 3214 3215 3215 3214 3214 3213 3213 3214 3214 3215 3215 3216 3216 3217 3217 3216 3216 3215 3215 3216 3216 3217 3217 3218 3218 3219 3219 3220 3220 3221 3221 3219 3219 3221 3221 3222 3222 3223 3223 3222 3222 3221 3221 3222 3222 3223 3223 3224 3224 3225 3225 3224 3224 3223 3223 3224 3224 3225 3225 3226 3226 3227 3227 3226 3226 3225 3225 3226 3226 3227 3227 3228 3228 3229 3229 3228 3228 3227 3227 3228 3228 3229 3229 3230 3230 3231 3231 3230 3230 3229 3229 3230 3230 3231 3231 3232 3232 3233 3233 3232 3232 3231 3231 3232 3232 3233 3233 3234 3234 3235 3235 3236 3236 3237 3237 3235 3235 3237 3237 3238 3238 3239 3239 3238 3238 3237 3237 3238 3238 3239 3239 3240 3240 3241 3241 3240 3240 3239 3239 3240 3240 3241 3241 3242 3242 3243 3243 3242 3242 3241 3241 3242 3242 3243 3243 3244 3244 3245 3245 3246 3246 3247 3247 3245 3245 3247 3247 3248 3248 3249 3249 3248 3248 3247 3247 3248 3248 3249 3249 3250 3250 3251 3251 3250 3250 3249 3249 3250 3250 3251 3251 3252 3252 3253 3253 3254 3254 3255 3255 3256 3256 3255 3255 3254 3254 3257 3257 3258 3258 3259 3259 3260 3260 3261 3261 3262 3262 3260 3260 3262 3262 3263 3263 3264 3264 3263 3263 3262 3262 3263 3263 3264 3264 3265 3265 3266 3266 3265 3265 3264 3264 3265 3265 3266 3266 3267 3267 3268 3268 3267 3267 3266 3266 3267 3267 3268 3268 3269 3269 3270 3270 3269 3269 3268 3268 3269 3269 3270 3270 3271 3271 3272 3272 3271 3271 3270 3270 3271 3271 3272 3272 3259 3259 3273 3273 3259 3259 3272 3272 3259 3259 3273 3273 3257 3257 3274 3274 3275 3275 3276 3276 3274 3274 3276 3276 3277 3277 3278 3278 3277 3277 3276 3276 3277 3277 3278 3278 3279 3279 3278 3278 3280 3280 3279 3279 3281 3281 3279 3279 3280 3280 3279 3279 3281 3281 3282 3282 3283 3283 3282 3282 3281 3281 3282 3282 3283 3283 3284 3284 3285 3285 3284 3284 3283 3283 3284 3284 3285 3285 3286 3286 3287 3287 3286 3286 3285 3285 3286 3286 3287 3287 3288 3288 3289 3289 3288 3288 3287 3287 3288 3288 3289 3289 3290 3290 3291 3291 3292 3292 3293 3293 3291 3291 3293 3293 3294 3294 3295 3295 3294 3294 3293 3293 3294 3294 3295 3295 3296 3296 3297 3297 3296 3296 3295 3295 3296 3296 3297 3297 3298 3298 3299 3299 3298 3298 3297 3297 3298 3298 3299 3299 3300 3300 3301 3301 3300 3300 3299 3299 3300 3300 3301 3301 3302 3302 3303 3303 3304 3304 3305 3305 3303 3303 3305 3305 3306 3306 3307 3307 3306 3306 3305 3305 3306 3306 3307 3307 3308 3308 3309 3309 3308 3308 3307 3307 3308 3308 3309 3309 3310 3310 3311 3311 3310 3310 3309 3309 3310 3310 3311 3311 3312 3312 3313 3313 3314 3314 3315 3315 3316 3316 3317 3317 3318 3318 3319 3319 3318 3318 3317 3317 3318 3318 3319 3319 3320 3320 3321 3321 3322 3322 3316 3316 3323 3323 3316 3316 3322 3322 3316 3316 3323 3323 3317 3317 3316 3316 3324 3324 3321 3321 3325 3325 3321 3321 3324 3324 3321 3321 3325 3325 3326 3326 3327 3327 3326 3326 3325 3325 3326 3326 3327 3327 3328 3328 3328 3328 3327 3327 3329 3329 3330 3330 3329 3329 3327 3327 3329 3329 3330 3330 3315 3315 3331 3331 3315 3315 3330 3330 3315 3315 3331 3331 3313 3313 3332 3332 3333 3333 3334 3334 3335 3335 3334 3334 3333 3333 3332 3332 3334 3334 3336 3336 3337 3337 3336 3336 3334 3334 3336 3336 3337 3337 3338 3338 3337 3337 3339 3339 3338 3338 3340 3340 3338 3338 3339 3339 3338 3338 3340 3340 3341 3341 3342 3342 3341 3341 3340 3340 3341 3341 3342 3342 3343 3343 3344 3344 3343 3343 3342 3342 3343 3343 3344 3344 3345 3345 3345 3345 3344 3344 3346 3346 3347 3347 3346 3346 3344 3344 3346 3346 3347 3347 3348 3348 3349 3349 3348 3348 3347 3347 3348 3348 3349 3349 3350 3350 3351 3351 3352 3352 3353 3353 3354 3354 3353 3353 3352 3352 3355 3355 3356 3356 3357 3357 3358 3358 3359 3359 3360 3360 3358 3358 3360 3360 3361 3361 3362 3362 3361 3361 3360 3360 3361 3361 3362 3362 3363 3363 3364 3364 3363 3363 3362 3362 3363 3363 3364 3364 3365 3365 3366 3366 3365 3365 3364 3364 3365 3365 3366 3366 3367 3367 3368 3368 3367 3367 3366 3366 3367 3367 3368 3368 3369 3369 3370 3370 3369 3369 3368 3368 3369 3369 3370 3370 3357 3357 3371 3371 3357 3357 3370 3370 3357 3357 3371 3371 3355 3355 3372 3372 3373 3373 3374 3374 3372 3372 3374 3374 3375 3375 3376 3376 3375 3375 3374 3374 3375 3375 3376 3376 3377 3377 3378 3378 3377 3377 3376 3376 3377 3377 3378 3378 3379 3379 3378 3378 3380 3380 3379 3379 3381 3381 3379 3379 3380 3380 3379 3379 3381 3381 3382 3382 3383 3383 3382 3382 3381 3381 3382 3382 3383 3383 3384 3384 3385 3385 3384 3384 3383 3383 3384 3384 3385 3385 3386 3386 3387 3387 3386 3386 3385 3385 3386 3386 3387 3387 3388 3388 3389 3389 3388 3388 3387 3387 3388 3388 3389 3389 3390 3390 3391 3391 3392 3392 3393 3393 3394 3394 3395 3395 3396 3396 3394 3394 3396 3396 3397 3397 3398 3398 3397 3397 3396 3396 3397 3397 3398 3398 3399 3399 3399 3399 3398 3398 3400 3400 3401 3401 3400 3400 3398 3398 3400 3400 3401 3401 3402 3402 3403 3403 3402 3402 3401 3401 3402 3402 3403 3403 3404 3404 3405 3405 3404 3404 3403 3403 3404 3404 3405 3405 3406 3406 3406 3406 3405 3405 3407 3407 3408 3408 3407 3407 3405 3405 3407 3407 3408 3408 3393 3393 3409 3409 3393 3393 3408 3408 3393 3393 3409 3409 3391 3391 3410 3410 3411 3411 3412 3412 3413 3413 3412 3412 3411 3411 3414 3414 3415 3415 3416 3416 3417 3417 3416 3416 3415 3415 3417 3417 3415 3415 3418 3418 3417 3417 3418 3418 3419 3419 3420 3420 3419 3419 3418 3418 3419 3419 3420 3420 3421 3421 3422 3422 3421 3421 3420 3420 3421 3421 3422 3422 3423 3423 3424 3424 3423 3423 3422 3422 3423 3423 3424 3424 3425 3425 3426 3426 3425 3425 3424 3424 3425 3425 3426 3426 3427 3427 3428 3428 3427 3427 3426 3426 3427 3427 3428 3428 3429 3429 3430 3430 3429 3429 3428 3428 3429 3429 3430 3430 3431 3431 3432 3432 3433 3433 3434 3434 3432 3432 3434 3434 3435 3435 3436 3436 3435 3435 3434 3434 3435 3435 3436 3436 3437 3437 3438 3438 3437 3437 3436 3436 3437 3437 3438 3438 3439 3439 3440 3440 3439 3439 3438 3438 3439 3439 3440 3440 3441 3441 3442 3442 3441 3441 3440 3440 3441 3441 3442 3442 3443 3443 3444 3444 3443 3443 3442 3442 3443 3443 3444 3444 3445 3445 3446 3446 3445 3445 3444 3444 3445 3445 3446 3446 3447 3447 3448 3448 3449 3449 3450 3450 3448 3448 3450 3450 3451 3451 3452 3452 3451 3451 3450 3450 3451 3451 3452 3452 3453 3453 3454 3454 3455 3455 3456 3456 3457 3457 3456 3456 3455 3455 3458 3458 3459 3459 3460 3460 3461 3461 3460 3460 3459 3459 3462 3462 3463 3463 3464 3464 3465 3465 3464 3464 3463 3463 3466 3466 3467 3467 3468 3468 3466 3466 3468 3468 3469 3469 3470 3470 3469 3469 3468 3468 3469 3469 3470 3470 3471 3471 3472 3472 3473 3473 3474 3474 3472 3472 3474 3474 3475 3475 3476 3476 3475 3475 3474 3474 3475 3475 3476 3476 3477 3477 3478 3478 3477 3477 3476 3476 3477 3477 3478 3478 3479 3479 3480 3480 3479 3479 3478 3478 3479 3479 3480 3480 3481 3481 3482 3482 3481 3481 3480 3480 3481 3481 3482 3482 3483 3483 3484 3484 3483 3483 3482 3482 3483 3483 3484 3484 3485 3485 3486 3486 3485 3485 3484 3484 3485 3485 3486 3486 3487 3487 3488 3488 3489 3489 3490 3490 3491 3491 3490 3490 3489 3489 3492 3492 3493 3493 3494 3494 3495 3495 3494 3494 3493 3493 3494 3494 3495 3495 3496 3496 3497 3497 3498 3498 3499 3499 3489 3489 3499 3499 3498 3498 3499 3499 3489 3489 3500 3500 3488 3488 3500 3500 3489 3489 3495 3495 3501 3501 3496 3496 3502 3502 3496 3496 3501 3501 3496 3496 3502 3502 3503 3503 3504 3504 3503 3503 3502 3502 3503 3503 3504 3504 3497 3497 3505 3505 3497 3497 3504 3504 3497 3497 3505 3505 3498 3498 3491 3491 3506 3506 3490 3490 3507 3507 3490 3490 3506 3506 3490 3490 3507 3507 3508 3508 3509 3509 3510 3510 3511 3511 3490 3490 3511 3511 3510 3510 3511 3511 3490 3490 3512 3512 3508 3508 3512 3512 3490 3490 3513 3513 3514 3514 3515 3515 3513 3513 3515 3515 3516 3516 3494 3494 3517 3517 3492 3492 3518 3518 3492 3492 3517 3517 3492 3492 3518 3518 3519 3519 3520 3520 3519 3519 3518 3518 3519 3519 3520 3520 3521 3521 3522 3522 3521 3521 3520 3520 3509 3509 3511 3511 3514 3514 3523 3523 3514 3514 3511 3511 3514 3514 3523 3523 3524 3524 3524 3524 3525 3525 3514 3514 3526 3526 3514 3514 3525 3525 3514 3514 3526 3526 3515 3515 3516 3516 3515 3515 3527 3527 3528 3528 3527 3527 3515 3515 3527 3527 3528 3528 3529 3529 3522 3522 3530 3530 3521 3521 3531 3531 3521 3521 3530 3530 3521 3521 3531 3531 3532 3532 3532 3532 3533 3533 3521 3521 3534 3534 3521 3521 3533 3533 3521 3521 3534 3534 3535 3535 3536 3536 3537 3537 3538 3538 3539 3539 3538 3538 3537 3537 3538 3538 3539 3539 3535 3535 3540 3540 3535 3535 3539 3539 3535 3535 3540 3540 3521 3521 3541 3541 3542 3542 3543 3543 3544 3544 3543 3543 3542 3542 3543 3543 3544 3544 3545 3545 3546 3546 3547 3547 3548 3548 3549 3549 3548 3548 3547 3547 3548 3548 3549 3549 3550 3550 3545 3545 3544 3544 3551 3551 3552 3552 3551 3551 3544 3544 3551 3551 3552 3552 3553 3553 3554 3554 3553 3553 3552 3552 3553 3553 3554 3554 3546 3546 3555 3555 3546 3546 3554 3554 3546 3546 3555 3555 3547 3547 3556 3556 3557 3557 3541 3541 3558 3558 3541 3541 3557 3557 3541 3541 3558 3558 3542 3542 3559 3559 3560 3560 3561 3561 3562 3562 3561 3561 3560 3560 3559 3559 3561 3561 3541 3541 3563 3563 3541 3541 3561 3561 3541 3541 3563 3563 3556 3556 3564 3564 3565 3565 3566 3566 3549 3549 3567 3567 3550 3550 3568 3568 3550 3550 3567 3567 3550 3550 3568 3568 3569 3569 3570 3570 3569 3569 3568 3568 3569 3569 3570 3570 3571 3571 3572 3572 3571 3571 3570 3570 3571 3571 3572 3572 3573 3573 3566 3566 3573 3573 3572 3572 3573 3573 3566 3566 3574 3574 3565 3565 3574 3574 3566 3566 3575 3575 3576 3576 3566 3566 3577 3577 3578 3578 3562 3562 3579 3579 3562 3562 3578 3578 3562 3562 3579 3579 3561 3561 3580 3580 3581 3581 3582 3582 3583 3583 3582 3582 3581 3581 3582 3582 3583 3583 3584 3584 3585 3585 3584 3584 3583 3583 3580 3580 3582 3582 3562 3562 3586 3586 3562 3562 3582 3582 3562 3562 3586 3586 3577 3577 3576 3576 3587 3587 3566 3566 3588 3588 3566 3566 3587 3587 3566 3566 3588 3588 3564 3564 3566 3566 3589 3589 3575 3575 3590 3590 3575 3575 3589 3589 3575 3575 3590 3590 3591 3591 3592 3592 3591 3591 3590 3590 3591 3591 3592 3592 3593 3593 3594 3594 3595 3595 3596 3596 3594 3594 3596 3596 3597 3597 3598 3598 3597 3597 3596 3596 3597 3597 3598 3598 3599 3599 3600 3600 3599 3599 3598 3598 3599 3599 3600 3600 3601 3601 3602 3602 3601 3601 3600 3600 3601 3601 3602 3602 3603 3603 3604 3604 3603 3603 3602 3602 3603 3603 3604 3604 3605 3605 3606 3606 3605 3605 3604 3604 3605 3605 3606 3606 3607 3607 3608 3608 3607 3607 3606 3606 3607 3607 3608 3608 3609 3609 3610 3610 3609 3609 3608 3608 3609 3609 3610 3610 3611 3611 3612 3612 3611 3611 3610 3610 3611 3611 3612 3612 3613 3613 3614 3614 3613 3613 3612 3612 3613 3613 3614 3614 3615 3615 3616 3616 3615 3615 3614 3614 3615 3615 3616 3616 3617 3617 3618 3618 3619 3619 3620 3620 3618 3618 3620 3620 3621 3621 3622 3622 3621 3621 3620 3620 3621 3621 3622 3622 3623 3623 3624 3624 3623 3623 3622 3622 3623 3623 3624 3624 3625 3625 3626 3626 3625 3625 3624 3624 3625 3625 3626 3626 3627 3627 3628 3628 3627 3627 3626 3626 3627 3627 3628 3628 3629 3629 3630 3630 3631 3631 3632 3632 3630 3630 3632 3632 3633 3633 3634 3634 3633 3633 3632 3632 3633 3633 3634 3634 3635 3635 3636 3636 3635 3635 3634 3634 3635 3635 3636 3636 3637 3637 3638 3638 3637 3637 3636 3636 3637 3637 3638 3638 3639 3639 3640 3640 3639 3639 3638 3638 3639 3639 3640 3640 3641 3641 3642 3642 3641 3641 3640 3640 3641 3641 3642 3642 3643 3643 3644 3644 3643 3643 3642 3642 3643 3643 3644 3644 3645 3645 3646 3646 3645 3645 3644 3644 3645 3645 3646 3646 3647 3647 3648 3648 3647 3647 3646 3646 3647 3647 3648 3648 3649 3649 3650 3650 3649 3649 3648 3648 3649 3649 3650 3650 3651 3651 3652 3652 3651 3651 3650 3650 3651 3651 3652 3652 3653 3653 3654 3654 3655 3655 3656 3656 3654 3654 3656 3656 3657 3657 3658 3658 3657 3657 3656 3656 3657 3657 3658 3658 3659 3659 3660 3660 3659 3659 3658 3658 3659 3659 3660 3660 3661 3661 3662 3662 3661 3661 3660 3660 3661 3661 3662 3662 3663 3663 3664 3664 3663 3663 3662 3662 3663 3663 3664 3664 3665 3665 3666 3666 3665 3665 3664 3664 3665 3665 3666 3666 3667 3667 3668 3668 3667 3667 3666 3666 3667 3667 3668 3668 3669 3669 3670 3670 3669 3669 3668 3668 3669 3669 3670 3670 3671 3671 3672 3672 3671 3671 3670 3670 3671 3671 3672 3672 3673 3673 3674 3674 3673 3673 3672 3672 3673 3673 3674 3674 3675 3675 3676 3676 3675 3675 3674 3674 3675 3675 3676 3676 3677 3677 3678 3678 3677 3677 3676 3676 3677 3677 3678 3678 3679 3679 3680 3680 3679 3679 3678 3678 3679 3679 3680 3680 3681 3681 3682 3682 3681 3681 3680 3680 3681 3681 3682 3682 3683 3683 3684 3684 3683 3683 3682 3682 3683 3683 3684 3684 3685 3685 3686 3686 3687 3687 3688 3688 3686 3686 3688 3688 3689 3689 3690 3690 3689 3689 3688 3688 3689 3689 3690 3690 3691 3691 3692 3692 3691 3691 3690 3690 3691 3691 3692 3692 3693 3693 3694 3694 3693 3693 3692 3692 3693 3693 3694 3694 3695 3695 3696 3696 3695 3695 3694 3694 3695 3695 3696 3696 3697 3697 3698 3698 3697 3697 3696 3696 3697 3697 3698 3698 3699 3699 3700 3700 3699 3699 3698 3698 3699 3699 3700 3700 3701 3701 3702 3702 3701 3701 3700 3700 3701 3701 3702 3702 3703 3703 3704 3704 3703 3703 3702 3702 3703 3703 3704 3704 3705 3705 3706 3706 3705 3705 3704 3704 3705 3705 3706 3706 3707 3707 3708 3708 3707 3707 3706 3706 3707 3707 3708 3708 3709 3709 3710 3710 3711 3711 3712 3712 3713 3713 3714 3714 3715 3715 3716 3716 3717 3717 3711 3711 3718 3718 3711 3711 3717 3717 3711 3711 3718 3718 3719 3719 3711 3711 3720 3720 3716 3716 3721 3721 3716 3716 3720 3720 3716 3716 3721 3721 3722 3722 3723 3723 3722 3722 3721 3721 3722 3722 3723 3723 3724 3724 3724 3724 3723 3723 3715 3715 3725 3725 3715 3715 3723 3723 3715 3715 3725 3725 3726 3726 3715 3715 3714 3714 3727 3727 3728 3728 3727 3727 3714 3714 3727 3727 3728 3728 3729 3729 3726 3726 3730 3730 3715 3715 3731 3731 3715 3715 3730 3730 3715 3715 3731 3731 3732 3732 3729 3729 3733 3733 3727 3727 3734 3734 3727 3727 3733 3733 3727 3727 3734 3734 3735 3735 3736 3736 3737 3737 3711 3711 3738 3738 3711 3711 3737 3737 3711 3711 3738 3738 3712 3712 3732 3732 3739 3739 3715 3715 3740 3740 3715 3715 3739 3739 3715 3715 3740 3740 3741 3741 3742 3742 3743 3743 3744 3744 3745 3745 3744 3744 3743 3743 3734 3734 3746 3746 3735 3735 3745 3745 3735 3735 3746 3746 3735 3735 3745 3745 3747 3747 3743 3743 3747 3747 3745 3745 3741 3741 3748 3748 3715 3715 3749 3749 3715 3715 3748 3748 3715 3715 3749 3749 3713 3713 3719 3719 3750 3750 3711 3711 3751 3751 3711 3711 3750 3750 3711 3711 3751 3751 3752 3752 3712 3712 3753 3753 3710 3710 3754 3754 3710 3710 3753 3753 3710 3710 3754 3754 3755 3755 3756 3756 3757 3757 3758 3758 3752 3752 3759 3759 3711 3711 3760 3760 3711 3711 3759 3759 3711 3711 3760 3760 3736 3736 3755 3755 3761 3761 3710 3710 3762 3762 3710 3710 3761 3761 3710 3710 3762 3762 3763 3763 3763 3763 3764 3764 3710 3710 3756 3756 3710 3710 3764 3764 3710 3710 3756 3756 3765 3765 3758 3758 3765 3765 3756 3756 3766 3766 3767 3767 3768 3768 3769 3769 3768 3768 3767 3767 3769 3769 3767 3767 3770 3770 3771 3771 3770 3770 3767 3767 3770 3770 3771 3771 3772 3772 3771 3771 3773 3773 3772 3772 3774 3774 3772 3772 3773 3773 3772 3772 3774 3774 3775 3775 3776 3776 3775 3775 3774 3774 3777 3777 3778 3778 3768 3768 3779 3779 3768 3768 3778 3778 3768 3768 3779 3779 3780 3780 3781 3781 3774 3774 3782 3782 3783 3783 3782 3782 3774 3774 3782 3782 3783 3783 3784 3784 3785 3785 3784 3784 3783 3783 3786 3786 3787 3787 3774 3774 3788 3788 3774 3774 3787 3787 3774 3774 3788 3788 3776 3776 3789 3789 3790 3790 3791 3791 3792 3792 3791 3791 3790 3790 3791 3791 3792 3792 3768 3768 3793 3793 3768 3768 3792 3792 3768 3768 3793 3793 3794 3794 3795 3795 3796 3796 3797 3797 3798 3798 3797 3797 3796 3796 3797 3797 3798 3798 3791 3791 3799 3799 3791 3791 3798 3798 3791 3791 3799 3799 3789 3789 3780 3780 3800 3800 3768 3768 3801 3801 3768 3768 3800 3800 3768 3768 3801 3801 3766 3766 3802 3802 3803 3803 3804 3804 3805 3805 3806 3806 3783 3783 3807 3807 3783 3783 3806 3806 3781 3781 3808 3808 3774 3774 3809 3809 3774 3774 3808 3808 3774 3774 3809 3809 3810 3810 3797 3797 3811 3811 3795 3795 3812 3812 3795 3795 3811 3811 3795 3795 3812 3812 3813 3813 3814 3814 3813 3813 3812 3812 3794 3794 3815 3815 3768 3768 3816 3816 3768 3768 3815 3815 3768 3768 3816 3816 3777 3777 3805 3805 3783 3783 3804 3804 3817 3817 3804 3804 3783 3783 3804 3804 3817 3817 3802 3802 3807 3807 3818 3818 3783 3783 3819 3819 3783 3783 3818 3818 3783 3783 3819 3819 3785 3785 3810 3810 3820 3820 3774 3774 3821 3821 3774 3774 3820 3820 3774 3774 3821 3821 3786 3786 3822 3822 3823 3823 3824 3824 3822 3822 3824 3824 3825 3825 3826 3826 3825 3825 3824 3824 3825 3825 3826 3826 3827 3827 3828 3828 3827 3827 3826 3826 3827 3827 3828 3828 3829 3829 3830 3830 3829 3829 3828 3828 3829 3829 3830 3830 3831 3831 3832 3832 3831 3831 3830 3830 3831 3831 3832 3832 3833 3833 3834 3834 3833 3833 3832 3832 3833 3833 3834 3834 3835 3835 3836 3836 3835 3835 3834 3834 3835 3835 3836 3836 3837 3837 3838 3838 3837 3837 3836 3836 3837 3837 3838 3838 3839 3839 3840 3840 3839 3839 3838 3838 3839 3839 3840 3840 3841 3841 3842 3842 3841 3841 3840 3840 3841 3841 3842 3842 3843 3843 3844 3844 3843 3843 3842 3842 3843 3843 3844 3844 3845 3845 3846 3846 3845 3845 3844 3844 3845 3845 3846 3846 3847 3847 3848 3848 3847 3847 3846 3846 3847 3847 3848 3848 3849 3849 3850 3850 3851 3851 3852 3852 3850 3850 3852 3852 3853 3853 3854 3854 3853 3853 3852 3852 3853 3853 3854 3854 3855 3855 3856 3856 3855 3855 3854 3854 3855 3855 3856 3856 3857 3857 3858 3858 3857 3857 3856 3856 3857 3857 3858 3858 3859 3859 3860 3860 3859 3859 3858 3858 3859 3859 3860 3860 3861 3861 3862 3862 3861 3861 3860 3860 3861 3861 3862 3862 3863 3863 3864 3864 3863 3863 3862 3862 3863 3863 3864 3864 3865 3865 3866 3866 3865 3865 3864 3864 3865 3865 3866 3866 3867 3867 3868 3868 3867 3867 3866 3866 3867 3867 3868 3868 3869 3869 3870 3870 3869 3869 3868 3868 3869 3869 3870 3870 3871 3871 3872 3872 3871 3871 3870 3870 3871 3871 3872 3872 3873 3873 3874 3874 3873 3873 3872 3872 3873 3873 3874 3874 3875 3875 3876 3876 3875 3875 3874 3874 3875 3875 3876 3876 3877 3877 3878 3878 3877 3877 3876 3876 3877 3877 3878 3878 3879 3879 3880 3880 3879 3879 3878 3878 3879 3879 3880 3880 3881 3881 3882 3882 3883 3883 3884 3884 3882 3882 3884 3884 3885 3885 3886 3886 3885 3885 3884 3884 3885 3885 3886 3886 3887 3887 3888 3888 3887 3887 3886 3886 3887 3887 3888 3888 3889 3889 3890 3890 3889 3889 3888 3888 3889 3889 3890 3890 3891 3891 3892 3892 3891 3891 3890 3890 3891 3891 3892 3892 3893 3893 3894 3894 3893 3893 3892 3892 3893 3893 3894 3894 3895 3895 3896 3896 3895 3895 3894 3894 3895 3895 3896 3896 3897 3897 3898 3898 3897 3897 3896 3896 3897 3897 3898 3898 3899 3899 3900 3900 3899 3899 3898 3898 3899 3899 3900 3900 3901 3901 3902 3902 3901 3901 3900 3900 3901 3901 3902 3902 3903 3903 3904 3904 3903 3903 3902 3902 3903 3903 3904 3904 3905 3905 3906 3906 3905 3905 3904 3904 3905 3905 3906 3906 3907 3907 3908 3908 3907 3907 3906 3906 3907 3907 3908 3908 3909 3909 3910 3910 3909 3909 3908 3908 3909 3909 3910 3910 3911 3911 3912 3912 3911 3911 3910 3910 3911 3911 3912 3912 3913 3913 3914 3914 3915 3915 3916 3916 3914 3914 3916 3916 3917 3917 3918 3918 3917 3917 3916 3916 3917 3917 3918 3918 3919 3919 3920 3920 3919 3919 3918 3918 3919 3919 3920 3920 3921 3921 3922 3922 3921 3921 3920 3920 3921 3921 3922 3922 3923 3923 3924 3924 3923 3923 3922 3922 3923 3923 3924 3924 3925 3925 3926 3926 3925 3925 3924 3924 3925 3925 3926 3926 3927 3927 3928 3928 3927 3927 3926 3926 3927 3927 3928 3928 3929 3929 3930 3930 3929 3929 3928 3928 3929 3929 3930 3930 3931 3931 3932 3932 3931 3931 3930 3930 3931 3931 3932 3932 3933 3933 3934 3934 3933 3933 3932 3932 3933 3933 3934 3934 3935 3935 3936 3936 3935 3935 3934 3934 3935 3935 3936 3936 3937 3937 3938 3938 3937 3937 3936 3936 3937 3937 3938 3938 3939 3939 3940 3940 3939 3939 3938 3938 3939 3939 3940 3940 3941 3941 3942 3942 3943 3943 3944 3944 3945 3945 3944 3944 3943 3943 3944 3944 3945 3945 3946 3946 3947 3947 3948 3948 3949 3949 3950 3950 3951 3951 3952 3952 3953 3953 3954 3954 3944 3944 3955 3955 3956 3956 3957 3957 3953 3953 3944 3944 3958 3958 3954 3954 3959 3959 3944 3944 3960 3960 3944 3944 3959 3959 3944 3944 3960 3960 3961 3961 3961 3961 3962 3962 3944 3944 3963 3963 3944 3944 3962 3962 3944 3944 3963 3963 3942 3942 3946 3946 3945 3945 3948 3948 3964 3964 3948 3948 3945 3945 3948 3948 3964 3964 3949 3949 3965 3965 3966 3966 3950 3950 3967 3967 3950 3950 3966 3966 3950 3950 3967 3967 3968 3968 3969 3969 3970 3970 3950 3950 3950 3950 3952 3952 3956 3956 3971 3971 3956 3956 3952 3952 3956 3956 3971 3971 3957 3957 3965 3965 3972 3972 3966 3966 3973 3973 3966 3966 3972 3972 3966 3966 3973 3973 3974 3974 3975 3975 3974 3974 3973 3973 3974 3974 3975 3975 3944 3944 3976 3976 3944 3944 3975 3975 3944 3944 3976 3976 3958 3958 3970 3970 3977 3977 3950 3950 3978 3978 3950 3950 3977 3977 3950 3950 3978 3978 3951 3951 3979 3979 3980 3980 3981 3981 3949 3949 3982 3982 3983 3983 3983 3983 3984 3984 3949 3949 3985 3985 3949 3949 3984 3984 3949 3949 3985 3985 3986 3986 3986 3986 3987 3987 3949 3949 3988 3988 3949 3949 3987 3987 3949 3949 3988 3988 3947 3947 3968 3968 3989 3989 3950 3950 3990 3990 3950 3950 3989 3989 3950 3950 3990 3990 3991 3991 3955 3955 3957 3957 3980 3980 3992 3992 3980 3980 3957 3957 3980 3980 3992 3992 3981 3981 3991 3991 3993 3993 3950 3950 3994 3994 3950 3950 3993 3993 3950 3950 3994 3994 3969 3969 3979 3979 3981 3981 3995 3995 3996 3996 3995 3995 3981 3981 3995 3995 3996 3996 3997 3997 3998 3998 3999 3999 4000 4000 4000 4000 4001 4001 3998 3998 4002 4002 3998 3998 4001 4001 3998 3998 4002 4002 4003 4003 4004 4004 4005 4005 4006 4006 4007 4007 4008 4008 4009 4009 4010 4010 4009 4009 4008 4008 4009 4009 4010 4010 4006 4006 4004 4004 4006 4006 4011 4011 4005 4005 4012 4012 4006 4006 4013 4013 4006 4006 4012 4012 4006 4006 4013 4013 4014 4014 3999 3999 4015 4015 4000 4000 4016 4016 4000 4000 4015 4015 4000 4000 4016 4016 4017 4017 4017 4017 4018 4018 4000 4000 4019 4019 4000 4000 4018 4018 4000 4000 4019 4019 4020 4020 4020 4020 4021 4021 4000 4000 4022 4022 4000 4000 4021 4021 4000 4000 4022 4022 4023 4023 4010 4010 4024 4024 4006 4006 4025 4025 4006 4006 4024 4024 4006 4006 4025 4025 4026 4026 4023 4023 4027 4027 4000 4000 4028 4028 4000 4000 4027 4027 4000 4000 4028 4028 4029 4029 4030 4030 4029 4029 4028 4028 4029 4029 4030 4030 4013 4013 4031 4031 4013 4013 4030 4030 4013 4013 4031 4031 4014 4014 4026 4026 4032 4032 4006 4006 4033 4033 4006 4006 4032 4032 4006 4006 4033 4033 4034 4034 4003 4003 4002 4002 4035 4035 4036 4036 4035 4035 4002 4002 4035 4035 4036 4036 4037 4037 4038 4038 4039 4039 4035 4035 4040 4040 4035 4035 4039 4039 4035 4035 4040 4040 4041 4041 4009 4009 4042 4042 4007 4007 4043 4043 4007 4007 4042 4042 4007 4007 4043 4043 4044 4044 4045 4045 4044 4044 4043 4043 4037 4037 4046 4046 4035 4035 4047 4047 4035 4035 4046 4046 4035 4035 4047 4047 4038 4038 4034 4034 4048 4048 4006 4006 4049 4049 4006 4006 4048 4048 4006 4006 4049 4049 4011 4011 4043 4043 4050 4050 4045 4045 4051 4051 4045 4045 4050 4050 4045 4045 4051 4051 4052 4052 4053 4053 4052 4052 4051 4051 4054 4054 4055 4055 4056 4056 4054 4054 4056 4056 4057 4057 4058 4058 4057 4057 4056 4056 4057 4057 4058 4058 4059 4059 4060 4060 4059 4059 4058 4058 4059 4059 4060 4060 4061 4061 4062 4062 4061 4061 4060 4060 4061 4061 4062 4062 4063 4063 4064 4064 4063 4063 4062 4062 4063 4063 4064 4064 4065 4065 4066 4066 4065 4065 4064 4064 4065 4065 4066 4066 4067 4067 4068 4068 4067 4067 4066 4066 4067 4067 4068 4068 4069 4069 4070 4070 4069 4069 4068 4068 4069 4069 4070 4070 4071 4071 4072 4072 4071 4071 4070 4070 4071 4071 4072 4072 4073 4073 4074 4074 4073 4073 4072 4072 4073 4073 4074 4074 4075 4075 4076 4076 4075 4075 4074 4074 4075 4075 4076 4076 4077 4077 4078 4078 4077 4077 4076 4076 4077 4077 4078 4078 4079 4079 4080 4080 4079 4079 4078 4078 4079 4079 4080 4080 4081 4081 4082 4082 4083 4083 4084 4084 4082 4082 4084 4084 4085 4085 4086 4086 4085 4085 4084 4084 4085 4085 4086 4086 4087 4087 4088 4088 4087 4087 4086 4086 4087 4087 4088 4088 4089 4089 4090 4090 4089 4089 4088 4088 4089 4089 4090 4090 4091 4091 4092 4092 4091 4091 4090 4090 4091 4091 4092 4092 4093 4093 4094 4094 4093 4093 4092 4092 4093 4093 4094 4094 4095 4095 4096 4096 4095 4095 4094 4094 4095 4095 4096 4096 4097 4097 4098 4098 4097 4097 4096 4096 4097 4097 4098 4098 4099 4099 4100 4100 4099 4099 4098 4098 4099 4099 4100 4100 4101 4101 4102 4102 4101 4101 4100 4100 4101 4101 4102 4102 4103 4103 4104 4104 4103 4103 4102 4102 4103 4103 4104 4104 4105 4105 4106 4106 4105 4105 4104 4104 4105 4105 4106 4106 4107 4107 4108 4108 4107 4107 4106 4106 4107 4107 4108 4108 4109 4109 4110 4110 4109 4109 4108 4108 4109 4109 4110 4110 4111 4111 4112 4112 4111 4111 4110 4110 4111 4111 4112 4112 4113 4113 4114 4114 4115 4115 4116 4116 4114 4114 4116 4116 4117 4117 4118 4118 4117 4117 4116 4116 4117 4117 4118 4118 4119 4119 4120 4120 4119 4119 4118 4118 4119 4119 4120 4120 4121 4121 4122 4122 4121 4121 4120 4120 4121 4121 4122 4122 4123 4123 4124 4124 4123 4123 4122 4122 4123 4123 4124 4124 4125 4125 4126 4126 4125 4125 4124 4124 4125 4125 4126 4126 4127 4127 4128 4128 4127 4127 4126 4126 4127 4127 4128 4128 4129 4129 4130 4130 4129 4129 4128 4128 4129 4129 4130 4130 4131 4131 4132 4132 4131 4131 4130 4130 4131 4131 4132 4132 4133 4133 4134 4134 4133 4133 4132 4132 4133 4133 4134 4134 4135 4135 4136 4136 4135 4135 4134 4134 4135 4135 4136 4136 4137 4137 4138 4138 4137 4137 4136 4136 4137 4137 4138 4138 4139 4139 4140 4140 4139 4139 4138 4138 4139 4139 4140 4140 4141 4141 4142 4142 4141 4141 4140 4140 4141 4141 4142 4142 4143 4143 4144 4144 4143 4143 4142 4142 4143 4143 4144 4144 4145 4145 4146 4146 4147 4147 4148 4148 4146 4146 4148 4148 4149 4149 4150 4150 4149 4149 4148 4148 4149 4149 4150 4150 4151 4151 4152 4152 4151 4151 4150 4150 4151 4151 4152 4152 4153 4153 4154 4154 4153 4153 4152 4152 4153 4153 4154 4154 4155 4155 4156 4156 4155 4155 4154 4154 4155 4155 4156 4156 4157 4157 4158 4158 4157 4157 4156 4156 4157 4157 4158 4158 4159 4159 4160 4160 4159 4159 4158 4158 4159 4159 4160 4160 4161 4161 4162 4162 4161 4161 4160 4160 4161 4161 4162 4162 4163 4163 4164 4164 4163 4163 4162 4162 4163 4163 4164 4164 4165 4165 4166 4166 4165 4165 4164 4164 4165 4165 4166 4166 4167 4167 4168 4168 4167 4167 4166 4166 4167 4167 4168 4168 4169 4169 4170 4170 4169 4169 4168 4168 4169 4169 4170 4170 4171 4171 4172 4172 4171 4171 4170 4170 4171 4171 4172 4172 4173 4173 4174 4174 4175 4175 4176 4176 4177 4177 4178 4178 4179 4179 4180 4180 4181 4181 4182 4182 4183 4183 4182 4182 4181 4181 4182 4182 4183 4183 4184 4184 4185 4185 4184 4184 4183 4183 4184 4184 4185 4185 4186 4186 4186 4186 4185 4185 4176 4176 4187 4187 4176 4176 4185 4185 4176 4176 4187 4187 4174 4174 4188 4188 4189 4189 4190 4190 4191 4191 4190 4190 4189 4189 4192 4192 4193 4193 4176 4176 4194 4194 4176 4176 4193 4193 4176 4176 4194 4194 4178 4178 4195 4195 4178 4178 4194 4194 4178 4178 4195 4195 4179 4179 4175 4175 4196 4196 4176 4176 4197 4197 4176 4176 4196 4196 4176 4176 4197 4197 4198 4198 4199 4199 4200 4200 4190 4190 4201 4201 4190 4190 4200 4200 4190 4190 4201 4201 4202 4202 4198 4198 4203 4203 4176 4176 4204 4204 4176 4176 4203 4203 4176 4176 4204 4204 4192 4192 4205 4205 4206 4206 4207 4207 4180 4180 4182 4182 4190 4190 4208 4208 4190 4190 4182 4182 4190 4190 4208 4208 4199 4199 4191 4191 4209 4209 4190 4190 4210 4210 4190 4190 4209 4209 4190 4190 4210 4210 4211 4211 4212 4212 4213 4213 4214 4214 4190 4190 4214 4214 4213 4213 4214 4214 4190 4190 4215 4215 4211 4211 4215 4215 4190 4190 4177 4177 4179 4179 4207 4207 4216 4216 4207 4207 4179 4179 4207 4207 4216 4216 4205 4205 4206 4206 4217 4217 4207 4207 4218 4218 4207 4207 4217 4217 4207 4207 4218 4218 4219 4219 4220 4220 4219 4219 4218 4218 4219 4219 4220 4220 4221 4221 4202 4202 4222 4222 4190 4190 4223 4223 4190 4190 4222 4222 4190 4190 4223 4223 4224 4224 4225 4225 4226 4226 4214 4214 4227 4227 4214 4214 4226 4226 4214 4214 4227 4227 4212 4212 4224 4224 4228 4228 4190 4190 4229 4229 4190 4190 4228 4228 4190 4190 4229 4229 4188 4188 4230 4230 4231 4231 4232 4232 4233 4233 4232 4232 4231 4231 4231 4231 4234 4234 4233 4233 4235 4235 4233 4233 4234 4234 4233 4233 4235 4235 4236 4236 4237 4237 4238 4238 4239 4239 4240 4240 4239 4239 4238 4238 4241 4241 4242 4242 4240 4240 4243 4243 4240 4240 4242 4242 4240 4240 4243 4243 4244 4244 4232 4232 4245 4245 4230 4230 4240 4240 4230 4230 4245 4245 4230 4230 4240 4240 4246 4246 4244 4244 4246 4246 4240 4240 4247 4247 4248 4248 4236 4236 4237 4237 4239 4239 4249 4249 4250 4250 4249 4249 4239 4239 4249 4249 4250 4250 4251 4251 4238 4238 4252 4252 4240 4240 4253 4253 4240 4240 4252 4252 4240 4240 4253 4253 4254 4254 4255 4255 4256 4256 4257 4257 4258 4258 4259 4259 4236 4236 4260 4260 4236 4236 4259 4259 4236 4236 4260 4260 4261 4261 4248 4248 4262 4262 4236 4236 4263 4263 4236 4236 4262 4262 4236 4236 4263 4263 4264 4264 4256 4256 4255 4255 4236 4236 4265 4265 4236 4236 4255 4255 4236 4236 4265 4265 4266 4266 4266 4266 4267 4267 4236 4236 4268 4268 4236 4236 4267 4267 4236 4236 4268 4268 4258 4258 4264 4264 4269 4269 4236 4236 4270 4270 4236 4236 4269 4269 4236 4236 4270 4270 4233 4233 4254 4254 4271 4271 4240 4240 4272 4272 4240 4240 4271 4271 4240 4240 4272 4272 4241 4241 4257 4257 4273 4273 4255 4255 4274 4274 4255 4255 4273 4273 4255 4255 4274 4274 4275 4275 4276 4276 4277 4277 4278 4278 4279 4279 4278 4278 4277 4277 4278 4278 4279 4279 4251 4251 4280 4280 4251 4251 4279 4279 4251 4251 4280 4280 4281 4281 4281 4281 4282 4282 4251 4251 4283 4283 4251 4251 4282 4282 4251 4251 4283 4283 4249 4249 4261 4261 4284 4284 4236 4236 4285 4285 4236 4236 4284 4284 4236 4236 4285 4285 4247 4247 4286 4286 4287 4287 4288 4288 4286 4286 4288 4288 4289 4289 4290 4290 4289 4289 4288 4288 4289 4289 4290 4290 4291 4291 4292 4292 4291 4291 4290 4290 4291 4291 4292 4292 4293 4293 4294 4294 4293 4293 4292 4292 4293 4293 4294 4294 4295 4295 4296 4296 4295 4295 4294 4294 4295 4295 4296 4296 4297 4297 4298 4298 4297 4297 4296 4296 4297 4297 4298 4298 4299 4299 4300 4300 4299 4299 4298 4298 4299 4299 4300 4300 4301 4301 4302 4302 4301 4301 4300 4300 4301 4301 4302 4302 4303 4303 4304 4304 4303 4303 4302 4302 4303 4303 4304 4304 4305 4305 4306 4306 4305 4305 4304 4304 4305 4305 4306 4306 4307 4307 4308 4308 4307 4307 4306 4306 4307 4307 4308 4308 4309 4309 4310 4310 4309 4309 4308 4308 4309 4309 4310 4310 4311 4311 4312 4312 4311 4311 4310 4310 4311 4311 4312 4312 4313 4313 4314 4314 4315 4315 4316 4316 4314 4314 4316 4316 4317 4317 4318 4318 4317 4317 4316 4316 4317 4317 4318 4318 4319 4319 4320 4320 4319 4319 4318 4318 4319 4319 4320 4320 4321 4321 4322 4322 4321 4321 4320 4320 4321 4321 4322 4322 4323 4323 4324 4324 4323 4323 4322 4322 4323 4323 4324 4324 4325 4325 4326 4326 4325 4325 4324 4324 4325 4325 4326 4326 4327 4327 4328 4328 4327 4327 4326 4326 4327 4327 4328 4328 4329 4329 4330 4330 4329 4329 4328 4328 4329 4329 4330 4330 4331 4331 4332 4332 4331 4331 4330 4330 4331 4331 4332 4332 4333 4333 4334 4334 4333 4333 4332 4332 4333 4333 4334 4334 4335 4335 4336 4336 4335 4335 4334 4334 4335 4335 4336 4336 4337 4337 4338 4338 4337 4337 4336 4336 4337 4337 4338 4338 4339 4339 4340 4340 4339 4339 4338 4338 4339 4339 4340 4340 4341 4341 4342 4342 4341 4341 4340 4340 4341 4341 4342 4342 4343 4343 4344 4344 4343 4343 4342 4342 4343 4343 4344 4344 4345 4345 4346 4346 4347 4347 4348 4348 4346 4346 4348 4348 4349 4349 4350 4350 4349 4349 4348 4348 4349 4349 4350 4350 4351 4351 4352 4352 4351 4351 4350 4350 4351 4351 4352 4352 4353 4353 4354 4354 4353 4353 4352 4352 4353 4353 4354 4354 4355 4355 4356 4356 4355 4355 4354 4354 4355 4355 4356 4356 4357 4357 4358 4358 4357 4357 4356 4356 4357 4357 4358 4358 4359 4359 4360 4360 4359 4359 4358 4358 4359 4359 4360 4360 4361 4361 4362 4362 4361 4361 4360 4360 4361 4361 4362 4362 4363 4363 4364 4364 4363 4363 4362 4362 4363 4363 4364 4364 4365 4365 4366 4366 4365 4365 4364 4364 4365 4365 4366 4366 4367 4367 4368 4368 4367 4367 4366 4366 4367 4367 4368 4368 4369 4369 4370 4370 4369 4369 4368 4368 4369 4369 4370 4370 4371 4371 4372 4372 4371 4371 4370 4370 4371 4371 4372 4372 4373 4373 4374 4374 4373 4373 4372 4372 4373 4373 4374 4374 4375 4375 4376 4376 4375 4375 4374 4374 4375 4375 4376 4376 4377 4377 4378 4378 4379 4379 4380 4380 4378 4378 4380 4380 4381 4381 4382 4382 4381 4381 4380 4380 4381 4381 4382 4382 4383 4383 4384 4384 4383 4383 4382 4382 4383 4383 4384 4384 4385 4385 4386 4386 4385 4385 4384 4384 4385 4385 4386 4386 4387 4387 4388 4388 4387 4387 4386 4386 4387 4387 4388 4388 4389 4389 4390 4390 4389 4389 4388 4388 4389 4389 4390 4390 4391 4391 4392 4392 4391 4391 4390 4390 4391 4391 4392 4392 4393 4393 4394 4394 4393 4393 4392 4392 4393 4393 4394 4394 4395 4395 4396 4396 4395 4395 4394 4394 4395 4395 4396 4396 4397 4397 4398 4398 4397 4397 4396 4396 4397 4397 4398 4398 4399 4399 4400 4400 4399 4399 4398 4398 4399 4399 4400 4400 4401 4401 4402 4402 4401 4401 4400 4400 4401 4401 4402 4402 4403 4403 4404 4404 4403 4403 4402 4402 4403 4403 4404 4404 4405 4405 4406 4406 4407 4407 4408 4408 4409 4409 4408 4408 4407 4407 4408 4408 4409 4409 4410 4410 4411 4411 4412 4412 4413 4413 4414 4414 4413 4413 4412 4412 4413 4413 4414 4414 4415 4415 4413 4413 4416 4416 4411 4411 4417 4417 4411 4411 4416 4416 4411 4411 4417 4417 4408 4408 4418 4418 4408 4408 4417 4417 4408 4408 4418 4418 4419 4419 4420 4420 4421 4421 4415 4415 4422 4422 4415 4415 4421 4421 4415 4415 4422 4422 4413 4413 4420 4420 4423 4423 4421 4421 4424 4424 4421 4421 4423 4423 4421 4421 4424 4424 4425 4425 4419 4419 4426 4426 4408 4408 4427 4427 4408 4408 4426 4426 4408 4408 4427 4427 4428 4428 4428 4428 4429 4429 4408 4408 4430 4430 4408 4408 4429 4429 4408 4408 4430 4430 4406 4406 4431 4431 4432 4432 4433 4433 4432 4432 4434 4434 4435 4435 4436 4436 4437 4437 4438 4438 4433 4433 4439 4439 4431 4431 4438 4438 4431 4431 4439 4439 4431 4431 4438 4438 4440 4440 4437 4437 4440 4440 4438 4438 4441 4441 4442 4442 4432 4432 4442 4442 4443 4443 4432 4432 4444 4444 4432 4432 4443 4443 4432 4432 4444 4444 4433 4433 4445 4445 4446 4446 4447 4447 4448 4448 4447 4447 4446 4446 4438 4438 4449 4449 4436 4436 4446 4446 4436 4436 4449 4449 4436 4436 4446 4446 4450 4450 4445 4445 4450 4450 4446 4446 4435 4435 4451 4451 4432 4432 4452 4452 4432 4432 4451 4451 4432 4432 4452 4452 4453 4453 4453 4453 4454 4454 4432 4432 4455 4455 4432 4432 4454 4454 4432 4432 4455 4455 4441 4441 4456 4456 4457 4457 4458 4458 4456 4456 4458 4458 4459 4459 4460 4460 4459 4459 4458 4458 4459 4459 4460 4460 4461 4461 4462 4462 4461 4461 4460 4460 4461 4461 4462 4462 4463 4463 4464 4464 4463 4463 4462 4462 4463 4463 4464 4464 4465 4465 4466 4466 4465 4465 4464 4464 4465 4465 4466 4466 4467 4467 4468 4468 4467 4467 4466 4466 4467 4467 4468 4468 4469 4469 4470 4470 4469 4469 4468 4468 4469 4469 4470 4470 4471 4471 4472 4472 4471 4471 4470 4470 4471 4471 4472 4472 4473 4473 4474 4474 4473 4473 4472 4472 4473 4473 4474 4474 4475 4475 4476 4476 4475 4475 4474 4474 4475 4475 4476 4476 4477 4477 4478 4478 4477 4477 4476 4476 4477 4477 4478 4478 4479 4479 4480 4480 4479 4479 4478 4478 4479 4479 4480 4480 4481 4481 4482 4482 4483 4483 4484 4484 4485 4485 4484 4484 4483 4483 4486 4486 4487 4487 4488 4488 4486 4486 4488 4488 4489 4489 4490 4490 4489 4489 4488 4488 4489 4489 4490 4490 4491 4491 4492 4492 4491 4491 4490 4490 4491 4491 4492 4492 4493 4493 4494 4494 4493 4493 4492 4492 4493 4493 4494 4494 4495 4495 4496 4496 4495 4495 4494 4494 4495 4495 4496 4496 4497 4497 4498 4498 4497 4497 4496 4496 4497 4497 4498 4498 4499 4499 4500 4500 4499 4499 4498 4498 4499 4499 4500 4500 4501 4501 4502 4502 4501 4501 4500 4500 4501 4501 4502 4502 4503 4503 4504 4504 4503 4503 4502 4502 4503 4503 4504 4504 4505 4505 4506 4506 4505 4505 4504 4504 4505 4505 4506 4506 4507 4507 4508 4508 4507 4507 4506 4506 4507 4507 4508 4508 4509 4509 4510 4510 4509 4509 4508 4508 4509 4509 4510 4510 4511 4511 4512 4512 4513 4513 4514 4514 4515 4515 4514 4514 4513 4513 4514 4514 4515 4515 4516 4516 4517 4517 4518 4518 4519 4519 4520 4520 4519 4519 4518 4518 4519 4519 4520 4520 4521 4521 4519 4519 4522 4522 4517 4517 4523 4523 4517 4517 4522 4522 4517 4517 4523 4523 4514 4514 4524 4524 4514 4514 4523 4523 4514 4514 4524 4524 4525 4525 4526 4526 4527 4527 4521 4521 4528 4528 4521 4521 4527 4527 4521 4521 4528 4528 4519 4519 4526 4526 4529 4529 4527 4527 4530 4530 4527 4527 4529 4529 4527 4527 4530 4530 4531 4531 4525 4525 4532 4532 4514 4514 4533 4533 4514 4514 4532 4532 4514 4514 4533 4533 4534 4534 4534 4534 4535 4535 4514 4514 4536 4536 4514 4514 4535 4535 4514 4514 4536 4536 4512 4512 4537 4537 4538 4538 4539 4539 4538 4538 4540 4540 4541 4541 4542 4542 4543 4543 4544 4544 4539 4539 4545 4545 4537 4537 4544 4544 4537 4537 4545 4545 4537 4537 4544 4544 4546 4546 4543 4543 4546 4546 4544 4544 4547 4547 4548 4548 4538 4538 4548 4548 4549 4549 4538 4538 4550 4550 4538 4538 4549 4549 4538 4538 4550 4550 4539 4539 4551 4551 4552 4552 4553 4553 4554 4554 4553 4553 4552 4552 4544 4544 4555 4555 4542 4542 4552 4552 4542 4542 4555 4555 4542 4542 4552 4552 4556 4556 4551 4551 4556 4556 4552 4552 4541 4541 4557 4557 4538 4538 4558 4558 4538 4538 4557 4557 4538 4538 4558 4558 4559 4559 4559 4559 4560 4560 4538 4538 4561 4561 4538 4538 4560 4560 4538 4538 4561 4561 4547 4547 4562 4562 4563 4563 4564 4564 4562 4562 4564 4564 4565 4565 4566 4566 4565 4565 4564 4564 4565 4565 4566 4566 4567 4567 4568 4568 4567 4567 4566 4566 4567 4567 4568 4568 4569 4569 4570 4570 4569 4569 4568 4568 4569 4569 4570 4570 4571 4571 4572 4572 4571 4571 4570 4570 4571 4571 4572 4572 4573 4573 4574 4574 4573 4573 4572 4572 4573 4573 4574 4574 4575 4575 4576 4576 4575 4575 4574 4574 4575 4575 4576 4576 4577 4577 4578 4578 4577 4577 4576 4576 4577 4577 4578 4578 4579 4579 4580 4580 4579 4579 4578 4578 4579 4579 4580 4580 4581 4581 4582 4582 4581 4581 4580 4580 4581 4581 4582 4582 4583 4583 4584 4584 4583 4583 4582 4582 4583 4583 4584 4584 4585 4585 4586 4586 4585 4585 4584 4584 4585 4585 4586 4586 4587 4587 4588 4588 4589 4589 4590 4590 4588 4588 4590 4590 4591 4591 4592 4592 4591 4591 4590 4590 4591 4591 4592 4592 4593 4593 4594 4594 4593 4593 4592 4592 4593 4593 4594 4594 4595 4595 4596 4596 4595 4595 4594 4594 4595 4595 4596 4596 4597 4597 4598 4598 4597 4597 4596 4596 4597 4597 4598 4598 4599 4599 4600 4600 4599 4599 4598 4598 4599 4599 4600 4600 4601 4601 4602 4602 4601 4601 4600 4600 4601 4601 4602 4602 4603 4603 4604 4604 4603 4603 4602 4602 4603 4603 4604 4604 4605 4605 4606 4606 4605 4605 4604 4604 4605 4605 4606 4606 4607 4607 4608 4608 4607 4607 4606 4606 4607 4607 4608 4608 4609 4609 4610 4610 4609 4609 4608 4608 4609 4609 4610 4610 4611 4611 4612 4612 4611 4611 4610 4610 4611 4611 4612 4612 4613 4613 4614 4614 4615 4615 4616 4616 4617 4617 4616 4616 4615 4615</p>
        </triangles>
      </mesh>
    </geometry>
  </library_geometries>
  <library_materials>
    <material id="a48c9272d41444ca8123729aefeef028" name="defaultmaterial">
      <instance_effect url="#cf55f3fadfd54dd4abbf8034a05a136f"/>
    </material>
  </library_materials>
  <library_visual_scenes>
    <visual_scene id="scene">
      <node id="node0" name="node0">
        <instance_geometry url="#f3353c314fc54d8eba68e14729f7b9af">
          <bind_material>
            <technique_common>
              <instance_material symbol="material0" target="#a48c9272d41444ca8123729aefeef028"/>
            </technique_common>
          </bind_material>
        </instance_geometry>
      </node>
    </visual_scene>
  </library_visual_scenes>
  <scene>
    <instance_visual_scene url="#scene"/>
  </scene>
</COLLADA>
