<COLLADA xmlns="http://www.collada.org/2005/11/COLLADASchema" version="1.4.1">
  <asset>
    <created>2026-09-13T16:25:54.583482</created>
    <modified>2026-09-13T16:25:54.583482</modified>
    <up_axis>Y_UP</up_axis>
  </asset>
  <library_effects>
    <effect id="f2c461da638c4a97b2a5d877754a8fba" name="f2c461da638c4a97b2a5d877754a8fba">
      <profile_COMMON>
        <technique sid="common">
          <phong>
            <emission>
              <color>0.0 0.0 0.0 1.0</color>
            </emission>
            <ambient>
              <color>0.0 0.0 0.0 1.0</color>
            </ambient>
            <diffuse>
              <color>0.792156862745098 0.8196078431372549 0.9333333333333333 1.0</color>
            </diffuse>
            <specular>
              <color>0.0 0.0 0.0 1.0</color>
            </specular>
            <shininess>
              <float>0.0</float>
            </shininess>
            <reflective>
              <color>0.0 0.0 0.0 1.0</color>
            </reflective>
            <reflectivity>
              <float>0.0</float>
            </reflectivity>
            <transparent>
              <color>0.0 0.0 0.0 1.0</color>
            </transparent>
            <transparency>
              <float>1.0</float>
            </transparency>
          </phong>
        </technique>
        <extra>
          <technique profile="GOOGLEEARTH">
            <double_sided>0</double_sided>
          </technique>
        </extra>
      </profile_COMMON>
    </effect>
  </library_effects>
  <library_geometries>
    <geometry id="2e9c60b236704147b5572cd30a76a727" name="af0dd54bdd344b7db083d10e21bee438">
      <mesh>
        <source id="verts-array">
          <float_array count="9234" id="verts-array-array">-0.02709138 -0.004114795 0.002 -0.02709138 -0.004114795 -0.002 -0.02704028 -0.003726595 0.002 -0.02704028 -0.003726595 -0.002 -0.02689038 -0.003364795 0.002 -0.02689038 -0.003364795 -0.002 -0.02685368 -0.003316995 0.002 -0.02685368 -0.003316995 -0.002 -0.02665198 -0.003054095 0.002 -0.02665198 -0.003054095 -0.002 -0.02634138 -0.002815795 0.002 -0.02634138 -0.002815795 -0.002 -0.02597958 -0.002665895 0.002 -0.02597958 -0.002665895 -0.002 -0.02559138 -0.002614795 0.002 -0.02559138 -0.002614795 -0.002 -0.02520308 -0.002665895 0.002 -0.02520308 -0.002665895 -0.002 -0.02484138 -0.002815795 0.002 -0.02484138 -0.002815795 -0.002 -0.02453068 -0.003054095 0.002 -0.02453068 -0.003054095 -0.002 -0.02429228 -0.003364795 0.002 -0.02429228 -0.003364795 -0.002 -0.02414248 -0.003726595 0.002 -0.02414248 -0.003726595 -0.002 -0.02409138 -0.004114795 0.002 -0.02409138 -0.004114795 -0.002 -0.02414248 -0.004502995 0.002 -0.02414248 -0.004502995 -0.002 -0.02429228 -0.004864795 0.002 -0.02429228 -0.004864795 -0.002 -0.02453068 -0.005175495 0.002 -0.02453068 -0.005175495 -0.002 -0.02484138 -0.005413795 0.002 -0.02484138 -0.005413795 -0.002 -0.02520308 -0.005563695 0.002 -0.02520308 -0.005563695 -0.002 -0.02559138 -0.005614795 0.002 -0.02559138 -0.005614795 -0.002 -0.02597958 -0.005563695 0.002 -0.02597958 -0.005563695 -0.002 -0.02634138 -0.005413795 0.002 -0.02634138 -0.005413795 -0.002 -0.02665198 -0.005175495 0.002 -0.02665198 -0.005175495 -0.002 -0.02685368 -0.004912595 0.002 -0.02685368 -0.004912595 -0.002 -0.02689038 -0.004864795 0.002 -0.02689038 -0.004864795 -0.002 -0.02704028 -0.004502995 0.002 -0.02704028 -0.004502995 -0.002 0.05235672 -0.03146521 0.002 0.05256562 -0.0312868 0.002 0.04959452 -0.0312868 0.002 -0.02873308 0.03521371 0.002 -0.02873308 0.02915791 0.002 -0.02685368 0.02915791 0.002 -0.03538878 0.02408121 0.002 -0.03538878 0.02295321 0.002 -0.03095148 0.02295321 0.002 -0.04790078 0.02408121 0.002 -0.04735408 0.02408121 0.002 -0.04735408 0.02674811 0.002 -0.008606407 0.03717311 0.002 -0.008606407 0.03698071 0.002 -0.007590177 0.03698071 0.002 0.02302372 0.03687131 0.002 0.03167592 0.03687131 0.002 0.03167592 0.03698071 0.002 0.05581102 0.02920081 0.002 0.04959452 0.02920081 0.002 0.04959452 0.02915791 0.002 0.007063623 -0.01855759 0.002 0.007063623 -0.02718989 0.002 0.01393622 -0.02718989 0.002 -0.02685368 -0.0004047947 0.002 -0.02665198 -0.003054095 0.002 -0.02634138 -0.002815795 0.002 -0.02634138 -0.005413795 0.002 -0.02665198 -0.005175495 0.002 -0.02685368 -0.007654795 0.002 -0.02520308 -0.005563695 0.002 -0.02559138 -0.005614795 0.002 -0.02597958 -0.005563695 0.002 -0.02597958 -0.002665895 0.002 -0.02559138 -0.002614795 0.002 -0.02264518 -0.0004047947 0.002 -0.02520308 -0.002665895 0.002 -0.02484138 -0.002815795 0.002 -0.02453068 -0.003054095 0.002 -0.02429228 -0.003364795 0.002 -0.02429228 -0.004864795 0.002 -0.02453068 -0.005175495 0.002 -0.02264518 -0.007654795 0.002 -0.02484138 -0.005413795 0.002 -0.02414248 -0.003726595 0.002 -0.02409138 -0.004114795 0.002 -0.02414248 -0.004502995 0.002 -0.02685368 -0.004912595 0.002 -0.02689038 -0.004864795 0.002 -0.03095148 -0.007654795 0.002 -0.02704028 -0.004502995 0.002 -0.02709138 -0.004114795 0.002 -0.03095148 -0.0004047947 0.002 -0.02704028 -0.003726595 0.002 -0.02689038 -0.003364795 0.002 -0.02685368 -0.003316995 0.002 -0.04680738 -0.01860319 0.002 -0.03316988 -0.01860319 0.002 -0.03095148 -0.01759989 0.002 -0.03095148 -0.02718989 0.002 -0.03316988 -0.02718989 0.002 -0.03095148 -0.02722539 0.002 -0.03316988 -0.02722539 0.002 -0.03095148 -0.0312868 0.002 -0.03316988 -0.02724809 0.002 -0.04735408 -0.0312868 0.002 -0.04680738 -0.02724809 0.002 -0.04735408 -0.02722539 0.002 -0.04680738 -0.02722539 0.002 -0.04735408 -0.02718989 0.002 -0.04680738 -0.02718989 0.002 -0.04735408 -0.01759989 0.002 -0.02685368 -0.01759989 0.002 -0.02685368 -0.02718989 0.002 -0.02661608 -0.01864379 0.002 -0.02661608 -0.02718989 0.002 -0.02661608 -0.02722539 0.002 -0.02685368 -0.02722539 0.002 -0.02661608 -0.02728869 0.002 -0.02685368 -0.0312868 0.002 -0.02264518 -0.02728869 0.002 -0.02264518 -0.0312868 0.002 -0.01297853 -0.02728869 0.002 -0.007590177 -0.0312868 0.002 -0.01297853 -0.02722539 0.002 -0.02264518 -0.01759989 0.002 -0.02264518 -0.01864379 0.002 -0.01297853 -0.01864379 0.002 -0.007590177 -0.02722539 0.002 -0.01297853 -0.02718989 0.002 -0.007590177 -0.02718989 0.002 -0.007590177 -0.01759989 0.002 -0.002942487 -0.01759989 0.002 -0.006573937 -0.01855759 0.002 -0.002942487 -0.02722539 0.002 -0.002942487 -0.02720259 0.002 -0.006573937 -0.02720259 0.002 -0.006573937 -0.02718989 0.002 0.007063623 -0.02720259 0.002 0.01393622 -0.02722539 0.002 -0.002942487 -0.01855759 0.002 0.01393622 -0.01759989 0.002 0.01884762 -0.02718989 0.002 0.01467142 -0.02717729 0.002 0.01884762 -0.02717729 0.002 0.01467142 -0.01853229 0.002 0.01884762 -0.01759989 0.002 0.01884762 -0.01853229 0.002 0.02830892 -0.01853229 0.002 0.02830892 -0.02717729 0.002 0.03167592 -0.02718989 0.002 0.03167592 -0.01759989 0.002 0.03504292 -0.01759989 0.002 0.03504292 -0.01666749 0.002 0.03167592 -0.01145789 0.002 0.03504292 -0.02531249 0.002 0.04868042 -0.02531249 0.002 0.04959452 -0.02718989 0.002 0.04868042 -0.01759989 0.002 0.04959452 -0.01759989 0.002 0.04868042 -0.01666749 0.002 0.04959452 -0.01145789 0.002 0.04329912 0.03698071 0.002 0.03553572 0.03687131 0.002 0.04329912 0.02920081 0.002 0.03553572 0.02915791 0.002 0.03167592 0.04030521 0.002 0.04329912 0.03702361 0.002 0.04959452 0.04030521 0.002 0.04959452 0.03702361 0.002 0.05645602 0.04030521 0.002 0.05581102 0.03702361 0.002 0.05645602 0.03698071 0.002 0.05581102 0.03698071 0.002 0.05645602 0.02915791 0.002 0.01884762 0.02908181 0.002 0.02302372 0.02908181 0.002 0.01884762 0.02915791 0.002 0.02302372 0.02915791 0.002 0.01884762 0.03698071 0.002 0.02302372 0.02904851 0.002 0.01884762 0.02674811 0.002 0.03167592 0.02904851 0.002 0.03167592 0.02674811 0.002 0.03553572 0.02904851 0.002 0.04959452 0.02908181 0.002 0.03553572 0.02908181 0.002 0.04959452 0.02674811 0.002 0.0006889229 0.02911501 0.002 -0.002942487 0.02908181 0.002 0.01393622 0.02908181 0.002 -0.002942487 0.03698071 0.002 0.0006889229 0.03693781 0.002 0.01393622 0.03698071 0.002 0.01320092 0.03693781 0.002 0.01393622 0.02915791 0.002 0.01320092 0.02915791 0.002 0.01320092 0.02911501 0.002 -0.02264518 0.04030521 0.002 -0.02111838 0.03717311 0.002 -0.007590177 0.04030521 0.002 -0.008606407 0.02935031 0.002 -0.007590177 0.02915791 0.002 -0.02111838 0.02935031 0.002 -0.02264518 0.02915791 0.002 -0.04879838 0.02674811 0.002 -0.04879838 0.02295321 0.002 -0.04790078 0.02295321 0.002 -0.04790078 0.01625841 0.002 -0.04879838 0.01326261 0.002 -0.04735408 0.01625841 0.002 -0.04735408 0.01326261 0.002 -0.03538878 0.01625841 0.002 -0.03095148 0.01326261 0.002 -0.04990898 -0.0004047947 0.002 -0.04990898 0.002444005 0.002 -0.05012198 0.002444005 0.002 -0.05165008 0.002917005 0.002 -0.05179998 0.002555205 0.002 -0.05203828 0.002244505 0.002 -0.05234898 0.002006205 0.002 -0.05439798 0.002555205 0.002 -0.05484898 -0.0004047947 0.002 -0.05415968 0.002244505 0.002 -0.05384898 0.002006205 0.002 -0.05271078 0.001856305 0.002 -0.05309898 0.001805205 0.002 -0.05348718 0.001856305 0.002 -0.05439798 0.004055205 0.002 -0.05415968 0.004365905 0.002 -0.05484898 0.005705205 0.002 -0.05384898 0.004604205 0.002 -0.05348718 0.004754105 0.002 -0.05454788 0.002917005 0.002 -0.05459898 0.003305205 0.002 -0.05454788 0.003693405 0.002 -0.05309898 0.004805205 0.002 -0.05271078 0.004754105 0.002 -0.05012198 0.005705205 0.002 -0.05234898 0.004604205 0.002 -0.05203828 0.004365905 0.002 -0.05179998 0.004055205 0.002 -0.05165008 0.003693405 0.002 -0.05159898 0.003305205 0.002 -0.05484898 0.009936005 0.002 -0.05012198 0.009936005 0.002 -0.05484898 0.01326261 0.002 -0.05012198 0.01026671 0.002 -0.04990898 0.01326261 0.002 -0.04990898 0.01026671 0.002 -0.03761008 0.002444005 0.002 -0.04735408 0.002444005 0.002 -0.04735408 -0.0004047947 0.002 -0.04879838 0.002444005 0.002 -0.04879838 -0.0004047947 0.002 -0.03761008 0.005705205 0.002 -0.03095148 0.005705205 0.002 -0.03761008 0.009936005 0.002 -0.03095148 0.009936005 0.002 -0.03761008 0.01026671 0.002 -0.04735408 0.01026671 0.002 -0.04879838 0.01026671 0.002 -0.03095148 0.02674811 0.002 -0.03095148 0.02739091 0.002 -0.04124508 0.02739091 0.002 -0.04124508 0.02915791 0.002 -0.04735408 0.02915791 0.002 -0.04124508 0.02908181 0.002 -0.04735408 0.02908181 0.002 -0.02873308 0.02739091 0.002 -0.02685368 0.02674811 0.002 -0.02873308 0.02908181 0.002 -0.02685368 0.02908181 0.002 -0.04735408 0.03605901 0.002 -0.04685468 0.03648551 0.002 -0.04604668 0.03698071 0.002 -0.04124508 0.03521371 0.002 -0.03095148 0.03698071 0.002 -0.03095148 0.03521371 0.002 -0.02685368 0.03698071 0.002 -0.05484898 0.02295321 0.002 -0.05484898 0.02344961 0.002 -0.05485278 0.02343391 0.002 -0.04990898 0.02915791 0.002 -0.05304468 0.02908181 0.002 -0.04990898 0.02908181 0.002 -0.05401138 0.02674811 0.002 -0.04990898 0.02674811 0.002 -0.04924108 0.03444731 0.002 -0.04990898 0.03366531 0.002 -0.05127928 0.03206091 0.002 -0.05291908 0.02938501 0.002 -0.05301318 0.02915791 0.002 -0.03509898 0.04030521 0.002 -0.03822768 0.04005901 0.002 -0.04127928 0.03932631 0.002 -0.04417878 0.03812531 0.002 0.05645602 -0.01759989 0.002 0.05710102 -0.01369479 0.002 0.05645602 -0.01145789 0.002 0.05715212 -0.01330659 0.002 0.05730202 -0.01294479 0.002 0.05966172 -0.01263409 0.002 0.05990002 -0.01294479 0.002 0.06060102 -0.01145789 0.002 0.06004992 -0.01330659 0.002 0.06010102 -0.01369479 0.002 0.06060102 -0.01528489 0.002 0.06004992 -0.01408299 0.002 0.05754032 -0.01475549 0.002 0.05730202 -0.01444479 0.002 0.05715212 -0.01408299 0.002 0.05754032 -0.01263409 0.002 0.05785102 -0.01239579 0.002 0.05821282 -0.01224589 0.002 0.05860102 -0.01219479 0.002 0.05898922 -0.01224589 0.002 0.05935102 -0.01239579 0.002 0.05990002 -0.01444479 0.002 0.05966172 -0.01475549 0.002 0.06041882 -0.01759989 0.002 0.05935102 -0.01499379 0.002 0.05898922 -0.01514369 0.002 0.05860102 -0.01519479 0.002 0.05821282 -0.01514369 0.002 0.05785102 -0.01499379 0.002 0.05842112 -0.02436469 0.002 0.05962212 -0.02146519 0.002 0.06035482 -0.01841359 0.002 0.05645602 -0.02722539 0.002 0.05662352 -0.02722539 0.002 0.05665382 -0.02718989 0.002 0.04959452 -0.02722539 0.002 0.05474312 -0.02942699 0.002 0.05645602 -0.02742149 0.002 0.04968082 -0.033105 0.002 0.04060102 -0.03528487 0.002 0.04372972 -0.03503864 0.002 0.03167592 -0.0312868 0.002 0.04678132 -0.034306 0.002 0.04959452 -0.03314075 0.002 -0.03095148 -0.01145789 0.002 -0.03718408 -0.007654795 0.002 -0.03718408 -0.002898295 0.002 -0.04735408 -0.002898295 0.002 -0.04969608 -0.002898295 0.002 -0.04879838 -0.002898295 0.002 -0.04990898 -0.007654795 0.002 -0.04969608 -0.007654795 0.002 -0.04969608 -0.01072109 0.002 -0.04990898 -0.01145789 0.002 -0.04879838 -0.01072109 0.002 0.04780102 -0.009694795 0.002 0.04780102 -0.007654795 0.002 0.04959452 -0.007654795 0.002 0.04780102 -0.0004047947 0.002 0.04959452 -0.0004047947 0.002 0.04780102 0.005705205 0.002 0.04959452 0.005705205 0.002 0.04780102 0.009936005 0.002 0.04959452 0.009936005 0.002 0.04780102 0.01326261 0.002 0.04959452 0.01326261 0.002 0.04780102 0.02295321 0.002 0.04959452 0.02295321 0.002 0.04780102 0.02610521 0.002 0.03167592 0.02610521 0.002 -0.007590177 0.02674811 0.002 -0.002942487 0.02610521 0.002 -0.002942487 0.02674811 0.002 0.01393622 0.02610521 0.002 0.01393622 0.02674811 0.002 0.01884762 0.02610521 0.002 -0.02264518 0.02674811 0.002 -0.02119898 0.02610521 0.002 -0.007590177 0.02610521 0.002 -0.02119898 0.02295321 0.002 -0.02264518 0.02295321 0.002 -0.02119898 0.01326261 0.002 -0.02264518 0.01326261 0.002 -0.02119898 0.009936005 0.002 -0.02264518 0.009936005 0.002 -0.02119898 0.005705205 0.002 -0.02264518 0.005705205 0.002 -0.02119898 -0.0004047947 0.002 -0.02119898 -0.007654795 0.002 -0.02119898 -0.009694795 0.002 -0.02264518 -0.01145789 0.002 -0.007590177 -0.009694795 0.002 -0.007590177 -0.01145789 0.002 -0.002942487 -0.01145789 0.002 -0.002942487 -0.009694795 0.002 0.01393622 -0.01145789 0.002 0.01393622 -0.009694795 0.002 0.01884762 -0.01145789 0.002 0.01884762 -0.009694795 0.002 0.03167592 -0.009694795 0.002 -0.02685368 0.008903005 0.002 -0.02665198 0.009165905 0.002 -0.02685368 0.009936005 0.002 -0.02634138 0.009404205 0.002 -0.02520308 0.009554105 0.002 -0.02559138 0.009605205 0.002 -0.02597958 0.009554105 0.002 -0.02597958 0.006656305 0.002 -0.02634138 0.006806205 0.002 -0.02685368 0.005705205 0.002 -0.02429228 0.007355205 0.002 -0.02453068 0.007044505 0.002 -0.02484138 0.009404205 0.002 -0.02453068 0.009165905 0.002 -0.02429228 0.008855205 0.002 -0.02484138 0.006806205 0.002 -0.02520308 0.006656305 0.002 -0.02559138 0.006605205 0.002 -0.02414248 0.008493405 0.002 -0.02409138 0.008105205 0.002 -0.02414248 0.007717005 0.002 -0.02665198 0.007044505 0.002 -0.02685368 0.007307405 0.002 -0.02689038 0.008855205 0.002 -0.02704028 0.008493405 0.002 -0.02689038 0.007355205 0.002 -0.02704028 0.007717005 0.002 -0.02709138 0.008105205 0.002 -0.02685368 0.02112301 0.002 -0.02665198 0.02138591 0.002 -0.02685368 0.02295321 0.002 -0.02634138 0.02162421 0.002 -0.02520308 0.02177411 0.002 -0.02559138 0.02182521 0.002 -0.02597958 0.02177411 0.002 -0.02597958 0.01887631 0.002 -0.02634138 0.01902621 0.002 -0.02685368 0.01326261 0.002 -0.02429228 0.01957521 0.002 -0.02453068 0.01926451 0.002 -0.02484138 0.02162421 0.002 -0.02453068 0.02138591 0.002 -0.02429228 0.02107521 0.002 -0.02484138 0.01902621 0.002 -0.02520308 0.01887631 0.002 -0.02559138 0.01882521 0.002 -0.02414248 0.02071341 0.002 -0.02409138 0.02032521 0.002 -0.02414248 0.01993701 0.002 -0.02665198 0.01926451 0.002 -0.02685368 0.01952741 0.002 -0.02689038 0.02107521 0.002 -0.02704028 0.02071341 0.002 -0.02689038 0.01957521 0.002 -0.02704028 0.01993701 0.002 -0.02709138 0.02032521 0.002 0.01884762 0.04030521 0.002 -0.002942487 0.04030521 0.002 0.01393622 0.04030521 0.002 -0.03095148 0.04030521 0.002 -0.02685368 0.04030521 0.002 -0.02264518 0.03698071 0.002 -0.02111838 0.03698071 0.002 -0.002942487 0.02915791 0.002 0.0006889229 0.02915791 0.002 -0.02264518 0.02908181 0.002 -0.007590177 0.02908181 0.002 -0.04879838 0.03482541 0.002 -0.04879838 0.02915791 0.002 -0.04879838 0.02908181 0.002 0.06060102 0.04030521 0.002 0.06060102 0.03698071 0.002 0.06060102 0.02915791 0.002 0.06060102 0.02908181 0.002 0.05645602 0.02908181 0.002 0.06060102 0.02674811 0.002 0.05645602 0.02674811 0.002 0.06060102 0.02295321 0.002 0.05645602 0.02295321 0.002 0.05990002 0.01955521 0.002 0.05966172 0.01924451 0.002 0.06060102 0.01326261 0.002 0.05935102 0.01900621 0.002 0.05898922 0.01885631 0.002 0.05730202 0.02105521 0.002 0.05754032 0.02136591 0.002 0.05860102 0.01880521 0.002 0.05821282 0.01885631 0.002 0.05645602 0.01326261 0.002 0.05785102 0.01900621 0.002 0.05754032 0.01924451 0.002 0.05730202 0.01955521 0.002 0.05715212 0.01991701 0.002 0.05710102 0.02030521 0.002 0.05715212 0.02069341 0.002 0.05898922 0.02175411 0.002 0.05935102 0.02160421 0.002 0.05966172 0.02136591 0.002 0.05990002 0.02105521 0.002 0.06004992 0.02069341 0.002 0.06010102 0.02030521 0.002 0.06004992 0.01991701 0.002 0.05785102 0.02160421 0.002 0.05821282 0.02175411 0.002 0.05860102 0.02180521 0.002 0.05275862 0.01902621 0.002 0.05306932 0.01926451 0.002 0.05330772 0.01957521 0.002 0.05070962 0.01957521 0.002 0.05094802 0.01926451 0.002 0.05125862 0.01902621 0.002 0.05239692 0.01887631 0.002 0.05200862 0.01882521 0.002 0.05162042 0.01887631 0.002 0.05070962 0.02107521 0.002 0.05094802 0.02138591 0.002 0.05125862 0.02162421 0.002 0.05162042 0.02177411 0.002 0.05200862 0.02182521 0.002 0.05239692 0.02177411 0.002 0.05275862 0.02162421 0.002 0.05306932 0.02138591 0.002 0.05330772 0.02107521 0.002 0.05345752 0.02071341 0.002 0.05350862 0.02032521 0.002 0.05345752 0.01993701 0.002 0.05055972 0.01993701 0.002 0.05050862 0.02032521 0.002 0.05055972 0.02071341 0.002 -0.04990898 0.02295321 0.002 -0.05179998 0.01955521 0.002 -0.05203828 0.01924451 0.002 -0.05348718 0.01885631 0.002 -0.05384898 0.01900621 0.002 -0.05415968 0.01924451 0.002 -0.05439798 0.01955521 0.002 -0.05234898 0.01900621 0.002 -0.05271078 0.01885631 0.002 -0.05309898 0.01880521 0.002 -0.05439798 0.02105521 0.002 -0.05415968 0.02136591 0.002 -0.05384898 0.02160421 0.002 -0.05348718 0.02175411 0.002 -0.05454788 0.01991701 0.002 -0.05459898 0.02030521 0.002 -0.05454788 0.02069341 0.002 -0.05309898 0.02180521 0.002 -0.05271078 0.02175411 0.002 -0.05234898 0.02160421 0.002 -0.05203828 0.02136591 0.002 -0.05179998 0.02105521 0.002 -0.05165008 0.02069341 0.002 -0.05159898 0.02030521 0.002 -0.05165008 0.01991701 0.002 -0.05412008 0.02648551 0.002 0.05330772 0.007355205 0.002 0.05306932 0.007044505 0.002 0.05645602 0.005705205 0.002 0.05275862 0.006806205 0.002 0.05239692 0.006656305 0.002 0.05200862 0.006605205 0.002 0.05162042 0.006656305 0.002 0.05125862 0.006806205 0.002 0.05094802 0.007044505 0.002 0.05055972 0.008493405 0.002 0.05070962 0.008855205 0.002 0.05094802 0.009165905 0.002 0.05125862 0.009404205 0.002 0.05162042 0.009554105 0.002 0.05200862 0.009605205 0.002 0.05239692 0.009554105 0.002 0.05645602 0.009936005 0.002 0.05275862 0.009404205 0.002 0.05306932 0.009165905 0.002 0.05330772 0.008855205 0.002 0.05345752 0.008493405 0.002 0.05350862 0.008105205 0.002 0.05345752 0.007717005 0.002 0.05070962 0.007355205 0.002 0.05055972 0.007717005 0.002 0.05050862 0.008105205 0.002 0.05990002 0.002555205 0.002 0.05966172 0.002244505 0.002 0.06060102 -0.0004047947 0.002 0.05935102 0.002006205 0.002 0.05898922 0.001856305 0.002 0.05860102 0.001805205 0.002 0.05821282 0.001856305 0.002 0.05645602 -0.0004047947 0.002 0.05785102 0.002006205 0.002 0.05754032 0.002244505 0.002 0.05730202 0.002555205 0.002 0.05715212 0.002917005 0.002 0.05710102 0.003305205 0.002 0.05715212 0.003693405 0.002 0.05730202 0.004055205 0.002 0.05754032 0.004365905 0.002 0.05785102 0.004604205 0.002 0.05821282 0.004754105 0.002 0.05860102 0.004805205 0.002 0.05898922 0.004754105 0.002 0.06060102 0.005705205 0.002 0.05935102 0.004604205 0.002 0.05966172 0.004365905 0.002 0.05990002 0.004055205 0.002 0.06004992 0.003693405 0.002 0.06010102 0.003305205 0.002 0.06004992 0.002917005 0.002 0.06060102 0.009936005 0.002 0.05345752 -0.004502995 0.002 0.05330772 -0.004864795 0.002 0.05645602 -0.007654795 0.002 0.05306932 -0.005175495 0.002 0.05275862 -0.005413795 0.002 0.05070962 -0.004864795 0.002 0.05094802 -0.005175495 0.002 0.05125862 -0.005413795 0.002 0.05239692 -0.005563695 0.002 0.05200862 -0.005614795 0.002 0.05162042 -0.005563695 0.002 0.05070962 -0.003364795 0.002 0.05094802 -0.003054095 0.002 0.05125862 -0.002815795 0.002 0.05162042 -0.002665895 0.002 0.05200862 -0.002614795 0.002 0.05239692 -0.002665895 0.002 0.05275862 -0.002815795 0.002 0.05306932 -0.003054095 0.002 0.05330772 -0.003364795 0.002 0.05345752 -0.003726595 0.002 0.05350862 -0.004114795 0.002 0.05055972 -0.004502995 0.002 0.05050862 -0.004114795 0.002 0.05055972 -0.003726595 0.002 0.06060102 -0.007654795 0.002 -0.02685368 -0.01145789 0.002 -0.05484898 -0.007654795 0.002 -0.05484898 -0.01145789 0.002 -0.03718408 -0.01072109 0.002 -0.04735408 -0.01145789 0.002 -0.05415968 -0.01475549 0.002 -0.05439798 -0.01444479 0.002 -0.05484898 -0.01759989 0.002 -0.05165008 -0.01408299 0.002 -0.04990898 -0.01759989 0.002 -0.05159898 -0.01369479 0.002 -0.05165008 -0.01330659 0.002 -0.05179998 -0.01444479 0.002 -0.05203828 -0.01475549 0.002 -0.05234898 -0.01499379 0.002 -0.05271078 -0.01514369 0.002 -0.05309898 -0.01519479 0.002 -0.05348718 -0.01514369 0.002 -0.05384898 -0.01499379 0.002 -0.05439798 -0.01294479 0.002 -0.05415968 -0.01263409 0.002 -0.05384898 -0.01239579 0.002 -0.05234898 -0.01239579 0.002 -0.05203828 -0.01263409 0.002 -0.05179998 -0.01294479 0.002 -0.05454788 -0.01408299 0.002 -0.05459898 -0.01369479 0.002 -0.05454788 -0.01330659 0.002 -0.05348718 -0.01224589 0.002 -0.05309898 -0.01219479 0.002 -0.05271078 -0.01224589 0.002 0.05645602 -0.02718989 0.002 0.01884762 -0.02722539 0.002 0.03167592 -0.02722539 0.002 0.05678132 -0.02704059 0.002 -0.002942487 -0.0312868 0.002 0.01393622 -0.0312868 0.002 0.01884762 -0.0312868 0.002 -0.04879838 -0.01145789 0.002 -0.04879838 -0.01759989 0.002 -0.04879838 -0.02718989 0.002 -0.04879838 -0.02722539 0.002 -0.04879838 -0.0312868 0.002 -0.04735408 -0.01072109 0.002 -0.04990898 -0.02718989 0.002 -0.04990898 -0.02722539 0.002 -0.04990898 -0.0312868 0.002 -0.05484898 -0.02718989 0.002 -0.05484898 -0.02722539 0.002 -0.05484898 -0.0312868 0.002 -0.05489058 0.02295321 0.002 -0.05509898 0.02030521 0.002 -0.05509898 0.01326261 0.002 -0.05509898 0.009936005 0.002 -0.05509898 0.005705205 0.002 -0.05509898 -0.0004047947 0.002 -0.05509898 -0.007654795 0.002 -0.05509898 -0.01145789 0.002 -0.05509898 -0.01759989 0.002 -0.05509898 -0.02718989 0.002 -0.05509898 -0.02722539 0.002 -0.05509898 -0.0312868 0.002 0.03167592 -0.03528487 0.002 0.01884762 -0.03528487 0.002 0.01393622 -0.03528487 0.002 -0.002942487 -0.03528487 0.002 -0.007590177 -0.03528487 0.002 -0.02264518 -0.03528487 0.002 -0.02685368 -0.03528487 0.002 -0.03095148 -0.03528487 0.002 -0.04735408 -0.03528487 0.002 -0.04879838 -0.03528487 0.002 -0.04990898 -0.03528487 0.002 -0.05484898 -0.03528487 0.002 -0.05509898 -0.03528487 0.002 -0.02709138 0.02032521 0.002 -0.02709138 0.02032521 -0.002 -0.02704028 0.02071341 0.002 -0.02704028 0.02071341 -0.002 -0.02689038 0.02107521 0.002 -0.02689038 0.02107521 -0.002 -0.02685368 0.02112301 0.002 -0.02685368 0.02112301 -0.002 -0.02665198 0.02138591 0.002 -0.02665198 0.02138591 -0.002 -0.02634138 0.02162421 0.002 -0.02634138 0.02162421 -0.002 -0.02597958 0.02177411 0.002 -0.02597958 0.02177411 -0.002 -0.02559138 0.02182521 0.002 -0.02559138 0.02182521 -0.002 -0.02520308 0.02177411 0.002 -0.02520308 0.02177411 -0.002 -0.02484138 0.02162421 0.002 -0.02484138 0.02162421 -0.002 -0.02453068 0.02138591 0.002 -0.02453068 0.02138591 -0.002 -0.02429228 0.02107521 0.002 -0.02429228 0.02107521 -0.002 -0.02414248 0.02071341 0.002 -0.02414248 0.02071341 -0.002 -0.02409138 0.02032521 0.002 -0.02409138 0.02032521 -0.002 -0.02414248 0.01993701 0.002 -0.02414248 0.01993701 -0.002 -0.02429228 0.01957521 0.002 -0.02429228 0.01957521 -0.002 -0.02453068 0.01926451 0.002 -0.02453068 0.01926451 -0.002 -0.02484138 0.01902621 0.002 -0.02484138 0.01902621 -0.002 -0.02520308 0.01887631 0.002 -0.02520308 0.01887631 -0.002 -0.02559138 0.01882521 0.002 -0.02559138 0.01882521 -0.002 -0.02597958 0.01887631 0.002 -0.02597958 0.01887631 -0.002 -0.02634138 0.01902621 0.002 -0.02634138 0.01902621 -0.002 -0.02665198 0.01926451 0.002 -0.02665198 0.01926451 -0.002 -0.02685368 0.01952741 0.002 -0.02685368 0.01952741 -0.002 -0.02689038 0.01957521 0.002 -0.02689038 0.01957521 -0.002 -0.02704028 0.01993701 0.002 -0.02704028 0.01993701 -0.002 0.007063623 -0.01855759 0.002 0.007063623 -0.01855759 0.00149458 0.007063623 -0.02718989 0.002 0.007063623 -0.02720259 0.00149458 0.007063623 -0.02720259 0.002 -0.04680738 -0.02724809 0.00147334 -0.04680738 -0.01860319 0.00147334 -0.04680738 -0.01860319 0.002 -0.04680738 -0.02718989 0.002 -0.04680738 -0.02722539 0.002 -0.04680738 -0.02724809 0.002 0.007063623 -0.02720259 -0.002 0.007063623 -0.02720259 -0.001494576 0.007063623 -0.02718989 -0.002 0.007063623 -0.01855759 -0.001494576 0.007063623 -0.01855759 -0.002 0.007063623 -0.02720259 0.002 0.007063623 -0.02720259 0.00149458 0.006802823 -0.02720259 0.00144889 -0.002942487 -0.02720259 -0.002 0.006130323 -0.02720259 -0.00106066 0.006441023 -0.02720259 -0.001299038 -0.002942487 -0.02720259 0.002 0.006441023 -0.02720259 0.00129904 0.006130323 -0.02720259 0.00106066 0.005892023 -0.02720259 0.0007499996 -0.006573937 -0.02720259 -0.002 -0.006573937 -0.02720259 0.002 0.007063623 -0.02720259 -0.002 0.006802823 -0.02720259 -0.001448889 0.007063623 -0.02720259 -0.001494576 0.005742123 -0.02720259 0.0003882296 0.005691023 -0.02720259 -4.245606e-10 0.005742123 -0.02720259 -0.0003882304 0.005892023 -0.02720259 -0.0007500004 0.006441023 -0.01855759 -0.001299038 0.006130323 -0.01855759 -0.00106066 -0.002942487 -0.01855759 -0.002 0.005892023 -0.01855759 0.0007499996 0.006130323 -0.01855759 0.00106066 -0.002942487 -0.01855759 0.002 0.006441023 -0.01855759 0.00129904 0.007063623 -0.01855759 0.002 0.006802823 -0.01855759 0.00144889 0.007063623 -0.01855759 0.00149458 0.006802823 -0.01855759 -0.001448889 0.007063623 -0.01855759 -0.002 0.007063623 -0.01855759 -0.001494576 0.005892023 -0.01855759 -0.0007500004 0.005742123 -0.01855759 -0.0003882304 0.005691023 -0.01855759 -4.245606e-10 -0.006573937 -0.01855759 -0.002 -0.006573937 -0.01855759 0.002 0.005742123 -0.01855759 0.0003882296 0.03403992 -0.03528487 -0.0003882304 0.03389002 -0.03528487 -0.0007500004 0.04060102 -0.03528487 -0.002 0.03365172 -0.03528487 -0.00106066 -0.04735408 -0.03528487 -0.002 -0.03095148 -0.03528487 -0.002 -0.04670078 -0.03528487 -0.001448889 -0.04633898 -0.03528487 -0.001299038 -0.04564008 -0.03528487 -0.0003882304 -0.04578998 -0.03528487 -0.0007500004 -0.04602828 -0.03528487 -0.00106066 0.03259102 -0.03528487 -0.0015 0.03167592 -0.03528487 -0.002 0.03297922 -0.03528487 -0.001448889 0.03334102 -0.03528487 -0.001299038 0.006130323 -0.03528487 -0.00106066 0.005892023 -0.03528487 -0.0007500004 -0.002942487 -0.03528487 -0.002 -0.04708898 -0.03528487 -0.0015 -0.04747718 -0.03528487 -0.001448889 -0.04879838 -0.03528487 -0.002 -0.04879838 -0.03528487 0.002 -0.04783898 -0.03528487 0.00129904 -0.04735408 -0.03528487 0.002 -0.04747718 -0.03528487 0.00144889 -0.04602828 -0.03528487 0.00106066 -0.04578998 -0.03528487 0.0007499996 -0.03095148 -0.03528487 0.002 -0.04564008 -0.03528487 0.0003882296 0.01884762 -0.03528487 -0.002 0.03129202 -0.03528487 -0.0007500004 0.03114212 -0.03528487 -0.0003882304 0.01884762 -0.03528487 0.002 0.03129202 -0.03528487 0.0007499996 0.03153032 -0.03528487 0.00106066 0.03365172 -0.03528487 0.00106066 0.03389002 -0.03528487 0.0007499996 0.04060102 -0.03528487 0.002 0.03403992 -0.03528487 0.0003882296 0.03409102 -0.03528487 -4.245606e-10 -0.04783898 -0.03528487 -0.001299038 -0.04814968 -0.03528487 -0.00106066 -0.04990898 -0.03528487 -0.002 -0.04838798 -0.03528487 -0.0007500004 -0.05484898 -0.03528487 -0.002 -0.04853788 -0.03528487 -0.0003882304 -0.04858898 -0.03528487 -4.245606e-10 -0.04708898 -0.03528487 0.0015 -0.04670078 -0.03528487 0.00144889 -0.04633898 -0.03528487 0.00129904 0.006441023 -0.03528487 -0.001299038 0.03167592 -0.03528487 0.002 0.03184102 -0.03528487 0.00129904 0.03220282 -0.03528487 0.00144889 -0.05509898 -0.03528487 -0.002 -0.05509898 -0.03528487 0.002 -0.05484898 -0.03528487 0.002 -0.04853788 -0.03528487 0.0003882296 -0.04990898 -0.03528487 0.002 -0.04838798 -0.03528487 0.0007499996 -0.04814968 -0.03528487 0.00106066 0.006130323 -0.03528487 0.00106066 0.006441023 -0.03528487 0.00129904 -0.002942487 -0.03528487 0.002 -0.02685368 -0.03528487 0.002 -0.02313788 -0.03528487 0.0003882296 0.03220282 -0.03528487 -0.001448889 0.03184102 -0.03528487 -0.001299038 0.03153032 -0.03528487 -0.00106066 0.008251723 -0.03528487 -0.00106066 0.007941023 -0.03528487 -0.001299038 0.01393622 -0.03528487 -0.002 0.03259102 -0.03528487 0.0015 0.03297922 -0.03528487 0.00144889 0.03334102 -0.03528487 0.00129904 0.005892023 -0.03528487 0.0007499996 0.008490023 -0.03528487 -0.0007500004 0.007579223 -0.03528487 -0.001448889 0.007191023 -0.03528487 -0.0015 0.006802823 -0.03528487 -0.001448889 -0.04558898 -0.03528487 -4.245606e-10 -0.02318898 -0.03528487 -4.245606e-10 0.008490023 -0.03528487 0.0007499996 0.01393622 -0.03528487 0.002 0.008251723 -0.03528487 0.00106066 0.007941023 -0.03528487 0.00129904 0.008691023 -0.03528487 -4.245606e-10 0.03109102 -0.03528487 -4.245606e-10 0.03114212 -0.03528487 0.0003882296 0.008639923 -0.03528487 -0.0003882304 -0.02298798 -0.03528487 0.0007499996 -0.02274968 -0.03528487 0.00106066 -0.02264518 -0.03528487 0.002 -0.02243898 -0.03528487 0.00129904 -0.02207718 -0.03528487 0.00144889 0.006802823 -0.03528487 0.00144889 0.007191023 -0.03528487 0.0015 0.007579223 -0.03528487 0.00144889 0.008639923 -0.03528487 0.0003882296 -0.02274968 -0.03528487 -0.00106066 -0.02685368 -0.03528487 -0.002 -0.02243898 -0.03528487 -0.001299038 -0.02264518 -0.03528487 -0.002 -0.02207718 -0.03528487 -0.001448889 -0.02168898 -0.03528487 0.0015 -0.02130078 -0.03528487 0.00144889 -0.007590177 -0.03528487 0.002 -0.02093898 -0.03528487 0.00129904 -0.02062832 -0.03528487 0.00106066 -0.02038994 -0.03528487 0.0007499996 -0.02024009 -0.03528487 0.0003882296 -0.02313788 -0.03528487 -0.0003882304 -0.02298798 -0.03528487 -0.0007500004 -0.02018898 -0.03528487 -4.245606e-10 0.005691023 -0.03528487 -4.245606e-10 0.005742123 -0.03528487 0.0003882296 -0.02024009 -0.03528487 -0.0003882304 -0.02038994 -0.03528487 -0.0007500004 -0.007590177 -0.03528487 -0.002 -0.02062832 -0.03528487 -0.00106066 -0.02093898 -0.03528487 -0.001299038 -0.02130078 -0.03528487 -0.001448889 -0.02168898 -0.03528487 -0.0015 0.005742123 -0.03528487 -0.0003882304 0.05050862 0.02032521 0.002 0.05050862 0.02032521 -0.002 0.05055972 0.02071341 0.002 0.05055972 0.02071341 -0.002 0.05070962 0.02107521 0.002 0.05070962 0.02107521 -0.002 0.05094802 0.02138591 0.002 0.05094802 0.02138591 -0.002 0.05125862 0.02162421 0.002 0.05125862 0.02162421 -0.002 0.05162042 0.02177411 0.002 0.05162042 0.02177411 -0.002 0.05200862 0.02182521 0.002 0.05200862 0.02182521 -0.002 0.05239692 0.02177411 0.002 0.05239692 0.02177411 -0.002 0.05275862 0.02162421 0.002 0.05275862 0.02162421 -0.002 0.05306932 0.02138591 0.002 0.05306932 0.02138591 -0.002 0.05330772 0.02107521 0.002 0.05330772 0.02107521 -0.002 0.05345752 0.02071341 0.002 0.05345752 0.02071341 -0.002 0.05350862 0.02032521 0.002 0.05350862 0.02032521 -0.002 0.05345752 0.01993701 0.002 0.05345752 0.01993701 -0.002 0.05330772 0.01957521 0.002 0.05330772 0.01957521 -0.002 0.05306932 0.01926451 0.002 0.05306932 0.01926451 -0.002 0.05275862 0.01902621 0.002 0.05275862 0.01902621 -0.002 0.05239692 0.01887631 0.002 0.05239692 0.01887631 -0.002 0.05200862 0.01882521 0.002 0.05200862 0.01882521 -0.002 0.05162042 0.01887631 0.002 0.05162042 0.01887631 -0.002 0.05125862 0.01902621 0.002 0.05125862 0.01902621 -0.002 0.05094802 0.01926451 0.002 0.05094802 0.01926451 -0.002 0.05070962 0.01957521 0.002 0.05070962 0.01957521 -0.002 0.05055972 0.01993701 0.002 0.05055972 0.01993701 -0.002 0.05050862 0.008105205 0.002 0.05050862 0.008105205 -0.002 0.05055972 0.008493405 0.002 0.05055972 0.008493405 -0.002 0.05070962 0.008855205 0.002 0.05070962 0.008855205 -0.002 0.05094802 0.009165905 0.002 0.05094802 0.009165905 -0.002 0.05125862 0.009404205 0.002 0.05125862 0.009404205 -0.002 0.05162042 0.009554105 0.002 0.05162042 0.009554105 -0.002 0.05200862 0.009605205 0.002 0.05200862 0.009605205 -0.002 0.05239692 0.009554105 0.002 0.05239692 0.009554105 -0.002 0.05275862 0.009404205 0.002 0.05275862 0.009404205 -0.002 0.05306932 0.009165905 0.002 0.05306932 0.009165905 -0.002 0.05330772 0.008855205 0.002 0.05330772 0.008855205 -0.002 0.05345752 0.008493405 0.002 0.05345752 0.008493405 -0.002 0.05350862 0.008105205 0.002 0.05350862 0.008105205 -0.002 0.05345752 0.007717005 0.002 0.05345752 0.007717005 -0.002 0.05330772 0.007355205 0.002 0.05330772 0.007355205 -0.002 0.05306932 0.007044505 0.002 0.05306932 0.007044505 -0.002 0.05275862 0.006806205 0.002 0.05275862 0.006806205 -0.002 0.05239692 0.006656305 0.002 0.05239692 0.006656305 -0.002 0.05200862 0.006605205 0.002 0.05200862 0.006605205 -0.002 0.05162042 0.006656305 0.002 0.05162042 0.006656305 -0.002 0.05125862 0.006806205 0.002 0.05125862 0.006806205 -0.002 0.05094802 0.007044505 0.002 0.05094802 0.007044505 -0.002 0.05070962 0.007355205 0.002 0.05070962 0.007355205 -0.002 0.05055972 0.007717005 0.002 0.05055972 0.007717005 -0.002 0.04780102 0.02610521 -0.002 0.04780102 0.02610521 0.002 0.03167592 0.02610521 -0.002 0.03167592 0.02610521 0.002 0.01884762 0.02610521 -0.002 0.01884762 0.02610521 0.002 0.01393622 0.02610521 -0.002 0.01393622 0.02610521 0.002 -0.002942487 0.02610521 -0.002 -0.002942487 0.02610521 0.002 -0.007590177 0.02610521 -0.002 -0.007590177 0.02610521 0.002 -0.02119898 0.02610521 -0.002 -0.02119898 0.02610521 0.002 0.05050862 -0.004114795 0.002 0.05050862 -0.004114795 -0.002 0.05055972 -0.003726595 0.002 0.05055972 -0.003726595 -0.002 0.05070962 -0.003364795 0.002 0.05070962 -0.003364795 -0.002 0.05094802 -0.003054095 0.002 0.05094802 -0.003054095 -0.002 0.05125862 -0.002815795 0.002 0.05125862 -0.002815795 -0.002 0.05162042 -0.002665895 0.002 0.05162042 -0.002665895 -0.002 0.05200862 -0.002614795 0.002 0.05200862 -0.002614795 -0.002 0.05239692 -0.002665895 0.002 0.05239692 -0.002665895 -0.002 0.05275862 -0.002815795 0.002 0.05275862 -0.002815795 -0.002 0.05306932 -0.003054095 0.002 0.05306932 -0.003054095 -0.002 0.05330772 -0.003364795 0.002 0.05330772 -0.003364795 -0.002 0.05345752 -0.003726595 0.002 0.05345752 -0.003726595 -0.002 0.05350862 -0.004114795 0.002 0.05350862 -0.004114795 -0.002 0.05345752 -0.004502995 0.002 0.05345752 -0.004502995 -0.002 0.05330772 -0.004864795 0.002 0.05330772 -0.004864795 -0.002 0.05306932 -0.005175495 0.002 0.05306932 -0.005175495 -0.002 0.05275862 -0.005413795 0.002 0.05275862 -0.005413795 -0.002 0.05239692 -0.005563695 0.002 0.05239692 -0.005563695 -0.002 0.05200862 -0.005614795 0.002 0.05200862 -0.005614795 -0.002 0.05162042 -0.005563695 0.002 0.05162042 -0.005563695 -0.002 0.05125862 -0.005413795 0.002 0.05125862 -0.005413795 -0.002 0.05094802 -0.005175495 0.002 0.05094802 -0.005175495 -0.002 0.05070962 -0.004864795 0.002 0.05070962 -0.004864795 -0.002 0.05055972 -0.004502995 0.002 0.05055972 -0.004502995 -0.002 -0.04680738 -0.01860319 -0.002 -0.04680738 -0.01860319 -0.001473338 -0.04680738 -0.02718989 -0.002 -0.04680738 -0.02724809 -0.001473338 -0.04680738 -0.02722539 -0.002 -0.04680738 -0.02724809 -0.002 -0.04578998 -0.02724809 -0.0007500004 -0.03316988 -0.02724809 -0.002 -0.04602828 -0.02724809 -0.00106066 -0.04633898 -0.02724809 -0.001299038 -0.04670078 -0.02724809 -0.001448889 -0.04680738 -0.02724809 -0.002 -0.04680738 -0.02724809 -0.001473338 -0.04578998 -0.02724809 0.0007499996 -0.04602828 -0.02724809 0.00106066 -0.03316988 -0.02724809 0.002 -0.04633898 -0.02724809 0.00129904 -0.04680738 -0.02724809 0.002 -0.04670078 -0.02724809 0.00144889 -0.04680738 -0.02724809 0.00147334 -0.04564008 -0.02724809 -0.0003882304 -0.04558898 -0.02724809 -4.245606e-10 -0.04564008 -0.02724809 0.0003882296 -0.03316988 -0.02724809 -0.002 -0.03316988 -0.02724809 0.002 -0.03316988 -0.02722539 -0.002 -0.03316988 -0.02722539 0.002 -0.03316988 -0.02718989 -0.002 -0.03316988 -0.02718989 0.002 -0.03316988 -0.01860319 -0.002 -0.03316988 -0.01860319 0.002 -0.04564008 -0.01860319 -0.0003882304 -0.04578998 -0.01860319 -0.0007500004 -0.03316988 -0.01860319 -0.002 -0.03316988 -0.01860319 0.002 -0.04633898 -0.01860319 0.00129904 -0.04602828 -0.01860319 0.00106066 -0.04602828 -0.01860319 -0.00106066 -0.04633898 -0.01860319 -0.001299038 -0.04680738 -0.01860319 -0.002 -0.04670078 -0.01860319 -0.001448889 -0.04680738 -0.01860319 -0.001473338 -0.04670078 -0.01860319 0.00144889 -0.04680738 -0.01860319 0.002 -0.04680738 -0.01860319 0.00147334 -0.04578998 -0.01860319 0.0007499996 -0.04564008 -0.01860319 0.0003882296 -0.04558898 -0.01860319 -4.245606e-10 -0.02661608 -0.01864379 -0.002 -0.02661608 -0.01864379 0.002 -0.02661608 -0.02718989 -0.002 -0.02661608 -0.02718989 0.002 -0.02661608 -0.02722539 -0.002 -0.02661608 -0.02722539 0.002 -0.02661608 -0.02728869 -0.002 -0.02661608 -0.02728869 0.002 -0.02661608 -0.02728869 0.002 -0.02274968 -0.02728869 0.00106066 -0.02298798 -0.02728869 0.0007499996 -0.02243898 -0.02728869 0.00129904 -0.02264518 -0.02728869 0.002 -0.02207718 -0.02728869 0.00144889 -0.02062832 -0.02728869 -0.00106066 -0.02038994 -0.02728869 -0.0007500004 -0.01297853 -0.02728869 -0.002 -0.02038994 -0.02728869 0.0007499996 -0.02062832 -0.02728869 0.00106066 -0.01297853 -0.02728869 0.002 -0.02207718 -0.02728869 -0.001448889 -0.02168898 -0.02728869 -0.0015 -0.02264518 -0.02728869 -0.002 -0.02130078 -0.02728869 -0.001448889 -0.02093898 -0.02728869 -0.001299038 -0.02024009 -0.02728869 -0.0003882304 -0.02018898 -0.02728869 -4.245606e-10 -0.02024009 -0.02728869 0.0003882296 -0.02093898 -0.02728869 0.00129904 -0.02130078 -0.02728869 0.00144889 -0.02168898 -0.02728869 0.0015 -0.02313788 -0.02728869 0.0003882296 -0.02318898 -0.02728869 -4.245606e-10 -0.02661608 -0.02728869 -0.002 -0.02313788 -0.02728869 -0.0003882304 -0.02298798 -0.02728869 -0.0007500004 -0.02274968 -0.02728869 -0.00106066 -0.02243898 -0.02728869 -0.001299038 -0.01297853 -0.02728869 -0.002 -0.01297853 -0.02728869 0.002 -0.01297853 -0.02722539 -0.002 -0.01297853 -0.02722539 0.002 -0.01297853 -0.02718989 -0.002 -0.01297853 -0.02718989 0.002 -0.01297853 -0.01864379 -0.002 -0.01297853 -0.01864379 0.002 -0.02313788 -0.01864379 0.0003882296 -0.02298798 -0.01864379 0.0007499996 -0.02661608 -0.01864379 0.002 -0.02274968 -0.01864379 0.00106066 -0.02264518 -0.01864379 0.002 -0.02243898 -0.01864379 0.00129904 -0.02207718 -0.01864379 0.00144889 -0.02168898 -0.01864379 0.0015 -0.02130078 -0.01864379 0.00144889 -0.01297853 -0.01864379 0.002 -0.02093898 -0.01864379 0.00129904 -0.02062832 -0.01864379 0.00106066 -0.02018898 -0.01864379 -4.245606e-10 -0.01297853 -0.01864379 -0.002 -0.02024009 -0.01864379 0.0003882296 -0.02038994 -0.01864379 0.0007499996 -0.02024009 -0.01864379 -0.0003882304 -0.02038994 -0.01864379 -0.0007500004 -0.02062832 -0.01864379 -0.00106066 -0.02168898 -0.01864379 -0.0015 -0.02264518 -0.01864379 -0.002 -0.02130078 -0.01864379 -0.001448889 -0.02093898 -0.01864379 -0.001299038 -0.02207718 -0.01864379 -0.001448889 -0.02243898 -0.01864379 -0.001299038 -0.02661608 -0.01864379 -0.002 -0.02274968 -0.01864379 -0.00106066 -0.02298798 -0.01864379 -0.0007500004 -0.02313788 -0.01864379 -0.0003882304 -0.02318898 -0.01864379 -4.245606e-10 -0.006573937 -0.01855759 -0.002 -0.006573937 -0.01855759 0.002 -0.006573937 -0.02718989 -0.002 -0.006573937 -0.02718989 0.002 -0.006573937 -0.02720259 -0.002 -0.006573937 -0.02720259 0.002 0.01467142 -0.01853229 0.002 0.01467142 -0.02717729 0.002 0.01467142 -0.01853229 -0.002 0.01467142 -0.02717729 -0.002 -0.002942487 0.02674811 -0.002 -0.007590177 0.02674811 -0.002 -0.007590177 0.02908181 -0.002 -0.04735408 -0.0312868 -0.002 -0.04879838 -0.0312868 -0.002 -0.04879838 -0.02722539 -0.002 -0.02665198 0.02138591 -0.002 -0.02685368 0.02112301 -0.002 -0.02685368 0.02295321 -0.002 -0.02119898 0.01326261 -0.002 -0.02264518 0.01326261 -0.002 -0.02264518 0.02295321 -0.002 -0.05127928 0.03206091 -0.002 -0.04990898 0.03366531 -0.002 -0.04990898 0.02915791 -0.002 0.05662352 -0.02722539 -0.002 0.05645602 -0.02722539 -0.002 0.05645602 -0.02718989 -0.002 0.05645602 -0.02742149 -0.002 -0.04735408 0.01026671 -0.002 -0.04879838 0.01026671 -0.002 -0.04879838 0.01326261 -0.002 -0.05012198 0.005705205 -0.002 -0.05484898 0.005705205 -0.002 -0.05484898 0.009936005 -0.002 -0.05012198 0.002444005 -0.002 -0.04990898 0.002444005 -0.002 -0.04990898 -0.0004047947 -0.002 -0.03538878 0.02408121 -0.002 -0.04735408 0.02408121 -0.002 -0.04735408 0.02674811 -0.002 -0.008606407 0.02935031 -0.002 -0.008606407 0.03698071 -0.002 -0.007590177 0.03698071 -0.002 -0.02111838 0.03717311 -0.002 -0.02111838 0.03698071 -0.002 -0.02264518 0.03698071 -0.002 0.04329912 0.03702361 -0.002 0.04329912 0.03698071 -0.002 0.03167592 0.03698071 -0.002 -0.01297853 -0.02728869 -0.002 -0.01297853 -0.02722539 -0.002 -0.007590177 -0.02722539 -0.002 -0.01297853 -0.02718989 -0.002 -0.02689038 -0.004864795 -0.002 -0.02685368 -0.004912595 -0.002 -0.02685368 -0.007654795 -0.002 -0.02665198 -0.005175495 -0.002 -0.02634138 -0.002815795 -0.002 -0.02685368 -0.0004047947 -0.002 -0.02597958 -0.002665895 -0.002 -0.02559138 -0.002614795 -0.002 -0.02634138 -0.005413795 -0.002 -0.02597958 -0.005563695 -0.002 -0.02559138 -0.005614795 -0.002 -0.02453068 -0.005175495 -0.002 -0.02429228 -0.004864795 -0.002 -0.02264518 -0.007654795 -0.002 -0.02414248 -0.004502995 -0.002 -0.02409138 -0.004114795 -0.002 -0.02520308 -0.002665895 -0.002 -0.02264518 -0.0004047947 -0.002 -0.02484138 -0.002815795 -0.002 -0.02414248 -0.003726595 -0.002 -0.02520308 -0.005563695 -0.002 -0.02484138 -0.005413795 -0.002 -0.02429228 -0.003364795 -0.002 -0.02453068 -0.003054095 -0.002 -0.02665198 -0.003054095 -0.002 -0.02685368 -0.003316995 -0.002 -0.03095148 -0.0004047947 -0.002 -0.03095148 -0.007654795 -0.002 -0.02704028 -0.004502995 -0.002 -0.02689038 -0.003364795 -0.002 -0.02704028 -0.003726595 -0.002 -0.02709138 -0.004114795 -0.002 -0.03316988 -0.01860319 -0.002 -0.04680738 -0.01860319 -0.002 -0.04735408 -0.01759989 -0.002 -0.03095148 -0.01759989 -0.002 -0.03095148 -0.02718989 -0.002 -0.03316988 -0.02718989 -0.002 -0.03095148 -0.02722539 -0.002 -0.04735408 -0.02722539 -0.002 -0.04680738 -0.02722539 -0.002 -0.04680738 -0.02724809 -0.002 -0.04735408 -0.02718989 -0.002 -0.04680738 -0.02718989 -0.002 -0.02264518 -0.01864379 -0.002 -0.02264518 -0.01759989 -0.002 -0.01297853 -0.01864379 -0.002 -0.007590177 -0.01759989 -0.002 -0.007590177 -0.02718989 -0.002 -0.007590177 -0.0312868 -0.002 -0.02264518 -0.0312868 -0.002 -0.02264518 -0.02728869 -0.002 -0.02685368 -0.02718989 -0.002 -0.02661608 -0.02722539 -0.002 -0.02685368 -0.02722539 -0.002 -0.02661608 -0.02728869 -0.002 -0.02685368 -0.0312868 -0.002 -0.02685368 -0.01759989 -0.002 -0.02661608 -0.01864379 -0.002 -0.02661608 -0.02718989 -0.002 -0.002942487 -0.02722539 -0.002 -0.006573937 -0.02720259 -0.002 -0.006573937 -0.02718989 -0.002 -0.006573937 -0.01855759 -0.002 -0.002942487 -0.01855759 -0.002 -0.002942487 -0.01759989 -0.002 0.007063623 -0.01855759 -0.002 0.01393622 -0.01759989 -0.002 0.007063623 -0.02718989 -0.002 0.01393622 -0.02718989 -0.002 0.007063623 -0.02720259 -0.002 0.01884762 -0.02718989 -0.002 0.01884762 -0.02717729 -0.002 0.02830892 -0.02717729 -0.002 0.01467142 -0.02717729 -0.002 0.01467142 -0.01853229 -0.002 0.01884762 -0.01853229 -0.002 0.01884762 -0.01759989 -0.002 0.02830892 -0.01853229 -0.002 0.03167592 -0.01759989 -0.002 0.03167592 -0.02718989 -0.002 0.03167592 -0.01145789 -0.002 0.04959452 -0.01145789 -0.002 0.04868042 -0.01666749 -0.002 0.04959452 -0.01759989 -0.002 0.04868042 -0.01759989 -0.002 0.04868042 -0.02531249 -0.002 0.04959452 -0.02718989 -0.002 0.03504292 -0.02531249 -0.002 0.03504292 -0.01759989 -0.002 0.03504292 -0.01666749 -0.002 0.04959452 0.04030521 -0.002 0.05645602 0.04030521 -0.002 0.05581102 0.03702361 -0.002 0.05645602 0.03698071 -0.002 0.05581102 0.03698071 -0.002 0.04959452 0.02915791 -0.002 0.04959452 0.02920081 -0.002 0.05581102 0.02920081 -0.002 0.04329912 0.02920081 -0.002 0.03553572 0.02915791 -0.002 0.03553572 0.03687131 -0.002 0.04959452 0.02908181 -0.002 0.03553572 0.02908181 -0.002 0.02302372 0.03687131 -0.002 0.02302372 0.02915791 -0.002 0.01884762 0.02915791 -0.002 0.02302372 0.02908181 -0.002 0.0006889229 0.02911501 -0.002 0.01320092 0.02911501 -0.002 0.01393622 0.02908181 -0.002 -0.02264518 0.04030521 -0.002 -0.007590177 0.04030521 -0.002 -0.008606407 0.03717311 -0.002 -0.02264518 0.02915791 -0.002 -0.03095148 0.02674811 -0.002 -0.03538878 0.02295321 -0.002 -0.03095148 0.02295321 -0.002 -0.03538878 0.01625841 -0.002 -0.03095148 0.01326261 -0.002 -0.04735408 0.01625841 -0.002 -0.04879838 0.02295321 -0.002 -0.04879838 0.02674811 -0.002 -0.04790078 0.02408121 -0.002 -0.03761008 0.009936005 -0.002 -0.03761008 0.01026671 -0.002 -0.04735408 0.01326261 -0.002 -0.04790078 0.01625841 -0.002 -0.04879838 -0.0004047947 -0.002 -0.04879838 0.002444005 -0.002 -0.04735408 -0.0004047947 -0.002 -0.04735408 0.002444005 -0.002 -0.05484898 -0.0004047947 -0.002 -0.05439798 0.002555205 -0.002 -0.05415968 0.002244505 -0.002 -0.05384898 0.002006205 -0.002 -0.05348718 0.001856305 -0.002 -0.05309898 0.001805205 -0.002 -0.05271078 0.001856305 -0.002 -0.05234898 0.002006205 -0.002 -0.05203828 0.002244505 -0.002 -0.05179998 0.002555205 -0.002 -0.05179998 0.004055205 -0.002 -0.05203828 0.004365905 -0.002 -0.05165008 0.002917005 -0.002 -0.05159898 0.003305205 -0.002 -0.05165008 0.003693405 -0.002 -0.05348718 0.004754105 -0.002 -0.05384898 0.004604205 -0.002 -0.05415968 0.004365905 -0.002 -0.05439798 0.004055205 -0.002 -0.05454788 0.003693405 -0.002 -0.05459898 0.003305205 -0.002 -0.05454788 0.002917005 -0.002 -0.05234898 0.004604205 -0.002 -0.05271078 0.004754105 -0.002 -0.05309898 0.004805205 -0.002 -0.04990898 0.01326261 -0.002 -0.04990898 0.01026671 -0.002 -0.05484898 0.01326261 -0.002 -0.05012198 0.01026671 -0.002 -0.05012198 0.009936005 -0.002 -0.04790078 0.02295321 -0.002 -0.02873308 0.02908181 -0.002 -0.02873308 0.02915791 -0.002 -0.02685368 0.02908181 -0.002 -0.02685368 0.02915791 -0.002 -0.02873308 0.02739091 -0.002 -0.02685368 0.02674811 -0.002 -0.03095148 0.02739091 -0.002 -0.04124508 0.02908181 -0.002 -0.04124508 0.02739091 -0.002 -0.04735408 0.02908181 -0.002 -0.04735408 0.02915791 -0.002 -0.04124508 0.02915791 -0.002 0.05474312 -0.02942699 -0.002 0.05256562 -0.0312868 -0.002 0.04959452 -0.0312868 -0.002 0.05235672 -0.03146521 -0.002 0.04968082 -0.033105 -0.002 0.04959452 -0.03314075 -0.002 0.03167592 -0.0312868 -0.002 0.04678132 -0.034306 -0.002 0.04372972 -0.03503864 -0.002 0.05962212 -0.02146519 -0.002 0.05645602 -0.01759989 -0.002 0.06035482 -0.01841359 -0.002 0.06041882 -0.01759989 -0.002 0.05842112 -0.02436469 -0.002 0.05678132 -0.02704059 -0.002 0.05665382 -0.02718989 -0.002 0.05645602 -0.01145789 -0.002 0.05710102 -0.01369479 -0.002 0.05715212 -0.01408299 -0.002 0.05730202 -0.01444479 -0.002 0.05754032 -0.01475549 -0.002 0.05754032 -0.01263409 -0.002 0.05730202 -0.01294479 -0.002 0.05715212 -0.01330659 -0.002 0.05860102 -0.01519479 -0.002 0.05821282 -0.01514369 -0.002 0.05785102 -0.01499379 -0.002 0.05898922 -0.01514369 -0.002 0.05935102 -0.01499379 -0.002 0.06060102 -0.01528489 -0.002 0.05966172 -0.01475549 -0.002 0.05990002 -0.01444479 -0.002 0.06004992 -0.01408299 -0.002 0.06010102 -0.01369479 -0.002 0.06060102 -0.01145789 -0.002 0.06004992 -0.01330659 -0.002 0.05990002 -0.01294479 -0.002 0.05966172 -0.01263409 -0.002 0.05860102 -0.01219479 -0.002 0.05821282 -0.01224589 -0.002 0.05785102 -0.01239579 -0.002 0.05935102 -0.01239579 -0.002 0.05898922 -0.01224589 -0.002 -0.04604668 0.03698071 -0.002 -0.04417878 0.03812531 -0.002 -0.03095148 0.03698071 -0.002 -0.04127928 0.03932631 -0.002 -0.03822768 0.04005901 -0.002 -0.04924108 0.03444731 -0.002 -0.04879838 0.02915791 -0.002 -0.04879838 0.03482541 -0.002 -0.04735408 0.03605901 -0.002 -0.05412008 0.02648551 -0.002 -0.05401138 0.02674811 -0.002 -0.04990898 0.02674811 -0.002 -0.05304468 0.02908181 -0.002 -0.04990898 0.02908181 -0.002 -0.05301318 0.02915791 -0.002 -0.05291908 0.02938501 -0.002 -0.05484898 0.02344961 -0.002 -0.05484898 0.02295321 -0.002 -0.05485278 0.02343391 -0.002 -0.05489058 0.02295321 -0.002 -0.04735408 -0.01145789 -0.002 -0.04735408 -0.01072109 -0.002 -0.03718408 -0.01072109 -0.002 -0.04879838 -0.01072109 -0.002 -0.02119898 -0.0004047947 -0.002 -0.02119898 -0.007654795 -0.002 -0.02264518 0.005705205 -0.002 -0.02264518 0.009936005 -0.002 -0.02119898 0.005705205 -0.002 -0.02119898 0.009936005 -0.002 -0.02264518 0.02674811 -0.002 -0.02119898 0.02610521 -0.002 -0.02119898 0.02295321 -0.002 -0.007590177 0.02610521 -0.002 -0.002942487 0.02610521 -0.002 0.01393622 0.02610521 -0.002 0.01884762 0.02674811 -0.002 0.03167592 0.02674811 -0.002 0.03167592 0.02610521 -0.002 0.04780102 0.02295321 -0.002 0.04780102 0.02610521 -0.002 0.04959452 0.02674811 -0.002 0.03553572 0.02904851 -0.002 0.04959452 0.02295321 -0.002 0.04959452 0.01326261 -0.002 0.04780102 0.01326261 -0.002 0.04959452 0.009936005 -0.002 0.04780102 0.009936005 -0.002 0.04959452 0.005705205 -0.002 0.04780102 0.005705205 -0.002 0.04959452 -0.0004047947 -0.002 0.04780102 -0.0004047947 -0.002 0.04959452 -0.007654795 -0.002 -0.02264518 -0.01145789 -0.002 -0.02119898 -0.009694795 -0.002 -0.007590177 -0.01145789 -0.002 -0.007590177 -0.009694795 -0.002 -0.002942487 -0.01145789 -0.002 -0.002942487 -0.009694795 -0.002 0.01393622 -0.01145789 -0.002 0.01393622 -0.009694795 -0.002 0.01884762 -0.01145789 -0.002 0.01884762 -0.009694795 -0.002 0.03167592 -0.009694795 -0.002 0.04780102 -0.009694795 -0.002 0.04780102 -0.007654795 -0.002 -0.02665198 0.007044505 -0.002 -0.02634138 0.006806205 -0.002 -0.02685368 0.005705205 -0.002 -0.02484138 0.006806205 -0.002 -0.02453068 0.007044505 -0.002 -0.02484138 0.009404205 -0.002 -0.02520308 0.009554105 -0.002 -0.02559138 0.009605205 -0.002 -0.02685368 0.009936005 -0.002 -0.02597958 0.009554105 -0.002 -0.02634138 0.009404205 -0.002 -0.02597958 0.006656305 -0.002 -0.02559138 0.006605205 -0.002 -0.02520308 0.006656305 -0.002 -0.02429228 0.007355205 -0.002 -0.02414248 0.007717005 -0.002 -0.02409138 0.008105205 -0.002 -0.02414248 0.008493405 -0.002 -0.02429228 0.008855205 -0.002 -0.02453068 0.009165905 -0.002 -0.02665198 0.009165905 -0.002 -0.02685368 0.008903005 -0.002 -0.03095148 0.009936005 -0.002 -0.02689038 0.008855205 -0.002 -0.03095148 0.005705205 -0.002 -0.02689038 0.007355205 -0.002 -0.02685368 0.007307405 -0.002 -0.02704028 0.008493405 -0.002 -0.02709138 0.008105205 -0.002 -0.02704028 0.007717005 -0.002 -0.02484138 0.02162421 -0.002 -0.02520308 0.02177411 -0.002 -0.02634138 0.02162421 -0.002 -0.02665198 0.01926451 -0.002 -0.02634138 0.01902621 -0.002 -0.02685368 0.01326261 -0.002 -0.02484138 0.01902621 -0.002 -0.02453068 0.01926451 -0.002 -0.02559138 0.02182521 -0.002 -0.02597958 0.02177411 -0.002 -0.02597958 0.01887631 -0.002 -0.02559138 0.01882521 -0.002 -0.02520308 0.01887631 -0.002 -0.02429228 0.01957521 -0.002 -0.02414248 0.01993701 -0.002 -0.02409138 0.02032521 -0.002 -0.02414248 0.02071341 -0.002 -0.02429228 0.02107521 -0.002 -0.02453068 0.02138591 -0.002 -0.02689038 0.01957521 -0.002 -0.02685368 0.01952741 -0.002 -0.02689038 0.02107521 -0.002 -0.02704028 0.02071341 -0.002 -0.02709138 0.02032521 -0.002 -0.02704028 0.01993701 -0.002 -0.02685368 -0.03528487 -0.002 -0.02264518 -0.03528487 -0.002 -0.007590177 -0.03528487 -0.002 -0.002942487 -0.03528487 -0.002 -0.002942487 -0.0312868 -0.002 0.01393622 -0.03528487 -0.002 0.01393622 -0.0312868 -0.002 0.01884762 -0.03528487 -0.002 0.01884762 -0.0312868 -0.002 0.03167592 -0.03528487 -0.002 0.04060102 -0.03528487 -0.002 -0.04879838 -0.03528487 -0.002 -0.04735408 -0.03528487 -0.002 -0.03095148 -0.03528487 -0.002 -0.03095148 -0.0312868 -0.002 0.01393622 -0.02722539 -0.002 0.01884762 -0.02722539 -0.002 0.03167592 -0.02722539 -0.002 0.04959452 -0.02722539 -0.002 -0.04990898 -0.02718989 -0.002 -0.04990898 -0.02722539 -0.002 -0.04990898 -0.0312868 -0.002 -0.04990898 -0.03528487 -0.002 -0.002942487 -0.02720259 -0.002 -0.05484898 -0.01759989 -0.002 -0.05484898 -0.02718989 -0.002 -0.05484898 -0.02722539 -0.002 -0.05484898 -0.0312868 -0.002 -0.05484898 -0.03528487 -0.002 -0.04990898 -0.01759989 -0.002 -0.04879838 -0.02718989 -0.002 -0.03316988 -0.02724809 -0.002 -0.03316988 -0.02722539 -0.002 -0.03095148 -0.01145789 -0.002 -0.03718408 -0.007654795 -0.002 -0.03718408 -0.002898295 -0.002 -0.04735408 -0.002898295 -0.002 -0.04879838 -0.002898295 -0.002 -0.04969608 -0.002898295 -0.002 -0.04990898 -0.007654795 -0.002 -0.04879838 -0.01145789 -0.002 -0.04969608 -0.01072109 -0.002 -0.04969608 -0.007654795 -0.002 -0.04990898 -0.01145789 -0.002 -0.04879838 -0.01759989 -0.002 -0.05454788 -0.01408299 -0.002 -0.05459898 -0.01369479 -0.002 -0.05484898 -0.01145789 -0.002 -0.05454788 -0.01330659 -0.002 -0.05439798 -0.01294479 -0.002 -0.05439798 -0.01444479 -0.002 -0.05415968 -0.01475549 -0.002 -0.05384898 -0.01499379 -0.002 -0.05234898 -0.01499379 -0.002 -0.05203828 -0.01475549 -0.002 -0.05179998 -0.01444479 -0.002 -0.05165008 -0.01408299 -0.002 -0.05159898 -0.01369479 -0.002 -0.05165008 -0.01330659 -0.002 -0.05179998 -0.01294479 -0.002 -0.05203828 -0.01263409 -0.002 -0.05234898 -0.01239579 -0.002 -0.05271078 -0.01224589 -0.002 -0.05309898 -0.01219479 -0.002 -0.05348718 -0.01224589 -0.002 -0.05384898 -0.01239579 -0.002 -0.05415968 -0.01263409 -0.002 -0.05348718 -0.01514369 -0.002 -0.05309898 -0.01519479 -0.002 -0.05271078 -0.01514369 -0.002 -0.02685368 -0.01145789 -0.002 0.05070962 -0.004864795 -0.002 0.05094802 -0.005175495 -0.002 0.05330772 -0.003364795 -0.002 0.05306932 -0.003054095 -0.002 0.05645602 -0.0004047947 -0.002 0.05275862 -0.002815795 -0.002 0.05239692 -0.002665895 -0.002 0.05239692 -0.005563695 -0.002 0.05275862 -0.005413795 -0.002 0.05645602 -0.007654795 -0.002 0.05306932 -0.005175495 -0.002 0.05330772 -0.004864795 -0.002 0.05345752 -0.004502995 -0.002 0.05350862 -0.004114795 -0.002 0.05345752 -0.003726595 -0.002 0.05070962 -0.003364795 -0.002 0.05094802 -0.003054095 -0.002 0.05125862 -0.002815795 -0.002 0.05125862 -0.005413795 -0.002 0.05162042 -0.005563695 -0.002 0.05200862 -0.005614795 -0.002 0.05055972 -0.003726595 -0.002 0.05050862 -0.004114795 -0.002 0.05055972 -0.004502995 -0.002 0.05200862 -0.002614795 -0.002 0.05162042 -0.002665895 -0.002 -0.05484898 -0.007654795 -0.002 0.06010102 0.003305205 -0.002 0.06060102 0.005705205 -0.002 0.06060102 -0.0004047947 -0.002 0.05645602 0.005705205 -0.002 0.05710102 0.003305205 -0.002 0.05715212 0.002917005 -0.002 0.05730202 0.002555205 -0.002 0.05754032 0.002244505 -0.002 0.05785102 0.002006205 -0.002 0.05821282 0.001856305 -0.002 0.05860102 0.001805205 -0.002 0.05898922 0.001856305 -0.002 0.05935102 0.002006205 -0.002 0.05966172 0.002244505 -0.002 0.05990002 0.002555205 -0.002 0.06004992 0.002917005 -0.002 0.06004992 0.003693405 -0.002 0.05990002 0.004055205 -0.002 0.05966172 0.004365905 -0.002 0.05860102 0.004805205 -0.002 0.05821282 0.004754105 -0.002 0.05785102 0.004604205 -0.002 0.05754032 0.004365905 -0.002 0.05730202 0.004055205 -0.002 0.05715212 0.003693405 -0.002 0.05935102 0.004604205 -0.002 0.05898922 0.004754105 -0.002 0.06060102 -0.007654795 -0.002 -0.03761008 0.002444005 -0.002 0.05070962 0.007355205 -0.002 0.05094802 0.007044505 -0.002 0.05345752 0.008493405 -0.002 0.05330772 0.008855205 -0.002 0.05645602 0.009936005 -0.002 0.05306932 0.009165905 -0.002 0.05239692 0.006656305 -0.002 0.05275862 0.006806205 -0.002 0.05306932 0.007044505 -0.002 0.05200862 0.009605205 -0.002 0.05162042 0.009554105 -0.002 0.05125862 0.009404205 -0.002 0.05094802 0.009165905 -0.002 0.05070962 0.008855205 -0.002 0.05055972 0.008493405 -0.002 0.05050862 0.008105205 -0.002 0.05055972 0.007717005 -0.002 0.05125862 0.006806205 -0.002 0.05162042 0.006656305 -0.002 0.05200862 0.006605205 -0.002 0.05330772 0.007355205 -0.002 0.05345752 0.007717005 -0.002 0.05350862 0.008105205 -0.002 0.05275862 0.009404205 -0.002 0.05239692 0.009554105 -0.002 -0.03761008 0.005705205 -0.002 -0.05509898 0.02030521 -0.002 -0.05509898 0.01326261 -0.002 -0.05509898 0.009936005 -0.002 -0.05509898 0.005705205 -0.002 -0.05509898 -0.0004047947 -0.002 -0.05509898 -0.007654795 -0.002 -0.05509898 -0.01145789 -0.002 -0.05509898 -0.01759989 -0.002 -0.05509898 -0.02718989 -0.002 -0.05509898 -0.02722539 -0.002 -0.05509898 -0.0312868 -0.002 -0.05509898 -0.03528487 -0.002 0.06010102 0.02030521 -0.002 0.06060102 0.02295321 -0.002 0.06060102 0.01326261 -0.002 0.05645602 0.02295321 -0.002 0.05710102 0.02030521 -0.002 0.05645602 0.01326261 -0.002 0.05715212 0.01991701 -0.002 0.05730202 0.01955521 -0.002 0.05754032 0.01924451 -0.002 0.05785102 0.01900621 -0.002 0.05821282 0.01885631 -0.002 0.05860102 0.01880521 -0.002 0.05898922 0.01885631 -0.002 0.05935102 0.01900621 -0.002 0.05966172 0.01924451 -0.002 0.05990002 0.01955521 -0.002 0.06004992 0.01991701 -0.002 0.06004992 0.02069341 -0.002 0.05990002 0.02105521 -0.002 0.05966172 0.02136591 -0.002 0.05860102 0.02180521 -0.002 0.05821282 0.02175411 -0.002 0.05785102 0.02160421 -0.002 0.05754032 0.02136591 -0.002 0.05730202 0.02105521 -0.002 0.05715212 0.02069341 -0.002 0.05935102 0.02160421 -0.002 0.05898922 0.02175411 -0.002 0.06060102 0.009936005 -0.002 0.05070962 0.01957521 -0.002 0.05094802 0.01926451 -0.002 0.05345752 0.02071341 -0.002 0.05330772 0.02107521 -0.002 0.05306932 0.02138591 -0.002 0.05239692 0.01887631 -0.002 0.05275862 0.01902621 -0.002 0.05306932 0.01926451 -0.002 0.05162042 0.02177411 -0.002 0.05125862 0.02162421 -0.002 0.05094802 0.02138591 -0.002 0.05070962 0.02107521 -0.002 0.05055972 0.02071341 -0.002 0.05050862 0.02032521 -0.002 0.05055972 0.01993701 -0.002 0.05125862 0.01902621 -0.002 0.05162042 0.01887631 -0.002 0.05200862 0.01882521 -0.002 0.05330772 0.01957521 -0.002 0.05345752 0.01993701 -0.002 0.05350862 0.02032521 -0.002 0.05275862 0.02162421 -0.002 0.05239692 0.02177411 -0.002 0.05200862 0.02182521 -0.002 -0.05165008 0.02069341 -0.002 -0.05179998 0.02105521 -0.002 -0.04990898 0.02295321 -0.002 -0.05384898 0.01900621 -0.002 -0.05415968 0.01924451 -0.002 -0.05439798 0.01955521 -0.002 -0.05203828 0.02136591 -0.002 -0.05234898 0.02160421 -0.002 -0.05271078 0.02175411 -0.002 -0.05309898 0.02180521 -0.002 -0.05348718 0.02175411 -0.002 -0.05384898 0.02160421 -0.002 -0.05415968 0.02136591 -0.002 -0.05439798 0.02105521 -0.002 -0.05454788 0.02069341 -0.002 -0.05459898 0.02030521 -0.002 -0.05454788 0.01991701 -0.002 -0.05234898 0.01900621 -0.002 -0.05203828 0.01924451 -0.002 -0.05348718 0.01885631 -0.002 -0.05309898 0.01880521 -0.002 -0.05271078 0.01885631 -0.002 -0.05179998 0.01955521 -0.002 -0.05165008 0.01991701 -0.002 -0.05159898 0.02030521 -0.002 0.01393622 0.02915791 -0.002 0.01884762 0.02908181 -0.002 0.01884762 0.02610521 -0.002 0.01393622 0.02674811 -0.002 -0.002942487 0.02908181 -0.002 0.0006889229 0.02915791 -0.002 -0.02264518 0.02908181 -0.002 0.05645602 0.02915791 -0.002 0.05645602 0.02908181 -0.002 0.05645602 0.02674811 -0.002 0.02302372 0.02904851 -0.002 0.03167592 0.02904851 -0.002 0.0006889229 0.03693781 -0.002 -0.002942487 0.02915791 -0.002 -0.007590177 0.02915791 -0.002 -0.02111838 0.02935031 -0.002 -0.02685368 0.03698071 -0.002 -0.02873308 0.03521371 -0.002 -0.03095148 0.03521371 -0.002 -0.04124508 0.03521371 -0.002 -0.04685468 0.03648551 -0.002 -0.04879838 0.02908181 -0.002 0.01320092 0.02915791 -0.002 0.01393622 0.03698071 -0.002 0.01884762 0.03698071 -0.002 0.03167592 0.03687131 -0.002 -0.002942487 0.03698071 -0.002 0.01320092 0.03693781 -0.002 0.06060102 0.02674811 -0.002 0.06060102 0.02908181 -0.002 0.06060102 0.02915791 -0.002 0.06060102 0.03698071 -0.002 0.06060102 0.04030521 -0.002 -0.002942487 0.04030521 -0.002 0.01393622 0.04030521 -0.002 0.01884762 0.04030521 -0.002 0.03167592 0.04030521 -0.002 0.04959452 0.03702361 -0.002 -0.03509898 0.04030521 -0.002 -0.03095148 0.04030521 -0.002 -0.02685368 0.04030521 -0.002 -0.02709138 0.008105205 0.002 -0.02709138 0.008105205 -0.002 -0.02704028 0.008493405 0.002 -0.02704028 0.008493405 -0.002 -0.02689038 0.008855205 0.002 -0.02689038 0.008855205 -0.002 -0.02685368 0.008903005 0.002 -0.02685368 0.008903005 -0.002 -0.02665198 0.009165905 0.002 -0.02665198 0.009165905 -0.002 -0.02634138 0.009404205 0.002 -0.02634138 0.009404205 -0.002 -0.02597958 0.009554105 0.002 -0.02597958 0.009554105 -0.002 -0.02559138 0.009605205 0.002 -0.02559138 0.009605205 -0.002 -0.02520308 0.009554105 0.002 -0.02520308 0.009554105 -0.002 -0.02484138 0.009404205 0.002 -0.02484138 0.009404205 -0.002 -0.02453068 0.009165905 0.002 -0.02453068 0.009165905 -0.002 -0.02429228 0.008855205 0.002 -0.02429228 0.008855205 -0.002 -0.02414248 0.008493405 0.002 -0.02414248 0.008493405 -0.002 -0.02409138 0.008105205 0.002 -0.02409138 0.008105205 -0.002 -0.02414248 0.007717005 0.002 -0.02414248 0.007717005 -0.002 -0.02429228 0.007355205 0.002 -0.02429228 0.007355205 -0.002 -0.02453068 0.007044505 0.002 -0.02453068 0.007044505 -0.002 -0.02484138 0.006806205 0.002 -0.02484138 0.006806205 -0.002 -0.02520308 0.006656305 0.002 -0.02520308 0.006656305 -0.002 -0.02559138 0.006605205 0.002 -0.02559138 0.006605205 -0.002 -0.02597958 0.006656305 0.002 -0.02597958 0.006656305 -0.002 -0.02634138 0.006806205 0.002 -0.02634138 0.006806205 -0.002 -0.02665198 0.007044505 0.002 -0.02665198 0.007044505 -0.002 -0.02685368 0.007307405 0.002 -0.02685368 0.007307405 -0.002 -0.02689038 0.007355205 0.002 -0.02689038 0.007355205 -0.002 -0.02704028 0.007717005 0.002 -0.02704028 0.007717005 -0.002 0.04780102 -0.009694795 -0.002 0.04780102 -0.009694795 0.002 0.04780102 -0.007654795 -0.002 0.04780102 -0.007654795 0.002 0.04780102 -0.0004047947 -0.002 0.04780102 -0.0004047947 0.002 0.04780102 0.005705205 -0.002 0.04780102 0.005705205 0.002 0.04780102 0.009936005 -0.002 0.04780102 0.009936005 0.002 0.04780102 0.01326261 -0.002 0.04780102 0.01326261 0.002 0.04780102 0.02295321 -0.002 0.04780102 0.02295321 0.002 0.04780102 0.02610521 -0.002 0.04780102 0.02610521 0.002 0.03403992 -0.009694795 0.0003882296 0.03389002 -0.009694795 0.0007499996 0.04780102 -0.009694795 0.002 0.03365172 -0.009694795 0.00106066 0.007941023 -0.009694795 0.00129904 0.01393622 -0.009694795 0.002 0.008251723 -0.009694795 0.00106066 0.008490023 -0.009694795 0.0007499996 0.03259102 -0.009694795 0.0015 0.03167592 -0.009694795 0.002 0.03297922 -0.009694795 0.00144889 0.03334102 -0.009694795 0.00129904 0.03220282 -0.009694795 0.00144889 0.03184102 -0.009694795 0.00129904 0.01884762 -0.009694795 0.002 0.03153032 -0.009694795 0.00106066 0.03129202 -0.009694795 0.0007499996 0.03365172 -0.009694795 -0.00106066 0.03389002 -0.009694795 -0.0007500004 0.04780102 -0.009694795 -0.002 0.03403992 -0.009694795 -0.0003882304 0.03409102 -0.009694795 -4.245606e-10 0.006802823 -0.009694795 0.00144889 -0.002942487 -0.009694795 0.002 0.007191023 -0.009694795 0.0015 0.007579223 -0.009694795 0.00144889 0.006441023 -0.009694795 0.00129904 0.006130323 -0.009694795 0.00106066 0.005892023 -0.009694795 0.0007499996 0.01884762 -0.009694795 -0.002 0.03153032 -0.009694795 -0.00106066 0.03167592 -0.009694795 -0.002 0.03184102 -0.009694795 -0.001299038 0.03220282 -0.009694795 -0.001448889 -0.02062832 -0.009694795 -0.00106066 -0.02038994 -0.009694795 -0.0007500004 -0.007590177 -0.009694795 -0.002 -0.02024009 -0.009694795 -0.0003882304 0.007941023 -0.009694795 -0.001299038 0.008251723 -0.009694795 -0.00106066 0.01393622 -0.009694795 -0.002 0.008490023 -0.009694795 -0.0007500004 0.008639923 -0.009694795 -0.0003882304 0.008691023 -0.009694795 -4.245606e-10 0.03259102 -0.009694795 -0.0015 0.03297922 -0.009694795 -0.001448889 0.03334102 -0.009694795 -0.001299038 -0.02024009 -0.009694795 0.0003882296 -0.02038994 -0.009694795 0.0007499996 -0.007590177 -0.009694795 0.002 -0.02062832 -0.009694795 0.00106066 -0.02119898 -0.009694795 0.002 -0.02093898 -0.009694795 0.00129904 -0.02119898 -0.009694795 0.00141771 0.005892023 -0.009694795 -0.0007500004 0.006130323 -0.009694795 -0.00106066 -0.002942487 -0.009694795 -0.002 0.006441023 -0.009694795 -0.001299038 0.006802823 -0.009694795 -0.001448889 0.007191023 -0.009694795 -0.0015 0.007579223 -0.009694795 -0.001448889 0.008639923 -0.009694795 0.0003882296 0.03114212 -0.009694795 0.0003882296 0.03109102 -0.009694795 -4.245606e-10 0.03114212 -0.009694795 -0.0003882304 0.03129202 -0.009694795 -0.0007500004 -0.02093898 -0.009694795 -0.001299038 -0.02119898 -0.009694795 -0.002 -0.02119898 -0.009694795 -0.001417709 0.005742123 -0.009694795 0.0003882296 0.005691023 -0.009694795 -4.245606e-10 -0.02018898 -0.009694795 -4.245606e-10 0.005742123 -0.009694795 -0.0003882304 -0.02119898 -0.009694795 -0.001417709 -0.02119898 -0.009694795 -0.002 -0.02119898 -0.008284895 -0.001417709 -0.02119898 -0.007654795 -0.002 -0.02119898 -0.009694795 0.002 -0.02119898 -0.009694795 0.00141771 -0.02119898 -0.007654795 0.002 -0.02119898 -0.008284895 0.00141771 -0.02119898 0.02610521 -0.002 -0.02119898 0.02610521 0.002 -0.02119898 0.02295321 -0.002 -0.02119898 0.02295321 0.002 -0.02119898 0.01326261 -0.002 -0.02119898 0.01326261 0.002 -0.02119898 0.009936005 -0.002 -0.02119898 0.009936005 0.002 -0.02119898 0.005705205 -0.002 -0.02119898 0.005705205 0.002 -0.02119898 -0.0004047947 -0.002 -0.02119898 -0.0004047947 0.002 -0.04564008 -0.01072109 0.0003882296 -0.04578998 -0.01072109 0.0007499996 -0.03718408 -0.01072109 0.002 -0.04602828 -0.01072109 0.00106066 -0.04879838 -0.01072109 0.002 -0.04735408 -0.01072109 0.002 -0.04747718 -0.01072109 0.00144889 -0.04838798 -0.01072109 0.0007499996 -0.04969608 -0.01072109 0.002 -0.04814968 -0.01072109 0.00106066 -0.04783898 -0.01072109 0.00129904 -0.04633898 -0.01072109 0.00129904 -0.04670078 -0.01072109 0.00144889 -0.04708898 -0.01072109 0.0015 -0.04853788 -0.01072109 0.0003882296 -0.04858898 -0.01072109 -4.245606e-10 -0.04969608 -0.01072109 -0.002 -0.04853788 -0.01072109 -0.0003882304 -0.04838798 -0.01072109 -0.0007500004 -0.04879838 -0.01072109 -0.002 -0.04602828 -0.01072109 -0.00106066 -0.04578998 -0.01072109 -0.0007500004 -0.03718408 -0.01072109 -0.002 -0.04564008 -0.01072109 -0.0003882304 -0.04558898 -0.01072109 -4.245606e-10 -0.04747718 -0.01072109 -0.001448889 -0.04735408 -0.01072109 -0.002 -0.04783898 -0.01072109 -0.001299038 -0.04814968 -0.01072109 -0.00106066 -0.04708898 -0.01072109 -0.0015 -0.04670078 -0.01072109 -0.001448889 -0.04633898 -0.01072109 -0.001299038 -0.04969608 -0.002898295 -0.002 -0.04969608 -0.002898295 0.002 -0.04969608 -0.007654795 -0.002 -0.04969608 -0.007654795 0.002 -0.04969608 -0.01072109 -0.002 -0.04969608 -0.01072109 0.002 -0.03718408 -0.002898295 -0.002 -0.03718408 -0.002898295 0.002 -0.04735408 -0.002898295 -0.002 -0.04735408 -0.002898295 0.002 -0.04879838 -0.002898295 -0.002 -0.04879838 -0.002898295 0.002 -0.04969608 -0.002898295 -0.002 -0.04969608 -0.002898295 0.002 -0.03718408 -0.01072109 -0.002 -0.03718408 -0.01072109 0.002 -0.03718408 -0.007654795 -0.002 -0.03718408 -0.007654795 0.002 -0.03718408 -0.002898295 -0.002 -0.03718408 -0.002898295 0.002 -0.05459898 0.003305205 0.002 -0.05459898 0.003305205 -0.002 -0.05454788 0.003693405 0.002 -0.05454788 0.003693405 -0.002 -0.05439798 0.004055205 0.002 -0.05439798 0.004055205 -0.002 -0.05415968 0.004365905 0.002 -0.05415968 0.004365905 -0.002 -0.05384898 0.004604205 0.002 -0.05384898 0.004604205 -0.002 -0.05348718 0.004754105 0.002 -0.05348718 0.004754105 -0.002 -0.05309898 0.004805205 0.002 -0.05309898 0.004805205 -0.002 -0.05271078 0.004754105 0.002 -0.05271078 0.004754105 -0.002 -0.05234898 0.004604205 0.002 -0.05234898 0.004604205 -0.002 -0.05203828 0.004365905 0.002 -0.05203828 0.004365905 -0.002 -0.05179998 0.004055205 0.002 -0.05179998 0.004055205 -0.002 -0.05165008 0.003693405 0.002 -0.05165008 0.003693405 -0.002 -0.05159898 0.003305205 0.002 -0.05159898 0.003305205 -0.002 -0.05165008 0.002917005 0.002 -0.05165008 0.002917005 -0.002 -0.05179998 0.002555205 0.002 -0.05179998 0.002555205 -0.002 -0.05203828 0.002244505 0.002 -0.05203828 0.002244505 -0.002 -0.05234898 0.002006205 0.002 -0.05234898 0.002006205 -0.002 -0.05271078 0.001856305 0.002 -0.05271078 0.001856305 -0.002 -0.05309898 0.001805205 0.002 -0.05309898 0.001805205 -0.002 -0.05348718 0.001856305 0.002 -0.05348718 0.001856305 -0.002 -0.05384898 0.002006205 0.002 -0.05384898 0.002006205 -0.002 -0.05415968 0.002244505 0.002 -0.05415968 0.002244505 -0.002 -0.05439798 0.002555205 0.002 -0.05439798 0.002555205 -0.002 -0.05454788 0.002917005 0.002 -0.05454788 0.002917005 -0.002 -0.05509898 -0.03528487 -0.002 -0.05509898 -0.03528487 0.002 -0.05509898 -0.0312868 -0.002 -0.05509898 -0.0312868 0.002 -0.05509898 -0.02722539 -0.002 -0.05509898 -0.02722539 0.002 -0.05509898 -0.02718989 -0.002 -0.05509898 -0.02718989 0.002 -0.05509898 -0.01759989 -0.002 -0.05509898 -0.01759989 0.002 -0.05509898 -0.01145789 -0.002 -0.05509898 -0.01145789 0.002 -0.05509898 -0.007654795 -0.002 -0.05509898 -0.007654795 0.002 -0.05509898 -0.0004047947 -0.002 -0.05509898 -0.0004047947 0.002 -0.05509898 0.005705205 -0.002 -0.05509898 0.005705205 0.002 -0.05509898 0.009936005 -0.002 -0.05509898 0.009936005 0.002 -0.05509898 0.01326261 -0.002 -0.05509898 0.01326261 0.002 -0.05509898 0.02030521 -0.002 -0.05509898 0.02030521 0.002 0.04372972 -0.03503864 -0.002 0.04372972 -0.03503864 0.002 0.04678132 -0.034306 -0.002 0.04678132 -0.034306 0.002 0.04959452 -0.03314075 0.002 0.04959452 -0.03314075 -0.002 0.04968082 -0.033105 0.002 0.04968082 -0.033105 -0.002 0.05235672 -0.03146521 -0.002 0.05235672 -0.03146521 0.002 0.05256562 -0.0312868 0.002 0.05256562 -0.0312868 -0.002 0.05474312 -0.02942699 0.002 0.05474312 -0.02942699 -0.002 0.05645602 -0.02742149 0.002 0.05645602 -0.02742149 -0.002 0.05662352 -0.02722539 0.002 0.05662352 -0.02722539 -0.002 0.05665382 -0.02718989 0.002 0.05665382 -0.02718989 -0.002 0.05678132 -0.02704059 0.002 0.06035482 -0.01841359 -0.002 0.05962212 -0.02146519 0.002 0.05962212 -0.02146519 -0.002 0.05842112 -0.02436469 0.002 0.05842112 -0.02436469 -0.002 0.05678132 -0.02704059 -0.002 0.06060102 -0.01528489 -0.002 0.06060102 -0.01528489 0.002 0.06041882 -0.01759989 -0.002 0.06041882 -0.01759989 0.002 0.06035482 -0.01841359 0.002 0.06060102 0.04030521 -0.002 0.06060102 0.04030521 0.002 0.06060102 0.03698071 -0.002 0.06060102 0.03698071 0.002 0.06060102 0.02915791 -0.002 0.06060102 0.02915791 0.002 0.06060102 0.02908181 -0.002 0.06060102 0.02908181 0.002 0.06060102 0.02674811 -0.002 0.06060102 0.02674811 0.002 0.06060102 0.02295321 -0.002 0.06060102 0.02295321 0.002 0.06060102 0.01326261 -0.002 0.06060102 0.01326261 0.002 0.06060102 0.009936005 -0.002 0.06060102 0.009936005 0.002 0.06060102 0.005705205 -0.002 0.06060102 0.005705205 0.002 0.06060102 -0.0004047947 -0.002 0.06060102 -0.0004047947 0.002 0.06060102 -0.007654795 -0.002 0.06060102 -0.007654795 0.002 0.06060102 -0.01145789 -0.002 0.06060102 -0.01145789 0.002 -0.03509898 0.04030521 -0.002 -0.03509898 0.04030521 0.002 -0.03095148 0.04030521 -0.002 -0.03095148 0.04030521 0.002 -0.02685368 0.04030521 -0.002 -0.02685368 0.04030521 0.002 -0.02264518 0.04030521 -0.002 -0.02264518 0.04030521 0.002 -0.007590177 0.04030521 -0.002 -0.007590177 0.04030521 0.002 -0.002942487 0.04030521 -0.002 -0.002942487 0.04030521 0.002 0.01393622 0.04030521 -0.002 0.01393622 0.04030521 0.002 0.01884762 0.04030521 -0.002 0.01884762 0.04030521 0.002 0.03167592 0.04030521 -0.002 0.03167592 0.04030521 0.002 0.04959452 0.04030521 -0.002 0.04959452 0.04030521 0.002 0.05645602 0.04030521 -0.002 0.05645602 0.04030521 0.002 0.06060102 0.04030521 -0.002 0.06060102 0.04030521 0.002 -0.03822768 0.04005901 -0.002 -0.03822768 0.04005901 0.002 -0.04127928 0.03932631 -0.002 -0.04127928 0.03932631 0.002 -0.04417878 0.03812531 -0.002 -0.04417878 0.03812531 0.002 -0.04604668 0.03698071 0.002 -0.04604668 0.03698071 -0.002 -0.04685468 0.03648551 0.002 -0.04685468 0.03648551 -0.002 -0.04735408 0.03605901 0.002 -0.04735408 0.03605901 -0.002 -0.04879838 0.03482541 0.002 -0.04879838 0.03482541 -0.002 -0.04924108 0.03444731 0.002 -0.04924108 0.03444731 -0.002 -0.04990898 0.03366531 0.002 -0.04990898 0.03366531 -0.002 -0.05127928 0.03206091 0.002 -0.05127928 0.03206091 -0.002 -0.05291908 0.02938501 -0.002 -0.05489058 0.02295321 -0.002 -0.05489058 0.02295321 0.002 -0.05485278 0.02343391 -0.002 -0.05485278 0.02343391 0.002 -0.05484898 0.02344961 -0.002 -0.05484898 0.02344961 0.002 -0.05412008 0.02648551 -0.002 -0.05412008 0.02648551 0.002 -0.05401138 0.02674811 -0.002 -0.05401138 0.02674811 0.002 -0.05304468 0.02908181 -0.002 -0.05304468 0.02908181 0.002 -0.05301318 0.02915791 -0.002 -0.05301318 0.02915791 0.002 -0.05291908 0.02938501 0.002 0.05710102 0.003305205 0.002 0.05710102 0.003305205 -0.002 0.05715212 0.003693405 0.002 0.05715212 0.003693405 -0.002 0.05730202 0.004055205 0.002 0.05730202 0.004055205 -0.002 0.05754032 0.004365905 0.002 0.05754032 0.004365905 -0.002 0.05785102 0.004604205 0.002 0.05785102 0.004604205 -0.002 0.05821282 0.004754105 0.002 0.05821282 0.004754105 -0.002 0.05860102 0.004805205 0.002 0.05860102 0.004805205 -0.002 0.05898922 0.004754105 0.002 0.05898922 0.004754105 -0.002 0.05935102 0.004604205 0.002 0.05935102 0.004604205 -0.002 0.05966172 0.004365905 0.002 0.05966172 0.004365905 -0.002 0.05990002 0.004055205 0.002 0.05990002 0.004055205 -0.002 0.06004992 0.003693405 0.002 0.06004992 0.003693405 -0.002 0.06010102 0.003305205 0.002 0.06010102 0.003305205 -0.002 0.06004992 0.002917005 0.002 0.06004992 0.002917005 -0.002 0.05990002 0.002555205 0.002 0.05990002 0.002555205 -0.002 0.05966172 0.002244505 0.002 0.05966172 0.002244505 -0.002 0.05935102 0.002006205 0.002 0.05935102 0.002006205 -0.002 0.05898922 0.001856305 0.002 0.05898922 0.001856305 -0.002 0.05860102 0.001805205 0.002 0.05860102 0.001805205 -0.002 0.05821282 0.001856305 0.002 0.05821282 0.001856305 -0.002 0.05785102 0.002006205 0.002 0.05785102 0.002006205 -0.002 0.05754032 0.002244505 0.002 0.05754032 0.002244505 -0.002 0.05730202 0.002555205 0.002 0.05730202 0.002555205 -0.002 0.05715212 0.002917005 0.002 0.05715212 0.002917005 -0.002 -0.05459898 0.02030521 0.002 -0.05459898 0.02030521 -0.002 -0.05454788 0.02069341 0.002 -0.05454788 0.02069341 -0.002 -0.05439798 0.02105521 0.002 -0.05439798 0.02105521 -0.002 -0.05415968 0.02136591 0.002 -0.05415968 0.02136591 -0.002 -0.05384898 0.02160421 0.002 -0.05384898 0.02160421 -0.002 -0.05348718 0.02175411 0.002 -0.05348718 0.02175411 -0.002 -0.05309898 0.02180521 0.002 -0.05309898 0.02180521 -0.002 -0.05271078 0.02175411 0.002 -0.05271078 0.02175411 -0.002 -0.05234898 0.02160421 0.002 -0.05234898 0.02160421 -0.002 -0.05203828 0.02136591 0.002 -0.05203828 0.02136591 -0.002 -0.05179998 0.02105521 0.002 -0.05179998 0.02105521 -0.002 -0.05165008 0.02069341 0.002 -0.05165008 0.02069341 -0.002 -0.05159898 0.02030521 0.002 -0.05159898 0.02030521 -0.002 -0.05165008 0.01991701 0.002 -0.05165008 0.01991701 -0.002 -0.05179998 0.01955521 0.002 -0.05179998 0.01955521 -0.002 -0.05203828 0.01924451 0.002 -0.05203828 0.01924451 -0.002 -0.05234898 0.01900621 0.002 -0.05234898 0.01900621 -0.002 -0.05271078 0.01885631 0.002 -0.05271078 0.01885631 -0.002 -0.05309898 0.01880521 0.002 -0.05309898 0.01880521 -0.002 -0.05348718 0.01885631 0.002 -0.05348718 0.01885631 -0.002 -0.05384898 0.01900621 0.002 -0.05384898 0.01900621 -0.002 -0.05415968 0.01924451 0.002 -0.05415968 0.01924451 -0.002 -0.05439798 0.01955521 0.002 -0.05439798 0.01955521 -0.002 -0.05454788 0.01991701 0.002 -0.05454788 0.01991701 -0.002 -0.02873308 0.03521371 -0.002 -0.02873308 0.03521371 0.002 -0.03095148 0.03521371 -0.002 -0.03095148 0.03521371 0.002 -0.04124508 0.03521371 -0.002 -0.04124508 0.03521371 0.002 -0.02873308 0.02739091 -0.002 -0.02873308 0.02739091 0.002 -0.02873308 0.02908181 -0.002 -0.02873308 0.02908181 0.002 -0.02873308 0.02915791 -0.002 -0.02873308 0.02915791 0.002 -0.02873308 0.03521371 -0.002 -0.02873308 0.03521371 0.002 -0.04124508 0.02739091 -0.002 -0.04124508 0.02739091 0.002 -0.03095148 0.02739091 -0.002 -0.03095148 0.02739091 0.002 -0.02873308 0.02739091 -0.002 -0.02873308 0.02739091 0.002 -0.04124508 0.03521371 -0.002 -0.04124508 0.03521371 0.002 -0.04124508 0.02915791 -0.002 -0.04124508 0.02915791 0.002 -0.04124508 0.02908181 -0.002 -0.04124508 0.02908181 0.002 -0.04124508 0.02739091 -0.002 -0.04124508 0.02739091 0.002 -0.03761008 0.01026671 -0.002 -0.03761008 0.01026671 0.002 -0.04735408 0.01026671 -0.002 -0.04735408 0.01026671 0.002 -0.04879838 0.01026671 -0.002 -0.04879838 0.01026671 0.002 -0.04990898 0.01026671 -0.002 -0.04990898 0.01026671 0.002 -0.05012198 0.01026671 -0.002 -0.05012198 0.01026671 0.002 -0.03761008 0.002444005 -0.002 -0.03761008 0.002444005 0.002 -0.03761008 0.005705205 -0.002 -0.03761008 0.005705205 0.002 -0.03761008 0.009936005 -0.002 -0.03761008 0.009936005 0.002 -0.03761008 0.01026671 -0.002 -0.03761008 0.01026671 0.002 -0.05012198 0.002444005 -0.002 -0.05012198 0.002444005 0.002 -0.04990898 0.002444005 -0.002 -0.04990898 0.002444005 0.002 -0.04879838 0.002444005 -0.002 -0.04879838 0.002444005 0.002 -0.04735408 0.002444005 -0.002 -0.04735408 0.002444005 0.002 -0.03761008 0.002444005 -0.002 -0.03761008 0.002444005 0.002 -0.05012198 0.01026671 -0.002 -0.05012198 0.01026671 0.002 -0.05012198 0.009936005 -0.002 -0.05012198 0.009936005 0.002 -0.05012198 0.005705205 -0.002 -0.05012198 0.005705205 0.002 -0.05012198 0.002444005 -0.002 -0.05012198 0.002444005 0.002 -0.03538878 0.02408121 -0.002 -0.03538878 0.02408121 0.002 -0.04735408 0.02408121 -0.002 -0.04735408 0.02408121 0.002 -0.04790078 0.02408121 -0.002 -0.04790078 0.02408121 0.002 -0.03538878 0.01625841 -0.002 -0.03538878 0.01625841 0.002 -0.03538878 0.02295321 -0.002 -0.03538878 0.02295321 0.002 -0.03538878 0.02408121 -0.002 -0.03538878 0.02408121 0.002 -0.04790078 0.01625841 -0.002 -0.04790078 0.01625841 0.002 -0.04735408 0.01625841 -0.002 -0.04735408 0.01625841 0.002 -0.03538878 0.01625841 -0.002 -0.03538878 0.01625841 0.002 -0.04790078 0.02408121 -0.002 -0.04790078 0.02408121 0.002 -0.04790078 0.02295321 -0.002 -0.04790078 0.02295321 0.002 -0.04790078 0.01625841 -0.002 -0.04790078 0.01625841 0.002 -0.008606407 0.03717311 0.002 -0.02111838 0.03717311 0.002 -0.008606407 0.03717311 -0.002 -0.02111838 0.03717311 -0.002 -0.008606407 0.02935031 -0.002 -0.008606407 0.02935031 0.002 -0.008606407 0.03698071 -0.002 -0.008606407 0.03698071 0.002 -0.008606407 0.03717311 -0.002 -0.008606407 0.03717311 0.002 -0.02111838 0.02935031 0.002 -0.008606407 0.02935031 0.002 -0.02111838 0.02935031 -0.002 -0.008606407 0.02935031 -0.002 -0.02111838 0.03717311 -0.002 -0.02111838 0.03717311 0.002 -0.02111838 0.03698071 -0.002 -0.02111838 0.03698071 0.002 -0.02111838 0.02935031 -0.002 -0.02111838 0.02935031 0.002 0.01320092 0.03693781 0.002 0.0006889229 0.03693781 0.002 0.01320092 0.03693781 -0.002 0.0006889229 0.03693781 -0.002 0.01320092 0.02911501 -0.002 0.01320092 0.02911501 0.002 0.01320092 0.02915791 -0.002 0.01320092 0.02915791 0.002 0.01320092 0.03693781 -0.002 0.01320092 0.03693781 0.002 0.0006889229 0.02911501 0.002 0.01320092 0.02911501 0.002 0.0006889229 0.02911501 -0.002 0.01320092 0.02911501 -0.002 0.0006889229 0.03693781 -0.002 0.0006889229 0.03693781 0.002 0.0006889229 0.02915791 -0.002 0.0006889229 0.02915791 0.002 0.0006889229 0.02911501 -0.002 0.0006889229 0.02911501 0.002 0.03553572 0.03687131 -0.002 0.03553572 0.03687131 0.002 0.03167592 0.03687131 -0.002 0.03167592 0.03687131 0.002 0.02302372 0.03687131 -0.002 0.02302372 0.03687131 0.002 0.03553572 0.02904851 -0.002 0.03553572 0.02904851 0.002 0.03553572 0.02908181 -0.002 0.03553572 0.02908181 0.002 0.03553572 0.02915791 -0.002 0.03553572 0.02915791 0.002 0.03553572 0.03687131 -0.002 0.03553572 0.03687131 0.002 0.02302372 0.02904851 -0.002 0.02302372 0.02904851 0.002 0.03167592 0.02904851 -0.002 0.03167592 0.02904851 0.002 0.03553572 0.02904851 -0.002 0.03553572 0.02904851 0.002 0.02302372 0.03687131 -0.002 0.02302372 0.03687131 0.002 0.02302372 0.02915791 -0.002 0.02302372 0.02915791 0.002 0.02302372 0.02908181 -0.002 0.02302372 0.02908181 0.002 0.02302372 0.02904851 -0.002 0.02302372 0.02904851 0.002 0.05581102 0.03702361 -0.002 0.05581102 0.03702361 0.002 0.04959452 0.03702361 -0.002 0.04959452 0.03702361 0.002 0.04329912 0.03702361 -0.002 0.04329912 0.03702361 0.002 0.05581102 0.02920081 -0.002 0.05581102 0.02920081 0.002 0.05581102 0.03698071 -0.002 0.05581102 0.03698071 0.002 0.05581102 0.03702361 -0.002 0.05581102 0.03702361 0.002 0.04329912 0.02920081 -0.002 0.04329912 0.02920081 0.002 0.04959452 0.02920081 -0.002 0.04959452 0.02920081 0.002 0.05581102 0.02920081 -0.002 0.05581102 0.02920081 0.002 0.04329912 0.03702361 -0.002 0.04329912 0.03702361 0.002 0.04329912 0.03698071 -0.002 0.04329912 0.03698071 0.002 0.04329912 0.02920081 -0.002 0.04329912 0.02920081 0.002 0.05710102 0.02030521 0.002 0.05710102 0.02030521 -0.002 0.05715212 0.02069341 0.002 0.05715212 0.02069341 -0.002 0.05730202 0.02105521 0.002 0.05730202 0.02105521 -0.002 0.05754032 0.02136591 0.002 0.05754032 0.02136591 -0.002 0.05785102 0.02160421 0.002 0.05785102 0.02160421 -0.002 0.05821282 0.02175411 0.002 0.05821282 0.02175411 -0.002 0.05860102 0.02180521 0.002 0.05860102 0.02180521 -0.002 0.05898922 0.02175411 0.002 0.05898922 0.02175411 -0.002 0.05935102 0.02160421 0.002 0.05935102 0.02160421 -0.002 0.05966172 0.02136591 0.002 0.05966172 0.02136591 -0.002 0.05990002 0.02105521 0.002 0.05990002 0.02105521 -0.002 0.06004992 0.02069341 0.002 0.06004992 0.02069341 -0.002 0.06010102 0.02030521 0.002 0.06010102 0.02030521 -0.002 0.06004992 0.01991701 0.002 0.06004992 0.01991701 -0.002 0.05990002 0.01955521 0.002 0.05990002 0.01955521 -0.002 0.05966172 0.01924451 0.002 0.05966172 0.01924451 -0.002 0.05935102 0.01900621 0.002 0.05935102 0.01900621 -0.002 0.05898922 0.01885631 0.002 0.05898922 0.01885631 -0.002 0.05860102 0.01880521 0.002 0.05860102 0.01880521 -0.002 0.05821282 0.01885631 0.002 0.05821282 0.01885631 -0.002 0.05785102 0.01900621 0.002 0.05785102 0.01900621 -0.002 0.05754032 0.01924451 0.002 0.05754032 0.01924451 -0.002 0.05730202 0.01955521 0.002 0.05730202 0.01955521 -0.002 0.05715212 0.01991701 0.002 0.05715212 0.01991701 -0.002 -0.05459898 -0.01369479 0.002 -0.05459898 -0.01369479 -0.002 -0.05454788 -0.01330659 0.002 -0.05454788 -0.01330659 -0.002 -0.05439798 -0.01294479 0.002 -0.05439798 -0.01294479 -0.002 -0.05415968 -0.01263409 0.002 -0.05415968 -0.01263409 -0.002 -0.05384898 -0.01239579 0.002 -0.05384898 -0.01239579 -0.002 -0.05348718 -0.01224589 0.002 -0.05348718 -0.01224589 -0.002 -0.05309898 -0.01219479 0.002 -0.05309898 -0.01219479 -0.002 -0.05271078 -0.01224589 0.002 -0.05271078 -0.01224589 -0.002 -0.05234898 -0.01239579 0.002 -0.05234898 -0.01239579 -0.002 -0.05203828 -0.01263409 0.002 -0.05203828 -0.01263409 -0.002 -0.05179998 -0.01294479 0.002 -0.05179998 -0.01294479 -0.002 -0.05165008 -0.01330659 0.002 -0.05165008 -0.01330659 -0.002 -0.05159898 -0.01369479 0.002 -0.05159898 -0.01369479 -0.002 -0.05165008 -0.01408299 0.002 -0.05165008 -0.01408299 -0.002 -0.05179998 -0.01444479 0.002 -0.05179998 -0.01444479 -0.002 -0.05203828 -0.01475549 0.002 -0.05203828 -0.01475549 -0.002 -0.05234898 -0.01499379 0.002 -0.05234898 -0.01499379 -0.002 -0.05271078 -0.01514369 0.002 -0.05271078 -0.01514369 -0.002 -0.05309898 -0.01519479 0.002 -0.05309898 -0.01519479 -0.002 -0.05348718 -0.01514369 0.002 -0.05348718 -0.01514369 -0.002 -0.05384898 -0.01499379 0.002 -0.05384898 -0.01499379 -0.002 -0.05415968 -0.01475549 0.002 -0.05415968 -0.01475549 -0.002 -0.05439798 -0.01444479 0.002 -0.05439798 -0.01444479 -0.002 -0.05454788 -0.01408299 0.002 -0.05454788 -0.01408299 -0.002 0.05710102 -0.01369479 0.002 0.05710102 -0.01369479 -0.002 0.05715212 -0.01330659 0.002 0.05715212 -0.01330659 -0.002 0.05730202 -0.01294479 0.002 0.05730202 -0.01294479 -0.002 0.05754032 -0.01263409 0.002 0.05754032 -0.01263409 -0.002 0.05785102 -0.01239579 0.002 0.05785102 -0.01239579 -0.002 0.05821282 -0.01224589 0.002 0.05821282 -0.01224589 -0.002 0.05860102 -0.01219479 0.002 0.05860102 -0.01219479 -0.002 0.05898922 -0.01224589 0.002 0.05898922 -0.01224589 -0.002 0.05935102 -0.01239579 0.002 0.05935102 -0.01239579 -0.002 0.05966172 -0.01263409 0.002 0.05966172 -0.01263409 -0.002 0.05990002 -0.01294479 0.002 0.05990002 -0.01294479 -0.002 0.06004992 -0.01330659 0.002 0.06004992 -0.01330659 -0.002 0.06010102 -0.01369479 0.002 0.06010102 -0.01369479 -0.002 0.06004992 -0.01408299 0.002 0.06004992 -0.01408299 -0.002 0.05990002 -0.01444479 0.002 0.05990002 -0.01444479 -0.002 0.05966172 -0.01475549 0.002 0.05966172 -0.01475549 -0.002 0.05935102 -0.01499379 0.002 0.05935102 -0.01499379 -0.002 0.05898922 -0.01514369 0.002 0.05898922 -0.01514369 -0.002 0.05860102 -0.01519479 0.002 0.05860102 -0.01519479 -0.002 0.05821282 -0.01514369 0.002 0.05821282 -0.01514369 -0.002 0.05785102 -0.01499379 0.002 0.05785102 -0.01499379 -0.002 0.05754032 -0.01475549 0.002 0.05754032 -0.01475549 -0.002 0.05730202 -0.01444479 0.002 0.05730202 -0.01444479 -0.002 0.05715212 -0.01408299 0.002 0.05715212 -0.01408299 -0.002 0.04868042 -0.01666749 0.002 0.03504292 -0.01666749 0.002 0.04868042 -0.01666749 -0.002 0.03504292 -0.01666749 -0.002 0.04868042 -0.02531249 -0.002 0.04868042 -0.02531249 0.002 0.04868042 -0.01759989 -0.002 0.04868042 -0.01759989 0.002 0.04868042 -0.01666749 -0.002 0.04868042 -0.01666749 0.002 0.03504292 -0.02531249 0.002 0.04868042 -0.02531249 0.002 0.03504292 -0.02531249 -0.002 0.04868042 -0.02531249 -0.002 0.03504292 -0.01666749 -0.002 0.03504292 -0.01666749 0.002 0.03504292 -0.01759989 -0.002 0.03504292 -0.01759989 0.002 0.03504292 -0.02531249 -0.002 0.03504292 -0.02531249 0.002 0.02830892 -0.01853229 -0.002 0.02830892 -0.01853229 0.002 0.01884762 -0.01853229 -0.002 0.01884762 -0.01853229 0.002 0.01467142 -0.01853229 -0.002 0.01467142 -0.01853229 0.002 0.02830892 -0.02717729 0.002 0.02830892 -0.01853229 0.002 0.02830892 -0.02717729 -0.002 0.02830892 -0.01853229 -0.002 0.01467142 -0.02717729 -0.002 0.01467142 -0.02717729 0.002 0.01884762 -0.02717729 -0.002 0.01884762 -0.02717729 0.002 0.02830892 -0.02717729 -0.002 0.02830892 -0.02717729 0.002 0.007191023 -0.009694795 -0.0015 0.007191023 -0.03528487 -0.0015 0.007579223 -0.009694795 -0.001448889 0.007579223 -0.03528487 -0.001448889 0.007941023 -0.009694795 -0.001299038 0.007941023 -0.03528487 -0.001299038 0.008251723 -0.009694795 -0.00106066 0.008251723 -0.03528487 -0.00106066 0.008490023 -0.009694795 -0.0007500004 0.008490023 -0.03528487 -0.0007500004 0.008639923 -0.009694795 -0.0003882304 0.008639923 -0.03528487 -0.0003882304 0.008691023 -0.009694795 -4.245606e-10 0.008691023 -0.03528487 -4.245606e-10 0.008639923 -0.009694795 0.0003882296 0.008639923 -0.03528487 0.0003882296 0.008490023 -0.009694795 0.0007499996 0.008490023 -0.03528487 0.0007499996 0.008251723 -0.009694795 0.00106066 0.008251723 -0.03528487 0.00106066 0.007941023 -0.009694795 0.00129904 0.007941023 -0.03528487 0.00129904 0.007579223 -0.009694795 0.00144889 0.007579223 -0.03528487 0.00144889 0.007191023 -0.009694795 0.0015 0.007191023 -0.03528487 0.0015 0.007063623 -0.01855759 0.00149458 0.006802823 -0.009694795 0.00144889 0.006802823 -0.01855759 0.00144889 0.006441023 -0.009694795 0.00129904 0.006441023 -0.01855759 0.00129904 0.006130323 -0.009694795 0.00106066 0.006130323 -0.01855759 0.00106066 0.005892023 -0.009694795 0.0007499996 0.005892023 -0.01855759 0.0007499996 0.005742123 -0.009694795 0.0003882296 0.005742123 -0.01855759 0.0003882296 0.005691023 -0.009694795 -4.245606e-10 0.005691023 -0.01855759 -4.245606e-10 0.005742123 -0.009694795 -0.0003882304 0.005742123 -0.01855759 -0.0003882304 0.005892023 -0.009694795 -0.0007500004 0.005892023 -0.01855759 -0.0007500004 0.006130323 -0.009694795 -0.00106066 0.006130323 -0.01855759 -0.00106066 0.006441023 -0.009694795 -0.001299038 0.006441023 -0.01855759 -0.001299038 0.006802823 -0.009694795 -0.001448889 0.006802823 -0.01855759 -0.001448889 0.007063623 -0.01855759 -0.001494576 0.007063623 -0.02720259 -0.001494576 0.006802823 -0.03528487 -0.001448889 0.006802823 -0.02720259 -0.001448889 0.006441023 -0.03528487 -0.001299038 0.006441023 -0.02720259 -0.001299038 0.006130323 -0.03528487 -0.00106066 0.006130323 -0.02720259 -0.00106066 0.005892023 -0.03528487 -0.0007500004 0.005892023 -0.02720259 -0.0007500004 0.005742123 -0.03528487 -0.0003882304 0.005742123 -0.02720259 -0.0003882304 0.005691023 -0.03528487 -4.245606e-10 0.005691023 -0.02720259 -4.245606e-10 0.005742123 -0.03528487 0.0003882296 0.005742123 -0.02720259 0.0003882296 0.005892023 -0.03528487 0.0007499996 0.005892023 -0.02720259 0.0007499996 0.006130323 -0.03528487 0.00106066 0.006130323 -0.02720259 0.00106066 0.006441023 -0.03528487 0.00129904 0.006441023 -0.02720259 0.00129904 0.006802823 -0.03528487 0.00144889 0.006802823 -0.02720259 0.00144889 0.007063623 -0.02720259 0.00149458 -0.02168898 -0.02728869 -0.0015 -0.02168898 -0.03528487 -0.0015 -0.02130078 -0.02728869 -0.001448889 -0.02130078 -0.03528487 -0.001448889 -0.02093898 -0.02728869 -0.001299038 -0.02093898 -0.03528487 -0.001299038 -0.02062832 -0.02728869 -0.00106066 -0.02062832 -0.03528487 -0.00106066 -0.02038994 -0.02728869 -0.0007500004 -0.02038994 -0.03528487 -0.0007500004 -0.02024009 -0.02728869 -0.0003882304 -0.02024009 -0.03528487 -0.0003882304 -0.02018898 -0.02728869 -4.245606e-10 -0.02018898 -0.03528487 -4.245606e-10 -0.02024009 -0.02728869 0.0003882296 -0.02024009 -0.03528487 0.0003882296 -0.02038994 -0.02728869 0.0007499996 -0.02038994 -0.03528487 0.0007499996 -0.02062832 -0.02728869 0.00106066 -0.02062832 -0.03528487 0.00106066 -0.02093898 -0.02728869 0.00129904 -0.02093898 -0.03528487 0.00129904 -0.02130078 -0.02728869 0.00144889 -0.02130078 -0.03528487 0.00144889 -0.02168898 -0.02728869 0.0015 -0.02168898 -0.03528487 0.0015 -0.02207718 -0.02728869 0.00144889 -0.02207718 -0.03528487 0.00144889 -0.02243898 -0.02728869 0.00129904 -0.02243898 -0.03528487 0.00129904 -0.02274968 -0.02728869 0.00106066 -0.02274968 -0.03528487 0.00106066 -0.02298798 -0.02728869 0.0007499996 -0.02298798 -0.03528487 0.0007499996 -0.02313788 -0.02728869 0.0003882296 -0.02313788 -0.03528487 0.0003882296 -0.02318898 -0.02728869 -4.245606e-10 -0.02318898 -0.03528487 -4.245606e-10 -0.02313788 -0.02728869 -0.0003882304 -0.02313788 -0.03528487 -0.0003882304 -0.02298798 -0.02728869 -0.0007500004 -0.02298798 -0.03528487 -0.0007500004 -0.02274968 -0.02728869 -0.00106066 -0.02274968 -0.03528487 -0.00106066 -0.02243898 -0.02728869 -0.001299038 -0.02243898 -0.03528487 -0.001299038 -0.02207718 -0.02728869 -0.001448889 -0.02207718 -0.03528487 -0.001448889 0.03259102 -0.009694795 -0.0015 0.03259102 -0.03528487 -0.0015 0.03297922 -0.009694795 -0.001448889 0.03297922 -0.03528487 -0.001448889 0.03334102 -0.009694795 -0.001299038 0.03334102 -0.03528487 -0.001299038 0.03365172 -0.009694795 -0.00106066 0.03365172 -0.03528487 -0.00106066 0.03389002 -0.009694795 -0.0007500004 0.03389002 -0.03528487 -0.0007500004 0.03403992 -0.009694795 -0.0003882304 0.03403992 -0.03528487 -0.0003882304 0.03409102 -0.009694795 -4.245606e-10 0.03409102 -0.03528487 -4.245606e-10 0.03403992 -0.009694795 0.0003882296 0.03403992 -0.03528487 0.0003882296 0.03389002 -0.009694795 0.0007499996 0.03389002 -0.03528487 0.0007499996 0.03365172 -0.009694795 0.00106066 0.03365172 -0.03528487 0.00106066 0.03334102 -0.009694795 0.00129904 0.03334102 -0.03528487 0.00129904 0.03297922 -0.009694795 0.00144889 0.03297922 -0.03528487 0.00144889 0.03259102 -0.009694795 0.0015 0.03259102 -0.03528487 0.0015 0.03220282 -0.009694795 0.00144889 0.03220282 -0.03528487 0.00144889 0.03184102 -0.009694795 0.00129904 0.03184102 -0.03528487 0.00129904 0.03153032 -0.009694795 0.00106066 0.03153032 -0.03528487 0.00106066 0.03129202 -0.009694795 0.0007499996 0.03129202 -0.03528487 0.0007499996 0.03114212 -0.009694795 0.0003882296 0.03114212 -0.03528487 0.0003882296 0.03109102 -0.009694795 -4.245606e-10 0.03109102 -0.03528487 -4.245606e-10 0.03114212 -0.009694795 -0.0003882304 0.03114212 -0.03528487 -0.0003882304 0.03129202 -0.009694795 -0.0007500004 0.03129202 -0.03528487 -0.0007500004 0.03153032 -0.009694795 -0.00106066 0.03153032 -0.03528487 -0.00106066 0.03184102 -0.009694795 -0.001299038 0.03184102 -0.03528487 -0.001299038 0.03220282 -0.009694795 -0.001448889 0.03220282 -0.03528487 -0.001448889 -0.04680738 -0.01860319 0.00147334 -0.04708898 -0.01072109 0.0015 -0.04670078 -0.01860319 0.00144889 -0.04670078 -0.01072109 0.00144889 -0.04633898 -0.01860319 0.00129904 -0.04633898 -0.01072109 0.00129904 -0.04602828 -0.01860319 0.00106066 -0.04602828 -0.01072109 0.00106066 -0.04578998 -0.01860319 0.0007499996 -0.04578998 -0.01072109 0.0007499996 -0.04564008 -0.01860319 0.0003882296 -0.04564008 -0.01072109 0.0003882296 -0.04558898 -0.01860319 -4.245606e-10 -0.04558898 -0.01072109 -4.245606e-10 -0.04564008 -0.01860319 -0.0003882304 -0.04564008 -0.01072109 -0.0003882304 -0.04578998 -0.01860319 -0.0007500004 -0.04578998 -0.01072109 -0.0007500004 -0.04602828 -0.01860319 -0.00106066 -0.04602828 -0.01072109 -0.00106066 -0.04633898 -0.01860319 -0.001299038 -0.04633898 -0.01072109 -0.001299038 -0.04670078 -0.01860319 -0.001448889 -0.04670078 -0.01072109 -0.001448889 -0.04680738 -0.01860319 -0.001473338 -0.04708898 -0.01072109 -0.0015 -0.04680738 -0.02724809 -0.001473338 -0.04708898 -0.03528487 0.0015 -0.04680738 -0.02724809 0.00147334 -0.04670078 -0.03528487 0.00144889 -0.04670078 -0.02724809 0.00144889 -0.04633898 -0.03528487 0.00129904 -0.04633898 -0.02724809 0.00129904 -0.04602828 -0.03528487 0.00106066 -0.04602828 -0.02724809 0.00106066 -0.04578998 -0.03528487 0.0007499996 -0.04578998 -0.02724809 0.0007499996 -0.04564008 -0.03528487 0.0003882296 -0.04564008 -0.02724809 0.0003882296 -0.04558898 -0.03528487 -4.245606e-10 -0.04558898 -0.02724809 -4.245606e-10 -0.04564008 -0.03528487 -0.0003882304 -0.04564008 -0.02724809 -0.0003882304 -0.04578998 -0.03528487 -0.0007500004 -0.04578998 -0.02724809 -0.0007500004 -0.04602828 -0.03528487 -0.00106066 -0.04602828 -0.02724809 -0.00106066 -0.04633898 -0.03528487 -0.001299038 -0.04633898 -0.02724809 -0.001299038 -0.04670078 -0.03528487 -0.001448889 -0.04670078 -0.02724809 -0.001448889 -0.04708898 -0.03528487 -0.0015 -0.04747718 -0.01072109 0.00144889 -0.04747718 -0.03528487 0.00144889 -0.04783898 -0.01072109 0.00129904 -0.04783898 -0.03528487 0.00129904 -0.04814968 -0.01072109 0.00106066 -0.04814968 -0.03528487 0.00106066 -0.04838798 -0.01072109 0.0007499996 -0.04838798 -0.03528487 0.0007499996 -0.04853788 -0.01072109 0.0003882296 -0.04853788 -0.03528487 0.0003882296 -0.04858898 -0.01072109 -4.245606e-10 -0.04858898 -0.03528487 -4.245606e-10 -0.04853788 -0.01072109 -0.0003882304 -0.04853788 -0.03528487 -0.0003882304 -0.04838798 -0.01072109 -0.0007500004 -0.04838798 -0.03528487 -0.0007500004 -0.04814968 -0.01072109 -0.00106066 -0.04814968 -0.03528487 -0.00106066 -0.04783898 -0.01072109 -0.001299038 -0.04783898 -0.03528487 -0.001299038 -0.04747718 -0.01072109 -0.001448889 -0.04747718 -0.03528487 -0.001448889 -0.02119898 -0.008284895 -0.001417709 -0.02119898 -0.008284895 0.00141771 -0.02130078 -0.008284895 -0.001448889 -0.02130078 -0.008284895 0.00144889 -0.02168898 -0.008284895 0.0015 -0.02207718 -0.008284895 0.00144889 -0.02243898 -0.008284895 0.00129904 -0.02298798 -0.008284895 -0.0007500004 -0.02274968 -0.008284895 -0.00106066 -0.02298798 -0.008284895 0.0007499996 -0.02243898 -0.008284895 -0.001299038 -0.02207718 -0.008284895 -0.001448889 -0.02313788 -0.008284895 0.0003882296 -0.02318898 -0.008284895 -4.245606e-10 -0.02313788 -0.008284895 -0.0003882304 -0.02274968 -0.008284895 0.00106066 -0.02168898 -0.008284895 -0.0015 -0.02119898 -0.009694795 -0.001417709 -0.02119898 -0.008284895 -0.001417709 -0.02130078 -0.008284895 -0.001448889 -0.02130078 -0.01864379 0.00144889 -0.02119898 -0.009694795 0.00141771 -0.02093898 -0.01864379 0.00129904 -0.02093898 -0.009694795 0.00129904 -0.02062832 -0.01864379 0.00106066 -0.02062832 -0.009694795 0.00106066 -0.02038994 -0.01864379 0.0007499996 -0.02038994 -0.009694795 0.0007499996 -0.02024009 -0.01864379 0.0003882296 -0.02024009 -0.009694795 0.0003882296 -0.02018898 -0.01864379 -4.245606e-10 -0.02018898 -0.009694795 -4.245606e-10 -0.02024009 -0.01864379 -0.0003882304 -0.02024009 -0.009694795 -0.0003882304 -0.02038994 -0.01864379 -0.0007500004 -0.02038994 -0.009694795 -0.0007500004 -0.02062832 -0.01864379 -0.00106066 -0.02062832 -0.009694795 -0.00106066 -0.02093898 -0.01864379 -0.001299038 -0.02093898 -0.009694795 -0.001299038 -0.02130078 -0.01864379 -0.001448889 -0.02119898 -0.008284895 0.00141771 -0.02130078 -0.008284895 0.00144889 -0.02168898 -0.008284895 0.0015 -0.02168898 -0.01864379 0.0015 -0.02207718 -0.008284895 0.00144889 -0.02207718 -0.01864379 0.00144889 -0.02243898 -0.008284895 0.00129904 -0.02243898 -0.01864379 0.00129904 -0.02274968 -0.008284895 0.00106066 -0.02274968 -0.01864379 0.00106066 -0.02298798 -0.008284895 0.0007499996 -0.02298798 -0.01864379 0.0007499996 -0.02313788 -0.008284895 0.0003882296 -0.02313788 -0.01864379 0.0003882296 -0.02318898 -0.008284895 -4.245606e-10 -0.02318898 -0.01864379 -4.245606e-10 -0.02313788 -0.008284895 -0.0003882304 -0.02313788 -0.01864379 -0.0003882304 -0.02298798 -0.008284895 -0.0007500004 -0.02298798 -0.01864379 -0.0007500004 -0.02274968 -0.008284895 -0.00106066 -0.02274968 -0.01864379 -0.00106066 -0.02243898 -0.008284895 -0.001299038 -0.02243898 -0.01864379 -0.001299038 -0.02207718 -0.008284895 -0.001448889 -0.02207718 -0.01864379 -0.001448889 -0.02168898 -0.008284895 -0.0015 -0.02168898 -0.01864379 -0.0015</float_array>
          <technique_common>
            <accessor count="3078" source="#verts-array-array" stride="3">
              <param type="float" name="X"/>
              <param type="float" name="Y"/>
              <param type="float" name="Z"/>
            </accessor>
          </technique_common>
        </source>
        <source id="normals-array">
          <float_array count="9234" id="normals-array-array">1 1.134493e-15 0 1 1.140619e-15 0 0.9659168 -0.2588526 0 0.9659168 -0.2588526 0 0.8659316 -0.5001624 0 0.8659316 -0.5001624 0 0.7932882 -0.6088464 0 0.7932882 -0.6088464 0 0.7071096 -0.7071039 0 0.7071096 -0.7071039 0 0.5000105 -0.8660194 0 0.5000105 -0.8660194 0 0.2588526 -0.9659168 0 0.2588526 -0.9659168 0 1.666131e-05 -1 0 1.666131e-05 -1 0 -0.2588838 -0.9659085 0 -0.2588838 -0.9659085 0 -0.4999855 -0.8660338 0 -0.4999855 -0.8660338 0 -0.7070351 -0.7071784 0 -0.7070351 -0.7071784 0 -0.8660665 -0.4999287 0 -0.8660665 -0.4999287 0 -0.9659474 -0.2587387 0 -0.9659474 -0.2587387 0 -1 1.140619e-15 0 -1 1.131708e-15 0 -0.9659474 0.2587387 0 -0.9659474 0.2587387 0 -0.8660665 0.4999287 0 -0.8660665 0.4999287 0 -0.7070351 0.7071784 0 -0.7070351 0.7071784 0 -0.4999855 0.8660338 0 -0.4999855 0.8660338 0 -0.2588838 0.9659085 0 -0.2588838 0.9659085 0 1.666131e-05 1 0 1.666131e-05 1 0 0.2588526 0.9659168 0 0.2588526 0.9659168 0 0.5000105 0.8660194 0 0.5000105 0.8660194 0 0.7071096 0.7071039 0 0.7071096 0.7071039 0 0.7932882 0.6088464 0 0.7932882 0.6088464 0 0.8659316 0.5001624 0 0.8659316 0.5001624 0 0.9659168 0.2588526 0 0.9659168 0.2588526 0 0 0 1 0 0 1 0 0 1 0 0 1 0 0 1 0 0 1 0 0 1 0 0 1 0 0 1 0 0 1 0 0 1 0 0 1 0 0 1 0 0 1 0 0 1 0 0 1 0 0 1 0 0 1 0 0 1 0 0 1 0 0 1 0 0 1 0 0 1 0 0 1 0 0 1 0 0 1 0 0 1 0 0 1 0 0 1 0 0 1 0 0 1 0 0 1 0 0 1 0 0 1 0 0 1 0 0 1 0 0 1 0 0 1 0 0 1 0 0 1 0 0 1 0 0 1 0 0 1 0 0 1 0 0 1 0 0 1 0 0 1 0 0 1 0 0 1 0 0 1 0 0 1 0 0 1 0 0 1 0 0 1 0 0 1 0 0 1 0 0 1 0 0 1 0 0 1 0 0 1 0 0 1 0 0 1 0 0 1 0 0 1 0 0 1 0 0 1 0 0 1 0 0 1 0 0 1 0 0 1 0 0 1 0 0 1 0 0 1 0 0 1 0 0 1 0 0 1 0 0 1 0 0 1 0 0 1 0 0 1 0 0 1 0 0 1 0 0 1 0 0 1 0 0 1 0 0 1 0 0 1 0 0 1 0 0 1 0 0 1 0 0 1 0 0 1 0 0 1 0 0 1 0 0 1 0 0 1 0 0 1 0 0 1 0 0 1 0 0 1 0 0 1 0 0 1 0 0 1 0 0 1 0 0 1 0 0 1 0 0 1 0 0 1 0 0 1 0 0 1 0 0 1 0 0 1 0 0 1 0 0 1 0 0 1 0 0 1 0 0 1 0 0 1 0 0 1 0 0 1 0 0 1 0 0 1 0 0 1 0 0 1 0 0 1 0 0 1 0 0 1 0 0 1 0 0 1 0 0 1 0 0 1 0 0 1 0 0 1 0 0 1 0 0 1 0 0 1 0 0 1 0 0 1 0 0 1 0 0 1 0 0 1 0 0 1 0 0 1 0 0 1 0 0 1 0 0 1 0 0 1 0 0 1 0 0 1 0 0 1 0 0 1 0 0 1 0 0 1 0 0 1 0 0 1 0 0 1 0 0 1 0 0 1 0 0 1 0 0 1 0 0 1 0 0 1 0 0 1 0 0 1 0 0 1 0 0 1 0 0 1 0 0 1 0 0 1 0 0 1 0 0 1 0 0 1 0 0 1 0 0 1 0 0 1 0 0 1 0 0 1 0 0 1 0 0 1 0 0 1 0 0 1 0 0 1 0 0 1 0 0 1 0 0 1 0 0 1 0 0 1 0 0 1 0 0 1 0 0 1 0 0 1 0 0 1 0 0 1 0 0 1 0 0 1 0 0 1 0 0 1 0 0 1 0 0 1 0 0 1 0 0 1 0 0 1 0 0 1 0 0 1 0 0 1 0 0 1 0 0 1 0 0 1 0 0 1 0 0 1 0 0 1 0 0 1 0 0 1 0 0 1 0 0 1 0 0 1 0 0 1 0 0 1 0 0 1 0 0 1 0 0 1 0 0 1 0 0 1 0 0 1 0 0 1 0 0 1 0 0 1 0 0 1 0 0 1 0 0 1 0 0 1 0 0 1 0 0 1 0 0 1 0 0 1 0 0 1 0 0 1 0 0 1 0 0 1 0 0 1 0 0 1 0 0 1 0 0 1 0 0 1 0 0 1 0 0 1 0 0 1 0 0 1 0 0 1 0 0 1 0 0 1 0 0 1 0 0 1 0 0 1 0 0 1 0 0 1 0 0 1 0 0 1 0 0 1 0 0 1 0 0 1 0 0 1 0 0 1 0 0 1 0 0 1 0 0 1 0 0 1 0 0 1 0 0 1 0 0 1 0 0 1 0 0 1 0 0 1 0 0 1 0 0 1 0 0 1 0 0 1 0 0 1 0 0 1 0 0 1 0 0 1 0 0 1 0 0 1 0 0 1 0 0 1 0 0 1 0 0 1 0 0 1 0 0 1 0 0 1 0 0 1 0 0 1 0 0 1 0 0 1 0 0 1 0 0 1 0 0 1 0 0 1 0 0 1 0 0 1 0 0 1 0 0 1 0 0 1 0 0 1 0 0 1 0 0 1 0 0 1 0 0 1 0 0 1 0 0 1 0 0 1 0 0 1 0 0 1 0 0 1 0 0 1 0 0 1 0 0 1 0 0 1 0 0 1 0 0 1 0 0 1 0 0 1 0 0 1 0 0 1 0 0 1 0 0 1 0 0 1 0 0 1 0 0 1 0 0 1 0 0 1 0 0 1 0 0 1 0 0 1 0 0 1 0 0 1 0 0 1 0 0 1 0 0 1 0 0 1 0 0 1 0 0 1 0 0 1 0 0 1 0 0 1 0 0 1 0 0 1 0 0 1 0 0 1 0 0 1 0 0 1 0 0 1 0 0 1 0 0 1 0 0 1 0 0 1 0 0 1 0 0 1 0 0 1 0 0 1 0 0 1 0 0 1 0 0 1 0 0 1 0 0 1 0 0 1 0 0 1 0 0 1 0 0 1 0 0 1 0 0 1 0 0 1 0 0 1 0 0 1 0 0 1 0 0 1 0 0 1 0 0 1 0 0 1 0 0 1 0 0 1 0 0 1 0 0 1 0 0 1 0 0 1 0 0 1 0 0 1 0 0 1 0 0 1 0 0 1 0 0 1 0 0 1 0 0 1 0 0 1 0 0 1 0 0 1 0 0 1 0 0 1 0 0 1 0 0 1 0 0 1 0 0 1 0 0 1 0 0 1 0 0 1 0 0 1 0 0 1 0 0 1 0 0 1 0 0 1 0 0 1 0 0 1 0 0 1 0 0 1 0 0 1 0 0 1 0 0 1 0 0 1 0 0 1 0 0 1 0 0 1 0 0 1 0 0 1 0 0 1 0 0 1 0 0 1 0 0 1 0 0 1 0 0 1 0 0 1 0 0 1 0 0 1 0 0 1 0 0 1 0 0 1 0 0 1 0 0 1 0 0 1 0 0 1 0 0 1 0 0 1 0 0 1 0 0 1 0 0 1 0 0 1 0 0 1 0 0 1 0 0 1 0 0 1 0 0 1 0 0 1 0 0 1 0 0 1 0 0 1 0 0 1 0 0 1 0 0 1 0 0 1 0 0 1 0 0 1 0 0 1 0 0 1 0 0 1 0 0 1 0 0 1 0 0 1 0 0 1 0 0 1 0 0 1 0 0 1 0 0 1 0 0 1 0 0 1 0 0 1 0 0 1 0 0 1 0 0 1 0 0 1 0 0 1 0 0 1 0 0 1 0 0 1 0 0 1 0 0 1 0 0 1 0 0 1 0 0 1 0 0 1 0 0 1 0 0 1 0 0 1 0 0 1 0 0 1 0 0 1 0 0 1 0 0 1 0 0 1 0 0 1 0 0 1 0 0 1 0 0 1 0 0 1 0 0 1 0 0 1 0 0 1 0 0 1 0 0 1 0 0 1 0 0 1 0 0 1 0 0 1 0 0 1 0 0 1 0 0 1 0 0 1 0 0 1 0 0 1 0 0 1 0 0 1 0 0 1 0 0 1 0 0 1 0 0 1 0 0 1 0 0 1 0 0 1 0 0 1 0 0 1 0 0 1 0 0 1 0 0 1 0 0 1 0 0 1 0 0 1 0 0 1 0 0 1 0 0 1 0 0 1 0 0 1 0 0 1 0 0 1 0 0 1 0 0 1 0 0 1 0 0 1 0 0 1 0 0 1 0 0 1 0 0 1 0 0 1 0 0 1 0 0 1 0 0 1 0 0 1 0 0 1 0 0 1 0 0 1 0 0 1 0 0 1 0 0 1 0 0 1 0 0 1 0 0 1 0 0 1 0 0 1 0 0 1 0 0 1 0 0 1 0 0 1 0 0 1 0 0 1 0 0 1 0 0 1 0 0 1 0 0 1 0 0 1 0 0 1 0 0 1 0 0 1 0 0 1 0 0 1 0 0 1 0 0 1 0 0 1 0 0 1 0 0 1 0 0 1 0 0 1 0 0 1 0 0 1 0 0 1 0 0 1 0 0 1 0 0 1 0 0 1 0 0 1 0 0 1 0 0 1 0 0 1 0 0 1 0 0 1 0 0 1 0 0 1 0 0 1 0 0 1 0 0 1 0 0 1 0 0 1 0 0 1 0 0 1 0 0 1 0 0 1 0 0 1 0 0 1 0 0 1 0 0 1 0 0 1 0 0 1 0 0 1 0 0 1 0 0 1 0 0 1 0 0 1 0 0 1 0 0 1 0 0 1 0 0 1 0 0 1 0 0 1 0 0 1 0 0 1 0 0 1 0 0 1 0 0 1 0 0 1 0 0 1 0 0 1 0 0 1 0 0 1 0 0 1 0 0 1 0 0 1 0 0 1 0 0 1 0 0 1 0 0 1 0 0 1 0 0 1 0 0 1 0 0 1 0 0 1 0 0 1 0 0 1 0 0 1 0 0 1 0 0 1 0 0 1 0 0 1 0 0 1 0 0 1 0 0 1 0 0 1 0 0 1 0 0 1 0 0 1 0 0 1 0 0 1 1 -1.138948e-15 0 1 -1.131708e-15 0 0.9659168 -0.2588526 0 0.9659168 -0.2588526 0 0.8659316 -0.5001624 0 0.8659316 -0.5001624 0 0.7932882 -0.6088464 0 0.7932882 -0.6088464 0 0.7071096 -0.7071039 0 0.7071096 -0.7071039 0 0.5000105 -0.8660194 0 0.5000105 -0.8660194 0 0.2588526 -0.9659168 0 0.2588526 -0.9659168 0 1.666131e-05 -1 0 1.666131e-05 -1 0 -0.2588838 -0.9659085 0 -0.2588838 -0.9659085 0 -0.4999855 -0.8660338 0 -0.4999855 -0.8660338 0 -0.7070351 -0.7071784 0 -0.7070351 -0.7071784 0 -0.8660665 -0.4999287 0 -0.8660665 -0.4999287 0 -0.9659474 -0.2587387 0 -0.9659474 -0.2587387 0 -1 -1.131708e-15 0 -1 -1.140619e-15 0 -0.9659474 0.2587387 0 -0.9659474 0.2587387 0 -0.8660665 0.4999287 0 -0.8660665 0.4999287 0 -0.7070351 0.7071784 0 -0.7070351 0.7071784 0 -0.4999855 0.8660338 0 -0.4999855 0.8660338 0 -0.2588838 0.9659085 0 -0.2588838 0.9659085 0 1.666131e-05 1 0 1.666131e-05 1 0 0.2588526 0.9659168 0 0.2588526 0.9659168 0 0.5000105 0.8660194 0 0.5000105 0.8660194 0 0.7071096 0.7071039 0 0.7071096 0.7071039 0 0.7932882 0.6088464 0 0.7932882 0.6088464 0 0.8659316 0.5001624 0 0.8659316 0.5001624 0 0.9659168 0.2588526 0 0.9659168 0.2588526 0 -1 0 0 -1 0 0 -1 0 0 -1 0 0 -1 0 0 1 0 0 1 0 0 1 0 0 1 0 0 1 0 0 1 0 0 -1 0 0 -1 0 0 -1 0 0 -1 0 0 -1 0 0 0 1 0 0 1 0 0 1 0 0 1 0 0 1 0 0 1 0 0 1 0 0 1 0 0 1 0 0 1 0 0 1 0 0 1 0 0 1 0 0 1 0 0 1 0 0 1 0 0 1 0 0 1 0 0 1 0 0 -1 0 0 -1 0 0 -1 0 0 -1 0 0 -1 0 0 -1 0 0 -1 0 0 -1 0 0 -1 0 0 -1 0 0 -1 0 0 -1 0 0 -1 0 0 -1 0 0 -1 0 0 -1 0 0 -1 0 0 -1 0 0 -1 0 0 -1 0 0 -1 0 0.03925918 -0.9992291 0 0 -1 0 0 -1 0 0 -1 0 0 -1 0 0 -1 0 0 -1 0 0 -1 0 0 -1 0 0 -1 0 0 -1 0 0 -1 0 0 -1 0 0 -1 0 0 -1 0 0 -1 0 0 -1 0 0 -1 0 0 -1 0 0 -1 0 0 -1 0 0 -1 0 0 -1 0 0 -1 0 0 -1 0 0 -1 0 0 -1 0 0 -1 0 0 -1 0 0 -1 0 0 -1 0 0 -1 0 0 -1 0 0 -1 0 0 -1 0 0.03925918 -0.9992291 0 0 -1 0 0 -1 0 0 -1 0 0 -1 0 0 -1 0 0 -1 0 0 -1 0 0 -1 0 0 -1 0 0 -1 0 0 -1 0 0 -1 0 0 -1 0 0 -1 0 0 -1 0 0 -1 0 0 -1 0 0 -1 0 0 -1 0 0 -1 0 0 -1 0 0 -1 0 0 -1 0 0 -1 0 0 -1 0 0 -1 0 0 -1 0 0 -1 0 0 -1 0 0 -1 0 0 -1 0 0 -1 0 0 -1 0 0 -1 0 0 -1 0 0 -1 0 0 -1 0 0 -1 0 0 -1 0 0 -1 0 0 -1 0 0 -1 0 0 -1 0 0 -1 0 0 -1 0 0 -1 0 0 -1 0 0 -1 0 0 -1 0 0 -1 0 0 -1 0 0 -1 0 0 -1 0 0 -1 0 0 -1 0 0 -1 0 0 -1 0 0 -1 0 0 -1 0 0 -1 0 0 -1 0 0 -1 0 0 -1 0 0 -1 0 0 -1 0 0 -1 0 0 -1 0 0 -1 0 0 -1 0 0 -1 0 0 -1 0 0 -1 0 0 -1 0 0 -1 0 0 -1 0 0 -1 0 0 -1 0 0 -1 0 0 -1 0 0 -1 0 0 -1 0 0 -1 0 0 -1 0 0 -1 0 0 -1 0 0 -1 0 1 -1.138948e-15 0 1 -1.131708e-15 0 0.9659168 -0.2588526 0 0.9659168 -0.2588526 0 0.8660076 -0.5000309 0 0.8660076 -0.5000309 0 0.7070901 -0.7071235 0 0.7070901 -0.7071235 0 0.5000105 -0.8660194 0 0.5000105 -0.8660194 0 0.2588526 -0.9659168 0 0.2588526 -0.9659168 0 1.666131e-05 -1 0 1.666131e-05 -1 0 -0.2588838 -0.9659085 0 -0.2588838 -0.9659085 0 -0.4999855 -0.8660338 0 -0.4999855 -0.8660338 0 -0.7070351 -0.7071784 0 -0.7070351 -0.7071784 0 -0.8660665 -0.4999287 0 -0.8660665 -0.4999287 0 -0.9659474 -0.2587387 0 -0.9659474 -0.2587387 0 -1 -1.14953e-15 0 -1 -1.14953e-15 0 -0.9659474 0.2587387 0 -0.9659474 0.2587387 0 -0.8660665 0.4999287 0 -0.8660665 0.4999287 0 -0.7070351 0.7071784 0 -0.7070351 0.7071784 0 -0.4999855 0.8660338 0 -0.4999855 0.8660338 0 -0.2588838 0.9659085 0 -0.2588838 0.9659085 0 1.666131e-05 1 0 1.666131e-05 1 0 0.2588526 0.9659168 0 0.2588526 0.9659168 0 0.5000105 0.8660194 0 0.5000105 0.8660194 0 0.7070901 0.7071235 0 0.7070901 0.7071235 0 0.8660076 0.5000309 0 0.8660076 0.5000309 0 0.9659168 0.2588526 0 0.9659168 0.2588526 0 1 2.316326e-15 0 1 2.325794e-15 0 0.9659168 -0.2588526 0 0.9659168 -0.2588526 0 0.8660076 -0.5000309 0 0.8660076 -0.5000309 0 0.7070901 -0.7071235 0 0.7070901 -0.7071235 0 0.5000105 -0.8660194 0 0.5000105 -0.8660194 0 0.2588526 -0.9659168 0 0.2588526 -0.9659168 0 1.666131e-05 -1 0 1.666131e-05 -1 0 -0.2588838 -0.9659085 0 -0.2588838 -0.9659085 0 -0.4999855 -0.8660338 0 -0.4999855 -0.8660338 0 -0.7070351 -0.7071784 0 -0.7070351 -0.7071784 0 -0.8660665 -0.4999287 0 -0.8660665 -0.4999287 0 -0.9659474 -0.2587387 0 -0.9659474 -0.2587387 0 -1 2.307972e-15 0 -1 2.307972e-15 0 -0.9659474 0.2587387 0 -0.9659474 0.2587387 0 -0.8660665 0.4999287 0 -0.8660665 0.4999287 0 -0.7070351 0.7071784 0 -0.7070351 0.7071784 0 -0.4999855 0.8660338 0 -0.4999855 0.8660338 0 -0.2588838 0.9659085 0 -0.2588838 0.9659085 0 1.666131e-05 1 0 1.666131e-05 1 0 0.2588526 0.9659168 0 0.2588526 0.9659168 0 0.5000105 0.8660194 0 0.5000105 0.8660194 0 0.7070901 0.7071235 0 0.7070901 0.7071235 0 0.8660076 0.5000309 0 0.8660076 0.5000309 0 0.9659168 0.2588526 0 0.9659168 0.2588526 0 0 -1 0 0 -1 0 0 -1 0 0 -1 0 0 -1 0 0 -1 0 0 -1 0 0 -1 0 0 -1 0 0 -1 0 0 -1 0 0 -1 0 0 -1 0 0 -1 0 1 1.134493e-15 0 1 1.140619e-15 0 0.9659168 -0.2588526 0 0.9659168 -0.2588526 0 0.8660076 -0.5000309 0 0.8660076 -0.5000309 0 0.7070901 -0.7071235 0 0.7070901 -0.7071235 0 0.5000105 -0.8660194 0 0.5000105 -0.8660194 0 0.2588526 -0.9659168 0 0.2588526 -0.9659168 0 1.666131e-05 -1 0 1.666131e-05 -1 0 -0.2588838 -0.9659085 0 -0.2588838 -0.9659085 0 -0.4999855 -0.8660338 0 -0.4999855 -0.8660338 0 -0.7070351 -0.7071784 0 -0.7070351 -0.7071784 0 -0.8660665 -0.4999287 0 -0.8660665 -0.4999287 0 -0.9659474 -0.2587387 0 -0.9659474 -0.2587387 0 -1 1.14953e-15 0 -1 1.14953e-15 0 -0.9659474 0.2587387 0 -0.9659474 0.2587387 0 -0.8660665 0.4999287 0 -0.8660665 0.4999287 0 -0.7070351 0.7071784 0 -0.7070351 0.7071784 0 -0.4999855 0.8660338 0 -0.4999855 0.8660338 0 -0.2588838 0.9659085 0 -0.2588838 0.9659085 0 1.666131e-05 1 0 1.666131e-05 1 0 0.2588526 0.9659168 0 0.2588526 0.9659168 0 0.5000105 0.8660194 0 0.5000105 0.8660194 0 0.7070901 0.7071235 0 0.7070901 0.7071235 0 0.8660076 0.5000309 0 0.8660076 0.5000309 0 0.9659168 0.2588526 0 0.9659168 0.2588526 0 1 0 0 1 0 0 1 0 0 1 0 0 1 0 0 1 0 0 0 1 0 0 1 0 0 1 0 0 1 0 0 1 0 0 1 0 0 1 0 0 1 0 0 1 0 0 1 0 0 1 0 0 1 0 0 1 0 0 1 0 0 1 0 0 1 0 0 1 0 -1 0 0 -1 0 0 -1 0 0 -1 0 0 -1 0 0 -1 0 0 -1 0 0 -1 0 0 0 -1 0 0 -1 0 0 -1 0 0 -1 0 0 -1 0 0 -1 0 0 -1 0 0 -1 0 0 -1 0 0 -1 0 0 -1 0 0 -1 0 0 -1 0 0 -1 0 0 -1 0 0 -1 0 0 -1 0 1 0 0 1 0 0 1 0 0 1 0 0 1 0 0 1 0 0 1 0 0 1 0 0 0 1 0 0 1 0 0 1 0 0 1 0 0 1 0 0 1 0 0 1 0 0 1 0 0 1 0 0 1 0 0 1 0 0 1 0 0 1 0 0 1 0 0 1 0 0 1 0 0 1 0 0 1 0 0 1 0 0 1 0 0 1 0 0 1 0 0 1 0 0 1 0 0 1 0 0 1 0 0 1 0 0 1 0 0 1 0 0 1 0 -1 0 0 -1 0 0 -1 0 0 -1 0 0 -1 0 0 -1 0 0 -1 0 0 -1 0 0 0 -1 0 0 -1 0 0 -1 0 0 -1 0 0 -1 0 0 -1 0 0 -1 0 0 -1 0 0 -1 0 0 -1 0 0 -1 0 0 -1 0 0 -1 0 0 -1 0 0 -1 0 0 -1 0 0 -1 0 0 -1 0 0 -1 0 0 -1 0 0 -1 0 0 -1 0 0 -1 0 0 -1 0 0 -1 0 0 -1 0 0 -1 0 0 -1 0 0 -1 0 0 -1 0 1 0 0 1 0 0 1 0 0 1 0 0 1 0 0 1 0 0 1 0 0 1 0 0 1 0 0 1 0 0 0 0 -1 0 0 -1 0 0 -1 0 0 -1 0 0 -1 0 0 -1 0 0 -1 0 0 -1 0 0 -1 0 0 -1 0 0 -1 0 0 -1 0 0 -1 0 0 -1 0 0 -1 0 0 -1 0 0 -1 0 0 -1 0 0 -1 0 0 -1 0 0 -1 0 0 -1 0 0 -1 0 0 -1 0 0 -1 0 0 -1 0 0 -1 0 0 -1 0 0 -1 0 0 -1 0 0 -1 0 0 -1 0 0 -1 0 0 -1 0 0 -1 0 0 -1 0 0 -1 0 0 -1 0 0 -1 0 0 -1 0 0 -1 0 0 -1 0 0 -1 0 0 -1 0 0 -1 0 0 -1 0 0 -1 0 0 -1 0 0 -1 0 0 -1 0 0 -1 0 0 -1 0 0 -1 0 0 -1 0 0 -1 0 0 -1 0 0 -1 0 0 -1 0 0 -1 0 0 -1 0 0 -1 0 0 -1 0 0 -1 0 0 -1 0 0 -1 0 0 -1 0 0 -1 0 0 -1 0 0 -1 0 0 -1 0 0 -1 0 0 -1 0 0 -1 0 0 -1 0 0 -1 0 0 -1 0 0 -1 0 0 -1 0 0 -1 0 0 -1 0 0 -1 0 0 -1 0 0 -1 0 0 -1 0 0 -1 0 0 -1 0 0 -1 0 0 -1 0 0 -1 0 0 -1 0 0 -1 0 0 -1 0 0 -1 0 0 -1 0 0 -1 0 0 -1 0 0 -1 0 0 -1 0 0 -1 0 0 -1 0 0 -1 0 0 -1 0 0 -1 0 0 -1 0 0 -1 0 0 -1 0 0 -1 0 0 -1 0 0 -1 0 0 -1 0 0 -1 0 0 -1 0 0 -1 0 0 -1 0 0 -1 0 0 -1 0 0 -1 0 0 -1 0 0 -1 0 0 -1 0 0 -1 0 0 -1 0 0 -1 0 0 -1 0 0 -1 0 0 -1 0 0 -1 0 0 -1 0 0 -1 0 0 -1 0 0 -1 0 0 -1 0 0 -1 0 0 -1 0 0 -1 0 0 -1 0 0 -1 0 0 -1 0 0 -1 0 0 -1 0 0 -1 0 0 -1 0 0 -1 0 0 -1 0 0 -1 0 0 -1 0 0 -1 0 0 -1 0 0 -1 0 0 -1 0 0 -1 0 0 -1 0 0 -1 0 0 -1 0 0 -1 0 0 -1 0 0 -1 0 0 -1 0 0 -1 0 0 -1 0 0 -1 0 0 -1 0 0 -1 0 0 -1 0 0 -1 0 0 -1 0 0 -1 0 0 -1 0 0 -1 0 0 -1 0 0 -1 0 0 -1 0 0 -1 0 0 -1 0 0 -1 0 0 -1 0 0 -1 0 0 -1 0 0 -1 0 0 -1 0 0 -1 0 0 -1 0 0 -1 0 0 -1 0 0 -1 0 0 -1 0 0 -1 0 0 -1 0 0 -1 0 0 -1 0 0 -1 0 0 -1 0 0 -1 0 0 -1 0 0 -1 0 0 -1 0 0 -1 0 0 -1 0 0 -1 0 0 -1 0 0 -1 0 0 -1 0 0 -1 0 0 -1 0 0 -1 0 0 -1 0 0 -1 0 0 -1 0 0 -1 0 0 -1 0 0 -1 0 0 -1 0 0 -1 0 0 -1 0 0 -1 0 0 -1 0 0 -1 0 0 -1 0 0 -1 0 0 -1 0 0 -1 0 0 -1 0 0 -1 0 0 -1 0 0 -1 0 0 -1 0 0 -1 0 0 -1 0 0 -1 0 0 -1 0 0 -1 0 0 -1 0 0 -1 0 0 -1 0 0 -1 0 0 -1 0 0 -1 0 0 -1 0 0 -1 0 0 -1 0 0 -1 0 0 -1 0 0 -1 0 0 -1 0 0 -1 0 0 -1 0 0 -1 0 0 -1 0 0 -1 0 0 -1 0 0 -1 0 0 -1 0 0 -1 0 0 -1 0 0 -1 0 0 -1 0 0 -1 0 0 -1 0 0 -1 0 0 -1 0 0 -1 0 0 -1 0 0 -1 0 0 -1 0 0 -1 0 0 -1 0 0 -1 0 0 -1 0 0 -1 0 0 -1 0 0 -1 0 0 -1 0 0 -1 0 0 -1 0 0 -1 0 0 -1 0 0 -1 0 0 -1 0 0 -1 0 0 -1 0 0 -1 0 0 -1 0 0 -1 0 0 -1 0 0 -1 0 0 -1 0 0 -1 0 0 -1 0 0 -1 0 0 -1 0 0 -1 0 0 -1 0 0 -1 0 0 -1 0 0 -1 0 0 -1 0 0 -1 0 0 -1 0 0 -1 0 0 -1 0 0 -1 0 0 -1 0 0 -1 0 0 -1 0 0 -1 0 0 -1 0 0 -1 0 0 -1 0 0 -1 0 0 -1 0 0 -1 0 0 -1 0 0 -1 0 0 -1 0 0 -1 0 0 -1 0 0 -1 0 0 -1 0 0 -1 0 0 -1 0 0 -1 0 0 -1 0 0 -1 0 0 -1 0 0 -1 0 0 -1 0 0 -1 0 0 -1 0 0 -1 0 0 -1 0 0 -1 0 0 -1 0 0 -1 0 0 -1 0 0 -1 0 0 -1 0 0 -1 0 0 -1 0 0 -1 0 0 -1 0 0 -1 0 0 -1 0 0 -1 0 0 -1 0 0 -1 0 0 -1 0 0 -1 0 0 -1 0 0 -1 0 0 -1 0 0 -1 0 0 -1 0 0 -1 0 0 -1 0 0 -1 0 0 -1 0 0 -1 0 0 -1 0 0 -1 0 0 -1 0 0 -1 0 0 -1 0 0 -1 0 0 -1 0 0 -1 0 0 -1 0 0 -1 0 0 -1 0 0 -1 0 0 -1 0 0 -1 0 0 -1 0 0 -1 0 0 -1 0 0 -1 0 0 -1 0 0 -1 0 0 -1 0 0 -1 0 0 -1 0 0 -1 0 0 -1 0 0 -1 0 0 -1 0 0 -1 0 0 -1 0 0 -1 0 0 -1 0 0 -1 0 0 -1 0 0 -1 0 0 -1 0 0 -1 0 0 -1 0 0 -1 0 0 -1 0 0 -1 0 0 -1 0 0 -1 0 0 -1 0 0 -1 0 0 -1 0 0 -1 0 0 -1 0 0 -1 0 0 -1 0 0 -1 0 0 -1 0 0 -1 0 0 -1 0 0 -1 0 0 -1 0 0 -1 0 0 -1 0 0 -1 0 0 -1 0 0 -1 0 0 -1 0 0 -1 0 0 -1 0 0 -1 0 0 -1 0 0 -1 0 0 -1 0 0 -1 0 0 -1 0 0 -1 0 0 -1 0 0 -1 0 0 -1 0 0 -1 0 0 -1 0 0 -1 0 0 -1 0 0 -1 0 0 -1 0 0 -1 0 0 -1 0 0 -1 0 0 -1 0 0 -1 0 0 -1 0 0 -1 0 0 -1 0 0 -1 0 0 -1 0 0 -1 0 0 -1 0 0 -1 0 0 -1 0 0 -1 0 0 -1 0 0 -1 0 0 -1 0 0 -1 0 0 -1 0 0 -1 0 0 -1 0 0 -1 0 0 -1 0 0 -1 0 0 -1 0 0 -1 0 0 -1 0 0 -1 0 0 -1 0 0 -1 0 0 -1 0 0 -1 0 0 -1 0 0 -1 0 0 -1 0 0 -1 0 0 -1 0 0 -1 0 0 -1 0 0 -1 0 0 -1 0 0 -1 0 0 -1 0 0 -1 0 0 -1 0 0 -1 0 0 -1 0 0 -1 0 0 -1 0 0 -1 0 0 -1 0 0 -1 0 0 -1 0 0 -1 0 0 -1 0 0 -1 0 0 -1 0 0 -1 0 0 -1 0 0 -1 0 0 -1 0 0 -1 0 0 -1 0 0 -1 0 0 -1 0 0 -1 0 0 -1 0 0 -1 0 0 -1 0 0 -1 0 0 -1 0 0 -1 0 0 -1 0 0 -1 0 0 -1 0 0 -1 0 0 -1 0 0 -1 0 0 -1 0 0 -1 0 0 -1 0 0 -1 0 0 -1 0 0 -1 0 0 -1 0 0 -1 0 0 -1 0 0 -1 0 0 -1 0 0 -1 0 0 -1 0 0 -1 0 0 -1 0 0 -1 0 0 -1 0 0 -1 0 0 -1 0 0 -1 0 0 -1 0 0 -1 0 0 -1 0 0 -1 0 0 -1 0 0 -1 0 0 -1 0 0 -1 0 0 -1 0 0 -1 0 0 -1 0 0 -1 0 0 -1 0 0 -1 0 0 -1 0 0 -1 0 0 -1 0 0 -1 0 0 -1 0 0 -1 0 0 -1 0 0 -1 0 0 -1 0 0 -1 0 0 -1 0 0 -1 0 0 -1 0 0 -1 0 0 -1 0 0 -1 0 0 -1 0 0 -1 0 0 -1 0 0 -1 0 0 -1 0 0 -1 0 0 -1 0 0 -1 0 0 -1 0 0 -1 0 0 -1 0 0 -1 0 0 -1 0 0 -1 0 0 -1 0 0 -1 0 0 -1 0 0 -1 0 0 -1 0 0 -1 0 0 -1 0 0 -1 0 0 -1 0 0 -1 0 0 -1 0 0 -1 0 0 -1 0 0 -1 0 0 -1 0 0 -1 0 0 -1 0 0 -1 0 0 -1 0 0 -1 0 0 -1 0 0 -1 0 0 -1 0 0 -1 0 0 -1 0 0 -1 0 0 -1 0 0 -1 0 0 -1 0 0 -1 0 0 -1 0 0 -1 0 0 -1 0 0 -1 0 0 -1 0 0 -1 0 0 -1 0 0 -1 0 0 -1 0 0 -1 0 0 -1 0 0 -1 0 0 -1 0 0 -1 0 0 -1 0 0 -1 0 0 -1 0 0 -1 0 0 -1 0 0 -1 0 0 -1 0 0 -1 0 0 -1 0 0 -1 0 0 -1 0 0 -1 0 0 -1 0 0 -1 0 0 -1 0 0 -1 0 0 -1 0 0 -1 0 0 -1 0 0 -1 0 0 -1 0 0 -1 0 0 -1 0 0 -1 0 0 -1 0 0 -1 0 0 -1 0 0 -1 0 0 -1 0 0 -1 0 0 -1 0 0 -1 0 0 -1 0 0 -1 0 0 -1 0 0 -1 0 0 -1 0 0 -1 0 0 -1 0 0 -1 0 0 -1 0 0 -1 0 0 -1 0 0 -1 1 2.316326e-15 0 1 2.325794e-15 0 0.9659168 -0.2588526 0 0.9659168 -0.2588526 0 0.8659316 -0.5001624 0 0.8659316 -0.5001624 0 0.7932882 -0.6088464 0 0.7932882 -0.6088464 0 0.7071096 -0.7071039 0 0.7071096 -0.7071039 0 0.5000105 -0.8660194 0 0.5000105 -0.8660194 0 0.2588526 -0.9659168 0 0.2588526 -0.9659168 0 1.666131e-05 -1 0 1.666131e-05 -1 0 -0.2588838 -0.9659085 0 -0.2588838 -0.9659085 0 -0.4999855 -0.8660338 0 -0.4999855 -0.8660338 0 -0.7070351 -0.7071784 0 -0.7070351 -0.7071784 0 -0.8660665 -0.4999287 0 -0.8660665 -0.4999287 0 -0.9659474 -0.2587387 0 -0.9659474 -0.2587387 0 -1 2.325794e-15 0 -1 2.316883e-15 0 -0.9659474 0.2587387 0 -0.9659474 0.2587387 0 -0.8660665 0.4999287 0 -0.8660665 0.4999287 0 -0.7070351 0.7071784 0 -0.7070351 0.7071784 0 -0.4999855 0.8660338 0 -0.4999855 0.8660338 0 -0.2588838 0.9659085 0 -0.2588838 0.9659085 0 1.666131e-05 1 0 1.666131e-05 1 0 0.2588526 0.9659168 0 0.2588526 0.9659168 0 0.5000105 0.8660194 0 0.5000105 0.8660194 0 0.7071096 0.7071039 0 0.7071096 0.7071039 0 0.7932882 0.6088464 0 0.7932882 0.6088464 0 0.8659316 0.5001624 0 0.8659316 0.5001624 0 0.9659168 0.2588526 0 0.9659168 0.2588526 0 -1 0 0 -1 0 0 -1 0 0 -1 0 0 -1 0 0 -1 0 0 -1 0 0 -1 0 0 -1 0 0 -1 0 0 -1 0 0 -1 0 0 -1 0 0 -1 0 0 -1 0 0 -1 0 0 0 1 0 0 1 0 0 1 0 0 1 0 0 1 0 0 1 0 0 1 0 0 1 0 0 1 0 0 1 0 0 1 0 0 1 0 0 1 0 0 1 0 0 1 0 0 1 0 0 1 0 0 1 0 0 1 0 0 1 0 0 1 0 0 1 0 0 1 0 0 1 0 0 1 0 0 1 0 0 1 0 0 1 0 0 1 0 0 1 0 0 1 0 0 1 0 0 1 0 0 1 0 0 1 0 0 1 0 0 1 0 0 1 0 0 1 0 0 1 0 0 1 0 0 1 0 0 1 0 0 1 0 0 1 0 0 1 0 0 1 0 0 1 0 0 1 0 0 1 0 0 1 0 0 1 0 0 1 0 0 1 0 0 1 0 0 1 0 0 1 0 0 1 0 0 1 0 0 1 0 0 1 0 0 1 0 0 1 0 0 1 0 0 1 0 0 1 0 0 1 0 0 1 0 0 1 0 0 1 0 0 1 0 0 1 0 0 1 0 1 0 0 1 0 0 1 0 0 1 0 0 1 0 0 1 0 0 1 0 0 1 0 0 1 0 0 1 0 0 1 0 0 1 0 0 1 0 0 1 0 0 1 0 0 1 0 0 1 0 0 1 0 0 1 0 0 1 0 0 0 1 0 0 1 0 0 1 0 0 1 0 0 1 0 0 1 0 0 1 0 0 1 0 0 1 0 0 1 0 0 1 0 0 1 0 0 1 0 0 1 0 0 1 0 0 1 0 0 1 0 0 1 0 0 1 0 0 1 0 0 1 0 0 1 0 0 1 0 0 1 0 0 1 0 0 1 0 0 1 0 0 1 0 0 1 0 0 1 0 0 1 0 0 1 0 1 0 0 1 0 0 1 0 0 1 0 0 1 0 0 1 0 0 0 -1 0 0 -1 0 0 -1 0 0 -1 0 0 -1 0 0 -1 0 0 -1 0 0 -1 0 -1 0 0 -1 0 0 -1 0 0 -1 0 0 -1 0 0 -1 0 0 1 2.784715e-18 0 1 0 0 0.9659168 -0.2588526 0 0.9659168 -0.2588526 0 0.8660582 -0.4999432 0 0.8660582 -0.4999432 0 0.7071068 -0.7071068 0 0.7071068 -0.7071068 0 0.4999432 -0.8660582 0 0.4999432 -0.8660582 0 0.2588526 -0.9659168 0 0.2588526 -0.9659168 0 -1.140619e-15 -1 0 -1.131708e-15 -1 0 -0.2588526 -0.9659168 0 -0.2588526 -0.9659168 0 -0.4999432 -0.8660582 0 -0.4999432 -0.8660582 0 -0.7071068 -0.7071068 0 -0.7071068 -0.7071068 0 -0.8660582 -0.4999432 0 -0.8660582 -0.4999432 0 -0.9659168 -0.2588526 0 -0.9659168 -0.2588526 0 -1 -8.911088e-18 0 -1 8.911088e-18 0 -0.9659168 0.2588526 0 -0.9659168 0.2588526 0 -0.8660582 0.4999432 0 -0.8660582 0.4999432 0 -0.7071068 0.7071068 0 -0.7071068 0.7071068 0 -0.4999432 0.8660582 0 -0.4999432 0.8660582 0 -0.2588526 0.9659168 0 -0.2588526 0.9659168 0 -1.131708e-15 1 0 -1.140619e-15 1 0 0.2588526 0.9659168 0 0.2588526 0.9659168 0 0.4999432 0.8660582 0 0.4999432 0.8660582 0 0.7071068 0.7071068 0 0.7071068 0.7071068 0 0.8660582 0.4999432 0 0.8660582 0.4999432 0 0.9659168 0.2588526 0 0.9659168 0.2588526 0 -1 0 0 -1 0 0 -1 0 0 -1 0 0 -1 0 0 -1 0 0 -1 0 0 -1 0 0 -1 0 0 -1 0 0 -1 0 0 -1 0 0 -1 0 0 -1 0 0 -1 0 0 -1 0 0 -1 0 0 -1 0 0 -1 0 0 -1 0 0 -1 0 0 -1 0 0 -0.9992291 0.03925942 0 -0.9992291 0.03925942 0 0.1564362 -0.9876881 0 0.1564362 -0.9876881 0 0.3090171 -0.9510565 0 0.3090171 -0.9510565 0 0.3826966 -0.9238741 0 0.3826966 -0.9238741 0 0.4540049 -0.8909992 0 0.4540049 -0.8909992 0 0.5877765 -0.8090233 0 0.5877765 -0.8090233 0 0.6494452 -0.7604084 0 0.6494452 -0.7604084 0 0.7071072 -0.7071064 0 0.7071072 -0.7071064 0 0.760388 -0.6494691 0 0.760388 -0.6494691 0 0.7604969 -0.6493416 0 0.7604969 -0.6493416 0 0.760529 -0.649304 0 0.760529 -0.649304 0 0.8090327 -0.5877636 0 0.9876903 -0.1564222 0 0.9510535 -0.3090264 0 0.9510535 -0.3090264 0 0.8910069 -0.4539897 0 0.8910069 -0.4539897 0 0.8090327 -0.5877636 0 0.999229 -0.03926101 0 0.999229 -0.03926101 0 0.9969191 -0.07843619 0 0.9969191 -0.07843619 0 0.9876903 -0.1564222 0 1 0 0 1 0 0 1 0 0 1 0 0 1 0 0 1 0 0 1 0 0 1 0 0 1 0 0 1 0 0 1 0 0 1 0 0 1 0 0 1 0 0 1 0 0 1 0 0 1 0 0 1 0 0 1 0 0 1 0 0 1 0 0 1 0 0 1 0 0 1 0 0 -0.03925442 0.9992292 0 -0.03925442 0.9992292 0 0 1 0 0 1 0 0 1 0 0 1 0 0 1 0 0 1 0 0 1 0 0 1 0 0 1 0 0 1 0 0 1 0 0 1 0 0 1 0 0 1 0 0 1 0 0 1 0 0 1 0 0 1 0 0 1 0 0 1 0 0 1 0 0 1 0 -0.1564407 0.9876874 0 -0.1564407 0.9876874 0 -0.3090264 0.9510535 0 -0.3090264 0.9510535 0 -0.4539801 0.8910118 0 -0.4539801 0.8910118 0 -0.522512 0.8526319 0 -0.522512 0.8526319 0 -0.5877929 0.8090114 0 -0.5877929 0.8090114 0 -0.6494436 0.7604098 0 -0.6494436 0.7604098 0 -0.6494551 0.7603999 0 -0.6494551 0.7603999 0 -0.7071038 0.7071098 0 -0.7071038 0.7071098 0 -0.7604023 0.6494523 0 -0.7604023 0.6494523 0 -0.8090151 0.5877878 0 -0.8090151 0.5877878 0 -0.8909787 0.454045 0 -0.99692 0.07842581 0 -0.99692 0.07842581 0 -0.9875483 0.1573163 0 -0.9875483 0.1573163 0 -0.9721517 0.2343524 0 -0.9721517 0.2343524 0 -0.9510908 0.3089116 0 -0.9510908 0.3089116 0 -0.9239211 0.382583 0 -0.9239211 0.382583 0 -0.9239225 0.3825797 0 -0.9239225 0.3825797 0 -0.9239029 0.382627 0 -0.9239029 0.382627 0 -0.8909787 0.454045 0 1 2.784715e-18 0 1 0 0 0.9659168 -0.2588526 0 0.9659168 -0.2588526 0 0.8660582 -0.4999432 0 0.8660582 -0.4999432 0 0.7071068 -0.7071068 0 0.7071068 -0.7071068 0 0.4999432 -0.8660582 0 0.4999432 -0.8660582 0 0.2588526 -0.9659168 0 0.2588526 -0.9659168 0 -2.325794e-15 -1 0 -2.316883e-15 -1 0 -0.2588526 -0.9659168 0 -0.2588526 -0.9659168 0 -0.4999432 -0.8660582 0 -0.4999432 -0.8660582 0 -0.7071068 -0.7071068 0 -0.7071068 -0.7071068 0 -0.8660582 -0.4999432 0 -0.8660582 -0.4999432 0 -0.9659168 -0.2588526 0 -0.9659168 -0.2588526 0 -1 0 0 -1 0 0 -0.9659168 0.2588526 0 -0.9659168 0.2588526 0 -0.8660582 0.4999432 0 -0.8660582 0.4999432 0 -0.7071068 0.7071068 0 -0.7071068 0.7071068 0 -0.4999432 0.8660582 0 -0.4999432 0.8660582 0 -0.2588526 0.9659168 0 -0.2588526 0.9659168 0 -2.316883e-15 1 0 -2.325794e-15 1 0 0.2588526 0.9659168 0 0.2588526 0.9659168 0 0.4999432 0.8660582 0 0.4999432 0.8660582 0 0.7071068 0.7071068 0 0.7071068 0.7071068 0 0.8660582 0.4999432 0 0.8660582 0.4999432 0 0.9659168 0.2588526 0 0.9659168 0.2588526 0 1 1.184618e-15 0 1 1.185175e-15 0 0.9659168 -0.2588526 0 0.9659168 -0.2588526 0 0.8660582 -0.4999432 0 0.8660582 -0.4999432 0 0.7071068 -0.7071068 0 0.7071068 -0.7071068 0 0.4999432 -0.8660582 0 0.4999432 -0.8660582 0 0.2588526 -0.9659168 0 0.2588526 -0.9659168 0 -1.140619e-15 -1 0 -1.131708e-15 -1 0 -0.2588526 -0.9659168 0 -0.2588526 -0.9659168 0 -0.4999432 -0.8660582 0 -0.4999432 -0.8660582 0 -0.7071068 -0.7071068 0 -0.7071068 -0.7071068 0 -0.8660582 -0.4999432 0 -0.8660582 -0.4999432 0 -0.9659168 -0.2588526 0 -0.9659168 -0.2588526 0 -1 1.167352e-15 0 -1 1.176264e-15 0 -0.9659168 0.2588526 0 -0.9659168 0.2588526 0 -0.8660582 0.4999432 0 -0.8660582 0.4999432 0 -0.7071068 0.7071068 0 -0.7071068 0.7071068 0 -0.4999432 0.8660582 0 -0.4999432 0.8660582 0 -0.2588526 0.9659168 0 -0.2588526 0.9659168 0 -1.131708e-15 1 0 -1.140619e-15 1 0 0.2588526 0.9659168 0 0.2588526 0.9659168 0 0.4999432 0.8660582 0 0.4999432 0.8660582 0 0.7071068 0.7071068 0 0.7071068 0.7071068 0 0.8660582 0.4999432 0 0.8660582 0.4999432 0 0.9659168 0.2588526 0 0.9659168 0.2588526 0 0 -1 0 0 -1 0 0 -1 0 0 -1 0 0 -1 0 0 -1 0 -1 0 0 -1 0 0 -1 0 0 -1 0 0 -1 0 0 -1 0 0 -1 0 0 -1 0 0 0 1 0 0 1 0 0 1 0 0 1 0 0 1 0 0 1 0 1 0 0 1 0 0 1 0 0 1 0 0 1 0 0 1 0 0 1 0 0 1 0 0 0 -1 0 0 -1 0 0 -1 0 0 -1 0 0 -1 0 0 -1 0 0 -1 0 0 -1 0 0 -1 0 0 -1 0 -1 0 0 -1 0 0 -1 0 0 -1 0 0 -1 0 0 -1 0 0 -1 0 0 -1 0 0 0 1 0 0 1 0 0 1 0 0 1 0 0 1 0 0 1 0 0 1 0 0 1 0 0 1 0 0 1 0 1 0 0 1 0 0 1 0 0 1 0 0 1 0 0 1 0 0 1 0 0 1 0 0 0 -1 0 0 -1 0 0 -1 0 0 -1 0 0 -1 0 0 -1 0 -1 0 0 -1 0 0 -1 0 0 -1 0 0 -1 0 0 -1 0 0 0 1 0 0 1 0 0 1 0 0 1 0 0 1 0 0 1 0 1 0 0 1 0 0 1 0 0 1 0 0 1 0 0 1 0 0 0 -1 0 0 -1 0 0 -1 0 0 -1 0 -1 0 0 -1 0 0 -1 0 0 -1 0 0 -1 0 0 -1 0 0 0 1 0 0 1 0 0 1 0 0 1 0 1 0 0 1 0 0 1 0 0 1 0 0 1 0 0 1 0 0 0 -1 0 0 -1 0 0 -1 0 0 -1 0 -1 0 0 -1 0 0 -1 0 0 -1 0 0 -1 0 0 -1 0 0 0 1 0 0 1 0 0 1 0 0 1 0 1 0 0 1 0 0 1 0 0 1 0 0 1 0 0 1 0 0 0 -1 0 0 -1 0 0 -1 0 0 -1 0 0 -1 0 0 -1 0 -1 0 0 -1 0 0 -1 0 0 -1 0 0 -1 0 0 -1 0 0 -1 0 0 -1 0 0 0 1 0 0 1 0 0 1 0 0 1 0 0 1 0 0 1 0 1 0 0 1 0 0 1 0 0 1 0 0 1 0 0 1 0 0 1 0 0 1 0 0 0 -1 0 0 -1 0 0 -1 0 0 -1 0 0 -1 0 0 -1 0 -1 0 0 -1 0 0 -1 0 0 -1 0 0 -1 0 0 -1 0 0 0 1 0 0 1 0 0 1 0 0 1 0 0 1 0 0 1 0 1 0 0 1 0 0 1 0 0 1 0 0 1 0 0 1 0 0 1 1.184618e-15 0 1 1.185175e-15 0 0.9659168 -0.2588526 0 0.9659168 -0.2588526 0 0.8660582 -0.4999432 0 0.8660582 -0.4999432 0 0.7071068 -0.7071068 0 0.7071068 -0.7071068 0 0.4999432 -0.8660582 0 0.4999432 -0.8660582 0 0.2588526 -0.9659168 0 0.2588526 -0.9659168 0 -2.325794e-15 -1 0 -2.316883e-15 -1 0 -0.2588526 -0.9659168 0 -0.2588526 -0.9659168 0 -0.4999432 -0.8660582 0 -0.4999432 -0.8660582 0 -0.7071068 -0.7071068 0 -0.7071068 -0.7071068 0 -0.8660582 -0.4999432 0 -0.8660582 -0.4999432 0 -0.9659168 -0.2588526 0 -0.9659168 -0.2588526 0 -1 1.185175e-15 0 -1 1.185175e-15 0 -0.9659168 0.2588526 0 -0.9659168 0.2588526 0 -0.8660582 0.4999432 0 -0.8660582 0.4999432 0 -0.7071068 0.7071068 0 -0.7071068 0.7071068 0 -0.4999432 0.8660582 0 -0.4999432 0.8660582 0 -0.2588526 0.9659168 0 -0.2588526 0.9659168 0 -2.316883e-15 1 0 -2.325794e-15 1 0 0.2588526 0.9659168 0 0.2588526 0.9659168 0 0.4999432 0.8660582 0 0.4999432 0.8660582 0 0.7071068 0.7071068 0 0.7071068 0.7071068 0 0.8660582 0.4999432 0 0.8660582 0.4999432 0 0.9659168 0.2588526 0 0.9659168 0.2588526 0 1 -5.76436e-16 0 1 -5.792207e-16 0 0.9659168 -0.2588526 0 0.9659168 -0.2588526 0 0.8660582 -0.4999432 0 0.8660582 -0.4999432 0 0.7071068 -0.7071068 0 0.7071068 -0.7071068 0 0.4999432 -0.8660582 0 0.4999432 -0.8660582 0 0.2588526 -0.9659168 0 0.2588526 -0.9659168 0 -1.14953e-15 -1 0 -1.14953e-15 -1 0 -0.2588526 -0.9659168 0 -0.2588526 -0.9659168 0 -0.4999432 -0.8660582 0 -0.4999432 -0.8660582 0 -0.7071068 -0.7071068 0 -0.7071068 -0.7071068 0 -0.8660582 -0.4999432 0 -0.8660582 -0.4999432 0 -0.9659168 -0.2588526 0 -0.9659168 -0.2588526 0 -1 -5.792207e-16 0 -1 -5.613985e-16 0 -0.9659168 0.2588526 0 -0.9659168 0.2588526 0 -0.8660582 0.4999432 0 -0.8660582 0.4999432 0 -0.7071068 0.7071068 0 -0.7071068 0.7071068 0 -0.4999432 0.8660582 0 -0.4999432 0.8660582 0 -0.2588526 0.9659168 0 -0.2588526 0.9659168 0 -1.14953e-15 1 0 -1.14953e-15 1 0 0.2588526 0.9659168 0 0.2588526 0.9659168 0 0.4999432 0.8660582 0 0.4999432 0.8660582 0 0.7071068 0.7071068 0 0.7071068 0.7071068 0 0.8660582 0.4999432 0 0.8660582 0.4999432 0 0.9659168 0.2588526 0 0.9659168 0.2588526 0 1 -5.76436e-16 0 1 -5.792207e-16 0 0.9659168 -0.2588526 0 0.9659168 -0.2588526 0 0.8660582 -0.4999432 0 0.8660582 -0.4999432 0 0.7071068 -0.7071068 0 0.7071068 -0.7071068 0 0.4999432 -0.8660582 0 0.4999432 -0.8660582 0 0.2588526 -0.9659168 0 0.2588526 -0.9659168 0 -2.325794e-15 -1 0 -2.325794e-15 -1 0 -0.2588526 -0.9659168 0 -0.2588526 -0.9659168 0 -0.4999432 -0.8660582 0 -0.4999432 -0.8660582 0 -0.7071068 -0.7071068 0 -0.7071068 -0.7071068 0 -0.8660582 -0.4999432 0 -0.8660582 -0.4999432 0 -0.9659168 -0.2588526 0 -0.9659168 -0.2588526 0 -1 -5.792207e-16 0 -1 -5.792207e-16 0 -0.9659168 0.2588526 0 -0.9659168 0.2588526 0 -0.8660582 0.4999432 0 -0.8660582 0.4999432 0 -0.7071068 0.7071068 0 -0.7071068 0.7071068 0 -0.4999432 0.8660582 0 -0.4999432 0.8660582 0 -0.2588526 0.9659168 0 -0.2588526 0.9659168 0 -2.325794e-15 1 0 -2.325794e-15 1 0 0.2588526 0.9659168 0 0.2588526 0.9659168 0 0.4999432 0.8660582 0 0.4999432 0.8660582 0 0.7071068 0.7071068 0 0.7071068 0.7071068 0 0.8660582 0.4999432 0 0.8660582 0.4999432 0 0.9659168 0.2588526 0 0.9659168 0.2588526 0 0 -1 0 0 -1 0 0 -1 0 0 -1 0 -1 0 0 -1 0 0 -1 0 0 -1 0 0 -1 0 0 -1 0 0 0 1 0 0 1 0 0 1 0 0 1 0 1 0 0 1 0 0 1 0 0 1 0 0 1 0 0 1 0 0 0 -1 0 0 -1 0 0 -1 0 0 -1 0 0 -1 0 0 -1 0 -1 0 0 -1 0 0 -1 0 0 -1 0 0 0 1 0 0 1 0 0 1 0 0 1 0 0 1 0 0 1 0 -3.487696e-07 -1.799183e-05 1 -0.0004431678 0.0006950681 0.9999997 -0.2588103 0 0.9659282 -0.2588103 0 0.9659282 -0.4999615 0 0.8660476 -0.4999615 0 0.8660476 -0.7071407 0 0.7070729 -0.7071407 0 0.7070729 -0.8660353 0 0.4999828 -0.8660353 0 0.4999828 -0.9659143 0 0.258862 -0.9659143 0 0.258862 -1 0 2.673323e-17 -1 0 2.673323e-17 -0.9659143 0 -0.258862 -0.9659143 0 -0.258862 -0.8660353 0 -0.4999828 -0.8660353 0 -0.4999828 -0.7071421 0 -0.7070715 -0.7071421 0 -0.7070715 -0.4999623 0 -0.8660472 -0.4999623 0 -0.8660472 -0.2588079 0 -0.9659288 -0.2588079 0 -0.9659288 -0.0004042729 -0.0006346281 -0.9999997 -4.59914e-07 2.163755e-05 -1 0.08602146 -1.192687e-05 -0.9962933 0.2591982 -0.0006283029 -0.9658239 0.2792862 0 -0.9602079 0.4999623 0 -0.8660472 0.4999623 0 -0.8660472 0.7071421 0 -0.7070715 0.7071421 0 -0.7070715 0.8660353 0 -0.4999828 0.8660353 0 -0.4999828 0.9659143 0 -0.258862 0.9659143 0 -0.258862 1 0 3.56443e-17 1 0 3.56443e-17 0.9659143 0 0.258862 0.9659143 0 0.258862 0.8660353 0 0.4999828 0.8660353 0 0.4999828 0.7071407 0 0.7070729 0.7071407 0 0.7070729 0.4999615 0 0.8660476 0.4999615 0 0.8660476 0.2588103 0 0.9659282 0.2787084 -0.0009179932 0.9603753 0.08643465 -0.0006327655 0.9962573 0.08603862 1.433639e-05 0.9962918 0.2592381 0.0006874655 0.9658132 0.279282 0 0.9602091 0.4999615 0 0.8660476 0.4999615 0 0.8660476 0.7071407 0 0.7070729 0.7071407 0 0.7070729 0.8660353 0 0.4999828 0.8660353 0 0.4999828 0.9659143 0 0.258862 0.9659143 0 0.258862 1 0 4.455538e-17 1 0 3.56443e-17 0.9659143 0 -0.258862 0.9659143 0 -0.258862 0.8660353 0 -0.4999828 0.8660353 0 -0.4999828 0.7071421 0 -0.7070715 0.7071421 0 -0.7070715 0.4999623 0 -0.8660472 0.4999623 0 -0.8660472 0.2588079 0 -0.9659288 0.2786571 0.001004169 -0.9603901 0.08645589 0.000694702 -0.9962554 -1.160952e-15 0 1 -1.158446e-15 0 1 -0.2588103 0 0.9659282 -0.2588103 0 0.9659282 -0.4999885 0 0.8660321 -0.4999885 0 0.8660321 -0.7071053 0 0.7071082 -0.7071053 0 0.7071082 -0.8660243 0 0.5000019 -0.8660243 0 0.5000019 -0.9659263 0 0.2588172 -0.9659263 0 0.2588172 -1 0 3.564442e-17 -1 0 4.455553e-17 -0.9659263 0 -0.2588172 -0.9659263 0 -0.2588172 -0.8660243 0 -0.5000019 -0.8660243 0 -0.5000019 -0.7071068 0 -0.7071068 -0.7071068 0 -0.7071068 -0.4999892 0 -0.8660316 -0.4999892 0 -0.8660316 -0.2588079 0 -0.9659288 -0.2588079 0 -0.9659288 -1.167356e-15 0 -1 -1.149534e-15 0 -1 0.2588079 0 -0.9659288 0.2588079 0 -0.9659288 0.4999623 0 -0.8660472 0.4999623 0 -0.8660472 0.7071421 0 -0.7070715 0.7071421 0 -0.7070715 0.8660353 0 -0.4999828 0.8660353 0 -0.4999828 0.9659143 0 -0.258862 0.9659143 0 -0.258862 1 0 1.782215e-17 1 0 3.56443e-17 0.9659143 0 0.258862 0.9659143 0 0.258862 0.8660353 0 0.4999828 0.8660353 0 0.4999828 0.7071407 0 0.7070729 0.7071407 0 0.7070729 0.4999615 0 0.8660476 0.4999615 0 0.8660476 0.2588103 0 0.9659282 0.2588103 0 0.9659282 -2.784725e-19 0 1 0 0 1 -0.2588103 0 0.9659282 -0.2588103 0 0.9659282 -0.4999615 0 0.8660476 -0.4999615 0 0.8660476 -0.7071407 0 0.7070729 -0.7071407 0 0.7070729 -0.8660353 0 0.4999828 -0.8660353 0 0.4999828 -0.9659143 0 0.258862 -0.9659143 0 0.258862 -1 0 2.673323e-17 -1 0 2.673323e-17 -0.9659143 0 -0.258862 -0.9659143 0 -0.258862 -0.8660353 0 -0.4999828 -0.8660353 0 -0.4999828 -0.7071421 0 -0.7070715 -0.7071421 0 -0.7070715 -0.4999623 0 -0.8660472 -0.4999623 0 -0.8660472 -0.2588079 0 -0.9659288 -0.2588079 0 -0.9659288 -8.911117e-18 0 -1 8.911117e-18 0 -1 0.2588079 0 -0.9659288 0.2588079 0 -0.9659288 0.4999623 0 -0.8660472 0.4999623 0 -0.8660472 0.7071421 0 -0.7070715 0.7071421 0 -0.7070715 0.8660353 0 -0.4999828 0.8660353 0 -0.4999828 0.9659143 0 -0.258862 0.9659143 0 -0.258862 1 0 4.455538e-17 1 0 4.455538e-17 0.9659143 0 0.258862 0.9659143 0 0.258862 0.8660353 0 0.4999828 0.8660353 0 0.4999828 0.7071407 0 0.7070729 0.7071407 0 0.7070729 0.4999615 0 0.8660476 0.4999615 0 0.8660476 0.2588103 0 0.9659282 0.2588103 0 0.9659282 -0.1385992 -0.001601968 -0.9903473 5.905057e-07 -2.08554e-05 -1 -0.3027472 -0.002279542 -0.9530682 -0.2588079 0 -0.9659288 -0.4999623 0 -0.8660472 -0.4999623 0 -0.8660472 -0.7071421 0 -0.7070715 -0.7071421 0 -0.7070715 -0.8660353 0 -0.4999828 -0.8660353 0 -0.4999828 -0.9659143 0 -0.258862 -0.9659143 0 -0.258862 -1 0 3.56443e-17 -1 0 1.782215e-17 -0.9659143 0 0.258862 -0.9659143 0 0.258862 -0.8660353 0 0.4999828 -0.8660353 0 0.4999828 -0.7071407 0 0.7070729 -0.7071407 0 0.7070729 -0.4999615 0 0.8660476 -0.4999615 0 0.8660476 -0.304166 0 0.9526191 -0.2592129 -0.0006547556 0.96582 -0.1376178 -1.383024e-05 0.9904854 0.0004168078 -0.0006454918 0.9999997 -0.1385819 0.001570275 0.9903497 0.000408842 0.0006334309 -0.9999997 -0.1376161 1.330479e-05 -0.9904856 -0.2592029 0.000642343 -0.9658227 -0.3041691 0 -0.9526181 -0.4999623 0 -0.8660472 -0.4999623 0 -0.8660472 -0.7071421 0 -0.7070715 -0.7071421 0 -0.7070715 -0.8660353 0 -0.4999828 -0.8660353 0 -0.4999828 -0.9659143 0 -0.258862 -0.9659143 0 -0.258862 -1 0 3.56443e-17 -1 0 4.455538e-17 -0.9659143 0 0.258862 -0.9659143 0 0.258862 -0.8660353 0 0.4999828 -0.8660353 0 0.4999828 -0.7071407 0 0.7070729 -0.7071407 0 0.7070729 -0.4999615 0 0.8660476 -0.4999615 0 0.8660476 -0.2588103 0 0.9659282 -0.3027716 0.002236791 0.9530605 5.570419e-07 2.00593e-05 1 0.2588079 0 -0.9659288 0.2588079 0 -0.9659288 0.4999623 0 -0.8660472 0.4999623 0 -0.8660472 0.7071421 0 -0.7070715 0.7071421 0 -0.7070715 0.8660353 0 -0.4999828 0.8660353 0 -0.4999828 0.9659143 0 -0.258862 0.9659143 0 -0.258862 1 0 4.455538e-17 1 0 4.455538e-17 0.9659143 0 0.258862 0.9659143 0 0.258862 0.8660353 0 0.4999828 0.8660353 0 0.4999828 0.7071407 0 0.7070729 0.7071407 0 0.7070729 0.4999615 0 0.8660476 0.4999615 0 0.8660476 0.2588103 0 0.9659282 0.2588103 0 0.9659282 0 -1 0 0 -1 0 0 -1 0 0 -1 0 0 -1 0 0 -1 0 0 -1 0 0 -1 0 0 -1 0 0 -1 0 0 -1 0 0 -1 0 0 -1 0 0 -1 0 0 -1 0 0 -1 0 0 -1 0 -0.3345925 0.0005228122 0.9423628 -0.292858 0 0.956156 -0.2124305 0 0.9771762 -0.2584592 0.0005675148 -0.966022 -0.3342815 1.054705e-05 -0.9424733 -0.5003016 0.0005602136 -0.865851 -0.5152872 0 -0.8570176 -0.7071068 0 -0.7071068 -0.7071068 0 -0.7071068 -0.8660243 0 -0.5000019 -0.8660243 0 -0.5000019 -0.9659263 0 -0.2588172 -0.9659263 0 -0.2588172 -1 0 2.673332e-17 -1 0 2.673332e-17 -0.9659263 0 0.2588172 -0.9659263 0 0.2588172 -0.8660243 0 0.5000019 -0.8660243 0 0.5000019 -0.7071053 0 0.7071082 -0.7071053 0 0.7071082 -0.4999885 0 0.8660321 -0.514863 0.0007601577 0.8572721 -0.25881 1.591757e-05 0.9659283 -0.292858 0 -0.956156 -0.2124292 0 -0.9771765 -1.158445e-15 0 -1 -1.149534e-15 0 -1 0.2588079 0 -0.9659288 0.2588079 0 -0.9659288 0.4999623 0 -0.8660472 0.4999623 0 -0.8660472 0.7071421 0 -0.7070715 0.7071421 0 -0.7070715 0.8660353 0 -0.4999828 0.8660353 0 -0.4999828 0.9659143 0 -0.258862 0.9659143 0 -0.258862 1 0 1.782215e-17 1 0 3.56443e-17 0.9659143 0 0.258862 0.9659143 0 0.258862 0.8660353 0 0.4999828 0.8660353 0 0.4999828 0.7071407 0 0.7070729 0.7071407 0 0.7070729 0.4999615 0 0.8660476 0.4999615 0 0.8660476 0.2588103 0 0.9659282 0.2588103 0 0.9659282 -1.158446e-15 0 1 -1.158446e-15 0 1</float_array>
          <technique_common>
            <accessor count="3078" source="#normals-array-array" stride="3">
              <param type="float" name="X"/>
              <param type="float" name="Y"/>
              <param type="float" name="Z"/>
            </accessor>
          </technique_common>
        </source>
        <vertices id="verts-array-vertices">
          <input semantic="POSITION" source="#verts-array"/>
        </vertices>
        <triangles count="3388" material="material0">
          <input offset="0" semantic="VERTEX" source="#verts-array-vertices"/>
          <input offset="1" semantic="NORMAL" source="#normals-array"/>
          <p>0 0 1 1 2 2 3 3 2 2 1 1 2 2 3 3 4 4 5 5 4 4 3 3 4 4 5 5 6 6 7 7 6 6 5 5 6 6 7 7 8 8 9 9 8 8 7 7 8 8 9 9 10 10 11 11 10 10 9 9 10 10 11 11 12 12 13 13 12 12 11 11 12 12 13 13 14 14 15 15 14 14 13 13 14 14 15 15 16 16 17 17 16 16 15 15 16 16 17 17 18 18 19 19 18 18 17 17 18 18 19 19 20 20 21 21 20 20 19 19 20 20 21 21 22 22 23 23 22 22 21 21 22 22 23 23 24 24 25 25 24 24 23 23 24 24 25 25 26 26 27 27 26 26 25 25 26 26 27 27 28 28 29 29 28 28 27 27 28 28 29 29 30 30 31 31 30 30 29 29 30 30 31 31 32 32 33 33 32 32 31 31 32 32 33 33 34 34 35 35 34 34 33 33 34 34 35 35 36 36 37 37 36 36 35 35 36 36 37 37 38 38 39 39 38 38 37 37 38 38 39 39 40 40 41 41 40 40 39 39 40 40 41 41 42 42 43 43 42 42 41 41 42 42 43 43 44 44 45 45 44 44 43 43 44 44 45 45 46 46 47 47 46 46 45 45 46 46 47 47 48 48 49 49 48 48 47 47 48 48 49 49 50 50 51 51 50 50 49 49 50 50 51 51 0 0 1 1 0 0 51 51 52 52 53 53 54 54 55 55 56 56 57 57 58 58 59 59 60 60 61 61 62 62 63 63 64 64 65 65 66 66 67 67 68 68 69 69 70 70 71 71 72 72 73 73 74 74 75 75 76 76 77 77 78 78 79 79 80 80 81 81 82 82 83 83 81 81 84 84 81 81 83 83 81 81 84 84 79 79 78 78 85 85 76 76 86 86 76 76 85 85 76 76 86 86 87 87 88 88 87 87 86 86 88 88 89 89 87 87 90 90 87 87 89 89 87 87 90 90 91 91 92 92 93 93 94 94 95 95 94 94 93 93 91 91 96 96 87 87 97 97 87 87 96 96 87 87 97 97 94 94 98 98 94 94 97 97 94 94 98 98 92 92 99 99 100 100 101 101 100 100 102 102 101 101 103 103 101 101 102 102 101 101 103 103 104 104 103 103 105 105 104 104 106 106 104 104 105 105 104 104 106 106 76 76 107 107 76 76 106 106 76 76 107 107 77 77 108 108 109 109 110 110 110 110 109 109 111 111 112 112 111 111 109 109 111 111 112 112 113 113 114 114 113 113 112 112 113 113 114 114 115 115 116 116 115 115 114 114 115 115 116 116 117 117 118 118 117 117 116 116 117 117 118 118 119 119 120 120 119 119 118 118 119 119 120 120 121 121 122 122 121 121 120 120 121 121 122 122 123 123 124 124 125 125 126 126 127 127 126 126 125 125 127 127 125 125 128 128 129 129 128 128 125 125 128 128 129 129 130 130 131 131 130 130 129 129 130 130 131 131 132 132 133 133 132 132 131 131 132 132 133 133 134 134 135 135 134 134 133 133 134 134 135 135 136 136 124 124 126 126 137 137 138 138 137 137 126 126 137 137 138 138 139 139 136 136 140 140 141 141 142 142 141 141 140 140 141 141 142 142 139 139 143 143 139 139 142 142 139 139 143 143 137 137 144 144 143 143 145 145 146 146 147 147 148 148 145 145 143 143 149 149 142 142 149 149 143 143 149 149 142 142 148 148 140 140 148 148 142 142 148 148 140 140 146 146 147 147 146 146 150 150 151 151 150 150 146 146 150 150 151 151 74 74 145 145 152 152 144 144 73 73 144 144 152 152 144 144 73 73 153 153 75 75 153 153 73 73 75 75 154 154 155 155 156 156 155 155 154 154 75 75 155 155 153 153 157 157 153 153 155 155 153 153 157 157 158 158 159 159 158 158 157 157 158 158 159 159 160 160 156 156 154 154 161 161 162 162 161 161 154 154 161 161 162 162 160 160 163 163 160 160 162 162 160 160 163 163 158 158 164 164 165 165 166 166 164 164 163 163 167 167 162 162 167 167 163 163 167 167 162 162 168 168 169 169 168 168 162 162 168 168 169 169 170 170 171 171 170 170 169 169 170 170 171 171 172 172 173 173 172 172 171 171 174 174 175 175 176 176 177 177 176 176 175 175 68 68 175 175 69 69 174 174 69 69 175 175 69 69 174 174 178 178 179 179 178 178 174 174 178 178 179 179 180 180 181 181 180 180 179 179 180 180 181 181 182 182 183 183 182 182 181 181 182 182 183 183 184 184 185 185 184 184 183 183 184 184 185 185 186 186 187 187 188 188 189 189 190 190 189 189 188 188 189 189 190 190 191 191 192 192 193 193 194 194 195 195 194 194 193 193 194 194 195 195 196 196 71 71 176 176 72 72 177 177 72 72 176 176 72 72 177 177 197 197 198 198 197 197 177 177 197 197 198 198 199 199 200 200 201 201 202 202 203 203 204 204 205 205 206 206 205 205 204 204 205 205 206 206 207 207 208 208 207 207 206 206 207 207 208 208 202 202 209 209 202 202 208 208 202 202 209 209 200 200 210 210 211 211 212 212 64 64 212 212 211 211 65 65 213 213 214 214 215 215 214 214 213 213 214 214 215 215 216 216 217 217 218 218 219 219 219 219 218 218 220 220 221 221 220 220 218 218 220 220 221 221 222 222 223 223 222 222 221 221 222 222 223 223 224 224 60 60 59 59 225 225 226 226 227 227 228 228 229 229 230 230 228 228 228 228 230 230 226 226 231 231 226 226 230 230 226 226 231 231 232 232 233 233 234 234 235 235 236 236 235 235 234 234 237 237 238 238 234 234 239 239 234 234 238 238 234 234 239 239 236 236 240 240 241 241 242 242 243 243 242 242 241 241 242 242 243 243 244 244 233 233 245 245 234 234 246 246 234 234 245 245 234 234 246 246 242 242 247 247 242 242 246 246 242 242 247 247 240 240 248 248 249 249 250 250 251 251 250 250 249 249 250 250 251 251 252 252 252 252 253 253 250 250 254 254 250 250 253 253 250 250 254 254 228 228 255 255 228 228 254 254 228 228 255 255 229 229 244 244 248 248 242 242 250 250 242 242 248 248 242 242 250 250 256 256 257 257 256 256 250 250 256 256 257 257 258 258 259 259 258 258 257 257 258 258 259 259 260 260 261 261 260 260 259 259 262 262 263 263 264 264 265 265 264 264 263 263 264 264 265 265 266 266 267 267 268 268 269 269 270 270 269 269 268 268 269 269 270 270 271 271 272 272 271 271 225 225 59 59 224 224 225 225 223 223 225 225 224 224 225 225 223 223 272 272 221 221 272 272 223 223 272 272 221 221 273 273 274 274 275 275 276 276 277 277 278 278 279 279 280 280 279 279 278 278 279 279 280 280 276 276 63 63 276 276 280 280 276 276 63 63 274 274 62 62 274 274 63 63 274 274 62 62 58 58 275 275 274 274 281 281 282 282 281 281 274 274 281 281 282 282 283 283 56 56 283 283 284 284 285 285 278 278 286 286 277 277 286 286 278 278 286 286 277 277 287 287 288 288 287 287 277 277 287 287 288 288 289 289 290 290 289 289 288 288 289 289 290 290 291 291 55 55 291 291 290 290 292 292 293 293 294 294 295 295 296 296 297 297 298 298 297 297 296 296 297 297 298 298 299 299 300 300 301 301 295 295 302 302 295 295 301 301 302 302 303 303 295 295 304 304 295 295 303 303 295 295 304 304 296 296 289 289 305 305 306 306 306 306 307 307 289 289 308 308 289 289 307 307 289 289 308 308 287 287 309 309 310 310 311 311 312 312 311 311 310 310 311 311 312 312 313 313 314 314 315 315 316 316 315 315 317 317 316 316 318 318 316 316 317 317 316 316 318 318 319 319 320 320 319 319 318 318 321 321 322 322 309 309 323 323 309 309 322 322 309 309 323 323 310 310 313 313 324 324 311 311 325 325 311 311 324 324 311 311 325 325 326 326 327 327 328 328 316 316 329 329 316 316 328 328 316 316 329 329 314 314 320 320 330 330 319 319 331 331 319 319 330 330 319 319 331 331 332 332 333 333 332 332 331 331 332 332 333 333 334 334 335 335 336 336 309 309 337 337 309 309 336 336 309 309 337 337 321 321 338 338 339 339 309 309 334 334 335 335 332 332 309 309 332 332 335 335 332 332 309 309 340 340 339 339 340 340 309 309 341 341 342 342 343 343 344 344 345 345 341 341 346 346 341 341 345 345 341 341 346 346 342 342 52 52 54 54 347 347 348 348 349 349 350 350 351 351 350 350 349 349 350 350 351 351 54 54 352 352 54 54 351 351 54 54 352 352 347 347 353 353 101 101 354 354 354 354 101 101 355 355 104 104 355 355 101 101 355 355 104 104 356 356 357 357 358 358 266 266 356 356 266 266 358 358 266 266 356 356 264 264 104 104 264 264 356 356 264 264 104 104 262 262 267 267 262 262 104 104 265 265 227 227 266 266 226 226 266 266 227 227 266 266 226 226 357 357 359 359 357 357 226 226 357 357 359 359 360 360 360 360 359 359 361 361 362 362 361 361 359 359 361 361 362 362 363 363 364 364 166 166 173 173 165 165 173 173 166 166 173 173 165 165 172 172 364 364 173 173 365 365 366 366 365 365 173 173 365 365 366 366 367 367 368 368 367 367 366 366 367 367 368 368 369 369 370 370 369 369 368 368 369 369 370 370 371 371 372 372 371 371 370 370 371 371 372 372 373 373 374 374 373 373 372 372 373 373 374 374 375 375 376 376 375 375 374 374 375 375 376 376 377 377 199 199 377 377 376 376 377 377 199 199 378 378 379 379 380 380 381 381 382 382 381 381 380 380 381 381 382 382 383 383 384 384 383 383 382 382 383 383 384 384 193 193 378 378 193 193 384 384 193 193 378 378 195 195 199 199 195 195 378 378 195 195 199 199 196 196 198 198 196 196 199 199 385 385 386 386 379 379 387 387 379 379 386 386 379 379 387 387 380 380 388 388 389 389 390 390 391 391 390 390 389 389 392 392 393 393 394 394 395 395 394 394 393 393 396 396 87 87 397 397 94 94 397 397 87 87 397 397 94 94 398 398 399 399 398 398 94 94 398 398 399 399 400 400 399 399 401 401 400 400 402 402 400 400 401 401 400 400 402 402 403 403 404 404 403 403 402 402 403 403 404 404 405 405 406 406 405 405 404 404 405 405 406 406 407 407 166 166 407 407 406 406 407 407 166 166 408 408 364 364 408 408 166 166 409 409 410 410 411 411 412 412 411 411 410 410 413 413 393 393 414 414 411 411 414 414 393 393 414 414 411 411 415 415 412 412 415 415 411 411 416 416 417 417 418 418 419 419 420 420 395 395 413 413 421 421 393 393 422 422 393 393 421 421 393 393 422 422 423 423 420 420 424 424 395 395 425 425 395 395 424 424 395 395 425 425 418 418 426 426 418 418 425 425 418 418 426 426 416 416 423 423 427 427 393 393 428 428 393 393 427 427 393 393 428 428 395 395 429 429 395 395 428 428 395 395 429 429 419 419 417 417 430 430 418 418 431 431 418 418 430 430 418 418 431 431 268 268 409 409 411 411 432 432 270 270 432 432 411 411 432 432 270 270 433 433 431 431 434 434 268 268 435 435 268 268 434 434 268 268 435 435 270 270 436 436 270 270 435 435 270 270 436 436 433 433 437 437 438 438 439 439 440 440 439 439 438 438 441 441 389 389 442 442 439 439 442 442 389 389 442 442 439 439 443 443 440 440 443 443 439 439 444 444 445 445 446 446 447 447 448 448 391 391 441 441 449 449 389 389 450 450 389 389 449 449 389 389 450 450 451 451 448 448 452 452 391 391 453 453 391 391 452 452 391 391 453 453 446 446 454 454 446 446 453 453 446 446 454 454 444 444 451 451 455 455 389 389 456 456 389 389 455 455 389 389 456 456 391 391 457 457 391 391 456 456 391 391 457 457 447 447 445 445 458 458 446 446 459 459 446 446 458 458 446 446 459 459 225 225 437 437 439 439 460 460 60 60 460 460 439 439 460 460 60 60 461 461 459 459 462 462 225 225 463 463 225 225 462 462 225 225 463 463 60 60 464 464 60 60 463 463 60 60 464 464 461 461 178 178 465 465 69 69 191 191 69 69 465 465 69 69 191 191 67 67 190 190 67 67 191 191 64 64 66 66 212 212 203 203 212 212 66 66 212 212 203 203 466 466 205 205 466 466 203 203 466 466 205 205 467 467 305 305 289 289 468 468 291 291 468 468 289 289 468 468 291 291 469 469 470 470 469 469 291 291 469 469 470 470 210 210 471 471 210 210 470 470 210 210 471 471 211 211 65 65 214 214 66 66 472 472 66 66 214 214 66 66 472 472 203 203 473 473 203 203 472 472 203 203 473 473 204 204 55 55 57 57 291 291 216 216 291 291 57 57 291 291 216 216 470 470 215 215 470 470 216 216 470 470 215 215 471 471 465 465 467 467 191 191 205 205 191 191 467 467 191 191 205 205 189 189 207 207 189 189 205 205 189 189 207 207 187 187 202 202 187 187 207 207 56 56 284 284 57 57 474 474 57 57 284 284 57 57 474 474 216 216 475 475 216 216 474 474 216 216 475 475 214 214 201 201 214 214 475 475 214 214 201 201 472 472 200 200 472 472 201 201 472 472 200 200 473 473 283 283 282 282 284 284 385 385 284 284 282 282 284 284 385 385 474 474 379 379 474 474 385 385 474 474 379 379 475 475 381 381 475 475 379 379 475 475 381 381 201 201 383 383 201 201 381 381 201 201 383 383 202 202 193 193 202 202 383 383 202 202 193 193 187 187 192 192 187 187 193 193 187 187 192 192 188 188 285 285 476 476 278 278 477 477 278 278 476 476 278 278 477 477 280 280 478 478 280 280 477 477 280 280 478 478 63 63 217 217 63 63 478 478 63 63 217 217 61 61 219 219 61 61 217 217 479 479 182 182 480 480 184 184 480 480 182 182 480 480 184 184 481 481 186 186 481 481 184 184 481 481 186 186 482 482 483 483 482 482 186 186 482 482 483 483 484 484 485 485 484 484 483 483 484 484 485 485 486 486 487 487 486 486 485 485 58 58 60 60 274 274 439 439 274 274 60 60 274 274 439 439 282 282 389 389 282 282 439 439 282 282 389 389 385 385 388 388 385 385 389 389 385 385 388 388 386 386 488 488 489 489 490 490 491 491 490 490 489 489 490 490 491 491 492 492 493 493 494 494 487 487 495 495 496 496 497 497 496 496 498 498 497 497 499 499 497 497 498 498 497 497 499 499 500 500 500 500 501 501 497 497 502 502 497 497 501 501 497 497 502 502 487 487 503 503 487 487 502 502 487 487 503 503 493 493 504 504 505 505 486 486 506 506 486 486 505 505 486 486 506 506 507 507 507 507 508 508 486 486 509 509 486 486 508 508 486 486 509 509 490 490 510 510 490 490 509 509 490 490 510 510 488 488 494 494 511 511 487 487 512 512 487 487 511 511 487 487 512 512 486 486 513 513 486 486 512 512 486 486 513 513 504 504 514 514 497 497 515 515 516 516 515 515 497 497 517 517 374 374 518 518 519 519 518 518 374 374 520 520 521 521 374 374 522 522 374 374 521 521 374 374 522 522 519 519 523 523 524 524 376 376 525 525 376 376 524 524 376 376 525 525 526 526 527 527 528 528 487 487 528 528 529 529 487 487 530 530 487 487 529 529 487 487 530 530 531 531 531 531 532 532 487 487 533 533 487 487 532 532 487 487 533 533 497 497 534 534 497 497 533 533 497 497 534 534 516 516 526 526 527 527 376 376 487 487 376 376 527 527 376 376 487 487 199 199 485 485 199 199 487 487 199 199 485 485 197 197 483 483 197 197 485 485 197 197 483 483 72 72 186 186 72 72 483 483 72 72 186 186 70 70 185 185 70 70 186 186 517 517 535 535 374 374 536 536 374 374 535 535 374 374 536 536 376 376 537 537 376 376 536 536 376 376 537 537 523 523 476 476 300 300 477 477 295 295 477 477 300 300 477 477 295 295 478 478 297 297 478 478 295 295 478 478 297 297 217 217 299 299 217 217 297 297 217 217 299 299 218 218 538 538 218 218 299 299 218 218 538 538 221 221 260 260 221 221 538 538 221 221 260 260 273 273 261 261 273 273 260 260 260 260 539 539 540 540 541 541 542 542 258 258 543 543 258 258 542 542 258 258 543 543 544 544 540 540 545 545 260 260 546 546 260 260 545 545 260 260 546 546 258 258 547 547 258 258 546 546 258 258 547 547 541 541 548 548 549 549 292 292 550 550 292 292 549 549 292 292 550 550 551 551 544 544 552 552 258 258 553 553 258 258 552 552 258 258 553 553 292 292 554 554 292 292 553 553 292 292 554 554 548 548 555 555 556 556 538 538 556 556 557 557 538 538 558 558 538 538 557 557 538 538 558 558 559 559 559 559 560 560 538 538 561 561 538 538 560 560 538 538 561 561 260 260 562 562 260 260 561 561 260 260 562 562 539 539 551 551 555 555 292 292 538 538 292 292 555 555 292 292 538 538 293 293 299 299 293 293 538 538 293 293 299 299 563 563 298 298 563 563 299 299 271 271 270 270 225 225 411 411 225 225 270 270 225 225 411 411 446 446 393 393 446 446 411 411 446 446 393 393 391 391 392 392 391 391 393 393 391 391 392 392 390 390 564 564 565 565 566 566 567 567 566 566 565 565 566 566 567 567 568 568 569 569 570 570 370 370 571 571 370 370 570 570 370 370 571 571 572 572 573 573 574 574 372 372 574 574 575 575 372 372 576 576 372 372 575 575 372 372 576 576 577 577 578 578 579 579 580 580 579 579 581 581 580 580 582 582 580 580 581 581 580 580 582 582 583 583 583 583 584 584 580 580 585 585 580 580 584 584 580 580 585 585 566 566 586 586 566 566 585 585 566 566 586 586 564 564 577 577 578 578 372 372 580 580 372 372 578 578 372 372 580 580 374 374 497 497 374 374 580 580 374 374 497 497 520 520 514 514 520 520 497 497 572 572 587 587 370 370 588 588 370 370 587 587 370 370 588 588 372 372 589 589 372 372 588 588 372 372 589 589 573 573 590 590 591 591 592 592 593 593 592 592 591 591 592 592 593 593 594 594 595 595 596 596 597 597 596 596 598 598 597 597 599 599 597 597 598 598 597 597 599 599 600 600 600 600 601 601 597 597 602 602 597 597 601 601 597 597 602 602 566 566 603 603 566 566 602 602 566 566 603 603 604 604 604 604 605 605 566 566 606 606 566 566 605 605 566 566 606 606 607 607 608 608 609 609 610 610 609 609 611 611 610 610 612 612 610 610 611 611 610 610 612 612 613 613 613 613 614 614 610 610 615 615 610 610 614 614 610 610 615 615 592 592 616 616 592 592 615 615 592 592 616 616 590 590 492 492 495 495 490 490 497 497 490 490 495 495 490 490 497 497 617 617 580 580 617 617 497 497 617 617 580 580 610 610 566 566 610 610 580 580 610 610 566 566 608 608 607 607 608 608 566 566 267 267 104 104 268 268 76 76 268 268 104 104 268 268 76 76 418 418 87 87 418 418 76 76 418 418 87 87 395 395 396 396 395 395 87 87 395 395 396 396 394 394 618 618 619 619 620 620 621 621 620 620 619 619 620 620 621 621 622 622 623 623 366 366 624 624 625 625 624 624 366 366 626 626 627 627 366 366 628 628 366 366 627 627 366 366 628 628 625 625 629 629 630 630 368 368 631 631 368 368 630 630 368 368 631 631 632 632 633 633 634 634 597 597 635 635 597 597 634 634 597 597 635 635 636 636 636 636 637 637 597 597 638 638 597 597 637 637 597 597 638 638 620 620 639 639 620 620 638 638 620 620 639 639 618 618 632 632 633 633 368 368 597 597 368 368 633 633 368 368 597 597 370 370 566 566 370 370 597 597 370 370 566 566 569 569 568 568 569 569 566 566 623 623 640 640 366 366 641 641 366 366 640 640 366 366 641 641 368 368 642 642 368 368 641 641 368 368 642 642 629 629 594 594 595 595 592 592 597 597 592 592 595 595 592 592 597 597 643 643 620 620 643 643 597 597 643 643 620 620 316 316 311 311 316 316 620 620 316 316 311 311 327 327 326 326 327 327 311 311 95 95 82 82 94 94 81 81 94 94 82 82 94 94 81 81 399 399 644 644 399 399 81 81 232 232 237 237 226 226 234 234 226 226 237 237 226 226 234 234 359 359 645 645 359 359 234 234 359 359 645 645 362 362 646 646 362 362 645 645 164 164 166 166 163 163 406 406 163 163 166 166 163 163 406 406 158 158 404 404 158 158 406 406 158 158 404 404 153 153 402 402 153 153 404 404 153 153 402 402 144 144 401 401 144 144 402 402 144 144 401 401 143 143 399 399 143 143 401 401 143 143 399 399 137 137 644 644 137 137 399 399 137 137 644 644 124 124 354 354 647 647 353 353 648 648 353 353 647 647 353 353 648 648 110 110 123 123 110 110 648 648 110 110 123 123 108 108 122 122 108 108 123 123 649 649 650 650 651 651 652 652 653 653 654 654 362 362 654 654 653 653 654 654 362 362 655 655 652 652 656 656 653 653 657 657 653 653 656 656 653 653 657 657 658 658 659 659 660 660 651 651 660 660 661 661 651 651 662 662 651 651 661 661 651 651 662 662 649 649 663 663 664 664 646 646 665 665 646 646 664 664 666 666 667 667 362 362 668 668 362 362 667 667 362 362 668 668 655 655 650 650 669 669 651 651 670 670 651 651 669 669 651 651 670 670 646 646 671 671 646 646 670 670 646 646 671 671 663 663 665 665 672 672 646 646 673 673 646 646 672 672 646 646 673 673 362 362 674 674 362 362 673 673 362 362 674 674 666 666 622 622 626 626 620 620 366 366 620 620 626 626 620 620 366 366 311 311 173 173 311 311 366 366 311 311 173 173 309 309 171 171 309 309 173 173 309 309 171 171 675 675 169 169 675 675 171 171 74 74 151 151 75 75 676 676 75 75 151 151 75 75 676 676 154 154 677 677 154 154 676 676 154 154 677 677 162 162 344 344 162 162 677 677 162 162 344 344 169 169 341 341 169 169 344 344 169 169 341 341 675 675 343 343 675 675 341 341 675 675 343 343 309 309 678 678 309 309 343 343 309 309 678 678 338 338 136 136 135 135 140 140 679 679 140 140 135 135 140 140 679 679 146 146 680 680 146 146 679 679 146 146 680 680 151 151 681 681 151 151 680 680 151 151 681 681 676 676 350 350 676 676 681 681 676 676 350 350 677 677 54 54 677 677 350 350 677 677 54 54 344 344 53 53 344 344 54 54 344 344 53 53 345 345 80 80 99 99 81 81 101 101 81 81 99 99 81 81 101 101 644 644 353 353 644 644 101 101 644 644 353 353 124 124 110 110 124 124 353 353 124 124 110 110 125 125 111 111 125 125 110 110 125 125 111 111 129 129 113 113 129 129 111 111 129 129 113 113 131 131 115 115 131 131 113 113 648 648 682 682 123 123 683 683 123 123 682 682 123 123 683 683 121 121 684 684 121 121 683 683 121 121 684 684 119 119 685 685 119 119 684 684 119 119 685 685 117 117 686 686 117 117 685 685 647 647 687 687 648 648 363 363 648 648 687 687 648 648 363 363 682 682 362 362 682 682 363 363 682 682 362 362 683 683 653 653 683 683 362 362 683 683 653 653 684 684 688 688 684 684 653 653 684 684 688 688 685 685 689 689 685 685 688 688 685 685 689 689 686 686 690 690 686 686 689 689 658 658 659 659 653 653 651 651 653 653 659 659 653 653 651 651 688 688 691 691 688 688 651 651 688 688 691 691 689 689 692 692 689 689 691 691 689 689 692 692 690 690 693 693 690 690 692 692 294 294 694 694 292 292 695 695 292 292 694 694 292 292 695 695 258 258 696 696 258 258 695 695 258 258 696 696 256 256 697 697 256 256 696 696 256 256 697 697 242 242 698 698 242 242 697 697 242 242 698 698 234 234 699 699 234 234 698 698 234 234 699 699 645 645 700 700 645 645 699 699 645 645 700 700 646 646 701 701 646 646 700 700 646 646 701 701 651 651 702 702 651 651 701 701 651 651 702 702 691 691 703 703 691 691 702 702 691 691 703 703 692 692 704 704 692 692 703 703 692 692 704 704 693 693 705 705 693 693 704 704 348 348 350 350 706 706 681 681 706 706 350 350 706 706 681 681 707 707 680 680 707 707 681 681 707 707 680 680 708 708 679 679 708 708 680 680 708 708 679 679 709 709 135 135 709 709 679 679 709 709 135 135 710 710 133 133 710 710 135 135 710 710 133 133 711 711 131 131 711 711 133 133 711 711 131 131 712 712 115 115 712 712 131 131 712 712 115 115 713 713 117 117 713 713 115 115 713 713 117 117 714 714 686 686 714 714 117 117 714 714 686 686 715 715 690 690 715 715 686 686 715 715 690 690 716 716 693 693 716 716 690 690 716 716 693 693 717 717 705 705 717 717 693 693 717 717 705 705 718 718 719 719 720 720 721 721 722 722 721 721 720 720 721 721 722 722 723 723 724 724 723 723 722 722 723 723 724 724 725 725 726 726 725 725 724 724 725 725 726 726 727 727 728 728 727 727 726 726 727 727 728 728 729 729 730 730 729 729 728 728 729 729 730 730 731 731 732 732 731 731 730 730 731 731 732 732 733 733 734 734 733 733 732 732 733 733 734 734 735 735 736 736 735 735 734 734 735 735 736 736 737 737 738 738 737 737 736 736 737 737 738 738 739 739 740 740 739 739 738 738 739 739 740 740 741 741 742 742 741 741 740 740 741 741 742 742 743 743 744 744 743 743 742 742 743 743 744 744 745 745 746 746 745 745 744 744 745 745 746 746 747 747 748 748 747 747 746 746 747 747 748 748 749 749 750 750 749 749 748 748 749 749 750 750 751 751 752 752 751 751 750 750 751 751 752 752 753 753 754 754 753 753 752 752 753 753 754 754 755 755 756 756 755 755 754 754 755 755 756 756 757 757 758 758 757 757 756 756 757 757 758 758 759 759 760 760 759 759 758 758 759 759 760 760 761 761 762 762 761 761 760 760 761 761 762 762 763 763 764 764 763 763 762 762 763 763 764 764 765 765 766 766 765 765 764 764 765 765 766 766 767 767 768 768 767 767 766 766 767 767 768 768 769 769 770 770 769 769 768 768 769 769 770 770 719 719 720 720 719 719 770 770 771 771 772 772 773 773 774 774 773 773 772 772 773 773 774 774 775 775 776 776 777 777 778 778 778 778 779 779 776 776 780 780 776 776 779 779 776 776 780 780 781 781 782 782 783 783 784 784 785 785 784 784 783 783 784 784 785 785 786 786 787 787 788 788 789 789 790 790 791 791 792 792 787 787 789 789 793 793 789 789 794 794 793 793 795 795 793 793 794 794 793 793 795 795 796 796 790 790 797 797 798 798 790 790 792 792 799 799 800 800 799 799 792 792 799 799 800 800 801 801 796 796 802 802 793 793 803 803 793 793 802 802 793 793 803 803 798 798 804 804 798 798 803 803 798 798 804 804 790 790 805 805 790 790 804 804 790 790 805 805 791 791 806 806 807 807 808 808 809 809 810 810 811 811 812 812 811 811 810 810 811 811 812 812 813 813 814 814 813 813 812 812 813 813 814 814 815 815 806 806 808 808 816 816 817 817 816 816 808 808 816 816 817 817 818 818 807 807 819 819 808 808 820 820 808 808 819 819 808 808 820 820 821 821 822 822 808 808 823 823 821 821 823 823 808 808 823 823 821 821 811 811 824 824 811 811 821 821 811 811 824 824 809 809 825 825 826 826 827 827 828 828 827 827 826 826 829 829 830 830 831 831 832 832 831 831 830 830 833 833 834 834 830 830 835 835 830 830 834 834 830 830 835 835 832 832 836 836 837 837 838 838 827 827 838 838 837 837 838 838 827 827 839 839 828 828 839 839 827 827 840 840 841 841 842 842 831 831 843 843 829 829 844 844 829 829 843 843 829 829 844 844 845 845 846 846 847 847 848 848 849 849 848 848 847 847 850 850 851 851 852 852 853 853 852 852 851 851 854 854 855 855 856 856 857 857 858 858 859 859 860 860 861 861 862 862 863 863 862 862 861 861 862 862 863 863 827 827 864 864 827 827 863 863 827 827 864 864 825 825 844 844 865 865 845 845 866 866 845 845 865 865 845 845 866 866 867 867 868 868 867 867 866 866 867 867 868 868 869 869 870 870 869 869 868 868 869 869 870 870 871 871 849 849 872 872 848 848 873 873 848 848 872 872 848 848 873 873 852 852 874 874 852 852 873 873 852 852 874 874 850 850 840 840 842 842 875 875 857 857 859 859 876 876 877 877 876 876 859 859 876 876 877 877 878 878 879 879 869 869 880 880 871 871 880 880 869 869 880 880 871 871 881 881 882 882 881 881 871 871 881 881 882 882 883 883 884 884 883 883 882 882 883 883 884 884 846 846 885 885 846 846 884 884 846 846 885 885 847 847 886 886 887 887 888 888 889 889 852 852 890 890 836 836 891 891 837 837 892 892 837 837 891 891 837 837 892 892 854 854 893 893 854 854 892 892 854 854 893 893 855 855 894 894 895 895 896 896 878 878 897 897 876 876 898 898 876 876 897 897 876 876 898 898 862 862 899 899 862 862 898 898 862 862 899 899 860 860 886 886 888 888 900 900 894 894 896 896 901 901 895 895 902 902 896 896 903 903 896 896 902 902 896 896 903 903 842 842 904 904 842 842 903 903 842 842 904 904 875 875 853 853 905 905 852 852 906 906 852 852 905 905 852 852 906 906 890 890 907 907 908 908 909 909 910 910 909 909 908 908 911 911 912 912 913 913 856 856 912 912 854 854 911 911 854 854 912 912 854 854 911 911 896 896 914 914 896 896 911 911 896 896 914 914 901 901 890 890 915 915 889 889 916 916 889 889 915 915 889 889 916 916 917 917 918 918 917 917 916 916 917 917 918 918 919 919 887 887 920 920 888 888 921 921 888 888 920 920 888 888 921 921 908 908 922 922 908 908 921 921 908 908 922 922 910 910 907 907 923 923 908 908 911 911 908 908 923 923 908 908 911 911 857 857 913 913 857 857 911 911 857 857 913 913 858 858 924 924 925 925 926 926 927 927 926 926 925 925 926 926 927 927 928 928 919 919 929 929 917 917 930 930 917 917 929 929 917 917 930 930 931 931 932 932 931 931 930 930 932 932 933 933 931 931 934 934 931 931 933 933 931 931 934 934 935 935 905 905 833 833 906 906 830 830 906 906 833 833 906 906 830 830 936 936 925 925 936 936 830 830 936 936 925 925 937 937 924 924 937 937 925 925 935 935 938 938 931 931 939 939 931 931 938 938 931 931 939 939 888 888 940 940 888 888 939 939 888 888 940 940 900 900 941 941 942 942 943 943 944 944 943 943 942 942 944 944 945 945 943 943 946 946 943 943 945 945 943 943 946 946 927 927 947 947 927 927 946 946 927 927 947 947 928 928 841 841 948 948 842 842 939 939 842 842 948 948 842 842 939 939 943 943 938 938 943 943 939 939 943 943 938 938 941 941 949 949 950 950 951 951 952 952 951 951 950 950 951 951 952 952 953 953 954 954 953 953 952 952 953 953 954 954 955 955 956 956 955 955 954 954 955 955 956 956 957 957 958 958 957 957 956 956 957 957 958 958 959 959 960 960 959 959 958 958 959 959 960 960 961 961 962 962 961 961 960 960 961 961 962 962 963 963 964 964 963 963 962 962 963 963 964 964 965 965 966 966 965 965 964 964 965 965 966 966 967 967 968 968 967 967 966 966 967 967 968 968 969 969 970 970 969 969 968 968 969 969 970 970 971 971 972 972 971 971 970 970 971 971 972 972 973 973 974 974 973 973 972 972 973 973 974 974 975 975 976 976 975 975 974 974 975 975 976 976 977 977 978 978 977 977 976 976 977 977 978 978 979 979 980 980 979 979 978 978 979 979 980 980 981 981 982 982 981 981 980 980 981 981 982 982 983 983 984 984 983 983 982 982 983 983 984 984 985 985 986 986 985 985 984 984 985 985 986 986 987 987 988 988 987 987 986 986 987 987 988 988 989 989 990 990 989 989 988 988 989 989 990 990 991 991 992 992 991 991 990 990 991 991 992 992 993 993 994 994 993 993 992 992 993 993 994 994 995 995 996 996 995 995 994 994 995 995 996 996 949 949 950 950 949 949 996 996 997 997 998 998 999 999 1000 1000 999 999 998 998 999 999 1000 1000 1001 1001 1002 1002 1001 1001 1000 1000 1001 1001 1002 1002 1003 1003 1004 1004 1003 1003 1002 1002 1003 1003 1004 1004 1005 1005 1006 1006 1005 1005 1004 1004 1005 1005 1006 1006 1007 1007 1008 1008 1007 1007 1006 1006 1007 1007 1008 1008 1009 1009 1010 1010 1009 1009 1008 1008 1009 1009 1010 1010 1011 1011 1012 1012 1011 1011 1010 1010 1011 1011 1012 1012 1013 1013 1014 1014 1013 1013 1012 1012 1013 1013 1014 1014 1015 1015 1016 1016 1015 1015 1014 1014 1015 1015 1016 1016 1017 1017 1018 1018 1017 1017 1016 1016 1017 1017 1018 1018 1019 1019 1020 1020 1019 1019 1018 1018 1019 1019 1020 1020 1021 1021 1022 1022 1021 1021 1020 1020 1021 1021 1022 1022 1023 1023 1024 1024 1023 1023 1022 1022 1023 1023 1024 1024 1025 1025 1026 1026 1025 1025 1024 1024 1025 1025 1026 1026 1027 1027 1028 1028 1027 1027 1026 1026 1027 1027 1028 1028 1029 1029 1030 1030 1029 1029 1028 1028 1029 1029 1030 1030 1031 1031 1032 1032 1031 1031 1030 1030 1031 1031 1032 1032 1033 1033 1034 1034 1033 1033 1032 1032 1033 1033 1034 1034 1035 1035 1036 1036 1035 1035 1034 1034 1035 1035 1036 1036 1037 1037 1038 1038 1037 1037 1036 1036 1037 1037 1038 1038 1039 1039 1040 1040 1039 1039 1038 1038 1039 1039 1040 1040 1041 1041 1042 1042 1041 1041 1040 1040 1041 1041 1042 1042 1043 1043 1044 1044 1043 1043 1042 1042 1043 1043 1044 1044 997 997 998 998 997 997 1044 1044 1045 1045 1046 1046 1047 1047 1048 1048 1047 1047 1046 1046 1047 1047 1048 1048 1049 1049 1050 1050 1049 1049 1048 1048 1049 1049 1050 1050 1051 1051 1052 1052 1051 1051 1050 1050 1051 1051 1052 1052 1053 1053 1054 1054 1053 1053 1052 1052 1053 1053 1054 1054 1055 1055 1056 1056 1055 1055 1054 1054 1055 1055 1056 1056 1057 1057 1058 1058 1057 1057 1056 1056 1059 1059 1060 1060 1061 1061 1062 1062 1061 1061 1060 1060 1061 1061 1062 1062 1063 1063 1064 1064 1063 1063 1062 1062 1063 1063 1064 1064 1065 1065 1066 1066 1065 1065 1064 1064 1065 1065 1066 1066 1067 1067 1068 1068 1067 1067 1066 1066 1067 1067 1068 1068 1069 1069 1070 1070 1069 1069 1068 1068 1069 1069 1070 1070 1071 1071 1072 1072 1071 1071 1070 1070 1071 1071 1072 1072 1073 1073 1074 1074 1073 1073 1072 1072 1073 1073 1074 1074 1075 1075 1076 1076 1075 1075 1074 1074 1075 1075 1076 1076 1077 1077 1078 1078 1077 1077 1076 1076 1077 1077 1078 1078 1079 1079 1080 1080 1079 1079 1078 1078 1079 1079 1080 1080 1081 1081 1082 1082 1081 1081 1080 1080 1081 1081 1082 1082 1083 1083 1084 1084 1083 1083 1082 1082 1083 1083 1084 1084 1085 1085 1086 1086 1085 1085 1084 1084 1085 1085 1086 1086 1087 1087 1088 1088 1087 1087 1086 1086 1087 1087 1088 1088 1089 1089 1090 1090 1089 1089 1088 1088 1089 1089 1090 1090 1091 1091 1092 1092 1091 1091 1090 1090 1091 1091 1092 1092 1093 1093 1094 1094 1093 1093 1092 1092 1093 1093 1094 1094 1095 1095 1096 1096 1095 1095 1094 1094 1095 1095 1096 1096 1097 1097 1098 1098 1097 1097 1096 1096 1097 1097 1098 1098 1099 1099 1100 1100 1099 1099 1098 1098 1099 1099 1100 1100 1101 1101 1102 1102 1101 1101 1100 1100 1101 1101 1102 1102 1103 1103 1104 1104 1103 1103 1102 1102 1103 1103 1104 1104 1105 1105 1106 1106 1105 1105 1104 1104 1105 1105 1106 1106 1059 1059 1060 1060 1059 1059 1106 1106 1107 1107 1108 1108 1109 1109 1110 1110 1109 1109 1108 1108 1109 1109 1110 1110 1111 1111 1112 1112 1111 1111 1110 1110 1113 1113 1114 1114 1115 1115 1116 1116 1115 1115 1114 1114 1116 1116 1114 1114 1117 1117 1118 1118 1117 1117 1114 1114 1117 1117 1118 1118 1119 1119 1120 1120 1121 1121 1122 1122 1123 1123 1122 1122 1121 1121 1122 1122 1123 1123 1124 1124 1125 1125 1124 1124 1123 1123 1124 1124 1125 1125 1126 1126 1113 1113 1127 1127 1114 1114 1128 1128 1114 1114 1127 1127 1114 1114 1128 1128 1122 1122 1129 1129 1122 1122 1128 1128 1122 1122 1129 1129 1120 1120 1130 1130 1131 1131 1132 1132 1133 1133 1132 1132 1131 1131 1132 1132 1133 1133 1134 1134 1135 1135 1134 1134 1133 1133 1134 1134 1135 1135 1136 1136 1137 1137 1136 1136 1135 1135 1138 1138 1139 1139 1140 1140 1141 1141 1142 1142 1143 1143 1139 1139 1144 1144 1140 1140 1145 1145 1140 1140 1144 1144 1140 1140 1145 1145 1146 1146 1147 1147 1146 1146 1145 1145 1146 1146 1147 1147 1148 1148 1142 1142 1141 1141 1149 1149 1150 1150 1149 1149 1141 1141 1149 1149 1150 1150 1151 1151 1143 1143 1152 1152 1141 1141 1153 1153 1141 1141 1152 1152 1141 1141 1153 1153 1140 1140 1154 1154 1140 1140 1153 1153 1140 1140 1154 1154 1138 1138 1155 1155 1156 1156 1157 1157 1158 1158 1157 1157 1156 1156 1157 1157 1158 1158 1159 1159 1160 1160 1159 1159 1158 1158 1159 1159 1160 1160 1161 1161 1162 1162 1161 1161 1160 1160 1163 1163 1164 1164 1165 1165 1164 1164 1163 1163 1166 1166 1167 1167 1166 1166 1163 1163 1166 1166 1167 1167 1168 1168 1169 1169 1170 1170 1171 1171 1172 1172 1173 1173 1174 1174 1175 1175 1176 1176 1177 1177 1178 1178 1177 1177 1176 1176 1177 1177 1178 1178 1171 1171 1179 1179 1171 1171 1178 1178 1171 1171 1179 1179 1169 1169 1170 1170 1180 1180 1171 1171 1181 1181 1171 1171 1180 1180 1171 1171 1181 1181 1174 1174 1182 1182 1174 1174 1181 1181 1174 1174 1182 1182 1172 1172 1173 1173 1183 1183 1174 1174 1184 1184 1174 1174 1183 1183 1174 1174 1184 1184 1167 1167 1185 1185 1167 1167 1184 1184 1167 1167 1185 1185 1168 1168 1165 1165 1186 1186 1163 1163 1187 1187 1163 1163 1186 1186 1163 1163 1187 1187 1188 1188 1189 1189 1188 1188 1187 1187 1189 1189 1190 1190 1188 1188 1191 1191 1188 1188 1190 1190 1188 1188 1191 1191 1177 1177 1192 1192 1177 1177 1191 1191 1177 1177 1192 1192 1175 1175 1193 1193 1194 1194 1195 1195 1196 1196 1195 1195 1194 1194 1195 1195 1196 1196 1197 1197 1198 1198 1197 1197 1196 1196 1197 1197 1198 1198 1199 1199 1200 1200 1199 1199 1198 1198 1201 1201 1202 1202 1203 1203 1204 1204 1203 1203 1202 1202 1203 1203 1204 1204 1205 1205 1206 1206 1205 1205 1204 1204 1205 1205 1206 1206 1207 1207 1207 1207 1208 1208 1205 1205 1209 1209 1205 1205 1208 1208 1205 1205 1209 1209 1210 1210 1211 1211 1210 1210 1209 1209 1210 1210 1211 1211 1212 1212 1213 1213 1214 1214 1215 1215 1210 1210 1215 1215 1214 1214 1215 1215 1210 1210 1216 1216 1212 1212 1216 1216 1210 1210 1213 1213 1217 1217 1214 1214 1218 1218 1214 1214 1217 1217 1214 1214 1218 1218 1219 1219 1220 1220 1221 1221 1222 1222 1214 1214 1222 1222 1221 1221 1222 1222 1214 1214 1223 1223 1219 1219 1223 1223 1214 1214 1220 1220 1224 1224 1221 1221 1225 1225 1221 1221 1224 1224 1221 1221 1225 1225 1226 1226 1227 1227 1226 1226 1225 1225 1227 1227 1228 1228 1226 1226 1229 1229 1226 1226 1228 1228 1226 1226 1229 1229 1203 1203 1230 1230 1203 1203 1229 1229 1203 1203 1230 1230 1201 1201 1231 1231 1232 1232 1233 1233 1234 1234 1233 1233 1232 1232 1233 1233 1234 1234 1235 1235 1236 1236 1235 1235 1234 1234 1237 1237 1238 1238 1239 1239 1240 1240 1239 1239 1238 1238 1241 1241 1242 1242 1243 1243 1244 1244 1245 1245 1246 1246 1247 1247 1248 1248 1249 1249 1250 1250 1251 1251 1252 1252 1253 1253 1254 1254 1255 1255 1256 1256 1257 1257 1258 1258 1257 1257 1256 1256 1259 1259 1260 1260 1261 1261 1262 1262 1263 1263 1264 1264 1265 1265 1266 1266 1267 1267 1268 1268 1269 1269 1270 1270 1271 1271 1272 1272 1273 1273 1274 1274 1275 1275 1276 1276 1277 1277 1278 1278 1279 1279 1280 1280 1281 1281 1282 1282 1283 1283 1284 1284 1283 1283 1282 1282 1285 1285 1286 1286 1287 1287 1288 1288 1287 1287 1286 1286 1289 1289 1290 1290 1291 1291 1292 1292 1291 1291 1290 1290 1288 1288 1293 1293 1287 1287 1294 1294 1287 1287 1293 1293 1287 1287 1294 1294 1295 1295 1296 1296 1297 1297 1298 1298 1299 1299 1298 1298 1297 1297 1298 1298 1299 1299 1300 1300 1292 1292 1290 1290 1301 1301 1302 1302 1301 1301 1290 1290 1301 1301 1302 1302 1303 1303 1300 1300 1304 1304 1302 1302 1295 1295 1305 1305 1298 1298 1306 1306 1298 1298 1305 1305 1298 1298 1306 1306 1296 1296 1304 1304 1307 1307 1302 1302 1308 1308 1302 1302 1307 1307 1302 1302 1308 1308 1303 1303 1289 1289 1309 1309 1290 1290 1310 1310 1290 1290 1309 1309 1290 1290 1310 1310 1311 1311 1312 1312 1313 1313 1285 1285 1310 1310 1314 1314 1311 1311 1315 1315 1311 1311 1314 1314 1311 1311 1315 1315 1312 1312 1316 1316 1312 1312 1315 1315 1312 1312 1316 1316 1313 1313 1317 1317 1318 1318 1319 1319 1320 1320 1321 1321 1322 1322 1323 1323 1322 1322 1321 1321 1324 1324 1325 1325 1326 1326 1327 1327 1328 1328 1325 1325 1329 1329 1330 1330 1331 1331 1332 1332 1331 1331 1330 1330 1331 1331 1332 1332 1284 1284 1333 1333 1284 1284 1332 1332 1284 1284 1333 1333 1283 1283 1334 1334 1335 1335 1336 1336 1337 1337 1338 1338 1339 1339 1340 1340 1339 1339 1338 1338 1336 1336 1335 1335 1340 1340 1341 1341 1340 1340 1335 1335 1340 1340 1341 1341 1339 1339 1342 1342 1343 1343 1337 1337 1344 1344 1337 1337 1343 1343 1337 1337 1344 1344 1338 1338 1345 1345 1283 1283 1346 1346 1346 1346 1283 1283 1347 1347 1333 1333 1347 1347 1283 1283 1347 1347 1333 1333 1348 1348 1332 1332 1348 1348 1333 1333 1348 1348 1332 1332 1349 1349 1350 1350 1349 1349 1332 1332 1349 1349 1350 1350 1351 1351 1352 1352 1351 1351 1350 1350 1351 1351 1352 1352 1353 1353 1354 1354 1353 1353 1352 1352 1353 1353 1354 1354 1355 1355 1356 1356 1357 1357 1358 1358 1357 1357 1356 1356 1359 1359 1354 1354 1359 1359 1356 1356 1359 1359 1354 1354 1360 1360 1352 1352 1360 1360 1354 1354 1360 1360 1352 1352 1361 1361 1362 1362 1361 1361 1352 1352 1361 1361 1362 1362 1363 1363 1364 1364 1363 1363 1362 1362 1363 1363 1364 1364 1358 1358 1365 1365 1358 1358 1364 1364 1358 1358 1365 1365 1356 1356 1366 1366 1367 1367 1368 1368 1369 1369 1368 1368 1367 1367 1368 1368 1369 1369 1370 1370 1370 1370 1369 1369 1371 1371 1372 1372 1371 1371 1369 1369 1371 1371 1372 1372 1373 1373 1365 1365 1373 1373 1372 1372 1373 1373 1365 1365 1374 1374 1364 1364 1374 1374 1365 1365 1374 1374 1364 1364 1375 1375 1376 1376 1377 1377 1378 1378 1379 1379 1378 1378 1377 1377 1378 1378 1379 1379 1380 1380 1381 1381 1382 1382 1383 1383 1382 1382 1381 1381 1384 1384 1384 1384 1385 1385 1279 1279 1386 1386 1279 1279 1385 1385 1279 1279 1386 1386 1280 1280 1384 1384 1381 1381 1385 1385 1387 1387 1385 1385 1381 1381 1385 1385 1387 1387 1388 1388 1389 1389 1390 1390 1391 1391 1392 1392 1391 1391 1390 1390 1393 1393 1394 1394 1395 1395 1396 1396 1397 1397 1398 1398 1277 1277 1276 1276 1399 1399 1269 1269 1400 1400 1401 1401 1402 1402 1401 1401 1400 1400 1401 1401 1402 1402 1403 1403 1404 1404 1403 1403 1402 1402 1403 1403 1404 1404 1405 1405 1406 1406 1407 1407 1408 1408 1409 1409 1410 1410 1404 1404 1411 1411 1404 1404 1410 1410 1404 1404 1411 1411 1405 1405 1412 1412 1405 1405 1411 1411 1268 1268 1267 1267 1413 1413 1414 1414 1413 1413 1267 1267 1413 1413 1414 1414 1415 1415 1416 1416 1415 1415 1414 1414 1415 1415 1416 1416 1311 1311 1417 1417 1418 1418 1419 1419 1419 1419 1420 1420 1417 1417 1421 1421 1417 1417 1420 1420 1417 1417 1421 1421 1422 1422 1422 1422 1423 1423 1417 1417 1424 1424 1417 1417 1423 1423 1417 1417 1424 1424 1266 1266 1425 1425 1266 1266 1424 1424 1266 1266 1425 1425 1426 1426 1263 1263 1427 1427 1428 1428 1426 1426 1429 1429 1266 1266 1430 1430 1266 1266 1429 1429 1266 1266 1430 1430 1263 1263 1431 1431 1263 1263 1430 1430 1263 1263 1431 1431 1427 1427 1432 1432 1433 1433 1264 1264 1434 1434 1264 1264 1433 1433 1264 1264 1434 1434 1435 1435 1435 1435 1436 1436 1264 1264 1437 1437 1264 1264 1436 1436 1264 1264 1437 1437 1417 1417 1438 1438 1417 1417 1437 1437 1417 1417 1438 1438 1418 1418 1428 1428 1439 1439 1263 1263 1440 1440 1263 1263 1439 1439 1263 1263 1440 1440 1264 1264 1441 1441 1264 1264 1440 1440 1264 1264 1441 1441 1432 1432 1442 1442 1443 1443 1444 1444 1445 1445 1444 1444 1443 1443 1444 1444 1445 1445 1265 1265 1446 1446 1265 1265 1445 1445 1265 1265 1446 1446 1263 1263 1410 1410 1260 1260 1411 1411 1262 1262 1411 1411 1260 1260 1411 1411 1262 1262 1412 1412 1406 1406 1412 1412 1262 1262 1412 1412 1406 1406 1447 1447 1408 1408 1447 1447 1406 1406 1448 1448 1449 1449 1450 1450 1451 1451 1450 1450 1449 1449 1448 1448 1450 1450 1452 1452 1453 1453 1452 1452 1450 1450 1452 1452 1453 1453 1454 1454 1455 1455 1456 1456 1271 1271 1269 1269 1271 1271 1400 1400 1456 1456 1400 1400 1271 1271 1400 1400 1456 1456 1454 1454 1271 1271 1457 1457 1455 1455 1458 1458 1455 1455 1457 1457 1455 1455 1458 1458 1459 1459 1460 1460 1461 1461 1462 1462 1463 1463 1462 1462 1461 1461 1463 1463 1464 1464 1462 1462 1465 1465 1462 1462 1464 1464 1462 1462 1465 1465 1466 1466 1467 1467 1466 1466 1465 1465 1466 1466 1467 1467 1468 1468 1469 1469 1470 1470 1471 1471 1472 1472 1471 1471 1470 1470 1469 1469 1473 1473 1470 1470 1474 1474 1470 1470 1473 1473 1470 1470 1474 1474 1258 1258 1475 1475 1258 1258 1474 1474 1258 1258 1475 1475 1256 1256 1470 1470 1476 1476 1477 1477 1477 1477 1478 1478 1470 1470 1479 1479 1470 1470 1478 1478 1470 1470 1479 1479 1480 1480 1481 1481 1482 1482 1476 1476 1483 1483 1476 1476 1482 1482 1476 1476 1483 1483 1477 1477 1484 1484 1472 1472 1485 1485 1470 1470 1485 1485 1472 1472 1485 1485 1470 1470 1486 1486 1480 1480 1486 1486 1470 1470 1484 1484 1487 1487 1472 1472 1488 1488 1472 1472 1487 1487 1472 1472 1488 1488 1489 1489 1490 1490 1489 1489 1488 1488 1489 1489 1490 1490 1491 1491 1491 1491 1492 1492 1489 1489 1493 1493 1489 1489 1492 1492 1489 1489 1493 1493 1494 1494 1493 1493 1495 1495 1494 1494 1496 1496 1494 1494 1495 1495 1494 1494 1496 1496 1497 1497 1498 1498 1499 1499 1476 1476 1500 1500 1476 1476 1499 1499 1476 1476 1500 1500 1481 1481 1497 1497 1501 1501 1494 1494 1502 1502 1494 1494 1501 1501 1494 1494 1502 1502 1498 1498 1503 1503 1504 1504 1505 1505 1506 1506 1505 1505 1504 1504 1505 1505 1506 1506 1507 1507 1254 1254 1508 1508 1509 1509 1510 1510 1509 1509 1508 1508 1509 1509 1510 1510 1511 1511 1512 1512 1513 1513 1514 1514 1515 1515 1514 1514 1513 1513 1514 1514 1515 1515 1516 1516 1517 1517 1516 1516 1515 1515 1516 1516 1517 1517 1255 1255 1518 1518 1255 1255 1517 1517 1255 1255 1518 1518 1253 1253 1519 1519 1520 1520 1521 1521 1522 1522 1521 1521 1520 1520 1523 1523 1524 1524 1525 1525 1524 1524 1523 1523 1526 1526 1302 1302 1527 1527 1528 1528 1529 1529 1530 1530 1531 1531 1532 1532 1531 1531 1530 1530 1533 1533 1534 1534 1252 1252 1535 1535 1252 1252 1534 1534 1252 1252 1535 1535 1250 1250 1536 1536 1242 1242 1537 1537 1241 1241 1537 1537 1242 1242 1537 1537 1241 1241 1538 1538 1539 1539 1540 1540 1541 1541 1542 1542 1543 1543 1544 1544 1388 1388 1387 1387 1545 1545 1544 1544 1545 1545 1387 1387 1545 1545 1544 1544 1540 1540 1543 1543 1540 1540 1544 1544 1540 1540 1543 1543 1541 1541 1544 1544 1546 1546 1542 1542 1547 1547 1542 1542 1546 1546 1542 1542 1547 1547 1548 1548 1549 1549 1548 1548 1547 1547 1548 1548 1549 1549 1550 1550 1551 1551 1550 1550 1549 1549 1550 1550 1551 1551 1552 1552 1553 1553 1552 1552 1551 1551 1552 1552 1553 1553 1554 1554 1555 1555 1554 1554 1553 1553 1300 1300 1302 1302 1298 1298 1528 1528 1298 1298 1302 1302 1298 1298 1528 1528 1556 1556 1557 1557 1556 1556 1528 1528 1556 1556 1557 1557 1558 1558 1559 1559 1558 1558 1557 1557 1558 1558 1559 1559 1560 1560 1561 1561 1560 1560 1559 1559 1560 1560 1561 1561 1562 1562 1563 1563 1562 1562 1561 1561 1562 1562 1563 1563 1564 1564 1565 1565 1564 1564 1563 1563 1564 1564 1565 1565 1366 1366 1566 1566 1366 1366 1565 1565 1366 1366 1566 1566 1367 1367 1567 1567 1367 1367 1566 1566 1367 1367 1567 1567 1555 1555 1568 1568 1555 1555 1567 1567 1555 1555 1568 1568 1554 1554 1569 1569 1570 1570 1571 1571 1572 1572 1573 1573 1529 1529 1574 1574 1575 1575 1530 1530 1576 1576 1530 1530 1575 1575 1530 1530 1576 1576 1577 1577 1578 1578 1577 1577 1576 1576 1577 1577 1578 1578 1579 1579 1570 1570 1580 1580 1571 1571 1581 1581 1571 1571 1580 1580 1571 1571 1581 1581 1529 1529 1582 1582 1529 1529 1581 1581 1529 1529 1582 1582 1572 1572 1573 1573 1583 1583 1529 1529 1584 1584 1529 1529 1583 1583 1529 1529 1584 1584 1530 1530 1585 1585 1530 1530 1584 1584 1530 1530 1585 1585 1586 1586 1586 1586 1587 1587 1530 1530 1588 1588 1530 1530 1587 1587 1530 1530 1588 1588 1574 1574 1579 1579 1589 1589 1577 1577 1590 1590 1577 1577 1589 1589 1577 1577 1590 1590 1591 1591 1592 1592 1591 1591 1590 1590 1593 1593 1594 1594 1571 1571 1595 1595 1571 1571 1594 1594 1571 1571 1595 1595 1569 1569 1592 1592 1596 1596 1591 1591 1597 1597 1591 1591 1596 1596 1591 1591 1597 1597 1593 1593 1598 1598 1593 1593 1597 1597 1593 1593 1598 1598 1594 1594 1599 1599 1600 1600 1252 1252 1247 1247 1249 1249 1601 1601 1602 1602 1603 1603 1604 1604 1605 1605 1606 1606 1251 1251 1600 1600 1607 1607 1249 1249 1608 1608 1249 1249 1607 1607 1249 1249 1608 1608 1601 1601 1603 1603 1609 1609 1604 1604 1610 1610 1604 1604 1609 1609 1604 1604 1610 1610 1251 1251 1611 1611 1251 1251 1610 1610 1251 1251 1611 1611 1605 1605 1606 1606 1612 1612 1251 1251 1613 1613 1251 1251 1612 1612 1251 1251 1613 1613 1252 1252 1614 1614 1252 1252 1613 1613 1252 1252 1614 1614 1615 1615 1615 1615 1616 1616 1252 1252 1617 1617 1252 1252 1616 1616 1252 1252 1617 1617 1599 1599 1404 1404 1618 1618 1604 1604 1619 1619 1604 1604 1618 1618 1604 1604 1619 1619 1602 1602 1620 1620 1621 1621 1402 1402 1622 1622 1402 1402 1621 1621 1402 1402 1622 1622 1404 1404 1623 1623 1404 1404 1622 1622 1404 1404 1623 1623 1618 1618 1624 1624 1341 1341 1625 1625 1335 1335 1625 1625 1341 1341 1625 1625 1335 1335 1626 1626 1334 1334 1626 1626 1335 1335 1626 1626 1334 1334 1627 1627 1628 1628 1627 1627 1334 1334 1627 1627 1628 1628 1629 1629 1630 1630 1629 1629 1628 1628 1629 1629 1630 1630 1631 1631 1632 1632 1631 1631 1630 1630 1631 1631 1632 1632 1633 1633 1466 1466 1633 1633 1632 1632 1633 1633 1466 1466 1634 1634 1468 1468 1634 1634 1466 1466 1635 1635 1245 1245 1636 1636 1244 1244 1636 1636 1245 1245 1636 1636 1244 1244 1637 1637 1638 1638 1637 1637 1244 1244 1336 1336 1281 1281 1334 1334 1283 1283 1334 1334 1281 1281 1334 1334 1283 1283 1628 1628 1345 1345 1628 1628 1283 1283 1628 1628 1345 1345 1630 1630 1639 1639 1630 1630 1345 1345 1630 1630 1639 1639 1632 1632 1640 1640 1632 1632 1639 1639 1632 1632 1640 1640 1466 1466 1641 1641 1466 1466 1640 1640 1466 1466 1641 1641 1462 1462 1642 1642 1462 1462 1641 1641 1462 1462 1642 1642 1460 1460 1259 1259 1460 1460 1642 1642 1643 1643 1246 1246 1644 1644 1245 1245 1644 1644 1246 1246 1644 1644 1245 1245 1645 1645 1635 1635 1645 1645 1245 1245 1645 1645 1635 1635 1646 1646 1346 1346 1647 1647 1345 1345 1355 1355 1345 1345 1647 1647 1345 1345 1355 1355 1639 1639 1354 1354 1639 1639 1355 1355 1639 1639 1354 1354 1640 1640 1356 1356 1640 1640 1354 1354 1640 1640 1356 1356 1641 1641 1365 1365 1641 1641 1356 1356 1641 1641 1365 1365 1642 1642 1372 1372 1642 1642 1365 1365 1648 1648 1643 1643 1649 1649 1644 1644 1649 1649 1643 1643 1649 1649 1644 1644 1650 1650 1645 1645 1650 1650 1644 1644 1650 1650 1645 1645 1651 1651 1646 1646 1651 1651 1645 1645 1651 1651 1646 1646 1652 1652 1648 1648 1653 1653 1643 1643 1654 1654 1643 1643 1653 1653 1643 1643 1654 1654 1246 1246 1324 1324 1246 1246 1654 1654 1246 1246 1324 1324 1244 1244 1326 1326 1244 1244 1324 1324 1244 1244 1326 1326 1638 1638 1655 1655 1638 1638 1326 1326 1638 1638 1655 1655 1323 1323 1656 1656 1323 1323 1655 1655 1323 1323 1656 1656 1322 1322 1330 1330 1556 1556 1332 1332 1558 1558 1332 1332 1556 1556 1332 1332 1558 1558 1350 1350 1560 1560 1350 1350 1558 1558 1350 1350 1560 1560 1352 1352 1562 1562 1352 1352 1560 1560 1352 1352 1562 1562 1362 1362 1564 1564 1362 1362 1562 1562 1362 1362 1564 1564 1364 1364 1366 1366 1364 1364 1564 1564 1364 1364 1366 1366 1375 1375 1368 1368 1375 1375 1366 1366 1320 1320 1523 1523 1657 1657 1525 1525 1657 1657 1523 1523 1657 1657 1525 1525 1312 1312 1658 1658 1312 1312 1525 1525 1312 1312 1658 1658 1311 1311 1659 1659 1311 1311 1658 1658 1311 1311 1659 1659 1415 1415 1660 1660 1415 1415 1659 1659 1415 1415 1660 1660 1413 1413 1661 1661 1413 1413 1660 1660 1413 1413 1661 1661 1268 1268 1662 1662 1268 1268 1661 1661 1268 1268 1662 1662 1663 1663 1322 1322 1317 1317 1320 1320 1319 1319 1320 1320 1317 1317 1320 1320 1319 1319 1523 1523 1664 1664 1523 1523 1319 1319 1523 1523 1664 1664 1526 1526 1665 1665 1526 1526 1664 1664 1662 1662 1666 1666 1663 1663 1665 1665 1663 1663 1666 1666 1663 1663 1665 1665 1667 1667 1664 1664 1667 1667 1665 1665 1667 1667 1664 1664 1668 1668 1319 1319 1668 1668 1664 1664 1668 1668 1319 1319 1327 1327 1318 1318 1327 1327 1319 1319 1327 1327 1318 1318 1328 1328 1669 1669 1648 1648 1670 1670 1671 1671 1670 1670 1648 1648 1670 1670 1671 1671 1672 1672 1673 1673 1672 1672 1671 1671 1669 1669 1674 1674 1648 1648 1675 1675 1648 1648 1674 1674 1648 1648 1675 1675 1676 1676 1677 1677 1678 1678 1653 1653 1679 1679 1653 1653 1678 1678 1653 1653 1679 1679 1680 1680 1681 1681 1682 1682 1667 1667 1683 1683 1667 1667 1682 1682 1667 1667 1683 1683 1684 1684 1684 1684 1685 1685 1667 1667 1686 1686 1667 1667 1685 1685 1667 1667 1686 1686 1687 1687 1688 1688 1689 1689 1671 1671 1690 1690 1671 1671 1689 1689 1671 1671 1690 1690 1673 1673 1676 1676 1691 1691 1648 1648 1692 1692 1648 1648 1691 1691 1648 1648 1692 1692 1653 1653 1693 1693 1653 1653 1692 1692 1653 1653 1693 1693 1677 1677 1325 1325 1324 1324 1327 1327 1654 1654 1327 1327 1324 1324 1327 1327 1654 1654 1668 1668 1653 1653 1668 1668 1654 1654 1668 1668 1653 1653 1667 1667 1680 1680 1667 1667 1653 1653 1667 1667 1680 1680 1681 1681 1295 1295 1298 1298 1287 1287 1556 1556 1287 1287 1298 1298 1287 1287 1556 1556 1694 1694 1330 1330 1694 1694 1556 1556 1694 1694 1330 1330 1342 1342 1329 1329 1342 1342 1330 1330 1342 1342 1329 1329 1343 1343 1285 1285 1287 1287 1312 1312 1694 1694 1312 1312 1287 1287 1312 1312 1694 1694 1657 1657 1342 1342 1657 1657 1694 1694 1657 1657 1342 1342 1320 1320 1337 1337 1320 1320 1342 1342 1320 1320 1337 1337 1321 1321 1339 1339 1321 1321 1337 1337 1321 1321 1339 1339 1323 1323 1341 1341 1323 1323 1339 1339 1323 1323 1341 1341 1638 1638 1624 1624 1638 1638 1341 1341 1638 1638 1624 1624 1637 1637 1555 1555 1695 1695 1696 1696 1697 1697 1698 1698 1699 1699 1700 1700 1699 1699 1698 1698 1699 1699 1700 1700 1701 1701 1702 1702 1703 1703 1704 1704 1705 1705 1704 1704 1703 1703 1704 1704 1705 1705 1706 1706 1706 1706 1707 1707 1704 1704 1708 1708 1704 1704 1707 1707 1704 1704 1708 1708 1699 1699 1709 1709 1699 1699 1708 1708 1699 1699 1709 1709 1697 1697 1710 1710 1553 1553 1711 1711 1712 1712 1711 1711 1553 1553 1696 1696 1713 1713 1555 1555 1714 1714 1555 1555 1713 1713 1555 1555 1714 1714 1715 1715 1710 1710 1716 1716 1553 1553 1717 1717 1553 1553 1716 1716 1553 1553 1717 1717 1555 1555 1718 1718 1555 1555 1717 1717 1555 1555 1718 1718 1695 1695 1259 1259 1642 1642 1257 1257 1372 1372 1257 1257 1642 1642 1257 1257 1372 1372 1258 1258 1369 1369 1258 1258 1372 1372 1258 1258 1369 1369 1470 1470 1367 1367 1470 1470 1369 1369 1470 1470 1367 1367 1476 1476 1555 1555 1476 1476 1367 1367 1476 1476 1555 1555 1704 1704 1715 1715 1704 1704 1555 1555 1704 1704 1715 1715 1702 1702 1701 1701 1719 1719 1553 1553 1720 1720 1553 1553 1719 1719 1553 1553 1720 1720 1712 1712 1266 1266 1268 1268 1417 1417 1663 1663 1417 1417 1268 1268 1417 1417 1663 1663 1721 1721 1667 1667 1721 1721 1663 1663 1721 1721 1667 1667 1671 1671 1687 1687 1671 1671 1667 1667 1671 1671 1687 1687 1688 1688 1722 1722 1723 1723 1724 1724 1725 1725 1726 1726 1699 1699 1727 1727 1699 1699 1726 1726 1699 1699 1727 1727 1728 1728 1728 1728 1729 1729 1699 1699 1730 1730 1699 1699 1729 1729 1699 1699 1730 1730 1731 1731 1732 1732 1733 1733 1724 1724 1734 1734 1724 1724 1733 1733 1724 1724 1734 1734 1735 1735 1735 1735 1736 1736 1724 1724 1737 1737 1724 1724 1736 1736 1724 1724 1737 1737 1722 1722 1722 1722 1738 1738 1723 1723 1739 1739 1723 1723 1738 1738 1723 1723 1739 1739 1740 1740 1741 1741 1742 1742 1725 1725 1743 1743 1725 1725 1742 1742 1725 1725 1743 1743 1744 1744 1744 1744 1745 1745 1725 1725 1746 1746 1725 1725 1745 1745 1725 1725 1746 1746 1726 1726 1740 1740 1747 1747 1723 1723 1748 1748 1723 1723 1747 1747 1723 1723 1748 1748 1741 1741 1498 1498 1476 1476 1494 1494 1704 1704 1494 1494 1476 1476 1494 1494 1704 1704 1749 1749 1699 1699 1749 1749 1704 1704 1749 1749 1699 1699 1724 1724 1731 1731 1724 1724 1699 1699 1724 1724 1731 1731 1732 1732 1416 1416 1750 1750 1311 1311 1593 1593 1311 1311 1750 1750 1311 1311 1593 1593 1290 1290 1571 1571 1290 1290 1593 1593 1290 1290 1571 1571 1302 1302 1529 1529 1302 1302 1571 1571 1302 1302 1529 1529 1527 1527 1531 1531 1527 1527 1529 1529 1551 1551 1751 1751 1752 1752 1753 1753 1754 1754 1755 1755 1756 1756 1755 1755 1754 1754 1757 1757 1758 1758 1725 1725 1759 1759 1725 1725 1758 1758 1760 1760 1761 1761 1549 1549 1761 1761 1762 1762 1549 1549 1763 1763 1549 1549 1762 1762 1549 1549 1763 1763 1764 1764 1764 1764 1765 1765 1549 1549 1766 1766 1549 1549 1765 1765 1549 1549 1766 1766 1551 1551 1767 1767 1551 1551 1766 1766 1551 1551 1767 1767 1751 1751 1752 1752 1768 1768 1551 1551 1769 1769 1551 1551 1768 1768 1551 1551 1769 1769 1770 1770 1759 1759 1771 1771 1725 1725 1772 1772 1725 1725 1771 1771 1725 1725 1772 1772 1755 1755 1773 1773 1755 1755 1772 1772 1755 1755 1773 1773 1753 1753 1701 1701 1553 1553 1699 1699 1551 1551 1699 1699 1553 1553 1699 1699 1551 1551 1725 1725 1770 1770 1725 1725 1551 1551 1725 1725 1770 1770 1757 1757 1756 1756 1774 1774 1755 1755 1775 1775 1755 1755 1774 1774 1755 1755 1775 1775 1760 1760 1750 1750 1776 1776 1593 1593 1409 1409 1593 1593 1776 1776 1593 1593 1409 1409 1591 1591 1404 1404 1591 1591 1409 1409 1591 1591 1404 1404 1577 1577 1604 1604 1577 1577 1404 1404 1577 1577 1604 1604 1530 1530 1251 1251 1530 1530 1604 1604 1530 1530 1251 1251 1532 1532 1250 1250 1532 1532 1251 1251 1522 1522 1520 1520 1777 1777 1444 1444 1777 1777 1520 1520 1777 1777 1444 1444 1778 1778 1265 1265 1778 1778 1444 1444 1778 1778 1265 1265 1779 1779 1264 1264 1779 1779 1265 1265 1779 1779 1264 1264 1780 1780 1417 1417 1780 1780 1264 1264 1780 1780 1417 1417 1781 1781 1721 1721 1781 1781 1417 1417 1781 1781 1721 1721 1782 1782 1671 1671 1782 1782 1721 1721 1782 1782 1671 1671 1783 1783 1648 1648 1783 1783 1671 1671 1783 1783 1648 1648 1784 1784 1649 1649 1784 1784 1648 1648 1784 1784 1649 1649 1785 1785 1650 1650 1785 1785 1649 1649 1785 1785 1650 1650 1786 1786 1651 1651 1786 1786 1650 1650 1786 1786 1651 1651 1787 1787 1652 1652 1787 1787 1651 1651 1787 1787 1652 1652 1788 1788 1789 1789 1790 1790 1791 1791 1792 1792 1793 1793 1794 1794 1795 1795 1794 1794 1793 1793 1794 1794 1795 1795 1796 1796 1796 1796 1797 1797 1794 1794 1798 1798 1794 1794 1797 1797 1794 1794 1798 1798 1799 1799 1800 1800 1801 1801 1791 1791 1802 1802 1791 1791 1801 1801 1791 1791 1802 1802 1803 1803 1803 1803 1804 1804 1791 1791 1805 1805 1791 1791 1804 1804 1791 1791 1805 1805 1789 1789 1789 1789 1806 1806 1790 1790 1807 1807 1790 1790 1806 1806 1790 1790 1807 1807 1808 1808 1809 1809 1810 1810 1792 1792 1811 1811 1792 1792 1810 1810 1792 1792 1811 1811 1812 1812 1812 1812 1813 1813 1792 1792 1814 1814 1792 1792 1813 1813 1792 1792 1814 1814 1793 1793 1808 1808 1815 1815 1790 1790 1816 1816 1790 1790 1815 1815 1790 1790 1816 1816 1809 1809 1741 1741 1725 1725 1723 1723 1755 1755 1723 1723 1725 1725 1723 1723 1755 1755 1817 1817 1794 1794 1817 1817 1755 1755 1817 1817 1794 1794 1791 1791 1799 1799 1791 1791 1794 1794 1791 1791 1799 1799 1800 1800 1547 1547 1818 1818 1819 1819 1820 1820 1821 1821 1792 1792 1822 1822 1792 1792 1821 1821 1823 1823 1824 1824 1794 1794 1825 1825 1794 1794 1824 1824 1826 1826 1827 1827 1546 1546 1828 1828 1546 1546 1827 1827 1546 1546 1828 1828 1829 1829 1829 1829 1830 1830 1546 1546 1831 1831 1546 1546 1830 1830 1546 1546 1831 1831 1547 1547 1832 1832 1547 1547 1831 1831 1547 1547 1832 1832 1818 1818 1819 1819 1833 1833 1547 1547 1834 1834 1547 1547 1833 1833 1547 1547 1834 1834 1835 1835 1825 1825 1836 1836 1794 1794 1837 1837 1794 1794 1836 1836 1794 1794 1837 1837 1792 1792 1838 1838 1792 1792 1837 1837 1792 1792 1838 1838 1820 1820 1760 1760 1549 1549 1755 1755 1547 1547 1755 1755 1549 1549 1755 1755 1547 1547 1794 1794 1835 1835 1794 1794 1547 1547 1794 1794 1835 1835 1823 1823 1822 1822 1839 1839 1792 1792 1840 1840 1792 1792 1839 1839 1792 1792 1840 1840 1841 1841 1842 1842 1843 1843 1844 1844 1845 1845 1444 1444 1846 1846 1847 1847 1846 1846 1444 1444 1843 1843 1848 1848 1844 1844 1849 1849 1844 1844 1848 1848 1844 1844 1849 1849 1850 1850 1851 1851 1852 1852 1520 1520 1852 1852 1853 1853 1520 1520 1854 1854 1520 1520 1853 1853 1520 1520 1854 1854 1855 1855 1855 1855 1856 1856 1520 1520 1857 1857 1520 1520 1856 1856 1520 1520 1857 1857 1444 1444 1858 1858 1444 1444 1857 1857 1444 1444 1858 1858 1847 1847 1442 1442 1859 1859 1860 1860 1512 1512 1514 1514 1519 1519 1844 1844 1519 1519 1514 1514 1519 1519 1844 1844 1520 1520 1850 1850 1520 1520 1844 1844 1520 1520 1850 1850 1851 1851 1845 1845 1861 1861 1444 1444 1862 1862 1444 1444 1861 1861 1444 1444 1862 1862 1442 1442 1863 1863 1442 1442 1862 1862 1442 1442 1863 1863 1859 1859 1860 1860 1864 1864 1442 1442 1865 1865 1442 1442 1864 1864 1442 1442 1865 1865 1844 1844 1866 1866 1844 1844 1865 1865 1844 1844 1866 1866 1842 1842 1454 1454 1453 1453 1400 1400 1249 1249 1400 1400 1453 1453 1400 1400 1249 1249 1402 1402 1248 1248 1402 1402 1249 1249 1402 1402 1248 1248 1620 1620 1394 1394 1867 1867 1395 1395 1868 1868 1395 1395 1867 1867 1395 1395 1868 1868 1539 1539 1541 1541 1869 1869 1539 1539 1870 1870 1539 1539 1869 1869 1539 1539 1870 1870 1395 1395 1871 1871 1395 1395 1870 1870 1395 1395 1871 1871 1393 1393 1872 1872 1393 1393 1871 1871 1399 1399 1243 1243 1873 1873 1242 1242 1873 1873 1243 1243 1873 1873 1242 1242 1533 1533 1536 1536 1533 1533 1242 1242 1533 1533 1536 1536 1534 1534 1380 1380 1379 1379 1383 1383 1874 1874 1383 1383 1379 1379 1383 1383 1874 1874 1381 1381 1875 1875 1381 1381 1874 1874 1381 1381 1875 1875 1387 1387 1876 1876 1387 1387 1875 1875 1387 1387 1876 1876 1544 1544 1792 1792 1544 1544 1876 1876 1544 1544 1792 1792 1546 1546 1841 1841 1546 1546 1792 1792 1546 1546 1841 1841 1826 1826 1867 1867 1391 1391 1868 1868 1392 1392 1868 1868 1391 1391 1868 1868 1392 1392 1539 1539 1877 1877 1539 1539 1392 1392 1539 1539 1877 1877 1540 1540 1878 1878 1540 1540 1877 1877 1540 1540 1878 1878 1545 1545 1879 1879 1872 1872 1880 1880 1871 1871 1880 1880 1872 1872 1880 1880 1871 1871 1881 1881 1869 1869 1538 1538 1870 1870 1241 1241 1870 1870 1538 1538 1870 1870 1241 1241 1871 1871 1243 1243 1871 1871 1241 1241 1871 1871 1243 1243 1881 1881 1399 1399 1881 1881 1243 1243 1881 1881 1399 1399 1882 1882 1276 1276 1882 1882 1399 1399 1451 1451 1449 1449 1883 1883 1884 1884 1883 1883 1449 1449 1883 1883 1884 1884 1505 1505 1885 1885 1505 1505 1884 1884 1505 1505 1885 1885 1503 1503 1886 1886 1503 1503 1885 1885 1503 1503 1886 1886 1887 1887 1459 1459 1887 1887 1886 1886 1887 1887 1459 1459 1511 1511 1458 1458 1511 1511 1459 1459 1511 1511 1458 1458 1509 1509 1457 1457 1509 1509 1458 1458 1509 1509 1457 1457 1888 1888 1271 1271 1888 1888 1457 1457 1888 1888 1271 1271 1407 1407 1270 1270 1407 1407 1271 1271 1407 1407 1270 1270 1408 1408 1254 1254 1509 1509 1255 1255 1888 1888 1255 1255 1509 1509 1255 1255 1888 1888 1516 1516 1407 1407 1516 1516 1888 1888 1516 1516 1407 1407 1514 1514 1406 1406 1514 1514 1407 1407 1514 1514 1406 1406 1844 1844 1262 1262 1844 1844 1406 1406 1844 1844 1262 1262 1442 1442 1261 1261 1442 1442 1262 1262 1442 1442 1261 1261 1443 1443 1394 1394 1889 1889 1867 1867 1890 1890 1867 1867 1889 1889 1867 1867 1890 1890 1391 1391 1891 1891 1391 1391 1890 1890 1391 1391 1891 1891 1389 1389 1280 1280 1389 1389 1891 1891 1389 1389 1280 1280 1892 1892 1386 1386 1892 1892 1280 1280 1882 1882 1272 1272 1881 1881 1274 1274 1881 1881 1272 1272 1881 1881 1274 1274 1880 1880 1893 1893 1880 1880 1274 1274 1880 1880 1893 1893 1879 1879 1890 1890 1879 1879 1893 1893 1879 1879 1890 1890 1894 1894 1889 1889 1894 1894 1890 1890 1600 1600 1249 1249 1252 1252 1453 1453 1252 1252 1249 1249 1252 1252 1453 1453 1533 1533 1450 1450 1533 1533 1453 1453 1533 1533 1450 1450 1873 1873 1451 1451 1873 1873 1450 1450 1873 1873 1451 1451 1399 1399 1883 1883 1399 1399 1451 1451 1399 1399 1883 1883 1277 1277 1809 1809 1792 1792 1790 1790 1876 1876 1790 1790 1792 1792 1790 1790 1876 1876 1895 1895 1875 1875 1895 1895 1876 1876 1895 1895 1875 1875 1896 1896 1874 1874 1896 1896 1875 1875 1896 1896 1874 1874 1897 1897 1379 1379 1897 1897 1874 1874 1897 1897 1379 1379 1898 1898 1377 1377 1898 1898 1379 1379 1898 1898 1377 1377 1899 1899 1273 1273 1398 1398 1274 1274 1397 1397 1274 1274 1398 1398 1274 1274 1397 1397 1893 1893 1900 1900 1893 1893 1397 1397 1893 1893 1900 1900 1890 1890 1901 1901 1890 1890 1900 1900 1890 1890 1901 1901 1891 1891 1902 1902 1891 1891 1901 1901 1891 1891 1902 1902 1280 1280 1903 1903 1280 1280 1902 1902 1280 1280 1903 1903 1278 1278 1376 1376 1278 1278 1903 1903 1278 1278 1376 1376 1904 1904 1378 1378 1904 1904 1376 1376 1507 1507 1905 1905 1505 1505 1906 1906 1505 1505 1905 1905 1505 1505 1906 1906 1883 1883 1907 1907 1883 1883 1906 1906 1883 1883 1907 1907 1277 1277 1396 1396 1277 1277 1907 1907 1277 1277 1396 1396 1275 1275 1398 1398 1275 1275 1396 1396 1908 1908 1909 1909 1910 1910 1911 1911 1910 1910 1909 1909 1910 1910 1911 1911 1912 1912 1913 1913 1912 1912 1911 1911 1912 1912 1913 1913 1914 1914 1915 1915 1914 1914 1913 1913 1914 1914 1915 1915 1916 1916 1917 1917 1916 1916 1915 1915 1916 1916 1917 1917 1918 1918 1919 1919 1918 1918 1917 1917 1918 1918 1919 1919 1920 1920 1921 1921 1920 1920 1919 1919 1920 1920 1921 1921 1922 1922 1923 1923 1922 1922 1921 1921 1922 1922 1923 1923 1924 1924 1925 1925 1924 1924 1923 1923 1924 1924 1925 1925 1926 1926 1927 1927 1926 1926 1925 1925 1926 1926 1927 1927 1928 1928 1929 1929 1928 1928 1927 1927 1928 1928 1929 1929 1930 1930 1931 1931 1930 1930 1929 1929 1930 1930 1931 1931 1932 1932 1933 1933 1932 1932 1931 1931 1932 1932 1933 1933 1934 1934 1935 1935 1934 1934 1933 1933 1934 1934 1935 1935 1936 1936 1937 1937 1936 1936 1935 1935 1936 1936 1937 1937 1938 1938 1939 1939 1938 1938 1937 1937 1938 1938 1939 1939 1940 1940 1941 1941 1940 1940 1939 1939 1940 1940 1941 1941 1942 1942 1943 1943 1942 1942 1941 1941 1942 1942 1943 1943 1944 1944 1945 1945 1944 1944 1943 1943 1944 1944 1945 1945 1946 1946 1947 1947 1946 1946 1945 1945 1946 1946 1947 1947 1948 1948 1949 1949 1948 1948 1947 1947 1948 1948 1949 1949 1950 1950 1951 1951 1950 1950 1949 1949 1950 1950 1951 1951 1952 1952 1953 1953 1952 1952 1951 1951 1952 1952 1953 1953 1954 1954 1955 1955 1954 1954 1953 1953 1954 1954 1955 1955 1956 1956 1957 1957 1956 1956 1955 1955 1956 1956 1957 1957 1958 1958 1959 1959 1958 1958 1957 1957 1958 1958 1959 1959 1908 1908 1909 1909 1908 1908 1959 1959 1960 1960 1961 1961 1962 1962 1963 1963 1962 1962 1961 1961 1962 1962 1963 1963 1964 1964 1965 1965 1964 1964 1963 1963 1964 1964 1965 1965 1966 1966 1967 1967 1966 1966 1965 1965 1966 1966 1967 1967 1968 1968 1969 1969 1968 1968 1967 1967 1968 1968 1969 1969 1970 1970 1971 1971 1970 1970 1969 1969 1970 1970 1971 1971 1972 1972 1973 1973 1972 1972 1971 1971 1972 1972 1973 1973 1974 1974 1975 1975 1974 1974 1973 1973 1976 1976 1977 1977 1978 1978 1979 1979 1978 1978 1977 1977 1980 1980 1981 1981 1982 1982 1983 1983 1982 1982 1981 1981 1984 1984 1985 1985 1986 1986 1978 1978 1986 1986 1985 1985 1986 1986 1978 1978 1987 1987 1979 1979 1987 1987 1978 1978 1984 1984 1988 1988 1985 1985 1989 1989 1985 1985 1988 1988 1985 1985 1989 1989 1990 1990 1991 1991 1990 1990 1989 1989 1990 1990 1991 1991 1992 1992 1993 1993 1994 1994 1995 1995 1996 1996 1995 1995 1994 1994 1995 1995 1996 1996 1978 1978 1997 1997 1978 1978 1996 1996 1978 1978 1997 1997 1976 1976 1998 1998 1999 1999 2000 2000 1981 1981 2000 2000 1999 1999 2000 2000 1981 1981 2001 2001 1980 1980 2001 2001 1981 1981 1998 1998 2002 2002 1999 1999 2003 2003 1999 1999 2002 2002 1999 1999 2003 2003 2004 2004 2005 2005 2006 2006 2007 2007 2008 2008 2007 2007 2006 2006 2007 2007 2008 2008 2009 2009 2010 2010 2011 2011 2012 2012 2013 2013 2012 2012 2011 2011 2014 2014 2015 2015 2016 2016 2017 2017 2016 2016 2015 2015 2017 2017 2018 2018 2016 2016 2019 2019 2016 2016 2018 2018 2016 2016 2019 2019 2005 2005 2009 2009 2020 2020 2007 2007 2021 2021 2007 2007 2020 2020 2007 2007 2021 2021 1995 1995 2022 2022 1995 1995 2021 2021 1995 1995 2022 2022 1993 1993 2023 2023 2024 2024 2025 2025 2026 2026 2025 2025 2024 2024 2025 2025 2026 2026 2027 2027 2028 2028 2027 2027 2026 2026 2027 2027 2028 2028 2029 2029 2030 2030 2031 2031 2032 2032 2033 2033 2032 2032 2031 2031 2033 2033 2034 2034 2032 2032 2035 2035 2032 2032 2034 2034 2032 2032 2035 2035 2016 2016 2036 2036 2016 2016 2035 2035 2016 2016 2036 2036 2014 2014 1990 1990 2019 2019 1981 1981 2037 2037 1981 1981 2019 2019 1981 1981 2037 2037 1983 1983 1992 1992 2038 2038 1990 1990 2039 2039 1990 1990 2038 2038 1990 1990 2039 2039 2019 2019 2040 2040 2019 2019 2039 2039 2019 2019 2040 2040 2005 2005 2041 2041 2005 2005 2040 2040 2005 2005 2041 2041 2006 2006 2010 2010 2012 2012 2042 2042 2043 2043 2042 2042 2012 2012 2042 2042 2043 2043 2044 2044 2004 2004 2045 2045 1999 1999 2046 2046 1999 1999 2045 2045 1999 1999 2046 2046 2025 2025 2047 2047 2025 2025 2046 2046 2025 2025 2047 2047 2023 2023 2013 2013 2047 2047 2012 2012 2046 2046 2012 2012 2047 2047 2012 2012 2046 2046 2032 2032 2048 2048 2032 2032 2046 2046 2032 2032 2048 2048 2030 2030 2049 2049 2050 2050 2051 2051 2052 2052 2051 2051 2050 2050 2053 2053 2054 2054 2055 2055 2056 2056 2055 2055 2054 2054 2057 2057 2058 2058 2059 2059 2060 2060 2059 2059 2058 2058 2059 2059 2060 2060 2061 2061 2062 2062 2061 2061 2060 2060 2061 2061 2062 2062 2063 2063 2064 2064 2063 2063 2062 2062 2063 2063 2064 2064 2065 2065 2066 2066 2065 2065 2064 2064 2065 2065 2066 2066 2067 2067 2068 2068 2067 2067 2066 2066 2067 2067 2068 2068 2052 2052 2055 2055 2052 2052 2068 2068 2052 2052 2055 2055 2051 2051 2056 2056 2051 2051 2055 2055 2069 2069 2070 2070 2071 2071 2072 2072 2071 2071 2070 2070 2073 2073 2074 2074 2075 2075 2076 2076 2077 2077 2078 2078 2073 2073 2078 2078 2077 2077 2078 2078 2073 2073 2079 2079 2075 2075 2079 2079 2073 2073 2072 2072 2080 2080 2071 2071 2081 2081 2071 2071 2080 2080 2071 2071 2081 2081 2074 2074 2082 2082 2074 2074 2081 2081 2074 2074 2082 2082 2075 2075 2076 2076 2083 2083 2077 2077 2084 2084 2077 2077 2083 2083 2077 2077 2084 2084 2085 2085 2084 2084 2086 2086 2085 2085 2087 2087 2085 2085 2086 2086 2085 2085 2087 2087 2088 2088 2089 2089 2090 2090 2091 2091 2092 2092 2091 2091 2090 2090 2091 2091 2092 2092 2071 2071 2093 2093 2071 2071 2092 2092 2071 2071 2093 2093 2069 2069 2094 2094 2095 2095 2096 2096 2088 2088 2096 2096 2095 2095 2096 2096 2088 2088 2097 2097 2087 2087 2097 2097 2088 2088 2094 2094 2098 2098 2095 2095 2099 2099 2095 2095 2098 2098 2095 2095 2099 2099 2091 2091 2100 2100 2091 2091 2099 2099 2091 2091 2100 2100 2089 2089 2101 2101 2102 2102 2103 2103 2104 2104 2103 2103 2102 2102 2103 2103 2104 2104 2105 2105 2106 2106 2105 2105 2104 2104 2107 2107 2108 2108 2109 2109 2110 2110 2109 2109 2108 2108 2109 2109 2110 2110 2111 2111 2112 2112 2111 2111 2110 2110 2111 2111 2112 2112 2113 2113 2114 2114 2113 2113 2112 2112 2115 2115 2116 2116 2117 2117 2118 2118 2117 2117 2116 2116 2117 2117 2118 2118 2119 2119 2120 2120 2119 2119 2118 2118 2121 2121 2122 2122 2123 2123 2124 2124 2123 2123 2122 2122 2123 2123 2124 2124 2125 2125 2126 2126 2125 2125 2124 2124 2125 2125 2126 2126 2127 2127 2128 2128 2127 2127 2126 2126 2127 2127 2128 2128 2129 2129 2130 2130 2129 2129 2128 2128 2129 2129 2130 2130 2131 2131 2132 2132 2131 2131 2130 2130 2131 2131 2132 2132 2133 2133 2134 2134 2133 2133 2132 2132 2133 2133 2134 2134 2135 2135 2136 2136 2135 2135 2134 2134 2135 2135 2136 2136 2137 2137 2138 2138 2137 2137 2136 2136 2137 2137 2138 2138 2139 2139 2140 2140 2139 2139 2138 2138 2139 2139 2140 2140 2141 2141 2142 2142 2141 2141 2140 2140 2141 2141 2142 2142 2143 2143 2144 2144 2143 2143 2142 2142 2143 2143 2144 2144 2145 2145 2146 2146 2145 2145 2144 2144 2145 2145 2146 2146 2147 2147 2148 2148 2147 2147 2146 2146 2147 2147 2148 2148 2149 2149 2150 2150 2149 2149 2148 2148 2149 2149 2150 2150 2151 2151 2152 2152 2151 2151 2150 2150 2151 2151 2152 2152 2153 2153 2154 2154 2153 2153 2152 2152 2153 2153 2154 2154 2155 2155 2156 2156 2155 2155 2154 2154 2155 2155 2156 2156 2157 2157 2158 2158 2157 2157 2156 2156 2157 2157 2158 2158 2159 2159 2160 2160 2159 2159 2158 2158 2159 2159 2160 2160 2161 2161 2162 2162 2161 2161 2160 2160 2161 2161 2162 2162 2163 2163 2164 2164 2163 2163 2162 2162 2163 2163 2164 2164 2165 2165 2166 2166 2165 2165 2164 2164 2165 2165 2166 2166 2167 2167 2168 2168 2167 2167 2166 2166 2167 2167 2168 2168 2121 2121 2122 2122 2121 2121 2168 2168 2169 2169 2170 2170 2171 2171 2172 2172 2171 2171 2170 2170 2171 2171 2172 2172 2173 2173 2174 2174 2173 2173 2172 2172 2173 2173 2174 2174 2175 2175 2176 2176 2175 2175 2174 2174 2175 2175 2176 2176 2177 2177 2178 2178 2177 2177 2176 2176 2177 2177 2178 2178 2179 2179 2180 2180 2179 2179 2178 2178 2179 2179 2180 2180 2181 2181 2182 2182 2181 2181 2180 2180 2181 2181 2182 2182 2183 2183 2184 2184 2183 2183 2182 2182 2183 2183 2184 2184 2185 2185 2186 2186 2185 2185 2184 2184 2185 2185 2186 2186 2187 2187 2188 2188 2187 2187 2186 2186 2187 2187 2188 2188 2189 2189 2190 2190 2189 2189 2188 2188 2189 2189 2190 2190 2191 2191 2192 2192 2191 2191 2190 2190 862 862 827 827 2193 2193 862 862 2193 2193 2194 2194 2195 2195 2194 2194 2193 2193 2194 2194 2195 2195 2196 2196 2196 2196 2195 2195 2197 2197 2198 2198 2197 2197 2195 2195 2197 2197 2198 2198 2199 2199 2198 2198 2200 2200 2199 2199 2201 2201 2199 2199 2200 2200 2199 2199 2201 2201 2202 2202 2202 2202 2201 2201 2203 2203 2204 2204 2203 2203 2201 2201 2203 2203 2204 2204 2205 2205 2206 2206 2205 2205 2204 2204 2205 2205 2206 2206 2207 2207 2208 2208 2207 2207 2206 2206 2207 2207 2208 2208 2209 2209 2210 2210 2209 2209 2208 2208 2209 2209 2210 2210 2211 2211 2212 2212 2211 2211 2210 2210 2211 2211 2212 2212 2213 2213 2214 2214 2215 2215 2216 2216 2217 2217 2216 2216 2215 2215 2216 2216 2217 2217 2218 2218 2213 2213 2218 2218 2217 2217 2218 2218 2213 2213 2219 2219 2212 2212 2219 2219 2213 2213 2220 2220 2221 2221 2222 2222 2223 2223 2222 2222 2221 2221 2222 2222 2223 2223 2214 2214 2224 2224 2214 2214 2223 2223 2214 2214 2224 2224 2215 2215 2225 2225 2226 2226 2227 2227 2228 2228 2227 2227 2226 2226 2227 2227 2228 2228 2229 2229 2230 2230 2229 2229 2228 2228 2229 2229 2230 2230 2231 2231 2232 2232 2231 2231 2230 2230 2231 2231 2232 2232 2233 2233 2234 2234 2233 2233 2232 2232 2233 2233 2234 2234 2235 2235 2236 2236 2235 2235 2234 2234 2235 2235 2236 2236 2237 2237 2238 2238 2237 2237 2236 2236 2237 2237 2238 2238 2239 2239 2240 2240 2239 2239 2238 2238 2239 2239 2240 2240 2241 2241 2242 2242 2241 2241 2240 2240 2241 2241 2242 2242 2243 2243 2244 2244 2243 2243 2242 2242 2243 2243 2244 2244 2245 2245 2246 2246 2245 2245 2244 2244 2245 2245 2246 2246 2247 2247 2248 2248 2247 2247 2246 2246 2247 2247 2248 2248 2220 2220 2221 2221 2220 2220 2248 2248 2249 2249 2250 2250 2251 2251 2252 2252 2251 2251 2250 2250 2251 2251 2252 2252 2253 2253 2254 2254 2253 2253 2252 2252 2253 2253 2254 2254 2255 2255 2256 2256 2255 2255 2254 2254 2255 2255 2256 2256 2257 2257 2258 2258 2257 2257 2256 2256 2257 2257 2258 2258 2259 2259 2260 2260 2259 2259 2258 2258 2259 2259 2260 2260 2261 2261 2262 2262 2261 2261 2260 2260 2261 2261 2262 2262 2263 2263 2264 2264 2263 2263 2262 2262 2263 2263 2264 2264 2265 2265 2266 2266 2265 2265 2264 2264 2265 2265 2266 2266 2267 2267 2268 2268 2267 2267 2266 2266 2267 2267 2268 2268 2269 2269 2270 2270 2269 2269 2268 2268 2269 2269 2270 2270 2271 2271 2272 2272 2271 2271 2270 2270 2250 2250 2249 2249 2273 2273 2250 2250 2273 2273 2274 2274 2275 2275 2274 2274 2273 2273 2274 2274 2275 2275 2276 2276 2277 2277 2276 2276 2275 2275 2276 2276 2277 2277 2278 2278 2278 2278 2277 2277 2279 2279 2280 2280 2279 2279 2277 2277 2279 2279 2280 2280 2281 2281 2282 2282 2281 2281 2280 2280 2281 2281 2282 2282 2283 2283 2284 2284 2283 2283 2282 2282 2283 2283 2284 2284 2285 2285 2286 2286 2285 2285 2284 2284 2285 2285 2286 2286 2287 2287 2288 2288 2287 2287 2286 2286 2287 2287 2288 2288 2289 2289 2290 2290 2289 2289 2288 2288 2289 2289 2290 2290 2291 2291 2292 2292 2291 2291 2290 2290 2291 2291 2292 2292 2293 2293 2191 2191 2192 2192 2294 2294 2295 2295 2294 2294 2192 2192 2294 2294 2295 2295 2296 2296 2297 2297 2296 2296 2295 2295 2296 2296 2297 2297 2298 2298 2299 2299 2298 2298 2297 2297 2298 2298 2299 2299 2300 2300 2301 2301 2300 2300 2299 2299 2300 2300 2301 2301 2302 2302 2303 2303 2302 2302 2301 2301 2302 2302 2303 2303 2304 2304 2305 2305 2304 2304 2303 2303 2304 2304 2305 2305 2306 2306 2307 2307 2306 2306 2305 2305 2306 2306 2307 2307 2293 2293 2308 2308 2293 2293 2307 2307 2293 2293 2308 2308 2291 2291 2309 2309 2310 2310 2311 2311 2312 2312 2311 2311 2310 2310 2311 2311 2312 2312 2313 2313 2314 2314 2313 2313 2312 2312 2313 2313 2314 2314 2315 2315 2316 2316 2315 2315 2314 2314 2315 2315 2316 2316 2317 2317 2318 2318 2317 2317 2316 2316 2317 2317 2318 2318 2319 2319 2320 2320 2319 2319 2318 2318 2319 2319 2320 2320 2321 2321 2322 2322 2321 2321 2320 2320 2321 2321 2322 2322 2323 2323 2324 2324 2323 2323 2322 2322 2323 2323 2324 2324 2325 2325 2326 2326 2325 2325 2324 2324 2325 2325 2326 2326 2327 2327 2328 2328 2327 2327 2326 2326 2327 2327 2328 2328 2329 2329 2330 2330 2329 2329 2328 2328 2329 2329 2330 2330 2331 2331 2332 2332 2331 2331 2330 2330 2331 2331 2332 2332 2333 2333 2334 2334 2333 2333 2332 2332 2333 2333 2334 2334 2335 2335 2336 2336 2335 2335 2334 2334 2335 2335 2336 2336 2337 2337 2338 2338 2337 2337 2336 2336 2337 2337 2338 2338 2339 2339 2340 2340 2339 2339 2338 2338 2339 2339 2340 2340 2341 2341 2342 2342 2341 2341 2340 2340 2341 2341 2342 2342 2343 2343 2344 2344 2343 2343 2342 2342 2343 2343 2344 2344 2345 2345 2346 2346 2345 2345 2344 2344 2345 2345 2346 2346 2347 2347 2348 2348 2347 2347 2346 2346 2347 2347 2348 2348 2349 2349 2350 2350 2349 2349 2348 2348 2349 2349 2350 2350 2351 2351 2352 2352 2351 2351 2350 2350 2351 2351 2352 2352 2353 2353 2354 2354 2353 2353 2352 2352 2353 2353 2354 2354 2355 2355 2356 2356 2355 2355 2354 2354 2355 2355 2356 2356 2309 2309 2310 2310 2309 2309 2356 2356 2357 2357 2358 2358 2359 2359 2360 2360 2359 2359 2358 2358 2359 2359 2360 2360 2361 2361 2362 2362 2361 2361 2360 2360 2361 2361 2362 2362 2363 2363 2364 2364 2363 2363 2362 2362 2363 2363 2364 2364 2365 2365 2366 2366 2365 2365 2364 2364 2365 2365 2366 2366 2367 2367 2368 2368 2367 2367 2366 2366 2367 2367 2368 2368 2369 2369 2370 2370 2369 2369 2368 2368 2369 2369 2370 2370 2371 2371 2372 2372 2371 2371 2370 2370 2371 2371 2372 2372 2373 2373 2374 2374 2373 2373 2372 2372 2373 2373 2374 2374 2375 2375 2376 2376 2375 2375 2374 2374 2375 2375 2376 2376 2377 2377 2378 2378 2377 2377 2376 2376 2377 2377 2378 2378 2379 2379 2380 2380 2379 2379 2378 2378 2379 2379 2380 2380 2381 2381 2382 2382 2381 2381 2380 2380 2381 2381 2382 2382 2383 2383 2384 2384 2383 2383 2382 2382 2383 2383 2384 2384 2385 2385 2386 2386 2385 2385 2384 2384 2385 2385 2386 2386 2387 2387 2388 2388 2387 2387 2386 2386 2387 2387 2388 2388 2389 2389 2390 2390 2389 2389 2388 2388 2389 2389 2390 2390 2391 2391 2392 2392 2391 2391 2390 2390 2391 2391 2392 2392 2393 2393 2394 2394 2393 2393 2392 2392 2393 2393 2394 2394 2395 2395 2396 2396 2395 2395 2394 2394 2395 2395 2396 2396 2397 2397 2398 2398 2397 2397 2396 2396 2397 2397 2398 2398 2399 2399 2400 2400 2399 2399 2398 2398 2399 2399 2400 2400 2401 2401 2402 2402 2401 2401 2400 2400 2401 2401 2402 2402 2403 2403 2404 2404 2403 2403 2402 2402 2403 2403 2404 2404 2357 2357 2358 2358 2357 2357 2404 2404 2405 2405 2406 2406 2407 2407 2408 2408 2407 2407 2406 2406 2407 2407 2408 2408 2409 2409 2410 2410 2409 2409 2408 2408 2411 2411 2412 2412 2413 2413 2414 2414 2413 2413 2412 2412 2413 2413 2414 2414 2415 2415 2416 2416 2415 2415 2414 2414 2415 2415 2416 2416 2417 2417 2418 2418 2417 2417 2416 2416 2419 2419 2420 2420 2421 2421 2422 2422 2421 2421 2420 2420 2421 2421 2422 2422 2423 2423 2424 2424 2423 2423 2422 2422 2425 2425 2426 2426 2427 2427 2428 2428 2427 2427 2426 2426 2427 2427 2428 2428 2429 2429 2430 2430 2429 2429 2428 2428 2429 2429 2430 2430 2431 2431 2432 2432 2431 2431 2430 2430 2433 2433 2434 2434 2435 2435 2436 2436 2435 2435 2434 2434 2435 2435 2436 2436 2437 2437 2438 2438 2437 2437 2436 2436 2437 2437 2438 2438 2439 2439 2440 2440 2439 2439 2438 2438 2439 2439 2440 2440 2441 2441 2442 2442 2441 2441 2440 2440 2443 2443 2444 2444 2445 2445 2446 2446 2445 2445 2444 2444 2445 2445 2446 2446 2447 2447 2448 2448 2447 2447 2446 2446 2447 2447 2448 2448 2449 2449 2450 2450 2449 2449 2448 2448 2451 2451 2452 2452 2453 2453 2454 2454 2453 2453 2452 2452 2453 2453 2454 2454 2455 2455 2456 2456 2455 2455 2454 2454 2455 2455 2456 2456 2457 2457 2458 2458 2457 2457 2456 2456 2457 2457 2458 2458 2459 2459 2460 2460 2459 2459 2458 2458 2461 2461 2462 2462 2463 2463 2464 2464 2463 2463 2462 2462 2463 2463 2464 2464 2465 2465 2466 2466 2465 2465 2464 2464 2465 2465 2466 2466 2467 2467 2468 2468 2467 2467 2466 2466 2469 2469 2470 2470 2471 2471 2472 2472 2471 2471 2470 2470 2471 2471 2472 2472 2473 2473 2474 2474 2473 2473 2472 2472 2475 2475 2476 2476 2477 2477 2478 2478 2477 2477 2476 2476 2477 2477 2478 2478 2479 2479 2480 2480 2479 2479 2478 2478 2481 2481 2482 2482 2483 2483 2484 2484 2483 2483 2482 2482 2483 2483 2484 2484 2485 2485 2486 2486 2485 2485 2484 2484 2487 2487 2488 2488 2489 2489 2490 2490 2489 2489 2488 2488 2489 2489 2490 2490 2491 2491 2492 2492 2491 2491 2490 2490 2493 2493 2494 2494 2495 2495 2496 2496 2495 2495 2494 2494 2497 2497 2498 2498 2499 2499 2500 2500 2499 2499 2498 2498 2499 2499 2500 2500 2501 2501 2502 2502 2501 2501 2500 2500 2503 2503 2504 2504 2505 2505 2506 2506 2505 2505 2504 2504 2507 2507 2508 2508 2509 2509 2510 2510 2509 2509 2508 2508 2509 2509 2510 2510 2511 2511 2512 2512 2511 2511 2510 2510 2513 2513 2514 2514 2515 2515 2516 2516 2515 2515 2514 2514 2517 2517 2518 2518 2519 2519 2520 2520 2519 2519 2518 2518 2519 2519 2520 2520 2521 2521 2522 2522 2521 2521 2520 2520 2523 2523 2524 2524 2525 2525 2526 2526 2525 2525 2524 2524 2527 2527 2528 2528 2529 2529 2530 2530 2529 2529 2528 2528 2529 2529 2530 2530 2531 2531 2532 2532 2531 2531 2530 2530 2533 2533 2534 2534 2535 2535 2536 2536 2535 2535 2534 2534 2535 2535 2536 2536 2537 2537 2538 2538 2537 2537 2536 2536 2539 2539 2540 2540 2541 2541 2542 2542 2541 2541 2540 2540 2541 2541 2542 2542 2543 2543 2544 2544 2543 2543 2542 2542 2543 2543 2544 2544 2545 2545 2546 2546 2545 2545 2544 2544 2547 2547 2548 2548 2549 2549 2550 2550 2549 2549 2548 2548 2549 2549 2550 2550 2551 2551 2552 2552 2551 2551 2550 2550 2553 2553 2554 2554 2555 2555 2556 2556 2555 2555 2554 2554 2555 2555 2556 2556 2557 2557 2558 2558 2557 2557 2556 2556 2557 2557 2558 2558 2559 2559 2560 2560 2559 2559 2558 2558 2561 2561 2562 2562 2563 2563 2564 2564 2563 2563 2562 2562 2563 2563 2564 2564 2565 2565 2566 2566 2565 2565 2564 2564 2567 2567 2568 2568 2569 2569 2570 2570 2569 2569 2568 2568 2569 2569 2570 2570 2571 2571 2572 2572 2571 2571 2570 2570 2573 2573 2574 2574 2575 2575 2576 2576 2575 2575 2574 2574 2575 2575 2576 2576 2577 2577 2578 2578 2577 2577 2576 2576 2579 2579 2580 2580 2581 2581 2582 2582 2581 2581 2580 2580 2581 2581 2582 2582 2583 2583 2584 2584 2583 2583 2582 2582 2585 2585 2586 2586 2587 2587 2588 2588 2587 2587 2586 2586 2587 2587 2588 2588 2589 2589 2590 2590 2589 2589 2588 2588 2589 2589 2590 2590 2591 2591 2592 2592 2591 2591 2590 2590 2591 2591 2592 2592 2593 2593 2594 2594 2593 2593 2592 2592 2593 2593 2594 2594 2595 2595 2596 2596 2595 2595 2594 2594 2595 2595 2596 2596 2597 2597 2598 2598 2597 2597 2596 2596 2597 2597 2598 2598 2599 2599 2600 2600 2599 2599 2598 2598 2599 2599 2600 2600 2601 2601 2602 2602 2601 2601 2600 2600 2601 2601 2602 2602 2603 2603 2604 2604 2603 2603 2602 2602 2603 2603 2604 2604 2605 2605 2606 2606 2605 2605 2604 2604 2605 2605 2606 2606 2607 2607 2608 2608 2607 2607 2606 2606 2607 2607 2608 2608 2609 2609 2610 2610 2609 2609 2608 2608 2609 2609 2610 2610 2611 2611 2612 2612 2611 2611 2610 2610 2611 2611 2612 2612 2613 2613 2614 2614 2613 2613 2612 2612 2613 2613 2614 2614 2615 2615 2616 2616 2615 2615 2614 2614 2615 2615 2616 2616 2617 2617 2618 2618 2617 2617 2616 2616 2617 2617 2618 2618 2619 2619 2620 2620 2619 2619 2618 2618 2619 2619 2620 2620 2621 2621 2622 2622 2621 2621 2620 2620 2621 2621 2622 2622 2623 2623 2624 2624 2623 2623 2622 2622 2623 2623 2624 2624 2625 2625 2626 2626 2625 2625 2624 2624 2625 2625 2626 2626 2627 2627 2628 2628 2627 2627 2626 2626 2627 2627 2628 2628 2629 2629 2630 2630 2629 2629 2628 2628 2629 2629 2630 2630 2631 2631 2632 2632 2631 2631 2630 2630 2631 2631 2632 2632 2585 2585 2586 2586 2585 2585 2632 2632 2633 2633 2634 2634 2635 2635 2636 2636 2635 2635 2634 2634 2635 2635 2636 2636 2637 2637 2638 2638 2637 2637 2636 2636 2637 2637 2638 2638 2639 2639 2640 2640 2639 2639 2638 2638 2639 2639 2640 2640 2641 2641 2642 2642 2641 2641 2640 2640 2641 2641 2642 2642 2643 2643 2644 2644 2643 2643 2642 2642 2643 2643 2644 2644 2645 2645 2646 2646 2645 2645 2644 2644 2645 2645 2646 2646 2647 2647 2648 2648 2647 2647 2646 2646 2647 2647 2648 2648 2649 2649 2650 2650 2649 2649 2648 2648 2649 2649 2650 2650 2651 2651 2652 2652 2651 2651 2650 2650 2651 2651 2652 2652 2653 2653 2654 2654 2653 2653 2652 2652 2653 2653 2654 2654 2655 2655 2656 2656 2655 2655 2654 2654 2655 2655 2656 2656 2657 2657 2658 2658 2657 2657 2656 2656 2657 2657 2658 2658 2659 2659 2660 2660 2659 2659 2658 2658 2659 2659 2660 2660 2661 2661 2662 2662 2661 2661 2660 2660 2661 2661 2662 2662 2663 2663 2664 2664 2663 2663 2662 2662 2663 2663 2664 2664 2665 2665 2666 2666 2665 2665 2664 2664 2665 2665 2666 2666 2667 2667 2668 2668 2667 2667 2666 2666 2667 2667 2668 2668 2669 2669 2670 2670 2669 2669 2668 2668 2669 2669 2670 2670 2671 2671 2672 2672 2671 2671 2670 2670 2671 2671 2672 2672 2673 2673 2674 2674 2673 2673 2672 2672 2673 2673 2674 2674 2675 2675 2676 2676 2675 2675 2674 2674 2675 2675 2676 2676 2677 2677 2678 2678 2677 2677 2676 2676 2677 2677 2678 2678 2679 2679 2680 2680 2679 2679 2678 2678 2679 2679 2680 2680 2633 2633 2634 2634 2633 2633 2680 2680 2681 2681 2682 2682 2683 2683 2684 2684 2683 2683 2682 2682 2683 2683 2684 2684 2685 2685 2686 2686 2685 2685 2684 2684 2685 2685 2686 2686 2687 2687 2688 2688 2687 2687 2686 2686 2687 2687 2688 2688 2689 2689 2690 2690 2689 2689 2688 2688 2689 2689 2690 2690 2691 2691 2692 2692 2691 2691 2690 2690 2691 2691 2692 2692 2693 2693 2694 2694 2693 2693 2692 2692 2693 2693 2694 2694 2695 2695 2696 2696 2695 2695 2694 2694 2695 2695 2696 2696 2697 2697 2698 2698 2697 2697 2696 2696 2697 2697 2698 2698 2699 2699 2700 2700 2699 2699 2698 2698 2699 2699 2700 2700 2701 2701 2702 2702 2701 2701 2700 2700 2701 2701 2702 2702 2703 2703 2704 2704 2703 2703 2702 2702 2703 2703 2704 2704 2705 2705 2706 2706 2705 2705 2704 2704 2705 2705 2706 2706 2707 2707 2708 2708 2707 2707 2706 2706 2707 2707 2708 2708 2709 2709 2710 2710 2709 2709 2708 2708 2709 2709 2710 2710 2711 2711 2712 2712 2711 2711 2710 2710 2711 2711 2712 2712 2713 2713 2714 2714 2713 2713 2712 2712 2713 2713 2714 2714 2715 2715 2716 2716 2715 2715 2714 2714 2715 2715 2716 2716 2717 2717 2718 2718 2717 2717 2716 2716 2717 2717 2718 2718 2719 2719 2720 2720 2719 2719 2718 2718 2719 2719 2720 2720 2721 2721 2722 2722 2721 2721 2720 2720 2721 2721 2722 2722 2723 2723 2724 2724 2723 2723 2722 2722 2723 2723 2724 2724 2725 2725 2726 2726 2725 2725 2724 2724 2725 2725 2726 2726 2727 2727 2728 2728 2727 2727 2726 2726 2727 2727 2728 2728 2681 2681 2682 2682 2681 2681 2728 2728 2729 2729 2730 2730 2731 2731 2732 2732 2731 2731 2730 2730 2733 2733 2734 2734 2735 2735 2736 2736 2735 2735 2734 2734 2735 2735 2736 2736 2737 2737 2738 2738 2737 2737 2736 2736 2739 2739 2740 2740 2741 2741 2742 2742 2741 2741 2740 2740 2743 2743 2744 2744 2745 2745 2746 2746 2745 2745 2744 2744 2745 2745 2746 2746 2747 2747 2748 2748 2747 2747 2746 2746 2749 2749 2750 2750 2751 2751 2752 2752 2751 2751 2750 2750 2751 2751 2752 2752 2753 2753 2754 2754 2753 2753 2752 2752 2755 2755 2756 2756 2757 2757 2758 2758 2757 2757 2756 2756 2759 2759 2760 2760 2761 2761 2762 2762 2761 2761 2760 2760 2761 2761 2762 2762 2763 2763 2764 2764 2763 2763 2762 2762 2765 2765 2766 2766 2767 2767 2768 2768 2767 2767 2766 2766 2767 2767 2768 2768 2769 2769 2770 2770 2769 2769 2768 2768 2769 2769 2770 2770 2771 2771 2772 2772 2771 2771 2770 2770 2771 2771 2772 2772 2773 2773 2774 2774 2773 2773 2772 2772 2773 2773 2774 2774 2775 2775 2776 2776 2775 2775 2774 2774 2775 2775 2776 2776 2777 2777 2778 2778 2777 2777 2776 2776 2777 2777 2778 2778 2779 2779 2780 2780 2779 2779 2778 2778 2779 2779 2780 2780 2781 2781 2782 2782 2781 2781 2780 2780 2781 2781 2782 2782 2783 2783 2784 2784 2783 2783 2782 2782 2783 2783 2784 2784 2785 2785 2786 2786 2785 2785 2784 2784 2785 2785 2786 2786 2787 2787 2788 2788 2787 2787 2786 2786 2787 2787 2788 2788 2789 2789 2788 2788 2790 2790 2789 2789 2791 2791 2789 2789 2790 2790 2789 2789 2791 2791 2792 2792 2793 2793 2792 2792 2791 2791 2792 2792 2793 2793 2794 2794 2795 2795 2794 2794 2793 2793 2794 2794 2795 2795 2796 2796 2797 2797 2796 2796 2795 2795 2796 2796 2797 2797 2798 2798 2799 2799 2798 2798 2797 2797 2798 2798 2799 2799 2800 2800 2801 2801 2800 2800 2799 2799 2800 2800 2801 2801 2802 2802 2803 2803 2802 2802 2801 2801 2802 2802 2803 2803 2804 2804 2805 2805 2804 2804 2803 2803 2804 2804 2805 2805 2806 2806 2807 2807 2806 2806 2805 2805 2806 2806 2807 2807 2808 2808 2809 2809 2808 2808 2807 2807 2808 2808 2809 2809 2810 2810 2811 2811 2810 2810 2809 2809 2810 2810 2811 2811 2812 2812 2813 2813 2812 2812 2811 2811 2812 2812 2813 2813 2765 2765 2814 2814 2765 2765 2813 2813 2765 2765 2814 2814 2766 2766 2815 2815 2766 2766 2814 2814 2766 2766 2815 2815 2816 2816 2817 2817 2816 2816 2815 2815 2816 2816 2817 2817 2818 2818 2819 2819 2818 2818 2817 2817 2818 2818 2819 2819 2820 2820 2821 2821 2820 2820 2819 2819 2820 2820 2821 2821 2822 2822 2823 2823 2822 2822 2821 2821 2822 2822 2823 2823 2824 2824 2825 2825 2824 2824 2823 2823 2824 2824 2825 2825 2826 2826 2827 2827 2826 2826 2825 2825 2826 2826 2827 2827 2828 2828 2829 2829 2828 2828 2827 2827 2828 2828 2829 2829 2830 2830 2831 2831 2830 2830 2829 2829 2830 2830 2831 2831 2832 2832 2833 2833 2832 2832 2831 2831 2832 2832 2833 2833 2834 2834 2835 2835 2834 2834 2833 2833 2834 2834 2835 2835 2836 2836 2837 2837 2836 2836 2835 2835 2836 2836 2837 2837 2790 2790 2838 2838 2790 2790 2837 2837 2790 2790 2838 2838 2791 2791 2839 2839 2840 2840 2841 2841 2842 2842 2841 2841 2840 2840 2841 2841 2842 2842 2843 2843 2844 2844 2843 2843 2842 2842 2843 2843 2844 2844 2845 2845 2846 2846 2845 2845 2844 2844 2845 2845 2846 2846 2847 2847 2848 2848 2847 2847 2846 2846 2847 2847 2848 2848 2849 2849 2850 2850 2849 2849 2848 2848 2849 2849 2850 2850 2851 2851 2852 2852 2851 2851 2850 2850 2851 2851 2852 2852 2853 2853 2854 2854 2853 2853 2852 2852 2853 2853 2854 2854 2855 2855 2856 2856 2855 2855 2854 2854 2855 2855 2856 2856 2857 2857 2858 2858 2857 2857 2856 2856 2857 2857 2858 2858 2859 2859 2860 2860 2859 2859 2858 2858 2859 2859 2860 2860 2861 2861 2862 2862 2861 2861 2860 2860 2861 2861 2862 2862 2863 2863 2864 2864 2863 2863 2862 2862 2863 2863 2864 2864 2865 2865 2866 2866 2865 2865 2864 2864 2865 2865 2866 2866 2867 2867 2868 2868 2867 2867 2866 2866 2867 2867 2868 2868 2869 2869 2870 2870 2869 2869 2868 2868 2869 2869 2870 2870 2871 2871 2872 2872 2871 2871 2870 2870 2871 2871 2872 2872 2873 2873 2874 2874 2873 2873 2872 2872 2873 2873 2874 2874 2875 2875 2876 2876 2875 2875 2874 2874 2875 2875 2876 2876 2877 2877 2878 2878 2877 2877 2876 2876 2877 2877 2878 2878 2879 2879 2880 2880 2879 2879 2878 2878 2879 2879 2880 2880 2881 2881 2882 2882 2881 2881 2880 2880 2881 2881 2882 2882 2883 2883 2884 2884 2883 2883 2882 2882 2883 2883 2884 2884 2885 2885 2886 2886 2885 2885 2884 2884 2885 2885 2886 2886 2839 2839 2840 2840 2839 2839 2886 2886 2887 2887 2888 2888 2889 2889 2890 2890 2889 2889 2888 2888 2889 2889 2890 2890 2891 2891 2892 2892 2891 2891 2890 2890 2891 2891 2892 2892 2893 2893 2894 2894 2893 2893 2892 2892 2893 2893 2894 2894 2895 2895 2896 2896 2895 2895 2894 2894 2895 2895 2896 2896 2897 2897 2898 2898 2897 2897 2896 2896 2897 2897 2898 2898 2899 2899 2900 2900 2899 2899 2898 2898 2899 2899 2900 2900 2901 2901 2902 2902 2901 2901 2900 2900 2901 2901 2902 2902 2903 2903 2904 2904 2903 2903 2902 2902 2903 2903 2904 2904 2905 2905 2906 2906 2905 2905 2904 2904 2905 2905 2906 2906 2907 2907 2908 2908 2907 2907 2906 2906 2907 2907 2908 2908 2909 2909 2910 2910 2909 2909 2908 2908 2909 2909 2910 2910 2911 2911 2912 2912 2911 2911 2910 2910 2911 2911 2912 2912 2913 2913 2914 2914 2913 2913 2912 2912 2913 2913 2914 2914 2915 2915 2916 2916 2915 2915 2914 2914 2915 2915 2916 2916 2917 2917 2918 2918 2917 2917 2916 2916 2917 2917 2918 2918 2919 2919 2920 2920 2919 2919 2918 2918 2919 2919 2920 2920 2921 2921 2922 2922 2921 2921 2920 2920 2921 2921 2922 2922 2923 2923 2924 2924 2923 2923 2922 2922 2923 2923 2924 2924 2925 2925 2926 2926 2925 2925 2924 2924 2925 2925 2926 2926 2927 2927 2928 2928 2927 2927 2926 2926 2927 2927 2928 2928 2929 2929 2930 2930 2929 2929 2928 2928 2929 2929 2930 2930 2931 2931 2932 2932 2931 2931 2930 2930 2931 2931 2932 2932 2933 2933 2934 2934 2933 2933 2932 2932 2933 2933 2934 2934 2887 2887 2888 2888 2887 2887 2934 2934 2935 2935 2936 2936 2937 2937 2938 2938 2937 2937 2936 2936 2937 2937 2938 2938 2939 2939 2940 2940 2939 2939 2938 2938 2939 2939 2940 2940 2941 2941 2942 2942 2941 2941 2940 2940 2941 2941 2942 2942 2943 2943 2944 2944 2943 2943 2942 2942 2943 2943 2944 2944 2945 2945 2946 2946 2945 2945 2944 2944 2945 2945 2946 2946 2947 2947 2948 2948 2947 2947 2946 2946 2947 2947 2948 2948 2949 2949 2950 2950 2949 2949 2948 2948 2949 2949 2950 2950 2951 2951 2952 2952 2951 2951 2950 2950 2951 2951 2952 2952 2953 2953 2954 2954 2953 2953 2952 2952 2953 2953 2954 2954 2955 2955 2956 2956 2955 2955 2954 2954 2955 2955 2956 2956 2957 2957 2958 2958 2957 2957 2956 2956 2957 2957 2958 2958 2959 2959 2960 2960 2959 2959 2958 2958 2959 2959 2960 2960 2961 2961 2962 2962 2963 2963 2964 2964 2965 2965 2964 2964 2963 2963 2964 2964 2965 2965 2966 2966 2967 2967 2966 2966 2965 2965 2966 2966 2967 2967 2968 2968 2969 2969 2968 2968 2967 2967 2968 2968 2969 2969 2970 2970 2971 2971 2970 2970 2969 2969 2970 2970 2971 2971 2972 2972 2973 2973 2972 2972 2971 2971 2972 2972 2973 2973 2974 2974 2975 2975 2974 2974 2973 2973 2974 2974 2975 2975 2976 2976 2977 2977 2976 2976 2975 2975 2976 2976 2977 2977 2978 2978 2979 2979 2978 2978 2977 2977 2978 2978 2979 2979 2980 2980 2981 2981 2980 2980 2979 2979 2980 2980 2981 2981 2982 2982 2983 2983 2982 2982 2981 2981 2982 2982 2983 2983 2984 2984 2985 2985 2984 2984 2983 2983 2984 2984 2985 2985 2986 2986 2935 2935 2963 2963 2936 2936 2962 2962 2936 2936 2963 2963 2936 2936 2962 2962 2987 2987 2988 2988 2987 2987 2962 2962 2987 2987 2988 2988 2989 2989 2990 2990 2989 2989 2988 2988 2989 2989 2990 2990 2991 2991 2992 2992 2991 2991 2990 2990 2991 2991 2992 2992 2993 2993 2994 2994 2993 2993 2992 2992 2993 2993 2994 2994 2995 2995 2996 2996 2995 2995 2994 2994 2995 2995 2996 2996 2997 2997 2998 2998 2997 2997 2996 2996 2997 2997 2998 2998 2999 2999 3000 3000 2999 2999 2998 2998 2999 2999 3000 3000 3001 3001 3002 3002 3001 3001 3000 3000 3001 3001 3002 3002 3003 3003 3004 3004 3003 3003 3002 3002 3003 3003 3004 3004 3005 3005 3006 3006 3005 3005 3004 3004 3005 3005 3006 3006 3007 3007 3008 3008 3007 3007 3006 3006 3007 3007 3008 3008 2960 2960 2986 2986 2960 2960 3008 3008 2960 2960 2986 2986 2961 2961 2985 2985 2961 2961 2986 2986 3009 3009 3010 3010 3011 3011 3012 3012 3011 3011 3010 3010 3012 3012 3013 3013 3011 3011 3014 3014 3011 3011 3013 3013 3011 3011 3014 3014 3015 3015 3016 3016 3017 3017 3018 3018 3019 3019 3018 3018 3017 3017 3018 3018 3019 3019 3020 3020 3021 3021 3022 3022 3018 3018 3023 3023 3018 3018 3022 3022 3018 3018 3023 3023 3016 3016 3015 3015 3024 3024 3011 3011 3018 3018 3011 3011 3024 3024 3011 3011 3018 3018 3025 3025 3020 3020 3025 3025 3018 3018 3026 3026 3027 3027 3028 3028 3029 3029 3030 3030 3031 3031 3032 3032 3031 3031 3030 3030 3031 3031 3032 3032 3033 3033 3034 3034 3033 3033 3032 3032 3033 3033 3034 3034 3035 3035 3036 3036 3035 3035 3034 3034 3035 3035 3036 3036 3037 3037 3038 3038 3037 3037 3036 3036 3037 3037 3038 3038 3039 3039 3040 3040 3039 3039 3038 3038 3039 3039 3040 3040 3041 3041 3042 3042 3041 3041 3040 3040 3041 3041 3042 3042 3043 3043 3044 3044 3043 3043 3042 3042 3043 3043 3044 3044 3045 3045 3046 3046 3045 3045 3044 3044 3045 3045 3046 3046 3047 3047 3048 3048 3047 3047 3046 3046 3047 3047 3048 3048 3049 3049 3050 3050 3030 3030 3051 3051 3029 3029 3051 3051 3030 3030 3051 3051 3029 3029 3052 3052 3053 3053 3052 3052 3029 3029 3052 3052 3053 3053 3054 3054 3055 3055 3054 3054 3053 3053 3054 3054 3055 3055 3056 3056 3057 3057 3056 3056 3055 3055 3056 3056 3057 3057 3058 3058 3059 3059 3058 3058 3057 3057 3058 3058 3059 3059 3060 3060 3061 3061 3060 3060 3059 3059 3060 3060 3061 3061 3062 3062 3063 3063 3062 3062 3061 3061 3062 3062 3063 3063 3064 3064 3065 3065 3064 3064 3063 3063 3064 3064 3065 3065 3066 3066 3067 3067 3066 3066 3065 3065 3066 3066 3067 3067 3068 3068 3069 3069 3068 3068 3067 3067 3068 3068 3069 3069 3070 3070 3071 3071 3070 3070 3069 3069 3070 3070 3071 3071 3072 3072 3073 3073 3072 3072 3071 3071 3072 3072 3073 3073 3074 3074 3075 3075 3074 3074 3073 3073 3074 3074 3075 3075 3076 3076 3077 3077 3076 3076 3075 3075 3076 3076 3077 3077 3028 3028 3049 3049 3028 3028 3077 3077 3028 3028 3049 3049 3026 3026 3048 3048 3026 3026 3049 3049</p>
        </triangles>
      </mesh>
    </geometry>
  </library_geometries>
  <library_materials>
    <material id="8a56bfc646bc4217af37c3903168a71b" name="defaultmaterial">
      <instance_effect url="#f2c461da638c4a97b2a5d877754a8fba"/>
    </material>
  </library_materials>
  <library_visual_scenes>
    <visual_scene id="scene">
      <node id="node0" name="node0">
        <instance_geometry url="#2e9c60b236704147b5572cd30a76a727">
          <bind_material>
            <technique_common>
              <instance_material symbol="material0" target="#8a56bfc646bc4217af37c3903168a71b"/>
            </technique_common>
          </bind_material>
        </instance_geometry>
      </node>
    </visual_scene>
  </library_visual_scenes>
  <scene>
    <instance_visual_scene url="#scene"/>
  </scene>
</COLLADA>
