<COLLADA xmlns="http://www.collada.org/2005/11/COLLADASchema" version="1.4.1">
  <asset>
    <created>2026-09-13T16:25:55.099963</created>
    <modified>2026-09-13T16:25:55.099963</modified>
    <up_axis>Y_UP</up_axis>
  </asset>
  <library_effects>
    <effect id="eeb36dbe71384b2087aec96c3fa6fc10" name="eeb36dbe71384b2087aec96c3fa6fc10">
      <profile_COMMON>
        <technique sid="common">
          <phong>
            <emission>
              <color>0.0 0.0 0.0 1.0</color>
            </emission>
            <ambient>
              <color>0.0 0.0 0.0 1.0</color>
            </ambient>
            <diffuse>
              <color>0.6274509803921569 0.6274509803921569 0.6274509803921569 1.0</color>
            </diffuse>
            <specular>
              <color>0.0 0.0 0.0 1.0</color>
            </specular>
            <shininess>
              <float>0.0</float>
            </shininess>
            <reflective>
              <color>0.0 0.0 0.0 1.0</color>
            </reflective>
            <reflectivity>
              <float>0.0</float>
            </reflectivity>
            <transparent>
              <color>0.0 0.0 0.0 1.0</color>
            </transparent>
            <transparency>
              <float>1.0</float>
            </transparency>
          </phong>
        </technique>
        <extra>
          <technique profile="GOOGLEEARTH">
            <double_sided>0</double_sided>
          </technique>
        </extra>
      </profile_COMMON>
    </effect>
  </library_effects>
  <library_geometries>
    <geometry id="f3112b3ab7ea4532b22a1d9661b7b93f" name="0b4b79a699554e5d80223cbb034bb134">
      <mesh>
        <source id="verts-array">
          <float_array count="4524" id="verts-array-array">-0.02327941 -0.002882217 0.01548919 -0.02245071 -4.960665e-05 0.01648919 -0.02345071 -4.960665e-05 0.01548919 -0.02228671 0.002662473 0.01648919 -0.02327941 0.002783003 0.01548919 -0.02179691 0.005334993 0.01648919 -0.02276781 0.005574313 0.01548919 -0.02098861 0.007929003 0.01648919 -0.02192361 0.008283603 0.01548919 -0.01987351 0.01040669 0.01648919 -0.02075891 0.01087139 0.01548919 -0.01846781 0.01273189 0.01648919 -0.01929081 0.01329989 0.01548919 -0.01679221 0.01487069 0.01648919 -0.01754071 0.01553379 0.01548919 -0.01487101 0.01679189 0.01648919 -0.01553411 0.01754039 0.01548919 -0.01273221 0.01846749 0.01648919 -0.01330021 0.01929049 0.01548919 -0.01040701 0.01987319 0.01648919 -0.01087171 0.02075859 0.01548919 -0.007929321 0.02098829 0.01648919 -0.008283921 0.02192329 0.01548919 -0.005335311 0.02179659 0.01648919 -0.005574631 0.02276749 0.01548919 -0.002700711 0.02227939 0.01648919 -0.002783321 0.02327909 0.01548919 -0.005574631 -0.02286671 0.01548919 -0.007929321 -0.02108751 0.01648919 -0.008283921 -0.02202251 0.01548919 -0.01040701 -0.01997241 0.01648919 -0.01087171 -0.02085781 0.01548919 -0.01273221 -0.01856671 0.01648919 -0.01330021 -0.01938971 0.01548919 -0.01487101 -0.01689111 0.01648919 -0.01553411 -0.01763961 0.01548919 -0.01679221 -0.01496991 0.01648919 -0.01754071 -0.01563301 0.01548919 -0.01846781 -0.01283111 0.01648919 -0.01929081 -0.01339911 0.01548919 -0.01987351 -0.01050591 0.01648919 -0.02075891 -0.01097061 0.01548919 -0.02098861 -0.008028217 0.01648919 -0.02192361 -0.008382817 0.01548919 -0.02179691 -0.005434207 0.01648919 -0.02276781 -0.005673527 0.01548919 -0.02227971 -0.002799607 0.01648919 -0.02228671 -0.002761687 0.01648919 0.02286639 -0.005673527 0.01548919 0.02108719 -0.008028217 0.01648919 0.02202219 -0.008382817 0.01548919 0.01997209 -0.01050591 0.01648919 0.02085749 -0.01097061 0.01548919 0.01856639 -0.01283111 0.01648919 0.01938939 -0.01339911 0.01548919 0.01689079 -0.01496991 0.01648919 0.01763929 -0.01563301 0.01548919 0.01496959 -0.01689111 0.01648919 0.01563269 -0.01763961 0.01548919 0.01283079 -0.01856671 0.01648919 0.01339879 -0.01938971 0.01548919 0.01050559 -0.01997241 0.01648919 0.01097029 -0.02085781 0.01548919 0.008027899 -0.02108751 0.01648919 0.008382499 -0.02202251 0.01548919 0.005433889 -0.02189581 0.01648919 0.005673209 -0.02286671 0.01548919 0.002761369 -0.02238561 0.01648919 0.002881899 -0.02337831 0.01548919 4.928873e-05 -0.02254961 0.01648919 4.928873e-05 -0.02354961 0.01548919 -0.002662791 -0.02238561 0.01648919 -0.002783321 -0.02337831 0.01548919 -0.002700711 -0.02237861 0.01648919 -0.005335311 -0.02189581 0.01648919 -0.002662791 0.02228639 0.01648919 4.928873e-05 0.02245039 0.01648919 4.928873e-05 0.02345039 0.01548919 0.002761369 0.02228639 0.01648919 0.002881899 0.02327909 0.01548919 0.005433889 0.02179659 0.01648919 0.005673209 0.02276749 0.01548919 0.008027899 0.02098829 0.01648919 0.008382499 0.02192329 0.01548919 0.01050559 0.01987319 0.01648919 0.01097029 0.02075859 0.01548919 0.01283079 0.01846749 0.01648919 0.01339879 0.01929049 0.01548919 0.01496959 0.01679189 0.01648919 0.01563269 0.01754039 0.01548919 0.01689079 0.01487069 0.01648919 0.01763929 0.01553379 0.01548919 0.01856639 0.01273189 0.01648919 0.01938939 0.01329989 0.01548919 0.01997209 0.01040669 0.01648919 0.02085749 0.01087139 0.01548919 0.02108719 0.007929003 0.01648919 0.02202219 0.008283603 0.01548919 0.02189549 0.005334993 0.01648919 0.02286639 0.005574313 0.01548919 0.02238529 0.002662473 0.01648919 0.02337799 0.002783003 0.01548919 0.02254929 -4.960665e-05 0.01648919 0.02354929 -4.960665e-05 0.01548919 0.02238529 -0.002761687 0.01648919 0.02337799 -0.002882217 0.01548919 0.02237829 -0.002799607 0.01648919 0.02189549 -0.005434207 0.01648919 0.004049289 -4.960665e-05 -0.001010814 0.004049289 -4.960665e-05 0.01648919 0.003912989 0.0009856734 -0.001010814 0.003912989 0.0009856734 0.01648919 0.003513389 0.001950393 -0.001010814 0.003513389 0.001950393 0.01648919 0.002877719 0.002778823 -0.001010814 0.002877719 0.002778823 0.01648919 0.002049289 0.003414493 -0.001010814 0.002049289 0.003414493 0.01648919 0.001084569 0.003814093 -0.001010814 0.001084569 0.003814093 0.01648919 4.928873e-05 0.003950393 -0.001010814 4.928873e-05 0.003950393 0.01648919 -0.0009859913 0.003814093 -0.001010814 -0.0009859913 0.003814093 0.01648919 -0.001950711 0.003414493 -0.001010814 -0.001950711 0.003414493 0.01648919 -0.002700711 0.002839003 -0.001010814 -0.002700711 0.002839003 0.01648919 -0.002779141 0.002778823 -0.001010814 -0.002779141 0.002778823 0.01648919 -0.003414811 0.001950393 -0.001010814 -0.003414811 0.001950393 0.01648919 -0.003814411 0.0009856734 -0.001010814 -0.003814411 0.0009856734 0.01648919 -0.003950711 -4.960665e-05 -0.001010814 -0.003950711 -4.960665e-05 0.01648919 -0.003814411 -0.001084887 -0.001010814 -0.003814411 -0.001084887 0.01648919 -0.003414811 -0.002049607 -0.001010814 -0.003414811 -0.002049607 0.01648919 -0.002839321 -0.002799607 -0.001010814 -0.002839321 -0.002799607 0.01648919 -0.002779141 -0.002878037 -0.001010814 -0.002779141 -0.002878037 0.01648919 -0.002700711 -0.002938217 -0.001010814 -0.002700711 -0.002938217 0.01648919 -0.001950711 -0.003513707 -0.001010814 -0.001950711 -0.003513707 0.01648919 -0.0009859913 -0.003913307 -0.001010814 -0.0009859913 -0.003913307 0.01648919 4.928873e-05 -0.004049607 -0.001010814 4.928873e-05 -0.004049607 0.01648919 0.001084569 -0.003913307 -0.001010814 0.001084569 -0.003913307 0.01648919 0.002049289 -0.003513707 -0.001010814 0.002049289 -0.003513707 0.01648919 0.002877719 -0.002878037 -0.001010814 0.002877719 -0.002878037 0.01648919 0.002937899 -0.002799607 -0.001010814 0.002937899 -0.002799607 0.01648919 0.003513389 -0.002049607 -0.001010814 0.003513389 -0.002049607 0.01648919 0.003912989 -0.001084887 -0.001010814 0.003912989 -0.001084887 0.01648919 0.001549289 0.01495039 -0.001010814 0.001549289 0.01495039 0.01648919 0.001498179 0.01533859 -0.001010814 0.001498179 0.01533859 0.01648919 0.001348329 0.01570039 -0.001010814 0.001348329 0.01570039 0.01648919 0.001109949 0.01601109 -0.001010814 0.001109949 0.01601109 0.01648919 0.0007992887 0.01624939 -0.001010814 0.0007992887 0.01624939 0.01648919 0.0004375177 0.01639929 -0.001010814 0.0004375177 0.01639929 0.01648919 4.928873e-05 0.01645039 -0.001010814 4.928873e-05 0.01645039 0.01648919 -0.0003389403 0.01639929 -0.001010814 -0.0003389403 0.01639929 0.01648919 -0.0007007113 0.01624939 -0.001010814 -0.0007007113 0.01624939 0.01648919 -0.001011371 0.01601109 -0.001010814 -0.001011371 0.01601109 0.01648919 -0.001249751 0.01570039 -0.001010814 -0.001249751 0.01570039 0.01648919 -0.001399601 0.01533859 -0.001010814 -0.001399601 0.01533859 0.01648919 -0.001450711 0.01495039 -0.001010814 -0.001450711 0.01495039 0.01648919 -0.001399601 0.01456219 -0.001010814 -0.001399601 0.01456219 0.01648919 -0.001249751 0.01420039 -0.001010814 -0.001249751 0.01420039 0.01648919 -0.001011371 0.01388969 -0.001010814 -0.001011371 0.01388969 0.01648919 -0.0007007113 0.01365139 -0.001010814 -0.0007007113 0.01365139 0.01648919 -0.0003389403 0.01350149 -0.001010814 -0.0003389403 0.01350149 0.01648919 4.928873e-05 0.01345039 -0.001010814 4.928873e-05 0.01345039 0.01648919 0.0004375177 0.01350149 -0.001010814 0.0004375177 0.01350149 0.01648919 0.0007992887 0.01365139 -0.001010814 0.0007992887 0.01365139 0.01648919 0.001109949 0.01388969 -0.001010814 0.001109949 0.01388969 0.01648919 0.001348329 0.01420039 -0.001010814 0.001348329 0.01420039 0.01648919 0.001498179 0.01456219 -0.001010814 0.001498179 0.01456219 0.01648919 4.928873e-05 -0.02354961 0.01548919 0.002881899 -0.02337831 -0.001010814 0.002881899 -0.02337831 0.01548919 0.005673209 -0.02286671 -0.001010814 0.005673209 -0.02286671 0.01548919 0.008382499 -0.02202251 -0.001010814 0.008382499 -0.02202251 0.01548919 0.01097029 -0.02085781 -0.001010814 0.01097029 -0.02085781 0.01548919 0.01339879 -0.01938971 -0.001010814 0.01339879 -0.01938971 0.01548919 0.01563269 -0.01763961 -0.001010814 0.01563269 -0.01763961 0.01548919 0.01763929 -0.01563301 -0.001010814 0.01763929 -0.01563301 0.01548919 0.01938939 -0.01339911 -0.001010814 0.01938939 -0.01339911 0.01548919 0.02085749 -0.01097061 -0.001010814 0.02085749 -0.01097061 0.01548919 0.02202219 -0.008382817 -0.001010814 0.02202219 -0.008382817 0.01548919 0.02286639 -0.005673527 -0.001010814 0.02286639 -0.005673527 0.01548919 0.02337799 -0.002882217 -0.001010814 0.02337799 -0.002882217 0.01548919 0.02338299 -0.002799607 -0.001010814 0.02354929 -4.960665e-05 0.01548919 -0.02327941 -0.002882217 0.01548919 -0.02276781 -0.005673527 -0.001010814 -0.02276781 -0.005673527 0.01548919 -0.02192361 -0.008382817 -0.001010814 -0.02192361 -0.008382817 0.01548919 -0.02075891 -0.01097061 -0.001010814 -0.02075891 -0.01097061 0.01548919 -0.01929081 -0.01339911 -0.001010814 -0.01929081 -0.01339911 0.01548919 -0.01754071 -0.01563301 -0.001010814 -0.01754071 -0.01563301 0.01548919 -0.01553411 -0.01763961 -0.001010814 -0.01553411 -0.01763961 0.01548919 -0.01330021 -0.01938971 -0.001010814 -0.01330021 -0.01938971 0.01548919 -0.01087171 -0.02085781 -0.001010814 -0.01087171 -0.02085781 0.01548919 -0.008283921 -0.02202251 -0.001010814 -0.008283921 -0.02202251 0.01548919 -0.005574631 -0.02286671 -0.001010814 -0.005574631 -0.02286671 0.01548919 -0.002783321 -0.02337831 -0.001010814 -0.002783321 -0.02337831 0.01548919 -0.002700711 -0.02338331 -0.001010814 4.928873e-05 -0.02354961 -0.001010814 -0.002783321 0.02327909 0.01548919 -0.005574631 0.02276749 -0.001010814 -0.005574631 0.02276749 0.01548919 -0.008283921 0.02192329 -0.001010814 -0.008283921 0.02192329 0.01548919 -0.01087171 0.02075859 -0.001010814 -0.01087171 0.02075859 0.01548919 -0.01330021 0.01929049 -0.001010814 -0.01330021 0.01929049 0.01548919 -0.01553411 0.01754039 -0.001010814 -0.01553411 0.01754039 0.01548919 -0.01754071 0.01553379 -0.001010814 -0.01754071 0.01553379 0.01548919 -0.01929081 0.01329989 -0.001010814 -0.01929081 0.01329989 0.01548919 -0.02075891 0.01087139 -0.001010814 -0.02075891 0.01087139 0.01548919 -0.02192361 0.008283603 -0.001010814 -0.02192361 0.008283603 0.01548919 -0.02276781 0.005574313 -0.001010814 -0.02276781 0.005574313 0.01548919 -0.02327941 0.002783003 -0.001010814 -0.02327941 0.002783003 0.01548919 -0.02345071 -4.960665e-05 -0.001010814 -0.02345071 -4.960665e-05 0.01548919 -0.02328441 -0.002799607 -0.001010814 -0.02327941 -0.002882217 -0.001010814 0.02354929 -4.960665e-05 -0.001010814 0.02337799 0.002783003 -0.001010814 0.02337799 0.002783003 0.01548919 0.02286639 0.005574313 -0.001010814 0.02286639 0.005574313 0.01548919 0.02202219 0.008283603 -0.001010814 0.02202219 0.008283603 0.01548919 0.02085749 0.01087139 -0.001010814 0.02085749 0.01087139 0.01548919 0.01938939 0.01329989 -0.001010814 0.01938939 0.01329989 0.01548919 0.01763929 0.01553379 -0.001010814 0.01763929 0.01553379 0.01548919 0.01563269 0.01754039 -0.001010814 0.01563269 0.01754039 0.01548919 0.01339879 0.01929049 -0.001010814 0.01339879 0.01929049 0.01548919 0.01097029 0.02075859 -0.001010814 0.01097029 0.02075859 0.01548919 0.008382499 0.02192329 -0.001010814 0.008382499 0.02192329 0.01548919 0.005673209 0.02276749 -0.001010814 0.005673209 0.02276749 0.01548919 0.002881899 0.02327909 -0.001010814 0.002881899 0.02327909 0.01548919 4.928873e-05 0.02345039 -0.001010814 4.928873e-05 0.02345039 0.01548919 -0.002700711 0.02328409 -0.001010814 -0.002783321 0.02327909 -0.001010814 0.001549289 -0.01504961 -0.001010814 0.001549289 -0.01504961 0.01648919 0.001498179 -0.01466141 -0.001010814 0.001498179 -0.01466141 0.01648919 0.001348329 -0.01429961 -0.001010814 0.001348329 -0.01429961 0.01648919 0.001109949 -0.01398891 -0.001010814 0.001109949 -0.01398891 0.01648919 0.0007992887 -0.01375061 -0.001010814 0.0007992887 -0.01375061 0.01648919 0.0004375177 -0.01360071 -0.001010814 0.0004375177 -0.01360071 0.01648919 4.928873e-05 -0.01354961 -0.001010814 4.928873e-05 -0.01354961 0.01648919 -0.0003389403 -0.01360071 -0.001010814 -0.0003389403 -0.01360071 0.01648919 -0.0007007113 -0.01375061 -0.001010814 -0.0007007113 -0.01375061 0.01648919 -0.001011371 -0.01398891 -0.001010814 -0.001011371 -0.01398891 0.01648919 -0.001249751 -0.01429961 -0.001010814 -0.001249751 -0.01429961 0.01648919 -0.001399601 -0.01466141 -0.001010814 -0.001399601 -0.01466141 0.01648919 -0.001450711 -0.01504961 -0.001010814 -0.001450711 -0.01504961 0.01648919 -0.001399601 -0.01543781 -0.001010814 -0.001399601 -0.01543781 0.01648919 -0.001249751 -0.01579961 -0.001010814 -0.001249751 -0.01579961 0.01648919 -0.001011371 -0.01611031 -0.001010814 -0.001011371 -0.01611031 0.01648919 -0.0007007113 -0.01634861 -0.001010814 -0.0007007113 -0.01634861 0.01648919 -0.0003389403 -0.01649851 -0.001010814 -0.0003389403 -0.01649851 0.01648919 4.928873e-05 -0.01654961 -0.001010814 4.928873e-05 -0.01654961 0.01648919 0.0004375177 -0.01649851 -0.001010814 0.0004375177 -0.01649851 0.01648919 0.0007992887 -0.01634861 -0.001010814 0.0007992887 -0.01634861 0.01648919 0.001109949 -0.01611031 -0.001010814 0.001109949 -0.01611031 0.01648919 0.001348329 -0.01579961 -0.001010814 0.001348329 -0.01579961 0.01648919 0.001498179 -0.01543781 -0.001010814 0.001498179 -0.01543781 0.01648919 -0.002779141 0.002778823 0.01648919 -0.002700711 0.002839003 0.01648919 -0.002700711 0.02227939 0.01648919 -0.01420071 0.001249433 0.01648919 -0.01389001 0.001011053 0.01648919 -0.01389001 -0.001110267 0.01648919 -0.002839321 -0.002799607 0.01648919 -0.01365171 -0.0007996066 0.01648919 -0.003414811 -0.002049607 0.01648919 -0.003814411 -0.001084887 0.01648919 -0.02179691 0.005334993 0.01648919 -0.01601141 0.001011053 0.01648919 -0.02098861 0.007929003 0.01648919 -0.01570071 0.001249433 0.01648919 -0.01420071 -0.001348647 0.01648919 -0.01456251 -0.001498497 0.01648919 -0.01495071 -0.001549607 0.01648919 -0.01570071 -0.001348647 0.01648919 -0.02227971 -0.002799607 0.01648919 -0.01533891 -0.001498497 0.01648919 -0.003814411 0.0009856734 0.01648919 -0.01350181 0.0003386224 0.01648919 -0.003950711 -4.960665e-05 0.01648919 -0.01345071 -4.960665e-05 0.01648919 -0.01350181 -0.0004378356 0.01648919 -0.003414811 0.001950393 0.01648919 -0.01365171 0.0007003934 0.01648919 -0.01601141 -0.001110267 0.01648919 -0.01624971 -0.0007996066 0.01648919 -0.02228671 -0.002761687 0.01648919 -0.01639961 -0.0004378356 0.01648919 -0.02245071 -4.960665e-05 0.01648919 -0.01645071 -4.960665e-05 0.01648919 -0.02228671 0.002662473 0.01648919 -0.01639961 0.0003386224 0.01648919 -0.01624971 0.0007003934 0.01648919 -0.01495071 0.001450393 0.01648919 -0.01679221 0.01487069 0.01648919 -0.01533891 0.001399283 0.01648919 -0.01846781 0.01273189 0.01648919 -0.01987351 0.01040669 0.01648919 -0.01456251 0.001399283 0.01648919 -0.01273221 0.01846749 0.01648919 -0.01487101 0.01679189 0.01648919 -0.005335311 0.02179659 0.01648919 -0.007929321 0.02098829 0.01648919 -0.01040701 0.01987319 0.01648919 0.01360039 -0.0004378356 0.01648919 0.0004375177 0.01350149 0.01648919 0.01375029 -0.0007996066 0.01648919 0.01398859 -0.001110267 0.01648919 0.01610999 -0.001110267 0.01648919 0.01579929 -0.001348647 0.01648919 0.02237829 -0.002799607 0.01648919 0.01634829 -0.0007996066 0.01648919 -0.001011371 0.01388969 0.01648919 -0.001249751 0.01420039 0.01648919 0.001498179 0.01456219 0.01648919 0.01997209 0.01040669 0.01648919 0.01856639 0.01273189 0.01648919 -0.001950711 0.003414493 0.01648919 -0.0009859913 0.003814093 0.01648919 -0.0007007113 0.01365139 0.01648919 0.001549289 0.01495039 0.01648919 0.01649819 -0.0004378356 0.01648919 0.02238529 -0.002761687 0.01648919 0.01654929 -4.960665e-05 0.01648919 0.02254929 -4.960665e-05 0.01648919 0.01649819 0.0003386224 0.01648919 0.02238529 0.002662473 0.01648919 0.01634829 0.0007003934 0.01648919 0.02189549 0.005334993 0.01648919 0.01610999 0.001011053 0.01648919 0.02108719 0.007929003 0.01648919 0.01579929 0.001249433 0.01648919 0.01543749 0.001399283 0.01648919 0.005433889 0.02179659 0.01648919 0.001109949 0.01601109 0.01648919 0.008027899 0.02098829 0.01648919 0.001348329 0.01570039 0.01648919 0.01689079 0.01487069 0.01648919 0.01496959 0.01679189 0.01648919 0.001498179 0.01533859 0.01648919 0.01283079 0.01846749 0.01648919 0.01050559 0.01987319 0.01648919 0.01354929 -4.960665e-05 0.01648919 0.01360039 0.0003386224 0.01648919 0.0007992887 0.01365139 0.01648919 0.01375029 0.0007003934 0.01648919 0.001109949 0.01388969 0.01648919 0.01398859 0.001011053 0.01648919 0.001348329 0.01420039 0.01648919 0.01429929 0.001249433 0.01648919 0.01466109 0.001399283 0.01648919 0.01504929 0.001450393 0.01648919 -0.001399601 0.01456219 0.01648919 -0.001450711 0.01495039 0.01648919 -0.001399601 0.01533859 0.01648919 -0.001249751 0.01570039 0.01648919 0.001084569 0.003814093 0.01648919 0.002049289 0.003414493 0.01648919 0.002877719 0.002778823 0.01648919 0.003513389 0.001950393 0.01648919 0.01429929 -0.001348647 0.01648919 0.003912989 0.0009856734 0.01648919 0.01466109 -0.001498497 0.01648919 -0.001011371 0.01601109 0.01648919 -0.0007007113 0.01624939 0.01648919 -0.002662791 0.02228639 0.01648919 -0.0003389403 0.01639929 0.01648919 4.928873e-05 0.02245039 0.01648919 4.928873e-05 0.01645039 0.01648919 0.002761369 0.02228639 0.01648919 0.0004375177 0.01639929 0.01648919 0.0007992887 0.01624939 0.01648919 4.928873e-05 0.003950393 0.01648919 4.928873e-05 0.01345039 0.01648919 -0.0003389403 0.01350149 0.01648919 0.004049289 -4.960665e-05 0.01648919 0.003912989 -0.001084887 0.01648919 0.01504929 -0.001549607 0.01648919 0.01543749 -0.001498497 0.01648919 0.003513389 -0.002049607 0.01648919 0.002937899 -0.002799607 0.01648919 0.02189549 -0.005434207 0.01648919 0.01689079 -0.01496991 0.01648919 0.01856639 -0.01283111 0.01648919 0.01997209 -0.01050591 0.01648919 0.02108719 -0.008028217 0.01648919 0.002877719 -0.002878037 0.01648919 0.002049289 -0.003513707 0.01648919 0.001549289 -0.01504961 0.01648919 0.001084569 -0.003913307 0.01648919 0.001498179 -0.01466141 0.01648919 0.0007992887 -0.01375061 0.01648919 0.001109949 -0.01398891 0.01648919 0.001348329 -0.01429961 0.01648919 -0.0007007113 -0.01634861 0.01648919 -0.002700711 -0.02237861 0.01648919 -0.0003389403 -0.01649851 0.01648919 -0.002662791 -0.02238561 0.01648919 4.928873e-05 -0.01654961 0.01648919 4.928873e-05 -0.02254961 0.01648919 0.0004375177 -0.01649851 0.01648919 0.002761369 -0.02238561 0.01648919 0.0007992887 -0.01634861 0.01648919 0.005433889 -0.02189581 0.01648919 0.001109949 -0.01611031 0.01648919 0.008027899 -0.02108751 0.01648919 0.001348329 -0.01579961 0.01648919 0.01050559 -0.01997241 0.01648919 0.001498179 -0.01543781 0.01648919 0.01283079 -0.01856671 0.01648919 0.01496959 -0.01689111 0.01648919 -0.001011371 -0.01611031 0.01648919 -0.001249751 -0.01579961 0.01648919 -0.001399601 -0.01543781 0.01648919 -0.001450711 -0.01504961 0.01648919 -0.001399601 -0.01466141 0.01648919 -0.002700711 -0.002938217 0.01648919 -0.001249751 -0.01429961 0.01648919 -0.001011371 -0.01398891 0.01648919 -0.0007007113 -0.01375061 0.01648919 -0.0003389403 -0.01360071 0.01648919 -0.001950711 -0.003513707 0.01648919 -0.0009859913 -0.003913307 0.01648919 4.928873e-05 -0.004049607 0.01648919 4.928873e-05 -0.01354961 0.01648919 0.0004375177 -0.01360071 0.01648919 -0.005335311 -0.02189581 0.01648919 -0.01273221 -0.01856671 0.01648919 -0.01040701 -0.01997241 0.01648919 -0.007929321 -0.02108751 0.01648919 -0.02179691 -0.005434207 0.01648919 -0.02098861 -0.008028217 0.01648919 -0.01987351 -0.01050591 0.01648919 -0.01846781 -0.01283111 0.01648919 -0.002779141 -0.002878037 0.01648919 -0.01679221 -0.01496991 0.01648919 -0.01487101 -0.01689111 0.01648919 -0.01345071 -4.960665e-05 -0.001010814 -0.01345071 -4.960665e-05 0.01648919 -0.01350181 0.0003386224 -0.001010814 -0.01350181 0.0003386224 0.01648919 -0.01365171 0.0007003934 -0.001010814 -0.01365171 0.0007003934 0.01648919 -0.01389001 0.001011053 -0.001010814 -0.01389001 0.001011053 0.01648919 -0.01420071 0.001249433 -0.001010814 -0.01420071 0.001249433 0.01648919 -0.01456251 0.001399283 -0.001010814 -0.01456251 0.001399283 0.01648919 -0.01495071 0.001450393 -0.001010814 -0.01495071 0.001450393 0.01648919 -0.01533891 0.001399283 -0.001010814 -0.01533891 0.001399283 0.01648919 -0.01570071 0.001249433 -0.001010814 -0.01570071 0.001249433 0.01648919 -0.01601141 0.001011053 -0.001010814 -0.01601141 0.001011053 0.01648919 -0.01624971 0.0007003934 -0.001010814 -0.01624971 0.0007003934 0.01648919 -0.01639961 0.0003386224 -0.001010814 -0.01639961 0.0003386224 0.01648919 -0.01645071 -4.960665e-05 -0.001010814 -0.01645071 -4.960665e-05 0.01648919 -0.01639961 -0.0004378356 -0.001010814 -0.01639961 -0.0004378356 0.01648919 -0.01624971 -0.0007996066 -0.001010814 -0.01624971 -0.0007996066 0.01648919 -0.01601141 -0.001110267 -0.001010814 -0.01601141 -0.001110267 0.01648919 -0.01570071 -0.001348647 -0.001010814 -0.01570071 -0.001348647 0.01648919 -0.01533891 -0.001498497 -0.001010814 -0.01533891 -0.001498497 0.01648919 -0.01495071 -0.001549607 -0.001010814 -0.01495071 -0.001549607 0.01648919 -0.01456251 -0.001498497 -0.001010814 -0.01456251 -0.001498497 0.01648919 -0.01420071 -0.001348647 -0.001010814 -0.01420071 -0.001348647 0.01648919 -0.01389001 -0.001110267 -0.001010814 -0.01389001 -0.001110267 0.01648919 -0.01365171 -0.0007996066 -0.001010814 -0.01365171 -0.0007996066 0.01648919 -0.01350181 -0.0004378356 -0.001010814 -0.01350181 -0.0004378356 0.01648919 -0.01495071 -0.001549607 -0.001010814 -0.01456251 -0.001498497 -0.001010814 -0.002839321 -0.002799607 -0.001010814 -0.02328441 -0.002799607 -0.001010814 -0.01639961 -0.0004378356 -0.001010814 -0.01624971 -0.0007996066 -0.001010814 -0.01087171 0.02075859 -0.001010814 -0.008283921 0.02192329 -0.001010814 -0.01456251 0.001399283 -0.001010814 -0.01601141 -0.001110267 -0.001010814 -0.01570071 -0.001348647 -0.001010814 -0.01533891 -0.001498497 -0.001010814 -0.01365171 -0.0007996066 -0.001010814 -0.002779141 0.002778823 -0.001010814 -0.01389001 -0.001110267 -0.001010814 -0.003414811 0.001950393 -0.001010814 -0.01365171 0.0007003934 -0.001010814 -0.01389001 0.001011053 -0.001010814 -0.002700711 0.02328409 -0.001010814 -0.01420071 0.001249433 -0.001010814 -0.002783321 0.02327909 -0.001010814 -0.003814411 0.0009856734 -0.001010814 -0.003950711 -4.960665e-05 -0.001010814 -0.003814411 -0.001084887 -0.001010814 -0.01420071 -0.001348647 -0.001010814 -0.003414811 -0.002049607 -0.001010814 -0.01645071 -4.960665e-05 -0.001010814 -0.02345071 -4.960665e-05 -0.001010814 -0.01639961 0.0003386224 -0.001010814 -0.02327941 0.002783003 -0.001010814 -0.01624971 0.0007003934 -0.001010814 -0.02276781 0.005574313 -0.001010814 -0.01601141 0.001011053 -0.001010814 -0.02192361 0.008283603 -0.001010814 -0.01570071 0.001249433 -0.001010814 -0.02075891 0.01087139 -0.001010814 -0.01533891 0.001399283 -0.001010814 -0.01929081 0.01329989 -0.001010814 -0.01495071 0.001450393 -0.001010814 -0.01350181 -0.0004378356 -0.001010814 -0.01345071 -4.960665e-05 -0.001010814 -0.002700711 0.002839003 -0.001010814 -0.01350181 0.0003386224 -0.001010814 -0.005574631 0.02276749 -0.001010814 -0.01754071 0.01553379 -0.001010814 -0.01553411 0.01754039 -0.001010814 -0.01330021 0.01929049 -0.001010814 -0.02327941 -0.002882217 -0.001010814 -0.01929081 -0.01339911 -0.001010814 -0.02075891 -0.01097061 -0.001010814 -0.02192361 -0.008382817 -0.001010814 -0.02276781 -0.005673527 -0.001010814 -0.002700711 -0.02338331 -0.001010814 -0.002783321 -0.02337831 -0.001010814 -0.002700711 -0.002938217 -0.001010814 -0.005574631 -0.02286671 -0.001010814 -0.008283921 -0.02202251 -0.001010814 -0.01087171 -0.02085781 -0.001010814 -0.01330021 -0.01938971 -0.001010814 -0.002779141 -0.002878037 -0.001010814 -0.01553411 -0.01763961 -0.001010814 -0.01754071 -0.01563301 -0.001010814 -0.001249751 -0.01579961 -0.001010814 -0.001011371 -0.01611031 -0.001010814 0.002937899 -0.002799607 -0.001010814 0.02338299 -0.002799607 -0.001010814 0.02337799 -0.002882217 -0.001010814 -0.0003389403 -0.01360071 -0.001010814 -0.0007007113 -0.01375061 -0.001010814 -0.001011371 -0.01398891 -0.001010814 -0.001249751 -0.01429961 -0.001010814 -0.001399601 -0.01466141 -0.001010814 -0.001450711 -0.01504961 -0.001010814 -0.001399601 -0.01543781 -0.001010814 0.02286639 -0.005673527 -0.001010814 0.02202219 -0.008382817 -0.001010814 0.02085749 -0.01097061 -0.001010814 0.001549289 -0.01504961 -0.001010814 0.01563269 -0.01763961 -0.001010814 0.001498179 -0.01543781 -0.001010814 0.01339879 -0.01938971 -0.001010814 0.001348329 -0.01579961 -0.001010814 0.01097029 -0.02085781 -0.001010814 0.001109949 -0.01611031 -0.001010814 0.008382499 -0.02202251 -0.001010814 0.0007992887 -0.01634861 -0.001010814 0.005673209 -0.02286671 -0.001010814 0.0004375177 -0.01649851 -0.001010814 0.002881899 -0.02337831 -0.001010814 4.928873e-05 -0.01654961 -0.001010814 4.928873e-05 -0.02354961 -0.001010814 -0.0003389403 -0.01649851 -0.001010814 -0.0007007113 -0.01634861 -0.001010814 0.001109949 -0.01398891 -0.001010814 0.001084569 -0.003913307 -0.001010814 0.001348329 -0.01429961 -0.001010814 0.001498179 -0.01466141 -0.001010814 0.01938939 -0.01339911 -0.001010814 0.01763929 -0.01563301 -0.001010814 0.002877719 -0.002878037 -0.001010814 0.002049289 -0.003513707 -0.001010814 -0.001950711 -0.003513707 -0.001010814 -0.0009859913 -0.003913307 -0.001010814 4.928873e-05 -0.01354961 -0.001010814 4.928873e-05 -0.004049607 -0.001010814 0.0004375177 -0.01360071 -0.001010814 0.0007992887 -0.01375061 -0.001010814 0.01579929 0.001249433 -0.001010814 0.01543749 0.001399283 -0.001010814 0.0004375177 0.01350149 -0.001010814 0.01504929 0.001450393 -0.001010814 0.01466109 0.001399283 -0.001010814 0.01398859 0.001011053 -0.001010814 0.003912989 0.0009856734 -0.001010814 0.003513389 0.001950393 -0.001010814 -0.001249751 0.01420039 -0.001010814 -0.001011371 0.01388969 -0.001010814 -0.0009859913 0.003814093 -0.001010814 -0.001950711 0.003414493 -0.001010814 0.01579929 -0.001348647 -0.001010814 0.01610999 -0.001110267 -0.001010814 0.003513389 -0.002049607 -0.001010814 0.01360039 -0.0004378356 -0.001010814 0.003912989 -0.001084887 -0.001010814 0.01354929 -4.960665e-05 -0.001010814 0.004049289 -4.960665e-05 -0.001010814 0.01360039 0.0003386224 -0.001010814 0.01375029 0.0007003934 -0.001010814 0.01649819 0.0003386224 -0.001010814 0.02337799 0.002783003 -0.001010814 0.01654929 -4.960665e-05 -0.001010814 0.02354929 -4.960665e-05 -0.001010814 0.01649819 -0.0004378356 -0.001010814 0.01634829 -0.0007996066 -0.001010814 0.01375029 -0.0007996066 -0.001010814 0.01398859 -0.001110267 -0.001010814 0.01429929 -0.001348647 -0.001010814 0.02085749 0.01087139 -0.001010814 0.02202219 0.008283603 -0.001010814 0.001498179 0.01456219 -0.001010814 0.002877719 0.002778823 -0.001010814 0.01429929 0.001249433 -0.001010814 0.01610999 0.001011053 -0.001010814 0.0007992887 0.01365139 -0.001010814 0.001109949 0.01388969 -0.001010814 -0.001249751 0.01570039 -0.001010814 -0.001399601 0.01533859 -0.001010814 -0.001450711 0.01495039 -0.001010814 -0.001399601 0.01456219 -0.001010814 -0.0003389403 0.01639929 -0.001010814 -0.0007007113 0.01624939 -0.001010814 -0.001011371 0.01601109 -0.001010814 0.002049289 0.003414493 -0.001010814 0.001084569 0.003814093 -0.001010814 4.928873e-05 0.01345039 -0.001010814 4.928873e-05 0.003950393 -0.001010814 -0.0003389403 0.01350149 -0.001010814 -0.0007007113 0.01365139 -0.001010814 0.01466109 -0.001498497 -0.001010814 0.01504929 -0.001549607 -0.001010814 0.01543749 -0.001498497 -0.001010814 0.001348329 0.01420039 -0.001010814 0.02286639 0.005574313 -0.001010814 0.001549289 0.01495039 -0.001010814 0.01763929 0.01553379 -0.001010814 0.01938939 0.01329989 -0.001010814 0.01634829 0.0007003934 -0.001010814 4.928873e-05 0.01645039 -0.001010814 4.928873e-05 0.02345039 -0.001010814 0.0004375177 0.01639929 -0.001010814 0.002881899 0.02327909 -0.001010814 0.0007992887 0.01624939 -0.001010814 0.005673209 0.02276749 -0.001010814 0.001109949 0.01601109 -0.001010814 0.008382499 0.02192329 -0.001010814 0.001348329 0.01570039 -0.001010814 0.01097029 0.02075859 -0.001010814 0.001498179 0.01533859 -0.001010814 0.01339879 0.01929049 -0.001010814 0.01563269 0.01754039 -0.001010814 0.01654929 -4.960665e-05 -0.001010814 0.01654929 -4.960665e-05 0.01648919 0.01649819 0.0003386224 -0.001010814 0.01649819 0.0003386224 0.01648919 0.01634829 0.0007003934 -0.001010814 0.01634829 0.0007003934 0.01648919 0.01610999 0.001011053 -0.001010814 0.01610999 0.001011053 0.01648919 0.01579929 0.001249433 -0.001010814 0.01579929 0.001249433 0.01648919 0.01543749 0.001399283 -0.001010814 0.01543749 0.001399283 0.01648919 0.01504929 0.001450393 -0.001010814 0.01504929 0.001450393 0.01648919 0.01466109 0.001399283 -0.001010814 0.01466109 0.001399283 0.01648919 0.01429929 0.001249433 -0.001010814 0.01429929 0.001249433 0.01648919 0.01398859 0.001011053 -0.001010814 0.01398859 0.001011053 0.01648919 0.01375029 0.0007003934 -0.001010814 0.01375029 0.0007003934 0.01648919 0.01360039 0.0003386224 -0.001010814 0.01360039 0.0003386224 0.01648919 0.01354929 -4.960665e-05 -0.001010814 0.01354929 -4.960665e-05 0.01648919 0.01360039 -0.0004378356 -0.001010814 0.01360039 -0.0004378356 0.01648919 0.01375029 -0.0007996066 -0.001010814 0.01375029 -0.0007996066 0.01648919 0.01398859 -0.001110267 -0.001010814 0.01398859 -0.001110267 0.01648919 0.01429929 -0.001348647 -0.001010814 0.01429929 -0.001348647 0.01648919 0.01466109 -0.001498497 -0.001010814 0.01466109 -0.001498497 0.01648919 0.01504929 -0.001549607 -0.001010814 0.01504929 -0.001549607 0.01648919 0.01543749 -0.001498497 -0.001010814 0.01543749 -0.001498497 0.01648919 0.01579929 -0.001348647 -0.001010814 0.01579929 -0.001348647 0.01648919 0.01610999 -0.001110267 -0.001010814 0.01610999 -0.001110267 0.01648919 0.01634829 -0.0007996066 -0.001010814 0.01634829 -0.0007996066 0.01648919 0.01649819 -0.0004378356 -0.001010814 0.01649819 -0.0004378356 0.01648919 -0.001450711 -0.01304961 -0.01581081 -0.001450711 -0.01304961 -0.001310814 -0.001399601 -0.01343781 -0.01581081 -0.001399601 -0.01343781 -0.001310814 -0.001249751 -0.01379961 -0.01581081 -0.001249751 -0.01379961 -0.001310814 -0.001011371 -0.01411031 -0.01581081 -0.001011371 -0.01411031 -0.001310814 -0.0007007113 -0.01434861 -0.01581081 -0.0007007113 -0.01434861 -0.001310814 -0.0003389403 -0.01449851 -0.01581081 -0.0003389403 -0.01449851 -0.001310814 4.928873e-05 -0.01454961 -0.01581081 4.928873e-05 -0.01454961 -0.001310814 0.0004375177 -0.01449851 -0.01581081 0.0004375177 -0.01449851 -0.001310814 0.0007992887 -0.01434861 -0.01581081 0.0007992887 -0.01434861 -0.001310814 0.001109949 -0.01411031 -0.01581081 0.001109949 -0.01411031 -0.001310814 0.001348329 -0.01379961 -0.01581081 0.001348329 -0.01379961 -0.001310814 0.001498179 -0.01343781 -0.01581081 0.001498179 -0.01343781 -0.001310814 0.001549289 -0.01304961 -0.01581081 0.001549289 -0.01304961 -0.001310814 0.001498179 -0.01266141 -0.01581081 0.001498179 -0.01266141 -0.001310814 0.001348329 -0.01229961 -0.01581081 0.001348329 -0.01229961 -0.001310814 0.001109949 -0.01198891 -0.01581081 0.001109949 -0.01198891 -0.001310814 0.0007992887 -0.01175061 -0.01581081 0.0007992887 -0.01175061 -0.001310814 0.0004375177 -0.01160071 -0.01581081 0.0004375177 -0.01160071 -0.001310814 4.928873e-05 -0.01154961 -0.01581081 4.928873e-05 -0.01154961 -0.001310814 -0.0003389403 -0.01160071 -0.01581081 -0.0003389403 -0.01160071 -0.001310814 -0.0007007113 -0.01175061 -0.01581081 -0.0007007113 -0.01175061 -0.001310814 -0.001011371 -0.01198891 -0.01581081 -0.001011371 -0.01198891 -0.001310814 -0.001249751 -0.01229961 -0.01581081 -0.001249751 -0.01229961 -0.001310814 -0.001399601 -0.01266141 -0.01581081 -0.001399601 -0.01266141 -0.001310814 -0.01445071 -4.960665e-05 -0.01581081 -0.01445071 -4.960665e-05 -0.001310814 -0.01439961 -0.0004378356 -0.01581081 -0.01439961 -0.0004378356 -0.001310814 -0.01424971 -0.0007996066 -0.01581081 -0.01424971 -0.0007996066 -0.001310814 -0.01401141 -0.001110267 -0.01581081 -0.01401141 -0.001110267 -0.001310814 -0.01370071 -0.001348647 -0.01581081 -0.01370071 -0.001348647 -0.001310814 -0.01333891 -0.001498497 -0.01581081 -0.01333891 -0.001498497 -0.001310814 -0.01295071 -0.001549607 -0.01581081 -0.01295071 -0.001549607 -0.001310814 -0.01256251 -0.001498497 -0.01581081 -0.01256251 -0.001498497 -0.001310814 -0.01220071 -0.001348647 -0.01581081 -0.01220071 -0.001348647 -0.001310814 -0.01189001 -0.001110267 -0.01581081 -0.01189001 -0.001110267 -0.001310814 -0.01165171 -0.0007996066 -0.01581081 -0.01165171 -0.0007996066 -0.001310814 -0.01150181 -0.0004378356 -0.01581081 -0.01150181 -0.0004378356 -0.001310814 -0.01145071 -4.960665e-05 -0.01581081 -0.01145071 -4.960665e-05 -0.001310814 -0.01150181 0.0003386224 -0.01581081 -0.01150181 0.0003386224 -0.001310814 -0.01165171 0.0007003934 -0.01581081 -0.01165171 0.0007003934 -0.001310814 -0.01189001 0.001011053 -0.01581081 -0.01189001 0.001011053 -0.001310814 -0.01220071 0.001249433 -0.01581081 -0.01220071 0.001249433 -0.001310814 -0.01256251 0.001399283 -0.01581081 -0.01256251 0.001399283 -0.001310814 -0.01295071 0.001450393 -0.01581081 -0.01295071 0.001450393 -0.001310814 -0.01333891 0.001399283 -0.01581081 -0.01333891 0.001399283 -0.001310814 -0.01370071 0.001249433 -0.01581081 -0.01370071 0.001249433 -0.001310814 -0.01401141 0.001011053 -0.01581081 -0.01401141 0.001011053 -0.001310814 -0.01424971 0.0007003934 -0.01581081 -0.01424971 0.0007003934 -0.001310814 -0.01439961 0.0003386224 -0.01581081 -0.01439961 0.0003386224 -0.001310814 0.001348329 -0.01379961 -0.01581081 0.01175029 -0.0007996066 -0.01581081 0.001109949 -0.01411031 -0.01581081 0.01198859 -0.001110267 -0.01581081 0.01229929 -0.001348647 -0.01581081 0.001498179 -0.01343781 -0.01581081 0.001549289 -0.01304961 -0.01581081 0.001498179 -0.01266141 -0.01581081 -0.001249751 -0.01229961 -0.01581081 -0.001399601 -0.01266141 -0.01581081 -0.01944171 -0.01317781 -0.01581081 -0.001450711 -0.01304961 -0.01581081 -0.01775221 -0.01539091 -0.01581081 -0.001399601 -0.01343781 -0.01581081 -0.001249751 -0.01379961 -0.01581081 -0.01365071 -0.01914301 -0.01581081 -0.01581281 -0.01738871 -0.01581081 0.01449819 0.0003386224 -0.01581081 0.02317869 0.004107313 -0.01581081 0.02350799 0.001342543 -0.01581081 0.02155519 0.009423793 -0.01581081 0.01379929 0.001249433 -0.01581081 0.01343749 0.001399283 -0.01581081 0.01154929 -4.960665e-05 -0.01581081 -0.01295071 -0.001549607 -0.01581081 -0.01256251 -0.001498497 -0.01581081 0.001348329 -0.01229961 -0.01581081 0.001109949 -0.01198891 -0.01581081 0.01160039 -0.0004378356 -0.01581081 0.0007992887 -0.01175061 -0.01581081 -0.0003389403 -0.01160071 -0.01581081 4.928873e-05 -0.01154961 -0.01581081 0.0004375177 -0.01160071 -0.01581081 0.0007992887 -0.01434861 -0.01581081 0.004889789 -0.02304571 -0.01581081 0.0004375177 -0.01449851 -0.01581081 0.002135989 -0.02345681 -0.01581081 4.928873e-05 -0.01454961 -0.01581081 -0.0006470943 -0.02353931 -0.01581081 -0.0003389403 -0.01449851 -0.01581081 -0.003420401 -0.02329201 -0.01581081 -0.0007007113 -0.01434861 -0.01581081 -0.006145011 -0.02271851 -0.01581081 -0.001011371 -0.01411031 -0.01581081 -0.008782661 -0.02182681 -0.01581081 -0.01129631 -0.02062941 -0.01581081 0.01343749 -0.001498497 -0.01581081 0.01485639 -0.01829791 -0.01581081 0.01304929 -0.001549607 -0.01581081 0.01259409 -0.01992111 -0.01581081 0.01266109 -0.001498497 -0.01581081 0.01454929 -4.960665e-05 -0.01581081 0.02252469 0.006813723 -0.01581081 0.01434829 0.0007003934 -0.01581081 0.01410999 0.001011053 -0.01581081 0.01304929 0.001450393 -0.01581081 0.01266109 0.001399283 -0.01581081 -0.01150181 0.0003386224 -0.01581081 0.01229929 0.001249433 -0.01581081 0.01198859 0.001011053 -0.01581081 -0.01220071 -0.001348647 -0.01581081 -0.01189001 -0.001110267 -0.01581081 -0.01165171 -0.0007996066 -0.01581081 4.928873e-05 0.01145039 -0.01581081 0.0004375177 0.01150149 -0.01581081 -0.0007007113 -0.01175061 -0.01581081 -0.001011371 -0.01198891 -0.01581081 -0.01333891 -0.001498497 -0.01581081 -0.01370071 -0.001348647 -0.01581081 0.007575629 -0.02231181 -0.01581081 0.01015579 -0.02126531 -0.01581081 0.01379929 -0.001348647 -0.01581081 0.01872839 -0.01430941 -0.01581081 0.01691069 -0.01641851 -0.01581081 0.02354929 -4.960665e-05 -0.01581081 0.02350799 -0.001441757 -0.01581081 0.01449819 -0.0004378356 -0.01581081 0.02317869 -0.004206527 -0.01581081 0.01434829 -0.0007996066 -0.01581081 0.02252469 -0.006912937 -0.01581081 0.01410999 -0.001110267 -0.01581081 0.02155519 -0.009523007 -0.01581081 0.02028379 -0.01200011 -0.01581081 0.01175029 0.0007003934 -0.01581081 0.01160039 0.0003386224 -0.01581081 -0.01145071 -4.960665e-05 -0.01581081 -0.01150181 -0.0004378356 -0.01581081 0.0007992887 0.01165139 -0.01581081 0.001109949 0.01188969 -0.01581081 -0.01220071 0.001249433 -0.01581081 -0.001249751 0.01220039 -0.01581081 -0.01189001 0.001011053 -0.01581081 -0.001011371 0.01188969 -0.01581081 -0.01165171 0.0007003934 -0.01581081 -0.0007007113 0.01165139 -0.01581081 -0.0003389403 0.01150149 -0.01581081 0.0007992887 0.01424939 -0.01581081 0.007575629 0.02221259 -0.01581081 0.001109949 0.01401109 -0.01581081 0.01015579 0.02116609 -0.01581081 0.001348329 0.01370039 -0.01581081 -0.001249751 0.01370039 -0.01581081 -0.009378771 0.01636369 -0.01581081 -0.009681671 0.01675239 -0.01581081 -0.001450711 0.01295039 -0.01581081 -0.01493571 0.009136563 -0.01581081 -0.01446881 0.009294553 -0.01581081 -0.009562231 0.01405449 -0.01581081 -0.009294871 0.01446849 -0.01581081 -0.01401141 0.001011053 -0.01581081 -0.02085761 0.01068119 -0.01581081 -0.01370071 0.001249433 -0.01581081 -0.01972281 0.01265139 -0.01581081 -0.01675271 0.009681353 -0.01581081 -0.02085761 -0.01078041 -0.01581081 -0.01401141 -0.001110267 -0.01581081 -0.02198011 -0.008232347 -0.01581081 -0.01424971 -0.0007996066 -0.01581081 -0.02279321 -0.005569427 -0.01581081 -0.01439961 -0.0004378356 -0.01581081 -0.02328581 -0.002829027 -0.01581081 -0.01445071 -4.960665e-05 -0.01581081 -0.02345071 -4.960665e-05 -0.01581081 -0.01439961 0.0003386224 -0.01581081 -0.02328581 0.002729813 -0.01581081 -0.01424971 0.0007003934 -0.01581081 -0.02279321 0.005470213 -0.01581081 -0.02198011 0.008133133 -0.01581081 0.001348329 0.01220039 -0.01581081 0.001498179 0.01256219 -0.01581081 0.02028379 0.01190089 -0.01581081 0.001549289 0.01295039 -0.01581081 0.01872839 0.01421019 -0.01581081 0.001498179 0.01333859 -0.01581081 0.01259409 0.01982189 -0.01581081 0.01485639 0.01819869 -0.01581081 0.01691069 0.01631929 -0.01581081 -0.01265171 0.01972249 -0.01581081 -0.01129631 0.02053019 -0.01581081 -0.001011371 0.01401109 -0.01581081 -0.008782661 0.02172759 -0.01581081 -0.0007007113 0.01424939 -0.01581081 -0.006145011 0.02261929 -0.01581081 -0.0003389403 0.01439929 -0.01581081 -0.003420401 0.02319279 -0.01581081 4.928873e-05 0.01445039 -0.01581081 -0.0006470943 0.02344009 -0.01581081 0.0004375177 0.01439929 -0.01581081 0.002135989 0.02335759 -0.01581081 0.004889789 0.02294649 -0.01581081 -0.001399601 0.01333859 -0.01581081 -0.01636401 0.009378453 -0.01581081 -0.01591291 0.009179823 -0.01581081 -0.01333891 0.001399283 -0.01581081 -0.01542701 0.009097533 -0.01581081 -0.01295071 0.001450393 -0.01581081 -0.01256251 0.001399283 -0.01581081 -0.001399601 0.01256219 -0.01581081 -0.009136881 0.01493539 -0.01581081 -0.009097851 0.01542669 -0.01581081 -0.009180141 0.01591259 -0.01581081 -0.01405481 0.009561913 -0.01581081 -0.01371871 0.009922393 -0.01581081 -0.01258981 0.01131939 -0.01581081 -0.01131971 0.01258949 -0.01581081 -0.009922711 0.01371839 -0.01581081 -0.01145071 -4.960665e-05 -0.001310814 0.01304929 -0.001549607 -0.001310814 0.01266109 -0.001498497 -0.001310814 -0.01295071 0.001450393 -0.001310814 -0.01256251 0.001399283 -0.001310814 0.01175029 -0.0007996066 -0.001310814 -0.01220071 0.001249433 -0.001310814 -0.01189001 0.001011053 -0.001310814 -0.01165171 0.0007003934 -0.001310814 -0.01150181 0.0003386224 -0.001310814 0.01198859 -0.001110267 -0.001310814 0.01229929 -0.001348647 -0.001310814 0.01485639 -0.01829791 -0.001310814 0.001498179 -0.01343781 -0.001310814 0.001348329 -0.01379961 -0.001310814 0.001109949 0.01401109 -0.001310814 0.001348329 0.01370039 -0.001310814 0.01259409 0.01982189 -0.001310814 0.0007992887 -0.01434861 -0.001310814 0.007575629 -0.02231181 -0.001310814 0.001109949 -0.01411031 -0.001310814 0.01015579 -0.02126531 -0.001310814 0.01259409 -0.01992111 -0.001310814 0.01154929 -4.960665e-05 -0.001310814 0.0007992887 0.01165139 -0.001310814 0.01160039 -0.0004378356 -0.001310814 -0.01944171 -0.01317781 -0.001310814 -0.01370071 -0.001348647 -0.001310814 -0.02085761 -0.01078041 -0.001310814 -0.01401141 -0.001110267 -0.001310814 0.01454929 -4.960665e-05 -0.001310814 0.01449819 -0.0004378356 -0.001310814 0.02350799 -0.001441757 -0.001310814 0.01410999 -0.001110267 -0.001310814 0.02155519 -0.009523007 -0.001310814 0.01434829 -0.0007996066 -0.001310814 0.02252469 -0.006912937 -0.001310814 0.02317869 -0.004206527 -0.001310814 0.01691069 -0.01641851 -0.001310814 0.01872839 -0.01430941 -0.001310814 0.001549289 -0.01304961 -0.001310814 0.02028379 -0.01200011 -0.001310814 0.001498179 -0.01266141 -0.001310814 0.001348329 -0.01229961 -0.001310814 0.001549289 0.01295039 -0.001310814 0.001498179 0.01256219 -0.001310814 0.01266109 0.001399283 -0.001310814 0.001348329 0.01220039 -0.001310814 0.0004375177 -0.01160071 -0.001310814 4.928873e-05 -0.01154961 -0.001310814 -0.0003389403 -0.01160071 -0.001310814 -0.0007007113 -0.01175061 -0.001310814 0.01485639 0.01819869 -0.001310814 0.001498179 0.01333859 -0.001310814 0.01691069 0.01631929 -0.001310814 0.01872839 0.01421019 -0.001310814 0.02028379 0.01190089 -0.001310814 0.01304929 0.001450393 -0.001310814 0.01160039 0.0003386224 -0.001310814 0.01175029 0.0007003934 -0.001310814 0.001109949 0.01188969 -0.001310814 0.01198859 0.001011053 -0.001310814 0.01229929 0.001249433 -0.001310814 0.02354929 -4.960665e-05 -0.001310814 0.02350799 0.001342543 -0.001310814 0.01449819 0.0003386224 -0.001310814 0.02317869 0.004107313 -0.001310814 0.01434829 0.0007003934 -0.001310814 0.02252469 0.006813723 -0.001310814 0.01410999 0.001011053 -0.001310814 0.02155519 0.009423793 -0.001310814 0.01379929 0.001249433 -0.001310814 0.01343749 0.001399283 -0.001310814 0.0004375177 0.01150149 -0.001310814 4.928873e-05 0.01145039 -0.001310814 -0.0003389403 0.01150149 -0.001310814 0.01379929 -0.001348647 -0.001310814 0.01343749 -0.001498497 -0.001310814 0.001109949 -0.01198891 -0.001310814 0.0007992887 -0.01175061 -0.001310814 -0.01944171 0.01307859 -0.001310814 -0.001450711 0.01295039 -0.001310814 -0.01775221 0.01529169 -0.001310814 -0.001399601 0.01333859 -0.001310814 -0.001249751 0.01370039 -0.001310814 -0.01365071 0.01904379 -0.001310814 -0.01581281 0.01728949 -0.001310814 -0.001399601 -0.01343781 -0.001310814 -0.01365071 -0.01914301 -0.001310814 -0.001249751 -0.01379961 -0.001310814 -0.01129631 -0.02062941 -0.001310814 -0.001011371 -0.01411031 -0.001310814 -0.008782661 -0.02182681 -0.001310814 -0.0007007113 -0.01434861 -0.001310814 -0.006145011 -0.02271851 -0.001310814 -0.0003389403 -0.01449851 -0.001310814 -0.003420401 -0.02329201 -0.001310814 4.928873e-05 -0.01454961 -0.001310814 -0.0006470943 -0.02353931 -0.001310814 0.0004375177 -0.01449851 -0.001310814 0.002135989 -0.02345681 -0.001310814 0.004889789 -0.02304571 -0.001310814 -0.001249751 -0.01229961 -0.001310814 -0.01256251 -0.001498497 -0.001310814 -0.01295071 -0.001549607 -0.001310814 -0.01333891 0.001399283 -0.001310814 -0.01370071 0.001249433 -0.001310814 -0.02085761 0.01068119 -0.001310814 -0.01401141 0.001011053 -0.001310814 -0.02198011 0.008133133 -0.001310814 -0.01424971 0.0007003934 -0.001310814 -0.02279321 0.005470213 -0.001310814 -0.01439961 0.0003386224 -0.001310814 -0.02328581 0.002729813 -0.001310814 -0.01445071 -4.960665e-05 -0.001310814 -0.02345071 -4.960665e-05 -0.001310814 -0.01439961 -0.0004378356 -0.001310814 -0.02328581 -0.002829027 -0.001310814 -0.01424971 -0.0007996066 -0.001310814 -0.02279321 -0.005569427 -0.001310814 -0.02198011 -0.008232347 -0.001310814 -0.0007007113 0.01165139 -0.001310814 -0.001011371 0.01188969 -0.001310814 -0.001249751 0.01220039 -0.001310814 -0.001399601 0.01256219 -0.001310814 -0.01150181 -0.0004378356 -0.001310814 -0.01165171 -0.0007996066 -0.001310814 -0.001011371 -0.01198891 -0.001310814 -0.01189001 -0.001110267 -0.001310814 -0.01220071 -0.001348647 -0.001310814 -0.01333891 -0.001498497 -0.001310814 -0.001399601 -0.01266141 -0.001310814 -0.001450711 -0.01304961 -0.001310814 -0.01775221 -0.01539091 -0.001310814 -0.01581281 -0.01738871 -0.001310814 0.01015579 0.02116609 -0.001310814 0.007575629 0.02221259 -0.001310814 0.0007992887 0.01424939 -0.001310814 0.004889789 0.02294649 -0.001310814 0.0004375177 0.01439929 -0.001310814 0.002135989 0.02335759 -0.001310814 4.928873e-05 0.01445039 -0.001310814 -0.0006470943 0.02344009 -0.001310814 -0.0003389403 0.01439929 -0.001310814 -0.003420401 0.02319279 -0.001310814 -0.0007007113 0.01424939 -0.001310814 -0.006145011 0.02261929 -0.001310814 -0.001011371 0.01401109 -0.001310814 -0.008782661 0.02172759 -0.001310814 -0.01129631 0.02053019 -0.001310814 -0.01405481 0.009561913 -0.009810814 -0.01446881 0.009294553 -0.009810814 -0.01944171 0.01307859 -0.009810814 -0.009922711 0.01371839 -0.009810814 -0.01131971 0.01258949 -0.009810814 -0.01581281 0.01728949 -0.009810814 -0.01972281 0.01265139 -0.009810814 -0.01675271 0.009681353 -0.009810814 -0.01636401 0.009378453 -0.009810814 -0.01775221 0.01529169 -0.009810814 -0.01258981 0.01131939 -0.009810814 -0.01371871 0.009922393 -0.009810814 -0.01365071 0.01904379 -0.009810814 -0.01265171 0.01972249 -0.009810814 -0.009681671 0.01675239 -0.009810814 -0.01591291 0.009179823 -0.009810814 -0.01493571 0.009136563 -0.009810814 -0.01542701 0.009097533 -0.009810814 -0.009378771 0.01636369 -0.009810814 -0.009180141 0.01591259 -0.009810814 -0.009097851 0.01542669 -0.009810814 -0.009136881 0.01493539 -0.009810814 -0.009294871 0.01446849 -0.009810814 -0.009562231 0.01405449 -0.009810814 -0.009922711 0.01371839 -0.01581081 -0.009922711 0.01371839 -0.009810814 -0.009562231 0.01405449 -0.01581081 -0.009562231 0.01405449 -0.009810814 -0.009294871 0.01446849 -0.01581081 -0.009294871 0.01446849 -0.009810814 -0.009136881 0.01493539 -0.01581081 -0.009136881 0.01493539 -0.009810814 -0.009097851 0.01542669 -0.01581081 -0.009097851 0.01542669 -0.009810814 -0.009180141 0.01591259 -0.01581081 -0.009180141 0.01591259 -0.009810814 -0.009378771 0.01636369 -0.01581081 -0.009378771 0.01636369 -0.009810814 -0.009681671 0.01675239 -0.01581081 -0.009681671 0.01675239 -0.009810814 -0.01972281 0.01265139 -0.009810814 -0.01675271 0.009681353 -0.009810814 -0.01972281 0.01265139 -0.01581081 -0.01675271 0.009681353 -0.01581081 -0.01972281 0.01265139 -0.009810814 -0.01972281 0.01265139 -0.01581081 -0.02085761 0.01068119 -0.01581081 -0.01944171 0.01307859 -0.009810814 -0.02085761 0.01068119 -0.001310814 -0.01365071 0.01904379 -0.001310814 -0.01581281 0.01728949 -0.009810814 -0.01581281 0.01728949 -0.001310814 -0.01775221 0.01529169 -0.009810814 -0.01775221 0.01529169 -0.001310814 -0.01944171 0.01307859 -0.001310814 -0.01129631 0.02053019 -0.01581081 -0.01265171 0.01972249 -0.01581081 -0.01265171 0.01972249 -0.009810814 -0.02198011 0.008133133 -0.01581081 -0.02198011 0.008133133 -0.001310814 -0.02279321 0.005470213 -0.01581081 -0.02279321 0.005470213 -0.001310814 -0.02328581 0.002729813 -0.01581081 -0.02328581 0.002729813 -0.001310814 -0.02345071 -4.960665e-05 -0.01581081 -0.02345071 -4.960665e-05 -0.001310814 -0.02328581 -0.002829027 -0.01581081 -0.02328581 -0.002829027 -0.001310814 -0.02279321 -0.005569427 -0.01581081 -0.02279321 -0.005569427 -0.001310814 -0.02198011 -0.008232347 -0.01581081 -0.02198011 -0.008232347 -0.001310814 -0.02085761 -0.01078041 -0.01581081 -0.02085761 -0.01078041 -0.001310814 -0.01944171 -0.01317781 -0.01581081 -0.01944171 -0.01317781 -0.001310814 -0.01775221 -0.01539091 -0.01581081 -0.01775221 -0.01539091 -0.001310814 -0.01581281 -0.01738871 -0.01581081 -0.01581281 -0.01738871 -0.001310814 -0.01365071 -0.01914301 -0.01581081 -0.01365071 -0.01914301 -0.001310814 -0.01129631 -0.02062941 -0.01581081 -0.01129631 -0.02062941 -0.001310814 -0.008782661 -0.02182681 -0.01581081 -0.008782661 -0.02182681 -0.001310814 -0.006145011 -0.02271851 -0.01581081 -0.006145011 -0.02271851 -0.001310814 -0.003420401 -0.02329201 -0.01581081 -0.003420401 -0.02329201 -0.001310814 -0.0006470943 -0.02353931 -0.01581081 -0.0006470943 -0.02353931 -0.001310814 0.002135989 -0.02345681 -0.01581081 0.002135989 -0.02345681 -0.001310814 0.004889789 -0.02304571 -0.01581081 0.004889789 -0.02304571 -0.001310814 0.007575629 -0.02231181 -0.01581081 0.007575629 -0.02231181 -0.001310814 0.01015579 -0.02126531 -0.01581081 0.01015579 -0.02126531 -0.001310814 0.01259409 -0.01992111 -0.01581081 0.01259409 -0.01992111 -0.001310814 0.01485639 -0.01829791 -0.01581081 0.01485639 -0.01829791 -0.001310814 0.01691069 -0.01641851 -0.01581081 0.01691069 -0.01641851 -0.001310814 0.01872839 -0.01430941 -0.01581081 0.01872839 -0.01430941 -0.001310814 0.02028379 -0.01200011 -0.01581081 0.02028379 -0.01200011 -0.001310814 0.02155519 -0.009523007 -0.01581081 0.02155519 -0.009523007 -0.001310814 0.02252469 -0.006912937 -0.01581081 0.02252469 -0.006912937 -0.001310814 0.02317869 -0.004206527 -0.01581081 0.02317869 -0.004206527 -0.001310814 0.02350799 -0.001441757 -0.01581081 0.02350799 -0.001441757 -0.001310814 0.02354929 -4.960665e-05 -0.01581081 0.02354929 -4.960665e-05 -0.001310814 0.02350799 0.001342543 -0.01581081 0.02350799 0.001342543 -0.001310814 0.02317869 0.004107313 -0.01581081 0.02317869 0.004107313 -0.001310814 0.02252469 0.006813723 -0.01581081 0.02252469 0.006813723 -0.001310814 0.02155519 0.009423793 -0.01581081 0.02155519 0.009423793 -0.001310814 0.02028379 0.01190089 -0.01581081 0.02028379 0.01190089 -0.001310814 0.01872839 0.01421019 -0.01581081 0.01872839 0.01421019 -0.001310814 0.01691069 0.01631929 -0.01581081 0.01691069 0.01631929 -0.001310814 0.01485639 0.01819869 -0.01581081 0.01485639 0.01819869 -0.001310814 0.01259409 0.01982189 -0.01581081 0.01259409 0.01982189 -0.001310814 0.01015579 0.02116609 -0.01581081 0.01015579 0.02116609 -0.001310814 0.007575629 0.02221259 -0.01581081 0.007575629 0.02221259 -0.001310814 0.004889789 0.02294649 -0.01581081 0.004889789 0.02294649 -0.001310814 0.002135989 0.02335759 -0.01581081 0.002135989 0.02335759 -0.001310814 -0.0006470943 0.02344009 -0.01581081 -0.0006470943 0.02344009 -0.001310814 -0.003420401 0.02319279 -0.01581081 -0.003420401 0.02319279 -0.001310814 -0.006145011 0.02261929 -0.01581081 -0.006145011 0.02261929 -0.001310814 -0.008782661 0.02172759 -0.01581081 -0.008782661 0.02172759 -0.001310814 -0.01129631 0.02053019 -0.001310814 -0.01365071 0.01904379 -0.009810814 0.01154929 -4.960665e-05 -0.01581081 0.01154929 -4.960665e-05 -0.001310814 0.01160039 -0.0004378356 -0.01581081 0.01160039 -0.0004378356 -0.001310814 0.01175029 -0.0007996066 -0.01581081 0.01175029 -0.0007996066 -0.001310814 0.01198859 -0.001110267 -0.01581081 0.01198859 -0.001110267 -0.001310814 0.01229929 -0.001348647 -0.01581081 0.01229929 -0.001348647 -0.001310814 0.01266109 -0.001498497 -0.01581081 0.01266109 -0.001498497 -0.001310814 0.01304929 -0.001549607 -0.01581081 0.01304929 -0.001549607 -0.001310814 0.01343749 -0.001498497 -0.01581081 0.01343749 -0.001498497 -0.001310814 0.01379929 -0.001348647 -0.01581081 0.01379929 -0.001348647 -0.001310814 0.01410999 -0.001110267 -0.01581081 0.01410999 -0.001110267 -0.001310814 0.01434829 -0.0007996066 -0.01581081 0.01434829 -0.0007996066 -0.001310814 0.01449819 -0.0004378356 -0.01581081 0.01449819 -0.0004378356 -0.001310814 0.01454929 -4.960665e-05 -0.01581081 0.01454929 -4.960665e-05 -0.001310814 0.01449819 0.0003386224 -0.01581081 0.01449819 0.0003386224 -0.001310814 0.01434829 0.0007003934 -0.01581081 0.01434829 0.0007003934 -0.001310814 0.01410999 0.001011053 -0.01581081 0.01410999 0.001011053 -0.001310814 0.01379929 0.001249433 -0.01581081 0.01379929 0.001249433 -0.001310814 0.01343749 0.001399283 -0.01581081 0.01343749 0.001399283 -0.001310814 0.01304929 0.001450393 -0.01581081 0.01304929 0.001450393 -0.001310814 0.01266109 0.001399283 -0.01581081 0.01266109 0.001399283 -0.001310814 0.01229929 0.001249433 -0.01581081 0.01229929 0.001249433 -0.001310814 0.01198859 0.001011053 -0.01581081 0.01198859 0.001011053 -0.001310814 0.01175029 0.0007003934 -0.01581081 0.01175029 0.0007003934 -0.001310814 0.01160039 0.0003386224 -0.01581081 0.01160039 0.0003386224 -0.001310814 -0.01636401 0.009378453 -0.01581081 -0.01636401 0.009378453 -0.009810814 -0.01591291 0.009179823 -0.01581081 -0.01591291 0.009179823 -0.009810814 -0.01542701 0.009097533 -0.01581081 -0.01542701 0.009097533 -0.009810814 -0.01493571 0.009136563 -0.01581081 -0.01493571 0.009136563 -0.009810814 -0.01446881 0.009294553 -0.01581081 -0.01446881 0.009294553 -0.009810814 -0.01405481 0.009561913 -0.01581081 -0.01405481 0.009561913 -0.009810814 -0.01371871 0.009922393 -0.01581081 -0.01371871 0.009922393 -0.009810814 -0.01258981 0.01131939 -0.009810814 -0.01258981 0.01131939 -0.01581081 -0.01131971 0.01258949 -0.009810814 -0.01131971 0.01258949 -0.01581081 -0.001450711 0.01295039 -0.01581081 -0.001450711 0.01295039 -0.001310814 -0.001399601 0.01256219 -0.01581081 -0.001399601 0.01256219 -0.001310814 -0.001249751 0.01220039 -0.01581081 -0.001249751 0.01220039 -0.001310814 -0.001011371 0.01188969 -0.01581081 -0.001011371 0.01188969 -0.001310814 -0.0007007113 0.01165139 -0.01581081 -0.0007007113 0.01165139 -0.001310814 -0.0003389403 0.01150149 -0.01581081 -0.0003389403 0.01150149 -0.001310814 4.928873e-05 0.01145039 -0.01581081 4.928873e-05 0.01145039 -0.001310814 0.0004375177 0.01150149 -0.01581081 0.0004375177 0.01150149 -0.001310814 0.0007992887 0.01165139 -0.01581081 0.0007992887 0.01165139 -0.001310814 0.001109949 0.01188969 -0.01581081 0.001109949 0.01188969 -0.001310814 0.001348329 0.01220039 -0.01581081 0.001348329 0.01220039 -0.001310814 0.001498179 0.01256219 -0.01581081 0.001498179 0.01256219 -0.001310814 0.001549289 0.01295039 -0.01581081 0.001549289 0.01295039 -0.001310814 0.001498179 0.01333859 -0.01581081 0.001498179 0.01333859 -0.001310814 0.001348329 0.01370039 -0.01581081 0.001348329 0.01370039 -0.001310814 0.001109949 0.01401109 -0.01581081 0.001109949 0.01401109 -0.001310814 0.0007992887 0.01424939 -0.01581081 0.0007992887 0.01424939 -0.001310814 0.0004375177 0.01439929 -0.01581081 0.0004375177 0.01439929 -0.001310814 4.928873e-05 0.01445039 -0.01581081 4.928873e-05 0.01445039 -0.001310814 -0.0003389403 0.01439929 -0.01581081 -0.0003389403 0.01439929 -0.001310814 -0.0007007113 0.01424939 -0.01581081 -0.0007007113 0.01424939 -0.001310814 -0.001011371 0.01401109 -0.01581081 -0.001011371 0.01401109 -0.001310814 -0.001249751 0.01370039 -0.01581081 -0.001249751 0.01370039 -0.001310814 -0.001399601 0.01333859 -0.01581081 -0.001399601 0.01333859 -0.001310814 -0.01265171 0.01972249 -0.009810814 -0.01265171 0.01972249 -0.01581081</float_array>
          <technique_common>
            <accessor count="1508" source="#verts-array-array" stride="3">
              <param type="float" name="X"/>
              <param type="float" name="Y"/>
              <param type="float" name="Z"/>
            </accessor>
          </technique_common>
        </source>
        <source id="normals-array">
          <float_array count="4524" id="normals-array-array">-0.7019442 -0.08524175 0.7071125 -0.7071074 -1.053194e-06 0.7071062 -0.7071074 -9.576361e-07 0.7071062 -0.701954 0.08523264 0.707104 -0.7019559 0.08523416 0.7071019 -0.6865706 0.1692292 0.7070943 -0.6865709 0.1692297 0.7070939 -0.6611655 0.2507391 0.7070997 -0.6611662 0.2507409 0.7070985 -0.6261244 0.3286262 0.7070877 -0.6261246 0.3286259 0.7070877 -0.5819458 0.4016889 0.7070963 -0.5819461 0.4016842 0.7070986 -0.5292863 0.4689006 0.7070985 -0.5292863 0.4689003 0.7070986 -0.4689007 0.529286 0.7070986 -0.4689006 0.5292863 0.7070985 -0.4016905 0.5819418 0.7070986 -0.4016883 0.5819462 0.7070962 -0.3286192 0.6261282 0.7070876 -0.3286194 0.6261279 0.7070878 -0.2507451 0.6611646 0.7070985 -0.2507455 0.6611631 0.7070997 -0.1692184 0.6865737 0.7070939 -0.1692208 0.6865698 0.707097 -0.128016 0.6960907 0.7064486 -0.08524175 0.7019442 0.7071125 -0.1692222 -0.6865684 0.7070981 -0.2507391 -0.6611655 0.7070997 -0.2507409 -0.6611662 0.7070985 -0.3286262 -0.6261244 0.7070877 -0.3286259 -0.6261246 0.7070877 -0.4016889 -0.5819458 0.7070963 -0.4016842 -0.5819461 0.7070986 -0.4689006 -0.5292863 0.7070985 -0.4689003 -0.5292863 0.7070986 -0.529286 -0.4689007 0.7070986 -0.5292863 -0.4689006 0.7070985 -0.5819418 -0.4016905 0.7070986 -0.5819462 -0.4016883 0.7070962 -0.6261282 -0.3286192 0.7070876 -0.6261279 -0.3286194 0.7070878 -0.6611646 -0.2507451 0.7070985 -0.6611631 -0.2507455 0.7070997 -0.6865737 -0.1692184 0.7070939 -0.6865698 -0.1692208 0.707097 -0.6960907 -0.128016 0.7064486 -0.7018984 -0.08569487 0.7071033 0.6865684 -0.1692222 0.7070981 0.6611655 -0.2507391 0.7070997 0.6611662 -0.2507409 0.7070985 0.6261244 -0.3286262 0.7070877 0.6261246 -0.3286259 0.7070877 0.5819458 -0.4016889 0.7070963 0.5819461 -0.4016842 0.7070986 0.5292863 -0.4689006 0.7070985 0.5292863 -0.4689003 0.7070986 0.4689007 -0.529286 0.7070986 0.4689006 -0.5292863 0.7070985 0.4016905 -0.5819418 0.7070986 0.4016883 -0.5819462 0.7070962 0.3286192 -0.6261282 0.7070876 0.3286194 -0.6261279 0.7070878 0.2507451 -0.6611646 0.7070985 0.2507455 -0.6611631 0.7070997 0.1692249 -0.6865721 0.7070939 0.1692257 -0.6865714 0.7070943 0.08523444 -0.7019558 0.7071019 0.08523532 -0.7019536 0.707104 1.053194e-06 -0.7071074 0.7071062 9.576361e-07 -0.7071074 0.7071062 -0.08569584 -0.7018976 0.7071039 -0.08524277 -0.7019447 0.7071119 -0.128016 -0.6960907 0.7064486 -0.1692205 -0.6865743 0.7070928 -0.08569487 0.7018984 0.7071033 -1.053194e-06 0.7071074 0.7071062 -9.576361e-07 0.7071074 0.7071062 0.08523264 0.701954 0.707104 0.08523416 0.7019559 0.7071019 0.1692292 0.6865706 0.7070943 0.1692297 0.6865709 0.7070939 0.2507391 0.6611655 0.7070997 0.2507409 0.6611662 0.7070985 0.3286262 0.6261244 0.7070877 0.3286259 0.6261246 0.7070877 0.4016889 0.5819458 0.7070963 0.4016842 0.5819461 0.7070986 0.4689006 0.5292863 0.7070985 0.4689003 0.5292863 0.7070986 0.529286 0.4689007 0.7070986 0.5292863 0.4689006 0.7070985 0.5819418 0.4016905 0.7070986 0.5819462 0.4016883 0.7070962 0.6261282 0.3286192 0.7070876 0.6261279 0.3286194 0.7070878 0.6611646 0.2507451 0.7070985 0.6611631 0.2507455 0.7070997 0.6865721 0.1692249 0.7070939 0.6865714 0.1692257 0.7070943 0.7019558 0.08523444 0.7071019 0.7019536 0.08523532 0.707104 0.7071074 1.053194e-06 0.7071062 0.7071074 9.576361e-07 0.7071062 0.7018976 -0.08569584 0.7071039 0.7019447 -0.08524277 0.7071119 0.6960907 -0.128016 0.7064486 0.6865743 -0.1692205 0.7070928 -1 1.127813e-16 0 -1 1.158445e-16 0 -0.9659255 -0.2588203 0 -0.9659255 -0.2588203 0 -0.8660267 -0.4999978 0 -0.8660267 -0.4999978 0 -0.7071068 -0.7071068 0 -0.7071068 -0.7071068 0 -0.4999978 -0.8660267 0 -0.4999978 -0.8660267 0 -0.2588203 -0.9659255 0 -0.2588203 -0.9659255 0 -1.514889e-16 -1 0 -1.425778e-16 -1 0 0.2588203 -0.9659255 0 0.2588203 -0.9659255 0 0.4999981 -0.8660265 0 0.4999981 -0.8660265 0 0.6087551 -0.7933582 0 0.6087551 -0.7933582 0 0.7071044 -0.7071091 0 0.7071044 -0.7071091 0 0.8660267 -0.4999978 0 0.8660267 -0.4999978 0 0.9659255 -0.2588203 0 0.9659255 -0.2588203 0 1 -3.11889e-16 0 1 -3.11889e-16 0 0.9659255 0.2588203 0 0.9659255 0.2588203 0 0.8660265 0.4999981 0 0.8660265 0.4999981 0 0.7933582 0.6087551 0 0.7933582 0.6087551 0 0.7071068 0.7071068 0 0.7071068 0.7071068 0 0.6087551 0.7933582 0 0.6087551 0.7933582 0 0.4999981 0.8660265 0 0.4999981 0.8660265 0 0.2588203 0.9659255 0 0.2588203 0.9659255 0 5.614001e-16 1 0 5.614001e-16 1 0 -0.2588203 0.9659255 0 -0.2588203 0.9659255 0 -0.4999978 0.8660267 0 -0.4999978 0.8660267 0 -0.7071091 0.7071044 0 -0.7071091 0.7071044 0 -0.7933582 0.6087551 0 -0.7933582 0.6087551 0 -0.8660265 0.4999981 0 -0.8660265 0.4999981 0 -0.9659255 0.2588203 0 -0.9659255 0.2588203 0 -1 2.930922e-16 0 -1 2.940669e-16 0 -0.9659288 -0.2588079 0 -0.9659288 -0.2588079 0 -0.8660472 -0.4999623 0 -0.8660472 -0.4999623 0 -0.7070715 -0.7071421 0 -0.7070715 -0.7071421 0 -0.4999824 -0.8660356 0 -0.4999824 -0.8660356 0 -0.2588617 -0.9659144 0 -0.2588617 -0.9659144 0 -1.336661e-16 -1 0 -1.425772e-16 -1 0 0.2588617 -0.9659144 0 0.2588617 -0.9659144 0 0.4999824 -0.8660356 0 0.4999824 -0.8660356 0 0.7070715 -0.7071421 0 0.7070715 -0.7071421 0 0.8660472 -0.4999623 0 0.8660472 -0.4999623 0 0.9659288 -0.2588079 0 0.9659288 -0.2588079 0 1 2.940669e-16 0 1 2.940669e-16 0 0.9659288 0.2588079 0 0.9659288 0.2588079 0 0.8660472 0.4999623 0 0.8660472 0.4999623 0 0.7070715 0.7071421 0 0.7070715 0.7071421 0 0.4999824 0.8660356 0 0.4999824 0.8660356 0 0.2588617 0.9659144 0 0.2588617 0.9659144 0 5.524867e-16 1 0 5.613978e-16 1 0 -0.2588617 0.9659144 0 -0.2588617 0.9659144 0 -0.4999824 0.8660356 0 -0.4999824 0.8660356 0 -0.7070715 0.7071421 0 -0.7070715 0.7071421 0 -0.8660472 0.4999623 0 -0.8660472 0.4999623 0 -0.9659288 0.2588079 0 -0.9659288 0.2588079 0 8.054173e-08 -1 1.144423e-07 0.1205421 -0.9927082 0 0.1205421 -0.9927082 0 0.23932 -0.9709407 0 0.23932 -0.9709407 0 0.3546017 -0.9350174 0 0.3546017 -0.9350174 0 0.4647302 -0.8854523 0 0.4647302 -0.8854523 0 0.5680617 -0.822986 0 0.5680617 -0.822986 0 0.6631176 -0.7485152 0 0.6631176 -0.7485152 0 0.7485152 -0.6631176 0 0.7485152 -0.6631176 0 0.822986 -0.5680617 0 0.822986 -0.5680617 0 0.8854523 -0.4647302 0 0.8854523 -0.4647302 0 0.9350174 -0.3546017 0 0.9350174 -0.3546017 0 0.9709407 -0.23932 0 0.9709407 -0.23932 0 0.9927051 -0.1205674 0 0.9927082 -0.1205422 1.275068e-07 0.9981749 -0.06038863 1.385585e-08 1 8.054173e-08 1.144423e-07 -0.9927082 -0.1205422 1.275068e-07 -0.9709407 -0.23932 0 -0.9709407 -0.23932 0 -0.9350174 -0.3546017 0 -0.9350174 -0.3546017 0 -0.8854523 -0.4647302 0 -0.8854523 -0.4647302 0 -0.822986 -0.5680617 0 -0.822986 -0.5680617 0 -0.7485152 -0.6631176 0 -0.7485152 -0.6631176 0 -0.6631176 -0.7485152 0 -0.6631176 -0.7485152 0 -0.5680617 -0.822986 0 -0.5680617 -0.822986 0 -0.4647302 -0.8854523 0 -0.4647302 -0.8854523 0 -0.3546017 -0.9350174 0 -0.3546017 -0.9350174 0 -0.23932 -0.9709407 0 -0.23932 -0.9709407 0 -0.1205674 -0.9927051 0 -0.1205422 -0.9927082 1.275068e-07 -0.06038863 -0.9981749 1.385585e-08 7.646935e-07 -1 0 -0.1205422 0.9927082 1.275068e-07 -0.23932 0.9709407 0 -0.23932 0.9709407 0 -0.3546017 0.9350174 0 -0.3546017 0.9350174 0 -0.4647302 0.8854523 0 -0.4647302 0.8854523 0 -0.5680617 0.822986 0 -0.5680617 0.822986 0 -0.6631176 0.7485152 0 -0.6631176 0.7485152 0 -0.7485152 0.6631176 0 -0.7485152 0.6631176 0 -0.822986 0.5680617 0 -0.822986 0.5680617 0 -0.8854523 0.4647302 0 -0.8854523 0.4647302 0 -0.9350174 0.3546017 0 -0.9350174 0.3546017 0 -0.9709407 0.23932 0 -0.9709407 0.23932 0 -0.9927082 0.1205421 0 -0.9927082 0.1205421 0 -1 7.646935e-07 0 -1 8.054173e-08 1.144423e-07 -0.9981749 -0.06038863 1.385585e-08 -0.9927051 -0.1205674 0 1 7.646935e-07 0 0.9927082 0.1205421 0 0.9927082 0.1205421 0 0.9709407 0.23932 0 0.9709407 0.23932 0 0.9350174 0.3546017 0 0.9350174 0.3546017 0 0.8854523 0.4647302 0 0.8854523 0.4647302 0 0.822986 0.5680617 0 0.822986 0.5680617 0 0.7485152 0.6631176 0 0.7485152 0.6631176 0 0.6631176 0.7485152 0 0.6631176 0.7485152 0 0.5680617 0.822986 0 0.5680617 0.822986 0 0.4647302 0.8854523 0 0.4647302 0.8854523 0 0.3546017 0.9350174 0 0.3546017 0.9350174 0 0.23932 0.9709407 0 0.23932 0.9709407 0 0.1205421 0.9927082 0 0.1205421 0.9927082 0 7.646935e-07 1 0 8.054173e-08 1 1.144423e-07 -0.06038863 0.9981749 1.385585e-08 -0.1205674 0.9927051 0 -1 -2.903075e-16 0 -1 -2.940669e-16 0 -0.9659288 -0.2588079 0 -0.9659288 -0.2588079 0 -0.8660472 -0.4999623 0 -0.8660472 -0.4999623 0 -0.7070715 -0.7071421 0 -0.7070715 -0.7071421 0 -0.4999824 -0.8660356 0 -0.4999824 -0.8660356 0 -0.2588617 -0.9659144 0 -0.2588617 -0.9659144 0 4.811981e-16 -1 0 4.72287e-16 -1 0 0.2588617 -0.9659144 0 0.2588617 -0.9659144 0 0.4999824 -0.8660356 0 0.4999824 -0.8660356 0 0.7070715 -0.7071421 0 0.7070715 -0.7071421 0 0.8660472 -0.4999623 0 0.8660472 -0.4999623 0 0.9659288 -0.2588079 0 0.9659288 -0.2588079 0 1 -2.940669e-16 0 1 -2.940669e-16 0 0.9659288 0.2588079 0 0.9659288 0.2588079 0 0.8660472 0.4999623 0 0.8660472 0.4999623 0 0.7070715 0.7071421 0 0.7070715 0.7071421 0 0.4999824 0.8660356 0 0.4999824 0.8660356 0 0.2588617 0.9659144 0 0.2588617 0.9659144 0 1.15844e-15 1 0 1.167351e-15 1 0 -0.2588617 0.9659144 0 -0.2588617 0.9659144 0 -0.4999824 0.8660356 0 -0.4999824 0.8660356 0 -0.7070715 0.7071421 0 -0.7070715 0.7071421 0 -0.8660472 0.4999623 0 -0.8660472 0.4999623 0 -0.9659288 0.2588079 0 -0.9659288 0.2588079 0 0 0 1 0 0 1 0 0 1 0 0 1 0 0 1 0 0 1 0 0 1 0 0 1 0 0 1 0 0 1 0 0 1 0 0 1 0 0 1 0 0 1 0 0 1 0 0 1 0 0 1 0 0 1 0 0 1 0 0 1 0 0 1 0 0 1 0 0 1 0 0 1 0 0 1 0 0 1 0 0 1 0 0 1 0 0 1 0 0 1 0 0 1 0 0 1 0 0 1 0 0 1 0 0 1 0 0 1 0 0 1 0 0 1 0 0 1 0 0 1 0 0 1 0 0 1 0 0 1 0 0 1 0 0 1 0 0 1 0 0 1 0 0 1 0 0 1 0 0 1 0 0 1 0 0 1 0 0 1 0 0 1 0 0 1 0 0 1 0 0 1 0 0 1 0 0 1 0 0 1 0 0 1 0 0 1 0 0 1 0 0 1 0 0 1 0 0 1 0 0 1 0 0 1 0 0 1 0 0 1 0 0 1 0 0 1 0 0 1 0 0 1 0 0 1 0 0 1 0 0 1 0 0 1 0 0 1 0 0 1 0 0 1 0 0 1 0 0 1 0 0 1 0 0 1 0 0 1 0 0 1 0 0 1 0 0 1 0 0 1 0 0 1 0 0 1 0 0 1 0 0 1 0 0 1 0 0 1 0 0 1 0 0 1 0 0 1 0 0 1 0 0 1 0 0 1 0 0 1 0 0 1 0 0 1 0 0 1 0 0 1 0 0 1 0 0 1 0 0 1 0 0 1 0 0 1 0 0 1 0 0 1 0 0 1 0 0 1 0 0 1 0 0 1 0 0 1 0 0 1 0 0 1 0 0 1 0 0 1 0 0 1 0 0 1 0 0 1 0 0 1 0 0 1 0 0 1 0 0 1 0 0 1 0 0 1 0 0 1 0 0 1 0 0 1 0 0 1 0 0 1 0 0 1 0 0 1 0 0 1 0 0 1 0 0 1 0 0 1 0 0 1 0 0 1 0 0 1 0 0 1 0 0 1 0 0 1 0 0 1 0 0 1 0 0 1 0 0 1 0 0 1 0 0 1 0 0 1 0 0 1 0 0 1 0 0 1 0 0 1 0 0 1 0 0 1 0 0 1 0 0 1 0 0 1 0 0 1 0 0 1 0 0 1 0 0 1 0 0 1 0 0 1 0 0 1 0 0 1 0 0 1 0 0 1 0 0 1 0 0 1 0 0 1 0 0 1 0 0 1 -1 1.244905e-15 0 -1 1.247551e-15 0 -0.9659144 -0.2588617 0 -0.9659144 -0.2588617 0 -0.8660356 -0.4999824 0 -0.8660356 -0.4999824 0 -0.7071421 -0.7070715 0 -0.7071421 -0.7070715 0 -0.4999623 -0.8660472 0 -0.4999623 -0.8660472 0 -0.2588079 -0.9659288 0 -0.2588079 -0.9659288 0 -2.940669e-16 -1 0 -2.940669e-16 -1 0 0.2588079 -0.9659288 0 0.2588079 -0.9659288 0 0.4999623 -0.8660472 0 0.4999623 -0.8660472 0 0.7071421 -0.7070715 0 0.7071421 -0.7070715 0 0.8660356 -0.4999824 0 0.8660356 -0.4999824 0 0.9659144 -0.2588617 0 0.9659144 -0.2588617 0 1 8.376412e-16 0 1 8.376412e-16 0 0.9659144 0.2588617 0 0.9659144 0.2588617 0 0.8660356 0.4999824 0 0.8660356 0.4999824 0 0.7071421 0.7070715 0 0.7071421 0.7070715 0 0.4999623 0.8660472 0 0.4999623 0.8660472 0 0.2588079 0.9659288 0 0.2588079 0.9659288 0 -2.940669e-16 1 0 -2.940669e-16 1 0 -0.2588079 0.9659288 0 -0.2588079 0.9659288 0 -0.4999623 0.8660472 0 -0.4999623 0.8660472 0 -0.7071421 0.7070715 0 -0.7071421 0.7070715 0 -0.8660356 0.4999824 0 -0.8660356 0.4999824 0 -0.9659144 0.2588617 0 -0.9659144 0.2588617 0 0 0 -1 0 0 -1 0 0 -1 0 0 -1 0 0 -1 0 0 -1 0 0 -1 0 0 -1 0 0 -1 0 0 -1 0 0 -1 0 0 -1 0 0 -1 0 0 -1 0 0 -1 0 0 -1 0 0 -1 0 0 -1 0 0 -1 0 0 -1 0 0 -1 0 0 -1 0 0 -1 0 0 -1 0 0 -1 0 0 -1 0 0 -1 0 0 -1 0 0 -1 0 0 -1 0 0 -1 0 0 -1 0 0 -1 0 0 -1 0 0 -1 0 0 -1 0 0 -1 0 0 -1 0 0 -1 0 0 -1 0 0 -1 0 0 -1 0 0 -1 0 0 -1 0 0 -1 0 0 -1 0 0 -1 0 0 -1 0 0 -1 0 0 -1 0 0 -1 0 0 -1 0 0 -1 0 0 -1 0 0 -1 0 0 -1 0 0 -1 0 0 -1 0 0 -1 0 0 -1 0 0 -1 0 0 -1 0 0 -1 0 0 -1 0 0 -1 0 0 -1 0 0 -1 0 0 -1 0 0 -1 0 0 -1 0 0 -1 0 0 -1 0 0 -1 0 0 -1 0 0 -1 0 0 -1 0 0 -1 0 0 -1 0 0 -1 0 0 -1 0 0 -1 0 0 -1 0 0 -1 0 0 -1 0 0 -1 0 0 -1 0 0 -1 0 0 -1 0 0 -1 0 0 -1 0 0 -1 0 0 -1 0 0 -1 0 0 -1 0 0 -1 0 0 -1 0 0 -1 0 0 -1 0 0 -1 0 0 -1 0 0 -1 0 0 -1 0 0 -1 0 0 -1 0 0 -1 0 0 -1 0 0 -1 0 0 -1 0 0 -1 0 0 -1 0 0 -1 0 0 -1 0 0 -1 0 0 -1 0 0 -1 0 0 -1 0 0 -1 0 0 -1 0 0 -1 0 0 -1 0 0 -1 0 0 -1 0 0 -1 0 0 -1 0 0 -1 0 0 -1 0 0 -1 0 0 -1 0 0 -1 0 0 -1 0 0 -1 0 0 -1 0 0 -1 0 0 -1 0 0 -1 0 0 -1 0 0 -1 0 0 -1 0 0 -1 0 0 -1 0 0 -1 0 0 -1 0 0 -1 0 0 -1 0 0 -1 0 0 -1 0 0 -1 0 0 -1 0 0 -1 0 0 -1 0 0 -1 0 0 -1 0 0 -1 0 0 -1 0 0 -1 0 0 -1 0 0 -1 0 0 -1 0 0 -1 0 0 -1 0 0 -1 0 0 -1 0 0 -1 0 0 -1 0 0 -1 0 0 -1 0 0 -1 0 0 -1 0 0 -1 0 0 -1 0 0 -1 0 0 -1 0 0 -1 0 0 -1 0 0 -1 0 0 -1 0 0 -1 0 0 -1 0 0 -1 0 0 -1 -1 1.240589e-15 0 -1 1.247551e-15 0 -0.9659144 -0.2588617 0 -0.9659144 -0.2588617 0 -0.8660356 -0.4999824 0 -0.8660356 -0.4999824 0 -0.7071421 -0.7070715 0 -0.7071421 -0.7070715 0 -0.4999623 -0.8660472 0 -0.4999623 -0.8660472 0 -0.2588079 -0.9659288 0 -0.2588079 -0.9659288 0 2.940669e-16 -1 0 2.940669e-16 -1 0 0.2588079 -0.9659288 0 0.2588079 -0.9659288 0 0.4999623 -0.8660472 0 0.4999623 -0.8660472 0 0.7071421 -0.7070715 0 0.7071421 -0.7070715 0 0.8660356 -0.4999824 0 0.8660356 -0.4999824 0 0.9659144 -0.2588617 0 0.9659144 -0.2588617 0 1 8.465522e-16 0 1 8.376412e-16 0 0.9659144 0.2588617 0 0.9659144 0.2588617 0 0.8660356 0.4999824 0 0.8660356 0.4999824 0 0.7071421 0.7070715 0 0.7071421 0.7070715 0 0.4999623 0.8660472 0 0.4999623 0.8660472 0 0.2588079 0.9659288 0 0.2588079 0.9659288 0 2.940669e-16 1 0 2.940669e-16 1 0 -0.2588079 0.9659288 0 -0.2588079 0.9659288 0 -0.4999623 0.8660472 0 -0.4999623 0.8660472 0 -0.7071421 0.7070715 0 -0.7071421 0.7070715 0 -0.8660356 0.4999824 0 -0.8660356 0.4999824 0 -0.9659144 0.2588617 0 -0.9659144 0.2588617 0 1 2.896113e-16 0 1 2.940669e-16 0 0.9659288 0.2588079 0 0.9659288 0.2588079 0 0.8660472 0.4999623 0 0.8660472 0.4999623 0 0.7070715 0.7071421 0 0.7070715 0.7071421 0 0.4999824 0.8660356 0 0.4999824 0.8660356 0 0.2588617 0.9659144 0 0.2588617 0.9659144 7.738227e-18 -4.009984e-16 1 -7.738123e-18 2.227769e-16 1 7.738123e-18 -0.2588617 0.9659144 -7.738227e-18 -0.2588617 0.9659144 0 -0.4999824 0.8660356 0 -0.4999824 0.8660356 0 -0.7070715 0.7071421 0 -0.7070715 0.7071421 0 -0.8660472 0.4999623 0 -0.8660472 0.4999623 0 -0.9659288 0.2588079 0 -0.9659288 0.2588079 0 -1 2.940669e-16 0 -1 2.940669e-16 0 -0.9659288 -0.2588079 0 -0.9659288 -0.2588079 0 -0.8660472 -0.4999623 0 -0.8660472 -0.4999623 0 -0.7070715 -0.7071421 0 -0.7070715 -0.7071421 0 -0.4999824 -0.8660356 0 -0.4999824 -0.8660356 0 -0.2588617 -0.9659144 0 -0.2588617 -0.9659144 -7.738227e-18 -1.060418e-15 -1 7.738123e-18 -4.811981e-16 -1 -7.738123e-18 0.2588617 -0.9659144 7.738227e-18 0.2588617 -0.9659144 0 0.4999824 -0.8660356 0 0.4999824 -0.8660356 0 0.7070715 -0.7071421 0 0.7070715 -0.7071421 0 0.8660472 -0.4999623 0 0.8660472 -0.4999623 0 0.9659288 -0.2588079 0 0.9659288 -0.2588079 0 1 8.542102e-16 0 1 8.554633e-16 0 0.9659144 0.2588617 0 0.9659144 0.2588617 0 0.8660356 0.4999824 0 0.8660356 0.4999824 0 0.7071421 0.7070715 0 0.7071421 0.7070715 0 0.4999623 0.8660472 0 0.4999623 0.8660472 0 0.2588079 0.9659288 0 0.2588079 0.9659288 0 2.940669e-16 1 0 2.940669e-16 1 0 -0.2588079 0.9659288 0 -0.2588079 0.9659288 0 -0.4999623 0.8660472 0 -0.4999623 0.8660472 0 -0.7071421 0.7070715 0 -0.7071421 0.7070715 0 -0.8660356 0.4999824 0 -0.8660356 0.4999824 0 -0.9659144 0.2588617 0 -0.9659144 0.2588617 0 -1 1.23864e-15 0 -1 1.247551e-15 0 -0.9659144 -0.2588617 0 -0.9659144 -0.2588617 0 -0.8660356 -0.4999824 0 -0.8660356 -0.4999824 0 -0.7071421 -0.7070715 0 -0.7071421 -0.7070715 0 -0.4999623 -0.8660472 0 -0.4999623 -0.8660472 0 -0.2588079 -0.9659288 0 -0.2588079 -0.9659288 0 2.940669e-16 -1 0 2.940669e-16 -1 0 0.2588079 -0.9659288 0 0.2588079 -0.9659288 0 0.4999623 -0.8660472 0 0.4999623 -0.8660472 0 0.7071421 -0.7070715 0 0.7071421 -0.7070715 0 0.8660356 -0.4999824 0 0.8660356 -0.4999824 0 0.9659144 -0.2588617 0 0.9659144 -0.2588617 0 0 0 -1 0 0 -1 0 0 -1 0 0 -1 0 0 -1 0 0 -1 0 0 -1 0 0 -1 0 0 -1 0 0 -1 0 0 -1 0 0 -1 0 0 -1 0 0 -1 0 0 -1 0 0 -1 0 0 -1 0 0 -1 0 0 -1 0 0 -1 0 0 -1 0 0 -1 0 0 -1 0 0 -1 0 0 -1 0 0 -1 0 0 -1 0 0 -1 0 0 -1 0 0 -1 0 0 -1 0 0 -1 0 0 -1 0 0 -1 0 0 -1 0 0 -1 0 0 -1 0 0 -1 0 0 -1 0 0 -1 0 0 -1 0 0 -1 0 0 -1 0 0 -1 0 0 -1 0 0 -1 0 0 -1 0 0 -1 0 0 -1 0 0 -1 0 0 -1 0 0 -1 0 0 -1 0 0 -1 0 0 -1 0 0 -1 0 0 -1 0 0 -1 0 0 -1 0 0 -1 0 0 -1 0 0 -1 0 0 -1 0 0 -1 0 0 -1 0 0 -1 0 0 -1 0 0 -1 0 0 -1 0 0 -1 0 0 -1 0 0 -1 0 0 -1 0 0 -1 0 0 -1 0 0 -1 0 0 -1 0 0 -1 0 0 -1 0 0 -1 0 0 -1 0 0 -1 0 0 -1 0 0 -1 0 0 -1 0 0 -1 0 0 -1 0 0 -1 0 0 -1 0 0 -1 0 0 -1 0 0 -1 0 0 -1 0 0 -1 0 0 -1 0 0 -1 0 0 -1 0 0 -1 0 0 -1 0 0 -1 0 0 -1 0 0 -1 0 0 -1 0 0 -1 0 0 -1 0 0 -1 0 0 -1 0 0 -1 0 0 -1 0 0 -1 0 0 -1 0 0 -1 0 0 -1 0 0 -1 0 0 -1 0 0 -1 0 0 -1 0 0 -1 0 0 -1 0 0 -1 0 0 -1 0 0 -1 0 0 -1 0 0 -1 0 0 -1 0 0 -1 0 0 -1 0 0 -1 0 0 -1 0 0 -1 0 0 -1 0 0 -1 0 0 -1 0 0 -1 0 0 -1 0 0 -1 0 0 -1 0 0 -1 0 0 -1 0 0 -1 0 0 -1 0 0 -1 0 0 -1 0 0 -1 0 0 -1 0 0 -1 0 0 -1 0 0 -1 0 0 -1 0 0 -1 0 0 -1 0 0 -1 0 0 -1 0 0 -1 0 0 -1 0 0 -1 0 0 -1 0 0 -1 0 0 -1 0 0 -1 0 0 -1 0 0 -1 0 0 -1 0 0 -1 0 0 -1 0 0 -1 0 0 1 0 0 1 0 0 1 0 0 1 0 0 1 0 0 1 0 0 1 0 0 1 0 0 1 0 0 1 0 0 1 0 0 1 0 0 1 0 0 1 0 0 1 0 0 1 0 0 1 0 0 1 0 0 1 0 0 1 0 0 1 0 0 1 0 0 1 0 0 1 0 0 1 0 0 1 0 0 1 0 0 1 0 0 1 0 0 1 0 0 1 0 0 1 0 0 1 0 0 1 0 0 1 0 0 1 0 0 1 0 0 1 0 0 1 0 0 1 0 0 1 0 0 1 0 0 1 0 0 1 0 0 1 0 0 1 0 0 1 0 0 1 0 0 1 0 0 1 0 0 1 0 0 1 0 0 1 0 0 1 0 0 1 0 0 1 0 0 1 0 0 1 0 0 1 0 0 1 0 0 1 0 0 1 0 0 1 0 0 1 0 0 1 0 0 1 0 0 1 0 0 1 0 0 1 0 0 1 0 0 1 0 0 1 0 0 1 0 0 1 0 0 1 0 0 1 0 0 1 0 0 1 0 0 1 0 0 1 0 0 1 0 0 1 0 0 1 0 0 1 0 0 1 0 0 1 0 0 1 0 0 1 0 0 1 0 0 1 0 0 1 0 0 1 0 0 1 0 0 1 0 0 1 0 0 1 0 0 1 0 0 1 0 0 1 0 0 1 0 0 1 0 0 1 0 0 1 0 0 1 0 0 1 0 0 1 0 0 1 0 0 1 0 0 1 0 0 1 0 0 1 0 0 1 0 0 1 0 0 1 0 0 1 0 0 1 0 0 1 0 0 1 0 0 1 0 0 1 0 0 1 0 0 1 0 0 1 0 0 1 0 0 1 0 0 1 0 0 1 0 0 1 0 0 1 0 0 1 0 0 1 0 0 1 0 0 1 0 0 1 0 0 1 0 0 1 0 0 1 0 0 1 0 0 1 0 0 1 0 0 1 0 0 1 0 0 1 0 0 1 0 0 1 0 0 1 0 0 1 0 0 1 0 0 1 0 0 1 0 0 -1 0 0 -1 0 0 -1 0 0 -1 0 0 -1 0 0 -1 0 0 -1 0 0 -1 0 0 -1 0 0 -1 0 0 -1 0 0 -1 0 0 -1 0 0 -1 0 0 -1 0 0 -1 0 0 -1 0 0 -1 0 0 -1 0 0 -1 0 0 -1 0 0 -1 0 0 -1 0 0 -1 -0.6556425 0.7550714 0 -0.6556425 0.7550714 0 -0.7668361 0.641843 0 -0.7668361 0.641843 0 -0.900512 0.4348311 0 -0.900512 0.4348311 0 -0.9795103 0.2013942 0 -0.9795103 0.2013942 0 -0.9990214 -0.04422967 0 -0.9990214 -0.04422967 0 -0.9578797 -0.2871699 0 -0.9578797 -0.2871699 0 -0.8585439 -0.5127401 0 -0.8585439 -0.5127401 0 -0.7493752 -0.6621456 0 -0.7493752 -0.6621456 0 0.7070996 0.7071139 0 0.6621456 0.7493752 0 0.7070996 0.7071139 0 0.6621456 0.7493752 0 -0.8547669 0.5189754 0.006175986 -0.8665383 0.4991106 0 -0.8921283 0.4517821 0 -0.8184151 0.5745924 0.006347015 -0.8896764 0.4565916 0.0002798572 -0.5842048 0.8116034 0.002176854 -0.6749802 0.7378358 0 -0.6749802 0.7378358 0 -0.7575158 0.6528168 0 -0.7575158 0.6528168 0 -0.8294061 0.5586462 0 -0.4714927 0.88187 0 -0.5119117 0.8590381 0 -0.528797 0.8487483 0.000328997 -0.93742 0.3482006 0 -0.93742 0.3482006 0 -0.9720226 0.2348874 0 -0.9720226 0.2348874 0 -0.9929803 0.1182799 0 -0.9929803 0.1182799 0 -1 -1.770082e-17 0 -1 1.770082e-17 0 -0.9929803 -0.1182799 0 -0.9929803 -0.1182799 0 -0.9720226 -0.2348874 0 -0.9720226 -0.2348874 0 -0.93742 -0.3482006 0 -0.93742 -0.3482006 0 -0.8896516 -0.45664 0 -0.8896516 -0.45664 0 -0.8294061 -0.5586462 0 -0.8294061 -0.5586462 0 -0.7575158 -0.6528168 0 -0.7575158 -0.6528168 0 -0.6749802 -0.7378358 0 -0.6749802 -0.7378358 0 -0.5829799 -0.8124866 0 -0.5829799 -0.8124866 0 -0.482798 -0.8757317 0 -0.482798 -0.8757317 0 -0.3758189 -0.9266931 0 -0.3758189 -0.9266931 0 -0.2635806 -0.9646374 0 -0.2635806 -0.9646374 0 -0.1476564 -0.9890387 0 -0.1476564 -0.9890387 0 -0.02964645 -0.9995604 0 -0.02964645 -0.9995604 0 0.08879537 -0.9960499 0 0.08879537 -0.9960499 0 0.2059783 -0.9785566 0 0.2059783 -0.9785566 0 0.3202832 -0.9473218 0 0.3202832 -0.9473218 0 0.4300743 -0.9027935 0 0.4300743 -0.9027935 0 0.533812 -0.8456032 0 0.533812 -0.8456032 0 0.6300907 -0.7765215 0 0.6300907 -0.7765215 0 0.7175079 -0.6965504 0 0.7175079 -0.6965504 0 0.7948506 -0.6068052 0 0.7948506 -0.6068052 0 0.8610465 -0.5085262 0 0.8610465 -0.5085262 0 0.9151462 -0.403122 0 0.9151462 -0.403122 0 0.9564008 -0.2920572 0 0.9564008 -0.2920572 0 0.9842307 -0.1768895 0 0.9842307 -0.1768895 0 0.9972557 -0.07403466 0 0.9972557 -0.07403466 0 1 -5.745195e-17 0 1 -6.408102e-17 0 0.9972557 0.07403466 0 0.9972557 0.07403466 0 0.9842307 0.1768895 0 0.9842307 0.1768895 0 0.9564008 0.2920572 0 0.9564008 0.2920572 0 0.9151462 0.403122 0 0.9151462 0.403122 0 0.8610465 0.5085262 0 0.8610465 0.5085262 0 0.7948506 0.6068052 0 0.7948506 0.6068052 0 0.7175079 0.6965504 0 0.7175079 0.6965504 0 0.6300907 0.7765215 0 0.6300907 0.7765215 0 0.533812 0.8456032 0 0.533812 0.8456032 0 0.4300743 0.9027935 0 0.4300743 0.9027935 0 0.3202832 0.9473218 0 0.3202832 0.9473218 0 0.2059783 0.9785566 0 0.2059783 0.9785566 0 0.08879537 0.9960499 0 0.08879537 0.9960499 0 -0.02964645 0.9995604 0 -0.02964645 0.9995604 0 -0.1476564 0.9890387 0 -0.1476564 0.9890387 0 -0.2635806 0.9646374 0 -0.2635806 0.9646374 0 -0.3758189 0.9266931 0 -0.3758189 0.9266931 0 -0.4814801 0.8764545 0.002112284 -0.5965528 0.8025739 0 1 8.542102e-16 0 1 8.554633e-16 0 0.9659144 0.2588617 0 0.9659144 0.2588617 0 0.8660356 0.4999824 0 0.8660356 0.4999824 0 0.7071421 0.7070715 0 0.7071421 0.7070715 0 0.4999623 0.8660472 0 0.4999623 0.8660472 0 0.2588079 0.9659288 0 0.2588079 0.9659288 0 -2.940669e-16 1 0 -2.940669e-16 1 0 -0.2588079 0.9659288 0 -0.2588079 0.9659288 0 -0.4999623 0.8660472 0 -0.4999623 0.8660472 0 -0.7071421 0.7070715 0 -0.7071421 0.7070715 0 -0.8660356 0.4999824 0 -0.8660356 0.4999824 0 -0.9659144 0.2588617 0 -0.9659144 0.2588617 0 -1 1.23864e-15 0 -1 1.247551e-15 0 -0.9659144 -0.2588617 0 -0.9659144 -0.2588617 0 -0.8660356 -0.4999824 0 -0.8660356 -0.4999824 0 -0.7071421 -0.7070715 0 -0.7071421 -0.7070715 0 -0.4999623 -0.8660472 0 -0.4999623 -0.8660472 0 -0.2588079 -0.9659288 0 -0.2588079 -0.9659288 0 -2.940669e-16 -1 0 -2.940669e-16 -1 0 0.2588079 -0.9659288 0 0.2588079 -0.9659288 0 0.4999623 -0.8660472 0 0.4999623 -0.8660472 0 0.7071421 -0.7070715 0 0.7071421 -0.7070715 0 0.8660356 -0.4999824 0 0.8660356 -0.4999824 0 0.9659144 -0.2588617 0 0.9659144 -0.2588617 0 0.5127401 0.8585439 0 0.5127401 0.8585439 0 0.2871699 0.9578797 0 0.2871699 0.9578797 0 0.04422967 0.9990214 0 0.04422967 0.9990214 0 -0.2013942 0.9795103 0 -0.2013942 0.9795103 0 -0.4348311 0.900512 0 -0.4348311 0.900512 0 -0.641843 0.7668361 0 -0.641843 0.7668361 0 -0.7550714 0.6556425 0 -0.7550714 0.6556425 0 -0.7434876 0.6687498 0 -0.7434876 0.6687498 0 -0.6687498 0.7434876 0 -0.6687498 0.7434876 0 1 -2.946238e-16 0 1 -2.940669e-16 0 0.9659288 0.2588079 0 0.9659288 0.2588079 0 0.8660472 0.4999623 0 0.8660472 0.4999623 0 0.7070715 0.7071421 0 0.7070715 0.7071421 0 0.4999824 0.8660356 0 0.4999824 0.8660356 0 0.2588617 0.9659144 0 0.2588617 0.9659144 7.738227e-18 1.425772e-16 1 -7.738123e-18 7.307083e-16 1 7.738123e-18 -0.2588617 0.9659144 -7.738227e-18 -0.2588617 0.9659144 0 -0.4999824 0.8660356 0 -0.4999824 0.8660356 0 -0.7070715 0.7071421 0 -0.7070715 0.7071421 0 -0.8660472 0.4999623 0 -0.8660472 0.4999623 0 -0.9659288 0.2588079 0 -0.9659288 0.2588079 0 -1 -2.940669e-16 0 -1 -2.940669e-16 0 -0.9659288 -0.2588079 0 -0.9659288 -0.2588079 0 -0.8660472 -0.4999623 0 -0.8660472 -0.4999623 0 -0.7070715 -0.7071421 0 -0.7070715 -0.7071421 0 -0.4999824 -0.8660356 0 -0.4999824 -0.8660356 0 -0.2588617 -0.9659144 0 -0.2588617 -0.9659144 -7.738227e-18 -5.079313e-16 -1 7.738123e-18 4.455538e-17 -1 -7.738123e-18 0.2588617 -0.9659144 7.738227e-18 0.2588617 -0.9659144 0 0.4999824 -0.8660356 0 0.4999824 -0.8660356 0 0.7070715 -0.7071421 0 0.7070715 -0.7071421 0 0.8660472 -0.4999623 0 0.8660472 -0.4999623 0 0.9659288 -0.2588079 0 0.9659288 -0.2588079 0 -0.7071139 -0.7070996 0 -0.7071139 -0.7070996 0</float_array>
          <technique_common>
            <accessor count="1508" source="#normals-array-array" stride="3">
              <param type="float" name="X"/>
              <param type="float" name="Y"/>
              <param type="float" name="Z"/>
            </accessor>
          </technique_common>
        </source>
        <vertices id="verts-array-vertices">
          <input semantic="POSITION" source="#verts-array"/>
        </vertices>
        <triangles count="1532" material="material0">
          <input offset="0" semantic="VERTEX" source="#verts-array-vertices"/>
          <input offset="1" semantic="NORMAL" source="#normals-array"/>
          <p>0 0 1 1 2 2 3 3 2 2 1 1 2 2 3 3 4 4 5 5 4 4 3 3 4 4 5 5 6 6 7 7 6 6 5 5 6 6 7 7 8 8 9 9 8 8 7 7 8 8 9 9 10 10 11 11 10 10 9 9 10 10 11 11 12 12 13 13 12 12 11 11 12 12 13 13 14 14 15 15 14 14 13 13 14 14 15 15 16 16 17 17 16 16 15 15 16 16 17 17 18 18 19 19 18 18 17 17 18 18 19 19 20 20 21 21 20 20 19 19 20 20 21 21 22 22 23 23 22 22 21 21 22 22 23 23 24 24 25 25 24 24 23 23 24 24 25 25 26 26 27 27 28 28 29 29 30 30 29 29 28 28 29 29 30 30 31 31 32 32 31 31 30 30 31 31 32 32 33 33 34 34 33 33 32 32 33 33 34 34 35 35 36 36 35 35 34 34 35 35 36 36 37 37 38 38 37 37 36 36 37 37 38 38 39 39 40 40 39 39 38 38 39 39 40 40 41 41 42 42 41 41 40 40 41 41 42 42 43 43 44 44 43 43 42 42 43 43 44 44 45 45 46 46 45 45 44 44 45 45 46 46 0 0 47 47 0 0 46 46 0 0 47 47 1 1 48 48 49 49 50 50 51 51 50 50 49 49 50 50 51 51 52 52 53 53 52 52 51 51 52 52 53 53 54 54 55 55 54 54 53 53 54 54 55 55 56 56 57 57 56 56 55 55 56 56 57 57 58 58 59 59 58 58 57 57 58 58 59 59 60 60 61 61 60 60 59 59 60 60 61 61 62 62 63 63 62 62 61 61 62 62 63 63 64 64 65 65 64 64 63 63 64 64 65 65 66 66 67 67 66 66 65 65 66 66 67 67 68 68 69 69 68 68 67 67 68 68 69 69 70 70 71 71 70 70 69 69 70 70 71 71 72 72 73 73 72 72 71 71 72 72 73 73 27 27 74 74 27 27 73 73 27 27 74 74 28 28 25 25 75 75 26 26 76 76 26 26 75 75 26 26 76 76 77 77 78 78 77 77 76 76 77 77 78 78 79 79 80 80 79 79 78 78 79 79 80 80 81 81 82 82 81 81 80 80 81 81 82 82 83 83 84 84 83 83 82 82 83 83 84 84 85 85 86 86 85 85 84 84 85 85 86 86 87 87 88 88 87 87 86 86 87 87 88 88 89 89 90 90 89 89 88 88 89 89 90 90 91 91 92 92 91 91 90 90 91 91 92 92 93 93 94 94 93 93 92 92 93 93 94 94 95 95 96 96 95 95 94 94 95 95 96 96 97 97 98 98 97 97 96 96 97 97 98 98 99 99 100 100 99 99 98 98 99 99 100 100 101 101 102 102 101 101 100 100 101 101 102 102 103 103 104 104 103 103 102 102 103 103 104 104 105 105 106 106 105 105 104 104 105 105 106 106 48 48 107 107 48 48 106 106 48 48 107 107 49 49 108 108 109 109 110 110 111 111 110 110 109 109 110 110 111 111 112 112 113 113 112 112 111 111 112 112 113 113 114 114 115 115 114 114 113 113 114 114 115 115 116 116 117 117 116 116 115 115 116 116 117 117 118 118 119 119 118 118 117 117 118 118 119 119 120 120 121 121 120 120 119 119 120 120 121 121 122 122 123 123 122 122 121 121 122 122 123 123 124 124 125 125 124 124 123 123 124 124 125 125 126 126 127 127 126 126 125 125 126 126 127 127 128 128 129 129 128 128 127 127 128 128 129 129 130 130 131 131 130 130 129 129 130 130 131 131 132 132 133 133 132 132 131 131 132 132 133 133 134 134 135 135 134 134 133 133 134 134 135 135 136 136 137 137 136 136 135 135 136 136 137 137 138 138 139 139 138 138 137 137 138 138 139 139 140 140 141 141 140 140 139 139 140 140 141 141 142 142 143 143 142 142 141 141 142 142 143 143 144 144 145 145 144 144 143 143 144 144 145 145 146 146 147 147 146 146 145 145 146 146 147 147 148 148 149 149 148 148 147 147 148 148 149 149 150 150 151 151 150 150 149 149 150 150 151 151 152 152 153 153 152 152 151 151 152 152 153 153 154 154 155 155 154 154 153 153 154 154 155 155 156 156 157 157 156 156 155 155 156 156 157 157 158 158 159 159 158 158 157 157 158 158 159 159 160 160 161 161 160 160 159 159 160 160 161 161 162 162 163 163 162 162 161 161 162 162 163 163 108 108 109 109 108 108 163 163 164 164 165 165 166 166 167 167 166 166 165 165 166 166 167 167 168 168 169 169 168 168 167 167 168 168 169 169 170 170 171 171 170 170 169 169 170 170 171 171 172 172 173 173 172 172 171 171 172 172 173 173 174 174 175 175 174 174 173 173 174 174 175 175 176 176 177 177 176 176 175 175 176 176 177 177 178 178 179 179 178 178 177 177 178 178 179 179 180 180 181 181 180 180 179 179 180 180 181 181 182 182 183 183 182 182 181 181 182 182 183 183 184 184 185 185 184 184 183 183 184 184 185 185 186 186 187 187 186 186 185 185 186 186 187 187 188 188 189 189 188 188 187 187 188 188 189 189 190 190 191 191 190 190 189 189 190 190 191 191 192 192 193 193 192 192 191 191 192 192 193 193 194 194 195 195 194 194 193 193 194 194 195 195 196 196 197 197 196 196 195 195 196 196 197 197 198 198 199 199 198 198 197 197 198 198 199 199 200 200 201 201 200 200 199 199 200 200 201 201 202 202 203 203 202 202 201 201 202 202 203 203 204 204 205 205 204 204 203 203 204 204 205 205 206 206 207 207 206 206 205 205 206 206 207 207 208 208 209 209 208 208 207 207 208 208 209 209 210 210 211 211 210 210 209 209 210 210 211 211 164 164 165 165 164 164 211 211 212 212 213 213 214 214 215 215 214 214 213 213 214 214 215 215 216 216 217 217 216 216 215 215 216 216 217 217 218 218 219 219 218 218 217 217 218 218 219 219 220 220 221 221 220 220 219 219 220 220 221 221 222 222 223 223 222 222 221 221 222 222 223 223 224 224 225 225 224 224 223 223 224 224 225 225 226 226 227 227 226 226 225 225 226 226 227 227 228 228 229 229 228 228 227 227 228 228 229 229 230 230 231 231 230 230 229 229 230 230 231 231 232 232 233 233 232 232 231 231 232 232 233 233 234 234 235 235 234 234 233 233 234 234 235 235 236 236 237 237 236 236 235 235 236 236 237 237 238 238 239 239 240 240 241 241 242 242 241 241 240 240 241 241 242 242 243 243 244 244 243 243 242 242 243 243 244 244 245 245 246 246 245 245 244 244 245 245 246 246 247 247 248 248 247 247 246 246 247 247 248 248 249 249 250 250 249 249 248 248 249 249 250 250 251 251 252 252 251 251 250 250 251 251 252 252 253 253 254 254 253 253 252 252 253 253 254 254 255 255 256 256 255 255 254 254 255 255 256 256 257 257 258 258 257 257 256 256 257 257 258 258 259 259 260 260 259 259 258 258 259 259 260 260 261 261 262 262 261 261 260 260 261 261 262 262 212 212 263 263 212 212 262 262 212 212 263 263 213 213 264 264 265 265 266 266 267 267 266 266 265 265 266 266 267 267 268 268 269 269 268 268 267 267 268 268 269 269 270 270 271 271 270 270 269 269 270 270 271 271 272 272 273 273 272 272 271 271 272 272 273 273 274 274 275 275 274 274 273 273 274 274 275 275 276 276 277 277 276 276 275 275 276 276 277 277 278 278 279 279 278 278 277 277 278 278 279 279 280 280 281 281 280 280 279 279 280 280 281 281 282 282 283 283 282 282 281 281 282 282 283 283 284 284 285 285 284 284 283 283 284 284 285 285 286 286 287 287 286 286 285 285 286 286 287 287 288 288 289 289 288 288 287 287 288 288 289 289 239 239 290 290 239 239 289 289 239 239 290 290 240 240 237 237 291 291 238 238 292 292 238 238 291 291 238 238 292 292 293 293 294 294 293 293 292 292 293 293 294 294 295 295 296 296 295 295 294 294 295 295 296 296 297 297 298 298 297 297 296 296 297 297 298 298 299 299 300 300 299 299 298 298 299 299 300 300 301 301 302 302 301 301 300 300 301 301 302 302 303 303 304 304 303 303 302 302 303 303 304 304 305 305 306 306 305 305 304 304 305 305 306 306 307 307 308 308 307 307 306 306 307 307 308 308 309 309 310 310 309 309 308 308 309 309 310 310 311 311 312 312 311 311 310 310 311 311 312 312 313 313 314 314 313 313 312 312 313 313 314 314 315 315 316 316 315 315 314 314 315 315 316 316 317 317 318 318 317 317 316 316 317 317 318 318 264 264 319 319 264 264 318 318 264 264 319 319 265 265 320 320 321 321 322 322 323 323 322 322 321 321 322 322 323 323 324 324 325 325 324 324 323 323 324 324 325 325 326 326 327 327 326 326 325 325 326 326 327 327 328 328 329 329 328 328 327 327 328 328 329 329 330 330 331 331 330 330 329 329 330 330 331 331 332 332 333 333 332 332 331 331 332 332 333 333 334 334 335 335 334 334 333 333 334 334 335 335 336 336 337 337 336 336 335 335 336 336 337 337 338 338 339 339 338 338 337 337 338 338 339 339 340 340 341 341 340 340 339 339 340 340 341 341 342 342 343 343 342 342 341 341 342 342 343 343 344 344 345 345 344 344 343 343 344 344 345 345 346 346 347 347 346 346 345 345 346 346 347 347 348 348 349 349 348 348 347 347 348 348 349 349 350 350 351 351 350 350 349 349 350 350 351 351 352 352 353 353 352 352 351 351 352 352 353 353 354 354 355 355 354 354 353 353 354 354 355 355 356 356 357 357 356 356 355 355 356 356 357 357 358 358 359 359 358 358 357 357 358 358 359 359 360 360 361 361 360 360 359 359 360 360 361 361 362 362 363 363 362 362 361 361 362 362 363 363 364 364 365 365 364 364 363 363 364 364 365 365 366 366 367 367 366 366 365 365 366 366 367 367 320 320 321 321 320 320 367 367 368 368 369 369 370 370 370 370 371 371 372 372 373 373 374 374 375 375 376 376 375 375 374 374 375 375 376 376 377 377 378 378 379 379 380 380 381 381 380 380 379 379 373 373 382 382 374 374 383 383 374 374 382 382 374 374 383 383 384 384 385 385 386 386 387 387 384 384 387 387 386 386 388 388 389 389 390 390 391 391 390 390 389 389 390 390 391 391 377 377 392 392 377 377 391 391 377 377 392 392 375 375 368 368 370 370 393 393 372 372 393 393 370 370 393 393 372 372 388 388 394 394 388 388 372 372 388 388 394 394 389 389 385 385 395 395 386 386 396 396 386 386 395 395 386 386 396 396 397 397 398 398 397 397 396 396 397 397 398 398 399 399 400 400 399 399 398 398 399 399 400 400 401 401 402 402 401 401 400 400 401 401 402 402 378 378 403 403 378 378 402 402 378 378 403 403 379 379 404 404 405 405 406 406 407 407 406 406 405 405 406 406 407 407 381 381 408 408 381 381 407 407 381 381 408 408 380 380 409 409 410 410 404 404 411 411 404 404 410 410 404 404 411 411 405 405 370 370 412 412 371 371 413 413 371 371 412 412 371 371 413 413 409 409 414 414 409 409 413 413 409 409 414 414 410 410 415 415 416 416 417 417 418 418 417 417 416 416 419 419 420 420 421 421 419 419 421 421 422 422 369 369 423 423 424 424 425 425 426 426 427 427 369 369 428 428 423 423 429 429 423 423 428 428 423 423 429 429 430 430 425 425 427 427 431 431 422 422 421 421 432 432 433 433 432 432 421 421 432 432 433 433 434 434 435 435 434 434 433 433 434 434 435 435 436 436 437 437 436 436 435 435 436 436 437 437 438 438 439 439 438 438 437 437 438 438 439 439 440 440 441 441 440 440 439 439 440 440 441 441 442 442 426 426 442 442 441 441 442 442 426 426 443 443 444 444 445 445 446 446 447 447 446 446 445 445 427 427 448 448 431 431 449 449 431 431 448 448 431 431 449 449 450 450 451 451 450 450 449 449 450 450 451 451 447 447 452 452 447 447 451 451 447 447 452 452 446 446 415 415 453 453 416 416 454 454 416 416 453 453 416 416 454 454 455 455 456 456 455 455 454 454 455 455 456 456 457 457 458 458 457 457 456 456 457 457 458 458 459 459 460 460 459 459 458 458 459 459 460 460 425 425 461 461 425 425 460 460 425 425 461 461 426 426 462 462 426 426 461 461 426 426 462 462 443 443 424 424 463 463 369 369 464 464 369 369 463 463 369 369 464 464 370 370 465 465 370 370 464 464 370 370 465 465 466 466 467 467 468 468 416 416 469 469 416 416 468 468 416 416 469 469 418 418 470 470 418 418 469 469 418 418 470 470 471 471 472 472 471 471 470 470 471 471 472 472 473 473 466 466 474 474 370 370 475 475 370 370 474 474 370 370 475 475 476 476 477 477 476 476 475 475 476 476 477 477 478 478 479 479 478 478 477 477 478 478 479 479 480 480 481 481 480 480 479 479 480 480 481 481 444 444 482 482 444 444 481 481 444 444 482 482 445 445 467 467 416 416 483 483 484 484 483 483 416 416 483 483 484 484 429 429 485 485 429 429 484 484 429 429 485 485 430 430 472 472 486 486 473 473 487 487 473 473 486 486 473 473 487 487 488 488 421 421 488 488 487 487 488 488 421 421 489 489 420 420 489 489 421 421 487 487 490 490 421 421 491 491 421 421 490 490 421 421 491 491 492 492 493 493 494 494 491 491 494 494 495 495 491 491 496 496 491 491 495 495 491 491 496 496 492 492 491 491 497 497 493 493 498 498 493 493 497 497 493 493 498 498 499 499 500 500 499 499 498 498 499 499 500 500 501 501 502 502 503 503 500 500 504 504 500 500 503 503 500 500 504 504 501 501 505 505 506 506 507 507 508 508 507 507 506 506 507 507 508 508 509 509 510 510 509 509 508 508 509 509 510 510 511 511 512 512 511 511 510 510 511 511 512 512 513 513 514 514 513 513 512 512 513 513 514 514 515 515 516 516 515 515 514 514 515 515 516 516 517 517 518 518 517 517 516 516 517 517 518 518 519 519 520 520 519 519 518 518 519 519 520 520 499 499 521 521 499 499 520 520 499 499 521 521 493 493 505 505 522 522 506 506 523 523 506 506 522 522 506 506 523 523 524 524 525 525 526 526 527 527 528 528 527 527 526 526 527 527 528 528 529 529 529 529 530 530 527 527 531 531 527 527 530 530 527 527 531 531 532 532 533 533 532 532 531 531 533 533 531 531 534 534 535 535 534 534 531 531 534 534 535 535 500 500 536 536 500 500 535 535 500 500 536 536 502 502 524 524 525 525 506 506 527 527 506 506 525 525 506 506 527 527 537 537 538 538 539 539 527 527 540 540 527 527 539 539 527 527 540 540 537 537 384 384 386 386 374 374 541 541 374 374 386 386 374 374 541 541 542 542 542 542 543 543 374 374 544 544 374 374 543 543 374 374 544 544 545 545 546 546 545 545 544 544 545 545 546 546 527 527 547 547 527 527 546 546 527 527 547 547 538 538 548 548 549 549 550 550 551 551 550 550 549 549 550 550 551 551 552 552 553 553 552 552 551 551 552 552 553 553 554 554 555 555 554 554 553 553 554 554 555 555 556 556 557 557 556 556 555 555 556 556 557 557 558 558 559 559 558 558 557 557 558 558 559 559 560 560 561 561 560 560 559 559 560 560 561 561 562 562 563 563 562 562 561 561 562 562 563 563 564 564 565 565 564 564 563 563 564 564 565 565 566 566 567 567 566 566 565 565 566 566 567 567 568 568 569 569 568 568 567 567 568 568 569 569 570 570 571 571 570 570 569 569 570 570 571 571 572 572 573 573 572 572 571 571 572 572 573 573 574 574 575 575 574 574 573 573 574 574 575 575 576 576 577 577 576 576 575 575 576 576 577 577 578 578 579 579 578 578 577 577 578 578 579 579 580 580 581 581 580 580 579 579 580 580 581 581 582 582 583 583 582 582 581 581 582 582 583 583 584 584 585 585 584 584 583 583 584 584 585 585 586 586 587 587 586 586 585 585 586 586 587 587 588 588 589 589 588 588 587 587 588 588 589 589 590 590 591 591 590 590 589 589 590 590 591 591 592 592 593 593 592 592 591 591 592 592 593 593 594 594 595 595 594 594 593 593 594 594 595 595 548 548 549 549 548 548 595 595 596 596 597 597 598 598 599 599 600 600 601 601 602 602 603 603 604 604 601 601 605 605 599 599 606 606 599 599 605 605 599 599 606 606 607 607 608 608 609 609 610 610 611 611 610 610 609 609 612 612 613 613 614 614 615 615 614 614 613 613 614 614 615 615 616 616 611 611 617 617 610 610 618 618 610 610 617 617 610 610 618 618 619 619 597 597 620 620 598 598 610 610 598 598 620 620 598 598 610 610 621 621 619 619 621 621 610 610 600 600 599 599 622 622 623 623 622 622 599 599 622 622 623 623 624 624 625 625 624 624 623 623 624 624 625 625 626 626 627 627 626 626 625 625 626 626 627 627 628 628 629 629 628 628 627 627 628 628 629 629 630 630 631 631 630 630 629 629 630 630 631 631 632 632 633 633 632 632 631 631 632 632 633 633 634 634 608 608 635 635 609 609 636 636 609 609 635 635 609 609 636 636 637 637 638 638 637 637 636 636 604 604 603 603 615 615 639 639 615 615 603 603 615 615 639 639 616 616 633 633 640 640 634 634 641 641 634 634 640 640 634 634 641 641 604 604 642 642 604 604 641 641 604 604 642 642 602 602 607 607 596 596 599 599 598 598 599 599 596 596 599 599 598 598 643 643 644 644 645 645 598 598 645 645 646 646 598 598 647 647 598 598 646 646 598 598 647 647 643 643 648 648 649 649 650 650 651 651 650 650 649 649 650 650 651 651 652 652 652 652 653 653 650 650 654 654 650 650 653 653 650 650 654 654 655 655 656 656 655 655 654 654 655 655 656 656 598 598 657 657 598 598 656 656 598 598 657 657 644 644 648 648 658 658 659 659 660 660 661 661 662 662 663 663 664 664 650 650 665 665 650 650 664 664 650 650 665 665 666 666 666 666 667 667 650 650 668 668 650 650 667 667 650 650 668 668 648 648 669 669 648 648 668 668 648 648 669 669 658 658 662 662 670 670 660 660 671 671 660 660 670 670 660 660 671 671 672 672 673 673 674 674 675 675 676 676 675 675 674 674 675 675 676 676 677 677 678 678 677 677 676 676 677 677 678 678 679 679 680 680 679 679 678 678 679 679 680 680 681 681 682 682 681 681 680 680 681 681 682 682 683 683 684 684 683 683 682 682 683 683 684 684 685 685 686 686 685 685 684 684 685 685 686 686 687 687 648 648 687 687 686 686 687 687 648 648 688 688 659 659 688 688 648 648 689 689 690 690 691 691 674 674 691 691 690 690 691 691 674 674 692 692 673 673 692 692 674 674 672 672 693 693 660 660 694 694 660 660 693 693 660 660 694 694 695 695 674 674 695 695 694 694 695 695 674 674 696 696 690 690 696 696 674 674 650 650 697 697 663 663 698 698 663 663 697 697 663 663 698 698 699 699 700 700 699 699 698 698 699 699 700 700 701 701 690 690 701 701 700 700 701 701 690 690 702 702 689 689 702 702 690 690 703 703 704 704 705 705 706 706 705 705 704 704 705 705 706 706 707 707 708 708 709 709 710 710 711 711 712 712 713 713 638 638 612 612 637 637 614 614 637 637 612 612 637 637 614 614 714 714 713 713 714 714 614 614 661 661 715 715 716 716 660 660 717 717 718 718 719 719 718 718 717 717 718 718 719 719 720 720 721 721 720 720 719 719 720 720 721 721 722 722 709 709 722 722 721 721 722 722 709 709 723 723 708 708 723 723 709 709 724 724 725 725 726 726 727 727 726 726 725 725 726 726 727 727 728 728 661 661 728 728 727 727 728 728 661 661 729 729 716 716 729 729 661 661 718 718 730 730 660 660 731 731 660 660 730 730 660 660 731 731 732 732 733 733 734 734 735 735 710 710 736 736 708 708 705 705 708 708 736 736 708 708 705 705 737 737 707 707 737 737 705 705 703 703 705 705 738 738 739 739 738 738 705 705 738 738 739 739 740 740 741 741 742 742 614 614 743 743 614 614 742 742 614 614 743 743 713 713 744 744 713 713 743 743 713 713 744 744 711 711 745 745 746 746 614 614 747 747 614 614 746 746 614 614 747 747 741 741 736 736 748 748 705 705 749 749 705 705 748 748 705 705 749 749 750 750 751 751 750 750 749 749 750 750 751 751 752 752 713 713 752 752 751 751 752 752 713 713 753 753 712 712 753 753 713 713 732 732 754 754 660 660 755 755 660 660 754 754 660 660 755 755 661 661 756 756 661 661 755 755 661 661 756 756 715 715 735 735 734 734 757 757 758 758 757 757 734 734 757 757 758 758 725 725 759 759 760 760 735 735 761 761 735 735 760 760 735 735 761 761 733 733 740 740 757 757 738 738 725 725 738 738 757 757 738 738 725 725 762 762 724 724 762 762 725 725 745 745 614 614 763 763 764 764 763 763 614 614 763 763 764 764 765 765 766 766 765 765 764 764 765 765 766 766 767 767 768 768 767 767 766 766 767 767 768 768 769 769 770 770 769 769 768 768 769 769 770 770 771 771 772 772 771 771 770 770 771 771 772 772 773 773 774 774 773 773 772 772 773 773 774 774 759 759 775 775 759 759 774 774 759 759 775 775 760 760 776 776 777 777 778 778 779 779 778 778 777 777 778 778 779 779 780 780 781 781 780 780 779 779 780 780 781 781 782 782 783 783 782 782 781 781 782 782 783 783 784 784 785 785 784 784 783 783 784 784 785 785 786 786 787 787 786 786 785 785 786 786 787 787 788 788 789 789 788 788 787 787 788 788 789 789 790 790 791 791 790 790 789 789 790 790 791 791 792 792 793 793 792 792 791 791 792 792 793 793 794 794 795 795 794 794 793 793 794 794 795 795 796 796 797 797 796 796 795 795 796 796 797 797 798 798 799 799 798 798 797 797 798 798 799 799 800 800 801 801 800 800 799 799 800 800 801 801 802 802 803 803 802 802 801 801 802 802 803 803 804 804 805 805 804 804 803 803 804 804 805 805 806 806 807 807 806 806 805 805 806 806 807 807 808 808 809 809 808 808 807 807 808 808 809 809 810 810 811 811 810 810 809 809 810 810 811 811 812 812 813 813 812 812 811 811 812 812 813 813 814 814 815 815 814 814 813 813 814 814 815 815 816 816 817 817 816 816 815 815 816 816 817 817 818 818 819 819 818 818 817 817 818 818 819 819 820 820 821 821 820 820 819 819 820 820 821 821 822 822 823 823 822 822 821 821 822 822 823 823 776 776 777 777 776 776 823 823 824 824 825 825 826 826 827 827 826 826 825 825 826 826 827 827 828 828 829 829 828 828 827 827 828 828 829 829 830 830 831 831 830 830 829 829 830 830 831 831 832 832 833 833 832 832 831 831 832 832 833 833 834 834 835 835 834 834 833 833 834 834 835 835 836 836 837 837 836 836 835 835 836 836 837 837 838 838 839 839 838 838 837 837 838 838 839 839 840 840 841 841 840 840 839 839 840 840 841 841 842 842 843 843 842 842 841 841 842 842 843 843 844 844 845 845 844 844 843 843 844 844 845 845 846 846 847 847 846 846 845 845 846 846 847 847 848 848 849 849 848 848 847 847 848 848 849 849 850 850 851 851 850 850 849 849 850 850 851 851 852 852 853 853 852 852 851 851 852 852 853 853 854 854 855 855 854 854 853 853 854 854 855 855 856 856 857 857 856 856 855 855 856 856 857 857 858 858 859 859 858 858 857 857 858 858 859 859 860 860 861 861 860 860 859 859 860 860 861 861 862 862 863 863 862 862 861 861 862 862 863 863 864 864 865 865 864 864 863 863 864 864 865 865 866 866 867 867 866 866 865 865 866 866 867 867 868 868 869 869 868 868 867 867 868 868 869 869 870 870 871 871 870 870 869 869 870 870 871 871 824 824 825 825 824 824 871 871 872 872 873 873 874 874 875 875 874 874 873 873 874 874 875 875 876 876 877 877 876 876 875 875 876 876 877 877 878 878 879 879 878 878 877 877 878 878 879 879 880 880 881 881 880 880 879 879 880 880 881 881 882 882 883 883 882 882 881 881 882 882 883 883 884 884 885 885 884 884 883 883 884 884 885 885 886 886 887 887 886 886 885 885 886 886 887 887 888 888 889 889 888 888 887 887 888 888 889 889 890 890 891 891 890 890 889 889 890 890 891 891 892 892 893 893 892 892 891 891 892 892 893 893 894 894 895 895 894 894 893 893 894 894 895 895 896 896 897 897 896 896 895 895 896 896 897 897 898 898 899 899 898 898 897 897 898 898 899 899 900 900 901 901 900 900 899 899 900 900 901 901 902 902 903 903 902 902 901 901 902 902 903 903 904 904 905 905 904 904 903 903 904 904 905 905 906 906 907 907 906 906 905 905 906 906 907 907 908 908 909 909 908 908 907 907 908 908 909 909 910 910 911 911 910 910 909 909 910 910 911 911 912 912 913 913 912 912 911 911 912 912 913 913 914 914 915 915 914 914 913 913 914 914 915 915 916 916 917 917 916 916 915 915 916 916 917 917 918 918 919 919 918 918 917 917 918 918 919 919 872 872 873 873 872 872 919 919 920 920 921 921 922 922 923 923 922 922 921 921 922 922 923 923 924 924 920 920 925 925 921 921 926 926 921 921 925 925 921 921 926 926 927 927 928 928 929 929 930 930 931 931 930 930 929 929 930 930 931 931 932 932 933 933 932 932 931 931 934 934 935 935 933 933 936 936 933 933 935 935 933 933 936 936 932 932 937 937 938 938 939 939 940 940 941 941 942 942 943 943 944 944 945 945 927 927 946 946 921 921 947 947 921 921 946 946 921 921 947 947 948 948 949 949 948 948 947 947 948 948 949 949 943 943 950 950 944 944 951 951 943 943 951 951 944 944 951 951 943 943 952 952 949 949 952 952 943 943 953 953 954 954 955 955 956 956 955 955 954 954 955 955 956 956 957 957 958 958 957 957 956 956 957 957 958 958 959 959 960 960 959 959 958 958 959 959 960 960 961 961 962 962 961 961 960 960 961 961 962 962 963 963 964 964 963 963 962 962 963 963 964 964 934 934 965 965 934 934 964 964 934 934 965 965 935 935 966 966 967 967 968 968 969 969 968 968 967 967 968 968 969 969 970 970 937 937 939 939 971 971 938 938 937 937 972 972 973 973 972 972 937 937 972 972 973 973 940 940 974 974 940 940 973 973 940 940 974 974 941 941 942 942 975 975 940 940 976 976 940 940 975 975 940 940 976 976 977 977 978 978 977 977 976 976 977 977 978 978 979 979 945 945 980 980 943 943 981 981 943 943 980 980 943 943 981 981 982 982 977 977 983 983 984 984 950 950 985 985 944 944 986 986 944 944 985 985 944 944 986 986 987 987 928 928 987 987 986 986 987 987 928 928 988 988 953 953 922 922 954 954 924 924 954 954 922 922 954 954 924 924 989 989 970 970 989 989 924 924 989 989 970 970 990 990 969 969 990 990 970 970 991 991 992 992 966 966 993 993 966 966 992 992 966 966 993 993 967 967 939 939 994 994 971 971 995 995 971 971 994 994 971 971 995 995 996 996 997 997 996 996 995 995 996 996 997 997 998 998 999 999 998 998 997 997 998 998 999 999 1000 1000 1001 1001 1000 1000 999 999 1000 1000 1001 1001 991 991 1002 1002 991 991 1001 1001 991 991 1002 1002 992 992 979 979 1003 1003 977 977 1004 1004 977 977 1003 1003 977 977 1004 1004 1005 1005 943 943 1005 1005 1004 1004 1005 1005 943 943 1006 1006 982 982 1006 1006 943 943 977 977 984 984 940 940 1007 1007 940 940 984 984 940 940 1007 1007 1008 1008 1009 1009 1010 1010 1011 1011 1012 1012 1011 1011 1010 1010 1011 1011 1012 1012 1013 1013 1014 1014 1013 1013 1012 1012 1013 1013 1014 1014 977 977 1015 1015 977 977 1014 1014 977 977 1015 1015 983 983 1016 1016 1017 1017 1018 1018 1019 1019 1018 1018 1017 1017 1018 1018 1019 1019 1020 1020 1021 1021 1022 1022 1023 1023 1024 1024 1025 1025 1026 1026 1027 1027 1028 1028 1024 1024 1029 1029 1030 1030 1031 1031 1032 1032 1031 1031 1030 1030 1031 1031 1032 1032 1033 1033 928 928 930 930 988 988 1034 1034 988 988 930 930 988 988 1034 1034 1035 1035 1036 1036 1035 1035 1034 1034 1035 1035 1036 1036 1037 1037 1038 1038 1037 1037 1036 1036 1037 1037 1038 1038 1039 1039 1040 1040 1039 1039 1038 1038 1039 1039 1040 1040 1041 1041 1042 1042 1041 1041 1040 1040 1041 1041 1042 1042 1043 1043 1044 1044 1043 1043 1042 1042 1043 1043 1044 1044 1045 1045 1046 1046 1045 1045 1044 1044 1045 1045 1046 1046 1029 1029 1047 1047 1029 1029 1046 1046 1029 1029 1047 1047 1030 1030 1008 1008 1048 1048 940 940 1049 1049 940 940 1048 1048 940 940 1049 1049 1050 1050 1051 1051 1050 1050 1049 1049 1050 1050 1051 1051 1052 1052 1053 1053 1052 1052 1051 1051 1019 1019 1054 1054 1020 1020 1055 1055 1020 1020 1054 1054 1020 1020 1055 1055 1053 1053 1056 1056 1053 1053 1055 1055 1053 1053 1056 1056 1052 1052 1023 1023 1057 1057 1021 1021 1058 1058 1021 1021 1057 1057 1021 1021 1058 1058 1059 1059 1060 1060 1059 1059 1058 1058 1059 1059 1060 1060 1061 1061 1062 1062 1061 1061 1060 1060 1061 1061 1062 1062 1063 1063 1064 1064 1063 1063 1062 1062 1063 1063 1064 1064 1065 1065 1066 1066 1065 1065 1064 1064 1065 1065 1066 1066 1067 1067 1068 1068 1067 1067 1066 1066 1067 1067 1068 1068 1016 1016 1069 1069 1016 1016 1068 1068 1016 1016 1069 1069 1017 1017 1024 1024 1028 1028 1070 1070 1033 1033 1071 1071 1031 1031 1072 1072 1031 1031 1071 1071 1031 1031 1072 1072 1073 1073 1074 1074 1073 1073 1072 1072 1073 1073 1074 1074 1075 1075 1025 1025 1075 1075 1074 1074 1075 1075 1025 1025 1076 1076 1024 1024 1076 1076 1025 1025 1076 1076 1024 1024 1009 1009 1077 1077 1009 1009 1024 1024 1009 1009 1077 1077 1010 1010 1028 1028 1078 1078 1070 1070 1079 1079 1070 1070 1078 1078 1070 1070 1079 1079 1021 1021 1080 1080 1021 1021 1079 1079 1021 1021 1080 1080 1022 1022 1026 1026 1081 1081 1024 1024 1082 1082 1024 1024 1081 1081 1024 1024 1082 1082 1083 1083 1083 1083 1084 1084 1024 1024 1085 1085 1024 1024 1084 1084 1024 1024 1085 1085 1027 1027 1086 1086 1087 1087 1088 1088 1089 1089 1090 1090 1091 1091 1092 1092 1091 1091 1090 1090 1091 1091 1092 1092 1093 1093 1093 1093 1094 1094 1091 1091 1095 1095 1091 1091 1094 1094 1091 1091 1095 1095 1096 1096 1086 1086 1096 1096 1095 1095 1096 1096 1086 1086 1097 1097 1088 1088 1097 1097 1086 1086 1098 1098 1099 1099 1100 1100 1101 1101 1102 1102 1103 1103 1104 1104 1105 1105 1106 1106 1107 1107 1106 1106 1105 1105 1106 1106 1107 1107 1100 1100 1108 1108 1100 1100 1107 1107 1100 1100 1108 1108 1098 1098 1109 1109 1110 1110 1111 1111 1091 1091 1111 1111 1110 1110 1112 1112 1113 1113 1114 1114 1115 1115 1114 1114 1113 1113 1116 1116 1117 1117 1118 1118 1119 1119 1120 1120 1121 1121 1122 1122 1121 1121 1120 1120 1121 1121 1122 1122 1117 1117 1123 1123 1117 1117 1122 1122 1117 1117 1123 1123 1118 1118 1098 1098 1124 1124 1099 1099 1125 1125 1099 1099 1124 1124 1099 1099 1125 1125 1126 1126 1127 1127 1126 1126 1125 1125 1126 1126 1127 1127 1128 1128 1120 1120 1128 1128 1127 1127 1128 1128 1120 1120 1129 1129 1119 1119 1129 1129 1120 1120 1130 1130 1131 1131 1132 1132 1133 1133 1132 1132 1131 1131 1134 1134 1087 1087 1135 1135 1086 1086 1135 1135 1087 1087 1135 1135 1086 1086 1136 1136 1137 1137 1136 1136 1086 1086 1103 1103 1102 1102 1138 1138 1139 1139 1138 1138 1102 1102 1138 1138 1139 1139 1140 1140 1140 1140 1139 1139 1141 1141 1130 1130 1141 1141 1139 1139 1141 1141 1130 1130 1142 1142 1132 1132 1142 1142 1130 1130 1142 1142 1132 1132 1143 1143 1109 1109 1144 1144 1110 1110 1145 1145 1110 1110 1144 1144 1110 1110 1145 1145 1146 1146 1147 1147 1146 1146 1145 1145 1146 1146 1147 1147 1133 1133 1148 1148 1133 1133 1147 1147 1133 1133 1148 1148 1132 1132 1118 1118 1149 1149 1116 1116 1150 1150 1116 1116 1149 1149 1116 1116 1150 1150 1151 1151 1152 1152 1151 1151 1150 1150 1151 1151 1152 1152 1153 1153 1154 1154 1153 1153 1152 1152 1153 1153 1154 1154 1155 1155 1156 1156 1155 1155 1154 1154 1155 1155 1156 1156 1157 1157 1142 1142 1157 1157 1156 1156 1157 1157 1142 1142 1158 1158 1143 1143 1158 1158 1142 1142 1110 1110 1159 1159 1091 1091 1160 1160 1091 1091 1159 1159 1091 1091 1160 1160 1089 1089 1161 1161 1089 1089 1160 1160 1119 1119 1162 1162 1129 1129 1163 1163 1129 1129 1162 1162 1129 1129 1163 1163 1164 1164 1087 1087 1164 1164 1163 1163 1164 1164 1087 1087 1165 1165 1134 1134 1165 1165 1087 1087 1166 1166 1167 1167 1168 1168 1169 1169 1168 1168 1167 1167 1170 1170 1171 1171 1169 1169 1172 1172 1169 1169 1171 1171 1169 1169 1172 1172 1168 1168 1173 1173 1174 1174 1175 1175 1176 1176 1175 1175 1174 1174 1175 1175 1176 1176 1177 1177 1178 1178 1177 1177 1176 1176 1177 1177 1178 1178 1179 1179 1180 1180 1179 1179 1178 1178 1179 1179 1180 1180 1181 1181 1182 1182 1181 1181 1180 1180 1181 1181 1182 1182 1183 1183 1184 1184 1183 1183 1182 1182 1183 1183 1184 1184 1185 1185 1186 1186 1185 1185 1184 1184 1185 1185 1186 1186 1104 1104 1187 1187 1104 1104 1186 1186 1104 1104 1187 1187 1105 1105 1188 1188 1189 1189 1190 1190 1191 1191 1166 1166 1192 1192 1193 1193 1192 1192 1166 1166 1192 1192 1193 1193 1194 1194 1195 1195 1194 1194 1193 1193 1194 1194 1195 1195 1196 1196 1197 1197 1196 1196 1195 1195 1196 1196 1197 1197 1198 1198 1199 1199 1198 1198 1197 1197 1198 1198 1199 1199 1200 1200 1201 1201 1200 1200 1199 1199 1200 1200 1201 1201 1202 1202 1203 1203 1202 1202 1201 1201 1202 1202 1203 1203 1204 1204 1205 1205 1204 1204 1203 1203 1204 1204 1205 1205 1115 1115 1206 1206 1115 1115 1205 1205 1115 1115 1206 1206 1114 1114 1161 1161 1207 1207 1089 1089 1208 1208 1089 1089 1207 1207 1089 1089 1208 1208 1191 1191 1209 1209 1191 1191 1208 1208 1191 1191 1209 1209 1166 1166 1210 1210 1166 1166 1209 1209 1166 1166 1210 1210 1167 1167 1086 1086 1211 1211 1137 1137 1212 1212 1137 1137 1211 1211 1137 1137 1212 1212 1213 1213 1214 1214 1213 1213 1212 1212 1213 1213 1214 1214 1188 1188 1215 1215 1188 1188 1214 1214 1188 1188 1215 1215 1189 1189 1190 1190 1216 1216 1188 1188 1113 1113 1188 1188 1216 1216 1188 1188 1113 1113 1217 1217 1112 1112 1217 1217 1113 1113 1217 1217 1112 1112 1218 1218 1219 1219 1218 1218 1112 1112 1218 1218 1219 1219 1173 1173 1220 1220 1173 1173 1219 1219 1173 1173 1220 1220 1174 1174 1103 1103 1221 1221 1101 1101 1222 1222 1101 1101 1221 1221 1101 1101 1222 1222 1223 1223 1224 1224 1223 1223 1222 1222 1223 1223 1224 1224 1225 1225 1226 1226 1225 1225 1224 1224 1225 1225 1226 1226 1227 1227 1228 1228 1227 1227 1226 1226 1227 1227 1228 1228 1229 1229 1230 1230 1229 1229 1228 1228 1229 1229 1230 1230 1231 1231 1232 1232 1231 1231 1230 1230 1231 1231 1232 1232 1233 1233 1234 1234 1233 1233 1232 1232 1233 1233 1234 1234 1170 1170 1235 1235 1170 1170 1234 1234 1170 1170 1235 1235 1171 1171 1236 1236 1237 1237 1238 1238 1239 1239 1240 1240 1241 1241 1242 1242 1238 1238 1243 1243 1237 1237 1243 1243 1238 1238 1243 1243 1237 1237 1244 1244 1241 1241 1240 1240 1245 1245 1246 1246 1245 1245 1240 1240 1245 1245 1246 1246 1238 1238 1247 1247 1238 1238 1246 1246 1238 1238 1247 1247 1236 1236 1241 1241 1248 1248 1239 1239 1249 1249 1239 1239 1248 1248 1239 1239 1249 1249 1250 1250 1244 1244 1237 1237 1251 1251 1252 1252 1251 1251 1237 1237 1251 1251 1252 1252 1253 1253 1250 1250 1254 1254 1239 1239 1255 1255 1239 1239 1254 1254 1239 1239 1255 1255 1256 1256 1256 1256 1257 1257 1239 1239 1258 1258 1239 1239 1257 1257 1239 1239 1258 1258 1259 1259 1260 1260 1261 1261 1262 1262 1263 1263 1262 1262 1261 1261 1262 1262 1263 1263 1264 1264 1265 1265 1264 1264 1263 1263 1264 1264 1265 1265 1266 1266 1267 1267 1266 1266 1265 1265 1266 1266 1267 1267 1268 1268 1269 1269 1268 1268 1267 1267 1268 1268 1269 1269 1270 1270 1271 1271 1270 1270 1269 1269 1270 1270 1271 1271 1272 1272 1273 1273 1272 1272 1271 1271 1272 1272 1273 1273 1274 1274 1275 1275 1274 1274 1273 1273 1276 1276 1277 1277 1278 1278 1279 1279 1278 1278 1277 1277 1280 1280 1281 1281 1282 1282 1283 1283 1280 1280 1284 1284 1285 1285 1286 1286 1287 1287 1288 1288 1287 1287 1286 1286 1287 1287 1288 1288 1289 1289 1283 1283 1289 1289 1288 1288 1289 1289 1283 1283 1290 1290 1284 1284 1290 1290 1283 1283 1291 1291 1292 1292 1293 1293 1280 1280 1282 1282 1284 1284 1294 1294 1284 1284 1282 1282 1284 1284 1294 1294 1295 1295 1296 1296 1295 1295 1294 1294 1295 1295 1296 1296 1297 1297 1298 1298 1297 1297 1296 1296 1297 1297 1298 1298 1299 1299 1300 1300 1299 1299 1298 1298 1299 1299 1300 1300 1301 1301 1302 1302 1301 1301 1300 1300 1301 1301 1302 1302 1303 1303 1304 1304 1303 1303 1302 1302 1303 1303 1304 1304 1305 1305 1306 1306 1305 1305 1304 1304 1305 1305 1306 1306 1307 1307 1308 1308 1307 1307 1306 1306 1307 1307 1308 1308 1309 1309 1310 1310 1309 1309 1308 1308 1309 1309 1310 1310 1311 1311 1312 1312 1311 1311 1310 1310 1311 1311 1312 1312 1313 1313 1314 1314 1313 1313 1312 1312 1313 1313 1314 1314 1315 1315 1316 1316 1315 1315 1314 1314 1315 1315 1316 1316 1317 1317 1318 1318 1317 1317 1316 1316 1317 1317 1318 1318 1319 1319 1320 1320 1319 1319 1318 1318 1319 1319 1320 1320 1321 1321 1322 1322 1321 1321 1320 1320 1321 1321 1322 1322 1323 1323 1324 1324 1323 1323 1322 1322 1323 1323 1324 1324 1325 1325 1326 1326 1325 1325 1324 1324 1325 1325 1326 1326 1327 1327 1328 1328 1327 1327 1326 1326 1327 1327 1328 1328 1329 1329 1330 1330 1329 1329 1328 1328 1329 1329 1330 1330 1331 1331 1332 1332 1331 1331 1330 1330 1331 1331 1332 1332 1333 1333 1334 1334 1333 1333 1332 1332 1333 1333 1334 1334 1335 1335 1336 1336 1335 1335 1334 1334 1335 1335 1336 1336 1337 1337 1338 1338 1337 1337 1336 1336 1337 1337 1338 1338 1339 1339 1340 1340 1339 1339 1338 1338 1339 1339 1340 1340 1341 1341 1342 1342 1341 1341 1340 1340 1341 1341 1342 1342 1343 1343 1344 1344 1343 1343 1342 1342 1343 1343 1344 1344 1345 1345 1346 1346 1345 1345 1344 1344 1345 1345 1346 1346 1347 1347 1348 1348 1347 1347 1346 1346 1347 1347 1348 1348 1349 1349 1350 1350 1349 1349 1348 1348 1349 1349 1350 1350 1351 1351 1352 1352 1351 1351 1350 1350 1351 1351 1352 1352 1353 1353 1354 1354 1353 1353 1352 1352 1353 1353 1354 1354 1355 1355 1356 1356 1355 1355 1354 1354 1355 1355 1356 1356 1357 1357 1358 1358 1357 1357 1356 1356 1357 1357 1358 1358 1359 1359 1360 1360 1359 1359 1358 1358 1359 1359 1360 1360 1361 1361 1362 1362 1361 1361 1360 1360 1361 1361 1362 1362 1363 1363 1364 1364 1363 1363 1362 1362 1363 1363 1364 1364 1365 1365 1366 1366 1365 1365 1364 1364 1365 1365 1366 1366 1367 1367 1368 1368 1367 1367 1366 1366 1367 1367 1368 1368 1369 1369 1370 1370 1369 1369 1368 1368 1369 1369 1370 1370 1371 1371 1372 1372 1371 1371 1370 1370 1371 1371 1372 1372 1373 1373 1374 1374 1373 1373 1372 1372 1373 1373 1374 1374 1375 1375 1376 1376 1375 1375 1374 1374 1375 1375 1376 1376 1377 1377 1378 1378 1377 1377 1376 1376 1377 1377 1378 1378 1379 1379 1380 1380 1379 1379 1378 1378 1379 1379 1380 1380 1381 1381 1382 1382 1381 1381 1380 1380 1381 1381 1382 1382 1383 1383 1384 1384 1383 1383 1382 1382 1383 1383 1384 1384 1385 1385 1386 1386 1385 1385 1384 1384 1385 1385 1386 1386 1387 1387 1388 1388 1387 1387 1386 1386 1387 1387 1388 1388 1389 1389 1291 1291 1389 1389 1388 1388 1389 1389 1291 1291 1390 1390 1293 1293 1390 1390 1291 1291 1390 1390 1293 1293 1285 1285 1391 1391 1285 1285 1293 1293 1285 1285 1391 1391 1286 1286 1392 1392 1393 1393 1394 1394 1395 1395 1394 1394 1393 1393 1394 1394 1395 1395 1396 1396 1397 1397 1396 1396 1395 1395 1396 1396 1397 1397 1398 1398 1399 1399 1398 1398 1397 1397 1398 1398 1399 1399 1400 1400 1401 1401 1400 1400 1399 1399 1400 1400 1401 1401 1402 1402 1403 1403 1402 1402 1401 1401 1402 1402 1403 1403 1404 1404 1405 1405 1404 1404 1403 1403 1404 1404 1405 1405 1406 1406 1407 1407 1406 1406 1405 1405 1406 1406 1407 1407 1408 1408 1409 1409 1408 1408 1407 1407 1408 1408 1409 1409 1410 1410 1411 1411 1410 1410 1409 1409 1410 1410 1411 1411 1412 1412 1413 1413 1412 1412 1411 1411 1412 1412 1413 1413 1414 1414 1415 1415 1414 1414 1413 1413 1414 1414 1415 1415 1416 1416 1417 1417 1416 1416 1415 1415 1416 1416 1417 1417 1418 1418 1419 1419 1418 1418 1417 1417 1418 1418 1419 1419 1420 1420 1421 1421 1420 1420 1419 1419 1420 1420 1421 1421 1422 1422 1423 1423 1422 1422 1421 1421 1422 1422 1423 1423 1424 1424 1425 1425 1424 1424 1423 1423 1424 1424 1425 1425 1426 1426 1427 1427 1426 1426 1425 1425 1426 1426 1427 1427 1428 1428 1429 1429 1428 1428 1427 1427 1428 1428 1429 1429 1430 1430 1431 1431 1430 1430 1429 1429 1430 1430 1431 1431 1432 1432 1433 1433 1432 1432 1431 1431 1432 1432 1433 1433 1434 1434 1435 1435 1434 1434 1433 1433 1434 1434 1435 1435 1436 1436 1437 1437 1436 1436 1435 1435 1436 1436 1437 1437 1438 1438 1439 1439 1438 1438 1437 1437 1438 1438 1439 1439 1392 1392 1393 1393 1392 1392 1439 1439 1279 1279 1277 1277 1440 1440 1441 1441 1440 1440 1277 1277 1440 1440 1441 1441 1442 1442 1443 1443 1442 1442 1441 1441 1442 1442 1443 1443 1444 1444 1445 1445 1444 1444 1443 1443 1444 1444 1445 1445 1446 1446 1447 1447 1446 1446 1445 1445 1446 1446 1447 1447 1448 1448 1449 1449 1448 1448 1447 1447 1448 1448 1449 1449 1450 1450 1451 1451 1450 1450 1449 1449 1450 1450 1451 1451 1452 1452 1453 1453 1452 1452 1451 1451 1452 1452 1453 1453 1454 1454 1452 1452 1454 1454 1455 1455 1456 1456 1455 1455 1454 1454 1455 1455 1456 1456 1457 1457 1261 1261 1457 1457 1456 1456 1457 1457 1261 1261 1260 1260 1458 1458 1459 1459 1460 1460 1461 1461 1460 1460 1459 1459 1460 1460 1461 1461 1462 1462 1463 1463 1462 1462 1461 1461 1462 1462 1463 1463 1464 1464 1465 1465 1464 1464 1463 1463 1464 1464 1465 1465 1466 1466 1467 1467 1466 1466 1465 1465 1466 1466 1467 1467 1468 1468 1469 1469 1468 1468 1467 1467 1468 1468 1469 1469 1470 1470 1471 1471 1470 1470 1469 1469 1470 1470 1471 1471 1472 1472 1473 1473 1472 1472 1471 1471 1472 1472 1473 1473 1474 1474 1475 1475 1474 1474 1473 1473 1474 1474 1475 1475 1476 1476 1477 1477 1476 1476 1475 1475 1476 1476 1477 1477 1478 1478 1479 1479 1478 1478 1477 1477 1478 1478 1479 1479 1480 1480 1481 1481 1480 1480 1479 1479 1480 1480 1481 1481 1482 1482 1483 1483 1482 1482 1481 1481 1482 1482 1483 1483 1484 1484 1485 1485 1484 1484 1483 1483 1484 1484 1485 1485 1486 1486 1487 1487 1486 1486 1485 1485 1486 1486 1487 1487 1488 1488 1489 1489 1488 1488 1487 1487 1488 1488 1489 1489 1490 1490 1491 1491 1490 1490 1489 1489 1490 1490 1491 1491 1492 1492 1493 1493 1492 1492 1491 1491 1492 1492 1493 1493 1494 1494 1495 1495 1494 1494 1493 1493 1494 1494 1495 1495 1496 1496 1497 1497 1496 1496 1495 1495 1496 1496 1497 1497 1498 1498 1499 1499 1498 1498 1497 1497 1498 1498 1499 1499 1500 1500 1501 1501 1500 1500 1499 1499 1500 1500 1501 1501 1502 1502 1503 1503 1502 1502 1501 1501 1502 1502 1503 1503 1504 1504 1505 1505 1504 1504 1503 1503 1504 1504 1505 1505 1458 1458 1459 1459 1458 1458 1505 1505 1275 1275 1506 1506 1274 1274 1507 1507 1274 1274 1506 1506</p>
        </triangles>
      </mesh>
    </geometry>
  </library_geometries>
  <library_materials>
    <material id="160ca01bf1c04a83b8d81eab07b87ca6" name="defaultmaterial">
      <instance_effect url="#eeb36dbe71384b2087aec96c3fa6fc10"/>
    </material>
  </library_materials>
  <library_visual_scenes>
    <visual_scene id="scene">
      <node id="node0" name="node0">
        <instance_geometry url="#f3112b3ab7ea4532b22a1d9661b7b93f">
          <bind_material>
            <technique_common>
              <instance_material symbol="material0" target="#160ca01bf1c04a83b8d81eab07b87ca6"/>
            </technique_common>
          </bind_material>
        </instance_geometry>
      </node>
    </visual_scene>
  </library_visual_scenes>
  <scene>
    <instance_visual_scene url="#scene"/>
  </scene>
</COLLADA>
