<COLLADA xmlns="http://www.collada.org/2005/11/COLLADASchema" version="1.4.1">
  <asset>
    <created>2026-09-13T16:25:55.264713</created>
    <modified>2026-09-13T16:25:55.264713</modified>
    <up_axis>Y_UP</up_axis>
  </asset>
  <library_effects>
    <effect id="9e6d605b758d464b84b4b10c7a0a55c4" name="9e6d605b758d464b84b4b10c7a0a55c4">
      <profile_COMMON>
        <technique sid="common">
          <phong>
            <emission>
              <color>0.0 0.0 0.0 1.0</color>
            </emission>
            <ambient>
              <color>0.0 0.0 0.0 1.0</color>
            </ambient>
            <diffuse>
              <color>0.792156862745098 0.8196078431372549 0.9333333333333333 1.0</color>
            </diffuse>
            <specular>
              <color>0.0 0.0 0.0 1.0</color>
            </specular>
            <shininess>
              <float>0.0</float>
            </shininess>
            <reflective>
              <color>0.0 0.0 0.0 1.0</color>
            </reflective>
            <reflectivity>
              <float>0.0</float>
            </reflectivity>
            <transparent>
              <color>0.0 0.0 0.0 1.0</color>
            </transparent>
            <transparency>
              <float>1.0</float>
            </transparency>
          </phong>
        </technique>
        <extra>
          <technique profile="GOOGLEEARTH">
            <double_sided>0</double_sided>
          </technique>
        </extra>
      </profile_COMMON>
    </effect>
  </library_effects>
  <library_geometries>
    <geometry id="51dad5a5eb70405699ff4213f97a597b" name="cdcd4b3a693143f296c6b2d5e8f46c6a">
      <mesh>
        <source id="verts-array">
          <float_array count="17121" id="verts-array-array">0.0107637 -0.01326382 -0.01791477 0.009150002 -0.01331112 -0.01791197 0.0107251 -0.01314902 -0.01792857 0.009150002 -0.01307242 -0.01793787 0.010699 -0.01307142 -0.01793787 0.0112 -0.01457232 -0.01643787 0.009150002 -0.01457242 -0.01643787 0.0111939 -0.01455392 -0.01660977 0.009150002 -0.01454522 -0.01667737 0.0111844 -0.01452542 -0.01679417 0.0111886 -0.01453812 -0.01675687 0.0111915 -0.01454662 -0.01667757 0.0111518 -0.01442832 -0.01707937 0.0111526 -0.01443062 -0.01707277 0.009150002 -0.01444222 -0.01703507 0.0111568 -0.01444322 -0.01703547 0.009150002 -0.01453432 -0.01677367 0.0111642 -0.01446512 -0.01697137 0.0111723 -0.01448952 -0.01689967 0.009150002 -0.01425452 -0.01735707 0.0110996 -0.01427212 -0.01733027 0.009150002 -0.01442212 -0.01709237 0.0111176 -0.01432592 -0.01724387 0.0111228 -0.01434152 -0.01721867 0.0110252 -0.01404852 -0.01757087 0.009150002 -0.01424142 -0.01737787 0.0110518 -0.01412842 -0.01749047 0.0110702 -0.01418392 -0.01743447 0.0110787 -0.01420922 -0.01740897 0.011091 -0.01424642 -0.01737147 0.0110939 -0.01425512 -0.01735747 0.0109546 -0.01383642 -0.01771917 0.0109633 -0.01386262 -0.01770237 0.009150002 -0.01399152 -0.01762167 0.009150002 -0.01366912 -0.01780907 0.0108987 -0.01366842 -0.01780747 0.009150002 -0.01371412 -0.01779367 0.010922 -0.01373862 -0.01778187 0.0109295 -0.01376112 -0.01776737 0.0109954 -0.01395892 -0.01764067 0.011006 -0.01399072 -0.01762037 0.009150002 -0.01400132 -0.01761567 0.011014 -0.01401472 -0.01760497 0.0110146 -0.01401642 -0.01760317 0.010769 -0.01327952 -0.01791287 0.0107795 -0.01331072 -0.01790917 0.009150002 -0.01339442 -0.01790287 0.0108135 -0.01341182 -0.01789697 0.0108191 -0.01342852 -0.01789497 0.0108251 -0.01344672 -0.01788837 0.010853 -0.01353082 -0.01785767 0.0108914 -0.01364632 -0.01781547 0.0108927 -0.01365052 -0.01781397 0.0111876 -0.01424182 -0.01737067 0.011104 -0.01420242 -0.01742387 0.011257 -0.01412102 -0.01748507 0.0111577 -0.01407802 -0.01754247 0.0110563 -0.01403442 -0.01758807 0.0112008 -0.01393622 -0.01764177 0.0110946 -0.01389402 -0.01768587 0.0109873 -0.01385162 -0.01771927 0.0111315 -0.01373542 -0.01776407 0.0111723 -0.01448952 -0.01689967 0.0111642 -0.01446512 -0.01697137 0.0113131 -0.01444392 -0.01701687 0.0111228 -0.01434152 -0.01721867 0.0112681 -0.01428002 -0.01730737 0.0109004 -0.01364692 -0.01781507 0.0107851 -0.01326752 -0.01791377 0.0111588 -0.01322562 -0.01785467 0.0110407 -0.01335512 -0.01788747 0.0109159 -0.01331302 -0.01791137 0.0121686 -0.01382062 -0.01643767 0.0121317 -0.01391752 -0.01643777 0.0121236 -0.01391422 -0.01664207 0.0113049 -0.01456582 -0.01643787 0.0112878 -0.01455692 -0.01661977 0.0113216 -0.01456482 -0.01643787 0.0113664 -0.01455382 -0.01643787 0.0114779 -0.01452662 -0.01643787 0.0114615 -0.01452282 -0.01663587 0.0115501 -0.01450892 -0.01643787 0.0116295 -0.01445732 -0.01664777 0.0116008 -0.01448262 -0.01643777 0.0117858 -0.01436092 -0.01665467 0.0117637 -0.01439822 -0.01643777 0.0116443 -0.01446012 -0.01643777 0.0119216 -0.01423852 -0.01665617 0.0118107 -0.01435672 -0.01643777 0.0118004 -0.01436582 -0.01643777 0.0120373 -0.01408722 -0.01665207 0.0119839 -0.01418372 -0.01643777 0.0119483 -0.01423562 -0.01643777 0.0121102 -0.01397392 -0.01643777 0.0120882 -0.01403162 -0.01643777 0.0120479 -0.01409032 -0.01643777 0.0121777 -0.01374922 -0.01643767 0.0121719 -0.01374552 -0.01662817 0.0121789 -0.01373902 -0.01643767 0.0121805 -0.01356592 -0.01660867 0.0122 -0.01357242 -0.01643767 0.0120652 -0.01370682 -0.01702297 0.0121615 -0.01355962 -0.01677537 0.0121316 -0.01373082 -0.01683147 0.0121727 -0.01356332 -0.01667727 0.011837 -0.01362632 -0.01739597 0.0119542 -0.01349052 -0.01724227 0.0119034 -0.01364952 -0.01731047 0.0120077 -0.01350832 -0.01715827 0.0119623 -0.01367022 -0.01722227 0.0120496 -0.01352232 -0.01709257 0.0120152 -0.01368892 -0.01712887 0.0120699 -0.01352912 -0.01703497 0.012093 -0.01353682 -0.01696967 0.0118633 -0.01346012 -0.01738477 0.0118814 -0.01346612 -0.01735647 0.011899 -0.01347202 -0.01732887 0.0115881 -0.01336842 -0.01764227 0.0116198 -0.01337902 -0.01762277 0.0115879 -0.01354052 -0.01763187 0.011675 -0.01339742 -0.01756877 0.0112966 -0.01327132 -0.01780867 0.0113421 -0.01328642 -0.01779347 0.0112783 -0.01343532 -0.01780977 0.0109389 -0.01315232 -0.01791367 0.0110002 -0.01317302 -0.01790747 0.0110386 -0.01318582 -0.01789467 0.0109097 -0.01314252 -0.01791667 0.0107784 -0.01309822 -0.01792987 0.0109151 -0.01347812 -0.01787947 0.0110153 -0.01369262 -0.01779857 0.0112328 -0.01452552 -0.01680577 0.011404 -0.01449212 -0.01683957 0.0111939 -0.01455392 -0.01660977 0.01104 -0.01352162 -0.01785447 0.0112476 -0.01440962 -0.01710687 0.0111809 -0.01437492 -0.01717997 0.0113421 -0.01431552 -0.01723607 0.0109954 -0.01395892 -0.01764067 0.0111568 -0.01356232 -0.01782047 0.0111641 -0.01339672 -0.01785267 0.0112793 -0.01326552 -0.01781447 0.0112394 -0.01377532 -0.01772127 0.0112719 -0.01360252 -0.01777597 0.0113035 -0.01397732 -0.01758737 0.0113452 -0.01381472 -0.01766837 0.0113775 -0.01363962 -0.01772457 0.0113896 -0.01347302 -0.01775707 0.0113425 -0.01415852 -0.01742387 0.0114032 -0.01401772 -0.01752177 0.0114465 -0.01385282 -0.01760587 0.01148 -0.01367592 -0.01766367 0.0114907 -0.01350732 -0.01769877 0.0114244 -0.01419472 -0.01735287 0.0114885 -0.01405262 -0.01745377 0.0115442 -0.01388992 -0.01753297 0.0115773 -0.01371052 -0.01759437 0.0114911 -0.01333612 -0.01770187 0.011388 -0.01330172 -0.01776527 0.0117479 -0.01377212 -0.01743817 0.0117654 -0.01360152 -0.01747557 0.011838 -0.01345172 -0.01740957 0.0114109 -0.01434882 -0.01715487 0.0114991 -0.01422812 -0.01727457 0.0115696 -0.01408622 -0.01737647 0.0116269 -0.01392172 -0.01745937 0.0116701 -0.01374392 -0.01751577 0.0116793 -0.01357182 -0.01755777 0.0117565 -0.01342452 -0.01748917 0.011728 -0.01433352 -0.01688017 0.011571 -0.01442792 -0.01686487 0.0116856 -0.01431372 -0.01698407 0.0115284 -0.01440672 -0.01696397 0.0116356 -0.01429042 -0.01708147 0.0114782 -0.01438182 -0.01705627 0.0115683 -0.01425952 -0.01718667 0.0118659 -0.01421372 -0.01688467 0.011825 -0.01419562 -0.01699077 0.0117765 -0.01417432 -0.01709107 0.011711 -0.01414602 -0.01720037 0.0116432 -0.01411712 -0.01729277 0.0119854 -0.01406542 -0.01687767 0.0119472 -0.01404952 -0.01698337 0.0119017 -0.01403082 -0.01708407 0.0118398 -0.01400572 -0.01719497 0.0117754 -0.01397992 -0.01729007 0.011705 -0.01395222 -0.01737737 0.0120771 -0.01389602 -0.01685857 0.0120427 -0.01388262 -0.01696117 0.0120015 -0.01386672 -0.01705957 0.0119451 -0.01384532 -0.01716927 0.011886 -0.01382312 -0.01726447 0.0118208 -0.01379892 -0.01735337 0.0121043 -0.01390662 -0.01675177 0.0120158 -0.01407812 -0.01676667 0.0118984 -0.01422812 -0.01677257 0.0117617 -0.01434952 -0.01676977 0.0116051 -0.01444502 -0.01675887 0.0121859 -0.01373992 -0.01518787 0.0122 -0.01357242 -0.01518787 0.0121151 -0.01397572 -0.01518787 0.0119888 -0.01418712 -0.01518787 0.0119839 -0.01418372 -0.01643777 0.0116033 -0.01448752 -0.01518787 0.01175 -0.01439982 -0.01518787 0.0118147 -0.01436122 -0.01518787 0.0113675 -0.01455832 -0.01518787 0.0112 -0.01457242 -0.01518787 0.009150002 -0.01457242 -0.01518787 0.0177575 -0.01922242 0.01481213 0.01175 -0.01922242 0.01481213 0.01175 -0.02444742 0.01481213 -0.009867558 0.02535238 0.01481213 -0.009199998 0.02542758 0.01481213 -0.0127 0.02542758 0.01481213 -0.015 0.0227217 0.01481213 -0.015 0.01927758 0.01481213 -0.0138309 0.01725258 0.01481213 -0.0140454 0.01697299 0.01481213 -0.0122 0.009427582 0.01481213 -0.0146506 0.01923158 0.01481213 -0.014325 0.01909671 0.01481213 -0.0140454 0.01888217 0.01481213 -0.0138309 0.01860258 0.01481213 -0.013696 0.01827699 0.01481213 -0.01365 0.01792758 0.01481213 -0.0121248 0.02309514 0.01481213 -0.0119029 0.02372928 0.01481213 -0.0115455 0.02429808 0.01481213 -0.0122 0.02242758 0.01481213 -0.013696 0.01757817 0.01481213 -0.0110705 0.02477308 0.01481213 -0.0105017 0.02513048 0.01481213 -0.0138309 0.0002525821 0.01481213 -0.0140454 -2.701788e-05 0.01481213 -0.0122 -0.007572418 0.01481213 -0.014325 0.002096682 0.01481213 -0.0140454 0.001882182 0.01481213 -0.0138309 0.001602582 0.01481213 -0.013696 0.001276982 0.01481213 -0.01365 0.0009275821 0.01481213 -0.013696 0.0005781821 0.01481213 -0.013696 -0.01572302 0.01481213 -0.0122 -0.01657242 0.01481213 -0.0138309 -0.01539742 0.01481213 -0.0140454 -0.01511782 0.01481213 -0.014325 -0.01490332 0.01481213 -0.01365 -0.01607242 0.01481213 -0.013696 -0.01642182 0.01481213 -0.0121248 -0.01724002 0.01481213 -0.0138309 -0.01674742 0.01481213 -0.015 -0.01922242 0.01481213 -0.0105859 -0.01922242 0.01481213 -0.014325 -0.01724152 0.01481213 -0.0110705 -0.01891792 0.01481213 -0.0140454 -0.01702702 0.01481213 -0.0115455 -0.01844292 0.01481213 -0.0119029 -0.01787412 0.01481213 -0.007195998 -0.02272182 0.01481213 -0.007330868 -0.02304742 0.01481213 2.016856e-09 -0.02444742 0.01481213 -0.007545408 -0.02332702 0.01481213 -0.008849408 -0.02367642 0.01481213 -0.009174998 -0.02354152 0.01481213 -0.0133163 -0.02444742 0.01481213 -0.009454588 -0.02332702 0.01481213 -0.009174998 -0.02120332 0.01481213 -0.008849408 -0.02106842 0.01481213 -0.009199998 -0.01957242 0.01481213 -0.007824998 -0.02354152 0.01481213 -0.008150588 -0.02367642 0.01481213 -0.008499998 -0.02372242 0.01481213 -0.009849998 -0.02237242 0.01481213 -0.009803998 -0.02202302 0.01481213 -0.009669128 -0.02169742 0.01481213 -0.009454588 -0.02141782 0.01481213 -0.0105017 -0.01927532 0.01481213 -0.009867558 -0.01949722 0.01481213 -0.008499998 -0.02102242 0.01481213 -0.008150588 -0.02106842 0.01481213 2.016856e-09 -0.01957242 0.01481213 -0.007824998 -0.02120332 0.01481213 -0.007545408 -0.02141782 0.01481213 -0.007330868 -0.02169742 0.01481213 -0.007195998 -0.02202302 0.01481213 -0.007149998 -0.02237242 0.01481213 -0.009669128 -0.02304742 0.01481213 -0.009803998 -0.02272182 0.01481213 -0.015 -0.02246652 0.01481213 0.009804002 -0.02272182 0.01481213 0.009669132 -0.02304742 0.01481213 0.009454592 -0.02332702 0.01481213 0.009175002 -0.02354152 0.01481213 0.007330872 -0.02304742 0.01481213 0.007545412 -0.02332702 0.01481213 0.007825002 -0.02354152 0.01481213 0.009804002 -0.02202302 0.01481213 0.009850002 -0.02237242 0.01481213 0.008849412 -0.02367642 0.01481213 0.008500002 -0.02372242 0.01481213 0.008150592 -0.02367642 0.01481213 0.007330872 -0.02169742 0.01481213 0.007545412 -0.02141782 0.01481213 0.007825002 -0.02120332 0.01481213 0.009200002 -0.01957242 0.01481213 0.008150592 -0.02106842 0.01481213 0.008500002 -0.02102242 0.01481213 0.008849412 -0.02106842 0.01481213 0.009867562 -0.01949722 0.01481213 0.009175002 -0.02120332 0.01481213 0.0105017 -0.01927532 0.01481213 0.009454592 -0.02141782 0.01481213 0.009669132 -0.02169742 0.01481213 0.007196002 -0.02272182 0.01481213 0.007150002 -0.02237242 0.01481213 0.007196002 -0.02202302 0.01481213 0.0115455 -0.01844292 0.01481213 0.0110705 -0.01891792 0.01481213 0.0105859 -0.01922242 0.01481213 0.0161691 -0.01539742 0.01481213 0.016304 -0.01572302 0.01481213 0.0178 -0.007572418 0.01481213 0.01635 -0.01607242 0.01481213 0.0178 -0.01917242 0.01481213 0.016304 -0.01642182 0.01481213 0.0146506 -0.01476842 0.01481213 0.015 -0.01472242 0.01481213 0.0153494 -0.01476842 0.01481213 0.015675 -0.01724152 0.01481213 0.0159546 -0.01702702 0.01481213 0.0161691 -0.01674742 0.01481213 0.015675 -0.01490332 0.01481213 0.0159546 -0.01511782 0.01481213 0.0153494 -0.01737642 0.01481213 0.015 -0.01742242 0.01481213 0.0146506 -0.01737642 0.01481213 0.014325 -0.01724152 0.01481213 0.0140454 -0.01702702 0.01481213 0.0138309 -0.01674742 0.01481213 0.013696 -0.01642182 0.01481213 0.0122 -0.01657242 0.01481213 0.01365 -0.01607242 0.01481213 0.013696 -0.01572302 0.01481213 0.0122 -0.007572418 0.01481213 0.0138309 -0.01539742 0.01481213 0.0121248 -0.01724002 0.01481213 0.0119029 -0.01787412 0.01481213 0.01175 -0.01811742 0.01481213 0.0140454 -0.01511782 0.01481213 0.014325 -0.01490332 0.01481213 0.0138309 0.001602582 0.01481213 0.0140454 0.001882182 0.01481213 0.0122 0.009427582 0.01481213 0.0140454 -2.701788e-05 0.01481213 0.0138309 0.0002525821 0.01481213 0.0153494 0.002231582 0.01481213 0.015675 0.002096682 0.01481213 0.0178 0.009427582 0.01481213 0.016304 0.0005781821 0.01481213 0.0161691 0.0002525821 0.01481213 0.0153494 -0.0003764179 0.01481213 0.015 -0.0004224179 0.01481213 0.0146506 -0.0003764179 0.01481213 0.014325 -0.0002415179 0.01481213 0.013696 0.0005781821 0.01481213 0.01365 0.0009275821 0.01481213 0.013696 0.001276982 0.01481213 0.014325 0.002096682 0.01481213 0.0146506 0.002231582 0.01481213 0.015 0.002277582 0.01481213 0.01635 0.0009275821 0.01481213 0.016304 0.001276982 0.01481213 0.0159546 -2.701788e-05 0.01481213 0.015675 -0.0002415179 0.01481213 0.0159546 0.001882182 0.01481213 0.0161691 0.001602582 0.01481213 0.0159546 0.01697299 0.01481213 0.015675 0.01675845 0.01481213 0.0127 0.02542758 0.01481213 0.0153494 0.01923158 0.01481213 0.0178 0.01942758 0.01481213 0.015675 0.01909671 0.01481213 0.0159546 0.01888217 0.01481213 0.0161691 0.01860258 0.01481213 0.016304 0.01827699 0.01481213 0.014325 0.01675845 0.01481213 0.0140454 0.01697299 0.01481213 0.0138309 0.01725258 0.01481213 0.013696 0.01757817 0.01481213 0.01365 0.01792758 0.01481213 0.0122 0.02242758 0.01481213 0.013696 0.01827699 0.01481213 0.01635 0.01792758 0.01481213 0.016304 0.01757817 0.01481213 0.0161691 0.01725258 0.01481213 0.0138309 0.01860258 0.01481213 0.0140454 0.01888217 0.01481213 0.0121248 0.02309514 0.01481213 0.0153494 0.01662358 0.01481213 0.015 0.01657758 0.01481213 0.0146506 0.01662358 0.01481213 0.014325 0.01909671 0.01481213 0.0146506 0.01923158 0.01481213 0.015 0.01927758 0.01481213 0.0110705 0.02477308 0.01481213 0.0115455 0.02429808 0.01481213 0.01175 0.02542758 0.01481213 0.01175 0.02397258 0.01481213 0.0119029 0.02372928 0.01481213 0.009200002 0.02542758 0.01481213 0.009867562 0.02535238 0.01481213 0.0105017 0.02513048 0.01481213 0.01175 -0.02517242 0.01481213 0.0127 -0.02517242 0.01481213 0.0133163 -0.02444742 0.01481213 -0.0127 -0.02517242 0.01481213 -0.017075 -0.01922242 0.01481213 -0.017075 -0.02002532 0.01481213 -0.017075 -0.007572418 0.01481213 -0.0178 -0.01917242 0.01481213 -0.0177575 -0.01922242 0.01481213 -0.0159546 0.01697299 0.01481213 -0.0161691 0.01725258 0.01481213 -0.017075 0.009427582 0.01481213 -0.015675 0.01675845 0.01481213 -0.014325 0.01675845 0.01481213 -0.0146506 0.01662358 0.01481213 -0.015 0.009427582 0.01481213 -0.015 0.01657758 0.01481213 -0.0153494 0.01662358 0.01481213 -0.016304 0.01757817 0.01481213 -0.01635 0.01792758 0.01481213 -0.017075 0.02028052 0.01481213 -0.016304 0.01827699 0.01481213 -0.0161691 0.01860258 0.01481213 -0.0159546 0.01888217 0.01481213 -0.015675 0.01909671 0.01481213 -0.0153494 0.01923158 0.01481213 -0.014325 -0.0002415179 0.01481213 -0.0146506 -0.0003764179 0.01481213 -0.015 -0.007572418 0.01481213 -0.015 -0.0004224179 0.01481213 -0.0153494 -0.0003764179 0.01481213 -0.015675 -0.0002415179 0.01481213 -0.0153494 0.002231582 0.01481213 -0.015 0.002277582 0.01481213 -0.0146506 0.002231582 0.01481213 -0.016304 0.0005781821 0.01481213 -0.01635 0.0009275821 0.01481213 -0.016304 0.001276982 0.01481213 -0.0161691 0.001602582 0.01481213 -0.0159546 0.001882182 0.01481213 -0.015675 0.002096682 0.01481213 -0.0159546 -2.701788e-05 0.01481213 -0.0161691 0.0002525821 0.01481213 -0.0146506 -0.01737642 0.01481213 -0.015 -0.01742242 0.01481213 -0.0153494 -0.01737642 0.01481213 -0.015675 -0.01724152 0.01481213 -0.0159546 -0.01702702 0.01481213 -0.0161691 -0.01674742 0.01481213 -0.0153494 -0.01476842 0.01481213 -0.015 -0.01472242 0.01481213 -0.0146506 -0.01476842 0.01481213 -0.0161691 -0.01539742 0.01481213 -0.0159546 -0.01511782 0.01481213 -0.015675 -0.01490332 0.01481213 -0.016304 -0.01642182 0.01481213 -0.01635 -0.01607242 0.01481213 -0.016304 -0.01572302 0.01481213 -0.0178 0.01942758 0.01481213 -0.0178 0.009427582 0.01481213 -0.0178 -0.007572418 0.01481213 2.016856e-09 -0.02517242 0.01481213 -0.0178 0.01545258 0.01031213 -0.0178 0.01395258 0.01031213 -0.0178 0.01545258 0.01231213 -0.0178 0.01395258 0.01281213 -0.0178 0.01942758 0.01231213 -0.0178 0.01942758 0.01481213 -0.0178 0.004902582 0.01031213 -0.0178 0.003402582 0.01031213 -0.0178 0.004902582 0.01281213 -0.0178 0.003402582 0.01231213 -0.0178 0.009427582 0.01481213 -0.0178 -0.007572418 0.01481213 -0.0178 -0.001547418 0.01231213 -0.0178 -0.001547418 0.01031213 -0.0178 -0.003047418 0.01031213 -0.0178 -0.003047418 0.01281213 -0.0178 -0.01209742 0.01281213 -0.0178 -0.01917242 0.01481213 -0.0178 -0.01854742 0.01031213 -0.0178 -0.01917242 0.01031213 -0.0178 -0.01854742 0.01231213 -0.0178 -0.01359742 0.01231213 -0.0178 -0.01359742 0.01031213 -0.0178 -0.01209742 0.01031213 -0.01635 0.01792758 0.01481213 -0.01635 0.01792758 0.01231213 -0.016304 0.01827699 0.01481213 -0.016304 0.01827699 0.01231213 -0.0161691 0.01860258 0.01481213 -0.0161691 0.01860258 0.01231213 -0.0159546 0.01888217 0.01481213 -0.0159546 0.01888217 0.01231213 -0.015675 0.01909671 0.01481213 -0.015675 0.01909671 0.01231213 -0.0153494 0.01923158 0.01481213 -0.0153494 0.01923158 0.01231213 -0.015 0.01927758 0.01481213 -0.015 0.01927758 0.01231213 -0.0146506 0.01923158 0.01481213 -0.0146506 0.01923158 0.01231213 -0.014325 0.01909671 0.01481213 -0.014325 0.01909671 0.01231213 -0.0140454 0.01888217 0.01481213 -0.0140454 0.01888217 0.01231213 -0.0138309 0.01860258 0.01481213 -0.0138309 0.01860258 0.01231213 -0.013696 0.01827699 0.01481213 -0.013696 0.01827699 0.01231213 -0.01365 0.01792758 0.01481213 -0.01365 0.01792758 0.01231213 0.0178 -0.01209742 0.01031213 0.0122 -0.01209742 0.01031213 0.0178 -0.01209742 0.01281213 0.0122 -0.01209742 0.01281213 0.0178 0.004902582 0.01031213 0.0122 0.004902582 0.01031213 0.0178 0.004902582 0.01281213 0.0122 0.004902582 0.01281213 0.013696 0.001276982 0.01231213 0.01365 0.0009275821 0.01231213 0.0121421 0.0009275821 0.01231213 0.0146506 0.002231582 0.01231213 0.014325 0.002096682 0.01231213 0.0135711 0.003402582 0.01231213 0.0140454 0.001882182 0.01231213 0.0138309 0.001602582 0.01231213 0.0178 0.003402582 0.01231213 0.0153494 0.002231582 0.01231213 0.015 0.002277582 0.01231213 0.013696 0.0005781821 0.01231213 0.0138309 0.0002525821 0.01231213 0.0135711 -0.001547418 0.01231213 0.0140454 -2.701788e-05 0.01231213 0.014325 -0.0002415179 0.01231213 0.0146506 -0.0003764179 0.01231213 0.015 -0.0004224179 0.01231213 0.0178 -0.001547418 0.01231213 0.0153494 -0.0003764179 0.01231213 0.0161691 0.001602582 0.01231213 0.0159546 0.001882182 0.01231213 0.015675 0.002096682 0.01231213 0.015675 -0.0002415179 0.01231213 0.0159546 -2.701788e-05 0.01231213 0.0161691 0.0002525821 0.01231213 0.016304 0.0005781821 0.01231213 0.01635 0.0009275821 0.01231213 0.016304 0.001276982 0.01231213 -0.0178 0.004902582 0.01281213 -0.0178 0.01395258 0.01281213 -0.0122 0.004902582 0.01281213 -0.0122 0.01395258 0.01281213 -0.0168 -0.002322418 -0.001187871 -0.0168 -0.002322418 -0.01068787 -0.0168 -0.01682242 -0.001187871 -0.0168 -0.003047418 -0.01068787 -0.0168 -0.003047418 -0.01318787 -0.0168 -0.01209742 -0.01318787 -0.0168 -0.01209742 -0.01068787 -0.0168 -0.01359742 -0.01068787 -0.0168 -0.01682242 -0.01068787 0.0178 -0.01854742 0.01231213 0.0178 -0.01854742 0.01031213 0.0135711 -0.01854742 0.01231213 0.0135711 -0.01854742 0.01031213 0.001385642 0.01422758 -0.01943787 0.002598082 0.01492758 -0.01943787 0.001545482 0.01384169 -0.01943787 0.002897782 0.01420404 -0.01943787 0.001600002 0.01342758 -0.01943787 0.003000002 0.01342758 -0.01943787 0.001545482 0.01301347 -0.01943787 0.002897782 0.01265113 -0.01943787 0.001385642 0.01262758 -0.01943787 0.002598082 0.01192758 -0.01943787 0.001131372 0.01229621 -0.01943787 0.002121322 0.01130626 -0.01943787 0.000800002 0.01204194 -0.01943787 0.001500002 0.0108295 -0.01943787 0.000414112 0.0118821 -0.01943787 0.000776459 0.0105298 -0.01943787 2.016856e-09 0.01182758 -0.01943787 2.016856e-09 0.01042758 -0.01943787 -0.000414108 0.0118821 -0.01943787 -0.000776455 0.0105298 -0.01943787 -0.000799998 0.01204194 -0.01943787 -0.001499998 0.0108295 -0.01943787 -0.001131368 0.01229621 -0.01943787 -0.002121318 0.01130626 -0.01943787 -0.001385638 0.01262758 -0.01943787 -0.002598078 0.01192758 -0.01943787 -0.001545478 0.01301347 -0.01943787 -0.002897778 0.01265113 -0.01943787 -0.001599998 0.01342758 -0.01943787 -0.002999998 0.01342758 -0.01943787 -0.001545478 0.01384169 -0.01943787 -0.002897778 0.01420404 -0.01943787 -0.001385638 0.01422758 -0.01943787 -0.002598078 0.01492758 -0.01943787 -0.001131368 0.01455895 -0.01943787 -0.002121318 0.0155489 -0.01943787 -0.000799998 0.01481322 -0.01943787 -0.001499998 0.01602566 -0.01943787 -0.000414108 0.01497306 -0.01943787 -0.000776455 0.01632536 -0.01943787 2.016856e-09 0.01502758 -0.01943787 2.016856e-09 0.01642758 -0.01943787 0.000414112 0.01497306 -0.01943787 0.000776459 0.01632536 -0.01943787 0.000800002 0.01481322 -0.01943787 0.001500002 0.01602566 -0.01943787 0.001131372 0.01455895 -0.01943787 0.002121322 0.0155489 -0.01943787 -0.004524998 -0.01957242 0.01281213 0.004525002 -0.01957242 0.01281213 -0.004524998 -0.02517242 0.01281213 0.004525002 -0.02517242 0.01281213 -0.0135711 -0.01854742 0.01231213 -0.0135711 -0.01854742 0.01031213 -0.0178 -0.01854742 0.01231213 -0.0178 -0.01854742 0.01031213 -0.0178 0.003402582 0.01031213 -0.0178 0.004902582 0.01031213 -0.0135711 0.003402582 0.01031213 -0.0122 0.004902582 0.01031213 -0.0122 0.001027882 0.01031213 0.01365 0.0009275821 -0.01268787 0.01365 0.0009275821 -0.01518787 0.013696 0.001276982 -0.01268787 0.013696 0.001276982 -0.01518787 0.0138309 0.001602582 -0.01268787 0.0138309 0.001602582 -0.01518787 0.0140454 0.001882182 -0.01268787 0.0140454 0.001882182 -0.01518787 0.014325 0.002096682 -0.01268787 0.014325 0.002096682 -0.01518787 0.0146506 0.002231582 -0.01268787 0.0146506 0.002231582 -0.01518787 0.015 0.002277582 -0.01268787 0.015 0.002277582 -0.01518787 0.0153494 0.002231582 -0.01268787 0.0153494 0.002231582 -0.01518787 0.015675 0.002096682 -0.01268787 0.015675 0.002096682 -0.01518787 0.0159546 0.001882182 -0.01268787 0.0159546 0.001882182 -0.01518787 0.0161691 0.001602582 -0.01268787 0.0161691 0.001602582 -0.01518787 0.016304 0.001276982 -0.01268787 0.016304 0.001276982 -0.01518787 0.01635 0.0009275821 -0.01268787 0.01635 0.0009275821 -0.01518787 -0.0170562 -0.02004742 -0.01068787 -0.0170562 -0.02004742 -0.01318787 -0.012475 -0.02004742 -0.01068787 -0.012475 -0.02004742 -0.01318787 0.0170562 -0.02004742 0.01031213 0.0178 -0.01917242 0.01031213 0.0170562 -0.02004742 0.01281213 0.0178 -0.01917242 0.01481213 0.0127 -0.02517242 0.01481213 0.0127 -0.02517242 0.01281213 0.0133163 -0.02444742 0.01481213 0.0177575 -0.01922242 0.01481213 2.016856e-09 0.006927582 -0.01793787 2.016856e-09 0.006927582 -0.01693787 0.001446392 0.007090552 -0.01793787 0.001446392 0.007090552 -0.01693787 0.002820242 0.007571282 -0.01793787 0.002820242 0.007571282 -0.01693787 0.004052682 0.008345682 -0.01793787 0.004052682 0.008345682 -0.01693787 0.005081902 0.009374902 -0.01793787 0.005081902 0.009374902 -0.01693787 0.005856302 0.01060734 -0.01793787 0.005856302 0.01060734 -0.01693787 0.006337032 0.01198119 -0.01793787 0.006337032 0.01198119 -0.01693787 0.006500002 0.01342758 -0.01793787 0.006500002 0.01342758 -0.01693787 0.006337032 0.01487397 -0.01793787 0.006337032 0.01487397 -0.01693787 0.005856302 0.01624782 -0.01793787 0.005856302 0.01624782 -0.01693787 0.005081902 0.01748026 -0.01793787 0.005081902 0.01748026 -0.01693787 0.004052682 0.01850948 -0.01793787 0.004052682 0.01850948 -0.01693787 0.002820242 0.01928388 -0.01793787 0.002820242 0.01928388 -0.01693787 0.001446392 0.01976461 -0.01793787 0.001446392 0.01976461 -0.01693787 2.016856e-09 0.01992758 -0.01793787 2.016856e-09 0.01992758 -0.01693787 -0.0122 -0.003172418 0.01031213 -0.0116 -0.003172418 0.01031213 -0.0122 -0.01209742 0.01031213 -0.0116 -0.01597242 0.01031213 -0.0178 -0.01359742 0.01031213 -0.0178 -0.01209742 0.01031213 -0.0135711 -0.01359742 0.01031213 -0.0122 -0.01597232 0.01031213 0.0121421 -0.01607242 0.01031213 0.0122 -0.01617272 0.01031213 0.0122 -0.01597232 0.01031213 -0.0122 -0.01682242 -0.001187871 -0.0122 -0.01682242 -0.01068787 -0.0122 -0.01757242 -0.01068787 -0.0122 -0.01597232 0.01031213 -0.0122 -0.01597242 -0.001187871 -0.0122 -0.01617272 0.01031213 -0.0122 -0.01757242 0.01031213 0.0135711 -0.01359742 0.01031213 0.0135711 -0.01359742 0.01231213 0.0122 -0.01597232 0.01031213 0.0121421 -0.01607242 0.01231213 0.0121421 -0.01607242 0.01031213 0.0116 -0.01597242 0.01031213 0.0116 -0.003172418 0.01031213 0.0122 -0.01209742 0.01031213 0.0122 -0.003172418 0.01031213 0.0122 -0.01597232 0.01031213 0.0135711 -0.01359742 0.01031213 0.0178 -0.01359742 0.01031213 0.0178 -0.01209742 0.01031213 -0.0121421 -0.01607242 0.01031213 -0.0121421 -0.01607242 0.01231213 -0.0122 -0.01597232 0.01031213 -0.0135711 -0.01359742 0.01231213 -0.0135711 -0.01359742 0.01031213 -0.0121421 -0.01607242 0.01031213 -0.0122 -0.01597232 0.01031213 -0.0122 -0.01617272 0.01031213 -0.005649998 -0.01657242 -0.01793787 -0.005649008 -0.01807142 -0.01793787 -0.005888698 -0.01657242 -0.01791197 -0.005726578 -0.01809752 -0.01792857 -0.005841388 -0.01813612 -0.01791477 -0.007149938 -0.01857242 -0.01643787 -0.007149998 -0.01657242 -0.01643787 -0.007131478 -0.01856632 -0.01660977 -0.007122848 -0.01657242 -0.01667737 -0.007019848 -0.01657242 -0.01703507 -0.007020838 -0.01852922 -0.01703547 -0.007111938 -0.01657242 -0.01677367 -0.007042688 -0.01853662 -0.01697137 -0.007067068 -0.01854472 -0.01689967 -0.007102978 -0.01855682 -0.01679417 -0.007115678 -0.01856102 -0.01675687 -0.007124198 -0.01856392 -0.01667757 -0.006919138 -0.01849522 -0.01721867 -0.007005928 -0.01852422 -0.01707937 -0.007008168 -0.01852502 -0.01707277 -0.006626108 -0.01839762 -0.01757087 -0.006832098 -0.01657242 -0.01735707 -0.006818958 -0.01657242 -0.01737787 -0.006705978 -0.01842422 -0.01749047 -0.006761498 -0.01844262 -0.01743447 -0.006786808 -0.01845112 -0.01740897 -0.006824018 -0.01846342 -0.01737147 -0.006832738 -0.01846632 -0.01735747 -0.006999698 -0.01657242 -0.01709237 -0.006849668 -0.01847202 -0.01733027 -0.006903488 -0.01849002 -0.01724387 -0.006413948 -0.01832702 -0.01771917 -0.006440168 -0.01833572 -0.01770237 -0.006569148 -0.01657242 -0.01762167 -0.006246698 -0.01657242 -0.01780907 -0.006245998 -0.01827112 -0.01780747 -0.006291708 -0.01657242 -0.01779367 -0.006316168 -0.01829442 -0.01778187 -0.006338728 -0.01830192 -0.01776737 -0.006536488 -0.01836782 -0.01764067 -0.006568258 -0.01837842 -0.01762037 -0.006578908 -0.01657242 -0.01761567 -0.006592288 -0.01838642 -0.01760497 -0.006594018 -0.01838692 -0.01760317 -0.005857078 -0.01814142 -0.01791287 -0.005888268 -0.01815192 -0.01790917 -0.005971958 -0.01657242 -0.01790287 -0.005989398 -0.01818592 -0.01789697 -0.006006098 -0.01819152 -0.01789497 -0.006024278 -0.01819752 -0.01788837 -0.006108388 -0.01822542 -0.01785767 -0.006223878 -0.01826382 -0.01781547 -0.006228048 -0.01826512 -0.01781397 0.006102592 -0.01943062 -0.01707277 0.006106852 -0.01944332 -0.01703537 -0.006106678 -0.01944232 -0.01703497 -0.006140898 -0.01954512 -0.01667727 0.006143882 -0.01955392 -0.01660977 -0.006143508 -0.01955292 -0.01660867 0.006150002 -0.01957232 -0.01643787 -0.006149998 -0.01957242 -0.01643767 -0.006114348 -0.01946542 -0.01696967 0.006114162 -0.01946512 -0.01697137 -0.006137168 -0.01953392 -0.01677537 0.006122342 -0.01948952 -0.01689967 0.006134382 -0.01952542 -0.01679417 0.006138642 -0.01953812 -0.01675687 0.006141472 -0.01954662 -0.01667747 -0.006099918 -0.01942202 -0.01709257 -0.006085938 -0.01938012 -0.01715827 0.006072832 -0.01934152 -0.01721877 -0.006068058 -0.01932662 -0.01724227 -0.006049628 -0.01927142 -0.01732887 0.006067602 -0.01932592 -0.01724387 0.006049612 -0.01927212 -0.01733027 -0.006043748 -0.01925382 -0.01735647 0.006043972 -0.01925522 -0.01735747 0.006101832 -0.01942832 -0.01707937 -0.006037738 -0.01923572 -0.01738477 -0.006029278 -0.01921042 -0.01740957 0.005964552 -0.01901642 -0.01760317 -0.006002118 -0.01912892 -0.01748917 -0.005974978 -0.01904742 -0.01756877 0.005963972 -0.01901472 -0.01760497 -0.005956578 -0.01899232 -0.01762267 0.005955992 -0.01899072 -0.01762027 0.006001782 -0.01912842 -0.01749047 0.006020252 -0.01918392 -0.01743447 0.005975222 -0.01904852 -0.01757087 0.006028662 -0.01920922 -0.01740897 0.006041042 -0.01924642 -0.01737147 0.005904562 -0.01883642 -0.01771917 0.005913292 -0.01886262 -0.01770237 0.005945382 -0.01895892 -0.01764067 0.005803032 -0.01853082 -0.01785767 0.005841352 -0.01864632 -0.01781547 -0.005763358 -0.01841102 -0.01789467 -0.005848888 -0.01866902 -0.01780867 -0.005843148 -0.01865172 -0.01781447 -0.005803188 -0.01853122 -0.01785467 0.005763472 -0.01841182 -0.01789697 0.005769082 -0.01842852 -0.01789497 0.005775122 -0.01844672 -0.01788837 0.005842742 -0.01865052 -0.01781397 0.005848712 -0.01866842 -0.01780747 -0.005863968 -0.01871452 -0.01779347 0.005871982 -0.01873862 -0.01778187 -0.005879248 -0.01876042 -0.01776527 0.005879502 -0.01876112 -0.01776737 -0.005913658 -0.01886352 -0.01770187 -0.005945988 -0.01896052 -0.01764227 -0.005956558 -0.01899222 -0.01762277 0.005713702 -0.01826382 -0.01791477 -0.005729948 -0.01831132 -0.01791367 0.005675092 -0.01814902 -0.01792857 -0.005720068 -0.01828212 -0.01791667 0.005649012 -0.01807142 -0.01793787 -0.005675798 -0.01815082 -0.01792987 0.005718972 -0.01827952 -0.01791287 0.005729472 -0.01831072 -0.01790917 -0.005750628 -0.01837262 -0.01790747 -0.006819398 -0.01856002 -0.01737067 -0.006779988 -0.01847642 -0.01742387 -0.006698638 -0.01862942 -0.01748507 -0.006655578 -0.01853012 -0.01754247 -0.006612008 -0.01842872 -0.01758807 -0.006513778 -0.01857322 -0.01764177 -0.006471588 -0.01846702 -0.01768587 -0.006429188 -0.01835972 -0.01771927 -0.006312968 -0.01850392 -0.01776407 -0.007067068 -0.01854472 -0.01689967 -0.007042688 -0.01853662 -0.01697137 -0.007021508 -0.01868552 -0.01701687 -0.006919138 -0.01849522 -0.01721867 -0.006857628 -0.01864052 -0.01730737 -0.006224518 -0.01827282 -0.01781507 -0.005845138 -0.01815752 -0.01791377 -0.005932698 -0.01841312 -0.01788747 -0.005890628 -0.01828832 -0.01791137 -0.006398238 -0.01954102 -0.01643767 -0.006495078 -0.01950412 -0.01643777 -0.006491758 -0.01949602 -0.01664207 -0.007143428 -0.01867732 -0.01643787 -0.007134448 -0.01866022 -0.01661977 -0.007142388 -0.01869402 -0.01643787 -0.007131428 -0.01873882 -0.01643787 -0.007104158 -0.01885032 -0.01643787 -0.007100378 -0.01883392 -0.01663587 -0.007086488 -0.01892252 -0.01643787 -0.007034858 -0.01900192 -0.01664777 -0.007060218 -0.01897322 -0.01643777 -0.006938498 -0.01915822 -0.01665467 -0.006975768 -0.01913612 -0.01643777 -0.007037678 -0.01901672 -0.01643777 -0.006816108 -0.01929402 -0.01665617 -0.006934308 -0.01918312 -0.01643777 -0.006943398 -0.01917282 -0.01643777 -0.006664758 -0.01940972 -0.01665207 -0.006761298 -0.01935632 -0.01643777 -0.006813168 -0.01932072 -0.01643777 -0.006551468 -0.01948262 -0.01643777 -0.006609188 -0.01946062 -0.01643777 -0.006667928 -0.01942032 -0.01643777 -0.006326758 -0.01955012 -0.01643767 -0.006323088 -0.01954432 -0.01662817 -0.006316628 -0.01955132 -0.01643767 -0.006284398 -0.01943762 -0.01702297 -0.006137168 -0.01953392 -0.01677537 -0.006308378 -0.01950402 -0.01683147 -0.006203878 -0.01920942 -0.01739597 -0.006227068 -0.01927582 -0.01731047 -0.006247758 -0.01933472 -0.01722227 -0.006266528 -0.01938762 -0.01712887 -0.005945988 -0.01896052 -0.01764227 -0.006118088 -0.01896032 -0.01763187 -0.006012908 -0.01865072 -0.01780977 -0.006055728 -0.01828752 -0.01787947 -0.006270148 -0.01838772 -0.01779857 -0.007103048 -0.01860522 -0.01680577 -0.007069678 -0.01877642 -0.01683957 -0.007131478 -0.01856632 -0.01660977 -0.006099188 -0.01841242 -0.01785447 -0.006987158 -0.01862002 -0.01710687 -0.006952458 -0.01855332 -0.01717997 -0.006893058 -0.01871452 -0.01723607 -0.006536488 -0.01836782 -0.01764067 -0.006139898 -0.01852922 -0.01782047 -0.005974328 -0.01853652 -0.01785267 -0.006352898 -0.01861182 -0.01772127 -0.006180118 -0.01864432 -0.01777597 -0.006554908 -0.01867592 -0.01758737 -0.006392308 -0.01871762 -0.01766837 -0.006217228 -0.01874992 -0.01772457 -0.006050588 -0.01876202 -0.01775707 -0.006736068 -0.01871492 -0.01742387 -0.006595298 -0.01877562 -0.01752177 -0.006430418 -0.01881892 -0.01760587 -0.006253458 -0.01885242 -0.01766367 -0.006084948 -0.01886312 -0.01769877 -0.006772268 -0.01879682 -0.01735287 -0.006630228 -0.01886092 -0.01745377 -0.006467518 -0.01891662 -0.01753297 -0.006288108 -0.01894972 -0.01759437 -0.006349738 -0.01912032 -0.01743817 -0.006179058 -0.01913782 -0.01747557 -0.006926418 -0.01878332 -0.01715487 -0.006805698 -0.01887152 -0.01727457 -0.006663838 -0.01894202 -0.01737647 -0.006499348 -0.01899932 -0.01745937 -0.006321458 -0.01904252 -0.01751577 -0.006149368 -0.01905172 -0.01755777 -0.006911128 -0.01910042 -0.01688017 -0.007005508 -0.01894342 -0.01686487 -0.006891278 -0.01905802 -0.01698407 -0.006984258 -0.01890082 -0.01696397 -0.006867988 -0.01900802 -0.01708147 -0.006959378 -0.01885062 -0.01705627 -0.006837078 -0.01894072 -0.01718667 -0.006791248 -0.01923832 -0.01688467 -0.006773178 -0.01919742 -0.01699077 -0.006751928 -0.01914892 -0.01709107 -0.006723608 -0.01908342 -0.01720037 -0.006694728 -0.01901562 -0.01729277 -0.006643018 -0.01935782 -0.01687767 -0.006627148 -0.01931962 -0.01698337 -0.006608408 -0.01927412 -0.01708407 -0.006583288 -0.01921222 -0.01719497 -0.006557518 -0.01914782 -0.01729007 -0.006529758 -0.01907742 -0.01737737 -0.006473578 -0.01944952 -0.01685857 -0.006460218 -0.01941512 -0.01696117 -0.006444348 -0.01937392 -0.01705957 -0.006422898 -0.01931752 -0.01716927 -0.006400668 -0.01925842 -0.01726447 -0.006376488 -0.01919322 -0.01735337 -0.006484198 -0.01947672 -0.01675177 -0.006655698 -0.01938822 -0.01676667 -0.006805738 -0.01927082 -0.01677257 -0.006927068 -0.01913412 -0.01676977 -0.007022598 -0.01897752 -0.01675887 -0.006317508 -0.01955832 -0.01518787 -0.006149998 -0.01957242 -0.01518787 -0.006553318 -0.01948752 -0.01518787 -0.006764678 -0.01936122 -0.01518787 -0.006938778 -0.01918712 -0.01518787 -0.007065058 -0.01897572 -0.01518787 -0.006903458 -0.01922242 -0.01518787 -0.006761298 -0.01935632 -0.01643777 -0.007135868 -0.01873992 -0.01518787 -0.007149998 -0.01857242 -0.01518787 -0.007149998 -0.01657242 -0.01518787 -0.0121727 0.01941848 -0.01667727 -0.0121742 -0.01356392 -0.01667747 -0.0121805 0.01942109 -0.01660867 -0.0121815 -0.01356632 -0.01660977 -0.0122 0.01942758 -0.01643767 -0.0121999 -0.01357242 -0.01643787 -0.012153 -0.01355682 -0.01679417 -0.0121657 -0.01356102 -0.01675687 -0.0121615 0.01941475 -0.01677537 -0.012093 0.01939193 -0.01696967 -0.0120582 -0.01352502 -0.01707277 -0.0120709 -0.01352922 -0.01703537 -0.0120699 0.01938426 -0.01703497 -0.0120927 -0.01353662 -0.01697137 -0.0121171 -0.01354472 -0.01689967 -0.0120077 0.01936352 -0.01715827 -0.0119542 0.01934564 -0.01724227 -0.0119691 -0.01349522 -0.01721877 -0.0120496 0.0193775 -0.01709257 -0.0120559 -0.01352422 -0.01707937 -0.011838 0.01930686 -0.01740957 -0.0117565 0.0192797 -0.01748917 -0.0116183 -0.01337842 -0.01762027 -0.011675 0.01925256 -0.01756877 -0.0116199 0.01923417 -0.01762267 -0.011756 -0.01342422 -0.01749047 -0.0118115 -0.01344262 -0.01743447 -0.0118814 0.01932133 -0.01735647 -0.0116761 -0.01339762 -0.01757087 -0.0118633 0.01931532 -0.01738477 -0.0116423 -0.01338642 -0.01760497 -0.011644 -0.01338692 -0.01760317 -0.0118368 -0.01345112 -0.01740897 -0.011874 -0.01346342 -0.01737147 -0.0118828 -0.01346642 -0.01735747 -0.011899 0.01932721 -0.01732887 -0.0118997 -0.01347202 -0.01733027 -0.0119535 -0.01349002 -0.01724387 -0.0116198 0.01923414 -0.01762277 -0.0115881 0.01922357 -0.01764227 -0.0113887 -0.01330192 -0.01776737 -0.011464 -0.01332702 -0.01771917 -0.0114902 -0.01333572 -0.01770237 -0.0115865 -0.01336782 -0.01764067 -0.0110386 0.01904094 -0.01789467 -0.0109383 -0.01315192 -0.01790917 -0.0111588 0.01908077 -0.01785467 -0.0112793 0.01912073 -0.01781447 -0.0112739 -0.01326382 -0.01781547 -0.0112966 0.01912647 -0.01780867 -0.0111584 -0.01322542 -0.01785767 -0.0110573 -0.01319172 -0.01789467 -0.0110743 -0.01319752 -0.01788837 -0.0110394 -0.01318592 -0.01789697 -0.0110561 -0.01319152 -0.01789497 -0.0114911 0.01919124 -0.01770187 -0.011388 0.01915683 -0.01776527 -0.0113662 -0.01329442 -0.01778187 -0.0113421 0.01914155 -0.01779347 -0.011296 -0.01327112 -0.01780747 -0.0112781 -0.01326512 -0.01781397 -0.0110002 0.01902821 -0.01790747 -0.0109389 0.01900753 -0.01791367 -0.0109071 -0.01314142 -0.01791287 -0.0108914 -0.01313612 -0.01791477 -0.0107766 -0.01309752 -0.01792857 -0.0109097 0.01899765 -0.01791667 -0.010699 -0.01307142 -0.01793787 -0.0107784 0.01895338 -0.01792987 -0.010699 0.01892659 -0.01793787 -0.0111876 0.02009697 -0.01737067 -0.011104 0.02005757 -0.01742387 -0.011257 0.01997622 -0.01748507 -0.0111577 0.01993316 -0.01754247 -0.0110563 0.01988959 -0.01758807 -0.0112008 0.01979136 -0.01764177 -0.0110946 0.01974917 -0.01768587 -0.0109873 0.01970677 -0.01771927 -0.0111315 0.01959055 -0.01776407 -0.0111723 0.02034465 -0.01689967 -0.0111642 0.02032027 -0.01697137 -0.0113131 0.02029909 -0.01701687 -0.0111228 0.02019672 -0.01721867 -0.0111176 0.02018107 -0.01724387 -0.0112681 0.02013521 -0.01730737 -0.0108987 0.01952358 -0.01780747 -0.0108927 0.01950563 -0.01781397 -0.0109004 0.0195021 -0.01781507 -0.010769 0.01913466 -0.01791287 -0.0107637 0.01911897 -0.01791477 -0.0107851 0.01912272 -0.01791377 -0.0107251 0.01900416 -0.01792857 -0.0110407 0.01921028 -0.01788747 -0.0109159 0.01916821 -0.01791137 -0.0121686 0.01967582 -0.01643767 -0.0121317 0.01977266 -0.01643777 -0.0121236 0.01976934 -0.01664207 -0.0113049 0.02042101 -0.01643787 -0.0112878 0.02041203 -0.01661977 -0.0113216 0.02041997 -0.01643787 -0.0113664 0.02040901 -0.01643787 -0.0114779 0.02038174 -0.01643787 -0.0114615 0.02037796 -0.01663587 -0.0115501 0.02036407 -0.01643787 -0.0116295 0.02031244 -0.01664777 -0.0116008 0.0203378 -0.01643777 -0.0117858 0.02021608 -0.01665467 -0.0117637 0.02025335 -0.01643777 -0.0116443 0.02031526 -0.01643777 -0.0119216 0.02009369 -0.01665617 -0.0118107 0.02021189 -0.01643777 -0.0118004 0.02022098 -0.01643777 -0.0120373 0.01994234 -0.01665207 -0.0119839 0.02003888 -0.01643777 -0.0119483 0.02009075 -0.01643777 -0.0121102 0.01982905 -0.01643777 -0.0120882 0.01988677 -0.01643777 -0.0120479 0.01994551 -0.01643777 -0.0121777 0.01960433 -0.01643767 -0.0121719 0.01960067 -0.01662817 -0.0121789 0.01959421 -0.01643767 -0.0120652 0.01956198 -0.01702297 -0.0121615 0.01941475 -0.01677537 -0.0121316 0.01958596 -0.01683147 -0.011837 0.01948146 -0.01739597 -0.0119034 0.01950465 -0.01731047 -0.0119623 0.01952534 -0.01722227 -0.0120152 0.01954411 -0.01712887 -0.0115881 0.01922357 -0.01764227 -0.0115879 0.01939567 -0.01763187 -0.0112783 0.01929049 -0.01780977 -0.0107795 0.01916585 -0.01790917 -0.0108191 0.01928368 -0.01789497 -0.0108135 0.01926698 -0.01789697 -0.0108251 0.01930186 -0.01788837 -0.0109151 0.01933331 -0.01787947 -0.010853 0.01938597 -0.01785767 -0.0108914 0.01950146 -0.01781547 -0.0109546 0.01969153 -0.01771917 -0.0109295 0.01961631 -0.01776737 -0.0110153 0.01954773 -0.01779857 -0.010922 0.01959375 -0.01778187 -0.0110702 0.02003908 -0.01743447 -0.0110518 0.01998356 -0.01749047 -0.0110252 0.01990369 -0.01757087 -0.0110146 0.0198716 -0.01760317 -0.011014 0.01986987 -0.01760497 -0.0110996 0.02012725 -0.01733027 -0.0110939 0.02011032 -0.01735747 -0.011091 0.0201016 -0.01737147 -0.0111886 0.02039326 -0.01675687 -0.0111844 0.02038056 -0.01679417 -0.0112328 0.02038063 -0.01680577 -0.011404 0.02034726 -0.01683957 -0.0112 0.02042752 -0.01643787 -0.0111939 0.02040906 -0.01660977 -0.0111915 0.02040178 -0.01667757 -0.01104 0.01937677 -0.01785447 -0.0112476 0.02026474 -0.01710687 -0.0111809 0.02023004 -0.01717997 -0.0113421 0.02017064 -0.01723607 -0.011006 0.01984584 -0.01762037 -0.0109954 0.01981407 -0.01764067 -0.0109633 0.01971775 -0.01770237 -0.0111568 0.01941748 -0.01782047 -0.0111641 0.01925191 -0.01785267 -0.0112394 0.01963048 -0.01772127 -0.0112719 0.0194577 -0.01777597 -0.0110787 0.02006439 -0.01740897 -0.0113035 0.01983249 -0.01758737 -0.0113452 0.01966989 -0.01766837 -0.0113775 0.0194948 -0.01772457 -0.0113896 0.01932817 -0.01775707 -0.0113425 0.02001364 -0.01742387 -0.0114032 0.01987288 -0.01752177 -0.0114465 0.019708 -0.01760587 -0.01148 0.01953104 -0.01766367 -0.0114907 0.01936253 -0.01769877 -0.0111568 0.02029842 -0.01703547 -0.0111526 0.02028575 -0.01707277 -0.0111518 0.02028351 -0.01707937 -0.0114244 0.02004985 -0.01735287 -0.0114885 0.01990781 -0.01745377 -0.0115442 0.0197451 -0.01753297 -0.0115773 0.01956569 -0.01759437 -0.0117479 0.01962732 -0.01743817 -0.0117654 0.01945664 -0.01747557 -0.0114109 0.020204 -0.01715487 -0.0114991 0.02008328 -0.01727457 -0.0115696 0.01994142 -0.01737647 -0.0116269 0.01977693 -0.01745937 -0.0116701 0.01959904 -0.01751577 -0.0116793 0.01942695 -0.01755777 -0.011728 0.02018871 -0.01688017 -0.011571 0.02028309 -0.01686487 -0.0116856 0.02016886 -0.01698407 -0.0115284 0.02026184 -0.01696397 -0.0116356 0.02014557 -0.01708147 -0.0114782 0.02023696 -0.01705627 -0.0115683 0.02011466 -0.01718667 -0.0118659 0.02006883 -0.01688467 -0.011825 0.02005076 -0.01699077 -0.0117765 0.02002951 -0.01709107 -0.011711 0.02000119 -0.01720037 -0.0116432 0.01997231 -0.01729277 -0.0119854 0.0199206 -0.01687767 -0.0119472 0.01990473 -0.01698337 -0.0119017 0.01988599 -0.01708407 -0.0118398 0.01986087 -0.01719497 -0.0117754 0.0198351 -0.01729007 -0.011705 0.01980734 -0.01737737 -0.0120771 0.01975116 -0.01685857 -0.0120427 0.0197378 -0.01696117 -0.0120015 0.01972193 -0.01705957 -0.0119451 0.01970048 -0.01716927 -0.011886 0.01967825 -0.01726447 -0.0118208 0.01965407 -0.01735337 -0.0121043 0.01976178 -0.01675177 -0.0120158 0.01993328 -0.01676667 -0.0118984 0.02008332 -0.01677257 -0.0117617 0.02020465 -0.01676977 -0.0116051 0.02030018 -0.01675887 -0.009149998 0.01892758 -0.01793787 -0.009149998 0.01916628 -0.01791197 -0.009149998 0.02042758 -0.01643787 -0.0111939 0.02040906 -0.01660977 -0.009149998 0.02040043 -0.01667737 -0.009149998 0.02029743 -0.01703507 -0.0111642 0.02032027 -0.01697137 -0.009149998 0.02038952 -0.01677367 -0.0111723 0.02034465 -0.01689967 -0.0111228 0.02019672 -0.01721867 -0.009149998 0.02010968 -0.01735707 -0.009149998 0.02009654 -0.01737787 -0.009149998 0.01984673 -0.01762167 -0.009149998 0.01985649 -0.01761567 -0.009149998 0.02027728 -0.01709237 -0.0109954 0.01981407 -0.01764067 -0.009149998 0.01952428 -0.01780907 -0.009149998 0.01924954 -0.01790287 -0.009149998 0.01956929 -0.01779367 -0.0121859 0.01959509 -0.01518787 -0.0122 0.01942758 -0.01518787 -0.0121151 0.0198309 -0.01518787 -0.0119888 0.02004226 -0.01518787 -0.0119839 0.02003888 -0.01643777 -0.0118147 0.02021636 -0.01518787 -0.0116033 0.02034264 -0.01518787 -0.0113675 0.02041345 -0.01518787 -0.0112 0.02042758 -0.01518787 -0.0116 -0.01597242 0.01031213 -0.0116 -0.01597242 -0.001187871 -0.0122 -0.01597232 0.01031213 -0.0122 -0.01597242 -0.001187871 0.0122 -0.01757242 0.01031213 0.0122 -0.01757242 -0.01068787 0.0122 -0.01682242 -0.001187871 0.0122 -0.01682242 -0.01068787 0.0122 -0.01617272 0.01031213 0.0122 -0.01597242 -0.001187871 0.0122 -0.01597232 0.01031213 0.007128812 0.02304096 -0.01593917 0.007150002 0.02290772 -0.01572607 0.007150002 0.02242758 -0.01598867 0.006322802 0.02299721 -0.01719277 0.006254982 0.02301454 -0.01722947 0.006254982 0.02363558 -0.01688987 0.005650002 0.02444138 -0.01645517 0.005650002 0.02507988 -0.01582427 0.005901262 0.02506388 -0.01581037 0.005650002 0.02542758 -0.01538787 0.005990142 0.02542758 -0.01532087 0.006254982 0.02498388 -0.01574047 0.005900712 0.02542758 -0.01534617 0.005795872 0.02542758 -0.01537587 0.005901262 0.02369188 -0.01697987 0.005901262 0.02305996 -0.01732547 0.005812802 0.02306315 -0.01733217 0.005650002 0.02370318 -0.01699787 0.005650002 0.02323009 -0.01725657 0.005650002 0.02306902 -0.01734457 0.006071402 0.02303811 -0.01727927 0.006572022 0.02293354 -0.01705817 0.006572022 0.02353518 -0.01672927 0.006749762 0.02285753 -0.01689757 0.006833172 0.02339665 -0.01650787 0.006833172 0.02282186 -0.01682217 0.007022592 0.02322853 -0.01623907 0.007022592 0.02268628 -0.01653557 0.006919012 0.02276042 -0.01669227 0.007128812 0.02253503 -0.01621577 0.007123822 0.02254213 -0.01623077 0.007047902 0.02265025 -0.01645937 0.007150002 0.02361038 -0.01518787 0.007150002 0.02346158 -0.01532017 0.007121212 0.02396298 -0.01518787 0.007128812 0.02362458 -0.01551137 0.007110502 0.02409418 -0.01518787 0.007022592 0.02385408 -0.01578057 0.007040642 0.02435618 -0.01518787 0.007017682 0.02444228 -0.01518787 0.007022592 0.02440578 -0.01523547 0.006997872 0.02451658 -0.01518787 0.006833172 0.02464458 -0.01544407 0.006826742 0.02486588 -0.01518787 0.006605012 0.02514848 -0.01518787 0.006572022 0.02484128 -0.01561587 0.006569882 0.02517688 -0.01518787 0.006337502 0.02536508 -0.01518787 0.006254592 0.02541178 -0.01518787 0.006226652 0.02542758 -0.01518787 0.006833172 0.02405978 -0.01602187 0.006572022 0.02422918 -0.01622057 0.006254982 0.02435208 -0.01636477 0.005901262 0.02442098 -0.01644557 0.005650002 0.02443468 -0.01646177 0.006226652 0.02542758 -0.01518787 0.005990142 0.02542758 -0.01532087 0.005900712 0.02542758 -0.01534617 -0.0127 0.02542758 0.01281213 -0.0127 0.02542758 0.01481213 -0.0102 0.02542758 0.01281213 -0.009199998 0.02542758 0.01481213 -0.009199998 0.02542758 0.01656213 0.009200002 0.02542758 0.01656213 0.009200002 0.02542758 0.01481213 -0.0102 0.02542758 -0.01318787 -0.006226648 0.02542758 -0.01518787 -0.0127 0.02542758 -0.01518787 -0.0127 0.02542758 -0.01318787 -0.006085648 0.02542758 -0.01527667 0.0102 0.02542758 0.01281213 0.0127 0.02542758 -0.01318787 0.0127 0.02542758 -0.01518787 0.01175 0.02542758 -0.01518787 0.0127 0.02542758 0.01481213 0.0127 0.02542758 0.01281213 0.01175 0.02542758 0.01481213 0.0102 0.02542758 -0.01318787 0.005650002 0.02542758 -0.01538787 -0.005649998 0.02542758 -0.01538787 0.005795872 0.02542758 -0.01537587 -0.005866938 0.02542758 -0.01536097 -0.005900728 0.02542758 -0.01534787 2.016856e-09 0.01182758 -0.01943787 2.016856e-09 0.01182758 -0.01723787 0.000414112 0.0118821 -0.01943787 0.000414112 0.0118821 -0.01723787 0.000800002 0.01204194 -0.01943787 0.000800002 0.01204194 -0.01723787 0.001131372 0.01229621 -0.01943787 0.001131372 0.01229621 -0.01723787 0.001385642 0.01262758 -0.01943787 0.001385642 0.01262758 -0.01723787 0.001545482 0.01301347 -0.01943787 0.001545482 0.01301347 -0.01723787 0.001600002 0.01342758 -0.01943787 0.001600002 0.01342758 -0.01723787 0.001545482 0.01384169 -0.01943787 0.001545482 0.01384169 -0.01723787 0.001385642 0.01422758 -0.01943787 0.001385642 0.01422758 -0.01723787 0.001131372 0.01455895 -0.01943787 0.001131372 0.01455895 -0.01723787 0.000800002 0.01481322 -0.01943787 0.000800002 0.01481322 -0.01723787 0.000414112 0.01497306 -0.01943787 0.000414112 0.01497306 -0.01723787 2.016856e-09 0.01502758 -0.01943787 2.016856e-09 0.01502758 -0.01723787 -0.0178 0.004902582 -0.01068787 -0.0178 0.003402582 -0.01068787 -0.0122 0.004902582 -0.01068787 -0.0135711 0.003402582 -0.01068787 -0.0122 0.001027882 -0.01068787 0.0113767 0.02040524 -0.01643777 0.0113583 0.02040757 -0.01643777 0.0113592 0.02041483 -0.01518787 0.0112 0.02042757 -0.01643767 0.0112 0.02042758 -0.01518787 0.011597 0.02034541 -0.01518787 0.011595 0.02034026 -0.01643777 0.011545 0.0203593 -0.01643777 0.0114482 0.0203962 -0.01643777 0.0118104 0.0202197 -0.01518787 0.0118068 0.0202145 -0.01643777 0.01175 0.02025526 -0.01518787 0.0117179 0.02027551 -0.01643777 0.0116592 0.02031579 -0.01643777 0.0120257 0.01999128 -0.01643777 0.0119863 0.02004539 -0.01518787 0.0120877 0.01987178 -0.01643777 0.0121141 0.01983318 -0.01518787 0.0121091 0.01983058 -0.01643777 0.0119934 0.02002795 -0.01643777 0.0119817 0.02004129 -0.01643777 0.0118631 0.02017585 -0.01643777 0.0121365 0.01977771 -0.01643787 0.0121857 0.01959608 -0.01518787 0.0121541 0.01970541 -0.01643787 0.0122 0.01942758 -0.01518787 0.0121999 0.01942758 -0.01643787 0.0121934 0.0195324 -0.01643787 0.0121924 0.01954921 -0.01643787 0.0121812 0.01959497 -0.01643787 0.009150002 0.02042758 -0.01518787 0.009150002 0.02042758 -0.01643787 0.0111935 0.02040809 -0.01660887 0.009150002 0.0204006 -0.01667727 0.010699 0.01892654 -0.01793787 0.009150002 0.01892758 -0.01793787 0.010726 0.01900649 -0.01792987 0.009150002 0.01916612 -0.01791097 0.0107703 0.01913773 -0.01791677 0.0108933 0.01950726 -0.01781417 0.0108533 0.0193867 -0.01785427 0.009150002 0.01952401 -0.01780837 0.0108135 0.01926656 -0.01789427 0.009150002 0.01926136 -0.01790027 0.0107997 0.01922482 -0.01790817 0.01078 0.0191665 -0.01791397 0.009150002 0.01984632 -0.01762097 0.0109638 0.01971907 -0.01770167 0.0109294 0.01961593 -0.01776517 0.009150002 0.01957841 -0.01778937 0.0109142 0.01957045 -0.01779317 0.0108989 0.01952414 -0.01780857 0.0110068 0.01984806 -0.01762227 0.0110066 0.01984738 -0.01762267 0.0109961 0.01981596 -0.01764197 0.0110793 0.02006574 -0.01740937 0.0110522 0.01998431 -0.01748897 0.009150002 0.02011022 -0.01735737 0.0110251 0.01990292 -0.01756857 0.009150002 0.02010033 -0.01737307 0.009150002 0.01986281 -0.01761057 0.0111499 0.02027724 -0.01709237 0.011136 0.02023536 -0.01715817 0.009150002 0.02029777 -0.01703517 0.0111181 0.02018186 -0.01724207 0.0110997 0.02012669 -0.01732867 0.009150002 0.02027903 -0.01708867 0.0110938 0.02010895 -0.01735657 0.0110878 0.02009107 -0.01738457 0.0111909 0.02040031 -0.01667727 0.0111872 0.02038915 -0.01677517 0.009150002 0.02038997 -0.01677167 0.0111644 0.02032054 -0.01696967 0.0111567 0.02029749 -0.01703497 0.0118695 0.01941531 -0.01737047 0.0118301 0.01933176 -0.01742367 0.0117488 0.01948474 -0.01748487 0.0117058 0.01938546 -0.01754227 0.0116622 0.01928412 -0.01758797 0.0115639 0.01942873 -0.01764167 0.0115217 0.01932261 -0.01768577 0.0114793 0.01921535 -0.01771917 0.0113631 0.01935957 -0.01776387 0.0121171 0.01939997 -0.01689957 0.0120926 0.01939173 -0.01697127 0.0120715 0.01954057 -0.01701687 0.0119692 0.01935044 -0.01721857 0.0119535 0.0193452 -0.01724357 0.0119077 0.01949579 -0.01730717 0.011296 0.0191263 -0.01780747 0.0112785 0.01912048 -0.01781387 0.0112747 0.01912828 -0.01781507 0.0109076 0.01899674 -0.01791297 0.0108914 0.01899128 -0.01791487 0.0108953 0.01901315 -0.01791387 0.0107771 0.01895283 -0.01792857 0.0109828 0.01926874 -0.01788737 0.0109408 0.01914401 -0.01791137 0.011063 0.01950628 -0.01780957 0.0111682 0.01981583 -0.01763167 0.0115417 0.02035114 -0.01664227 0.0121844 0.01951533 -0.01662007 0.0121504 0.01968901 -0.01663617 0.0120849 0.019857 -0.01664797 0.0119885 0.02001333 -0.01665497 0.0118661 0.02014918 -0.01665647 0.0117147 0.02026487 -0.01665237 0.0113731 0.02039947 -0.01662837 0.0113344 0.02029276 -0.01702297 0.0113583 0.02035907 -0.01683167 0.0112539 0.02006476 -0.01739577 0.0112771 0.02013112 -0.01731027 0.0112978 0.02018991 -0.01722217 0.0113165 0.02024282 -0.01712887 0.0109383 0.01900706 -0.01790927 0.0110543 0.01904611 -0.01789537 0.0110399 0.01904126 -0.01789717 0.0110742 0.01905271 -0.01788817 0.0111059 0.0191431 -0.01787937 0.0111588 0.01908076 -0.01785747 0.0112739 0.01911894 -0.01781557 0.011464 0.01918214 -0.01771927 0.011389 0.01915718 -0.01776707 0.0113203 0.0192433 -0.01779847 0.0113649 0.01914914 -0.01778247 0.0118117 0.01929788 -0.01743457 0.0117562 0.01927944 -0.01749017 0.0116761 0.01925281 -0.01757037 0.0116439 0.01924209 -0.01760277 0.0116392 0.01924051 -0.01760747 0.0118995 0.01932714 -0.01732997 0.0118824 0.01932143 -0.01735727 0.0118716 0.01931782 -0.01737447 0.012165 0.01941603 -0.01675977 0.0121532 0.01941205 -0.01679447 0.012153 0.01946015 -0.01680587 0.0121197 0.0196314 -0.01683977 0.0121813 0.01942141 -0.01660997 0.012174 0.01941899 -0.01667737 0.0111493 0.01926804 -0.01785437 0.0120372 0.01947516 -0.01710687 0.0120025 0.0194085 -0.01717987 0.0119431 0.01956967 -0.01723597 0.0116185 0.01923363 -0.01762067 0.011587 0.01922314 -0.01764077 0.0114906 0.01919103 -0.01770227 0.01119 0.01938485 -0.01782027 0.0110245 0.0193921 -0.01785247 0.011403 0.0194674 -0.01772117 0.0112302 0.01949988 -0.01777577 0.0118372 0.01930639 -0.01740897 0.011605 0.01953137 -0.01758727 0.0114424 0.01957311 -0.01766817 0.0112673 0.01960545 -0.01772437 0.0111007 0.01961756 -0.01775687 0.0117862 0.01957021 -0.01742367 0.0116454 0.0196311 -0.01752157 0.0114805 0.01967443 -0.01760567 0.0113036 0.01970792 -0.01766347 0.011135 0.01971867 -0.01769847 0.0120706 0.01938437 -0.01703537 0.0120578 0.01938007 -0.01707267 0.0120546 0.019379 -0.01708197 0.0118224 0.01965202 -0.01735267 0.0116803 0.01971631 -0.01745357 0.0115176 0.019772 -0.01753277 0.0113382 0.01980517 -0.01759417 0.0113998 0.01997569 -0.01743797 0.0112291 0.01999322 -0.01747537 0.0119765 0.01963846 -0.01715477 0.0118558 0.0197267 -0.01727437 0.0117139 0.01979736 -0.01737637 0.0115494 0.01985468 -0.01745917 0.0113715 0.01989788 -0.01751557 0.0111994 0.01990711 -0.01755747 0.0119611 0.01995536 -0.01688047 0.0120555 0.01979843 -0.01686507 0.0119413 0.01991308 -0.01698417 0.0120343 0.01975584 -0.01696407 0.011918 0.01986307 -0.01708147 0.0120094 0.01970564 -0.01705627 0.0118871 0.01979587 -0.01718667 0.0118412 0.02009339 -0.01688487 0.0118231 0.02005255 -0.01699087 0.0118019 0.02000408 -0.01709107 0.0117736 0.01993863 -0.01720027 0.0117448 0.0198709 -0.01729267 0.011693 0.02021294 -0.01687787 0.0116771 0.02017476 -0.01698347 0.0116584 0.02012924 -0.01708407 0.0116333 0.02006745 -0.01719497 0.0116075 0.02000308 -0.01728997 0.0115798 0.01993274 -0.01737717 0.0115235 0.02030464 -0.01685887 0.0115102 0.02027026 -0.01696127 0.0114943 0.02022907 -0.01705967 0.0114729 0.02017276 -0.01716917 0.0114507 0.02011364 -0.01726437 0.0114265 0.02004853 -0.01735317 0.0115342 0.02033185 -0.01675197 0.0117057 0.0202433 -0.01676697 0.0118557 0.02012598 -0.01677287 0.0119771 0.01998918 -0.01677007 0.0120726 0.01983258 -0.01675907 -0.009149998 -0.01339442 -0.01790287 -0.009149998 -0.01366912 -0.01780907 -0.0108532 -0.01353122 -0.01785467 -0.009149998 -0.01457242 -0.01643787 -0.0112 -0.01457242 -0.01643767 -0.0111935 -0.01455292 -0.01660867 -0.009149998 -0.01454532 -0.01667727 -0.009149998 -0.01307242 -0.01793787 -0.0107258 -0.01315082 -0.01792987 -0.009149998 -0.01331112 -0.01791197 -0.0107701 -0.01328212 -0.01791667 -0.0108931 -0.01365172 -0.01781447 -0.0108134 -0.01341102 -0.01789467 -0.0108006 -0.01337262 -0.01790747 -0.0107799 -0.01331132 -0.01791367 -0.0110066 -0.01399222 -0.01762277 -0.010996 -0.01396052 -0.01764227 -0.009149998 -0.01399162 -0.01762167 -0.0109637 -0.01386352 -0.01770187 -0.0109293 -0.01376042 -0.01776527 -0.009149998 -0.01371412 -0.01779367 -0.010914 -0.01371452 -0.01779347 -0.0108989 -0.01366902 -0.01780867 -0.0110066 -0.01399232 -0.01762267 -0.009149998 -0.01400132 -0.01761567 -0.011025 -0.01404742 -0.01756877 -0.009149998 -0.01424142 -0.01737787 -0.0110521 -0.01412892 -0.01748917 -0.009149998 -0.01425452 -0.01735697 -0.0110793 -0.01421042 -0.01740957 -0.0111499 -0.01442202 -0.01709257 -0.0111359 -0.01438012 -0.01715827 -0.009149998 -0.01444232 -0.01703497 -0.0111181 -0.01432662 -0.01724227 -0.0110996 -0.01427142 -0.01732887 -0.009149998 -0.01442212 -0.01709237 -0.0110938 -0.01425382 -0.01735647 -0.0110877 -0.01423572 -0.01738477 -0.0111909 -0.01454512 -0.01667727 -0.0111872 -0.01453392 -0.01677537 -0.009149998 -0.01453432 -0.01677367 -0.0111644 -0.01446542 -0.01696967 -0.0111567 -0.01444232 -0.01703497 -0.0135711 -0.01854742 0.01031213 -0.0135711 -0.01854742 0.01231213 -0.0122 -0.01617272 0.01031213 -0.0121421 -0.01607242 0.01231213 -0.0121421 -0.01607242 0.01031213 -0.004524998 -0.02517242 0.01031213 -0.004524998 -0.01957242 0.01031213 -0.004524998 -0.02517242 0.01281213 -0.004524998 -0.01957242 0.01281213 -0.010975 -0.02094352 0.01231213 -0.010975 -0.02517242 0.01231213 -0.010975 -0.02094352 0.01031213 -0.010975 -0.02517242 0.01031213 -0.0121421 -0.01607242 -0.01068787 -0.0125751 -0.01682242 -0.01068787 -0.0135711 -0.01359742 -0.01068787 -0.0168 -0.01682242 -0.01068787 -0.0168 -0.01359742 -0.01068787 -0.0135711 -0.01854742 -0.01268787 -0.0178 -0.01854742 -0.01268787 -0.0135711 -0.01854742 -0.01068787 -0.0178 -0.01854742 -0.01068787 -0.0121421 0.0009275821 0.01231213 -0.013696 0.0005781821 0.01231213 -0.01365 0.0009275821 0.01231213 -0.0146506 -0.0003764179 0.01231213 -0.014325 -0.0002415179 0.01231213 -0.0135711 -0.001547418 0.01231213 -0.0140454 -2.701788e-05 0.01231213 -0.0138309 0.0002525821 0.01231213 -0.013696 0.001276982 0.01231213 -0.0138309 0.001602582 0.01231213 -0.0135711 0.003402582 0.01231213 -0.0140454 0.001882182 0.01231213 -0.014325 0.002096682 0.01231213 -0.0146506 0.002231582 0.01231213 -0.015 0.002277582 0.01231213 -0.0178 0.003402582 0.01231213 -0.0153494 0.002231582 0.01231213 -0.015675 0.002096682 0.01231213 -0.0159546 0.001882182 0.01231213 -0.0161691 0.001602582 0.01231213 -0.016304 0.001276982 0.01231213 -0.01635 0.0009275821 0.01231213 -0.0178 -0.001547418 0.01231213 -0.016304 0.0005781821 0.01231213 -0.0161691 0.0002525821 0.01231213 -0.0159546 -2.701788e-05 0.01231213 -0.015675 -0.0002415179 0.01231213 -0.0153494 -0.0003764179 0.01231213 -0.015 -0.0004224179 0.01231213 -0.005914828 0.02130515 -0.01787517 -0.006073478 0.02092149 -0.01790257 -0.006242638 0.02101311 -0.01789547 -0.006277718 0.02042758 -0.01793787 -0.006497478 0.0205806 -0.01790767 -0.005864758 0.02147471 -0.01784847 -0.005874708 0.02144102 -0.01785377 -0.006045578 0.02150187 -0.01783267 -0.005692008 0.02235495 -0.01762947 -0.005779648 0.02190838 -0.01774057 -0.005935618 0.02194955 -0.01773647 -0.005787828 0.02186672 -0.01775097 -0.005883568 0.02246275 -0.01757837 -0.005685488 0.02244155 -0.01759667 -0.005653248 0.0228699 -0.01743457 -0.005656268 0.02282976 -0.01744977 -0.005893158 0.02283329 -0.01742937 -0.005649998 0.02306902 -0.01734457 -0.005901258 0.02305996 -0.01732547 -0.005917868 0.02305783 -0.01732097 -0.006148848 0.02281931 -0.01736497 -0.006412098 0.02278347 -0.01724777 -0.006254978 0.02301454 -0.01722947 -0.006170698 0.02302536 -0.01725227 -0.007022588 0.02268628 -0.01653557 -0.006982058 0.02271529 -0.01659687 -0.006977958 0.02257853 -0.01669317 -0.006833168 0.02282186 -0.01682217 -0.006827018 0.02266159 -0.01690837 -0.006655418 0.02289787 -0.01698277 -0.006643548 0.02272854 -0.01708937 -0.006572018 0.02293354 -0.01705817 -0.006428338 0.02297024 -0.01713577 -0.007077708 0.02260779 -0.01636957 -0.007082848 0.02248589 -0.01646087 -0.007128808 0.02253503 -0.01621577 -0.007140498 0.02238715 -0.01621997 -0.007136268 0.0224972 -0.01613587 -0.007177328 0.02209805 -0.01621607 -0.007172378 0.0221541 -0.01617787 -0.007152468 0.02220768 -0.01633647 -0.007157628 0.02232105 -0.01606417 -0.007228828 0.02187159 -0.01632367 -0.007216648 0.02192517 -0.01629827 -0.007195778 0.02196052 -0.01645997 -0.007199848 0.02199904 -0.01626307 -0.007341158 0.0215743 -0.01641037 -0.007367178 0.02150163 -0.01658607 -0.007342448 0.02157207 -0.01641057 -0.007385298 0.02149799 -0.01641757 -0.007508698 0.02128472 -0.01643787 -0.007493698 0.02127428 -0.01660007 -0.007477828 0.02126323 -0.01677167 -0.007312238 0.02149335 -0.01684697 -0.007477288 0.02126285 -0.01677357 -0.007215578 0.02146236 -0.01709837 -0.007386788 0.02119984 -0.01708867 -0.007452448 0.02124556 -0.01686007 -0.007240138 0.02109772 -0.01737307 -0.007253878 0.02110729 -0.01734647 -0.007078388 0.02140856 -0.01733137 -0.007374238 0.0211911 -0.01711307 -0.007385038 0.02119862 -0.01709207 -0.007103968 0.02100291 -0.01753907 -0.006912938 0.02133695 -0.01752737 -0.007045218 0.020962 -0.01761057 -0.006705338 0.0212412 -0.01769887 -0.007039638 0.02095811 -0.01761487 -0.006470208 0.02112743 -0.01782567 -0.006811818 0.02079948 -0.01778937 -0.006917148 0.02087282 -0.01770867 -0.006541808 0.02061147 -0.01790157 -0.006551638 0.02061831 -0.01790027 -0.006704508 0.02072476 -0.01783507 -0.006138908 0.02247484 -0.01751227 -0.006403128 0.02246946 -0.01739197 -0.006636858 0.02244528 -0.01722927 -0.006823588 0.02240666 -0.01704337 -0.006978928 0.02235164 -0.01682237 -0.007089018 0.02228439 -0.01658387 -0.007150118 0.02240603 -0.01600627 -0.007149998 0.02242758 -0.01598867 -0.006186188 0.02199765 -0.01766847 -0.006446318 0.02203449 -0.01754487 -0.006677348 0.02205302 -0.01737767 -0.006862838 0.02205384 -0.01718657 -0.007018238 0.02203796 -0.01695937 -0.007129718 0.02200626 -0.01671427 -0.006287678 0.02158148 -0.01776357 -0.006538888 0.02165513 -0.01763797 -0.006761878 0.02171078 -0.01746807 -0.006940768 0.02174582 -0.01727397 -0.007090488 0.02176378 -0.01704317 -0.007197698 0.0217627 -0.01679417 -0.007260968 0.02174354 -0.01653577 -0.007284798 0.02172347 -0.01636687 0.01655 -0.003362418 -3.787122e-05 0.01183 -0.003362418 -3.787122e-05 0.01655 -0.01578242 -3.787122e-05 0.01183 -0.01578242 -3.787122e-05 -0.0122 0.01782732 0.01031213 -0.0121421 0.01792758 0.01031213 -0.0122 0.01802784 0.01031213 0.0178 -0.003047418 -0.01318787 0.0168 -0.003047418 -0.01318787 0.0178 -0.01209742 -0.01318787 0.0168 -0.01209742 -0.01318787 -0.0178 0.01395258 0.01031213 -0.0178 0.01545258 0.01031213 -0.0122 0.01395258 0.01031213 -0.0135711 0.01545258 0.01031213 -0.0122 0.01782732 0.01031213 0.0178 -0.01917242 -0.01068787 0.0170562 -0.02004742 -0.01068787 0.0178 -0.01917242 -0.01518787 0.0170562 -0.02004742 -0.01318787 0.0177575 -0.01922242 -0.01518787 0.0127 -0.02517242 -0.01318787 0.0133163 -0.02444742 -0.01518787 0.0127 -0.02517242 -0.01518787 0.0135711 -0.01359742 -0.01068787 0.0135711 -0.01359742 -0.01268787 0.0168 -0.01359742 -0.01068787 0.0178 -0.01359742 -0.01268787 0.0178 -0.01359742 -0.01068787 -0.01183 -0.01578242 -3.787122e-05 -0.01183 -0.01578242 -0.001187871 -0.01183 -0.003362418 -3.787122e-05 -0.01183 -0.003362418 -0.001187871 0.0135711 0.01545258 0.01231213 0.0178 0.01545258 0.01231213 0.0135711 0.01545258 0.01031213 0.0178 0.01545258 0.01031213 0.0122 -0.01597242 -0.001187871 0.01655 -0.01578242 -0.001187871 0.01183 -0.01578242 -0.001187871 0.0122 -0.01682242 -0.001187871 0.0168 -0.01682242 -0.001187871 0.01655 -0.003362418 -0.001187871 0.0168 -0.002322418 -0.001187871 0.0122 -0.002322418 -0.001187871 0.0122 -0.003172418 -0.001187871 0.01183 -0.003362418 -0.001187871 0.0116 -0.003172418 -0.001187871 0.0116 -0.01597242 -0.001187871 -0.0121421 0.01792758 -0.01068787 -0.0121421 0.01792758 -0.01268787 -0.0122 0.01782732 -0.01068787 -0.0135711 0.01545258 -0.01268787 -0.0135711 0.01545258 -0.01068787 -0.0161691 -0.01674742 0.01231213 -0.0159546 -0.01702702 0.01231213 -0.0178 -0.01854742 0.01231213 -0.0178 -0.01359742 0.01231213 -0.01635 -0.01607242 0.01231213 -0.016304 -0.01642182 0.01231213 -0.0121421 -0.01607242 0.01231213 -0.013696 -0.01642182 0.01231213 -0.01365 -0.01607242 0.01231213 -0.014325 -0.01490332 0.01231213 -0.0146506 -0.01476842 0.01231213 -0.0135711 -0.01359742 0.01231213 -0.015 -0.01472242 0.01231213 -0.015675 -0.01724152 0.01231213 -0.0153494 -0.01737642 0.01231213 -0.0135711 -0.01854742 0.01231213 -0.015 -0.01742242 0.01231213 -0.0146506 -0.01737642 0.01231213 -0.013696 -0.01572302 0.01231213 -0.0138309 -0.01539742 0.01231213 -0.0140454 -0.01511782 0.01231213 -0.014325 -0.01724152 0.01231213 -0.0140454 -0.01702702 0.01231213 -0.0138309 -0.01674742 0.01231213 -0.0153494 -0.01476842 0.01231213 -0.015675 -0.01490332 0.01231213 -0.0159546 -0.01511782 0.01231213 -0.0161691 -0.01539742 0.01231213 -0.016304 -0.01572302 0.01231213 0.01175 -0.02517242 -0.01518787 0.0127 -0.02517242 -0.01518787 0.0127 -0.02517242 -0.01318787 -0.0127 -0.02517242 -0.01318787 -0.0127 -0.02517242 -0.01518787 -0.012475 -0.02517242 -0.01318787 2.016856e-09 -0.02517242 -0.01518787 0.012475 -0.02517242 -0.01068787 0.010975 -0.02517242 -0.01068787 0.012475 -0.02517242 -0.01318787 0.010975 -0.02517242 -0.01268787 0.006025002 -0.02517242 -0.01268787 0.006025002 -0.02517242 -0.01068787 0.004525002 -0.02517242 -0.01068787 0.004525002 -0.02517242 -0.01318787 -0.004524998 -0.02517242 -0.01318787 -0.010975 -0.02517242 -0.01068787 -0.012475 -0.02517242 -0.01068787 -0.010975 -0.02517242 -0.01268787 -0.006024998 -0.02517242 -0.01268787 -0.006024998 -0.02517242 -0.01068787 -0.004524998 -0.02517242 -0.01068787 0.01365 0.01792758 0.01481213 0.01365 0.01792758 0.01231213 0.013696 0.01827699 0.01481213 0.013696 0.01827699 0.01231213 0.0138309 0.01860258 0.01481213 0.0138309 0.01860258 0.01231213 0.0140454 0.01888217 0.01481213 0.0140454 0.01888217 0.01231213 0.014325 0.01909671 0.01481213 0.014325 0.01909671 0.01231213 0.0146506 0.01923158 0.01481213 0.0146506 0.01923158 0.01231213 0.015 0.01927758 0.01481213 0.015 0.01927758 0.01231213 0.0153494 0.01923158 0.01481213 0.0153494 0.01923158 0.01231213 0.015675 0.01909671 0.01481213 0.015675 0.01909671 0.01231213 0.0159546 0.01888217 0.01481213 0.0159546 0.01888217 0.01231213 0.0161691 0.01860258 0.01481213 0.0161691 0.01860258 0.01231213 0.016304 0.01827699 0.01481213 0.016304 0.01827699 0.01231213 0.01635 0.01792758 0.01481213 0.01635 0.01792758 0.01231213 0.009850002 -0.02237242 0.01481213 0.009850002 -0.02237242 0.01231213 0.009804002 -0.02272182 0.01481213 0.009804002 -0.02272182 0.01231213 0.009669132 -0.02304742 0.01481213 0.009669132 -0.02304742 0.01231213 0.009454592 -0.02332702 0.01481213 0.009454592 -0.02332702 0.01231213 0.009175002 -0.02354152 0.01481213 0.009175002 -0.02354152 0.01231213 0.008849412 -0.02367642 0.01481213 0.008849412 -0.02367642 0.01231213 0.008500002 -0.02372242 0.01481213 0.008500002 -0.02372242 0.01231213 0.008150592 -0.02367642 0.01481213 0.008150592 -0.02367642 0.01231213 0.007825002 -0.02354152 0.01481213 0.007825002 -0.02354152 0.01231213 0.007545412 -0.02332702 0.01481213 0.007545412 -0.02332702 0.01231213 0.007330872 -0.02304742 0.01481213 0.007330872 -0.02304742 0.01231213 0.007196002 -0.02272182 0.01481213 0.007196002 -0.02272182 0.01231213 0.007150002 -0.02237242 0.01481213 0.007150002 -0.02237242 0.01231213 0.0168 -0.003047418 -0.01068787 0.0168 -0.002322418 -0.01068787 0.0168 -0.002322418 -0.001187871 0.0168 -0.01209742 -0.01068787 0.0168 -0.01209742 -0.01318787 0.0168 -0.003047418 -0.01318787 0.0168 -0.01359742 -0.01068787 0.0168 -0.01682242 -0.001187871 0.0168 -0.01682242 -0.01068787 0.0135711 0.01545258 -0.01068787 0.0178 0.01545258 -0.01068787 0.0135711 0.01545258 -0.01268787 0.0178 0.01545258 -0.01268787 0.0178 -0.003047418 0.01281213 0.0122 -0.003047418 0.01281213 0.0178 -0.003047418 0.01031213 0.0122 -0.003047418 0.01031213 0.009200002 -0.01957242 0.01656213 0.009200002 -0.01957242 0.01481213 0.009867562 -0.01949722 0.01481213 0.009867562 -0.01949722 0.01656213 0.0105017 -0.01927532 0.01481213 0.0105017 -0.01927532 0.01656213 0.0105859 -0.01922242 0.01481213 0.0110705 -0.01891792 0.01656213 0.0110705 -0.01891792 0.01481213 0.0115455 -0.01844292 0.01481213 0.0115455 -0.01844292 0.01656213 0.01175 -0.01811742 0.01481213 0.0119029 -0.01787412 0.01656213 0.0119029 -0.01787412 0.01481213 0.0121248 -0.01724002 0.01481213 0.0121248 -0.01724002 0.01656213 0.0122 -0.01657242 0.01481213 0.0122 -0.01657242 0.01656213 0.010975 -0.02517242 -0.01268787 0.009669132 -0.02304742 -0.01268787 0.009454592 -0.02332702 -0.01268787 0.008150592 -0.02367642 -0.01268787 0.007825002 -0.02354152 -0.01268787 0.006025002 -0.02517242 -0.01268787 0.007545412 -0.02332702 -0.01268787 0.009669132 -0.02169742 -0.01268787 0.009804002 -0.02202302 -0.01268787 0.010975 -0.02094352 -0.01268787 0.009850002 -0.02237242 -0.01268787 0.009804002 -0.02272182 -0.01268787 0.008500002 -0.01951452 -0.01268787 0.009175002 -0.02120332 -0.01268787 0.009454592 -0.02141782 -0.01268787 0.009175002 -0.02354152 -0.01268787 0.008849412 -0.02367642 -0.01268787 0.008500002 -0.02372242 -0.01268787 0.007196002 -0.02202302 -0.01268787 0.007330872 -0.02169742 -0.01268787 0.006025002 -0.02094352 -0.01268787 0.007545412 -0.02141782 -0.01268787 0.007825002 -0.02120332 -0.01268787 0.008150592 -0.02106842 -0.01268787 0.008500002 -0.02102242 -0.01268787 0.008849412 -0.02106842 -0.01268787 0.007330872 -0.02304742 -0.01268787 0.007196002 -0.02272182 -0.01268787 0.007150002 -0.02237242 -0.01268787 0.0121421 0.0009275821 -0.01068787 0.0122 0.001027882 -0.01068787 0.0122 0.0008272821 -0.01068787 -0.01365 0.01792758 -0.01268787 -0.01365 0.01792758 -0.01518787 -0.013696 0.01757817 -0.01268787 -0.013696 0.01757817 -0.01518787 -0.0138309 0.01725258 -0.01268787 -0.0138309 0.01725258 -0.01518787 -0.0140454 0.01697299 -0.01268787 -0.0140454 0.01697299 -0.01518787 -0.014325 0.01675845 -0.01268787 -0.014325 0.01675845 -0.01518787 -0.0146506 0.01662358 -0.01268787 -0.0146506 0.01662358 -0.01518787 -0.015 0.01657758 -0.01268787 -0.015 0.01657758 -0.01518787 -0.0153494 0.01662358 -0.01268787 -0.0153494 0.01662358 -0.01518787 -0.015675 0.01675845 -0.01268787 -0.015675 0.01675845 -0.01518787 -0.0159546 0.01697299 -0.01268787 -0.0159546 0.01697299 -0.01518787 -0.0161691 0.01725258 -0.01268787 -0.0161691 0.01725258 -0.01518787 -0.016304 0.01757817 -0.01268787 -0.016304 0.01757817 -0.01518787 -0.01635 0.01792758 -0.01268787 -0.01635 0.01792758 -0.01518787 -0.001446388 0.01976461 -0.01793787 -0.001446388 0.01976461 -0.01693787 -0.002820238 0.01928388 -0.01793787 -0.002820238 0.01928388 -0.01693787 -0.004052678 0.01850948 -0.01793787 -0.004052678 0.01850948 -0.01693787 -0.005081898 0.01748026 -0.01793787 -0.005081898 0.01748026 -0.01693787 -0.005856298 0.01624782 -0.01793787 -0.005856298 0.01624782 -0.01693787 -0.006337028 0.01487397 -0.01793787 -0.006337028 0.01487397 -0.01693787 -0.006499998 0.01342758 -0.01793787 -0.006499998 0.01342758 -0.01693787 -0.006337028 0.01198119 -0.01793787 -0.006337028 0.01198119 -0.01693787 -0.005856298 0.01060734 -0.01793787 -0.005856298 0.01060734 -0.01693787 -0.005081898 0.009374902 -0.01793787 -0.005081898 0.009374902 -0.01693787 -0.004052678 0.008345682 -0.01793787 -0.004052678 0.008345682 -0.01693787 -0.002820238 0.007571282 -0.01793787 -0.002820238 0.007571282 -0.01693787 -0.001446388 0.007090552 -0.01793787 -0.001446388 0.007090552 -0.01693787 -0.002820238 0.007571282 -0.01793787 -0.001446388 0.007090552 -0.01793787 0.007631412 -0.01341902 -0.01793787 0.005081902 0.009374902 -0.01793787 0.004052682 0.008345682 -0.01793787 0.002820242 0.007571282 -0.01793787 0.006967792 -0.01383602 -0.01793787 -0.005856298 0.01060734 -0.01793787 -0.005081898 0.009374902 -0.01793787 -0.006499998 0.01342758 -0.01793787 -0.008371178 -0.01316022 -0.01793787 -0.006337028 0.01198119 -0.01793787 -0.006967788 -0.01383602 -0.01793787 0.005737752 -0.01579362 -0.01793787 -0.006413588 -0.01439022 -0.01793787 -0.005996608 -0.01505382 -0.01793787 -0.004052678 0.008345682 -0.01793787 -0.007631408 -0.01341902 -0.01793787 0.005996612 -0.01505382 -0.01793787 0.006413592 -0.01439022 -0.01793787 0.006500002 0.01342758 -0.01793787 0.006337032 0.01198119 -0.01793787 0.005856302 0.01060734 -0.01793787 0.005650002 -0.01657242 -0.01793787 -0.005737748 -0.01579362 -0.01793787 2.016856e-09 0.006927582 -0.01793787 0.001446392 0.007090552 -0.01793787 0.008371182 -0.01316022 -0.01793787 0.006277722 0.02042758 -0.01793787 0.004052682 0.01850948 -0.01793787 0.002820242 0.01928388 -0.01793787 0.005081902 0.01748026 -0.01793787 -0.001446388 0.01976461 -0.01793787 2.016856e-09 0.01992758 -0.01793787 0.001446392 0.01976461 -0.01793787 -0.002820238 0.01928388 -0.01793787 -0.004052678 0.01850948 -0.01793787 -0.006701838 0.01992628 -0.01793787 -0.005081898 0.01748026 -0.01793787 -0.005856298 0.01624782 -0.01793787 -0.006337028 0.01487397 -0.01793787 0.006337032 0.01487397 -0.01793787 0.005856302 0.01624782 -0.01793787 0.008476402 0.01899301 -0.01793787 -0.008476398 0.01899301 -0.01793787 -0.007827988 0.01918686 -0.01793787 -0.007228998 0.01950187 -0.01793787 0.006701842 0.01992628 -0.01793787 0.007229002 0.01950187 -0.01793787 0.007827992 0.01918686 -0.01793787 -0.003464098 0.01542758 -0.01693787 -0.005081898 0.01748026 -0.01693787 -0.002828428 0.01625601 -0.01693787 -0.004052678 0.01850948 -0.01693787 -0.001999998 0.01689168 -0.01693787 -0.002820238 0.01928388 -0.01693787 -0.001035278 0.01729128 -0.01693787 -0.001446388 0.01976461 -0.01693787 2.016856e-09 0.01742758 -0.01693787 2.016856e-09 0.01992758 -0.01693787 0.001035282 0.01729128 -0.01693787 0.001446392 0.01976461 -0.01693787 0.002000002 0.01689168 -0.01693787 -0.001999998 0.009963482 -0.01693787 -0.004052678 0.008345682 -0.01693787 -0.002828428 0.01059915 -0.01693787 -0.005081898 0.009374902 -0.01693787 -0.003464098 0.01142758 -0.01693787 -0.005856298 0.01060734 -0.01693787 -0.003863698 0.0123923 -0.01693787 -0.006337028 0.01198119 -0.01693787 -0.003999998 0.01342758 -0.01693787 -0.006499998 0.01342758 -0.01693787 -0.003863698 0.01446286 -0.01693787 -0.006337028 0.01487397 -0.01693787 -0.005856298 0.01624782 -0.01693787 0.003464102 0.01142758 -0.01693787 0.005081902 0.009374902 -0.01693787 0.002828432 0.01059915 -0.01693787 0.004052682 0.008345682 -0.01693787 0.002000002 0.009963482 -0.01693787 0.002820242 0.007571282 -0.01693787 0.001035282 0.009563882 -0.01693787 0.001446392 0.007090552 -0.01693787 2.016856e-09 0.009427582 -0.01693787 2.016856e-09 0.006927582 -0.01693787 -0.001035278 0.009563882 -0.01693787 -0.001446388 0.007090552 -0.01693787 -0.002820238 0.007571282 -0.01693787 0.002820242 0.01928388 -0.01693787 0.004052682 0.01850948 -0.01693787 0.002828432 0.01625601 -0.01693787 0.005081902 0.01748026 -0.01693787 0.003464102 0.01542758 -0.01693787 0.005856302 0.01624782 -0.01693787 0.003863702 0.01446286 -0.01693787 0.006337032 0.01487397 -0.01693787 0.004000002 0.01342758 -0.01693787 0.006500002 0.01342758 -0.01693787 0.003863702 0.0123923 -0.01693787 0.006337032 0.01198119 -0.01693787 0.005856302 0.01060734 -0.01693787 2.016856e-09 0.01742758 -0.01723787 2.016856e-09 0.01742758 -0.01693787 0.001035282 0.01729128 -0.01693787 0.001035282 0.01729128 -0.01723787 0.002000002 0.01689168 -0.01693787 0.002000002 0.01689168 -0.01723787 0.002828432 0.01625601 -0.01693787 0.002828432 0.01625601 -0.01723787 0.003464102 0.01542758 -0.01693787 0.003464102 0.01542758 -0.01723787 0.003863702 0.01446286 -0.01693787 0.003863702 0.01446286 -0.01723787 0.004000002 0.01342758 -0.01693787 0.004000002 0.01342758 -0.01723787 0.003863702 0.0123923 -0.01693787 0.003863702 0.0123923 -0.01723787 0.003464102 0.01142758 -0.01693787 0.003464102 0.01142758 -0.01723787 0.002828432 0.01059915 -0.01693787 0.002828432 0.01059915 -0.01723787 0.002000002 0.009963482 -0.01693787 0.002000002 0.009963482 -0.01723787 0.001035282 0.009563882 -0.01693787 0.001035282 0.009563882 -0.01723787 2.016856e-09 0.009427582 -0.01693787 2.016856e-09 0.009427582 -0.01723787 0.012475 -0.02517242 -0.01068787 0.012475 -0.02517242 -0.01318787 0.012475 -0.02004742 -0.01068787 0.012475 -0.02004742 -0.01318787 0.0178 0.004902582 -0.01318787 0.0122 0.004902582 -0.01318787 0.0178 0.004902582 -0.01068787 0.0122 0.004902582 -0.01068787 0.0122 0.02342758 0.01281213 0.0122 0.02190258 0.01281213 0.0122 0.02190258 0.01031213 0.0122 -0.002322418 -0.001187871 0.0122 -0.002322418 -0.01068787 0.0122 0.01395258 0.01031213 0.0122 0.01802784 -0.01068787 0.0122 0.02190258 -0.01068787 0.0122 0.02342758 -0.01318787 0.0122 0.02190258 -0.01318787 0.0122 0.01395258 0.01281213 0.0122 0.004902582 0.01281213 0.0122 0.004902582 0.01031213 0.0122 0.01802784 0.01031213 0.0122 0.004902582 -0.01068787 0.0122 0.01782732 0.01031213 0.0122 0.001027882 -0.01068787 0.0122 0.0008272821 -0.01068787 0.0122 0.004902582 -0.01318787 0.0122 0.01395258 -0.01318787 0.0122 0.01395258 -0.01068787 0.0122 0.01782732 -0.01068787 0.0122 -0.01209742 0.01281213 0.0122 -0.01209742 0.01031213 0.0122 -0.003047418 0.01281213 0.0122 -0.003172418 0.01031213 0.0122 -0.003047418 0.01031213 0.0122 -0.003172418 -0.001187871 0.0122 0.0008272821 0.01031213 0.0122 0.001027882 0.01031213 0.009694562 -0.01873922 0.01753703 0.009741592 -0.01894532 0.01746313 0.010256 -0.01876532 0.01746313 0.009200002 -0.01954732 0.01678463 0.009861982 -0.01947272 0.01678463 0.0104908 -0.01925272 0.01678463 0.0110548 -0.01889832 0.01678463 0.0115259 -0.01842722 0.01678463 0.0118803 -0.01786322 0.01678463 0.0121003 -0.01723442 0.01678463 0.0121749 -0.01657242 0.01678463 0.0121626 -0.01657242 0.01681983 0.0120282 -0.01721792 0.01699603 0.0118137 -0.01783112 0.01699603 0.0114681 -0.01838112 0.01699603 0.0110087 -0.01884052 0.01699603 0.0104587 -0.01918612 0.01699603 0.009845532 -0.01940062 0.01699603 0.009200002 -0.01935422 0.01718563 0.009200002 -0.01947192 0.01699823 0.009200002 -0.01947342 0.01699603 0.009200002 -0.01954692 0.01678593 0.009819022 -0.01928452 0.01718563 0.010407 -0.01907872 0.01718563 0.0109344 -0.01874732 0.01718563 0.0113749 -0.01830682 0.01718563 0.0117063 -0.01777942 0.01718563 0.0119121 -0.01719142 0.01718563 0.012101 -0.01657242 0.01699603 0.0120613 -0.01657242 0.01705913 0.0119818 -0.01657242 0.01718563 0.0119027 -0.01657242 0.01726483 0.0117577 -0.01715622 0.01734393 0.0115637 -0.01771072 0.01734393 0.0112511 -0.01820812 0.01734393 0.0108357 -0.01862352 0.01734393 0.0103383 -0.01893612 0.01734393 0.009783782 -0.01913012 0.01734393 0.009200002 -0.01900632 0.01746313 0.009200002 -0.01919142 0.01734683 0.009200002 -0.01919592 0.01734393 0.009200002 -0.01935142 0.01718843 0.0107175 -0.01847532 0.01746313 0.0111029 -0.01808992 0.01746313 0.0113929 -0.01762842 0.01746313 0.0115729 -0.01711402 0.01746313 0.0118235 -0.01657242 0.01734393 0.011697 -0.01657242 0.01742343 0.0116339 -0.01657242 0.01746313 0.0114577 -0.01657242 0.01752473 0.0101643 -0.01857482 0.01753703 0.0105857 -0.01831002 0.01753703 0.0109376 -0.01795812 0.01753703 0.0112024 -0.01753672 0.01753703 0.0113668 -0.01706702 0.01753703 0.0114225 -0.01657242 0.01753703 0.009200002 -0.01857242 0.01756213 0.009200002 -0.01878692 0.01753793 0.009200002 -0.01879492 0.01753703 0.009200002 -0.01900002 0.01746533 0.009645042 -0.01852232 0.01756213 0.0100678 -0.01837432 0.01756213 0.010447 -0.01813612 0.01756213 0.0107637 -0.01781942 0.01756213 0.0110019 -0.01744022 0.01756213 0.0111499 -0.01701742 0.01756213 0.0112 -0.01657242 0.01756213 -0.0102 -0.01957242 0.01031213 -0.008600258 -0.01957242 0.01031213 -0.010975 -0.02094352 0.01031213 -0.0178 -0.01917242 0.01031213 -0.0178 -0.01854742 0.01031213 -0.0135711 -0.01854742 0.01031213 -0.010975 -0.02517242 0.01031213 -0.012475 -0.02517242 0.01031213 -0.012475 -0.02004742 0.01031213 -0.0119321 -0.01857242 0.01031213 -0.0170562 -0.02004742 0.01031213 -0.0116142 -0.01898662 0.01031213 -0.0112 -0.01930452 0.01031213 -0.0107176 -0.01950432 0.01031213 -0.0122 -0.01617272 0.01031213 -0.0122 -0.01757242 0.01031213 -0.0121319 -0.01809002 0.01031213 0.004525002 -0.02517242 -0.01068787 0.004525002 -0.01957242 -0.01068787 0.004525002 -0.02517242 -0.01318787 0.004525002 -0.01957242 -0.01318787 0.007150002 0.02242758 -0.01518787 -0.0112 -0.01457242 -0.01518787 -0.009149998 -0.01457242 -0.01518787 0.0122 0.01802784 0.01031213 0.0121421 0.01792758 0.01031213 0.0122 0.01782732 0.01031213 0.0121813 0.01942141 -0.01660997 0.0121615 -0.01355962 -0.01677537 0.0121171 0.01939997 -0.01689957 0.0120926 0.01939173 -0.01697127 0.0119692 0.01935044 -0.01721857 0.011587 0.01922314 -0.01764077 0.0115881 -0.01336842 -0.01764227 0.007150002 -0.01657242 -0.01643787 0.007149992 -0.01857242 -0.01643767 0.007130522 -0.01856592 -0.01660867 0.005728422 -0.01809822 -0.01792987 0.005888712 -0.01657242 -0.01791197 0.005859662 -0.01814252 -0.01791667 0.005971962 -0.01657242 -0.01790287 0.006246742 -0.01657242 -0.01780907 0.006108772 -0.01822562 -0.01785467 0.006229322 -0.01826552 -0.01781447 0.005988632 -0.01818582 -0.01789467 0.005950222 -0.01817302 -0.01790747 0.005888932 -0.01815232 -0.01791367 0.006569782 -0.01837902 -0.01762277 0.006538082 -0.01836842 -0.01764227 0.006569202 -0.01657242 -0.01762167 0.006441122 -0.01833612 -0.01770187 0.006337962 -0.01830172 -0.01776527 0.006291712 -0.01657242 -0.01779367 0.006292112 -0.01828642 -0.01779347 0.006246642 -0.01827132 -0.01780867 0.006569852 -0.01837902 -0.01762267 0.006578912 -0.01657242 -0.01761567 0.006625032 -0.01839742 -0.01756877 0.006818962 -0.01657242 -0.01737787 0.006706472 -0.01842452 -0.01748917 0.006831372 -0.01846622 -0.01735647 0.006813342 -0.01846012 -0.01738477 0.006787962 -0.01845172 -0.01740957 0.006999582 -0.01852232 -0.01709257 0.006957732 -0.01850832 -0.01715827 0.007019892 -0.01657242 -0.01703497 0.006904182 -0.01849052 -0.01724227 0.006848972 -0.01847202 -0.01732887 0.006999702 -0.01657242 -0.01709237 0.006832142 -0.01657242 -0.01735697 0.007111942 -0.01657242 -0.01677367 0.007042962 -0.01853672 -0.01696967 0.007019902 -0.01852912 -0.01703497 0.007122862 -0.01657242 -0.01667727 0.007122712 -0.01856332 -0.01667727 0.007111542 -0.01855962 -0.01677537 0.006025002 -0.02094352 -0.01068787 0.006025002 -0.02094352 -0.01268787 0.008399742 -0.01957242 -0.01068787 0.008500002 -0.01951452 -0.01268787 0.008500002 -0.01951452 -0.01068787 0.0121421 0.0009275821 0.01031213 0.0121421 0.0009275821 0.01231213 0.0122 0.0008272821 0.01031213 0.0135711 -0.001547418 0.01231213 0.0135711 -0.001547418 0.01031213 0.0135711 0.003402582 0.01031213 0.0178 0.003402582 0.01031213 0.0135711 0.003402582 0.01231213 0.0178 0.003402582 0.01231213 -0.008499998 -0.01951452 -0.01068787 -0.008399738 -0.01957242 -0.01068787 -0.008600258 -0.01957242 -0.01068787 2.016856e-09 -0.01957242 -0.01518787 0.006150002 -0.01957242 -0.01518787 0.007127662 -0.01874922 -0.01643767 0.007129992 -0.01873072 -0.01643767 0.007137252 -0.01873162 -0.01518787 0.007150002 -0.01857242 -0.01518787 0.007067832 -0.01896942 -0.01518787 0.007062682 -0.01896742 -0.01643777 0.007081712 -0.01891752 -0.01643777 0.007118622 -0.01882062 -0.01643767 0.006942122 -0.01918282 -0.01518787 0.006997912 -0.01909032 -0.01643777 0.007038212 -0.01903162 -0.01643777 0.006713692 -0.01939822 -0.01643777 0.006767812 -0.01935872 -0.01518787 0.006594272 -0.01946012 -0.01643777 0.006555592 -0.01948652 -0.01518787 0.006553012 -0.01948152 -0.01643777 0.006750432 -0.01936582 -0.01643777 0.006763722 -0.01935412 -0.01643777 0.006902862 -0.01922242 -0.01518787 0.006898262 -0.01923562 -0.01643777 0.006936932 -0.01917922 -0.01643777 0.006500132 -0.01950892 -0.01643787 0.006318502 -0.01955812 -0.01518787 0.006427912 -0.01952662 -0.01643787 0.006254902 -0.01956582 -0.01643787 0.006271642 -0.01956482 -0.01643787 0.006317402 -0.01955362 -0.01643787 0.009200002 0.02540248 0.01678463 -0.009199998 0.02540248 0.01678463 0.009200002 0.02540208 0.01678593 -0.009199998 0.02540208 0.01678593 0.009200002 0.02532858 0.01699603 -0.009199998 0.02532858 0.01699603 0.009200002 0.02532708 0.01699823 -0.009199998 0.02532708 0.01699823 0.009200002 0.02520938 0.01718563 -0.009199998 0.02520938 0.01718563 0.009200002 0.02520658 0.01718843 -0.009199998 0.02520658 0.01718843 0.009200002 0.02505108 0.01734393 -0.009199998 0.02505108 0.01734393 0.009200002 0.02504658 0.01734683 -0.009199998 0.02504658 0.01734683 0.009200002 0.02486148 0.01746313 -0.009199998 0.02486148 0.01746313 0.009200002 0.02485518 0.01746533 -0.009199998 0.02485518 0.01746533 0.009200002 0.02465008 0.01753703 -0.009199998 0.02465008 0.01753703 0.009200002 0.02464208 0.01753793 -0.009199998 0.02464208 0.01753793 0.009200002 0.02442758 0.01756213 -0.009199998 0.02442758 0.01756213 -0.0170562 -0.02004742 -0.01068787 -0.0178 -0.01917242 -0.01068787 -0.0170562 -0.02004742 -0.01318787 -0.0178 -0.01917242 -0.01518787 -0.0177575 -0.01922242 -0.01518787 -0.017075 -0.02002532 -0.01518787 -0.015 -0.02246652 -0.01518787 -0.0127 -0.02517242 -0.01318787 -0.0133163 -0.02444742 -0.01518787 -0.0127 -0.02517242 -0.01518787 0.0122 0.004902582 0.01281213 0.0122 0.01395258 0.01281213 0.0178 0.004902582 0.01281213 0.0178 0.01395258 0.01281213 -0.0127 -0.02517242 0.01281213 -0.0127 -0.02517242 0.01481213 -0.0133163 -0.02444742 0.01481213 -0.0170562 -0.02004742 0.01281213 -0.015 -0.02246652 0.01481213 -0.017075 -0.02002532 0.01481213 -0.0178 -0.01917242 0.01031213 -0.0170562 -0.02004742 0.01031213 -0.0178 -0.01917242 0.01481213 -0.0177575 -0.01922242 0.01481213 0.0121421 0.0009275821 0.01031213 0.0122 0.0008272821 0.01031213 0.0122 0.001027882 0.01031213 -0.01365 -0.01607242 0.01481213 -0.01365 -0.01607242 0.01231213 -0.013696 -0.01642182 0.01481213 -0.013696 -0.01642182 0.01231213 -0.0138309 -0.01674742 0.01481213 -0.0138309 -0.01674742 0.01231213 -0.0140454 -0.01702702 0.01481213 -0.0140454 -0.01702702 0.01231213 -0.014325 -0.01724152 0.01481213 -0.014325 -0.01724152 0.01231213 -0.0146506 -0.01737642 0.01481213 -0.0146506 -0.01737642 0.01231213 -0.015 -0.01742242 0.01481213 -0.015 -0.01742242 0.01231213 -0.0153494 -0.01737642 0.01481213 -0.0153494 -0.01737642 0.01231213 -0.015675 -0.01724152 0.01481213 -0.015675 -0.01724152 0.01231213 -0.0159546 -0.01702702 0.01481213 -0.0159546 -0.01702702 0.01231213 -0.0161691 -0.01674742 0.01481213 -0.0161691 -0.01674742 0.01231213 -0.016304 -0.01642182 0.01481213 -0.016304 -0.01642182 0.01231213 -0.01635 -0.01607242 0.01481213 -0.01635 -0.01607242 0.01231213 0.0121421 0.0009275821 -0.01068787 0.0121421 0.0009275821 -0.01268787 0.0122 0.001027882 -0.01068787 0.0135711 0.003402582 -0.01268787 0.0135711 0.003402582 -0.01068787 0.009850002 -0.02237242 -0.01268787 0.009850002 -0.02237242 -0.01518787 0.009804002 -0.02272182 -0.01268787 0.009804002 -0.02272182 -0.01518787 0.009669132 -0.02304742 -0.01268787 0.009669132 -0.02304742 -0.01518787 0.009454592 -0.02332702 -0.01268787 0.009454592 -0.02332702 -0.01518787 0.009175002 -0.02354152 -0.01268787 0.009175002 -0.02354152 -0.01518787 0.008849412 -0.02367642 -0.01268787 0.008849412 -0.02367642 -0.01518787 0.008500002 -0.02372242 -0.01268787 0.008500002 -0.02372242 -0.01518787 0.008150592 -0.02367642 -0.01268787 0.008150592 -0.02367642 -0.01518787 0.007825002 -0.02354152 -0.01268787 0.007825002 -0.02354152 -0.01518787 0.007545412 -0.02332702 -0.01268787 0.007545412 -0.02332702 -0.01518787 0.007330872 -0.02304742 -0.01268787 0.007330872 -0.02304742 -0.01518787 0.007196002 -0.02272182 -0.01268787 0.007196002 -0.02272182 -0.01518787 0.007150002 -0.02237242 -0.01268787 0.007150002 -0.02237242 -0.01518787 -0.012475 -0.02517242 0.01031213 -0.012475 -0.02517242 0.01281213 -0.012475 -0.02004742 0.01031213 -0.012475 -0.02004742 0.01281213 0.0178 0.004902582 0.01031213 0.0178 0.003402582 0.01031213 0.0122 0.004902582 0.01031213 0.0135711 0.003402582 0.01031213 0.0122 0.001027882 0.01031213 -0.004524998 -0.02517242 -0.01318787 -0.004524998 -0.01957242 -0.01318787 -0.004524998 -0.02517242 -0.01068787 -0.004524998 -0.01957242 -0.01068787 -0.0135711 -0.001547418 -0.01268787 -0.0178 -0.001547418 -0.01268787 -0.0135711 -0.001547418 -0.01068787 -0.0178 -0.001547418 -0.01068787 -0.0178 -0.003047418 0.01031213 -0.0122 -0.003047418 0.01031213 -0.0178 -0.003047418 0.01281213 -0.0122 -0.003047418 0.01281213 -0.0178 -0.01209742 0.01281213 -0.0122 -0.01209742 0.01281213 -0.0178 -0.01209742 0.01031213 -0.0122 -0.01209742 0.01031213 -0.0135711 -0.001547418 0.01031213 -0.0178 -0.001547418 0.01031213 -0.0135711 -0.001547418 0.01231213 -0.0178 -0.001547418 0.01231213 -0.0135711 0.02040258 0.01231213 -0.0169712 0.02040258 0.01231213 -0.0135711 0.02040258 0.01031213 -0.0169712 0.02040258 0.01031213 -0.0156962 0.02190258 0.01031213 -0.0169712 0.02040258 0.01031213 -0.0156962 0.02190258 0.01281213 -0.0169712 0.02040258 0.01231213 -0.0178 0.01942758 0.01231213 -0.0178 0.01942758 0.01481213 -0.017075 0.02028052 0.01481213 -0.015 0.0227217 0.01481213 -0.0127 0.02542758 0.01281213 -0.0127 0.02542758 0.01481213 -0.0121421 0.01792758 0.01031213 -0.0121421 0.01792758 0.01231213 -0.0122 0.01802784 0.01031213 -0.0135711 0.02040258 0.01231213 -0.0135711 0.02040258 0.01031213 -0.0135711 0.01545258 0.01031213 -0.0178 0.01545258 0.01031213 -0.0135711 0.01545258 0.01231213 -0.0178 0.01545258 0.01231213 -0.0178 0.01395258 0.01031213 -0.0122 0.01395258 0.01031213 -0.0178 0.01395258 0.01281213 -0.0122 0.01395258 0.01281213 -0.0135711 0.01545258 0.01031213 -0.0135711 0.01545258 0.01231213 -0.0122 0.01782732 0.01031213 -0.0121421 0.01792758 0.01231213 -0.0121421 0.01792758 0.01031213 0.010975 -0.02094352 0.01031213 0.010975 -0.02517242 0.01031213 0.010975 -0.02094352 0.01231213 0.010975 -0.02517242 0.01231213 -0.0121421 0.0009275821 0.01031213 -0.0122 0.001027882 0.01031213 -0.0122 0.0008272821 0.01031213 0.0135711 0.02040258 0.01031213 0.0135711 0.02040258 0.01231213 0.0122 0.01802784 0.01031213 0.0121421 0.01792758 0.01231213 0.0121421 0.01792758 0.01031213 -0.008499998 -0.01951452 0.01031213 -0.008600258 -0.01957242 0.01031213 -0.008399738 -0.01957242 0.01031213 0.008500002 -0.01951452 0.01031213 0.008399742 -0.01957242 0.01031213 0.008600262 -0.01957242 0.01031213 0.0122 -0.01597232 0.01031213 0.0122 -0.01597242 -0.001187871 0.0116 -0.01597242 0.01031213 0.0116 -0.01597242 -0.001187871 0.000737636 0.01067469 0.01756213 2.016856e-09 0.01057758 0.01756213 -0.0100678 0.02422948 0.01756213 -0.010447 0.02399128 0.01756213 -0.002015248 0.01544283 0.01756213 -0.0107637 0.02367458 0.01756213 -0.001424998 0.01589575 0.01756213 -0.000737632 0.01618047 0.01756213 2.016856e-09 0.01627758 0.01756213 -0.0112 -0.01657242 0.01756213 -0.0111499 -0.01701742 0.01756213 -0.009199998 -0.01857242 0.01756213 -0.0110019 -0.01744022 0.01756213 -0.0107637 -0.01781942 0.01756213 -0.000737632 0.01067469 0.01756213 -0.001424998 0.01095941 0.01756213 -0.002015248 0.01141233 0.01756213 -0.002468168 0.01200258 0.01756213 -0.002752888 0.01268995 0.01756213 -0.0112 0.02242758 0.01756213 -0.002849998 0.01342758 0.01756213 -0.009645038 0.02437748 0.01756213 0.0107637 0.02367458 0.01756213 0.010447 0.02399128 0.01756213 0.002015252 0.01544283 0.01756213 0.001425002 0.01095941 0.01756213 -0.010447 -0.01813612 0.01756213 -0.0100678 -0.01837432 0.01756213 -0.009645038 -0.01852232 0.01756213 0.0110019 0.02329535 0.01756213 0.002468172 0.01485258 0.01756213 0.002752892 0.01416522 0.01756213 0.0112 0.02242758 0.01756213 0.002850002 0.01342758 0.01756213 0.002752892 0.01268995 0.01756213 0.002468172 0.01200258 0.01756213 0.002015252 0.01141233 0.01756213 -0.002752888 0.01416522 0.01756213 -0.002468168 0.01485258 0.01756213 -0.0111499 0.02287262 0.01756213 -0.0110019 0.02329535 0.01756213 0.000737636 0.01618047 0.01756213 0.001425002 0.01589575 0.01756213 0.009645042 0.02437748 0.01756213 0.0100678 0.02422948 0.01756213 0.0111499 0.02287262 0.01756213 -0.008704958 -0.01462252 -0.01518787 -0.008704958 -0.01462252 -0.01643787 -0.008282228 -0.01477052 -0.01518787 -0.008282228 -0.01477052 -0.01643787 -0.007903018 -0.01500872 -0.01518787 -0.007903018 -0.01500872 -0.01643787 -0.007586338 -0.01532542 -0.01518787 -0.007586338 -0.01532542 -0.01643787 -0.007348058 -0.01570462 -0.01518787 -0.007348058 -0.01570462 -0.01643787 -0.007200138 -0.01612742 -0.01518787 -0.007200138 -0.01612742 -0.01643787 0.0135711 -0.001547418 -0.01068787 0.0178 -0.001547418 -0.01068787 0.0135711 -0.001547418 -0.01268787 0.0178 -0.001547418 -0.01268787 -0.012475 -0.02004742 0.01281213 -0.012475 -0.02517242 0.01281213 -0.0170562 -0.02004742 0.01281213 -0.0127 -0.02517242 0.01281213 -0.0178 -0.01209742 0.01281213 -0.0178 -0.003047418 0.01281213 -0.0122 -0.01209742 0.01281213 -0.0122 -0.003047418 0.01281213 0.0116142 0.02484178 0.01281213 0.0112 0.02515968 0.01281213 0.0127 0.02542758 0.01281213 0.0107176 0.02535948 0.01281213 0.0102 0.02542758 0.01281213 0.0122 0.02190258 0.01281213 0.0122 0.02342758 0.01281213 0.0156962 0.02190258 0.01281213 0.0121319 0.02394518 0.01281213 0.0119321 0.02442758 0.01281213 -0.012475 -0.02004742 0.01031213 -0.012475 -0.02004742 0.01281213 -0.0170562 -0.02004742 0.01031213 -0.0170562 -0.02004742 0.01281213 -0.006024998 -0.02094352 0.01031213 -0.006024998 -0.02094352 0.01231213 -0.008399738 -0.01957242 0.01031213 -0.008499998 -0.01951452 0.01231213 -0.008499998 -0.01951452 0.01031213 -0.0118694 -0.01356002 -0.01737067 -0.01183 -0.01347642 -0.01742387 -0.0117486 -0.01362942 -0.01748507 -0.0117056 -0.01353012 -0.01754247 -0.011662 -0.01342872 -0.01758807 -0.0115638 -0.01357322 -0.01764177 -0.0115216 -0.01346702 -0.01768587 -0.0114792 -0.01335972 -0.01771927 -0.011363 -0.01350392 -0.01776407 -0.0121171 -0.01354472 -0.01689967 -0.0120927 -0.01353662 -0.01697137 -0.0120715 -0.01368552 -0.01701687 -0.0119691 -0.01349522 -0.01721877 -0.0119076 -0.01364052 -0.01730737 -0.0112745 -0.01327282 -0.01781507 -0.0108951 -0.01315752 -0.01791377 -0.0109827 -0.01341312 -0.01788747 -0.0109406 -0.01328832 -0.01791137 -0.0114482 -0.01454102 -0.01643767 -0.0115451 -0.01450412 -0.01643777 -0.0115418 -0.01449602 -0.01664207 -0.0121934 -0.01367732 -0.01643787 -0.0121845 -0.01366022 -0.01661977 -0.0121924 -0.01369402 -0.01643787 -0.0121812 -0.01373982 -0.01643787 -0.0121542 -0.01385032 -0.01643787 -0.0121504 -0.01383392 -0.01663587 -0.0121365 -0.01392252 -0.01643787 -0.0120849 -0.01400192 -0.01664777 -0.0121091 -0.01397542 -0.01643777 -0.0119885 -0.01415822 -0.01665467 -0.0120258 -0.01413612 -0.01643777 -0.0120877 -0.01401672 -0.01643777 -0.0118661 -0.01429402 -0.01665617 -0.0119817 -0.01418612 -0.01643777 -0.0119934 -0.01417282 -0.01643777 -0.0117148 -0.01440972 -0.01665207 -0.0118068 -0.01435932 -0.01643777 -0.0118632 -0.01432072 -0.01643777 -0.011595 -0.01448512 -0.01643777 -0.0116592 -0.01446062 -0.01643777 -0.0117179 -0.01442032 -0.01643777 -0.0113768 -0.01455012 -0.01643767 -0.0113731 -0.01454432 -0.01662817 -0.0113583 -0.01455242 -0.01643767 -0.0113344 -0.01443762 -0.01702297 -0.0111872 -0.01453392 -0.01677537 -0.0113584 -0.01450402 -0.01683147 -0.0112539 -0.01420942 -0.01739597 -0.0112771 -0.01427582 -0.01731047 -0.0112978 -0.01433472 -0.01722227 -0.0113165 -0.01438762 -0.01712887 -0.010996 -0.01396052 -0.01764227 -0.0111681 -0.01396032 -0.01763187 -0.0110629 -0.01365072 -0.01780977 -0.0111057 -0.01328752 -0.01787947 -0.0113202 -0.01338772 -0.01779857 -0.0121531 -0.01360522 -0.01680577 -0.0121197 -0.01377642 -0.01683957 -0.0121815 -0.01356632 -0.01660977 -0.0111492 -0.01341242 -0.01785447 -0.0120372 -0.01362002 -0.01710687 -0.0120025 -0.01355332 -0.01717997 -0.0119431 -0.01371452 -0.01723607 -0.0115865 -0.01336782 -0.01764067 -0.0111899 -0.01352922 -0.01782047 -0.0110243 -0.01353652 -0.01785267 -0.0114029 -0.01361182 -0.01772127 -0.0112301 -0.01364432 -0.01777597 -0.0116049 -0.01367592 -0.01758737 -0.0114423 -0.01371762 -0.01766837 -0.0112672 -0.01374992 -0.01772457 -0.0111006 -0.01376202 -0.01775707 -0.0117861 -0.01371492 -0.01742387 -0.0116453 -0.01377562 -0.01752177 -0.0114804 -0.01381892 -0.01760587 -0.0113035 -0.01385242 -0.01766367 -0.0111349 -0.01386312 -0.01769877 -0.0118223 -0.01379682 -0.01735287 -0.0116802 -0.01386092 -0.01745377 -0.0115175 -0.01391662 -0.01753297 -0.0113381 -0.01394972 -0.01759437 -0.0113997 -0.01412032 -0.01743817 -0.0112291 -0.01413782 -0.01747557 -0.0119764 -0.01378332 -0.01715487 -0.0118557 -0.01387152 -0.01727457 -0.0117138 -0.01394202 -0.01737647 -0.0115493 -0.01399932 -0.01745937 -0.0113715 -0.01404252 -0.01751577 -0.0111994 -0.01405162 -0.01755777 -0.0119611 -0.01410042 -0.01688017 -0.0120555 -0.01394342 -0.01686487 -0.0119413 -0.01405802 -0.01698407 -0.0120343 -0.01390082 -0.01696397 -0.011918 -0.01400802 -0.01708147 -0.0120094 -0.01385062 -0.01705627 -0.0118871 -0.01394072 -0.01718667 -0.0118413 -0.01423832 -0.01688467 -0.0118232 -0.01419742 -0.01699077 -0.0118019 -0.01414892 -0.01709107 -0.0117736 -0.01408342 -0.01720037 -0.0117447 -0.01401562 -0.01729277 -0.011693 -0.01435782 -0.01687767 -0.0116772 -0.01431962 -0.01698337 -0.0116584 -0.01427412 -0.01708407 -0.0116333 -0.01421222 -0.01719497 -0.0116075 -0.01414782 -0.01729007 -0.0115798 -0.01407742 -0.01737737 -0.0115236 -0.01444952 -0.01685857 -0.0115102 -0.01441512 -0.01696117 -0.0114943 -0.01437392 -0.01705957 -0.0114729 -0.01431752 -0.01716927 -0.0114507 -0.01425842 -0.01726447 -0.0114265 -0.01419322 -0.01735337 -0.0115342 -0.01447672 -0.01675177 -0.0117057 -0.01438822 -0.01676667 -0.0118557 -0.01427082 -0.01677257 -0.0119771 -0.01413412 -0.01676977 -0.0120726 -0.01397752 -0.01675887 -0.0122 -0.01357242 -0.01518787 -0.0122 -0.007572418 -0.01518787 -0.0122 0.009427582 -0.01518787 -0.0113592 -0.01455962 -0.01518787 -0.011597 -0.01449022 -0.01518787 -0.0118104 -0.01436452 -0.01518787 -0.0119863 -0.01419022 -0.01518787 -0.0121141 -0.01397802 -0.01518787 -0.0121857 -0.01374092 -0.01518787 -0.005649998 0.02444138 -0.01645517 -0.005649998 0.02443468 -0.01646177 -0.005901258 0.02442098 -0.01644557 -0.005649998 0.02323009 -0.01725657 -0.005649998 0.02542758 -0.01538787 -0.005649998 0.02507988 -0.01582427 -0.005866938 0.02542758 -0.01536097 -0.005901258 0.02506388 -0.01581037 -0.006253588 0.02540958 -0.01518787 -0.006226648 0.02542758 -0.01518787 -0.006254978 0.02498388 -0.01574047 -0.006085648 0.02542758 -0.01527667 -0.005900728 0.02542758 -0.01534787 -0.006505698 0.02524128 -0.01518787 -0.006572018 0.02484128 -0.01561587 -0.006567968 0.02517458 -0.01518787 -0.006833168 0.02464458 -0.01544407 -0.006826538 0.02484698 -0.01518787 -0.006745548 0.02498438 -0.01518787 -0.007079048 0.02424828 -0.01518787 -0.007042918 0.02435468 -0.01518787 -0.007022588 0.02440578 -0.01523547 -0.007014418 0.02443868 -0.01518787 -0.006942738 0.02464988 -0.01518787 -0.007022588 0.02385408 -0.01578057 -0.007128808 0.02362458 -0.01551137 -0.007120008 0.02396168 -0.01518787 -0.007149998 0.02346158 -0.01532017 -0.007149998 0.02361038 -0.01518787 -0.007145118 0.02378598 -0.01518787 -0.007149998 0.02290772 -0.01572607 -0.007128808 0.02304096 -0.01593917 -0.007022588 0.02322853 -0.01623907 -0.006572018 0.02353518 -0.01672927 -0.006833168 0.02339666 -0.01650787 -0.006254978 0.02363558 -0.01688987 -0.005901258 0.02369188 -0.01697987 -0.005649998 0.02370318 -0.01699787 -0.006254978 0.02435208 -0.01636477 -0.006572018 0.02422918 -0.01622057 -0.006833168 0.02405978 -0.01602187 -0.014325 0.01675845 -0.01518787 -0.0140454 0.01697299 -0.01518787 -0.0122 0.009427582 -0.01518787 -0.01365 0.01792758 -0.01518787 -0.0119888 0.02004226 -0.01518787 -0.013696 0.01757817 -0.01518787 -0.0121151 0.0198309 -0.01518787 -0.0121859 0.01959509 -0.01518787 -0.006505698 0.02524128 -0.01518787 -0.0116033 0.02034264 -0.01518787 -0.0118147 0.02021636 -0.01518787 -0.0127 0.02542758 -0.01518787 -0.006253588 0.02540958 -0.01518787 -0.006226648 0.02542758 -0.01518787 -0.0138309 0.01725258 -0.01518787 -0.0122 0.01942758 -0.01518787 -0.013696 0.01827699 -0.01518787 -0.0138309 0.01860258 -0.01518787 -0.0140454 0.01888217 -0.01518787 -0.014325 0.01909671 -0.01518787 -0.0146506 0.01923158 -0.01518787 -0.015 0.0227217 -0.01518787 -0.0113675 0.02041345 -0.01518787 -0.006567968 0.02517458 -0.01518787 -0.0112 0.02042758 -0.01518787 -0.006745548 0.02498438 -0.01518787 -0.006826538 0.02484698 -0.01518787 -0.006942738 0.02464988 -0.01518787 -0.007014418 0.02443868 -0.01518787 -0.007042918 0.02435468 -0.01518787 -0.007079048 0.02424828 -0.01518787 -0.007120008 0.02396168 -0.01518787 -0.007145118 0.02378598 -0.01518787 -0.007149998 0.02361038 -0.01518787 -0.007149998 0.02242758 -0.01518787 -0.009149998 0.02042758 -0.01518787 -0.007196608 0.0219983 -0.01518787 -0.008702328 0.02047833 -0.01518787 -0.007342258 0.02157196 -0.01518787 -0.007579638 0.02118904 -0.01518787 -0.007896708 0.02086897 -0.01518787 -0.008277378 0.02062799 -0.01518787 -0.0159546 0.01888217 -0.01518787 -0.0161691 0.01860258 -0.01518787 -0.017075 0.02028052 -0.01518787 -0.016304 0.01827699 -0.01518787 -0.01635 0.01792758 -0.01518787 -0.016304 0.01757817 -0.01518787 -0.017075 0.009427582 -0.01518787 -0.0161691 0.01725258 -0.01518787 -0.0159546 0.01697299 -0.01518787 -0.015675 0.01675845 -0.01518787 -0.0153494 0.01662358 -0.01518787 -0.015 0.009427582 -0.01518787 -0.015 0.01657758 -0.01518787 -0.0146506 0.01662358 -0.01518787 -0.015 0.01927758 -0.01518787 -0.0153494 0.01923158 -0.01518787 -0.015675 0.01909671 -0.01518787 -0.0178 0.009427582 -0.01518787 -0.0178 0.01942758 -0.01518787 -0.017075 -0.01922242 -0.01518787 -0.0177575 -0.01922242 -0.01518787 -0.0178 -0.01917242 -0.01518787 -0.017075 -0.007572418 -0.01518787 -0.017075 -0.02002532 -0.01518787 -0.015 -0.01922242 -0.01518787 -0.015 -0.02246652 -0.01518787 -0.009174998 -0.02354152 -0.01518787 -0.0133163 -0.02444742 -0.01518787 -0.009454588 -0.02332702 -0.01518787 -0.009669128 -0.02304742 -0.01518787 -0.009174998 -0.02120332 -0.01518787 -0.009454588 -0.02141782 -0.01518787 -0.007330868 -0.02304742 -0.01518787 2.016856e-09 -0.02444742 -0.01518787 -0.007545408 -0.02332702 -0.01518787 -0.007824998 -0.02354152 -0.01518787 -0.009669128 -0.02169742 -0.01518787 -0.009803998 -0.02202302 -0.01518787 -0.009849998 -0.02237242 -0.01518787 -0.009803998 -0.02272182 -0.01518787 -0.008849408 -0.02367642 -0.01518787 -0.008499998 -0.02372242 -0.01518787 -0.008150588 -0.02367642 -0.01518787 -0.007195998 -0.02272182 -0.01518787 -0.007149998 -0.02237242 -0.01518787 2.016856e-09 -0.01957242 -0.01518787 -0.006553318 -0.01948752 -0.01518787 -0.007545408 -0.02141782 -0.01518787 -0.006764678 -0.01936122 -0.01518787 -0.007824998 -0.02120332 -0.01518787 -0.006903458 -0.01922242 -0.01518787 -0.008150588 -0.02106842 -0.01518787 -0.008499998 -0.02102242 -0.01518787 -0.008849408 -0.02106842 -0.01518787 -0.006317508 -0.01955832 -0.01518787 -0.006149998 -0.01957242 -0.01518787 -0.007330868 -0.02169742 -0.01518787 -0.007195998 -0.02202302 -0.01518787 0.01175 -0.02444742 -0.01518787 0.01175 -0.01922242 -0.01518787 0.0133163 -0.02444742 -0.01518787 0.0177575 -0.01922242 -0.01518787 0.0153494 -0.01737642 -0.01518787 0.015675 -0.01724152 -0.01518787 0.0161691 -0.01674742 -0.01518787 0.016304 -0.01642182 -0.01518787 0.0178 -0.01917242 -0.01518787 0.0138309 -0.01674742 -0.01518787 0.0140454 -0.01702702 -0.01518787 0.0160485 -0.01522202 -0.01518787 0.0158011 -0.01498572 -0.01518787 0.0178 -0.007572418 -0.01518787 0.0159546 -0.01702702 -0.01518787 0.0137714 -0.01551292 -0.01518787 0.0136702 -0.01583972 -0.01518787 0.01175 -0.01439982 -0.01518787 0.01365 -0.01607242 -0.01518787 0.013696 -0.01642182 -0.01518787 0.014325 -0.01724152 -0.01518787 0.0146506 -0.01737642 -0.01518787 0.015 -0.01742242 -0.01518787 0.01635 -0.01607242 -0.01518787 0.0163298 -0.01583972 -0.01518787 0.0162286 -0.01551292 -0.01518787 0.0155022 -0.01481932 -0.01518787 0.0151711 -0.01473332 -0.01518787 0.0122 -0.007572418 -0.01518787 0.0139515 -0.01522202 -0.01518787 0.0121859 -0.01373992 -0.01518787 0.0141989 -0.01498572 -0.01518787 0.0122 -0.01357242 -0.01518787 0.0144978 -0.01481932 -0.01518787 0.0148289 -0.01473332 -0.01518787 0.0118147 -0.01436122 -0.01518787 0.0119888 -0.01418712 -0.01518787 0.0121151 -0.01397572 -0.01518787 0.015 0.01927758 -0.01518787 0.0146506 0.01923158 -0.01518787 0.0127 0.02542758 -0.01518787 0.016304 0.01827699 -0.01518787 0.0161691 0.01860258 -0.01518787 0.0178 0.01942758 -0.01518787 0.01175 0.02542758 -0.01518787 0.014325 0.01909671 -0.01518787 0.0140454 0.01888217 -0.01518787 0.0138309 0.01725258 -0.01518787 0.0122 0.009427582 -0.01518787 0.013696 0.01757817 -0.01518787 0.0122 0.01942758 -0.01518787 0.01365 0.01792758 -0.01518787 0.0178 0.009427582 -0.01518787 0.015675 0.01675845 -0.01518787 0.0159546 0.01697299 -0.01518787 0.0159546 0.01888217 -0.01518787 0.015675 0.01909671 -0.01518787 0.0153494 0.01923158 -0.01518787 0.0161691 0.01725258 -0.01518787 0.016304 0.01757817 -0.01518787 0.01635 0.01792758 -0.01518787 0.0140454 0.01697299 -0.01518787 0.014325 0.01675845 -0.01518787 0.0146506 0.01662358 -0.01518787 0.0121141 0.01983318 -0.01518787 0.0121857 0.01959608 -0.01518787 0.0138309 0.01860258 -0.01518787 0.013696 0.01827699 -0.01518787 0.015 0.01657758 -0.01518787 0.0153494 0.01662358 -0.01518787 0.0119863 0.02004539 -0.01518787 0.0118104 0.0202197 -0.01518787 0.01175 0.02025526 -0.01518787 0.011597 0.02034541 -0.01518787 0.006826742 0.02486588 -0.01518787 0.006605012 0.02514848 -0.01518787 0.006569882 0.02517688 -0.01518787 0.006337502 0.02536508 -0.01518787 0.006254592 0.02541178 -0.01518787 0.006226652 0.02542758 -0.01518787 0.007150002 0.02242758 -0.01518787 0.007150002 0.02361038 -0.01518787 0.007121212 0.02396298 -0.01518787 0.007110502 0.02409418 -0.01518787 0.007040642 0.02435618 -0.01518787 0.007017682 0.02444228 -0.01518787 0.006997872 0.02451658 -0.01518787 0.0113592 0.02041483 -0.01518787 0.0112 0.02042758 -0.01518787 0.009150002 0.02042758 -0.01518787 0.007196612 0.0219983 -0.01518787 0.008702332 0.02047833 -0.01518787 0.008277382 0.02062799 -0.01518787 0.007896712 0.02086897 -0.01518787 0.007342262 0.02157196 -0.01518787 0.007579642 0.02118904 -0.01518787 0.013696 0.0005781821 -0.01518787 0.01365 0.0009275821 -0.01518787 0.013696 0.001276982 -0.01518787 0.0138309 0.001602582 -0.01518787 0.015 0.002277582 -0.01518787 0.0146506 0.002231582 -0.01518787 0.014325 0.002096682 -0.01518787 0.0140454 0.001882182 -0.01518787 0.0153494 0.002231582 -0.01518787 0.0138309 0.0002525821 -0.01518787 0.0140454 -2.701788e-05 -0.01518787 0.014325 -0.0002415179 -0.01518787 0.0146506 -0.0003764179 -0.01518787 0.015 -0.0004224179 -0.01518787 0.0153494 -0.0003764179 -0.01518787 0.0161691 0.001602582 -0.01518787 0.0159546 0.001882182 -0.01518787 0.015675 0.002096682 -0.01518787 0.015675 -0.0002415179 -0.01518787 0.0159546 -2.701788e-05 -0.01518787 0.0161691 0.0002525821 -0.01518787 0.016304 0.0005781821 -0.01518787 0.01635 0.0009275821 -0.01518787 0.016304 0.001276982 -0.01518787 0.006902862 -0.01922242 -0.01518787 0.006942122 -0.01918282 -0.01518787 0.0112 -0.01457242 -0.01518787 0.0113675 -0.01455832 -0.01518787 0.0116033 -0.01448752 -0.01518787 0.007067832 -0.01896942 -0.01518787 0.007137252 -0.01873162 -0.01518787 0.007150002 -0.01857242 -0.01518787 0.008282232 -0.01477052 -0.01518787 0.008704962 -0.01462252 -0.01518787 0.009150002 -0.01457242 -0.01518787 0.007150002 -0.01657242 -0.01518787 0.007200142 -0.01612742 -0.01518787 0.007348062 -0.01570462 -0.01518787 0.007586342 -0.01532542 -0.01518787 0.007903022 -0.01500872 -0.01518787 0.007196002 -0.02272182 -0.01518787 0.007330872 -0.02304742 -0.01518787 0.007545412 -0.02332702 -0.01518787 0.007825002 -0.02354152 -0.01518787 0.009669132 -0.02304742 -0.01518787 0.009454592 -0.02332702 -0.01518787 0.009175002 -0.02354152 -0.01518787 0.008150592 -0.02367642 -0.01518787 0.008500002 -0.02372242 -0.01518787 0.008849412 -0.02367642 -0.01518787 0.009669132 -0.02169742 -0.01518787 0.009454592 -0.02141782 -0.01518787 0.006150002 -0.01957242 -0.01518787 0.007545412 -0.02141782 -0.01518787 0.009175002 -0.02120332 -0.01518787 0.008849412 -0.02106842 -0.01518787 0.006318502 -0.01955812 -0.01518787 0.006555592 -0.01948652 -0.01518787 0.007825002 -0.02120332 -0.01518787 0.006767812 -0.01935872 -0.01518787 0.008150592 -0.02106842 -0.01518787 0.008500002 -0.02102242 -0.01518787 0.007330872 -0.02169742 -0.01518787 0.007196002 -0.02202302 -0.01518787 0.007150002 -0.02237242 -0.01518787 0.009804002 -0.02272182 -0.01518787 0.009850002 -0.02237242 -0.01518787 0.009804002 -0.02202302 -0.01518787 -0.015 -0.01742242 -0.01518787 -0.0146506 -0.01737642 -0.01518787 -0.0139515 -0.01522202 -0.01518787 -0.0141989 -0.01498572 -0.01518787 -0.0122 -0.01357242 -0.01518787 -0.007065058 -0.01897572 -0.01518787 -0.006938778 -0.01918712 -0.01518787 -0.0138309 -0.01674742 -0.01518787 -0.0140454 -0.01702702 -0.01518787 -0.0118104 -0.01436452 -0.01518787 -0.011597 -0.01449022 -0.01518787 -0.0137714 -0.01551292 -0.01518787 -0.014325 -0.01724152 -0.01518787 -0.0122 -0.007572418 -0.01518787 -0.0144978 -0.01481932 -0.01518787 -0.015 -0.007572418 -0.01518787 -0.01365 -0.01607242 -0.01518787 -0.007149998 -0.01657242 -0.01518787 -0.013696 -0.01642182 -0.01518787 -0.007149998 -0.01857242 -0.01518787 -0.007135868 -0.01873992 -0.01518787 -0.0136702 -0.01583972 -0.01518787 -0.0121857 -0.01374092 -0.01518787 -0.0121141 -0.01397802 -0.01518787 -0.0119863 -0.01419022 -0.01518787 -0.007586338 -0.01532542 -0.01518787 -0.007348058 -0.01570462 -0.01518787 -0.007200138 -0.01612742 -0.01518787 -0.0113592 -0.01455962 -0.01518787 -0.0112 -0.01457242 -0.01518787 -0.009149998 -0.01457242 -0.01518787 -0.008704958 -0.01462252 -0.01518787 -0.008282228 -0.01477052 -0.01518787 -0.007903018 -0.01500872 -0.01518787 -0.0138309 0.001602582 -0.01518787 -0.0140454 0.001882182 -0.01518787 -0.014325 -0.0002415179 -0.01518787 -0.0140454 -2.701788e-05 -0.01518787 -0.0138309 0.0002525821 -0.01518787 -0.013696 0.0005781821 -0.01518787 -0.01365 0.0009275821 -0.01518787 -0.013696 0.001276982 -0.01518787 -0.0153494 -0.0003764179 -0.01518787 -0.015 -0.0004224179 -0.01518787 -0.0146506 -0.0003764179 -0.01518787 -0.014325 0.002096682 -0.01518787 -0.0146506 0.002231582 -0.01518787 -0.015 0.002277582 -0.01518787 -0.0153494 0.002231582 -0.01518787 -0.015675 0.002096682 -0.01518787 -0.0159546 0.001882182 -0.01518787 -0.0161691 0.001602582 -0.01518787 -0.016304 0.001276982 -0.01518787 -0.01635 0.0009275821 -0.01518787 -0.016304 0.0005781821 -0.01518787 -0.0161691 0.0002525821 -0.01518787 -0.0159546 -2.701788e-05 -0.01518787 -0.015675 -0.0002415179 -0.01518787 -0.0161691 -0.01674742 -0.01518787 -0.0159546 -0.01702702 -0.01518787 -0.015675 -0.01724152 -0.01518787 -0.0153494 -0.01737642 -0.01518787 -0.0148289 -0.01473332 -0.01518787 -0.015 -0.01473332 -0.01518787 -0.0151711 -0.01473332 -0.01518787 -0.0155022 -0.01481932 -0.01518787 -0.0158011 -0.01498572 -0.01518787 -0.0160485 -0.01522202 -0.01518787 -0.0162286 -0.01551292 -0.01518787 -0.0163298 -0.01583972 -0.01518787 -0.01635 -0.01607242 -0.01518787 -0.016304 -0.01642182 -0.01518787 -0.0127 -0.02517242 -0.01518787 2.016856e-09 -0.02517242 -0.01518787 0.01175 -0.02517242 -0.01518787 0.0127 -0.02517242 -0.01518787 -0.0178 -0.007572418 -0.01518787 0.01635 0.01792758 -0.01268787 0.01635 0.01792758 -0.01518787 0.016304 0.01757817 -0.01268787 0.016304 0.01757817 -0.01518787 0.0161691 0.01725258 -0.01268787 0.0161691 0.01725258 -0.01518787 0.0159546 0.01697299 -0.01268787 0.0159546 0.01697299 -0.01518787 0.015675 0.01675845 -0.01268787 0.015675 0.01675845 -0.01518787 0.0153494 0.01662358 -0.01268787 0.0153494 0.01662358 -0.01518787 0.015 0.01657758 -0.01268787 0.015 0.01657758 -0.01518787 0.0146506 0.01662358 -0.01268787 0.0146506 0.01662358 -0.01518787 0.014325 0.01675845 -0.01268787 0.014325 0.01675845 -0.01518787 0.0140454 0.01697299 -0.01268787 0.0140454 0.01697299 -0.01518787 0.0138309 0.01725258 -0.01268787 0.0138309 0.01725258 -0.01518787 0.013696 0.01757817 -0.01268787 0.013696 0.01757817 -0.01518787 0.01365 0.01792758 -0.01268787 0.01365 0.01792758 -0.01518787 0.013696 0.01827699 -0.01268787 0.013696 0.01827699 -0.01518787 0.0138309 0.01860258 -0.01268787 0.0138309 0.01860258 -0.01518787 0.0140454 0.01888217 -0.01268787 0.0140454 0.01888217 -0.01518787 0.014325 0.01909671 -0.01268787 0.014325 0.01909671 -0.01518787 0.0146506 0.01923158 -0.01268787 0.0146506 0.01923158 -0.01518787 0.015 0.01927758 -0.01268787 0.015 0.01927758 -0.01518787 0.0153494 0.01923158 -0.01268787 0.0153494 0.01923158 -0.01518787 0.015675 0.01909671 -0.01268787 0.015675 0.01909671 -0.01518787 0.0159546 0.01888217 -0.01268787 0.0159546 0.01888217 -0.01518787 0.0161691 0.01860258 -0.01268787 0.0161691 0.01860258 -0.01518787 0.016304 0.01827699 -0.01268787 0.016304 0.01827699 -0.01518787 -0.013696 0.01827699 -0.01268787 -0.01365 0.01792758 -0.01268787 -0.0121421 0.01792758 -0.01268787 -0.013696 0.01757817 -0.01268787 -0.0138309 0.01725258 -0.01268787 -0.0135711 0.01545258 -0.01268787 -0.0140454 0.01697299 -0.01268787 -0.014325 0.01675845 -0.01268787 -0.0146506 0.01923158 -0.01268787 -0.014325 0.01909671 -0.01268787 -0.0135711 0.02040258 -0.01268787 -0.0140454 0.01888217 -0.01268787 -0.0138309 0.01860258 -0.01268787 -0.015675 0.01675845 -0.01268787 -0.0159546 0.01697299 -0.01268787 -0.0178 0.01545258 -0.01268787 -0.0159546 0.01888217 -0.01268787 -0.0169712 0.02040258 -0.01268787 -0.0161691 0.01860258 -0.01268787 -0.0178 0.01942758 -0.01268787 -0.016304 0.01827699 -0.01268787 -0.015675 0.01909671 -0.01268787 -0.0153494 0.01923158 -0.01268787 -0.015 0.01927758 -0.01268787 -0.0146506 0.01662358 -0.01268787 -0.015 0.01657758 -0.01268787 -0.0153494 0.01662358 -0.01268787 -0.0161691 0.01725258 -0.01268787 -0.016304 0.01757817 -0.01268787 -0.01635 0.01792758 -0.01268787 -0.0135711 0.003402582 -0.01068787 -0.0178 0.003402582 -0.01068787 -0.0135711 0.003402582 -0.01268787 -0.0178 0.003402582 -0.01268787 -0.0135711 0.003402582 -0.01068787 -0.0135711 0.003402582 -0.01268787 -0.0122 0.001027882 -0.01068787 -0.0121421 0.0009275821 -0.01268787 -0.0121421 0.0009275821 -0.01068787 0.008600262 -0.01957242 -0.01068787 0.0102 -0.01957242 -0.01068787 0.0102 -0.01957242 0.01031213 -0.008600258 -0.01957242 0.01031213 -0.0102 -0.01957242 0.01031213 -0.0102 -0.01957242 -0.01068787 -0.004524998 -0.01957242 -0.01318787 0.004525002 -0.01957242 -0.01318787 -0.004524998 -0.01957242 -0.01068787 0.004525002 -0.01957242 -0.01068787 0.008399742 -0.01957242 -0.01068787 0.004525002 -0.01957242 0.01281213 -0.004524998 -0.01957242 0.01281213 0.004525002 -0.01957242 0.01031213 -0.004524998 -0.01957242 0.01031213 -0.008399738 -0.01957242 0.01031213 -0.008600258 -0.01957242 -0.01068787 -0.008399738 -0.01957242 -0.01068787 0.008399742 -0.01957242 0.01031213 0.008600262 -0.01957242 0.01031213 0.0170562 -0.02004742 -0.01318787 0.012475 -0.02004742 -0.01318787 0.0127 -0.02517242 -0.01318787 0.012475 -0.02517242 -0.01318787 -0.0121421 -0.01607242 -0.01068787 -0.0121421 -0.01607242 -0.01268787 -0.0125751 -0.01682242 -0.01068787 -0.0135711 -0.01854742 -0.01268787 -0.0135711 -0.01854742 -0.01068787 -0.0178 0.01395258 -0.01318787 -0.0122 0.01395258 -0.01318787 -0.0178 0.01395258 -0.01068787 -0.0122 0.01395258 -0.01068787 -0.009867558 0.02535238 0.01481213 -0.009867558 0.02535238 0.01656213 -0.0105017 0.02513048 0.01481213 -0.0105017 0.02513048 0.01656213 -0.0110705 0.02477308 0.01481213 -0.0110705 0.02477308 0.01656213 -0.0115455 0.02429808 0.01481213 -0.0115455 0.02429808 0.01656213 -0.0119029 0.02372928 0.01481213 -0.0119029 0.02372928 0.01656213 -0.0121248 0.02309514 0.01481213 -0.0121248 0.02309514 0.01656213 -0.0122 0.02242758 0.01481213 -0.0122 0.02242758 0.01656213 0.01635 -0.01607242 0.01481213 0.01635 -0.01607242 0.01231213 0.016304 -0.01642182 0.01481213 0.016304 -0.01642182 0.01231213 0.0161691 -0.01674742 0.01481213 0.0161691 -0.01674742 0.01231213 0.0159546 -0.01702702 0.01481213 0.0159546 -0.01702702 0.01231213 0.015675 -0.01724152 0.01481213 0.015675 -0.01724152 0.01231213 0.0153494 -0.01737642 0.01481213 0.0153494 -0.01737642 0.01231213 0.015 -0.01742242 0.01481213 0.015 -0.01742242 0.01231213 0.0146506 -0.01737642 0.01481213 0.0146506 -0.01737642 0.01231213 0.014325 -0.01724152 0.01481213 0.014325 -0.01724152 0.01231213 0.0140454 -0.01702702 0.01481213 0.0140454 -0.01702702 0.01231213 0.0138309 -0.01674742 0.01481213 0.0138309 -0.01674742 0.01231213 0.013696 -0.01642182 0.01481213 0.013696 -0.01642182 0.01231213 0.01365 -0.01607242 0.01481213 0.01365 -0.01607242 0.01231213 -0.009861978 0.02532788 0.01678463 -0.0121003 0.02308956 0.01678463 -0.0121749 0.02242758 0.01678463 -0.0120282 0.02307311 0.01699603 -0.009845528 0.02525578 0.01699603 -0.009819018 0.02513968 0.01718563 -0.0121745 0.02242758 0.01678593 -0.012101 0.02242758 0.01699603 -0.0119121 0.0230466 0.01718563 -0.0120995 0.02242758 0.01699823 -0.0119818 0.02242758 0.01718563 -0.011979 0.02242758 0.01718843 -0.0117577 0.02301136 0.01734393 -0.009783778 0.02498528 0.01734393 -0.009741588 0.02480048 0.01746313 -0.0118235 0.02242758 0.01734393 -0.011819 0.02242758 0.01734683 -0.0115729 0.02296917 0.01746313 -0.0104908 0.02510788 0.01678463 -0.0104587 0.02504128 0.01699603 -0.010407 0.02493388 0.01718563 -0.0103383 0.02479128 0.01734393 -0.010256 0.02462048 0.01746313 -0.009694558 0.02459438 0.01753703 -0.0101643 0.02442998 0.01753703 -0.0110548 0.02475348 0.01678463 -0.0110087 0.02469568 0.01699603 -0.0109344 0.02460248 0.01718563 -0.0108357 0.02447868 0.01734393 -0.0107175 0.02433048 0.01746313 -0.0105857 0.02416518 0.01753703 -0.0115259 0.02428238 0.01678463 -0.0114681 0.02423628 0.01699603 -0.0113749 0.02416198 0.01718563 -0.0112511 0.02406328 0.01734393 -0.0111029 0.02394508 0.01746313 -0.0109376 0.02381328 0.01753703 -0.0118803 0.02371838 0.01678463 -0.0118137 0.02368628 0.01699603 -0.0117063 0.02363458 0.01718563 -0.0115637 0.02356588 0.01734393 -0.0113929 0.02348358 0.01746313 -0.0112024 0.0233919 0.01753703 -0.0113668 0.02292214 0.01753703 -0.0116339 0.02242758 0.01746313 -0.0116276 0.02242758 0.01746533 -0.0114225 0.02242758 0.01753703 -0.0114145 0.02242758 0.01753793 0.0122 0.02242758 0.01656213 0.0121248 0.02309514 0.01656213 0.0121749 0.02242758 0.01678463 0.0121003 0.02308956 0.01678463 0.0121626 0.02242758 0.01681983 0.0120282 0.02307311 0.01699603 0.009867562 0.02535238 0.01656213 0.009861982 0.02532788 0.01678463 0.009845532 0.02525578 0.01699603 0.0119121 0.0230466 0.01718563 0.0120613 0.02242758 0.01705913 0.012101 0.02242758 0.01699603 0.009819022 0.02513968 0.01718563 0.0117577 0.02301136 0.01734393 0.0119027 0.02242758 0.01726483 0.0119818 0.02242758 0.01718563 0.009783782 0.02498528 0.01734393 0.0115729 0.02296917 0.01746313 0.011697 0.02242758 0.01742343 0.0118235 0.02242758 0.01734393 0.009741592 0.02480048 0.01746313 0.0114225 0.02242758 0.01753703 0.0113668 0.02292214 0.01753703 0.0114577 0.02242758 0.01752473 0.0116339 0.02242758 0.01746313 0.0119029 0.02372928 0.01656213 0.0118803 0.02371838 0.01678463 0.0118137 0.02368628 0.01699603 0.0117063 0.02363458 0.01718563 0.0115637 0.02356588 0.01734393 0.0113929 0.02348358 0.01746313 0.0112024 0.0233919 0.01753703 0.0115455 0.02429808 0.01656213 0.0115259 0.02428238 0.01678463 0.0114681 0.02423628 0.01699603 0.0113749 0.02416198 0.01718563 0.0112511 0.02406328 0.01734393 0.0111029 0.02394508 0.01746313 0.0109376 0.02381328 0.01753703 0.0110705 0.02477308 0.01656213 0.0110548 0.02475348 0.01678463 0.0110087 0.02469568 0.01699603 0.0109344 0.02460248 0.01718563 0.0108357 0.02447868 0.01734393 0.0107175 0.02433048 0.01746313 0.0105857 0.02416518 0.01753703 0.0105017 0.02513048 0.01656213 0.0104908 0.02510788 0.01678463 0.0104587 0.02504128 0.01699603 0.010407 0.02493388 0.01718563 0.0103383 0.02479128 0.01734393 0.010256 0.02462048 0.01746313 0.0101643 0.02442998 0.01753703 0.009694562 0.02459438 0.01753703 0.0122 0.02242758 0.01481213 0.0121248 0.02309514 0.01481213 0.0119029 0.02372928 0.01481213 0.01175 0.02397258 0.01481213 0.0115455 0.02429808 0.01481213 0.0110705 0.02477308 0.01481213 0.0105017 0.02513048 0.01481213 0.009867562 0.02535238 0.01481213 -0.009199998 -0.01957242 0.01656213 -0.009199998 -0.01954732 0.01678463 -0.009199998 -0.01954692 0.01678593 -0.009199998 -0.01947342 0.01699603 -0.009199998 -0.01947192 0.01699823 -0.009199998 -0.01935422 0.01718563 -0.009199998 -0.01935142 0.01718843 -0.009199998 -0.01919592 0.01734393 -0.009199998 -0.01919142 0.01734683 -0.009199998 -0.01900632 0.01746313 -0.009199998 -0.01900002 0.01746533 -0.009199998 -0.01879492 0.01753703 -0.009199998 -0.01878692 0.01753793 -0.0122 -0.01657242 0.01656213 -0.0121248 -0.01724002 0.01656213 -0.0121749 -0.01657242 0.01678463 -0.0121003 -0.01723442 0.01678463 -0.009867558 -0.01949722 0.01656213 -0.009861978 -0.01947272 0.01678463 -0.009845528 -0.01940062 0.01699603 -0.0120282 -0.01721792 0.01699603 -0.0119121 -0.01719142 0.01718563 -0.0119818 -0.01657242 0.01718563 -0.0120995 -0.01657242 0.01699823 -0.012101 -0.01657242 0.01699603 -0.0121745 -0.01657242 0.01678593 -0.009819018 -0.01928452 0.01718563 -0.009783778 -0.01913012 0.01734393 -0.0117577 -0.01715622 0.01734393 -0.0115729 -0.01711402 0.01746313 -0.0116339 -0.01657242 0.01746313 -0.011819 -0.01657242 0.01734683 -0.0118235 -0.01657242 0.01734393 -0.011979 -0.01657242 0.01718843 -0.009741588 -0.01894532 0.01746313 -0.0119029 -0.01787412 0.01656213 -0.0118803 -0.01786322 0.01678463 -0.0118137 -0.01783112 0.01699603 -0.0117063 -0.01777942 0.01718563 -0.0115637 -0.01771072 0.01734393 -0.0113929 -0.01762842 0.01746313 -0.0113668 -0.01706702 0.01753703 -0.0112024 -0.01753672 0.01753703 -0.0115455 -0.01844292 0.01656213 -0.0115259 -0.01842722 0.01678463 -0.0114681 -0.01838112 0.01699603 -0.0113749 -0.01830682 0.01718563 -0.0112511 -0.01820812 0.01734393 -0.0111029 -0.01808992 0.01746313 -0.0109376 -0.01795812 0.01753703 -0.0110705 -0.01891792 0.01656213 -0.0110548 -0.01889832 0.01678463 -0.0110087 -0.01884052 0.01699603 -0.0109344 -0.01874732 0.01718563 -0.0108357 -0.01862352 0.01734393 -0.0107175 -0.01847532 0.01746313 -0.0105857 -0.01831002 0.01753703 -0.0105017 -0.01927532 0.01656213 -0.0104908 -0.01925272 0.01678463 -0.0104587 -0.01918612 0.01699603 -0.010407 -0.01907872 0.01718563 -0.0103383 -0.01893612 0.01734393 -0.010256 -0.01876532 0.01746313 -0.0101643 -0.01857482 0.01753703 -0.009694558 -0.01873922 0.01753703 -0.0114145 -0.01657242 0.01753793 -0.0114225 -0.01657242 0.01753703 -0.0116276 -0.01657242 0.01746533 -0.0122 -0.01657242 0.01481213 -0.0121248 -0.01724002 0.01481213 -0.0119029 -0.01787412 0.01481213 -0.0115455 -0.01844292 0.01481213 -0.0110705 -0.01891792 0.01481213 -0.0105859 -0.01922242 0.01481213 -0.0105017 -0.01927532 0.01481213 -0.009867558 -0.01949722 0.01481213 -0.009199998 -0.01957242 0.01481213 -0.002849998 0.01342758 0.01756213 -0.002849998 0.01342758 0.02241213 -0.002752888 0.01416522 0.02241213 -0.002752888 0.01416522 0.01756213 -0.002468168 0.01485258 0.02241213 -0.002468168 0.01485258 0.01756213 -0.002015248 0.01544283 0.02241213 -0.002015248 0.01544283 0.01756213 -0.001424998 0.01589575 0.02241213 -0.001424998 0.01589575 0.01756213 -0.000737632 0.01618047 0.02241213 -0.000737632 0.01618047 0.01756213 2.016856e-09 0.01627758 0.02241213 2.016856e-09 0.01627758 0.01756213 0.000737636 0.01618047 0.02241213 0.000737636 0.01618047 0.01756213 0.001425002 0.01589575 0.02241213 0.001425002 0.01589575 0.01756213 0.002015252 0.01544283 0.02241213 0.002015252 0.01544283 0.01756213 0.002468172 0.01485258 0.02241213 0.002468172 0.01485258 0.01756213 0.002752892 0.01416522 0.02241213 0.002752892 0.01416522 0.01756213 0.002850002 0.01342758 0.02241213 0.002850002 0.01342758 0.01756213 0.002752892 0.01268995 0.02241213 0.002752892 0.01268995 0.01756213 0.002468172 0.01200258 0.02241213 0.002468172 0.01200258 0.01756213 0.002015252 0.01141233 0.02241213 0.002015252 0.01141233 0.01756213 0.001425002 0.01095941 0.02241213 0.001425002 0.01095941 0.01756213 0.000737636 0.01067469 0.02241213 0.000737636 0.01067469 0.01756213 2.016856e-09 0.01057758 0.02241213 2.016856e-09 0.01057758 0.01756213 -0.000737632 0.01067469 0.02241213 -0.000737632 0.01067469 0.01756213 -0.001424998 0.01095941 0.02241213 -0.001424998 0.01095941 0.01756213 -0.002015248 0.01141233 0.02241213 -0.002015248 0.01141233 0.01756213 -0.002468168 0.01200258 0.02241213 -0.002468168 0.01200258 0.01756213 -0.002752888 0.01268995 0.02241213 -0.002752888 0.01268995 0.01756213 0.002850002 0.01342758 0.02241213 0.002752892 0.01416522 0.02241213 -0.002015248 0.01141233 0.02241213 0.002468172 0.01485258 0.02241213 0.002015252 0.01544283 0.02241213 0.001425002 0.01589575 0.02241213 0.000737636 0.01618047 0.02241213 2.016856e-09 0.01627758 0.02241213 2.016856e-09 0.01057758 0.02241213 0.002468172 0.01200258 0.02241213 -0.000737632 0.01067469 0.02241213 -0.001424998 0.01095941 0.02241213 0.000737636 0.01067469 0.02241213 0.001425002 0.01095941 0.02241213 0.002015252 0.01141233 0.02241213 0.002752892 0.01268995 0.02241213 -0.000737632 0.01618047 0.02241213 -0.001424998 0.01589575 0.02241213 -0.002015248 0.01544283 0.02241213 -0.002468168 0.01485258 0.02241213 -0.002752888 0.01416522 0.02241213 -0.002468168 0.01200258 0.02241213 -0.002849998 0.01342758 0.02241213 -0.002752888 0.01268995 0.02241213 0.0156962 0.02190258 0.01281213 0.0127 0.02542758 0.01281213 0.0127 0.02542758 0.01481213 0.0178 0.01942758 0.01481213 0.0178 0.01942758 0.01231213 0.0169712 0.02040258 0.01231213 0.0169712 0.02040258 0.01031213 0.0156962 0.02190258 0.01031213 0.0156962 0.02190258 0.01031213 0.0122 0.02190258 0.01031213 0.0156962 0.02190258 0.01281213 0.0122 0.02190258 0.01281213 0.0135711 0.02040258 0.01031213 0.0169712 0.02040258 0.01031213 0.0135711 0.02040258 0.01231213 0.0169712 0.02040258 0.01231213 0.0170562 -0.02004742 0.01031213 0.0170562 -0.02004742 0.01281213 0.012475 -0.02004742 0.01031213 0.012475 -0.02004742 0.01281213 0.012475 -0.02004742 0.01031213 0.012475 -0.02004742 0.01281213 0.012475 -0.02517242 0.01031213 0.012475 -0.02517242 0.01281213 -0.0135711 -0.01359742 0.01231213 -0.0178 -0.01359742 0.01231213 -0.0135711 -0.01359742 0.01031213 -0.0178 -0.01359742 0.01031213 -0.0135711 -0.001547418 0.01031213 -0.0135711 -0.001547418 0.01231213 -0.0122 0.0008272821 0.01031213 -0.0121421 0.0009275821 0.01231213 -0.0121421 0.0009275821 0.01031213 -0.0121421 0.0009275821 0.01031213 -0.0121421 0.0009275821 0.01231213 -0.0122 0.001027882 0.01031213 -0.0135711 0.003402582 0.01231213 -0.0135711 0.003402582 0.01031213 -0.0135711 0.003402582 0.01231213 -0.0178 0.003402582 0.01231213 -0.0135711 0.003402582 0.01031213 -0.0178 0.003402582 0.01031213 -0.0178 0.004902582 0.01281213 -0.0122 0.004902582 0.01281213 -0.0178 0.004902582 0.01031213 -0.0122 0.004902582 0.01031213 0.010975 -0.02094352 0.01031213 0.010975 -0.02094352 0.01231213 0.008600262 -0.01957242 0.01031213 0.008500002 -0.01951452 0.01231213 0.008500002 -0.01951452 0.01031213 0.008500002 -0.01951452 0.01031213 0.008500002 -0.01951452 0.01231213 0.008399742 -0.01957242 0.01031213 0.006025002 -0.02094352 0.01231213 0.006025002 -0.02094352 0.01031213 0.006025002 -0.02094352 0.01231213 0.006025002 -0.02517242 0.01231213 0.006025002 -0.02094352 0.01031213 0.006025002 -0.02517242 0.01031213 0.004525002 -0.02517242 0.01281213 0.004525002 -0.01957242 0.01281213 0.004525002 -0.02517242 0.01031213 0.004525002 -0.01957242 0.01031213 0.0107176 -0.01950432 -0.01068787 0.0107176 -0.01950432 0.01031213 0.0112 -0.01930452 -0.01068787 0.0112 -0.01930452 0.01031213 0.0116142 -0.01898662 -0.01068787 0.0116142 -0.01898662 0.01031213 0.0119321 -0.01857242 -0.01068787 0.0119321 -0.01857242 0.01031213 0.0121319 -0.01809002 -0.01068787 0.0121319 -0.01809002 0.01031213 0.006137612 -0.01924182 -0.01737067 0.006054012 -0.01920242 -0.01742387 0.006206992 -0.01912102 -0.01748507 0.006107662 -0.01907802 -0.01754247 0.006006282 -0.01903442 -0.01758807 0.006150792 -0.01893622 -0.01764177 0.006044632 -0.01889402 -0.01768587 0.005937332 -0.01885162 -0.01771927 0.006081552 -0.01873542 -0.01776407 0.006122342 -0.01948952 -0.01689967 0.006114162 -0.01946512 -0.01697137 0.006263092 -0.01944392 -0.01701687 0.006072832 -0.01934152 -0.01721877 0.006218132 -0.01928002 -0.01730737 0.005850402 -0.01864692 -0.01781507 0.005735152 -0.01826752 -0.01791377 0.005990702 -0.01835512 -0.01788747 0.005865932 -0.01831302 -0.01791137 0.007073572 -0.01891422 -0.01664207 0.006237842 -0.01955692 -0.01661977 0.006411522 -0.01952282 -0.01663587 0.006579522 -0.01945732 -0.01664777 0.006735842 -0.01936092 -0.01665467 0.006871602 -0.01923852 -0.01665617 0.006987302 -0.01908722 -0.01665207 0.007121912 -0.01874552 -0.01662817 0.007015182 -0.01870682 -0.01702297 0.007111542 -0.01855962 -0.01677537 0.007081562 -0.01873082 -0.01683147 0.006787002 -0.01862632 -0.01739597 0.006853402 -0.01864952 -0.01731047 0.006912252 -0.01867022 -0.01722227 0.006965212 -0.01868892 -0.01712887 0.006538082 -0.01836842 -0.01764227 0.006537922 -0.01854052 -0.01763187 0.006228272 -0.01843532 -0.01780977 0.005865052 -0.01847812 -0.01787947 0.005965282 -0.01869252 -0.01779857 0.006182762 -0.01952552 -0.01680577 0.006354012 -0.01949212 -0.01683957 0.006143882 -0.01955392 -0.01660977 0.005990022 -0.01852162 -0.01785447 0.006197642 -0.01940962 -0.01710687 0.006130912 -0.01937492 -0.01717997 0.006292072 -0.01931552 -0.01723607 0.005945382 -0.01895892 -0.01764067 0.006106832 -0.01856232 -0.01782047 0.006114092 -0.01839672 -0.01785267 0.006189422 -0.01877532 -0.01772127 0.006221862 -0.01860252 -0.01777597 0.006253472 -0.01897732 -0.01758737 0.006295172 -0.01881472 -0.01766837 0.006327482 -0.01863962 -0.01772457 0.006339572 -0.01847302 -0.01775707 0.006292502 -0.01915852 -0.01742387 0.006353252 -0.01901772 -0.01752177 0.006396542 -0.01885282 -0.01760587 0.006429992 -0.01867592 -0.01766367 0.006440722 -0.01850732 -0.01769877 0.006374362 -0.01919472 -0.01735287 0.006438512 -0.01905262 -0.01745377 0.006494162 -0.01888992 -0.01753297 0.006527292 -0.01871052 -0.01759437 0.006697912 -0.01877212 -0.01743817 0.006715412 -0.01860152 -0.01747557 0.006360942 -0.01934882 -0.01715487 0.006449102 -0.01922812 -0.01727457 0.006519602 -0.01908622 -0.01737647 0.006576882 -0.01892172 -0.01745937 0.006620052 -0.01874392 -0.01751577 0.006629252 -0.01857182 -0.01755777 0.006677962 -0.01933352 -0.01688017 0.006521042 -0.01942792 -0.01686487 0.006635652 -0.01931372 -0.01698407 0.006478422 -0.01940672 -0.01696397 0.006585592 -0.01929042 -0.01708147 0.006428172 -0.01938182 -0.01705627 0.006518342 -0.01925952 -0.01718667 0.006815902 -0.01921372 -0.01688467 0.006775032 -0.01919562 -0.01699077 0.006726502 -0.01917432 -0.01709107 0.006661012 -0.01914602 -0.01720037 0.006593202 -0.01911712 -0.01729277 0.006935442 -0.01906542 -0.01687767 0.006897232 -0.01904952 -0.01698337 0.006851662 -0.01903082 -0.01708407 0.006789832 -0.01900572 -0.01719497 0.006725402 -0.01897992 -0.01729007 0.006654992 -0.01895222 -0.01737737 0.007027132 -0.01889602 -0.01685857 0.006992732 -0.01888262 -0.01696117 0.006951492 -0.01886672 -0.01705957 0.006895152 -0.01884532 -0.01716927 0.006835972 -0.01882312 -0.01726447 0.006770802 -0.01879892 -0.01735337 0.007054312 -0.01890662 -0.01675177 0.006965752 -0.01907812 -0.01676667 0.006848432 -0.01922812 -0.01677257 0.006711732 -0.01934952 -0.01676977 0.006555142 -0.01944502 -0.01675887 -0.016304 0.01827699 -0.01268787 -0.016304 0.01827699 -0.01518787 -0.0161691 0.01860258 -0.01268787 -0.0161691 0.01860258 -0.01518787 -0.0159546 0.01888217 -0.01268787 -0.0159546 0.01888217 -0.01518787 -0.015675 0.01909671 -0.01268787 -0.015675 0.01909671 -0.01518787 -0.0153494 0.01923158 -0.01268787 -0.0153494 0.01923158 -0.01518787 -0.015 0.01927758 -0.01268787 -0.015 0.01927758 -0.01518787 -0.0146506 0.01923158 -0.01268787 -0.0146506 0.01923158 -0.01518787 -0.014325 0.01909671 -0.01268787 -0.014325 0.01909671 -0.01518787 -0.0140454 0.01888217 -0.01268787 -0.0140454 0.01888217 -0.01518787 -0.0138309 0.01860258 -0.01268787 -0.0138309 0.01860258 -0.01518787 -0.013696 0.01827699 -0.01268787 -0.013696 0.01827699 -0.01518787 -0.01635 0.0009275821 -0.01268787 -0.01635 0.0009275821 -0.01518787 -0.016304 0.001276982 -0.01268787 -0.016304 0.001276982 -0.01518787 -0.0161691 0.001602582 -0.01268787 -0.0161691 0.001602582 -0.01518787 -0.0159546 0.001882182 -0.01268787 -0.0159546 0.001882182 -0.01518787 -0.015675 0.002096682 -0.01268787 -0.015675 0.002096682 -0.01518787 -0.0153494 0.002231582 -0.01268787 -0.0153494 0.002231582 -0.01518787 -0.015 0.002277582 -0.01268787 -0.015 0.002277582 -0.01518787 -0.0146506 0.002231582 -0.01268787 -0.0146506 0.002231582 -0.01518787 -0.014325 0.002096682 -0.01268787 -0.014325 0.002096682 -0.01518787 -0.0140454 0.001882182 -0.01268787 -0.0140454 0.001882182 -0.01518787 -0.0138309 0.001602582 -0.01268787 -0.0138309 0.001602582 -0.01518787 -0.013696 0.001276982 -0.01268787 -0.013696 0.001276982 -0.01518787 -0.01365 0.0009275821 -0.01268787 -0.01365 0.0009275821 -0.01518787 -0.013696 0.0005781821 -0.01268787 -0.013696 0.0005781821 -0.01518787 -0.0138309 0.0002525821 -0.01268787 -0.0138309 0.0002525821 -0.01518787 -0.0140454 -2.701788e-05 -0.01268787 -0.0140454 -2.701788e-05 -0.01518787 -0.014325 -0.0002415179 -0.01268787 -0.014325 -0.0002415179 -0.01518787 -0.0146506 -0.0003764179 -0.01268787 -0.0146506 -0.0003764179 -0.01518787 -0.015 -0.0004224179 -0.01268787 -0.015 -0.0004224179 -0.01518787 -0.0153494 -0.0003764179 -0.01268787 -0.0153494 -0.0003764179 -0.01518787 -0.015675 -0.0002415179 -0.01268787 -0.015675 -0.0002415179 -0.01518787 -0.0159546 -2.701788e-05 -0.01268787 -0.0159546 -2.701788e-05 -0.01518787 -0.0161691 0.0002525821 -0.01268787 -0.0161691 0.0002525821 -0.01518787 -0.016304 0.0005781821 -0.01268787 -0.016304 0.0005781821 -0.01518787 -0.009849998 -0.02237242 -0.01268787 -0.009849998 -0.02237242 -0.01518787 -0.009803998 -0.02202302 -0.01268787 -0.009803998 -0.02202302 -0.01518787 -0.009669128 -0.02169742 -0.01268787 -0.009669128 -0.02169742 -0.01518787 -0.009454588 -0.02141782 -0.01268787 -0.009454588 -0.02141782 -0.01518787 -0.009174998 -0.02120332 -0.01268787 -0.009174998 -0.02120332 -0.01518787 -0.008849408 -0.02106842 -0.01268787 -0.008849408 -0.02106842 -0.01518787 -0.008499998 -0.02102242 -0.01268787 -0.008499998 -0.02102242 -0.01518787 -0.008150588 -0.02106842 -0.01268787 -0.008150588 -0.02106842 -0.01518787 -0.007824998 -0.02120332 -0.01268787 -0.007824998 -0.02120332 -0.01518787 -0.007545408 -0.02141782 -0.01268787 -0.007545408 -0.02141782 -0.01518787 -0.007330868 -0.02169742 -0.01268787 -0.007330868 -0.02169742 -0.01518787 -0.007195998 -0.02202302 -0.01268787 -0.007195998 -0.02202302 -0.01518787 -0.007149998 -0.02237242 -0.01268787 -0.007149998 -0.02237242 -0.01518787 -0.007195998 -0.02272182 -0.01268787 -0.007195998 -0.02272182 -0.01518787 -0.007330868 -0.02304742 -0.01268787 -0.007330868 -0.02304742 -0.01518787 -0.007545408 -0.02332702 -0.01268787 -0.007545408 -0.02332702 -0.01518787 -0.007824998 -0.02354152 -0.01268787 -0.007824998 -0.02354152 -0.01518787 -0.008150588 -0.02367642 -0.01268787 -0.008150588 -0.02367642 -0.01518787 -0.008499998 -0.02372242 -0.01268787 -0.008499998 -0.02372242 -0.01518787 -0.008849408 -0.02367642 -0.01268787 -0.008849408 -0.02367642 -0.01518787 -0.009174998 -0.02354152 -0.01268787 -0.009174998 -0.02354152 -0.01518787 -0.009454588 -0.02332702 -0.01268787 -0.009454588 -0.02332702 -0.01518787 -0.009669128 -0.02304742 -0.01268787 -0.009669128 -0.02304742 -0.01518787 -0.009803998 -0.02272182 -0.01268787 -0.009803998 -0.02272182 -0.01518787 0.016304 0.0005781821 -0.01268787 0.016304 0.0005781821 -0.01518787 0.0161691 0.0002525821 -0.01268787 0.0161691 0.0002525821 -0.01518787 0.0159546 -2.701788e-05 -0.01268787 0.0159546 -2.701788e-05 -0.01518787 0.015675 -0.0002415179 -0.01268787 0.015675 -0.0002415179 -0.01518787 0.0153494 -0.0003764179 -0.01268787 0.0153494 -0.0003764179 -0.01518787 0.015 -0.0004224179 -0.01268787 0.015 -0.0004224179 -0.01518787 0.0146506 -0.0003764179 -0.01268787 0.0146506 -0.0003764179 -0.01518787 0.014325 -0.0002415179 -0.01268787 0.014325 -0.0002415179 -0.01518787 0.0140454 -2.701788e-05 -0.01268787 0.0140454 -2.701788e-05 -0.01518787 0.0138309 0.0002525821 -0.01268787 0.0138309 0.0002525821 -0.01518787 0.013696 0.0005781821 -0.01268787 0.013696 0.0005781821 -0.01518787 0.007196002 -0.02202302 -0.01268787 0.007196002 -0.02202302 -0.01518787 0.007330872 -0.02169742 -0.01268787 0.007330872 -0.02169742 -0.01518787 0.007545412 -0.02141782 -0.01268787 0.007545412 -0.02141782 -0.01518787 0.007825002 -0.02120332 -0.01268787 0.007825002 -0.02120332 -0.01518787 0.008150592 -0.02106842 -0.01268787 0.008150592 -0.02106842 -0.01518787 0.008500002 -0.02102242 -0.01268787 0.008500002 -0.02102242 -0.01518787 0.008849412 -0.02106842 -0.01268787 0.008849412 -0.02106842 -0.01518787 0.009175002 -0.02120332 -0.01268787 0.009175002 -0.02120332 -0.01518787 0.009454592 -0.02141782 -0.01268787 0.009454592 -0.02141782 -0.01518787 0.009669132 -0.02169742 -0.01268787 0.009669132 -0.02169742 -0.01518787 0.009804002 -0.02202302 -0.01268787 0.009804002 -0.02202302 -0.01518787 -0.01635 -0.01607242 -0.01318787 -0.01635 -0.01607242 -0.01518787 -0.0163298 -0.01583972 -0.01518787 -0.0138775 -0.01682242 -0.01318787 -0.0138775 -0.01682242 -0.01268787 -0.0138383 -0.01674372 -0.01318787 -0.013725 -0.01651622 -0.01268787 -0.013725 -0.01651622 -0.01318787 -0.0137047 -0.01642002 -0.01318787 -0.0136544 -0.01618142 -0.01268787 -0.0136544 -0.01618142 -0.01318787 -0.01365 -0.01607242 -0.01318787 -0.0136702 -0.01583972 -0.01268787 -0.01365 -0.01607242 -0.01518787 -0.0163298 -0.01583972 -0.01268787 -0.0163456 -0.01618142 -0.01268787 -0.0163456 -0.01618142 -0.01318787 -0.0162953 -0.01642002 -0.01318787 -0.016275 -0.01651622 -0.01268787 -0.016275 -0.01651622 -0.01318787 -0.0161617 -0.01674372 -0.01318787 -0.0161225 -0.01682242 -0.01268787 -0.0161225 -0.01682242 -0.01318787 -0.0162286 -0.01551292 -0.01268787 -0.0162286 -0.01551292 -0.01518787 -0.0160485 -0.01522202 -0.01268787 -0.0160485 -0.01522202 -0.01518787 -0.0158011 -0.01498572 -0.01268787 -0.0158011 -0.01498572 -0.01518787 -0.0155022 -0.01481932 -0.01268787 -0.0155022 -0.01481932 -0.01518787 -0.0151711 -0.01473332 -0.01268787 -0.0151711 -0.01473332 -0.01518787 -0.015 -0.01473332 -0.01518787 -0.0148289 -0.01473332 -0.01268787 -0.0148289 -0.01473332 -0.01518787 -0.0144978 -0.01481932 -0.01268787 -0.0144978 -0.01481932 -0.01518787 -0.0141989 -0.01498572 -0.01268787 -0.0141989 -0.01498572 -0.01518787 -0.0139515 -0.01522202 -0.01268787 -0.0139515 -0.01522202 -0.01518787 -0.0137714 -0.01551292 -0.01268787 -0.0137714 -0.01551292 -0.01518787 -0.0136702 -0.01583972 -0.01518787 -0.0159546 -0.01702702 -0.01268787 -0.0159546 -0.01702702 -0.01518787 -0.0161691 -0.01674742 -0.01518787 -0.016304 -0.01642182 -0.01518787 -0.013696 -0.01642182 -0.01518787 -0.0138309 -0.01674742 -0.01518787 -0.0140454 -0.01702702 -0.01518787 -0.0140454 -0.01702702 -0.01268787 -0.014325 -0.01724152 -0.01268787 -0.014325 -0.01724152 -0.01518787 -0.0146506 -0.01737642 -0.01268787 -0.0146506 -0.01737642 -0.01518787 -0.015 -0.01742242 -0.01268787 -0.015 -0.01742242 -0.01518787 -0.0153494 -0.01737642 -0.01268787 -0.0153494 -0.01737642 -0.01518787 -0.015675 -0.01724152 -0.01268787 -0.015675 -0.01724152 -0.01518787 0.01365 -0.01607242 -0.01318787 0.01365 -0.01607242 -0.01518787 0.0136702 -0.01583972 -0.01518787 0.0161225 -0.01682242 -0.01318787 0.0161225 -0.01682242 -0.01268787 0.0161617 -0.01674372 -0.01318787 0.016275 -0.01651622 -0.01268787 0.016275 -0.01651622 -0.01318787 0.0162953 -0.01642002 -0.01318787 0.0163456 -0.01618142 -0.01268787 0.0163456 -0.01618142 -0.01318787 0.01635 -0.01607242 -0.01318787 0.0163298 -0.01583972 -0.01268787 0.01635 -0.01607242 -0.01518787 0.0136702 -0.01583972 -0.01268787 0.0136544 -0.01618142 -0.01268787 0.0136544 -0.01618142 -0.01318787 0.0137047 -0.01642002 -0.01318787 0.013725 -0.01651622 -0.01268787 0.013725 -0.01651622 -0.01318787 0.0138383 -0.01674372 -0.01318787 0.0138775 -0.01682242 -0.01268787 0.0138775 -0.01682242 -0.01318787 0.0137714 -0.01551292 -0.01268787 0.0137714 -0.01551292 -0.01518787 0.0139515 -0.01522202 -0.01268787 0.0139515 -0.01522202 -0.01518787 0.0141989 -0.01498572 -0.01268787 0.0141989 -0.01498572 -0.01518787 0.0144978 -0.01481932 -0.01268787 0.0144978 -0.01481932 -0.01518787 0.0148289 -0.01473332 -0.01268787 0.0148289 -0.01473332 -0.01518787 0.0151711 -0.01473332 -0.01268787 0.0151711 -0.01473332 -0.01518787 0.0155022 -0.01481932 -0.01268787 0.0155022 -0.01481932 -0.01518787 0.0158011 -0.01498572 -0.01268787 0.0158011 -0.01498572 -0.01518787 0.0160485 -0.01522202 -0.01268787 0.0160485 -0.01522202 -0.01518787 0.0162286 -0.01551292 -0.01268787 0.0162286 -0.01551292 -0.01518787 0.0163298 -0.01583972 -0.01518787 0.0140454 -0.01702702 -0.01268787 0.0140454 -0.01702702 -0.01518787 0.0138309 -0.01674742 -0.01518787 0.013696 -0.01642182 -0.01518787 0.016304 -0.01642182 -0.01518787 0.0161691 -0.01674742 -0.01518787 0.0159546 -0.01702702 -0.01518787 0.0159546 -0.01702702 -0.01268787 0.015675 -0.01724152 -0.01268787 0.015675 -0.01724152 -0.01518787 0.0153494 -0.01737642 -0.01268787 0.0153494 -0.01737642 -0.01518787 0.015 -0.01742242 -0.01268787 0.015 -0.01742242 -0.01518787 0.0146506 -0.01737642 -0.01268787 0.0146506 -0.01737642 -0.01518787 0.014325 -0.01724152 -0.01268787 0.014325 -0.01724152 -0.01518787 -0.007149998 0.02242758 -0.01518787 -0.007342258 0.02157196 -0.01518787 -0.007579638 0.02118904 -0.01518787 -0.007196608 0.0219983 -0.01518787 -0.007585468 0.02119397 -0.01643787 -0.007751048 0.02099826 -0.01643787 -0.007896708 0.02086897 -0.01518787 -0.007902588 0.02087626 -0.01643787 -0.008052288 0.02075575 -0.01643787 -0.008277378 0.02062799 -0.01518787 -0.008281248 0.02063533 -0.01643787 -0.008394558 0.02057574 -0.01643787 -0.008702328 0.02047833 -0.01518787 -0.009149998 0.02042758 -0.01518787 -0.008765088 0.02046497 -0.01643787 -0.008703818 0.02048329 -0.01643787 -0.006051638 -0.01586522 -0.01790287 -0.008442818 -0.01347402 -0.01790287 -0.006286678 -0.01519352 -0.01790287 -0.006665308 -0.01459092 -0.01790287 -0.007168518 -0.01408772 -0.01790287 -0.007771098 -0.01370912 -0.01790287 -0.007163038 -0.01611892 -0.01677367 -0.008696488 -0.01458542 -0.01677367 -0.007053608 -0.01609392 -0.01709237 -0.008671508 -0.01447602 -0.01709237 -0.006877398 -0.01605372 -0.01737787 -0.008631288 -0.01429982 -0.01737787 -0.008577878 -0.01406582 -0.01761567 -0.006643368 -0.01600032 -0.01761567 -0.007313768 -0.01568812 -0.01677367 -0.007212638 -0.01563942 -0.01709237 -0.007049808 -0.01556102 -0.01737787 -0.006833518 -0.01545682 -0.01761567 -0.006363378 -0.01593642 -0.01779367 -0.006574768 -0.01533222 -0.01779367 -0.007556578 -0.01530172 -0.01677367 -0.007468818 -0.01523172 -0.01709237 -0.007327518 -0.01511902 -0.01737787 -0.007139838 -0.01496932 -0.01761567 -0.006915298 -0.01479032 -0.01779367 -0.007879288 -0.01497902 -0.01677367 -0.007809308 -0.01489122 -0.01709237 -0.007696618 -0.01474992 -0.01737787 -0.007546948 -0.01456222 -0.01761567 -0.007367888 -0.01433772 -0.01779367 -0.008265718 -0.01473622 -0.01677367 -0.008217018 -0.01463502 -0.01709237 -0.008138598 -0.01447222 -0.01737787 -0.008034438 -0.01425592 -0.01761567 -0.007909838 -0.01399722 -0.01779367 -0.008513968 -0.01378582 -0.01779367 -0.0127 0.02542758 -0.01518787 -0.015 0.0227217 -0.01518787 -0.0127 0.02542758 -0.01318787 -0.0156962 0.02190258 -0.01318787 -0.0178 0.01942758 -0.01268787 -0.0169712 0.02040258 -0.01268787 -0.0178 0.01942758 -0.01518787 -0.017075 0.02028052 -0.01518787 -0.0169712 0.02040258 -0.01068787 -0.0156962 0.02190258 -0.01068787 -0.0156962 0.02190258 -0.01068787 -0.0122 0.02190258 -0.01068787 -0.0156962 0.02190258 -0.01318787 -0.0122 0.02190258 -0.01318787 -0.0135711 0.02040258 -0.01068787 -0.0169712 0.02040258 -0.01068787 -0.0135711 0.02040258 -0.01268787 -0.0169712 0.02040258 -0.01268787 -0.012475 -0.02004742 -0.01068787 -0.012475 -0.02004742 -0.01318787 -0.012475 -0.02517242 -0.01068787 -0.012475 -0.02517242 -0.01318787 0.012475 -0.02004742 -0.01068787 0.012475 -0.02004742 -0.01318787 0.0170562 -0.02004742 -0.01068787 0.0170562 -0.02004742 -0.01318787 0.0178 0.01942758 -0.01518787 0.0178 0.01942758 -0.01268787 0.0178 0.009427582 -0.01518787 0.0178 0.01545258 -0.01268787 0.0178 0.004902582 -0.01068787 0.0178 0.003402582 -0.01068787 0.0178 0.004902582 -0.01318787 0.0178 0.003402582 -0.01268787 0.0178 0.01545258 -0.01068787 0.0178 0.01395258 -0.01068787 0.0178 0.01395258 -0.01318787 0.0178 -0.007572418 -0.01518787 0.0178 -0.001547418 -0.01268787 0.0178 -0.001547418 -0.01068787 0.0178 -0.003047418 -0.01068787 0.0178 -0.003047418 -0.01318787 0.0178 -0.01209742 -0.01318787 0.0178 -0.01917242 -0.01518787 0.0178 -0.01854742 -0.01068787 0.0178 -0.01917242 -0.01068787 0.0178 -0.01854742 -0.01268787 0.0178 -0.01359742 -0.01268787 0.0178 -0.01359742 -0.01068787 0.0178 -0.01209742 -0.01068787 0.0135711 -0.01359742 -0.01268787 0.0135711 -0.01359742 -0.01068787 0.0121421 -0.01607242 -0.01268787 0.0121421 -0.01607242 -0.01068787 0.0135711 -0.01854742 -0.01068787 0.0135711 -0.01854742 -0.01268787 0.0125751 -0.01682242 -0.01068787 0.0121421 -0.01607242 -0.01268787 0.0121421 -0.01607242 -0.01068787 0.0135711 -0.01854742 -0.01068787 0.0178 -0.01854742 -0.01068787 0.0135711 -0.01854742 -0.01268787 0.0178 -0.01854742 -0.01268787 0.0178 -0.01209742 -0.01318787 0.0168 -0.01209742 -0.01318787 0.0178 -0.01209742 -0.01068787 0.0168 -0.01209742 -0.01068787 0.0178 -0.003047418 -0.01068787 0.0168 -0.003047418 -0.01068787 0.0178 -0.003047418 -0.01318787 0.0168 -0.003047418 -0.01318787 0.0135711 -0.001547418 -0.01068787 0.0135711 -0.001547418 -0.01268787 0.0122 0.0008272821 -0.01068787 0.0121421 0.0009275821 -0.01268787 0.0121421 0.0009275821 -0.01068787 0.0135711 0.003402582 -0.01268787 0.0178 0.003402582 -0.01268787 0.0135711 0.003402582 -0.01068787 0.0178 0.003402582 -0.01068787 0.0135711 0.01545258 -0.01068787 0.0135711 0.01545258 -0.01268787 0.0122 0.01782732 -0.01068787 0.0121421 0.01792758 -0.01268787 0.0121421 0.01792758 -0.01068787 0.0121421 0.01792758 -0.01068787 0.0121421 0.01792758 -0.01268787 0.0122 0.01802784 -0.01068787 0.0135711 0.02040258 -0.01268787 0.0135711 0.02040258 -0.01068787 0.0135711 0.02040258 -0.01268787 0.0169712 0.02040258 -0.01268787 0.0135711 0.02040258 -0.01068787 0.0169712 0.02040258 -0.01068787 0.0127 0.02542758 -0.01518787 0.0127 0.02542758 -0.01318787 0.0178 0.01942758 -0.01518787 0.0156962 0.02190258 -0.01318787 0.0178 0.01942758 -0.01268787 0.0169712 0.02040258 -0.01268787 0.0169712 0.02040258 -0.01068787 0.0156962 0.02190258 -0.01068787 0.0156962 0.02190258 -0.01318787 0.0122 0.02190258 -0.01318787 0.0156962 0.02190258 -0.01068787 0.0122 0.02190258 -0.01068787 0.008442822 -0.01347402 -0.01790287 0.006051642 -0.01586522 -0.01790287 0.007771102 -0.01370912 -0.01790287 0.007168522 -0.01408772 -0.01790287 0.006665312 -0.01459092 -0.01790287 0.006286682 -0.01519352 -0.01790287 0.008704962 -0.01462252 -0.01643787 0.008696492 -0.01458542 -0.01677367 0.007200142 -0.01612742 -0.01643787 0.007163042 -0.01611892 -0.01677367 0.008671512 -0.01447602 -0.01709237 0.007053612 -0.01609392 -0.01709237 0.008631292 -0.01429982 -0.01737787 0.006877402 -0.01605372 -0.01737787 0.006643372 -0.01600032 -0.01761567 0.008577882 -0.01406582 -0.01761567 0.008282232 -0.01477052 -0.01643787 0.008265722 -0.01473622 -0.01677367 0.008217022 -0.01463502 -0.01709237 0.008138602 -0.01447222 -0.01737787 0.008034442 -0.01425592 -0.01761567 0.008513972 -0.01378582 -0.01779367 0.007909842 -0.01399722 -0.01779367 0.007903022 -0.01500872 -0.01643787 0.007879292 -0.01497902 -0.01677367 0.007809312 -0.01489122 -0.01709237 0.007696622 -0.01474992 -0.01737787 0.007546952 -0.01456222 -0.01761567 0.007367892 -0.01433772 -0.01779367 0.007586342 -0.01532542 -0.01643787 0.007556582 -0.01530172 -0.01677367 0.007468822 -0.01523172 -0.01709237 0.007327522 -0.01511902 -0.01737787 0.007139842 -0.01496932 -0.01761567 0.006915302 -0.01479032 -0.01779367 0.007348062 -0.01570462 -0.01643787 0.007313772 -0.01568812 -0.01677367 0.007212642 -0.01563942 -0.01709237 0.007049812 -0.01556102 -0.01737787 0.006833522 -0.01545682 -0.01761567 0.006574772 -0.01533222 -0.01779367 0.006363382 -0.01593642 -0.01779367 0.007150002 -0.01657242 -0.01518787 0.007200142 -0.01612742 -0.01518787 0.007348062 -0.01570462 -0.01518787 0.007586342 -0.01532542 -0.01518787 0.007903022 -0.01500872 -0.01518787 0.008282232 -0.01477052 -0.01518787 0.008704962 -0.01462252 -0.01518787 -0.010975 -0.02094352 -0.01068787 -0.010975 -0.02094352 -0.01268787 -0.008600258 -0.01957242 -0.01068787 -0.008499998 -0.01951452 -0.01268787 -0.008499998 -0.01951452 -0.01068787 -0.010975 -0.02094352 -0.01068787 -0.010975 -0.02517242 -0.01068787 -0.010975 -0.02094352 -0.01268787 -0.010975 -0.02517242 -0.01268787 0.008500002 -0.01951452 -0.01068787 0.008500002 -0.01951452 -0.01268787 0.008600262 -0.01957242 -0.01068787 0.010975 -0.02094352 -0.01268787 0.010975 -0.02094352 -0.01068787 0.010975 -0.02094352 -0.01268787 0.010975 -0.02517242 -0.01268787 0.010975 -0.02094352 -0.01068787 0.010975 -0.02517242 -0.01068787 0.006025002 -0.02094352 -0.01068787 0.006025002 -0.02517242 -0.01068787 0.006025002 -0.02094352 -0.01268787 0.006025002 -0.02517242 -0.01268787 -0.0178 0.004902582 -0.01068787 -0.0122 0.004902582 -0.01068787 -0.0178 0.004902582 -0.01318787 -0.0122 0.004902582 -0.01318787 -0.0178 -0.003047418 -0.01318787 -0.0168 -0.003047418 -0.01318787 -0.0178 -0.003047418 -0.01068787 -0.0168 -0.003047418 -0.01068787 -0.0121421 -0.01607242 -0.01268787 -0.0121421 -0.01607242 -0.01068787 -0.0135711 -0.01359742 -0.01268787 -0.0135711 -0.01359742 -0.01068787 -0.0168 -0.002322418 -0.001187871 -0.0122 -0.002322418 -0.001187871 -0.0168 -0.002322418 -0.01068787 -0.0122 -0.002322418 -0.01068787 -0.0122 -0.003172418 0.01031213 -0.0122 -0.003172418 -0.001187871 -0.0116 -0.003172418 0.01031213 -0.0116 -0.003172418 -0.001187871 -0.0116 -0.003172418 0.01031213 -0.0116 -0.003172418 -0.001187871 -0.0116 -0.01597242 0.01031213 -0.0116 -0.01597242 -0.001187871 0.01183 -0.003362418 -3.787122e-05 0.01183 -0.003362418 -0.001187871 0.01183 -0.01578242 -3.787122e-05 0.01183 -0.01578242 -0.001187871 0.01655 -0.003362418 -3.787122e-05 0.01655 -0.003362418 -0.001187871 0.01183 -0.003362418 -3.787122e-05 0.01183 -0.003362418 -0.001187871 0.01655 -0.01578242 -3.787122e-05 0.01655 -0.01578242 -0.001187871 0.01655 -0.003362418 -3.787122e-05 0.01655 -0.003362418 -0.001187871 0.01183 -0.01578242 -3.787122e-05 0.01183 -0.01578242 -0.001187871 0.01655 -0.01578242 -3.787122e-05 0.01655 -0.01578242 -0.001187871 -0.01183 -0.01578242 -3.787122e-05 -0.01183 -0.003362418 -3.787122e-05 -0.01655 -0.01578242 -3.787122e-05 -0.01655 -0.003362418 -3.787122e-05 -0.01183 -0.003362418 -3.787122e-05 -0.01183 -0.003362418 -0.001187871 -0.01655 -0.003362418 -3.787122e-05 -0.01655 -0.003362418 -0.001187871 -0.01655 -0.01578242 -3.787122e-05 -0.01655 -0.01578242 -0.001187871 -0.01183 -0.01578242 -3.787122e-05 -0.01183 -0.01578242 -0.001187871 -0.01655 -0.003362418 -3.787122e-05 -0.01655 -0.003362418 -0.001187871 -0.01655 -0.01578242 -3.787122e-05 -0.01655 -0.01578242 -0.001187871 -0.0156962 0.02190258 0.01281213 -0.0122 0.02190258 0.01281213 -0.0156962 0.02190258 0.01031213 -0.0122 0.02190258 0.01031213 0.0135711 -0.001547418 0.01231213 0.0178 -0.001547418 0.01231213 0.0135711 -0.001547418 0.01031213 0.0178 -0.001547418 0.01031213 0.0135711 0.003402582 0.01031213 0.0135711 0.003402582 0.01231213 0.0122 0.001027882 0.01031213 0.0121421 0.0009275821 0.01231213 0.0121421 0.0009275821 0.01031213 0.0121421 -0.01607242 0.01031213 0.0121421 -0.01607242 0.01231213 0.0122 -0.01617272 0.01031213 0.0135711 -0.01854742 0.01231213 0.0135711 -0.01854742 0.01031213 0.0135711 -0.01359742 0.01031213 0.0178 -0.01359742 0.01031213 0.0135711 -0.01359742 0.01231213 0.0178 -0.01359742 0.01231213 -0.0116142 0.02484178 -0.01318787 -0.0112 0.02515968 -0.01318787 -0.0127 0.02542758 -0.01318787 -0.0107176 0.02535948 -0.01318787 -0.0102 0.02542758 -0.01318787 -0.0122 0.02190258 -0.01318787 -0.0122 0.02342758 -0.01318787 -0.0156962 0.02190258 -0.01318787 -0.0121319 0.02394518 -0.01318787 -0.0119321 0.02442758 -0.01318787 0.0168 -0.002322418 -0.01068787 0.0122 -0.002322418 -0.01068787 0.0168 -0.002322418 -0.001187871 0.0122 -0.002322418 -0.001187871 2.016856e-09 0.01642758 -0.01723787 2.016856e-09 0.01642758 -0.01943787 -0.000776455 0.01632536 -0.01943787 -0.000776455 0.01632536 -0.01723787 -0.001499998 0.01602566 -0.01943787 -0.001499998 0.01602566 -0.01723787 -0.002121318 0.0155489 -0.01943787 -0.002121318 0.0155489 -0.01723787 -0.002598078 0.01492758 -0.01943787 -0.002598078 0.01492758 -0.01723787 -0.002897778 0.01420404 -0.01943787 -0.002897778 0.01420404 -0.01723787 -0.002999998 0.01342758 -0.01943787 -0.002999998 0.01342758 -0.01723787 -0.002897778 0.01265113 -0.01943787 -0.002897778 0.01265113 -0.01723787 -0.002598078 0.01192758 -0.01943787 -0.002598078 0.01192758 -0.01723787 -0.002121318 0.01130626 -0.01943787 -0.002121318 0.01130626 -0.01723787 -0.001499998 0.0108295 -0.01943787 -0.001499998 0.0108295 -0.01723787 -0.000776455 0.0105298 -0.01943787 -0.000776455 0.0105298 -0.01723787 2.016856e-09 0.01042758 -0.01943787 2.016856e-09 0.01042758 -0.01723787 -0.006024998 -0.02517242 -0.01268787 -0.007330868 -0.02304742 -0.01268787 -0.007545408 -0.02332702 -0.01268787 -0.008849408 -0.02367642 -0.01268787 -0.009174998 -0.02354152 -0.01268787 -0.010975 -0.02517242 -0.01268787 -0.009454588 -0.02332702 -0.01268787 -0.007330868 -0.02169742 -0.01268787 -0.007195998 -0.02202302 -0.01268787 -0.006024998 -0.02094352 -0.01268787 -0.007149998 -0.02237242 -0.01268787 -0.007195998 -0.02272182 -0.01268787 -0.007824998 -0.02354152 -0.01268787 -0.008150588 -0.02367642 -0.01268787 -0.008499998 -0.02372242 -0.01268787 -0.009803998 -0.02202302 -0.01268787 -0.009669128 -0.02169742 -0.01268787 -0.010975 -0.02094352 -0.01268787 -0.009454588 -0.02141782 -0.01268787 -0.008499998 -0.01951452 -0.01268787 -0.009174998 -0.02120332 -0.01268787 -0.008849408 -0.02106842 -0.01268787 -0.008499998 -0.02102242 -0.01268787 -0.008150588 -0.02106842 -0.01268787 -0.007824998 -0.02120332 -0.01268787 -0.007545408 -0.02141782 -0.01268787 -0.009669128 -0.02304742 -0.01268787 -0.009803998 -0.02272182 -0.01268787 -0.009849998 -0.02237242 -0.01268787 -0.007724428 0.02097106 -0.01677367 -0.008031398 0.02072393 -0.01677367 -0.008380188 0.0205405 -0.01677367 -0.008538358 0.01930895 -0.01790287 -0.006927038 0.02015637 -0.01790287 -0.007150698 0.02038488 -0.01779367 -0.007351588 0.02059013 -0.01761567 -0.007519498 0.02076168 -0.01737787 -0.007645918 0.02089085 -0.01709237 -0.008757758 0.02042762 -0.01677367 -0.008736158 0.02031747 -0.01709237 -0.008701378 0.02014012 -0.01737787 -0.008599898 0.01962273 -0.01779367 -0.008655178 0.01990455 -0.01761567 -0.008337788 0.02043657 -0.01709237 -0.008269518 0.02026922 -0.01737787 -0.008178848 0.02004695 -0.01761567 -0.008070368 0.01978103 -0.01779367 -0.007949598 0.01948496 -0.01790287 -0.007969788 0.02063011 -0.01709237 -0.007870588 0.02047903 -0.01737787 -0.007738838 0.02027836 -0.01761567 -0.007581208 0.02003829 -0.01779367 -0.007405708 0.019771 -0.01790287 0.0178 0.01395258 0.01281213 0.0122 0.01395258 0.01281213 0.0178 0.01395258 0.01031213 0.0122 0.01395258 0.01031213 -0.0107176 0.02535948 -0.01318787 -0.0107176 0.02535948 0.01281213 -0.0112 0.02515968 -0.01318787 -0.0112 0.02515968 0.01281213 -0.0116142 0.02484178 -0.01318787 -0.0116142 0.02484178 0.01281213 -0.0119321 0.02442758 -0.01318787 -0.0119321 0.02442758 0.01281213 -0.0121319 0.02394518 -0.01318787 -0.0121319 0.02394518 0.01281213 -0.0122 0.02342758 -0.01318787 -0.0122 0.02342758 0.01281213 0.004525002 -0.02517242 0.01031213 0.006025002 -0.02517242 0.01031213 0.004525002 -0.02517242 0.01281213 0.006025002 -0.02517242 0.01231213 -0.006024998 -0.02517242 0.01031213 -0.004524998 -0.02517242 0.01031213 -0.006024998 -0.02517242 0.01231213 -0.004524998 -0.02517242 0.01281213 -0.010975 -0.02517242 0.01231213 -0.012475 -0.02517242 0.01281213 -0.010975 -0.02517242 0.01031213 -0.012475 -0.02517242 0.01031213 0.010975 -0.02517242 0.01231213 0.0127 -0.02517242 0.01481213 0.01175 -0.02517242 0.01481213 -0.0127 -0.02517242 0.01281213 -0.0127 -0.02517242 0.01481213 2.016856e-09 -0.02517242 0.01481213 0.010975 -0.02517242 0.01031213 0.012475 -0.02517242 0.01031213 0.012475 -0.02517242 0.01281213 0.0127 -0.02517242 0.01281213 -0.002598078 0.01492758 -0.01723787 -0.003464098 0.01542758 -0.01723787 -0.002121318 0.0155489 -0.01723787 -0.002828428 0.01625601 -0.01723787 -0.001499998 0.01602566 -0.01723787 -0.001999998 0.01689168 -0.01723787 -0.000776455 0.01632536 -0.01723787 -0.001035278 0.01729128 -0.01723787 2.016856e-09 0.01642758 -0.01723787 2.016856e-09 0.01742758 -0.01723787 0.000776459 0.01632536 -0.01723787 0.001035282 0.01729128 -0.01723787 0.001500002 0.01602566 -0.01723787 0.002000002 0.01689168 -0.01723787 0.002121322 0.0155489 -0.01723787 0.002828432 0.01625601 -0.01723787 0.002598082 0.01492758 -0.01723787 0.003464102 0.01542758 -0.01723787 0.002897782 0.01420404 -0.01723787 0.003863702 0.01446286 -0.01723787 0.003000002 0.01342758 -0.01723787 0.004000002 0.01342758 -0.01723787 0.002897782 0.01265113 -0.01723787 0.003863702 0.0123923 -0.01723787 0.002598082 0.01192758 -0.01723787 0.003464102 0.01142758 -0.01723787 0.002121322 0.01130626 -0.01723787 0.002828432 0.01059915 -0.01723787 0.001500002 0.0108295 -0.01723787 0.002000002 0.009963482 -0.01723787 0.000776459 0.0105298 -0.01723787 0.001035282 0.009563882 -0.01723787 2.016856e-09 0.01042758 -0.01723787 2.016856e-09 0.009427582 -0.01723787 -0.000776455 0.0105298 -0.01723787 -0.001035278 0.009563882 -0.01723787 -0.001499998 0.0108295 -0.01723787 -0.001999998 0.009963482 -0.01723787 -0.002121318 0.01130626 -0.01723787 -0.002828428 0.01059915 -0.01723787 -0.002598078 0.01192758 -0.01723787 -0.003464098 0.01142758 -0.01723787 -0.002897778 0.01265113 -0.01723787 -0.003863698 0.0123923 -0.01723787 -0.002999998 0.01342758 -0.01723787 -0.003999998 0.01342758 -0.01723787 -0.002897778 0.01420404 -0.01723787 -0.003863698 0.01446286 -0.01723787 0.0169712 0.02040258 -0.01068787 0.0156962 0.02190258 -0.01068787 0.0135711 0.02040258 -0.01068787 0.0122 0.02190258 -0.01068787 0.0122 0.01802784 -0.01068787 0.016304 0.01827699 -0.01268787 0.01635 0.01792758 -0.01268787 0.0178 0.01942758 -0.01268787 0.015675 0.01909671 -0.01268787 0.0159546 0.01888217 -0.01268787 0.0169712 0.02040258 -0.01268787 0.0178 0.01545258 -0.01268787 0.0121421 0.01792758 -0.01268787 0.013696 0.01757817 -0.01268787 0.01365 0.01792758 -0.01268787 0.0161691 0.01860258 -0.01268787 0.016304 0.01757817 -0.01268787 0.0161691 0.01725258 -0.01268787 0.0159546 0.01697299 -0.01268787 0.0146506 0.01662358 -0.01268787 0.014325 0.01675845 -0.01268787 0.0135711 0.01545258 -0.01268787 0.0140454 0.01697299 -0.01268787 0.0138309 0.01725258 -0.01268787 0.013696 0.01827699 -0.01268787 0.0138309 0.01860258 -0.01268787 0.0135711 0.02040258 -0.01268787 0.0140454 0.01888217 -0.01268787 0.014325 0.01909671 -0.01268787 0.0146506 0.01923158 -0.01268787 0.015 0.01927758 -0.01268787 0.0153494 0.01923158 -0.01268787 0.015675 0.01675845 -0.01268787 0.0153494 0.01662358 -0.01268787 0.015 0.01657758 -0.01268787 0.0122 -0.007572418 0.01481213 0.0122 0.009427582 0.01481213 -0.0121319 -0.01809002 -0.01068787 -0.0121319 -0.01809002 0.01031213 -0.0119321 -0.01857242 -0.01068787 -0.0119321 -0.01857242 0.01031213 -0.0116142 -0.01898662 -0.01068787 -0.0116142 -0.01898662 0.01031213 -0.0112 -0.01930452 -0.01068787 -0.0112 -0.01930452 0.01031213 -0.0107176 -0.01950432 -0.01068787 -0.0107176 -0.01950432 0.01031213 0.0122 0.02342758 -0.01318787 0.0122 0.02190258 -0.01318787 0.0156962 0.02190258 -0.01318787 0.0102 0.02542758 -0.01318787 0.0107176 0.02535948 -0.01318787 0.0127 0.02542758 -0.01318787 0.0112 0.02515968 -0.01318787 0.0116142 0.02484178 -0.01318787 0.0119321 0.02442758 -0.01318787 0.0121319 0.02394518 -0.01318787 0.0178 0.01395258 -0.01068787 0.0122 0.01395258 -0.01068787 0.0178 0.01395258 -0.01318787 0.0122 0.01395258 -0.01318787 0.0178 0.004902582 -0.01318787 0.0178 0.01395258 -0.01318787 0.0122 0.004902582 -0.01318787 0.0122 0.01395258 -0.01318787 0.0121421 0.01792758 -0.01068787 0.0122 0.01802784 -0.01068787 0.0122 0.01782732 -0.01068787 -0.000414108 0.01497306 -0.01943787 -0.000414108 0.01497306 -0.01723787 -0.000799998 0.01481322 -0.01943787 -0.000799998 0.01481322 -0.01723787 -0.001131368 0.01455895 -0.01943787 -0.001131368 0.01455895 -0.01723787 -0.001385638 0.01422758 -0.01943787 -0.001385638 0.01422758 -0.01723787 -0.001545478 0.01384169 -0.01943787 -0.001545478 0.01384169 -0.01723787 -0.001599998 0.01342758 -0.01943787 -0.001599998 0.01342758 -0.01723787 -0.001545478 0.01301347 -0.01943787 -0.001545478 0.01301347 -0.01723787 -0.001385638 0.01262758 -0.01943787 -0.001385638 0.01262758 -0.01723787 -0.001131368 0.01229621 -0.01943787 -0.001131368 0.01229621 -0.01723787 -0.000799998 0.01204194 -0.01943787 -0.000799998 0.01204194 -0.01723787 -0.000414108 0.0118821 -0.01943787 -0.000414108 0.0118821 -0.01723787 0.0168 -0.01682242 -0.01068787 0.0168 -0.01682242 -0.001187871 0.0125751 -0.01682242 -0.01068787 0.0122 -0.01682242 -0.001187871 0.0122 -0.01682242 -0.01068787 -0.0178 0.01545258 -0.01268787 -0.0178 0.01942758 -0.01268787 -0.0178 0.01942758 -0.01518787 -0.0178 -0.01917242 -0.01068787 -0.0178 -0.01854742 -0.01068787 -0.0178 -0.01854742 -0.01268787 -0.0178 -0.01359742 -0.01268787 -0.0178 -0.007572418 -0.01518787 -0.0178 -0.01917242 -0.01518787 -0.0178 -0.003047418 -0.01068787 -0.0178 -0.001547418 -0.01068787 -0.0178 -0.003047418 -0.01318787 -0.0178 -0.001547418 -0.01268787 -0.0178 -0.01359742 -0.01068787 -0.0178 -0.01209742 -0.01068787 -0.0178 -0.01209742 -0.01318787 -0.0178 0.009427582 -0.01518787 -0.0178 0.003402582 -0.01068787 -0.0178 0.004902582 -0.01068787 -0.0178 0.003402582 -0.01268787 -0.0178 0.004902582 -0.01318787 -0.0178 0.01395258 -0.01318787 -0.0178 0.01395258 -0.01068787 -0.0178 0.01545258 -0.01068787 -0.0178 -0.003047418 -0.01068787 -0.0168 -0.003047418 -0.01068787 -0.0178 -0.001547418 -0.01068787 -0.0168 -0.002322418 -0.01068787 -0.0135711 -0.001547418 -0.01068787 -0.0122 -0.002322418 -0.01068787 -0.0122 0.0008272821 -0.01068787 0.008500002 -0.01951452 -0.01068787 0.008600262 -0.01957242 -0.01068787 0.008399742 -0.01957242 -0.01068787 0.0168 -0.003047418 -0.01068787 0.0178 -0.003047418 -0.01068787 0.0168 -0.002322418 -0.01068787 0.0178 -0.001547418 -0.01068787 0.0122 -0.002322418 -0.01068787 0.0135711 -0.001547418 -0.01068787 0.0122 0.0008272821 -0.01068787 0.0121421 0.01792758 0.01031213 0.0121421 0.01792758 0.01231213 0.0122 0.01782732 0.01031213 0.0135711 0.01545258 0.01231213 0.0135711 0.01545258 0.01031213 0.0178 -0.001547418 0.01031213 0.0178 -0.003047418 0.01031213 0.0135711 -0.001547418 0.01031213 0.0122 -0.003047418 0.01031213 0.0122 0.0008272821 0.01031213 -0.0121421 0.0009275821 -0.01068787 -0.0122 0.0008272821 -0.01068787 -0.0122 0.001027882 -0.01068787 0.0159546 -0.01702702 -0.01268787 0.0178 -0.01854742 -0.01268787 0.0161225 -0.01682242 -0.01268787 0.016275 -0.01651622 -0.01268787 0.015675 -0.01724152 -0.01268787 0.0153494 -0.01737642 -0.01268787 0.0135711 -0.01854742 -0.01268787 0.015 -0.01742242 -0.01268787 0.0146506 -0.01737642 -0.01268787 0.014325 -0.01724152 -0.01268787 0.0155022 -0.01481932 -0.01268787 0.0158011 -0.01498572 -0.01268787 0.0178 -0.01359742 -0.01268787 0.0160485 -0.01522202 -0.01268787 0.0162286 -0.01551292 -0.01268787 0.0163298 -0.01583972 -0.01268787 0.0163456 -0.01618142 -0.01268787 0.0136544 -0.01618142 -0.01268787 0.0136702 -0.01583972 -0.01268787 0.0121421 -0.01607242 -0.01268787 0.0137714 -0.01551292 -0.01268787 0.0135711 -0.01359742 -0.01268787 0.0139515 -0.01522202 -0.01268787 0.0141989 -0.01498572 -0.01268787 0.0144978 -0.01481932 -0.01268787 0.0148289 -0.01473332 -0.01268787 0.0151711 -0.01473332 -0.01268787 0.0140454 -0.01702702 -0.01268787 0.0138775 -0.01682242 -0.01268787 0.013725 -0.01651622 -0.01268787 -0.013696 0.001276982 -0.01268787 -0.01365 0.0009275821 -0.01268787 -0.0121421 0.0009275821 -0.01268787 -0.013696 0.0005781821 -0.01268787 -0.0138309 0.0002525821 -0.01268787 -0.0135711 -0.001547418 -0.01268787 -0.0140454 -2.701788e-05 -0.01268787 -0.014325 -0.0002415179 -0.01268787 -0.0146506 0.002231582 -0.01268787 -0.014325 0.002096682 -0.01268787 -0.0135711 0.003402582 -0.01268787 -0.0140454 0.001882182 -0.01268787 -0.0138309 0.001602582 -0.01268787 -0.0146506 -0.0003764179 -0.01268787 -0.015 -0.0004224179 -0.01268787 -0.0178 -0.001547418 -0.01268787 -0.0153494 -0.0003764179 -0.01268787 -0.0178 0.003402582 -0.01268787 -0.0153494 0.002231582 -0.01268787 -0.015 0.002277582 -0.01268787 -0.0161691 0.001602582 -0.01268787 -0.0159546 0.001882182 -0.01268787 -0.015675 0.002096682 -0.01268787 -0.015675 -0.0002415179 -0.01268787 -0.0159546 -2.701788e-05 -0.01268787 -0.0161691 0.0002525821 -0.01268787 -0.016304 0.0005781821 -0.01268787 -0.01635 0.0009275821 -0.01268787 -0.016304 0.001276982 -0.01268787 -0.016304 0.01827699 0.01231213 -0.01635 0.01792758 0.01231213 -0.0178 0.01942758 0.01231213 -0.0121421 0.01792758 0.01231213 -0.013696 0.01757817 0.01231213 -0.01365 0.01792758 0.01231213 -0.0178 0.01545258 0.01231213 -0.016304 0.01757817 0.01231213 -0.0161691 0.01725258 0.01231213 -0.0159546 0.01697299 0.01231213 -0.0146506 0.01662358 0.01231213 -0.014325 0.01675845 0.01231213 -0.0135711 0.01545258 0.01231213 -0.0140454 0.01697299 0.01231213 -0.0138309 0.01725258 0.01231213 -0.015675 0.01675845 0.01231213 -0.0153494 0.01662358 0.01231213 -0.015 0.01657758 0.01231213 -0.013696 0.01827699 0.01231213 -0.0138309 0.01860258 0.01231213 -0.0135711 0.02040258 0.01231213 -0.0140454 0.01888217 0.01231213 -0.014325 0.01909671 0.01231213 -0.0153494 0.01923158 0.01231213 -0.0169712 0.02040258 0.01231213 -0.015 0.01927758 0.01231213 -0.0146506 0.01923158 0.01231213 -0.015675 0.01909671 0.01231213 -0.0159546 0.01888217 0.01231213 -0.0161691 0.01860258 0.01231213 -0.01635 0.0009275821 0.01481213 -0.01635 0.0009275821 0.01231213 -0.016304 0.001276982 0.01481213 -0.016304 0.001276982 0.01231213 -0.0161691 0.001602582 0.01481213 -0.0161691 0.001602582 0.01231213 -0.0159546 0.001882182 0.01481213 -0.0159546 0.001882182 0.01231213 -0.015675 0.002096682 0.01481213 -0.015675 0.002096682 0.01231213 -0.0153494 0.002231582 0.01481213 -0.0153494 0.002231582 0.01231213 -0.015 0.002277582 0.01481213 -0.015 0.002277582 0.01231213 -0.0146506 0.002231582 0.01481213 -0.0146506 0.002231582 0.01231213 -0.014325 0.002096682 0.01481213 -0.014325 0.002096682 0.01231213 -0.0140454 0.001882182 0.01481213 -0.0140454 0.001882182 0.01231213 -0.0138309 0.001602582 0.01481213 -0.0138309 0.001602582 0.01231213 -0.013696 0.001276982 0.01481213 -0.013696 0.001276982 0.01231213 -0.01365 0.0009275821 0.01481213 -0.01365 0.0009275821 0.01231213 -0.0178 -0.01359742 -0.01068787 -0.0178 -0.01359742 -0.01268787 -0.0168 -0.01359742 -0.01068787 -0.0135711 -0.01359742 -0.01268787 -0.0135711 -0.01359742 -0.01068787 2.016856e-09 0.01502758 -0.01723787 0.000414112 0.0118821 -0.01723787 -0.000414108 0.01497306 -0.01723787 2.016856e-09 0.01182758 -0.01723787 -0.000414108 0.0118821 -0.01723787 0.000414112 0.01497306 -0.01723787 0.000800002 0.01481322 -0.01723787 0.001131372 0.01455895 -0.01723787 0.001385642 0.01422758 -0.01723787 0.001545482 0.01384169 -0.01723787 0.000800002 0.01204194 -0.01723787 -0.000799998 0.01204194 -0.01723787 -0.001131368 0.01229621 -0.01723787 -0.001385638 0.01262758 -0.01723787 -0.001545478 0.01301347 -0.01723787 -0.001599998 0.01342758 -0.01723787 -0.001545478 0.01384169 -0.01723787 0.001545482 0.01301347 -0.01723787 0.001385642 0.01262758 -0.01723787 0.001131372 0.01229621 -0.01723787 -0.001385638 0.01422758 -0.01723787 -0.001131368 0.01455895 -0.01723787 -0.000799998 0.01481322 -0.01723787 0.001600002 0.01342758 -0.01723787 0.005787032 0.02186688 -0.01775167 0.005778902 0.02190843 -0.01774127 0.005832832 0.02192662 -0.01775137 0.007228872 0.02187146 -0.01632377 0.007284802 0.02172347 -0.01636687 0.007240942 0.02175329 -0.01663977 0.007341232 0.02157414 -0.01641037 0.007350212 0.021501 -0.01669107 0.007342432 0.02157206 -0.01641057 0.007385302 0.02149799 -0.01641757 0.007508702 0.02128472 -0.01643787 0.007132682 0.02223936 -0.01643597 0.007171802 0.02215449 -0.01617847 0.007176382 0.02210381 -0.01621277 0.007200042 0.02199908 -0.01626277 0.007174812 0.02198039 -0.01656237 0.007216742 0.02192515 -0.01629817 0.007123102 0.02242723 -0.01631687 0.007156682 0.02232172 -0.01606517 0.007150312 0.02239218 -0.01601737 0.007048142 0.02252242 -0.01655147 0.006915952 0.02261715 -0.01679207 0.006739662 0.02269686 -0.01700237 0.006539832 0.02275647 -0.01716807 0.006303652 0.02280124 -0.01730297 0.006049922 0.02282701 -0.01739517 0.005787742 0.02283387 -0.01744347 0.005652332 0.02290055 -0.01742127 0.005692782 0.02234849 -0.01763157 0.005685972 0.02244138 -0.01759617 0.005778612 0.02245342 -0.01759287 0.005657542 0.02282942 -0.01744837 0.005914992 0.02130464 -0.01787527 0.005874872 0.02144104 -0.01785367 0.005946242 0.021467 -0.01784787 0.005861402 0.02148684 -0.01784637 0.006073462 0.02092147 -0.01790267 0.006410792 0.02052024 -0.01791957 0.006149012 0.02096501 -0.01791077 0.006551642 0.02061831 -0.01790027 0.006382072 0.02108359 -0.01785837 0.006624172 0.02066882 -0.01786937 0.006811822 0.02079948 -0.01778937 0.006608362 0.02119486 -0.01775867 0.006831802 0.02081339 -0.01777407 0.006819772 0.02129463 -0.01761257 0.007023352 0.02094677 -0.01762737 0.006999492 0.02137507 -0.01743327 0.007159052 0.02144106 -0.01720547 0.007320612 0.02115376 -0.01721707 0.007240142 0.02109772 -0.01737307 0.007181392 0.02105682 -0.01744467 0.007045222 0.020962 -0.01761057 0.007483942 0.02126748 -0.01670567 0.007477832 0.02126323 -0.01677167 0.007280032 0.02148415 -0.01694507 0.007424342 0.02122598 -0.01695797 0.007386792 0.02119984 -0.01708867 0.007052222 0.0223115 -0.01667697 0.006914832 0.02237796 -0.01692397 0.006734472 0.02242784 -0.01713997 0.006531912 0.02245885 -0.01731007 0.006294102 0.02247415 -0.01744867 0.006039972 0.02247203 -0.01754327 0.007092242 0.02202021 -0.01680997 0.006953952 0.02204714 -0.01706387 0.006774182 0.02205544 -0.01728587 0.006573482 0.02204666 -0.01746077 0.006338852 0.02202108 -0.01760317 0.006089002 0.02198038 -0.01770037 0.007161692 0.02176531 -0.01689137 0.007028572 0.02175812 -0.01714927 0.006855292 0.02173043 -0.01737487 0.006661652 0.0216871 -0.01755257 0.006435132 0.02162593 -0.01769727 0.006193802 0.02155154 -0.01779597 -0.0122 -0.01682242 -0.01068787 -0.0122 -0.01682242 -0.001187871 -0.0125751 -0.01682242 -0.01068787 -0.0168 -0.01682242 -0.001187871 -0.0168 -0.01682242 -0.01068787 -0.0178 0.01545258 -0.01068787 -0.0178 0.01395258 -0.01068787 -0.0135711 0.01545258 -0.01068787 -0.0122 0.01395258 -0.01068787 -0.0122 0.01782732 -0.01068787 0.0178 0.01395258 -0.01068787 0.0178 0.01545258 -0.01068787 0.0122 0.01395258 -0.01068787 0.0135711 0.01545258 -0.01068787 0.0122 0.01782732 -0.01068787 -0.0122 -0.007572418 0.01481213 -0.0122 0.009427582 0.01481213 -0.013696 0.0005781821 0.01481213 -0.013696 0.0005781821 0.01231213 -0.0138309 0.0002525821 0.01481213 -0.0138309 0.0002525821 0.01231213 -0.0140454 -2.701788e-05 0.01481213 -0.0140454 -2.701788e-05 0.01231213 -0.014325 -0.0002415179 0.01481213 -0.014325 -0.0002415179 0.01231213 -0.0146506 -0.0003764179 0.01481213 -0.0146506 -0.0003764179 0.01231213 -0.015 -0.0004224179 0.01481213 -0.015 -0.0004224179 0.01231213 -0.0153494 -0.0003764179 0.01481213 -0.0153494 -0.0003764179 0.01231213 -0.015675 -0.0002415179 0.01481213 -0.015675 -0.0002415179 0.01231213 -0.0159546 -2.701788e-05 0.01481213 -0.0159546 -2.701788e-05 0.01231213 -0.0161691 0.0002525821 0.01481213 -0.0161691 0.0002525821 0.01231213 -0.016304 0.0005781821 0.01481213 -0.016304 0.0005781821 0.01231213 -0.005787828 0.02186672 -0.01775097 -0.005779648 0.02190838 -0.01774057 -0.006073478 0.02092149 -0.01790257 0.005778902 0.02190843 -0.01774127 0.005787032 0.02186688 -0.01775167 0.006073462 0.02092147 -0.01790267 0.013696 -0.01572302 0.01481213 0.013696 -0.01572302 0.01231213 0.0138309 -0.01539742 0.01481213 0.0138309 -0.01539742 0.01231213 0.0140454 -0.01511782 0.01481213 0.0140454 -0.01511782 0.01231213 0.014325 -0.01490332 0.01481213 0.014325 -0.01490332 0.01231213 0.0146506 -0.01476842 0.01481213 0.0146506 -0.01476842 0.01231213 0.015 -0.01472242 0.01481213 0.015 -0.01472242 0.01231213 0.0153494 -0.01476842 0.01481213 0.0153494 -0.01476842 0.01231213 0.015675 -0.01490332 0.01481213 0.015675 -0.01490332 0.01231213 0.0159546 -0.01511782 0.01481213 0.0159546 -0.01511782 0.01231213 0.0161691 -0.01539742 0.01481213 0.0161691 -0.01539742 0.01231213 0.016304 -0.01572302 0.01481213 0.016304 -0.01572302 0.01231213 -0.0178 -0.01359742 -0.01068787 -0.0168 -0.01359742 -0.01068787 -0.0178 -0.01209742 -0.01068787 -0.0168 -0.01209742 -0.01068787 -0.0169712 0.02040258 0.01031213 -0.0156962 0.02190258 0.01031213 -0.0135711 0.02040258 0.01031213 -0.0122 0.02190258 0.01031213 -0.0122 0.01802784 0.01031213 0.0116 -0.003172418 0.01031213 0.0116 -0.003172418 -0.001187871 0.0122 -0.003172418 0.01031213 0.0122 -0.003172418 -0.001187871 -0.0135711 -0.01854742 -0.01068787 -0.0178 -0.01854742 -0.01068787 -0.0178 -0.01917242 -0.01068787 -0.012475 -0.02517242 -0.01068787 -0.010975 -0.02517242 -0.01068787 -0.012475 -0.02004742 -0.01068787 -0.010975 -0.02094352 -0.01068787 -0.0116142 -0.01898662 -0.01068787 -0.0119321 -0.01857242 -0.01068787 -0.0170562 -0.02004742 -0.01068787 -0.008600258 -0.01957242 -0.01068787 -0.0102 -0.01957242 -0.01068787 -0.0107176 -0.01950432 -0.01068787 -0.0112 -0.01930452 -0.01068787 -0.0122 -0.01682242 -0.01068787 -0.0125751 -0.01682242 -0.01068787 -0.0122 -0.01757242 -0.01068787 -0.0121319 -0.01809002 -0.01068787 -0.004524998 -0.02517242 -0.01318787 0.004525002 -0.02517242 -0.01318787 -0.004524998 -0.01957242 -0.01318787 0.004525002 -0.01957242 -0.01318787 -0.0122 0.004902582 -0.01318787 -0.0122 0.01395258 -0.01318787 -0.0178 0.004902582 -0.01318787 -0.0178 0.01395258 -0.01318787 0.016304 0.01757817 0.01481213 0.016304 0.01757817 0.01231213 0.0161691 0.01725258 0.01481213 0.0161691 0.01725258 0.01231213 0.0159546 0.01697299 0.01481213 0.0159546 0.01697299 0.01231213 0.015675 0.01675845 0.01481213 0.015675 0.01675845 0.01231213 0.0153494 0.01662358 0.01481213 0.0153494 0.01662358 0.01231213 0.015 0.01657758 0.01481213 0.015 0.01657758 0.01231213 0.0146506 0.01662358 0.01481213 0.0146506 0.01662358 0.01231213 0.014325 0.01675845 0.01481213 0.014325 0.01675845 0.01231213 0.0140454 0.01697299 0.01481213 0.0140454 0.01697299 0.01231213 0.0138309 0.01725258 0.01481213 0.0138309 0.01725258 0.01231213 0.013696 0.01757817 0.01481213 0.013696 0.01757817 0.01231213 -0.016304 -0.01572302 0.01481213 -0.016304 -0.01572302 0.01231213 -0.0161691 -0.01539742 0.01481213 -0.0161691 -0.01539742 0.01231213 -0.0159546 -0.01511782 0.01481213 -0.0159546 -0.01511782 0.01231213 -0.015675 -0.01490332 0.01481213 -0.015675 -0.01490332 0.01231213 -0.0153494 -0.01476842 0.01481213 -0.0153494 -0.01476842 0.01231213 -0.015 -0.01472242 0.01481213 -0.015 -0.01472242 0.01231213 -0.0146506 -0.01476842 0.01481213 -0.0146506 -0.01476842 0.01231213 -0.014325 -0.01490332 0.01481213 -0.014325 -0.01490332 0.01231213 -0.0140454 -0.01511782 0.01481213 -0.0140454 -0.01511782 0.01231213 -0.0138309 -0.01539742 0.01481213 -0.0138309 -0.01539742 0.01231213 -0.013696 -0.01572302 0.01481213 -0.013696 -0.01572302 0.01231213 -0.0135711 0.01545258 -0.01268787 -0.0178 0.01545258 -0.01268787 -0.0135711 0.01545258 -0.01068787 -0.0178 0.01545258 -0.01068787 -0.008499998 -0.01951452 -0.01068787 -0.008499998 -0.01951452 -0.01268787 -0.008399738 -0.01957242 -0.01068787 -0.006024998 -0.02094352 -0.01268787 -0.006024998 -0.02094352 -0.01068787 0.007196002 -0.02202302 0.01481213 0.007196002 -0.02202302 0.01231213 0.007330872 -0.02169742 0.01481213 0.007330872 -0.02169742 0.01231213 0.007545412 -0.02141782 0.01481213 0.007545412 -0.02141782 0.01231213 0.007825002 -0.02120332 0.01481213 0.007825002 -0.02120332 0.01231213 0.008150592 -0.02106842 0.01481213 0.008150592 -0.02106842 0.01231213 0.008500002 -0.02102242 0.01481213 0.008500002 -0.02102242 0.01231213 0.008849412 -0.02106842 0.01481213 0.008849412 -0.02106842 0.01231213 0.009175002 -0.02120332 0.01481213 0.009175002 -0.02120332 0.01231213 0.009454592 -0.02141782 0.01481213 0.009454592 -0.02141782 0.01231213 0.009669132 -0.02169742 0.01481213 0.009669132 -0.02169742 0.01231213 0.009804002 -0.02202302 0.01481213 0.009804002 -0.02202302 0.01231213 0.0156962 0.02190258 0.01031213 0.0169712 0.02040258 0.01031213 0.0122 0.02190258 0.01031213 0.0135711 0.02040258 0.01031213 0.0122 0.01802784 0.01031213 -0.0122 0.02342758 0.01281213 -0.0122 0.02190258 0.01281213 -0.0156962 0.02190258 0.01281213 -0.0102 0.02542758 0.01281213 -0.0107176 0.02535948 0.01281213 -0.0127 0.02542758 0.01281213 -0.0112 0.02515968 0.01281213 -0.0116142 0.02484178 0.01281213 -0.0119321 0.02442758 0.01281213 -0.0121319 0.02394518 0.01281213 -0.006024998 -0.02517242 -0.01068787 -0.004524998 -0.02517242 -0.01068787 -0.006024998 -0.02094352 -0.01068787 -0.004524998 -0.01957242 -0.01068787 -0.008399738 -0.01957242 -0.01068787 0.0121319 0.02394518 -0.01318787 0.0121319 0.02394518 0.01281213 0.0119321 0.02442758 -0.01318787 0.0119321 0.02442758 0.01281213 0.0116142 0.02484178 -0.01318787 0.0116142 0.02484178 0.01281213 0.0112 0.02515968 -0.01318787 0.0112 0.02515968 0.01281213 0.0107176 0.02535948 -0.01318787 0.0107176 0.02535948 0.01281213 0.0178 0.01545258 0.01231213 0.0178 0.01942758 0.01231213 0.0178 0.01942758 0.01481213 0.0178 -0.01359742 0.01031213 0.0178 -0.01209742 0.01031213 0.0178 -0.01359742 0.01231213 0.0178 -0.01209742 0.01281213 0.0178 -0.01854742 0.01231213 0.0178 -0.003047418 0.01031213 0.0178 -0.001547418 0.01031213 0.0178 -0.003047418 0.01281213 0.0178 -0.001547418 0.01231213 0.0178 0.009427582 0.01481213 0.0178 -0.007572418 0.01481213 0.0178 -0.01917242 0.01481213 0.0178 -0.01917242 0.01031213 0.0178 -0.01854742 0.01031213 0.0178 0.003402582 0.01031213 0.0178 0.004902582 0.01031213 0.0178 0.003402582 0.01231213 0.0178 0.004902582 0.01281213 0.0178 0.01395258 0.01281213 0.0178 0.01395258 0.01031213 0.0178 0.01545258 0.01031213 -0.013696 0.01757817 0.01481213 -0.013696 0.01757817 0.01231213 -0.0138309 0.01725258 0.01481213 -0.0138309 0.01725258 0.01231213 -0.0140454 0.01697299 0.01481213 -0.0140454 0.01697299 0.01231213 -0.014325 0.01675845 0.01481213 -0.014325 0.01675845 0.01231213 -0.0146506 0.01662358 0.01481213 -0.0146506 0.01662358 0.01231213 -0.015 0.01657758 0.01481213 -0.015 0.01657758 0.01231213 -0.0153494 0.01662358 0.01481213 -0.0153494 0.01662358 0.01231213 -0.015675 0.01675845 0.01481213 -0.015675 0.01675845 0.01231213 -0.0159546 0.01697299 0.01481213 -0.0159546 0.01697299 0.01231213 -0.0161691 0.01725258 0.01481213 -0.0161691 0.01725258 0.01231213 -0.016304 0.01757817 0.01481213 -0.016304 0.01757817 0.01231213 0.0122 -0.007572418 -0.01518787 0.0122 0.009427582 -0.01518787 0.000776459 0.0105298 -0.01943787 0.000776459 0.0105298 -0.01723787 0.001500002 0.0108295 -0.01943787 0.001500002 0.0108295 -0.01723787 0.002121322 0.01130626 -0.01943787 0.002121322 0.01130626 -0.01723787 0.002598082 0.01192758 -0.01943787 0.002598082 0.01192758 -0.01723787 0.002897782 0.01265113 -0.01943787 0.002897782 0.01265113 -0.01723787 0.003000002 0.01342758 -0.01943787 0.003000002 0.01342758 -0.01723787 0.002897782 0.01420404 -0.01943787 0.002897782 0.01420404 -0.01723787 0.002598082 0.01492758 -0.01943787 0.002598082 0.01492758 -0.01723787 0.002121322 0.0155489 -0.01943787 0.002121322 0.0155489 -0.01723787 0.001500002 0.01602566 -0.01943787 0.001500002 0.01602566 -0.01723787 0.000776459 0.01632536 -0.01943787 0.000776459 0.01632536 -0.01723787 -0.009849998 -0.02237242 0.01481213 -0.009849998 -0.02237242 0.01231213 -0.009803998 -0.02202302 0.01481213 -0.009803998 -0.02202302 0.01231213 -0.009669128 -0.02169742 0.01481213 -0.009669128 -0.02169742 0.01231213 -0.009454588 -0.02141782 0.01481213 -0.009454588 -0.02141782 0.01231213 -0.009174998 -0.02120332 0.01481213 -0.009174998 -0.02120332 0.01231213 -0.008849408 -0.02106842 0.01481213 -0.008849408 -0.02106842 0.01231213 -0.008499998 -0.02102242 0.01481213 -0.008499998 -0.02102242 0.01231213 -0.008150588 -0.02106842 0.01481213 -0.008150588 -0.02106842 0.01231213 -0.007824998 -0.02120332 0.01481213 -0.007824998 -0.02120332 0.01231213 -0.007545408 -0.02141782 0.01481213 -0.007545408 -0.02141782 0.01231213 -0.007330868 -0.02169742 0.01481213 -0.007330868 -0.02169742 0.01231213 -0.007195998 -0.02202302 0.01481213 -0.007195998 -0.02202302 0.01231213 -0.007149998 -0.02237242 0.01481213 -0.007149998 -0.02237242 0.01231213 0.013696 0.01827699 0.01231213 0.01365 0.01792758 0.01231213 0.0121421 0.01792758 0.01231213 0.0178 0.01545258 0.01231213 0.015675 0.01675845 0.01231213 0.0159546 0.01697299 0.01231213 0.0159546 0.01888217 0.01231213 0.0169712 0.02040258 0.01231213 0.0161691 0.01860258 0.01231213 0.0178 0.01942758 0.01231213 0.016304 0.01827699 0.01231213 0.015675 0.01909671 0.01231213 0.0153494 0.01923158 0.01231213 0.0135711 0.02040258 0.01231213 0.015 0.01927758 0.01231213 0.0146506 0.01923158 0.01231213 0.014325 0.01909671 0.01231213 0.0140454 0.01888217 0.01231213 0.0138309 0.01860258 0.01231213 0.0161691 0.01725258 0.01231213 0.016304 0.01757817 0.01231213 0.01635 0.01792758 0.01231213 0.013696 0.01757817 0.01231213 0.0138309 0.01725258 0.01231213 0.0135711 0.01545258 0.01231213 0.0140454 0.01697299 0.01231213 0.014325 0.01675845 0.01231213 0.0146506 0.01662358 0.01231213 0.015 0.01657758 0.01231213 0.0153494 0.01662358 0.01231213 0.013696 -0.01572302 0.01231213 0.01365 -0.01607242 0.01231213 0.0121421 -0.01607242 0.01231213 0.0161691 -0.01539742 0.01231213 0.0159546 -0.01511782 0.01231213 0.0178 -0.01359742 0.01231213 0.0178 -0.01854742 0.01231213 0.015675 -0.01724152 0.01231213 0.0159546 -0.01702702 0.01231213 0.016304 -0.01572302 0.01231213 0.0161691 -0.01674742 0.01231213 0.016304 -0.01642182 0.01231213 0.01635 -0.01607242 0.01231213 0.015675 -0.01490332 0.01231213 0.0153494 -0.01476842 0.01231213 0.0135711 -0.01359742 0.01231213 0.015 -0.01472242 0.01231213 0.0146506 -0.01476842 0.01231213 0.013696 -0.01642182 0.01231213 0.0138309 -0.01674742 0.01231213 0.0135711 -0.01854742 0.01231213 0.0140454 -0.01702702 0.01231213 0.014325 -0.01724152 0.01231213 0.0146506 -0.01737642 0.01231213 0.015 -0.01742242 0.01231213 0.0153494 -0.01737642 0.01231213 0.014325 -0.01490332 0.01231213 0.0140454 -0.01511782 0.01231213 0.0138309 -0.01539742 0.01231213 0.0121421 0.0009275821 -0.01268787 0.0135711 -0.001547418 -0.01268787 0.0140454 -2.701788e-05 -0.01268787 0.0138309 0.0002525821 -0.01268787 0.013696 0.0005781821 -0.01268787 0.01365 0.0009275821 -0.01268787 0.016304 0.0005781821 -0.01268787 0.0161691 0.0002525821 -0.01268787 0.0178 -0.001547418 -0.01268787 0.015 -0.0004224179 -0.01268787 0.0153494 -0.0003764179 -0.01268787 0.0146506 -0.0003764179 -0.01268787 0.014325 -0.0002415179 -0.01268787 0.013696 0.001276982 -0.01268787 0.0138309 0.001602582 -0.01268787 0.0135711 0.003402582 -0.01268787 0.0140454 0.001882182 -0.01268787 0.014325 0.002096682 -0.01268787 0.0146506 0.002231582 -0.01268787 0.015 0.002277582 -0.01268787 0.0178 0.003402582 -0.01268787 0.0153494 0.002231582 -0.01268787 0.015675 0.002096682 -0.01268787 0.016304 0.001276982 -0.01268787 0.01635 0.0009275821 -0.01268787 0.0159546 -2.701788e-05 -0.01268787 0.015675 -0.0002415179 -0.01268787 0.0159546 0.001882182 -0.01268787 0.0161691 0.001602582 -0.01268787 -0.004524998 -0.02517242 0.01031213 -0.006024998 -0.02517242 0.01031213 -0.004524998 -0.01957242 0.01031213 -0.006024998 -0.02094352 0.01031213 -0.008399738 -0.01957242 0.01031213 0.01365 0.0009275821 0.01481213 0.01365 0.0009275821 0.01231213 0.013696 0.001276982 0.01481213 0.013696 0.001276982 0.01231213 0.0138309 0.001602582 0.01481213 0.0138309 0.001602582 0.01231213 0.0140454 0.001882182 0.01481213 0.0140454 0.001882182 0.01231213 0.014325 0.002096682 0.01481213 0.014325 0.002096682 0.01231213 0.0146506 0.002231582 0.01481213 0.0146506 0.002231582 0.01231213 0.015 0.002277582 0.01481213 0.015 0.002277582 0.01231213 0.0153494 0.002231582 0.01481213 0.0153494 0.002231582 0.01231213 0.015675 0.002096682 0.01481213 0.015675 0.002096682 0.01231213 0.0159546 0.001882182 0.01481213 0.0159546 0.001882182 0.01231213 0.0161691 0.001602582 0.01481213 0.0161691 0.001602582 0.01231213 0.016304 0.001276982 0.01481213 0.016304 0.001276982 0.01231213 0.01635 0.0009275821 0.01481213 0.01635 0.0009275821 0.01231213 -0.0122 0.02190258 -0.01318787 -0.0122 0.02190258 -0.01068787 -0.0122 -0.003172418 0.01031213 -0.0122 -0.01209742 0.01031213 -0.0122 -0.01209742 0.01281213 -0.0122 0.0008272821 -0.01068787 -0.0122 -0.002322418 -0.01068787 -0.0122 -0.002322418 -0.001187871 -0.0122 0.01802784 0.01031213 -0.0122 0.02190258 0.01031213 -0.0122 0.01802784 -0.01068787 -0.0122 0.004902582 0.01031213 -0.0122 0.01782732 -0.01068787 -0.0122 0.001027882 0.01031213 -0.0122 0.01395258 -0.01068787 -0.0122 -0.003172418 -0.001187871 -0.0122 0.02190258 0.01281213 -0.0122 0.01395258 -0.01318787 -0.0122 0.004902582 -0.01318787 -0.0122 0.004902582 -0.01068787 -0.0122 0.001027882 -0.01068787 -0.0122 -0.003047418 0.01281213 -0.0122 -0.003047418 0.01031213 -0.0122 0.0008272821 0.01031213 -0.0122 0.004902582 0.01281213 -0.0122 0.01395258 0.01281213 -0.0122 0.01395258 0.01031213 -0.0122 0.01782732 0.01031213 0.008281252 0.02063533 -0.01643787 0.008394562 0.02057574 -0.01643787 0.008380362 0.02054092 -0.01677167 0.007902592 0.02087626 -0.01643787 0.008052292 0.02075575 -0.01643787 0.008031652 0.02072431 -0.01677167 0.007585472 0.02119397 -0.01643787 0.007724752 0.02097139 -0.01677167 0.007647152 0.0208921 -0.01708867 0.007522152 0.02076439 -0.01737307 0.007356012 0.02059465 -0.01761057 0.007157082 0.02039139 -0.01778937 0.006935312 0.02016482 -0.01790027 0.007751052 0.02099826 -0.01643787 0.008765092 0.02046497 -0.01643787 0.008757852 0.02042806 -0.01677167 0.008703822 0.02048329 -0.01643787 0.008736502 0.0203192 -0.01708867 0.008702102 0.02014383 -0.01737307 0.008656392 0.01991076 -0.01761057 0.008601662 0.01963167 -0.01778937 0.007970762 0.02063157 -0.01708867 0.007872672 0.02048219 -0.01737307 0.007742312 0.02028365 -0.01761057 0.007586212 0.02004591 -0.01778937 0.007412202 0.01978089 -0.01790027 0.008338462 0.0204382 -0.01708867 0.008270962 0.02027273 -0.01737307 0.008181242 0.02005281 -0.01761057 0.008073822 0.01978947 -0.01778937 0.007954062 0.01949591 -0.01790027 0.008540642 0.01932055 -0.01790027 -0.001035278 0.009563882 -0.01693787 -0.001035278 0.009563882 -0.01723787 -0.001999998 0.009963482 -0.01693787 -0.001999998 0.009963482 -0.01723787 -0.002828428 0.01059915 -0.01693787 -0.002828428 0.01059915 -0.01723787 -0.003464098 0.01142758 -0.01693787 -0.003464098 0.01142758 -0.01723787 -0.003863698 0.0123923 -0.01693787 -0.003863698 0.0123923 -0.01723787 -0.003999998 0.01342758 -0.01693787 -0.003999998 0.01342758 -0.01723787 -0.003863698 0.01446286 -0.01693787 -0.003863698 0.01446286 -0.01723787 -0.003464098 0.01542758 -0.01693787 -0.003464098 0.01542758 -0.01723787 -0.002828428 0.01625601 -0.01693787 -0.002828428 0.01625601 -0.01723787 -0.001999998 0.01689168 -0.01693787 -0.001999998 0.01689168 -0.01723787 -0.001035278 0.01729128 -0.01693787 -0.001035278 0.01729128 -0.01723787 2.016856e-09 -0.01957242 0.01481213 0.0125751 -0.01682242 -0.01068787 0.0121421 -0.01607242 -0.01068787 0.0168 -0.01682242 -0.01068787 0.0135711 -0.01359742 -0.01068787 0.0168 -0.01359742 -0.01068787 -0.0156962 0.02190258 -0.01068787 -0.0169712 0.02040258 -0.01068787 -0.0122 0.02190258 -0.01068787 -0.0135711 0.02040258 -0.01068787 -0.0122 0.01802784 -0.01068787 0.016304 0.0005781821 0.01481213 0.016304 0.0005781821 0.01231213 0.0161691 0.0002525821 0.01481213 0.0161691 0.0002525821 0.01231213 0.0159546 -2.701788e-05 0.01481213 0.0159546 -2.701788e-05 0.01231213 0.015675 -0.0002415179 0.01481213 0.015675 -0.0002415179 0.01231213 0.0153494 -0.0003764179 0.01481213 0.0153494 -0.0003764179 0.01231213 0.015 -0.0004224179 0.01481213 0.015 -0.0004224179 0.01231213 0.0146506 -0.0003764179 0.01481213 0.0146506 -0.0003764179 0.01231213 0.014325 -0.0002415179 0.01481213 0.014325 -0.0002415179 0.01231213 0.0140454 -2.701788e-05 0.01481213 0.0140454 -2.701788e-05 0.01231213 0.0138309 0.0002525821 0.01481213 0.0138309 0.0002525821 0.01231213 0.013696 0.0005781821 0.01481213 0.013696 0.0005781821 0.01231213 0.0178 0.003402582 -0.01068787 0.0178 0.004902582 -0.01068787 0.0135711 0.003402582 -0.01068787 0.0122 0.004902582 -0.01068787 0.0122 0.001027882 -0.01068787 -0.006024998 -0.02094352 0.01031213 -0.006024998 -0.02517242 0.01031213 -0.006024998 -0.02094352 0.01231213 -0.006024998 -0.02517242 0.01231213 0.0102 -0.01957242 -0.01068787 0.008600262 -0.01957242 -0.01068787 0.010975 -0.02094352 -0.01068787 0.0178 -0.01917242 -0.01068787 0.0178 -0.01854742 -0.01068787 0.0135711 -0.01854742 -0.01068787 0.010975 -0.02517242 -0.01068787 0.012475 -0.02517242 -0.01068787 0.012475 -0.02004742 -0.01068787 0.0121319 -0.01809002 -0.01068787 0.0119321 -0.01857242 -0.01068787 0.0170562 -0.02004742 -0.01068787 0.0116142 -0.01898662 -0.01068787 0.0112 -0.01930452 -0.01068787 0.0107176 -0.01950432 -0.01068787 0.0125751 -0.01682242 -0.01068787 0.0122 -0.01682242 -0.01068787 0.0122 -0.01757242 -0.01068787 0.0122 -0.01209742 0.01281213 0.0122 -0.003047418 0.01281213 0.0178 -0.01209742 0.01281213 0.0178 -0.003047418 0.01281213 -0.0178 -0.01209742 -0.01318787 -0.0168 -0.01209742 -0.01318787 -0.0178 -0.003047418 -0.01318787 -0.0168 -0.003047418 -0.01318787 0.006025002 -0.02517242 0.01031213 0.004525002 -0.02517242 0.01031213 0.006025002 -0.02094352 0.01031213 0.004525002 -0.01957242 0.01031213 0.008399742 -0.01957242 0.01031213 -0.009174998 -0.02354152 0.01231213 -0.010975 -0.02517242 0.01231213 -0.009454588 -0.02332702 0.01231213 -0.009669128 -0.02304742 0.01231213 -0.009669128 -0.02169742 0.01231213 -0.009803998 -0.02202302 0.01231213 -0.010975 -0.02094352 0.01231213 -0.009849998 -0.02237242 0.01231213 -0.009803998 -0.02272182 0.01231213 -0.006024998 -0.02517242 0.01231213 -0.007824998 -0.02354152 0.01231213 -0.007545408 -0.02332702 0.01231213 -0.007195998 -0.02202302 0.01231213 -0.007330868 -0.02169742 0.01231213 -0.006024998 -0.02094352 0.01231213 -0.007545408 -0.02141782 0.01231213 -0.008499998 -0.01951452 0.01231213 -0.007824998 -0.02120332 0.01231213 -0.008150588 -0.02106842 0.01231213 -0.008499998 -0.02102242 0.01231213 -0.008849408 -0.02106842 0.01231213 -0.009174998 -0.02120332 0.01231213 -0.009454588 -0.02141782 0.01231213 -0.008849408 -0.02367642 0.01231213 -0.008499998 -0.02372242 0.01231213 -0.008150588 -0.02367642 0.01231213 -0.007330868 -0.02304742 0.01231213 -0.007195998 -0.02272182 0.01231213 -0.007149998 -0.02237242 0.01231213 -0.006024998 -0.02094352 -0.01268787 -0.006024998 -0.02517242 -0.01268787 -0.006024998 -0.02094352 -0.01068787 -0.006024998 -0.02517242 -0.01068787 -0.0135711 0.02040258 -0.01068787 -0.0135711 0.02040258 -0.01268787 -0.0122 0.01802784 -0.01068787 -0.0121421 0.01792758 -0.01268787 -0.0121421 0.01792758 -0.01068787 -0.008499998 -0.01951452 0.01031213 -0.008499998 -0.01951452 0.01231213 -0.008600258 -0.01957242 0.01031213 -0.010975 -0.02094352 0.01231213 -0.010975 -0.02094352 0.01031213 0.0178 -0.01209742 -0.01068787 0.0168 -0.01209742 -0.01068787 0.0178 -0.01359742 -0.01068787 0.0168 -0.01359742 -0.01068787 0.0135711 -0.01854742 0.01031213 0.0178 -0.01854742 0.01031213 0.0178 -0.01917242 0.01031213 0.012475 -0.02517242 0.01031213 0.010975 -0.02517242 0.01031213 0.012475 -0.02004742 0.01031213 0.010975 -0.02094352 0.01031213 0.0116142 -0.01898662 0.01031213 0.0119321 -0.01857242 0.01031213 0.0170562 -0.02004742 0.01031213 0.0121319 -0.01809002 0.01031213 0.0122 -0.01757242 0.01031213 0.0122 -0.01617272 0.01031213 0.008600262 -0.01957242 0.01031213 0.0102 -0.01957242 0.01031213 0.0107176 -0.01950432 0.01031213 0.0112 -0.01930452 0.01031213 0.0178 0.01545258 0.01031213 0.0178 0.01395258 0.01031213 0.0135711 0.01545258 0.01031213 0.0122 0.01395258 0.01031213 0.0122 0.01782732 0.01031213 0.007825002 -0.02354152 0.01231213 0.006025002 -0.02517242 0.01231213 0.007545412 -0.02332702 0.01231213 0.007330872 -0.02304742 0.01231213 0.010975 -0.02517242 0.01231213 0.009175002 -0.02354152 0.01231213 0.009454592 -0.02332702 0.01231213 0.008150592 -0.02367642 0.01231213 0.008500002 -0.02372242 0.01231213 0.008849412 -0.02367642 0.01231213 0.008500002 -0.01951452 0.01231213 0.007825002 -0.02120332 0.01231213 0.006025002 -0.02094352 0.01231213 0.007545412 -0.02141782 0.01231213 0.007330872 -0.02169742 0.01231213 0.009804002 -0.02202302 0.01231213 0.009669132 -0.02169742 0.01231213 0.010975 -0.02094352 0.01231213 0.009454592 -0.02141782 0.01231213 0.009175002 -0.02120332 0.01231213 0.008849412 -0.02106842 0.01231213 0.008500002 -0.02102242 0.01231213 0.008150592 -0.02106842 0.01231213 0.007196002 -0.02202302 0.01231213 0.007150002 -0.02237242 0.01231213 0.007196002 -0.02272182 0.01231213 0.009669132 -0.02304742 0.01231213 0.009804002 -0.02272182 0.01231213 0.009850002 -0.02237242 0.01231213 -0.0121421 0.0009275821 -0.01068787 -0.0121421 0.0009275821 -0.01268787 -0.0122 0.0008272821 -0.01068787 -0.0135711 -0.001547418 -0.01268787 -0.0135711 -0.001547418 -0.01068787 -0.012475 -0.02517242 -0.01318787 -0.012475 -0.02004742 -0.01318787 -0.0127 -0.02517242 -0.01318787 -0.0170562 -0.02004742 -0.01318787 -0.0121421 0.01792758 -0.01068787 -0.0122 0.01782732 -0.01068787 -0.0122 0.01802784 -0.01068787 -0.0140454 -0.01702702 -0.01268787 -0.014325 -0.01724152 -0.01268787 -0.0135711 -0.01854742 -0.01268787 -0.0146506 -0.01737642 -0.01268787 -0.015 -0.01742242 -0.01268787 -0.0178 -0.01854742 -0.01268787 -0.0136702 -0.01583972 -0.01268787 -0.0136544 -0.01618142 -0.01268787 -0.0121421 -0.01607242 -0.01268787 -0.013725 -0.01651622 -0.01268787 -0.0138775 -0.01682242 -0.01268787 -0.0153494 -0.01737642 -0.01268787 -0.015675 -0.01724152 -0.01268787 -0.0159546 -0.01702702 -0.01268787 -0.0163456 -0.01618142 -0.01268787 -0.0178 -0.01359742 -0.01268787 -0.0163298 -0.01583972 -0.01268787 -0.0162286 -0.01551292 -0.01268787 -0.0160485 -0.01522202 -0.01268787 -0.0158011 -0.01498572 -0.01268787 -0.0144978 -0.01481932 -0.01268787 -0.0141989 -0.01498572 -0.01268787 -0.0135711 -0.01359742 -0.01268787 -0.0139515 -0.01522202 -0.01268787 -0.0137714 -0.01551292 -0.01268787 -0.0161225 -0.01682242 -0.01268787 -0.016275 -0.01651622 -0.01268787 -0.0155022 -0.01481932 -0.01268787 -0.0151711 -0.01473332 -0.01268787 -0.0148289 -0.01473332 -0.01268787 -0.007195998 -0.02272182 0.01481213 -0.007195998 -0.02272182 0.01231213 -0.007330868 -0.02304742 0.01481213 -0.007330868 -0.02304742 0.01231213 -0.007545408 -0.02332702 0.01481213 -0.007545408 -0.02332702 0.01231213 -0.007824998 -0.02354152 0.01481213 -0.007824998 -0.02354152 0.01231213 -0.008150588 -0.02367642 0.01481213 -0.008150588 -0.02367642 0.01231213 -0.008499998 -0.02372242 0.01481213 -0.008499998 -0.02372242 0.01231213 -0.008849408 -0.02367642 0.01481213 -0.008849408 -0.02367642 0.01231213 -0.009174998 -0.02354152 0.01481213 -0.009174998 -0.02354152 0.01231213 -0.009454588 -0.02332702 0.01481213 -0.009454588 -0.02332702 0.01231213 -0.009669128 -0.02304742 0.01481213 -0.009669128 -0.02304742 0.01231213 -0.009803998 -0.02272182 0.01481213 -0.009803998 -0.02272182 0.01231213 -0.0122 -0.003172418 -0.001187871 -0.01655 -0.003362418 -0.001187871 -0.01183 -0.003362418 -0.001187871 -0.01655 -0.01578242 -0.001187871 -0.0122 -0.01597242 -0.001187871 -0.01183 -0.01578242 -0.001187871 -0.0116 -0.01597242 -0.001187871 -0.0116 -0.003172418 -0.001187871 -0.0122 -0.002322418 -0.001187871 -0.0168 -0.002322418 -0.001187871 -0.0168 -0.01682242 -0.001187871 -0.0122 -0.01682242 -0.001187871 0.0127 -0.02517242 0.01281213 0.012475 -0.02517242 0.01281213 0.0170562 -0.02004742 0.01281213 0.012475 -0.02004742 0.01281213 0.007196612 0.0219983 -0.01518787 0.007342262 0.02157196 -0.01518787 0.007579642 0.02118904 -0.01518787 0.008702332 0.02047833 -0.01518787 0.008277382 0.02062799 -0.01518787 0.007896712 0.02086897 -0.01518787 -0.0178 -0.01209742 -0.01068787 -0.0168 -0.01209742 -0.01068787 -0.0178 -0.01209742 -0.01318787 -0.0168 -0.01209742 -0.01318787 0.0116 -0.01597242 0.01031213 0.0116 -0.01597242 -0.001187871 0.0116 -0.003172418 0.01031213 0.0116 -0.003172418 -0.001187871 -0.0178 -0.003047418 0.01031213 -0.0178 -0.001547418 0.01031213 -0.0122 -0.003047418 0.01031213 -0.0135711 -0.001547418 0.01031213 -0.0122 0.0008272821 0.01031213 0.004525002 -0.02517242 -0.01068787 0.006025002 -0.02517242 -0.01068787 0.004525002 -0.01957242 -0.01068787 0.006025002 -0.02094352 -0.01068787 0.008399742 -0.01957242 -0.01068787</float_array>
          <technique_common>
            <accessor count="5707" source="#verts-array-array" stride="3">
              <param type="float" name="X"/>
              <param type="float" name="Y"/>
              <param type="float" name="Z"/>
            </accessor>
          </technique_common>
        </source>
        <source id="normals-array">
          <float_array count="17121" id="normals-array-array">0.01454225 -0.1148799 -0.9932729 0.006698555 -0.1083974 -0.9940851 0.03219003 -0.1064078 -0.9938014 0.002979818 -0.05218799 -0.9986328 0.04026091 -0.05006622 -0.9979341 0.02369558 -0.9987827 -0.04326141 0.05593232 -0.996837 -0.05645847 -0.0003261873 -0.9942636 -0.106957 0.06063187 -0.9913813 -0.1161328 -0.04319727 -0.9472633 -0.3175316 0.04731741 -0.9808846 -0.1887497 -0.000348953 -0.9923351 -0.1235753 0.01873677 -0.9114589 -0.4109641 0.04411846 -0.9435457 -0.3282912 0.05746876 -0.9407219 -0.3342749 0.02680874 -0.9428582 -0.3321141 0.06091281 -0.9734486 -0.2206523 -0.003757973 -0.9476583 -0.3192643 -0.009225334 -0.9469669 -0.3211986 0.05458107 -0.8415221 -0.5374583 0.01902163 -0.8454426 -0.5337275 0.05602326 -0.8993004 -0.4337283 0.01567647 -0.8486584 -0.5287089 -0.005641431 -0.8499681 -0.5268039 -0.01638562 -0.7177563 -0.6961015 0.05234402 -0.7805876 -0.6228508 -0.004583153 -0.7106142 -0.7035669 -0.02576281 -0.6951647 -0.7183887 -0.09780766 -0.7224709 -0.6844483 0.005569439 -0.7977912 -0.6029082 0.02199692 -0.8463684 -0.5321435 -0.04077188 -0.4999187 -0.8651121 -0.0715259 -0.5878288 -0.8058172 0.02943496 -0.5247518 -0.8507462 0.01842135 -0.3235497 -0.9460318 0.002836763 -0.3390812 -0.9407528 0.02364571 -0.4242768 -0.9052238 0.02954086 -0.4524328 -0.8913091 0.05059841 -0.5274874 -0.8480548 0.0008364808 -0.5384647 -0.8426477 0.01882074 -0.5444116 -0.8386071 0.03446672 -0.6138873 -0.7886408 0.05635373 -0.6382846 -0.767735 0.03693672 -0.6904057 -0.7224788 0.01406869 -0.1140314 -0.9933775 -0.004806346 -0.1156331 -0.9932804 0.01224825 -0.2131472 -0.9769433 -0.01775287 -0.1307873 -0.9912515 0.03273367 -0.2397822 -0.9702747 0.03382708 -0.3085564 -0.9506044 -0.01324721 -0.3478888 -0.9374422 0.01031752 -0.3368895 -0.9414877 0.01092065 -0.3360254 -0.9417896 0.09093828 -0.7759117 -0.6242526 -0.04440383 -0.6852717 -0.7269326 0.1678414 -0.669708 -0.723409 0.09010093 -0.6667433 -0.739821 0.02204613 -0.6565121 -0.7539932 0.1717263 -0.5366465 -0.8261481 0.0861071 -0.5330637 -0.8416821 -0.09935597 -0.5233858 -0.8462835 0.1578277 -0.399913 -0.9028621 0.0443491 -0.9409068 -0.3357493 0.03488309 -0.9447188 -0.3260208 0.1389328 -0.9155291 -0.3774972 -0.003364433 -0.8261525 -0.5634365 0.1299799 -0.8033163 -0.5811955 0.01673941 -0.3350181 -0.942063 0.02400467 -0.09015435 -0.9956385 0.3002954 -0.02138914 -0.9536064 0.1931705 -0.07837916 -0.9780296 0.09133353 -0.1084042 -0.9899024 0.9687468 -0.2468539 -0.02434895 0.9350834 -0.3538546 -0.02015137 0.9275588 -0.3496552 -0.1318173 0.06077579 -0.9978186 -0.02577395 0.08908269 -0.9884649 -0.1224804 0.153495 -0.987484 -0.03625929 0.2373939 -0.9703809 -0.04477682 0.2319733 -0.9723672 -0.02627481 0.2580331 -0.9571963 -0.1311268 0.3522943 -0.9354252 -0.02946813 0.4382847 -0.8888266 -0.1337678 0.4598616 -0.8876602 -0.02422192 0.5966515 -0.7906783 -0.1372398 0.5668298 -0.8233043 -0.02956197 0.460902 -0.8871706 -0.02230707 0.7278232 -0.6720362 -0.1365309 0.663492 -0.747505 -0.03185433 0.6603328 -0.7503575 -0.03039866 0.8409622 -0.5236103 -0.1364364 0.8150746 -0.5747699 -0.07275258 0.7487799 -0.6615755 -0.040578 0.9341383 -0.356138 -0.02347905 0.884186 -0.4662126 -0.02934253 0.8255353 -0.5638486 -0.02379664 0.9923895 -0.1216502 -0.01908744 0.9813436 -0.1474319 -0.1234045 0.9934168 -0.1105475 -0.03003972 0.9942389 -0.02972754 -0.102982 0.9962975 -0.06254498 -0.05898643 0.9076266 -0.1484314 -0.3926603 0.9726783 -0.1001383 -0.2094497 0.9487728 -0.1572957 -0.2740222 0.9911806 -0.03468781 -0.1278979 0.7456185 -0.1385527 -0.6518099 0.8373339 -0.02175029 -0.546259 0.7892836 -0.11785 -0.6026133 0.8571931 0.003573547 -0.5149828 0.826334 -0.1344622 -0.546893 0.7983324 0.5288207 -0.2881214 0.8663125 -0.1557987 -0.4745834 0.9281611 -0.01662607 -0.3718071 0.9418329 -0.02379568 -0.335238 0.7162865 0.5427742 -0.4385542 0.8256428 -0.02944713 -0.5634242 0.837704 -0.04726885 -0.5440751 0.51999 -0.04045516 -0.8532138 0.6128648 -0.03657652 -0.7893408 0.5736929 -0.1282782 -0.808963 0.6901938 -0.04660572 -0.7221221 0.3181852 -0.01010338 -0.9479747 0.4260718 -0.03805435 -0.9038886 0.3597969 -0.1178772 -0.9255545 0.08341245 -0.02243826 -0.9962625 0.2137081 -0.04516085 -0.9758531 0.2946652 -0.06845784 -0.9531453 0.08579914 -0.04649234 -0.9952271 0.08363999 -0.04675465 -0.9953986 0.04513528 -0.252695 -0.9664926 0.07776776 -0.3925743 -0.9164266 0.05152075 -0.9551599 -0.2915738 0.2083097 -0.9361765 -0.2831619 -0.04293761 -0.9935317 -0.1051247 0.1349746 -0.265764 -0.9545425 0.1065194 -0.8857816 -0.4517129 -0.00721408 -0.828057 -0.5605975 0.1934215 -0.8064793 -0.5587301 -0.02576474 -0.544502 -0.8383637 0.2252539 -0.2637738 -0.9379147 0.2726335 -0.09245716 -0.9576652 0.3133913 -0.001858262 -0.9496223 0.2436959 -0.4058125 -0.880868 0.3047607 -0.2689504 -0.9136666 0.2511983 -0.5493252 -0.7969575 0.3194867 -0.4153783 -0.8516978 0.3795192 -0.2749207 -0.8833933 0.4319078 -0.091939 -0.8972195 0.2415772 -0.6846053 -0.687718 0.3235738 -0.5631289 -0.7603854 0.3932336 -0.4258898 -0.8148529 0.452121 -0.2813848 -0.8464096 0.495657 -0.1125199 -0.8611988 0.3040159 -0.7012712 -0.6448201 0.3889634 -0.577298 -0.7179377 0.4634844 -0.4365023 -0.7711342 0.5214263 -0.2883398 -0.8031032 0.5114218 -0.02091474 -0.8590753 0.5086771 -0.05806557 -0.8589971 0.6452218 -0.3027921 -0.7014313 0.6860029 -0.1262668 -0.716559 0.724198 -0.005744525 -0.6895682 0.2606877 -0.8236901 -0.5035639 0.3624709 -0.7181019 -0.5940914 0.4504225 -0.5914337 -0.6688242 0.5262108 -0.4476022 -0.7230176 0.5874 -0.295449 -0.7534395 0.6318948 -0.1040017 -0.7680447 0.6906832 -0.01735938 -0.722949 0.5428508 -0.7754843 -0.3223929 0.3858478 -0.8706699 -0.3050499 0.5087936 -0.7638637 -0.3970408 0.3467254 -0.8583849 -0.3780963 0.4680261 -0.7501788 -0.4671009 0.3096061 -0.8436797 -0.4385756 0.4171111 -0.7349037 -0.5347288 0.6820171 -0.6541995 -0.3269184 0.6492236 -0.6444236 -0.4040136 0.6098983 -0.6328783 -0.4769582 0.5606518 -0.6200499 -0.548824 0.5072681 -0.6057239 -0.613007 0.8002589 -0.507078 -0.32009 0.7704912 -0.499439 -0.3961111 0.7341115 -0.4904744 -0.4695904 0.6884033 -0.4807331 -0.5431359 0.6384902 -0.4695741 -0.609779 0.5845429 -0.4585409 -0.6693652 0.8902994 -0.339708 -0.3032581 0.8665137 -0.3332222 -0.371641 0.8317747 -0.3315627 -0.4452158 0.7914568 -0.3252841 -0.5174809 0.7467814 -0.3176362 -0.5843156 0.6982932 -0.3099674 -0.6452185 0.9126573 -0.3426441 -0.2228265 0.8241308 -0.5135462 -0.2389117 0.7081034 -0.6624759 -0.244367 0.5703601 -0.785131 -0.2413682 0.4094593 -0.8824369 -0.231621 0.982376 -0.1869148 -0.0004005686 0.9991185 -0.04197822 0 0.9152701 -0.4028407 8.832919e-05 0.7877024 -0.6160539 -0.001568266 0.8247713 -0.5654464 -0.004771499 0.4052074 -0.9142243 0.0009394958 0.5129308 -0.8584276 -0.002027785 0.6149494 -0.7885575 -0.00379137 0.1854303 -0.9826559 0.001723512 0.041994 -0.9991179 -6.597355e-05 0.05602175 -0.9984295 0 0 0 1 0 0 1 0 0 1 0 0 1 0 0 1 0 0 1 0 0 1 0 0 1 0 0 1 0 0 1 0 0 1 0 0 1 0 0 1 0 0 1 0 0 1 0 0 1 0 0 1 0 0 1 0 0 1 0 0 1 0 0 1 0 0 1 0 0 1 0 0 1 0 0 1 0 0 1 0 0 1 0 0 1 0 0 1 0 0 1 0 0 1 0 0 1 0 0 1 0 0 1 0 0 1 0 0 1 0 0 1 0 0 1 0 0 1 0 0 1 0 0 1 0 0 1 0 0 1 0 0 1 0 0 1 0 0 1 0 0 1 0 0 1 0 0 1 0 0 1 0 0 1 0 0 1 0 0 1 0 0 1 0 0 1 0 0 1 0 0 1 0 0 1 0 0 1 0 0 1 0 0 1 0 0 1 0 0 1 0 0 1 0 0 1 0 0 1 0 0 1 0 0 1 0 0 1 0 0 1 0 0 1 0 0 1 0 0 1 0 0 1 0 0 1 0 0 1 0 0 1 0 0 1 0 0 1 0 0 1 0 0 1 0 0 1 0 0 1 0 0 1 0 0 1 0 0 1 0 0 1 0 0 1 0 0 1 0 0 1 0 0 1 0 0 1 0 0 1 0 0 1 0 0 1 0 0 1 0 0 1 0 0 1 0 0 1 0 0 1 0 0 1 0 0 1 0 0 1 0 0 1 0 0 1 0 0 1 0 0 1 0 0 1 0 0 1 0 0 1 0 0 1 0 0 1 0 0 1 0 0 1 0 0 1 0 0 1 0 0 1 0 0 1 0 0 1 0 0 1 0 0 1 0 0 1 0 0 1 0 0 1 0 0 1 0 0 1 0 0 1 0 0 1 0 0 1 0 0 1 0 0 1 0 0 1 0 0 1 0 0 1 0 0 1 0 0 1 0 0 1 0 0 1 0 0 1 0 0 1 0 0 1 0 0 1 0 0 1 0 0 1 0 0 1 0 0 1 0 0 1 0 0 1 0 0 1 0 0 1 0 0 1 0 0 1 0 0 1 0 0 1 0 0 1 0 0 1 0 0 1 0 0 1 0 0 1 0 0 1 0 0 1 0 0 1 0 0 1 0 0 1 0 0 1 0 0 1 0 0 1 0 0 1 0 0 1 0 0 1 0 0 1 0 0 1 0 0 1 0 0 1 0 0 1 0 0 1 0 0 1 0 0 1 0 0 1 0 0 1 0 0 1 0 0 1 0 0 1 0 0 1 0 0 1 0 0 1 0 0 1 0 0 1 0 0 1 0 0 1 0 0 1 0 0 1 0 0 1 0 0 1 0 0 1 0 0 1 0 0 1 0 0 1 0 0 1 0 0 1 0 0 1 0 0 1 0 0 1 0 0 1 0 0 1 0 0 1 0 0 1 0 0 1 0 0 1 0 0 1 0 0 1 0 0 1 0 0 1 0 0 1 0 0 1 0 0 1 0 0 1 0 0 1 0 0 1 0 0 1 0 0 1 0 0 1 0 0 1 0 0 1 0 0 1 0 0 1 0 0 1 0 0 1 0 0 1 0 0 1 0 0 1 0 0 1 0 0 1 0 0 1 0 0 1 0 0 1 0 0 1 0 0 1 0 0 1 0 0 1 0 0 1 0 0 1 0 0 1 0 0 1 0 0 1 0 0 1 0 0 1 0 0 1 0 0 1 0 0 1 0 0 1 0 0 1 0 0 1 0 0 1 0 0 1 0 0 1 0 0 1 0 0 1 0 0 1 0 0 1 0 0 1 0 0 1 0 0 1 0 0 1 0 0 1 -1 0 0 -1 0 0 -1 0 0 -1 0 0 -1 0 0 -1 0 0 -1 0 0 -1 0 0 -1 0 0 -1 0 0 -1 0 0 -1 0 0 -1 0 0 -1 0 0 -1 0 0 -1 0 0 -1 0 0 -1 0 0 -1 0 0 -1 0 0 -1 0 0 -1 0 0 -1 0 0 -1 0 0 1 6.282331e-16 0 1 6.237775e-16 0 0.9659138 -0.2588639 0 0.9659138 -0.2588639 0 0.8660225 -0.5000051 0 0.8660225 -0.5000051 0 0.7071325 -0.707081 0 0.7071325 -0.707081 0 0.4999978 -0.8660267 0 0.4999978 -0.8660267 0 0.2588225 -0.9659249 0 0.2588225 -0.9659249 0 -3.208e-16 -1 0 -3.118889e-16 -1 0 -0.2588225 -0.9659249 0 -0.2588225 -0.9659249 0 -0.4999978 -0.8660267 0 -0.4999978 -0.8660267 0 -0.7071325 -0.707081 0 -0.7071325 -0.707081 0 -0.8660225 -0.5000051 0 -0.8660225 -0.5000051 0 -0.9659138 -0.2588639 0 -0.9659138 -0.2588639 0 -1 6.237775e-16 0 -1 6.326886e-16 0 0 1 0 0 1 0 0 1 0 0 1 0 0 1 0 0 1 0 0 1 0 0 1 0 0 0 -1 0 0 -1 0 0 -1 0 0 -1 0 0 -1 0 0 -1 0 0 -1 0 0 -1 0 0 -1 0 0 -1 0 0 -1 0 0 -1 0 0 -1 0 0 -1 0 0 -1 0 0 -1 0 0 -1 0 0 -1 0 0 -1 0 0 -1 0 0 -1 0 0 -1 0 0 -1 0 0 -1 0 0 -1 0 0 -1 0 0 -1 0 0 -1 0 0 -1 0 0 -1 0 0 -1 0 0 -1 0 0 -1 -1 0 0 -1 0 0 -1 0 0 -1 0 0 -1 0 0 -1 0 0 -1 0 0 -1 0 0 -1 0 0 0 1 0 0 1 0 0 1 0 0 1 0 0 0 -1 0 0 -1 0 0 -1 0 0 -1 0 0 -1 0 0 -1 0 0 -1 0 0 -1 0 0 -1 0 0 -1 0 0 -1 0 0 -1 0 0 -1 0 0 -1 0 0 -1 0 0 -1 0 0 -1 0 0 -1 0 0 -1 0 0 -1 0 0 -1 0 0 -1 0 0 -1 0 0 -1 0 0 -1 0 0 -1 0 0 -1 0 0 -1 0 0 -1 0 0 -1 0 0 -1 0 0 -1 0 0 -1 0 0 -1 0 0 -1 0 0 -1 0 0 -1 0 0 -1 0 0 -1 0 0 -1 0 0 -1 0 0 -1 0 0 -1 0 0 -1 0 0 -1 0 0 -1 0 0 -1 0 0 -1 0 0 -1 0 0 -1 0 0 -1 0 0 -1 0 1 0 0 1 0 0 1 0 0 1 0 0 0 -1 0 0 -1 0 0 -1 0 0 -1 0 0 -1 1 3.208e-16 0 1 3.208e-16 0 0.9659147 -0.2588605 0 0.9659147 -0.2588605 0 0.8660295 -0.4999929 0 0.8660295 -0.4999929 0 0.7071068 -0.7071068 0 0.7071068 -0.7071068 0 0.4999929 -0.8660295 0 0.4999929 -0.8660295 0 0.2588605 -0.9659147 0 0.2588605 -0.9659147 0 3.208e-16 -1 0 3.208e-16 -1 0 -0.2588605 -0.9659147 0 -0.2588605 -0.9659147 0 -0.4999929 -0.8660295 0 -0.4999929 -0.8660295 0 -0.7071068 -0.7071068 0 -0.7071068 -0.7071068 0 -0.8660295 -0.4999929 0 -0.8660295 -0.4999929 0 -0.9659147 -0.2588605 0 -0.9659147 -0.2588605 0 -1 3.118889e-16 0 -1 3.208e-16 0 0 -1 0 0 -1 0 0 -1 0 0 -1 0 0.7619178 -0.6476737 0 0.7619178 -0.6476737 0 0.761929 -0.6476606 -9.753615e-06 0.7619322 -0.6476568 -1.27276e-05 0.7619134 -0.6476789 0 0.7619346 -0.6476539 -1.55962e-05 0.7619324 -0.6476566 -1.397837e-05 0.7619405 -0.647647 -2.007729e-05 0 1 0 0 1 0 -0.222521 0.9749279 0 -0.222521 0.9749279 0 -0.4338852 0.9009682 0 -0.4338852 0.9009682 0 -0.6234913 0.7818303 0 -0.6234913 0.7818303 0 -0.7818303 0.6234913 0 -0.7818303 0.6234913 0 -0.9009682 0.4338852 0 -0.9009682 0.4338852 0 -0.9749279 0.222521 0 -0.9749279 0.222521 0 -1 1.333617e-16 0 -1 1.289163e-16 0 -0.9749279 -0.222521 0 -0.9749279 -0.222521 0 -0.9009682 -0.4338852 0 -0.9009682 -0.4338852 0 -0.7818303 -0.6234913 0 -0.7818303 -0.6234913 0 -0.6234913 -0.7818303 0 -0.6234913 -0.7818303 0 -0.4338852 -0.9009682 0 -0.4338852 -0.9009682 0 -0.222521 -0.9749279 0 -0.222521 -0.9749279 0 0 -1 0 4.445389e-18 -1 0 0 0 -1 0 0 -1 0 0 -1 0 0 -1 0 0 -1 0 0 -1 0 0 -1 0 0 -1 0 0 1 0 0 1 0 0 1 -1 0 0 -1 0 0 -0.9978616 -0.06536207 0 -1 0 0 -1 0 0 -1 0 0 -0.9978616 -0.06536207 0 0.8660332 -0.4999866 0 0.8660265 -0.4999981 1.821963e-05 0.8658307 -0.5003371 1.443403e-05 0.8660022 -0.5000403 4.374783e-05 0.8656236 -0.5006954 0 0 0 -1 0 0 -1 0 0 -1 0 0 -1 0 0 -1 0 0 -1 0 0 -1 0 0 -1 -0.8656236 -0.5006954 0 -0.8660022 -0.5000403 4.374783e-05 -0.8658307 -0.5003371 1.443403e-05 -0.8660265 -0.4999981 1.821963e-05 -0.8660332 -0.4999866 0 0 0 1 0 0 1 0 0 1 -0.0521013 -0.002844284 -0.9986378 -0.04964535 -0.04072963 -0.9979361 -0.1085142 -0.006602286 -0.994073 -0.1065567 -0.03254028 -0.993774 -0.1149454 -0.01443158 -0.993267 -0.998774 -0.02375044 -0.04343368 -0.9968398 -0.05598384 -0.05635798 -0.9942609 0.0003313172 -0.1069822 -0.991367 -0.06076588 -0.1161848 -0.9398149 -0.0599511 -0.3363834 -0.9427203 -0.02679944 -0.3325059 -0.9734521 -0.06108322 -0.2205898 -0.9478331 0.003749916 -0.3187449 -0.9469984 0.009408831 -0.3211004 -0.9472517 0.04301619 -0.3175907 -0.9808391 -0.04748744 -0.1889434 -0.9923341 9.12969e-05 -0.1235841 -0.84964 0.005851181 -0.5273306 -0.913177 -0.01985106 -0.4070795 -0.9443652 -0.04467589 -0.3258503 -0.7178938 0.01633761 -0.6959609 -0.8410802 -0.05467315 -0.5381403 -0.7802563 -0.05254786 -0.6232486 -0.7106021 0.004621959 -0.7035789 -0.6950809 0.02578996 -0.7184688 -0.7223428 0.09763925 -0.6846075 -0.7974083 -0.00564777 -0.6034137 -0.8464675 -0.02250887 -0.5319644 -0.8997903 -0.05954541 -0.4322405 -0.8466295 -0.01784914 -0.5318833 -0.8478517 -0.01356118 -0.53006 -0.4998347 0.04077795 -0.8651603 -0.5877424 0.0716853 -0.8058661 -0.5254807 -0.02945441 -0.8502955 -0.3235031 -0.01841602 -0.9460479 -0.3390385 -0.002715601 -0.9407686 -0.4242152 -0.02362585 -0.9052532 -0.4519387 -0.02942825 -0.8915635 -0.5272745 -0.0507296 -0.8481793 -0.5386301 -0.0008819005 -0.8425419 -0.5442925 -0.01883072 -0.8386841 -0.6146491 -0.0345128 -0.7880453 -0.6358367 -0.05667309 -0.7697401 -0.6888954 -0.03549126 -0.7239914 -0.1141229 -0.01394924 -0.9933687 -0.1156595 0.004817013 -0.9932772 -0.213145 -0.01226565 -0.9769436 -0.1310259 0.01799447 -0.9912156 -0.2398629 -0.03252781 -0.9702617 -0.3086557 -0.03385066 -0.9505713 -0.3478924 0.01335434 -0.9374393 -0.338167 -0.009533545 -0.9410378 -0.3368048 -0.009747263 -0.941524 0.0441086 -0.9432845 -0.3290423 0.02675213 -0.9428597 -0.3321142 -0.03607191 -0.9371875 -0.3469558 -0.03379786 -0.9911352 -0.1284866 -0.0001063837 -0.9942787 -0.106817 -0.02974332 -0.9942392 -0.1029742 0.0236657 -0.998784 -0.04324849 -0.06253173 -0.9962985 -0.05898451 -0.02397863 -0.9417925 -0.3353384 -0.0008149933 -0.9468265 -0.3217436 0.001996748 -0.975995 -0.2177839 -0.001547128 -0.9467403 -0.3219944 -0.03934846 -0.9472888 -0.3179554 0.049567 -0.9809867 -0.1876384 -0.0001251457 -0.9923351 -0.1235759 -0.04109634 -0.9024547 -0.42882 -0.01208783 -0.8411642 -0.5406447 -0.0005689991 -0.8492756 -0.5279495 -0.02193483 -0.8373127 -0.5462841 -0.04742369 -0.8376717 -0.5441113 0.01647757 -0.8474796 -0.5305721 0.01911003 -0.846127 -0.5326386 -0.0460719 -0.8369707 -0.5453049 0.02246576 -0.8457821 -0.5330553 0.02017061 -0.9117094 -0.4103402 -0.03764048 -0.7747987 -0.6310865 -0.02256487 -0.699355 -0.7144182 0.03551314 -0.6904467 -0.722511 -0.01752774 -0.6906201 -0.7230053 -0.04670732 -0.6901728 -0.7221357 0.0550635 -0.6383739 -0.7677544 -0.01086605 -0.6652725 -0.7465216 0.01838003 -0.5438805 -0.8389614 -0.003659053 -0.7104781 -0.7037098 -0.02490755 -0.6949679 -0.7186093 -0.01617252 -0.7174205 -0.6964526 -0.09663088 -0.7223564 -0.6847363 0.006006095 -0.7963287 -0.6048343 -0.0409785 -0.5000126 -0.865048 -0.07178731 -0.5878711 -0.8057631 0.0002413481 -0.5396993 -0.8418578 -0.01405131 -0.3481241 -0.9373431 0.009643161 -0.3369025 -0.9414902 -0.06871266 -0.2946575 -0.9531293 -0.0101821 -0.3182518 -0.9479515 -0.002112926 -0.3133127 -0.9496477 -0.02162587 -0.3002134 -0.9536269 -0.02684653 -0.1644865 -0.9860139 -0.5848487 -0.384868 -0.7140228 0.01782533 -0.293173 -0.9558932 0.01056333 -0.3360625 -0.9417805 0.002403454 -0.3393027 -0.9406742 -0.03821927 -0.4259385 -0.9039445 0.02913319 -0.4525866 -0.8912444 -0.05833036 -0.5086149 -0.859016 0.05032023 -0.527473 -0.8480802 -0.0211482 -0.5113784 -0.8590954 0.0002218885 -0.5242647 -0.8515553 0.4175793 -0.6305657 -0.6542281 0.013829 -0.1151296 -0.9932542 -0.02234302 -0.08343166 -0.996263 0.03182706 -0.1067889 -0.9937722 -0.0463444 -0.08578728 -0.995235 0.04032148 -0.05001767 -0.9979341 -0.04675557 -0.08363737 -0.9953988 0.01333854 -0.1142802 -0.993359 -0.005595106 -0.1159642 -0.9932376 -0.04540647 -0.2135385 -0.9758789 -0.7759222 -0.09090282 -0.6242447 -0.6852436 0.04428998 -0.7269661 -0.6697502 -0.1678686 -0.7233636 -0.6666864 -0.09002603 -0.7398814 -0.6565386 -0.02217545 -0.7539664 -0.5366463 -0.1716786 -0.8261581 -0.5331043 -0.0860952 -0.8416575 -0.5234634 0.09960157 -0.8462066 -0.3998994 -0.1577485 -0.902882 -0.9409672 -0.04435776 -0.3355789 -0.9448617 -0.03490381 -0.3256042 -0.9155351 -0.138946 -0.3774778 -0.8260372 0.003255711 -0.5636062 -0.80334 -0.1300908 -0.5811379 -0.3354117 -0.0158596 -0.9419381 -0.09023284 -0.02387062 -0.9956346 -0.07836949 -0.1931708 -0.9780303 -0.1084406 -0.09133577 -0.9898982 -0.2468974 -0.9687355 -0.0243579 -0.353973 -0.9350382 -0.02016755 -0.3496745 -0.927556 -0.1317866 -0.9977342 -0.06202779 -0.02605766 -0.9884378 -0.08922188 -0.1225974 -0.9873702 -0.1541855 -0.03642666 -0.9703803 -0.2373589 -0.04497659 -0.9723694 -0.23196 -0.02631094 -0.9572255 -0.2579542 -0.131069 -0.9355459 -0.3519696 -0.0295174 -0.888816 -0.4383283 -0.1336951 -0.8876137 -0.4599461 -0.02432128 -0.7907778 -0.5965101 -0.1372815 -0.8247024 -0.5646971 -0.03135505 -0.886749 -0.4617464 -0.02159909 -0.6720031 -0.7278717 -0.1364355 -0.7486268 -0.6621218 -0.03395127 -0.7494572 -0.6612253 -0.03309056 -0.5235464 -0.8410091 -0.136392 -0.5748646 -0.8150057 -0.07277646 -0.6603586 -0.7497221 -0.04293328 -0.3561042 -0.934151 -0.02348837 -0.4660448 -0.8842726 -0.0293966 -0.5637819 -0.825578 -0.02389366 -0.1219746 -0.9923498 -0.01908155 -0.1474353 -0.9813417 -0.1234153 -0.1109349 -0.9933737 -0.03003672 -0.1484017 -0.9076438 -0.3926318 -0.100117 -0.9726727 -0.2094858 -0.1572827 -0.9487764 -0.2740174 -0.1385405 -0.7456236 -0.6518067 -0.1178461 -0.7892917 -0.6026034 -0.1344309 -0.8263187 -0.5469238 -0.1558045 -0.866292 -0.4746189 -0.04045072 -0.5200024 -0.8532065 -0.1282807 -0.5737099 -0.8089506 -0.1178737 -0.3598084 -0.9255505 -0.2527108 -0.04508296 -0.966491 -0.3925884 -0.07781763 -0.9164163 -0.9551531 -0.05170264 -0.2915637 -0.9362057 -0.2082405 -0.2831161 -0.9935395 0.04262602 -0.105177 -0.265792 -0.1350024 -0.9545308 -0.88564 -0.1065555 -0.4519819 -0.8281128 0.006586951 -0.5605227 -0.8065 -0.1934228 -0.5586997 -0.5446657 0.02561129 -0.8382621 -0.2638081 -0.2252134 -0.9379148 -0.09248242 -0.2726251 -0.9576651 -0.4058334 -0.2436335 -0.8808757 -0.2689587 -0.3047284 -0.9136749 -0.5493087 -0.2511368 -0.7969882 -0.4153775 -0.3194701 -0.8517044 -0.2749571 -0.3795416 -0.8833724 -0.09190218 -0.4319033 -0.8972255 -0.6846364 -0.2416861 -0.6876487 -0.5631394 -0.3235612 -0.7603829 -0.4258709 -0.393221 -0.8148688 -0.2813666 -0.4521501 -0.8464001 -0.1125732 -0.4956607 -0.8611897 -0.7013023 -0.3039458 -0.6448194 -0.5773604 -0.3888286 -0.7179605 -0.4364615 -0.4634685 -0.7711668 -0.2883239 -0.5214378 -0.8031014 -0.302795 -0.6452156 -0.7014357 -0.1262325 -0.6859945 -0.716573 -0.8236819 -0.2606098 -0.5036176 -0.7181477 -0.3623677 -0.5940989 -0.5914788 -0.4504098 -0.6687928 -0.4476049 -0.5262626 -0.7229783 -0.2953539 -0.5874007 -0.7534762 -0.1039918 -0.6319112 -0.7680325 -0.775446 -0.5429262 -0.3223579 -0.8706934 -0.3857012 -0.305168 -0.7638698 -0.508714 -0.397131 -0.8583625 -0.3466993 -0.3781711 -0.7502462 -0.4679505 -0.4670685 -0.8436959 -0.309741 -0.4384491 -0.7349333 -0.417132 -0.5346719 -0.654205 -0.6819756 -0.326994 -0.6444611 -0.649264 -0.4038887 -0.6329253 -0.6099038 -0.4768889 -0.6200794 -0.5606368 -0.5488059 -0.605747 -0.5072868 -0.6129688 -0.5070971 -0.8002712 -0.320029 -0.4995391 -0.7704322 -0.3960996 -0.4904826 -0.7340539 -0.4696719 -0.4806889 -0.6884307 -0.5431403 -0.4695393 -0.6384865 -0.6098097 -0.4584969 -0.5846188 -0.6693291 -0.3396779 -0.8903243 -0.3032186 -0.3331985 -0.8665604 -0.3715533 -0.3315681 -0.8317621 -0.4452353 -0.3252693 -0.7914029 -0.5175726 -0.3175925 -0.7467995 -0.5843162 -0.3099666 -0.6983346 -0.645174 -0.3426639 -0.912656 -0.2228013 -0.5134986 -0.8241917 -0.2388038 -0.662536 -0.7080006 -0.2445019 -0.7851476 -0.5703597 -0.2413153 -0.8824693 -0.4094964 -0.2314319 -0.1869093 -0.9823771 -0.0004041522 -0.04197572 -0.9991186 0 -0.4028672 -0.9152584 8.928385e-05 -0.6138138 -0.7894471 0.002410369 -0.7881516 -0.6154732 -0.003136348 -0.9142835 -0.4050738 0.0009510635 -0.7091199 -0.7050879 -0.0003312761 -0.5656194 -0.8246527 -0.004762454 -0.9826351 -0.1855402 0.001749747 -0.9991144 -0.04207666 -3.941515e-05 -0.9984268 -0.05607105 0 -0.9911789 0.03469715 -0.1279078 -0.9899821 0.01188062 -0.140692 -0.9942379 0.02974238 -0.1029877 -0.9942782 1.532906e-05 -0.1068213 -0.9962982 0.06254169 -0.05897846 -0.998784 -0.02368956 -0.0432358 -0.9584284 0.06234119 -0.2784397 -0.8478657 0.518798 -0.1094189 -0.9756702 -0.0002751135 -0.219243 -0.9418342 0.02378864 -0.3352348 -0.9432552 -0.04423717 -0.329109 -0.9428671 -0.0267452 -0.332094 -0.928151 0.01656238 -0.3718353 -0.9466396 1.948018e-05 -0.3222942 -0.9466879 8.03159e-06 -0.3221521 -0.8572353 -0.003548127 -0.5149127 -0.8373152 0.02194593 -0.5462799 -0.8491585 0.0001978826 -0.528138 -0.7985868 -0.5281725 -0.2886052 -0.9116808 -0.02020277 -0.4104023 -0.6993818 0.02240596 -0.714397 -0.6906508 0.01736158 -0.72298 -0.5443298 -0.01767526 -0.838685 -0.690208 0.04653948 -0.7221128 -0.6657589 0.01204844 -0.7460696 -0.7104561 0.003520372 -0.7037327 -0.6950031 0.02471786 -0.7185817 -0.8371796 0.04681795 -0.5449206 -0.7173963 0.01601727 -0.6964812 -0.7742804 0.03858684 -0.6316652 -0.6389686 -0.05596605 -0.7671942 -0.6912673 -0.03530782 -0.721736 -0.7332446 0.1046012 -0.6718712 -0.7173429 0.5775593 -0.3896722 -0.8288022 0.003129382 -0.559533 -0.8376626 0.04742341 -0.5441253 -0.8461274 -0.01915876 -0.5326362 -0.8474769 -0.01654406 -0.5305744 -0.6233279 -0.5212227 -0.5829145 -0.5242568 -0.0001966795 -0.8515602 -0.5275354 -0.050102 -0.8480543 -0.5000141 0.0411547 -0.8650388 -0.5878972 0.07191613 -0.8057326 -0.5397358 -8.815891e-05 -0.8418345 -0.2947103 0.06841182 -0.9531347 -0.1165251 0.006328985 -0.9931676 -0.3002908 0.02137995 -0.9536081 -0.3133909 0.001859666 -0.9496224 -0.3370091 -0.009850944 -0.9414498 -0.3181881 0.0101025 -0.9479738 -0.3481555 0.01361903 -0.9373379 -0.2004225 -0.2642602 -0.9433967 -0.2155355 -0.2926673 -0.9316063 -0.1255405 0.01137068 -0.9920233 -0.2738584 0.2373626 -0.9320196 -0.5113641 0.02113057 -0.8591043 -0.5086284 0.05826554 -0.8590124 -0.4525989 -0.02894171 -0.8912444 -0.425978 0.03819034 -0.9039271 -0.3393384 -0.002215814 -0.9406618 -0.3361706 -0.01045095 -0.9417431 -0.2137544 0.04522706 -0.9758399 -0.08337459 0.02244026 -0.9962656 -0.1142935 -0.01326308 -0.9933585 -0.1151556 -0.01372751 -0.9932526 -0.1068307 -0.03172744 -0.9937709 -0.08576095 0.04637505 -0.9952359 -0.05007311 -0.04025844 -0.9979338 -0.08363764 0.04675527 -0.9953988 -0.04071582 0.04965939 -0.997936 -0.09092937 0.7758975 -0.6242715 0.04426884 0.6852552 -0.7269564 -0.1678854 0.6697692 -0.723342 -0.09002603 0.6666864 -0.7398814 -0.02216944 0.6565782 -0.7539321 -0.1716796 0.5366457 -0.8261583 -0.0860952 0.5331043 -0.8416575 0.09960157 0.5234634 -0.8462066 -0.1577485 0.3998994 -0.902882 -0.04435776 0.9409672 -0.3355789 -0.03490381 0.9448617 -0.3256042 -0.138946 0.9155351 -0.3774778 0.003255711 0.8260372 -0.5636062 -0.013634 0.8478444 -0.5300698 -0.1300811 0.8033234 -0.581163 -0.002696498 0.3390464 -0.9407658 -0.009732649 0.3368091 -0.9415226 -0.0158596 0.3354117 -0.9419381 -0.01392144 0.114132 -0.9933681 -0.0144035 0.1149549 -0.9932663 -0.02387062 0.09023284 -0.9956346 -0.03251269 0.1065661 -0.9937739 -0.1931708 0.07836949 -0.9780303 -0.09133577 0.1084406 -0.9898982 -0.9687373 0.2468901 -0.02435688 -0.9350382 0.353973 -0.02016755 -0.927556 0.3496745 -0.1317866 -0.06202779 0.9977342 -0.02605766 -0.08922188 0.9884378 -0.1225974 -0.1541855 0.9873702 -0.03642666 -0.2373589 0.9703803 -0.04497659 -0.23196 0.9723694 -0.02631094 -0.2579542 0.9572255 -0.131069 -0.3519696 0.9355459 -0.0295174 -0.4383283 0.888816 -0.1336951 -0.4599461 0.8876137 -0.02432128 -0.5965101 0.7907778 -0.1372815 -0.5646971 0.8247024 -0.03135505 -0.4617464 0.886749 -0.02159909 -0.7278717 0.6720031 -0.1364355 -0.6633363 0.747644 -0.0318333 -0.6612253 0.7494572 -0.03309056 -0.8410091 0.5235464 -0.136392 -0.8150057 0.5748646 -0.07277646 -0.7487488 0.6616143 -0.04051793 -0.934151 0.3561042 -0.02348837 -0.8842726 0.4660448 -0.0293966 -0.825578 0.5637819 -0.02389366 -0.9923439 0.1220226 -0.01907902 -0.9813417 0.1474354 -0.1234148 -0.9933674 0.1109916 -0.03003566 -0.9076438 0.1484017 -0.3926318 -0.9726727 0.100117 -0.2094858 -0.9487764 0.1572827 -0.2740174 -0.7456236 0.1385405 -0.6518067 -0.7892917 0.1178461 -0.6026034 -0.8263187 0.1344309 -0.5469238 -0.866292 0.1558045 -0.4746189 -0.5200024 0.04045072 -0.8532065 -0.5737097 0.1282811 -0.8089506 -0.3598084 0.1178737 -0.9255505 0.004848974 0.1156726 -0.9932756 -0.04038381 0.2429629 -0.9691946 0.008158341 0.1219275 -0.9925055 -0.03383747 0.3086608 -0.9505701 -0.04508296 0.2527108 -0.966491 0.01336946 0.3478969 -0.9374375 -0.009518887 0.3381709 -0.9410366 0.0407902 0.4998374 -0.8651582 -0.05071593 0.5272774 -0.8481783 -0.07781763 0.3925884 -0.9164163 -0.02941494 0.4519412 -0.8915626 0.02576013 0.6950763 -0.7184743 0.004591798 0.7105975 -0.7035838 0.01632464 0.7178666 -0.6959893 -0.03583406 0.6878228 -0.7249936 -0.05506843 0.6348543 -0.7706669 -0.01788699 0.8466033 -0.5319238 -0.0225503 0.8464656 -0.5319657 -0.005700638 0.7974113 -0.6034092 -0.04754834 0.9808416 -0.1889153 0.04290121 0.9472524 -0.3176041 -0.05170264 0.9551531 -0.2915637 -0.2082405 0.9362057 -0.2831161 -0.02375008 0.998774 -0.04343367 0.04262602 0.9935395 -0.105177 8.291279e-05 0.9923341 -0.1235844 -0.1350024 0.265792 -0.9545308 -0.1065555 0.88564 -0.4519819 0.006586951 0.8281128 -0.5605227 -0.1934228 0.8065 -0.5586997 -0.01881807 0.544296 -0.8386821 0.02561129 0.5446657 -0.8382621 0.07169742 0.5877446 -0.8058634 -0.2252134 0.2638081 -0.9379148 -0.2726251 0.09248242 -0.9576651 -0.243638 0.4058306 -0.8808757 -0.3047355 0.2689629 -0.9136713 0.09760951 0.7223401 -0.6846146 -0.2511368 0.5493087 -0.7969882 -0.3194699 0.4153722 -0.851707 -0.3795433 0.2749521 -0.8833732 -0.4319039 0.09190593 -0.8972248 -0.2416776 0.6846379 -0.6876503 -0.3235603 0.5631481 -0.7603768 -0.393221 0.4258709 -0.8148688 -0.4521429 0.2813649 -0.8464045 -0.4956582 0.1125755 -0.8611908 -0.02645604 0.9428178 -0.3322568 -0.04468263 0.9443647 -0.325851 -0.01988859 0.9131824 -0.4070654 -0.3039282 0.701296 -0.6448345 -0.3888195 0.5773657 -0.7179611 -0.4634685 0.4364615 -0.7711668 -0.5214378 0.2883239 -0.8031014 -0.6452156 0.302795 -0.7014357 -0.6859945 0.1262325 -0.716573 -0.2606098 0.8236819 -0.5036176 -0.3623677 0.7181477 -0.5940989 -0.4504098 0.5914788 -0.6687928 -0.5262626 0.4476049 -0.7229783 -0.5874007 0.2953539 -0.7534762 -0.6319112 0.1039918 -0.7680325 -0.5429262 0.775446 -0.3223579 -0.3857012 0.8706934 -0.305168 -0.508714 0.7638698 -0.397131 -0.3466993 0.8583625 -0.3781711 -0.4679505 0.7502462 -0.4670685 -0.309741 0.8436959 -0.4384491 -0.417132 0.7349333 -0.5346719 -0.6819756 0.654205 -0.326994 -0.649264 0.6444611 -0.4038887 -0.6099038 0.6329253 -0.4768889 -0.5606368 0.6200794 -0.5488059 -0.5072868 0.605747 -0.6129688 -0.8002712 0.5070971 -0.320029 -0.7704322 0.4995391 -0.3960996 -0.7340539 0.4904826 -0.4696719 -0.6884307 0.4806889 -0.5431403 -0.6384865 0.4695393 -0.6098097 -0.5846188 0.4584969 -0.6693291 -0.8903243 0.3396779 -0.3032186 -0.8665604 0.3331985 -0.3715533 -0.8317621 0.3315681 -0.4452353 -0.7914029 0.3252693 -0.5175726 -0.7467995 0.3175925 -0.5843162 -0.6983346 0.3099666 -0.645174 -0.912656 0.3426639 -0.2228013 -0.8241917 0.5134986 -0.2388038 -0.7080006 0.662536 -0.2445019 -0.5703597 0.7851476 -0.2413153 -0.4094964 0.8824693 -0.2314319 -0.002479506 0.05236466 -0.998625 -0.005743223 0.1085085 -0.9940789 -0.04829757 0.9972412 -0.05636703 0.0003229198 0.9942614 -0.106977 -0.05134829 0.9920495 -0.1148961 -0.05263212 0.9402672 -0.3363443 -0.0002223733 0.9464914 -0.3227289 -0.05121474 0.9737068 -0.2219734 0.003896986 0.947884 -0.3185919 0.005705736 0.8496266 -0.5273539 -0.04800086 0.8414454 -0.5382058 -0.04629993 0.7806299 -0.6232763 -0.02537427 0.5255154 -0.8504056 -0.02978687 0.6150992 -0.7878869 -0.05234841 0.9002022 -0.4323144 -0.0008581383 0.5386356 -0.8425384 -0.01548959 0.3238304 -0.9459883 -0.01016004 0.2133422 -0.9769247 -0.02038609 0.4247192 -0.9050956 -0.9823771 0.1869093 -0.0004041733 -0.9991186 0.04197572 0 -0.9152584 0.4028672 8.928385e-05 -0.7876775 0.6160858 -0.00155471 -0.8246527 0.5656194 -0.004762454 -0.6153616 0.7882387 -0.003136332 -0.4050738 0.9142835 0.0009510635 -0.1855402 0.9826351 0.001749747 -0.04207653 0.9991144 -3.958394e-05 0.0001666667 1 0 5.530809e-06 1 -8.407088e-06 0.0001611359 1 -2.88564e-07 0 1 -8.695652e-06 0.9978616 -0.06536207 0 0.9978616 -0.06536207 0 1 0 0 1 0 0 1 0 0 1 0 0 1 0 0 0.9815856 0.1025353 -0.1611715 0.9990399 0.02352474 -0.03695816 0.9991104 0.02651847 -0.0327907 0.5128897 0.3970589 -0.76111 0.4032995 0.4185037 -0.8137593 0.4013368 0.4914621 -0.7729125 0.04199186 0.701696 -0.711238 0.04199215 0.7431543 -0.6678011 0.1874811 0.7317581 -0.6552716 0.0308227 0.7783249 -0.6271047 0.256227 0.7385935 -0.6235603 0.4002104 0.6819587 -0.6121797 0.198293 0.755581 -0.6243214 0.1106433 0.7751538 -0.6220086 0.1860693 0.5272166 -0.8291085 0.1823296 0.4454648 -0.876537 0.0818618 0.4514485 -0.8885341 0.04210472 0.5361381 -0.8430796 0.04209229 0.4792276 -0.8766807 0.04179156 0.4470173 -0.8935486 0.2872768 0.4489956 -0.846094 0.6191578 0.3526453 -0.7016302 0.6121612 0.4243124 -0.6672463 0.6999708 0.3435292 -0.6261219 0.7862767 0.3315856 -0.5213636 0.7865489 0.2908149 -0.5447637 0.9131466 0.2187725 -0.3439505 0.9080883 0.1871964 -0.3746106 0.863717 0.2501366 -0.4375211 0.9822532 0.09918304 -0.1591899 0.9571249 0.1548882 -0.2447887 0.9571505 0.1551326 -0.2445339 0.9955871 0.06235387 -0.07013043 0.9989307 0.03171808 -0.03363649 0.9948948 0.07946936 -0.06220135 0.9825339 0.1198925 -0.1423126 0.9573938 0.2060969 -0.20229 0.9118195 0.2642729 -0.3142372 0.9594877 0.217823 -0.1787079 0.9616464 0.2564085 -0.09742074 0.9285283 0.2844041 -0.2386411 0.8723417 0.3615475 -0.3290949 0.7839954 0.4566286 -0.4205252 0.7486394 0.5109006 -0.4225158 0.6032192 0.6244802 -0.4961361 0.6116636 0.5869948 -0.5303817 0.5379441 0.664671 -0.5184869 0.459791 0.7000435 -0.5463802 0.37159 0.7189951 -0.5873388 0.3703875 0.6549765 -0.6586493 0.7859881 0.4010694 -0.4704955 0.6119131 0.5131114 -0.6018962 0.4012173 0.5942416 -0.6970664 0.1859638 0.6374032 -0.747753 0.04203113 0.6475771 -0.7608399 0 1 0 0 1 0 0 1 0 0 1 0 0 1 0 -0.03266352 0.9994664 0 -0.0280183 0.9996074 0 -0.05586033 0.9968703 0.05593914 0.05586862 0.9968695 0.05594556 0.0280183 0.9996074 0 -0.03266352 0.9994664 0 0 1 0 0 1 0 0 1 0 0 1 0 0.03266352 0.9994664 0 0 1 0 0 1 0 0 1 0 0 1 0 0 1 0 0 1 0 0.03266352 0.9994664 0 0 1 0 0 1 0 0 1 0 0 1 0 0 1 0 -8.911114e-18 1 0 8.911114e-18 1 0 -0.2588197 0.9659257 0 -0.2588197 0.9659257 0 -0.4999999 0.8660255 0 -0.4999999 0.8660255 0 -0.7071068 0.7071068 0 -0.7071068 0.7071068 0 -0.8660255 0.4999999 0 -0.8660255 0.4999999 0 -0.9659257 0.2588197 0 -0.9659257 0.2588197 0 -1 0 0 -1 0 0 -0.9659257 -0.2588197 0 -0.9659257 -0.2588197 0 -0.8660255 -0.4999999 0 -0.8660255 -0.4999999 0 -0.7071068 -0.7071068 0 -0.7071068 -0.7071068 0 -0.4999999 -0.8660255 0 -0.4999999 -0.8660255 0 -0.2588197 -0.9659257 0 -0.2588197 -0.9659257 0 8.911114e-18 -1 0 -8.911114e-18 -1 0 0 0 1 0 0 1 0 0 1 0 0 1 0 0 1 0.1255072 0.9919084 -0.0191225 0.1144849 0.9929423 -0.03096324 0.181249 0.9834371 -0.0005270675 0.06234608 0.996315 -0.05890185 0.03994804 0.9992018 -7.994893e-06 0.3964322 0.918064 -3.658157e-05 0.3559263 0.9342126 -0.02373426 0.3536171 0.9351758 -0.02002866 0.246873 0.9687491 -0.02406052 0.6102544 0.7921931 -0.004422126 0.570327 0.8205561 -0.03761442 0.5091294 0.8606876 -0.002014375 0.5643923 0.8251889 -0.02290212 0.4662506 0.8841687 -0.02925934 0.8248784 0.5644503 -0.03116958 0.7857383 0.6185505 -0.003268287 0.8864168 0.4623904 -0.02145481 0.9131982 0.4075145 0.0009279564 0.8873766 0.4604003 -0.02438106 0.7506996 0.659813 -0.03311942 0.7483964 0.6624939 -0.03169607 0.661582 0.7487942 -0.0402061 0.9357148 0.3515221 -0.02949747 0.9824548 0.1864919 0.001799366 0.9724654 0.2315625 -0.02626333 0.9991041 0.04231907 -7.992833e-05 0.9987682 0.02361638 -0.04363988 0.9978251 0.06060194 -0.02593128 0.9875688 0.1529103 -0.03641946 0.9702557 0.2378183 -0.04523659 0.05488266 0.9984908 -0.002012535 0.04843288 0.997248 -0.05613022 0.02937143 0.9942349 -0.1031225 0.04817435 0.9925588 -0.1118315 0.04975682 0.03997473 -0.9979611 0.002421385 0.05430293 -0.9985216 0.04595423 0.08352132 -0.9954458 0.004705429 0.111586 -0.9937436 0.04416094 0.08293828 -0.9955757 0.0008814702 0.3116273 -0.950204 0.02041785 0.3001665 -0.9536683 0.01641971 0.3295255 -0.9440039 0.06794487 0.2952711 -0.9529945 0.01052425 0.219771 -0.9754947 0.04491789 0.2115415 -0.9763363 0.02147295 0.08101633 -0.9964814 0.02561286 0.5324336 -0.8460842 0.02093389 0.512221 -0.8585985 0.05850495 0.509366 -0.858559 0.02074374 0.4308961 -0.9021631 0.03849079 0.4258107 -0.9039932 0.009554001 0.3166803 -0.9484842 0.03507277 0.6064266 -0.7943656 0.02024891 0.5146893 -0.8571376 0.008594204 0.5199795 -0.8541355 0.02089041 0.6995361 -0.7142918 0.01619811 0.6912863 -0.7223994 0.04867547 0.8426668 -0.5362307 0.0457817 0.6910306 -0.7213742 0.04728314 0.7824126 -0.6209629 0.03015423 0.6220192 -0.7824212 0.04030036 0.9019561 -0.4299432 0.008901799 0.8416895 -0.5398884 0.05292273 0.940781 -0.3348586 0.01838651 0.8376128 -0.5459549 0.04587189 0.8388503 -0.542426 0.05293295 0.9011921 -0.4301754 0.04761478 0.8378967 -0.543748 0.03874176 0.7737166 -0.6323461 0.03488944 0.9911679 -0.1279411 0.05140943 0.9753983 -0.2143719 0.04739824 0.9736728 -0.2229678 0.02393271 0.9418787 -0.3350995 0.03675799 0.9373744 -0.3463785 0.776883 0.09003933 -0.6231739 0.6861985 -0.03857645 -0.7263907 0.6699389 0.168224 -0.7231061 0.6666914 0.08962316 -0.7399258 0.6573934 0.01657718 -0.7533652 0.536654 0.1721685 -0.8260512 0.5319761 0.08701937 -0.8422761 0.5221719 -0.09503273 -0.847529 0.3996614 0.1580415 -0.9029361 0.9406379 0.04465485 -0.3364615 0.9443659 0.03364074 -0.3271718 0.9155867 0.1384592 -0.3775316 0.8249133 -0.0038701 -0.565246 0.8457985 0.01527159 -0.5332838 0.8033893 0.1296935 -0.5811585 0.3404372 0.001626861 -0.9402658 0.3418006 0.01020521 -0.9397171 0.3364976 0.01699876 -0.9415309 0.1138133 0.01377175 -0.9934067 0.1134871 0.01301988 -0.9934542 0.0900103 0.0238143 -0.9956561 0.1063201 0.03145357 -0.9938343 0.07789798 0.1937855 -0.9779464 0.1095338 0.09274032 -0.9896472 0.1178425 0.3598171 -0.9255511 0.1308329 0.5745666 -0.8079331 0.3496896 0.9275572 -0.1317376 0.9884938 0.08834887 -0.1227779 0.9572841 0.2577506 -0.1310414 0.8888051 0.4383283 -0.1337674 0.790858 0.596389 -0.1373456 0.671814 0.7280734 -0.1362902 0.5236009 0.8409841 -0.1363374 0.1480308 0.9811233 -0.1244348 0.1483838 0.907747 -0.3923999 0.157213 0.9487334 -0.274206 0.1385393 0.7458636 -0.6515323 0.117834 0.7894171 -0.6024415 0.1344795 0.8263296 -0.5468955 0.1555754 0.8662791 -0.4747176 0.1162696 -0.005808548 -0.9932007 0.2436176 0.03971035 -0.9690581 0.1245779 -0.008238109 -0.9921756 0.3075489 0.03280508 -0.9509666 0.2519511 0.04446106 -0.9667181 0.346904 -0.01423537 -0.9377926 0.3411112 0.01075582 -0.9399614 0.4994972 -0.03918253 -0.8654289 0.5256138 0.04875313 -0.8493252 0.3927145 0.07839402 -0.9163131 0.4495513 0.02747213 -0.892832 0.6940895 -0.02273762 -0.7195295 0.7084288 -0.004658685 -0.7057669 0.7179874 -0.01921692 -0.6957908 0.6813896 0.03026729 -0.7312948 0.6260349 0.05126397 -0.7781081 0.8451675 0.01760222 -0.5342116 0.8450582 0.01990157 -0.5343038 0.7954562 0.004807484 -0.6059921 0.8493024 -0.5157866 -0.1124708 0.9584558 -0.05973097 -0.2789171 0.9551848 0.05326241 -0.2911787 0.9362091 0.2080015 -0.2832806 0.9933963 -0.0441759 -0.1058883 0.9900799 -0.01218059 -0.1399765 0.2656998 0.1355647 -0.9544767 0.8860556 0.1059442 -0.4513107 0.8278267 -0.005818781 -0.5609538 0.8064182 0.1933632 -0.5588384 0.5429161 0.01906343 -0.8395706 0.5431968 -0.0230944 -0.8392878 0.585418 -0.0695243 -0.8077451 0.2637989 0.2256818 -0.9378048 0.09241891 0.273137 -0.9575254 0.4056329 0.2439267 -0.8808869 0.2687953 0.3048573 -0.91368 0.7202782 -0.09105193 -0.6876837 0.5493551 0.2514376 -0.7968614 0.4153382 0.3198643 -0.8515756 0.2747956 0.3798138 -0.8833057 0.0920475 0.4321959 -0.8970696 0.6848 0.2417805 -0.6874527 0.5632698 0.3239096 -0.7601379 0.4258587 0.3934715 -0.8147543 0.2813153 0.4521899 -0.8463959 0.1130913 0.4943449 -0.8618779 0.9421237 0.02489369 -0.33434 0.9434844 0.04099467 -0.3288717 0.9123002 0.0187659 -0.409092 0.7014863 0.3038929 -0.6446441 0.5773862 0.3888862 -0.7179086 0.4365281 0.4637449 -0.7709629 0.2883648 0.5218797 -0.8027997 0.3028925 0.6453409 -0.7012783 0.1259844 0.6859336 -0.7166749 0.8237016 0.2606167 -0.5035818 0.718282 0.3621708 -0.5940566 0.5914934 0.4503766 -0.6688023 0.4475402 0.5264089 -0.7229117 0.2952894 0.5875022 -0.7534224 0.1042243 0.6322731 -0.7677031 0.7754072 0.5427844 -0.3226898 0.8706442 0.3857591 -0.3052353 0.7638208 0.5087231 -0.3972136 0.8583112 0.3465948 -0.3783833 0.7502352 0.4678806 -0.4671561 0.8436957 0.3096387 -0.438522 0.7349764 0.417179 -0.5345759 0.6542412 0.6817143 -0.327466 0.6444372 0.649269 -0.4039188 0.6329887 0.6098624 -0.4768576 0.6201972 0.5607402 -0.5485671 0.6058321 0.5074874 -0.6127185 0.5071047 0.8001747 -0.3202582 0.4995797 0.770279 -0.3963464 0.4905836 0.7340633 -0.4695517 0.4807415 0.6884445 -0.5430762 0.4694338 0.6384659 -0.6099125 0.4583941 0.5848108 -0.6692318 0.3393789 0.890378 -0.3033959 0.3330669 0.8665715 -0.3716455 0.3315817 0.831741 -0.4452645 0.3252256 0.7914234 -0.5175687 0.3174897 0.7468098 -0.584359 0.3099834 0.6984739 -0.6450151 0.3425879 0.9126683 -0.222868 0.5134475 0.8241793 -0.2389563 0.6624717 0.7079204 -0.2449081 0.7851476 0.570149 -0.2418127 0.8824124 0.4094187 -0.2317859 -0.01169641 -0.2137589 -0.9768164 -0.01841376 -0.3232723 -0.9461268 -0.02204066 -0.3002934 -0.9535922 -0.05606446 -0.9968347 -0.05636741 -0.06237018 -0.9963062 -0.05902483 -0.02932831 -0.9942273 -0.1032078 -0.0557279 -0.9920606 -0.1127397 -0.002750886 -0.0520382 -0.9986413 -0.04644879 -0.08392979 -0.9953885 -0.005665671 -0.1080626 -0.9941279 -0.04597636 -0.08595879 -0.9952373 -0.002257619 -0.3132663 -0.9496626 -0.06949654 -0.2943292 -0.9531739 -0.0455954 -0.2131032 -0.9759652 -0.02196527 -0.08355795 -0.9962608 -0.0415915 -0.6215459 -0.7822729 0.0006782919 -0.5239284 -0.8517621 -0.02942533 -0.5261552 -0.8498793 -0.02076738 -0.5114638 -0.8590538 -0.05806914 -0.5087651 -0.8589447 -0.0237473 -0.4245714 -0.905083 -0.03821427 -0.4260151 -0.9039086 -0.0103467 -0.3181914 -0.94797 -0.04462609 -0.6982561 -0.7144557 -0.0345805 -0.6160994 -0.786909 -0.04661538 -0.6903416 -0.7219802 -0.04893539 -0.7799707 -0.6238998 -0.01654458 -0.6911883 -0.7224853 -0.05203092 -0.8433491 -0.5348411 -0.02075633 -0.6996603 -0.7141741 -0.04026702 -0.901896 -0.4300723 -0.008645327 -0.8415328 -0.5401369 -0.0600104 -0.9398456 -0.3362872 -0.01851416 -0.8377021 -0.5458135 -0.0457739 -0.8385145 -0.5429532 -0.05961113 -0.8996225 -0.4325806 -0.04744062 -0.8373253 -0.5446428 -0.03849229 -0.7737056 -0.6323748 -0.03471953 -0.9911791 -0.1279006 -7.150183e-06 -0.975695 -0.2191329 -0.05486171 -0.972888 -0.2246755 -0.02393747 -0.9417954 -0.3353332 -0.03669542 -0.9372936 -0.3466038 -0.8660149 0.5000181 0 -0.8660156 0.500017 -1.838895e-06 -0.8660353 0.4999828 -1.456829e-06 -0.8660181 0.5000127 -4.414976e-06 -0.8660562 0.4999467 0 1 0 0 1 0 0 1 0 0 1 0 0 1 0 0 1 0 0 1 0 0 1 0 0 0 0 -1 0 0 -1 0 0 -1 0 0 -1 0 0 -1 0 1 0 0 1 0 0 1 0 0 1 0 0 0 -1 0 0 -1 0 0 -1 0 0 -1 0 0 -1 0 0 -1 0 0 -1 0 0 -1 0 0 -1 0 0 -1 0 0 -1 0 0 -1 0 0 -1 0 0 -1 0 0 -1 0 0 -1 0 0 -1 0 0 -1 0 0 -1 0 0 -1 0 0 -1 0 0 -1 0 0 -1 0 0 -1 0 0 -1 0 0 -1 0 0 -1 0 0 -1 0 0 -1 -0.03054458 0.1267172 -0.9914685 -0.002669378 0.07236203 -0.9973749 -0.1063961 0.132455 -0.9854621 -0.03386407 0.0468575 -0.9983274 -0.08389001 0.0751418 -0.9936378 -0.02236246 0.1960289 -0.9803431 -0.0300092 0.164077 -0.985991 -0.125504 0.2096951 -0.9696787 -0.02768542 0.3038167 -0.9523282 0.03647754 0.2349247 -0.9713289 -0.08896167 0.2628116 -0.9607372 0.03630587 0.2348227 -0.97136 -0.1347431 0.3429888 -0.9296252 -0.02585129 0.3580205 -0.9333558 -0.03903441 0.3856141 -0.9218341 -0.03736405 0.3562326 -0.93365 -0.1576569 0.3859293 -0.908957 -0.04170796 0.4458517 -0.8941346 -0.186951 0.4376846 -0.879478 -0.28123 0.4322976 -0.8567546 -0.3270305 0.3843778 -0.8633104 -0.5036294 0.3628215 -0.7840396 -0.4009537 0.4199286 -0.8141843 -0.2870906 0.447829 -0.8467752 -0.9230142 0.1568729 -0.3513342 -0.8574162 0.2631199 -0.4422729 -0.8810523 0.2390265 -0.4081828 -0.7843633 0.2895368 -0.5485824 -0.7770136 0.2870796 -0.5602099 -0.7090148 0.3359859 -0.6200092 -0.6623594 0.3292628 -0.6729533 -0.6125241 0.3659895 -0.7006183 -0.5123961 0.4101962 -0.7544463 -0.9522263 0.1675566 -0.2553229 -0.9442238 0.2050232 -0.2576955 -0.9822165 0.0991986 -0.1594064 -0.9874338 0.1110364 -0.1124523 -0.9958178 0.06422111 -0.06498054 -0.9832595 0.1813245 -0.01794893 -0.9921854 0.1170605 -0.0431846 -0.9758996 0.1832903 -0.1184253 -0.9942073 0.1021676 -0.03337197 -0.9520314 0.3051864 -0.02230263 -0.9681782 0.2448184 -0.05191337 -0.9518644 0.2803459 -0.1239365 -0.9721799 0.2320338 -0.03204109 -0.9001873 0.4342293 -0.03328323 -0.8749319 0.4677037 -0.1254888 -0.8632849 0.5030811 -0.04060358 -0.8644984 0.5007422 -0.04358598 -0.815555 0.5758962 -0.05668968 -0.8143683 0.5699437 -0.1093999 -0.793134 0.566266 -0.224235 -0.8378107 0.4633445 -0.2887649 -0.770086 0.5464493 -0.3291819 -0.7726433 0.441509 -0.4561711 -0.7275868 0.5279537 -0.4380438 -0.7700276 0.5457192 -0.330527 -0.6231016 0.4641236 -0.6295503 -0.6852436 0.4970612 -0.5323264 -0.6833657 0.4026025 -0.6090341 -0.6845461 0.4990055 -0.5314039 -0.6840774 0.4999182 -0.5311497 -0.5728134 0.4192793 -0.7043363 -0.5728785 0.358185 -0.7372338 -0.4998955 0.368439 -0.7838094 -0.4288578 0.2984013 -0.852665 -0.4301389 0.3154581 -0.8458527 -0.275404 0.2235519 -0.9349744 -0.343433 0.2580483 -0.9030309 -0.4296547 0.3132847 -0.8469059 -0.08229124 0.07449118 -0.9938205 -0.1679137 0.1346953 -0.9765563 -0.2638209 0.1977162 -0.9440905 -0.305182 0.3450845 -0.8875701 -0.4765881 0.34397 -0.8090417 -0.6308503 0.3304369 -0.7020252 -0.7590062 0.3055267 -0.5749462 -0.8616551 0.2712466 -0.4289239 -0.9356468 0.228015 -0.2693962 -0.9964538 0.07631278 -0.03544386 -0.9981719 0.04175397 -0.04369834 -0.2826344 0.3005605 -0.9109233 -0.4516973 0.3240846 -0.8312273 -0.6047139 0.3360818 -0.7220597 -0.7326095 0.3358532 -0.5920185 -0.8357381 0.3248701 -0.4427202 -0.9110812 0.3030868 -0.2794092 -0.2758447 0.2576481 -0.9260276 -0.4385466 0.3064715 -0.8448385 -0.5857313 0.3443703 -0.7337084 -0.708687 0.3691347 -0.6012507 -0.8076219 0.3819417 -0.4492966 -0.8797253 0.3820128 -0.283107 -0.9199517 0.3679275 -0.1353445 -0.9351569 0.3524067 -0.03593229 0 0 1 0 0 1 0 0 1 0 0 1 0 0 1 0 0 1 0 0 1 0 0 1 0 0 1 0 0 1 0 0 1 0 0 -1 0 0 -1 0 0 -1 0 0 -1 0 0 -1 0.7619178 -0.6476737 0 0.7619178 -0.6476737 0 0.7619322 -0.6476568 1.27276e-05 0.761929 -0.6476606 9.801502e-06 0.7619406 -0.647647 2.006358e-05 0.7619346 -0.647654 1.562676e-05 0.7619323 -0.6476566 1.391207e-05 0.7619134 -0.6476789 0 0 -1 0 0 -1 0 0 -1 0 0 -1 0 0 -1 0 1 0 0 1 0 0 1 0 0 1 0 0 0 1 0 0 1 0 0 1 0 0 1 0 0 0 1 0 0 1 0 0 1 0 0 1 0 0 1 0 0 1 0 0 1 0 0 1 0 0 1 0 0 1 0 0 1 0 0 1 -0.8659698 0.5000963 0 -0.8660149 0.5000182 -5.217146e-06 -0.8659945 0.5000536 -1.721486e-06 -0.8660178 0.5000132 -2.172963e-06 -0.8660186 0.5000118 0 0 0 -1 0 0 -1 0 0 -1 0 0 -1 0 0 -1 0 0 -1 0 0 -1 0 0 -1 0 0 -1 0 0 -1 0 0 -1 0 0 -1 0 0 -1 0 0 -1 0 0 -1 0 0 -1 0 0 -1 0 0 -1 0 0 -1 0 0 -1 0 0 -1 0 0 -1 0 0 -1 0 0 -1 0 0 -1 0 0 -1 0 0 -1 0 0 -1 0 0 -1 0 -1 0 0 -1 0 0 -1 0 0 -1 0 0 -1 0 0 -1 0 0 -1 0 0 -1 0 0 -1 0 0 -1 0 0 -1 0 0 -1 0 0 -1 0 0 -1 0 0 -1 0 0 -1 0 0 -1 0 0 -1 0 0 -1 0 0 -1 0 0 -1 0 0 -1 0 1 6.360303e-16 0 1 6.237775e-16 0 0.9659138 -0.2588639 0 0.9659138 -0.2588639 0 0.8660225 -0.5000051 0 0.8660225 -0.5000051 0 0.7071325 -0.707081 0 0.7071325 -0.707081 0 0.4999978 -0.8660267 0 0.4999978 -0.8660267 0 0.2588225 -0.9659249 0 0.2588225 -0.9659249 0 3.118889e-16 -1 0 3.208e-16 -1 0 -0.2588225 -0.9659249 0 -0.2588225 -0.9659249 0 -0.4999978 -0.8660267 0 -0.4999978 -0.8660267 0 -0.7071325 -0.707081 0 -0.7071325 -0.707081 0 -0.8660225 -0.5000051 0 -0.8660225 -0.5000051 0 -0.9659138 -0.2588639 0 -0.9659138 -0.2588639 0 -1 6.237775e-16 0 -1 6.326886e-16 0 -1 -2.227778e-18 0 -1 0 0 -0.9659249 0.2588225 0 -0.9659249 0.2588225 0 -0.8660267 0.4999978 0 -0.8660267 0.4999978 0 -0.707081 0.7071325 0 -0.707081 0.7071325 0 -0.5000051 0.8660225 0 -0.5000051 0.8660225 0 -0.2588639 0.9659138 0 -0.2588639 0.9659138 0 -3.207999e-16 1 0 -3.207999e-16 1 0 0.2588639 0.9659138 0 0.2588639 0.9659138 0 0.5000051 0.8660225 0 0.5000051 0.8660225 0 0.707081 0.7071325 0 0.707081 0.7071325 0 0.8660267 0.4999978 0 0.8660267 0.4999978 0 0.9659249 0.2588225 0 0.9659249 0.2588225 0 1 8.911112e-18 0 1 -8.911112e-18 0 1 0 0 1 0 0 1 0 0 1 0 0 1 0 0 1 0 0 1 0 0 1 0 0 1 0 0 0 1 0 0 1 0 0 1 0 0 1 0 0 -1 0 0 -1 0 0 -1 0 0 -1 0 0.05586033 -0.9968703 0.05593914 0.05605867 -0.9984275 0 0.2225127 -0.9749298 0 0.2221703 -0.9734002 0.05596825 0.4338624 -0.9009792 0 0.4331999 -0.8995624 0.05590428 0.5320127 -0.8467364 3.593912e-07 0.6225232 -0.7805995 0.05593994 0.6234931 -0.7818289 0 0.7818488 -0.6234681 0 0.7806034 -0.6225183 0.05593983 0.8467198 -0.5320391 -1.446869e-06 0.8995513 -0.4332242 0.05589569 0.9009475 -0.4339281 0 0.9749283 -0.2225191 0 0.9734023 -0.2221592 0.05597473 0.9984277 -0.05605534 0 0.9968696 -0.05586595 0.05594607 0 0 1 0 0 1 0 0 1 0 0 1 0 0 1 0 0 1 0 0 1 0 0 1 0 0 1 0 0 1 0 0 1 0 0 1 0 0 1 0 0 1 0 0 1 0 0 1 0 0 1 0 0 1 0 0 1 0 0 1 0 0 1 0 0 1 0 0 1 0 0 1 0 0 1 0 0 1 0 0 1 0 0 1 0 0 1 0 0 -1 0 0 -1 0 0 -1 -1 6.248914e-16 0 -1 6.326886e-16 0 -0.9659138 0.2588639 0 -0.9659138 0.2588639 0 -0.8660225 0.5000051 0 -0.8660225 0.5000051 0 -0.7071325 0.707081 0 -0.7071325 0.707081 0 -0.4999978 0.8660267 0 -0.4999978 0.8660267 0 -0.2588225 0.9659249 0 -0.2588225 0.9659249 0 -3.118889e-16 1 0 -3.118889e-16 1 0 0.2588225 0.9659249 0 0.2588225 0.9659249 0 0.4999978 0.8660267 0 0.4999978 0.8660267 0 0.7071325 0.707081 0 0.7071325 0.707081 0 0.8660225 0.5000051 0 0.8660225 0.5000051 0 0.9659138 0.2588639 0 0.9659138 0.2588639 0 1 6.237775e-16 0 1 6.237775e-16 0 0.222521 -0.9749279 0 0.222521 -0.9749279 0 0.4338852 -0.9009682 0 0.4338852 -0.9009682 0 0.6234913 -0.7818303 0 0.6234913 -0.7818303 0 0.7818303 -0.6234913 0 0.7818303 -0.6234913 0 0.9009682 -0.4338852 0 0.9009682 -0.4338852 0 0.9749279 -0.222521 0 0.9749279 -0.222521 0 1 -8.890778e-18 0 1 4.445389e-18 0 0.9749279 0.222521 0 0.9749279 0.222521 0 0.9009682 0.4338852 0 0.9009682 0.4338852 0 0.7818303 0.6234913 0 0.7818303 0.6234913 0 0.6234913 0.7818303 0 0.6234913 0.7818303 0 0.4338852 0.9009682 0 0.4338852 0.9009682 0 0.222521 0.9749279 0 0.222521 0.9749279 0 0 0 -1 0 0 -1 0.02180339 -0.04528006 -0.9987364 0 0 -1 0 0 -1 0 0 -1 0.03133911 -0.03929737 -0.998736 0 0 -1 0 0 -1 0 0 -1 -0.01117242 -0.04900693 -0.9987359 0 0 -1 -0.03133795 -0.03929706 -0.998736 0.04899394 -0.01117011 -0.9987366 -0.03929753 -0.03133895 -0.998736 -0.04528304 -0.02180695 -0.9987362 0 0 -1 -0.02180689 -0.0452799 -0.9987363 0.04528262 -0.02180739 -0.9987362 0.03929772 -0.03133838 -0.998736 0 0 -1 0 0 -1 0 0 -1 0.05203522 -0.002746638 -0.9986415 -0.04899389 -0.01117055 -0.9987366 0 0 -1 0 0 -1 0.01117423 -0.04900428 -0.9987361 0.03484386 0.05177613 -0.9980507 0 0 -1 0 0 -1 0 0 -1 0 0 -1 0 0 -1 0 0 -1 0 0 -1 0 0 -1 -0.03548771 0.03676193 -0.9986937 0 0 -1 0 0 -1 0 0 -1 0 0 -1 0 0 -1 0.01013437 0.05163378 -0.9986147 -0.009759766 0.04983039 -0.99871 -0.01918429 0.04702715 -0.9987094 -0.02787534 0.04245467 -0.9987095 0.03678426 0.03769944 -0.9986119 0.02887629 0.0439785 -0.9986151 0.01987285 0.048716 -0.998615 0 0 -1 0 0 -1 0 0 -1 0 0 -1 0 0 -1 0 0 -1 0 0 -1 0 0 -1 0 0 -1 0 0 -1 0 0 -1 0 0 -1 0 0 -1 0 0 -1 0 0 -1 0 0 -1 0 0 -1 0 0 -1 0 0 -1 0 0 -1 0 0 -1 0 0 -1 0 0 -1 0 0 -1 0 0 -1 0 0 -1 0 0 -1 0 0 -1 0 0 -1 0 0 -1 0 0 -1 0 0 -1 0 0 -1 0 0 -1 0 0 -1 0 0 -1 0 0 -1 0 0 -1 0 0 -1 0 0 -1 0 0 -1 0 0 -1 0 0 -1 0 0 -1 0 0 -1 0 0 -1 0 0 -1 0 0 -1 0 0 -1 0 0 -1 0 0 -1 0 0 -1 -8.911113e-18 1 0 0 1 0 0.2588203 0.9659255 0 0.2588203 0.9659255 0 0.4999978 0.8660267 0 0.4999978 0.8660267 0 0.7071068 0.7071068 0 0.7071068 0.7071068 0 0.8660267 0.4999978 0 0.8660267 0.4999978 0 0.9659255 0.2588203 0 0.9659255 0.2588203 0 1 -2.673334e-17 0 1 3.11889e-17 0 0.9659255 -0.2588203 0 0.9659255 -0.2588203 0 0.8660267 -0.4999978 0 0.8660267 -0.4999978 0 0.7071068 -0.7071068 0 0.7071068 -0.7071068 0 0.4999978 -0.8660267 0 0.4999978 -0.8660267 0 0.2588203 -0.9659255 0 0.2588203 -0.9659255 0 -8.911113e-18 -1 0 1.782223e-17 -1 0 1 0 0 1 0 0 1 0 0 1 0 0 0 1 0 0 1 0 0 1 0 0 1 0 0.9978616 0.06536207 0 1 0 0 1 0 0 1 0 0 1 0 0 1 0 0 1 0 0 1 0 0 0.9978616 0.06536207 0 1 0 0 1 0 0 1 0 0 1 0 0 1 0 0 1 0 0 1 0 0 1 0 0 1 0 0 1 0 0 1 0 0 1 0 0 1 0 0 1 0 0 1 0 0 1 0 0 1 0 0 1 0 0 1 0 0 1 0 0 1 0 0 0.05117743 -0.2242374 0.9731898 0.09797401 -0.429333 0.8978164 0.1910588 -0.3967115 0.8978399 0.05474078 -0.9776422 0.203025 0.2170417 -0.9508452 0.2208761 0.4231559 -0.8787457 0.220783 0.6080986 -0.7625306 0.220824 0.7625334 -0.6080963 0.2208205 0.8787334 -0.4231809 0.2207841 0.9508464 -0.2170027 0.2209095 0.9737047 -0.05449718 0.2211996 0.9426703 -0.05298274 0.3294927 0.8798584 -0.2008119 0.4307247 0.8130802 -0.3915242 0.4308242 0.7055541 -0.5626666 0.430813 0.5626663 -0.7055546 0.4308123 0.391549 -0.813083 0.4307963 0.2008069 -0.8798717 0.4306998 0.04392499 -0.7826642 0.6208924 0.04699005 -0.8355639 0.5473801 0.05004339 -0.892517 0.4482288 0.05329271 -0.9487267 0.3115728 0.174639 -0.7652085 0.6196427 0.3405487 -0.7070913 0.6197165 0.4893308 -0.613575 0.6197427 0.6135772 -0.4893207 0.6197486 0.7071126 -0.3405481 0.6196925 0.7652317 -0.1746883 0.6196002 0.9004929 -0.05050741 0.4319277 0.8455987 -0.0475408 0.5316979 0.7827672 -0.04393319 0.620762 0.7065506 -0.03974065 0.7065458 0.6125963 -0.1398359 0.7779279 0.5661907 -0.2726944 0.7778598 0.491303 -0.3918276 0.7778769 0.3918265 -0.4912913 0.7778849 0.2726746 -0.5662048 0.7778565 0.1398429 -0.6126148 0.777912 0.02474863 -0.4367017 0.8992659 0.03025086 -0.5367516 0.8431978 0.03547564 -0.6298239 0.7759274 0.03971492 -0.7065489 0.7065489 0.2745595 -0.3442786 0.8978248 0.3442707 -0.2745624 0.8978269 0.3967152 -0.191044 0.8978415 0.4293401 -0.09797887 0.8978124 0.6252935 -0.0352423 0.7795935 0.5320765 -0.02994468 0.8461666 0.4371169 -0.0247396 0.8990644 0.3298906 -0.01857085 0.9438365 0.0997962 -0.2071975 0.9731957 0.1434034 -0.1798188 0.973191 0.1798187 -0.143407 0.9731904 0.207204 -0.09979166 0.9731948 0.2242382 -0.05119192 0.9731889 0.2261315 -0.01293134 0.974011 0.003384522 -0.05813894 0.9983028 0.0063022 -0.111945 0.9936944 0.01292869 -0.2260566 0.9740284 0.01856421 -0.3297808 0.943875 0.01338174 -0.05863304 0.9981899 0.02609308 -0.05417009 0.9981907 0.0375004 -0.04703115 0.9981893 0.04702664 -0.03750168 0.9981894 0.05417104 -0.02608737 0.9981908 0.05862854 -0.01338137 0.9981902 0.05813314 -0.003384377 0.9983031 0 0 -1 0 0 -1 0 0 -1 0 0 -1 0 0 -1 0 0 -1 0 0 -1 0 0 -1 0 0 -1 0 0 -1 0 0 -1 0 0 -1 0 0 -1 0 0 -1 0 0 -1 0 0 -1 0 0 -1 -1 0 0 -1 0 0 -1 0 0 -1 0 0 0.998608 0.05270481 -0.002063168 -0.04010396 -0.9991955 0 -0.05602175 -0.9984295 0 0 0 1 0 0 1 0 0 1 0.9941981 -3.37952e-05 -0.1075647 0.9756672 0.0002817376 -0.2192567 0.9460049 -2.296212e-06 -0.3241525 0.9460754 -1.344244e-05 -0.3239464 0.847456 -2.854568e-05 -0.5308656 0.5378644 7.568168e-05 -0.8430314 0.5238601 0.0003785685 -0.8518042 0.9968278 -0.05610984 -0.05644561 0.9963108 -0.06236614 -0.05895142 0.9942276 -0.02934316 -0.1032013 0.08394766 -0.04643771 -0.9953875 0.1080833 -0.005653306 -0.9941258 0.08586622 -0.04591776 -0.995248 0.2137578 -0.01170429 -0.9768166 0.3233248 -0.01842695 -0.9461086 0.3002757 -0.02201797 -0.9535983 0.3130493 -0.002190093 -0.9497344 0.2943747 -0.06953015 -0.9531574 0.2130587 -0.04558558 -0.9759754 0.08351048 -0.02191301 -0.9962659 0.6903406 -0.05018715 -0.7217417 0.5239966 0.0006896759 -0.8517201 0.5259726 -0.02940179 -0.8499932 0.5114723 -0.02082793 -0.8590473 0.5088004 -0.05805253 -0.858925 0.4246767 -0.02374741 -0.9050336 0.4263082 -0.03832794 -0.9037656 0.3181654 -0.01036738 -0.9479785 0.7543377 -0.05147753 -0.6544652 0.6159551 -0.03455174 -0.7870232 0.6902927 -0.04663126 -0.7220259 0.7774943 -0.04398249 -0.6273501 0.6908131 -0.01722745 -0.7228281 0.8377448 -0.04752931 -0.5439896 0.7739718 -0.03923923 -0.6320031 0.6988895 -0.02215209 -0.7148866 0.9018843 -0.04023173 -0.4301002 0.8416193 -0.008735312 -0.5400006 0.9397884 -0.06019198 -0.3364144 0.8375818 -0.0182924 -0.5460056 0.8385215 -0.04565933 -0.542952 0.899721 -0.05989655 -0.4323362 0.8443974 -0.04770973 -0.5335886 0.9729584 -0.0548661 -0.2243693 0.9418161 -0.02386212 -0.3352805 0.9373573 -0.03668635 -0.3464323 0.9920944 -0.05575397 -0.1124284 0.9911774 -0.03480875 -0.1278893 0.9756949 -8.932779e-06 -0.2191334 0.5000118 -0.8660186 0 0.5000132 -0.8660178 -2.172963e-06 0.5000536 -0.8659945 -1.721486e-06 0.5000182 -0.8660149 -5.217146e-06 0.5000963 -0.8659698 0 0.8660562 0.4999467 0 0.8660181 0.5000127 -4.414976e-06 0.8660353 0.4999828 -1.456829e-06 0.8660156 0.500017 -1.838895e-06 0.8660149 0.5000181 0 0 -1 0 0 -1 0 0 -1 0 0 -1 0 0 0 -1 0 0 -1 0 0 -1 7.091746e-06 -1 -4.000319e-05 0.04231907 -0.9991041 -7.992833e-05 0.9919395 -0.1252636 -0.01910697 0.9929806 -0.1141588 -0.03094075 0.9834379 -0.1812444 -0.0005203444 0.9992018 -0.03994804 -7.994893e-06 0.9180787 -0.3963981 -4.068552e-05 0.9341336 -0.3561376 -0.02367251 0.9351357 -0.3537238 -0.02001577 0.9687634 -0.2468192 -0.02403496 0.7927601 -0.6095285 0.002543246 0.8255218 -0.5638748 -0.02364324 0.8841259 -0.4663383 -0.02915454 0.5645283 -0.8248247 -0.03117563 0.6185752 -0.7857189 -0.003247879 0.461969 -0.8866377 -0.02140667 0.4075015 -0.913204 0.0009448463 0.4601144 -0.8875263 -0.02432558 0.6607348 -0.7498879 -0.03313061 0.6627373 -0.7481541 -0.03232218 0.7080856 -0.7061265 0.0004555224 0.7491574 -0.6611115 -0.04116744 0.8203465 -0.5705649 -0.03856693 0.3520727 -0.9355066 -0.02953494 0.1864968 -0.9824539 0.0018048 0.2320657 -0.9723439 -0.02632083 0.06070422 -0.9978247 -0.02570669 0.1530277 -0.9875591 -0.036187 0.2372747 -0.9704064 -0.04485698 0.05721689 0.9771079 0.2049058 -0.05474078 0.9776422 0.203025 0.05735016 0.9491259 0.3096303 -0.05329271 0.9487267 0.3115728 0.04761667 0.8935157 0.4465002 -0.05004339 0.892517 0.4482288 0.04265316 0.8346163 0.5491779 -0.04699005 0.8355639 0.5473801 0.0439259 0.7826645 0.6208919 -0.04392499 0.7826642 0.6208924 0.03972891 0.70654 0.7065571 -0.03971492 0.7065489 0.7065489 0.0354937 0.6298333 0.7759189 -0.03547564 0.6298239 0.7759274 0.0302265 0.5367703 0.8431868 -0.03025086 0.5367516 0.8431978 0.02471559 0.4366813 0.8992767 -0.02474863 0.4367017 0.8992659 0.01856456 0.3297805 0.9438751 -0.01856421 0.3297808 0.943875 0.01292917 0.2260569 0.9740283 -0.01292869 0.2260566 0.9740284 0.006302111 0.1119451 0.9936944 -0.0063022 0.111945 0.9936944 0.003384395 0.05813884 0.9983028 -0.003384522 0.05813894 0.9983028 -0.7619178 -0.6476737 0 -0.7619178 -0.6476737 0 -0.7619268 -0.6476631 2.42155e-06 -0.7619322 -0.6476568 1.27276e-05 -0.7619337 -0.647655 1.436203e-05 -0.7619326 -0.6476564 5.563464e-06 -0.7619443 -0.6476426 8.481128e-06 -0.761938 -0.64765 1.240328e-05 -0.7619379 -0.6476501 1.802984e-05 -0.7619134 -0.6476789 0 0 0 -1 0 0 -1 0 0 -1 0 0 -1 -0.7619346 -0.6476539 -1.55962e-05 -0.7619134 -0.6476789 0 -0.7619333 -0.6476555 -9.843257e-06 -0.7619272 -0.6476626 -2.621223e-06 -0.76195 -0.6476359 1.284705e-05 -0.7619326 -0.6476564 -5.563464e-06 -0.7619178 -0.6476737 0 -0.7619178 -0.6476737 0 -0.7619322 -0.6476568 -1.27276e-05 -0.7619337 -0.647655 -1.436203e-05 0 0 1 0 0 1 0 0 1 -1 1.298795e-15 0 -1 1.301022e-15 0 -0.9659147 0.2588605 0 -0.9659147 0.2588605 0 -0.8660295 0.4999929 0 -0.8660295 0.4999929 0 -0.7071068 0.7071068 0 -0.7071068 0.7071068 0 -0.4999929 0.8660295 0 -0.4999929 0.8660295 0 -0.2588605 0.9659147 0 -0.2588605 0.9659147 0 -3.208e-16 1 0 -3.118889e-16 1 0 0.2588605 0.9659147 0 0.2588605 0.9659147 0 0.4999929 0.8660295 0 0.4999929 0.8660295 0 0.7071068 0.7071068 0 0.7071068 0.7071068 0 0.8660295 0.4999929 0 0.8660295 0.4999929 0 0.9659147 0.2588605 0 0.9659147 0.2588605 0 1 1.265378e-15 0 1 1.265378e-15 0 0.8660562 -0.4999467 0 0.8660181 -0.5000127 4.414976e-06 0.8660353 -0.4999828 1.456829e-06 0.8660156 -0.500017 1.838895e-06 0.8660149 -0.5000181 0 -1 -2.227778e-18 0 -1 0 0 -0.9659249 0.2588225 0 -0.9659249 0.2588225 0 -0.8660267 0.4999978 0 -0.8660267 0.4999978 0 -0.707081 0.7071325 0 -0.707081 0.7071325 0 -0.5000051 0.8660225 0 -0.5000051 0.8660225 0 -0.2588639 0.9659138 0 -0.2588639 0.9659138 0 -3.207999e-16 1 0 -3.207999e-16 1 0 0.2588639 0.9659138 0 0.2588639 0.9659138 0 0.5000051 0.8660225 0 0.5000051 0.8660225 0 0.707081 0.7071325 0 0.707081 0.7071325 0 0.8660267 0.4999978 0 0.8660267 0.4999978 0 0.9659249 0.2588225 0 0.9659249 0.2588225 0 1 8.911112e-18 0 1 -8.911112e-18 0 -1 0 0 -1 0 0 -1 0 0 -1 0 0 0 0 -1 0 0 -1 0 0 -1 0 0 -1 0 0 -1 1 0 0 1 0 0 1 0 0 1 0 0 0 1 0 0 1 0 0 1 0 0 1 0 0 -1 0 0 -1 0 0 -1 0 0 -1 0 0 1 0 0 1 0 0 1 0 0 1 0 0 1 0 0 1 0 0 1 0 0 1 0 0 -1 0 0 -1 0 0 -1 0 0 -1 0 -0.7619393 0.6476484 0 -0.7619393 0.6476484 0 -0.7619402 0.6476474 -1.204506e-05 -0.7619341 0.6476546 -5.61492e-06 -0.76192 0.6476711 0 -0.7619332 0.6476556 -1.040568e-05 -0.7619386 0.6476492 -1.593261e-05 -0.7619421 0.6476452 -1.425923e-05 -0.7619409 0.6476466 -5.023271e-06 -0.761939 0.6476487 0 -0.8659698 -0.5000963 0 -0.8660149 -0.5000182 5.217146e-06 -0.8659945 -0.5000536 1.721486e-06 -0.8660178 -0.5000132 2.172963e-06 -0.8660186 -0.5000118 0 0 1 0 0 1 0 0 1 0 0 1 0 0 -1 0 0 -1 0 0 -1 0 0 -1 0 -0.8660186 0.5000118 0 -0.8660178 0.5000132 2.172963e-06 -0.8659945 0.5000536 1.721486e-06 -0.8660149 0.5000182 5.217146e-06 -0.8659698 0.5000963 0 -1 0 0 -1 0 0 -1 0 0 -1 0 0 0 0 1 0 0 1 0 0 1 0.8660186 -0.5000118 0 0.8660178 -0.5000132 2.172963e-06 0.8659945 -0.5000536 1.721486e-06 0.8660149 -0.5000182 5.217146e-06 0.8659698 -0.5000963 0 0 0 1 0 0 1 0 0 1 0 0 1 0 0 1 0 0 1 -0.0001666667 1 -8.695652e-06 -5.530809e-06 1 -2.88564e-07 -0.0001611359 1 -8.407088e-06 0 1 0 0 0 1 0 0 1 -0.02609308 0.05417009 0.9981907 -0.0375004 0.04703115 0.9981893 0 0 1 -0.04702621 0.03750164 0.9981894 0 0 1 0 0 1 0 0 1 -0.05813878 -0.003384382 0.9983028 -0.05862887 -0.01337983 0.9981902 -0.003384395 -0.05813884 0.9983028 -0.05417098 -0.02609245 0.9981907 -0.04703115 -0.0375004 0.9981893 0 0 1 0 0 1 0 0 1 0 0 1 0 0 1 -0.05813884 0.003384395 0.9983028 0 0 1 -0.01338174 0.05863304 0.9981899 0.04703237 0.0374999 0.9981892 0.03750168 0.04702664 0.9981894 0 0 1 0 0 1 -0.03750168 -0.04702664 0.9981894 -0.02608719 -0.05417163 0.9981908 -0.0133843 -0.05863395 0.9981898 0.05416484 0.02609055 0.9981911 0 0 1 0 0 1 0.05813385 0.003385289 0.9983031 0 0 1 0 0 1 0 0 1 0 0 1 0 0 1 0 0 1 -0.05863418 0.01338509 0.9981898 -0.05416701 0.02608246 0.9981912 0 0 1 0 0 1 0.0133843 0.05863395 0.9981898 0.02608719 0.05417163 0.9981908 0.05863285 0.01338154 0.9981899 -0.2225559 -0.9749199 0 -0.2221835 -0.9733598 -0.05661464 -0.4338975 -0.9009622 0 -0.4332184 -0.8995087 -0.05662052 -0.6234479 -0.7818649 0 -0.6224409 -0.7806198 -0.05656887 -0.7818338 -0.623487 0 -0.7805775 -0.6224906 -0.05660534 -0.9009746 -0.4338718 0 -0.8995272 -0.43318 -0.05662094 -0.9749334 -0.2224967 0 -0.973369 -0.2221387 -0.05663145 0 1 0 0 1 0 0 1 0 0 1 0 0 0 -1 0 0 -1 0 0 -1 0 0 -1 0 0 -1 0 0 -1 0 0 -1 0 0 -1 0 0 -1 0 0 -1 0 0 -1 0 0 -1 0 0 -1 0 0 -1 0 0 -1 0 0 -1 0 0 -1 0 0 -1 0 -1 0 0 -1 0 0 -1 0 0 -1 0 -0.5000118 -0.8660186 0 -0.5000132 -0.8660178 2.172963e-06 -0.5000536 -0.8659945 1.721486e-06 -0.5000182 -0.8660149 5.217146e-06 -0.5000963 -0.8659698 0 -0.7758951 -0.09101019 -0.6242627 -0.6852717 0.04440383 -0.7269326 -0.669708 -0.1678414 -0.723409 -0.6667433 -0.09010093 -0.739821 -0.6564726 -0.02205223 -0.7540274 -0.536656 -0.1716661 -0.8261544 -0.5332314 -0.08608879 -0.8415777 -0.5233858 0.09935597 -0.8462835 -0.399913 -0.1578277 -0.9028621 -0.9409068 -0.0443491 -0.3357493 -0.9448386 -0.03501043 -0.3256599 -0.9155268 -0.1390053 -0.3774761 -0.8259467 0.003314356 -0.5637385 -0.8032598 -0.1300131 -0.5812661 -0.3350181 -0.01673941 -0.942063 -0.09015435 -0.02400467 -0.9956385 -0.07837916 -0.1931705 -0.9780296 -0.1084042 -0.09133353 -0.9899024 -0.2470995 -0.9686926 -0.02401225 -0.3534401 -0.9352452 -0.01991106 -0.3496528 -0.9275586 -0.1318253 -0.99782 -0.06077614 -0.02571847 -0.9884633 -0.08905069 -0.1225163 -0.987565 -0.1529905 -0.03618475 -0.9704239 -0.2372007 -0.04486958 -0.9723348 -0.2321029 -0.02633191 -0.9571963 -0.2580331 -0.1311268 -0.9355212 -0.352033 -0.02954529 -0.8888241 -0.438286 -0.1337801 -0.8876492 -0.4598753 -0.02436185 -0.7907036 -0.5966006 -0.1373156 -0.8246594 -0.5647673 -0.03122158 -0.8867096 -0.4618285 -0.0214575 -0.6718649 -0.7280161 -0.1363458 -0.7480431 -0.6628902 -0.03175013 -0.7498341 -0.6607948 -0.03315326 -0.5238101 -0.8408704 -0.1362352 -0.5703131 -0.8205204 -0.03859106 -0.6612497 -0.7490744 -0.04045111 -0.3561188 -0.9341418 -0.02363318 -0.4665033 -0.8840396 -0.02913226 -0.5639353 -0.8254811 -0.02362159 -0.1248933 -0.9919844 -0.01920099 -0.1479353 -0.9811627 -0.1242369 -0.1133772 -0.993068 -0.03100972 -0.1484314 -0.9076266 -0.3926603 -0.1001383 -0.9726783 -0.2094497 -0.1572957 -0.9487728 -0.2740222 -0.1385558 -0.7456174 -0.6518105 -0.11785 -0.7892836 -0.6026133 -0.1344622 -0.826334 -0.546893 -0.1557987 -0.8663125 -0.4745834 -0.04045516 -0.51999 -0.8532138 -0.1283417 -0.5738046 -0.8088737 -0.1178772 -0.3597969 -0.9255545 -0.252695 -0.04513528 -0.9664926 -0.3925743 -0.07776776 -0.9164266 -0.9551649 -0.05151721 -0.291558 -0.9361765 -0.2083097 -0.2831619 -0.9935236 0.04294517 -0.1051981 -0.265764 -0.1349746 -0.9545425 -0.8857175 -0.1065793 -0.4518244 -0.8282567 0.006880697 -0.5603065 -0.8064729 -0.1934714 -0.5587221 -0.545468 0.02485894 -0.8377629 -0.2637738 -0.2252539 -0.9379147 -0.09245716 -0.2726335 -0.9576652 -0.4058125 -0.2436959 -0.880868 -0.2689504 -0.3047607 -0.9136666 -0.5493252 -0.2511983 -0.7969575 -0.4153783 -0.3194867 -0.8516978 -0.2749207 -0.3795192 -0.8833933 -0.091939 -0.4319078 -0.8972195 -0.6846053 -0.2415772 -0.687718 -0.5631289 -0.3235738 -0.7603854 -0.4258898 -0.3932336 -0.8148529 -0.2813848 -0.452121 -0.8464096 -0.1125199 -0.495657 -0.8611988 -0.7012712 -0.3040159 -0.6448201 -0.577298 -0.3889634 -0.7179377 -0.4365023 -0.4634844 -0.7711342 -0.2882743 -0.5215014 -0.803078 -0.3027921 -0.6452218 -0.7014313 -0.1261033 -0.6858441 -0.7167397 -0.8236901 -0.2606877 -0.5035639 -0.7181019 -0.3624709 -0.5940914 -0.5914337 -0.4504225 -0.6688242 -0.4476022 -0.5262108 -0.7230176 -0.2953529 -0.5873957 -0.7534805 -0.104105 -0.6319262 -0.7680048 -0.7754843 -0.5428508 -0.3223929 -0.8706699 -0.3858478 -0.3050499 -0.7638637 -0.5087936 -0.3970408 -0.8583849 -0.3467254 -0.3780963 -0.7501788 -0.4680261 -0.4671009 -0.8436797 -0.3096061 -0.4385756 -0.7349037 -0.4171111 -0.5347288 -0.6542518 -0.6819917 -0.3268669 -0.6444826 -0.6491458 -0.4040444 -0.6328783 -0.6098983 -0.4769582 -0.6200499 -0.5606518 -0.548824 -0.6057239 -0.5072681 -0.613007 -0.5070696 -0.8003337 -0.3199163 -0.4994949 -0.7704545 -0.396112 -0.4904442 -0.7340319 -0.4697463 -0.4807331 -0.6884033 -0.5431359 -0.4695741 -0.6384902 -0.609779 -0.4585409 -0.5845429 -0.6693652 -0.339708 -0.8902994 -0.3032581 -0.3331678 -0.8665477 -0.3716105 -0.331513 -0.8317785 -0.4452457 -0.3252841 -0.7914568 -0.5174809 -0.3176362 -0.7467814 -0.5843156 -0.3099674 -0.6982932 -0.6452185 -0.3426441 -0.9126573 -0.2228265 -0.5135462 -0.8241308 -0.2389117 -0.6624759 -0.7081034 -0.244367 -0.785131 -0.5703601 -0.2413682 -0.8824369 -0.4094593 -0.231621 -0.9991041 -0.04231907 -7.992833e-05 -1 0 -8e-05 -1 -2.857863e-06 -2.424916e-05 -0.1813564 -0.9834173 -0.000504073 -0.3963491 -0.9180999 -2.547639e-05 -0.6118298 -0.7909879 -0.001581439 -0.7857147 -0.6185806 -0.003246447 -0.9132003 -0.4075098 0.0009451337 -0.9824545 -0.1864937 0.001800876 -0.04199186 0.701696 -0.711238 -0.04202547 0.6475829 -0.7608352 -0.1859811 0.6374101 -0.7477429 -0.04198209 0.4792284 -0.8766856 -0.03969534 0.7814922 -0.6226509 -0.04159333 0.7428305 -0.6681863 -0.1625558 0.7736576 -0.6123966 -0.1849314 0.7293469 -0.6586755 -0.4679855 0.7006575 -0.5385802 -0.4151189 0.7196648 -0.5565598 -0.401911 0.679536 -0.6137575 -0.3095091 0.7473384 -0.5879536 -0.2320953 0.7647289 -0.6011003 -0.5361262 0.6663207 -0.5182522 -0.613678 0.5851682 -0.530073 -0.6473163 0.6043384 -0.4644962 -0.7823002 0.462925 -0.4167815 -0.7642465 0.489871 -0.4194684 -0.7084205 0.5311277 -0.4648051 -0.9497751 0.2245974 -0.2179066 -0.9452549 0.3209173 -0.05920495 -0.9047093 0.3691161 -0.2127309 -0.8943441 0.396672 -0.2068816 -0.8478687 0.3793145 -0.370458 -0.9133774 0.2639518 -0.3099536 -0.9808154 0.1281396 -0.1469058 -0.9729497 0.1548168 -0.1714664 -0.9990607 0.02720724 -0.03372603 -0.9983717 0.02929164 -0.04894842 -0.9898675 0.1006744 -0.1001347 -0.9990399 0.02352222 -0.03695861 -0.981585 0.1025375 -0.1611735 -0.9131476 0.2187737 -0.3439469 -0.6121539 0.4243095 -0.6672549 -0.786274 0.3315702 -0.5213774 -0.4013495 0.491482 -0.7728933 -0.186078 0.5272385 -0.8290926 -0.04209036 0.5361415 -0.8430781 -0.401203 0.5942265 -0.6970875 -0.611915 0.513097 -0.6019065 -0.7859907 0.40108 -0.4704822 0 0 -1 0 0 -1 0 0 -1 0 0 -1 0 0 -1 0 0 -1 0 0 -1 0 0 -1 0 0 -1 0 0 -1 0 0 -1 0 0 -1 0 0 -1 0 0 -1 0 0 -1 0 0 -1 0 0 -1 0 0 -1 0 0 -1 0 0 -1 0 0 -1 0 0 -1 0 0 -1 0 0 -1 0 0 -1 0 0 -1 0 0 -1 0 0 -1 0 0 -1 0 0 -1 0 0 -1 0 0 -1 0 0 -1 0 0 -1 0 0 -1 0 0 -1 0 0 -1 0 0 -1 0 0 -1 0 0 -1 0 0 -1 0 0 -1 0 0 -1 0 0 -1 0 0 -1 0 0 -1 0 0 -1 0 0 -1 0 0 -1 0 0 -1 0 0 -1 0 0 -1 0 0 -1 0 0 -1 0 0 -1 0 0 -1 0 0 -1 0 0 -1 0 0 -1 0 0 -1 0 0 -1 0 0 -1 0 0 -1 0 0 -1 0 0 -1 0 0 -1 0 0 -1 0 0 -1 0 0 -1 0 0 -1 0 0 -1 0 0 -1 0 0 -1 0 0 -1 0 0 -1 0 0 -1 0 0 -1 0 0 -1 0 0 -1 0 0 -1 0 0 -1 0 0 -1 0 0 -1 0 0 -1 0 0 -1 0 0 -1 0 0 -1 0 0 -1 0 0 -1 0 0 -1 0 0 -1 0 0 -1 0 0 -1 0 0 -1 0 0 -1 0 0 -1 0 0 -1 0 0 -1 0 0 -1 0 0 -1 0 0 -1 0 0 -1 0 0 -1 0 0 -1 0 0 -1 0 0 -1 0 0 -1 0 0 -1 0 0 -1 0 0 -1 0 0 -1 0 0 -1 0 0 -1 0 0 -1 0 0 -1 0 0 -1 0 0 -1 0 0 -1 0 0 -1 0 0 -1 0 0 -1 0 0 -1 0 0 -1 0 0 -1 0 0 -1 0 0 -1 0 0 -1 0 0 -1 0 0 -1 0 0 -1 0 0 -1 0 0 -1 0 0 -1 0 0 -1 0 0 -1 0 0 -1 0 0 -1 0 0 -1 0 0 -1 0 0 -1 0 0 -1 0 0 -1 0 0 -1 0 0 -1 0 0 -1 0 0 -1 0 0 -1 0 0 -1 0 0 -1 0 0 -1 0 0 -1 0 0 -1 0 0 -1 0 0 -1 0 0 -1 0 0 -1 0 0 -1 0 0 -1 0 0 -1 0 0 -1 0 0 -1 0 0 -1 0 0 -1 0 0 -1 0 0 -1 0 0 -1 0 0 -1 0 0 -1 0 0 -1 0 0 -1 0 0 -1 0 0 -1 0 0 -1 0 0 -1 0 0 -1 0 0 -1 0 0 -1 0 0 -1 0 0 -1 0 0 -1 0 0 -1 0 0 -1 0 0 -1 0 0 -1 0 0 -1 0 0 -1 0 0 -1 0 0 -1 0 0 -1 0 0 -1 0 0 -1 0 0 -1 0 0 -1 0 0 -1 0 0 -1 0 0 -1 0 0 -1 0 0 -1 0 0 -1 0 0 -1 0 0 -1 0 0 -1 0 0 -1 0 0 -1 0 0 -1 0 0 -1 0 0 -1 0 0 -1 0 0 -1 0 0 -1 0 0 -1 0 0 -1 0 0 -1 0 0 -1 0 0 -1 0 0 -1 0 0 -1 0 0 -1 0 0 -1 0 0 -1 0 0 -1 0 0 -1 0 0 -1 0 0 -1 0 0 -1 0 0 -1 0 0 -1 0 0 -1 0 0 -1 0 0 -1 0 0 -1 0 0 -1 0 0 -1 0 0 -1 0 0 -1 0 0 -1 0 0 -1 0 0 -1 0 0 -1 0 0 -1 0 0 -1 0 0 -1 0 0 -1 0 0 -1 0 0 -1 0 0 -1 0 0 -1 0 0 -1 0 0 -1 0 0 -1 0 0 -1 0 0 -1 0 0 -1 0 0 -1 0 0 -1 0 0 -1 0 0 -1 0 0 -1 0 0 -1 0 0 -1 0 0 -1 0 0 -1 0 0 -1 0 0 -1 0 0 -1 0 0 -1 0 0 -1 0 0 -1 0 0 -1 0 0 -1 0 0 -1 0 0 -1 0 0 -1 0 0 -1 0 0 -1 0 0 -1 0 0 -1 0 0 -1 0 0 -1 0 0 -1 0 0 -1 0 0 -1 0 0 -1 0 0 -1 0 0 -1 0 0 -1 0 0 -1 0 0 -1 0 0 -1 0 0 -1 0 0 -1 0 0 -1 0 0 -1 0 0 -1 0 0 -1 0 0 -1 0 0 -1 0 0 -1 0 0 -1 0 0 -1 0 0 -1 0 0 -1 0 0 -1 0 0 -1 0 0 -1 0 0 -1 0 0 -1 0 0 -1 0 0 -1 0 0 -1 0 0 -1 0 0 -1 0 0 -1 0 0 -1 0 0 -1 0 0 -1 0 0 -1 0 0 -1 0 0 -1 0 0 -1 0 0 -1 0 0 -1 0 0 -1 0 0 -1 0 0 -1 0 0 -1 0 0 -1 0 0 -1 0 0 -1 0 0 -1 0 0 -1 0 0 -1 0 0 -1 0 0 -1 0 0 -1 0 0 -1 0 0 -1 0 0 -1 0 0 -1 0 0 -1 0 0 -1 -1 6.237775e-16 0 -1 6.237775e-16 0 -0.9659138 0.2588639 0 -0.9659138 0.2588639 0 -0.8660225 0.5000051 0 -0.8660225 0.5000051 0 -0.7071325 0.707081 0 -0.7071325 0.707081 0 -0.4999978 0.8660267 0 -0.4999978 0.8660267 0 -0.2588225 0.9659249 0 -0.2588225 0.9659249 0 3.118889e-16 1 0 3.118889e-16 1 0 0.2588225 0.9659249 0 0.2588225 0.9659249 0 0.4999978 0.8660267 0 0.4999978 0.8660267 0 0.7071325 0.707081 0 0.7071325 0.707081 0 0.8660225 0.5000051 0 0.8660225 0.5000051 0 0.9659138 0.2588639 0 0.9659138 0.2588639 0 1 6.326886e-16 0 1 6.237775e-16 0 0.9659138 -0.2588639 0 0.9659138 -0.2588639 0 0.8660225 -0.5000051 0 0.8660225 -0.5000051 0 0.7071325 -0.707081 0 0.7071325 -0.707081 0 0.4999978 -0.8660267 0 0.4999978 -0.8660267 0 0.2588225 -0.9659249 0 0.2588225 -0.9659249 0 3.118889e-16 -1 0 3.208e-16 -1 0 -0.2588225 -0.9659249 0 -0.2588225 -0.9659249 0 -0.4999978 -0.8660267 0 -0.4999978 -0.8660267 0 -0.7071325 -0.707081 0 -0.7071325 -0.707081 0 -0.8660225 -0.5000051 0 -0.8660225 -0.5000051 0 -0.9659138 -0.2588639 0 -0.9659138 -0.2588639 0 0 0 1 0 0 1 0 0 1 0 0 1 0 0 1 0 0 1 0 0 1 0 0 1 0 0 1 0 0 1 0 0 1 0 0 1 0 0 1 0 0 1 0 0 1 0 0 1 0 0 1 0 0 1 0 0 1 0 0 1 0 0 1 0 0 1 0 0 1 0 0 1 0 0 1 0 0 1 0 0 1 0 0 1 0 0 1 0 0 1 0 -1 0 0 -1 0 0 -1 0 0 -1 0 -0.8660149 -0.5000181 0 -0.8660156 -0.500017 1.838895e-06 -0.8660353 -0.4999828 1.456829e-06 -0.8660181 -0.5000127 4.414976e-06 -0.8660562 -0.4999467 0 0 -1 0 0.06536207 -0.9978616 0 0.06536207 -0.9978616 0 0 -1 0 -0.06536207 -0.9978616 0 -0.06536207 -0.9978616 0 0 -1 0 0 -1 0 0 -1 0 0 -1 0 0 -1 0 0 -1 0 0 -1 0 0 -1 0 0 -1 0 0 -1 0 0 -1 0 0 -1 0 0 -1 0 0 -1 0 0 0 1 0 0 1 0 0 1 0 0 1 -0.8660318 0.499989 0 -0.8660205 0.5000084 9.707977e-06 -0.8660206 0.5000084 4.978628e-06 -0.8660133 0.5000209 6.577695e-06 -0.86601 0.5000267 0 0 -1 0 0 -1 0 0 -1 0 0 -1 0 -0.2225127 0.9749298 0 -0.2221703 0.9734002 0.05596825 -0.4338864 0.9009676 0 -0.4332004 0.8995622 0.05590355 -0.6234894 0.7818318 0 -0.6225229 0.7805998 0.05593933 -0.7818318 0.6234894 0 -0.7806021 0.6225197 0.05594243 -0.9009676 0.4338864 0 -0.8995562 0.4332136 0.05589837 -0.9749298 0.2225127 0 -0.9734045 0.2221519 0.05596646 -0.9984275 0.05605867 0 -0.9968695 0.05586862 0.05594556 -1 1.267606e-15 0 -1 1.265378e-15 0 -0.9659147 0.2588605 0 -0.9659147 0.2588605 0 -0.8660295 0.4999929 0 -0.8660295 0.4999929 0 -0.7071068 0.7071068 0 -0.7071068 0.7071068 0 -0.4999929 0.8660295 0 -0.4999929 0.8660295 0 -0.2588605 0.9659147 0 -0.2588605 0.9659147 0 3.118889e-16 1 0 3.208e-16 1 0 0.2588605 0.9659147 0 0.2588605 0.9659147 0 0.4999929 0.8660295 0 0.4999929 0.8660295 0 0.7071068 0.7071068 0 0.7071068 0.7071068 0 0.8660295 0.4999929 0 0.8660295 0.4999929 0 0.9659147 0.2588605 0 0.9659147 0.2588605 0 1 1.301022e-15 0 1 1.301022e-15 0 -0.2170417 0.9508452 0.2208761 -0.9508533 0.2169974 0.2208848 -0.9771079 0.05721689 0.2049058 -0.879866 0.200848 0.4306923 -0.2008069 0.8798717 0.4306998 -0.174639 0.7652085 0.6196427 -0.9491259 0.05735016 0.3096303 -0.8935157 0.04761667 0.4465002 -0.7652051 0.1746638 0.61964 -0.8346163 0.04265316 0.5491779 -0.7826645 0.0439259 0.6208919 -0.70654 0.03972891 0.7065571 -0.6126275 0.1398338 0.7779036 -0.1398429 0.6126148 0.777912 -0.09797401 0.429333 0.8978164 -0.6298333 0.0354937 0.7759189 -0.5367703 0.0302265 0.8431868 -0.429306 0.09801015 0.8978253 -0.4231559 0.8787457 0.220783 -0.391549 0.813083 0.4307963 -0.3405487 0.7070913 0.6197165 -0.2726746 0.5662048 0.7778565 -0.1910588 0.3967115 0.8978399 -0.05117743 0.2242374 0.9731898 -0.0997962 0.2071975 0.9731957 -0.6080986 0.7625306 0.220824 -0.5626663 0.7055546 0.4308123 -0.4893308 0.613575 0.6197427 -0.3918265 0.4912913 0.7778849 -0.2745595 0.3442786 0.8978248 -0.1434034 0.1798188 0.973191 -0.7625334 0.6080963 0.2208205 -0.7055541 0.5626666 0.430813 -0.6135772 0.4893207 0.6197486 -0.491303 0.3918276 0.7778769 -0.3442707 0.2745624 0.8978269 -0.1798184 0.143408 0.9731904 -0.8787366 0.4231749 0.2207826 -0.8130807 0.3915264 0.4308211 -0.7071099 0.3405524 0.6196932 -0.5661892 0.2726936 0.7778612 -0.3967204 0.1910446 0.897839 -0.2072062 0.09979397 0.9731941 -0.2242374 0.05118193 0.9731896 -0.4366813 0.02471559 0.8992767 -0.3297805 0.01856456 0.9438751 -0.2260569 0.01292917 0.9740283 -0.1119451 0.006302111 0.9936944 0.9968703 0.05586033 0.05593914 0.9734002 0.2221703 0.05596825 0.9737036 0.05449011 0.221206 0.9508464 0.2170274 0.220885 0.9426708 0.05298269 0.3294915 0.8798789 0.2008122 0.4306826 0.2221519 0.9734045 0.05596646 0.2169974 0.9508533 0.2208848 0.200848 0.879866 0.4306923 0.7652029 0.1746703 0.6196409 0.8455987 0.04753889 0.5316982 0.900493 0.05050508 0.4319278 0.1746638 0.7652051 0.61964 0.6125998 0.1398459 0.7779232 0.70655 0.03974055 0.7065464 0.7827672 0.04393178 0.6207621 0.1398338 0.6126275 0.7779036 0.4293397 0.09796951 0.8978137 0.5320766 0.02994548 0.8461665 0.6252936 0.03524351 0.7795934 0.0980107 0.4293053 0.8978256 0.2261313 0.01293295 0.974011 0.2242357 0.05117951 0.9731901 0.3298902 0.01857179 0.9438366 0.437117 0.02474006 0.8990643 0.8995616 0.4332022 0.05590085 0.8787457 0.4231559 0.220783 0.813083 0.391549 0.4307963 0.7070913 0.3405487 0.6197165 0.5662048 0.2726746 0.7778565 0.3967164 0.1910595 0.8978376 0.2071988 0.09979885 0.9731952 0.7806011 0.6225215 0.05593673 0.7625306 0.6080986 0.220824 0.7055546 0.5626663 0.4308123 0.613575 0.4893308 0.6197427 0.4912913 0.3918265 0.7778849 0.3442786 0.2745609 0.8978243 0.1798165 0.1434037 0.9731914 0.6225197 0.7806021 0.05594243 0.6080963 0.7625334 0.2208205 0.5626666 0.7055541 0.430813 0.4893207 0.6135772 0.6197486 0.3918276 0.491303 0.7778769 0.2745624 0.3442707 0.8978269 0.143407 0.1798187 0.9731904 0.4332136 0.8995562 0.05589837 0.4231749 0.8787366 0.2207826 0.3915264 0.8130807 0.4308211 0.3405524 0.7071099 0.6196932 0.2726936 0.5661892 0.7778612 0.1910424 0.3967165 0.8978412 0.09979009 0.2072046 0.9731948 0.05118313 0.2242382 0.9731894 0.9984275 0.05605867 0 0.9749298 0.2225127 0 0.9009518 0.4339193 0 0.8467198 0.5320391 -1.446869e-06 0.7818488 0.6234681 0 0.6234894 0.7818318 0 0.4338864 0.9009676 0 0.2225127 0.9749298 0 -0.05586862 -0.9968695 0.05594556 -0.05721689 -0.9771079 0.2049058 -0.05735016 -0.9491259 0.3096303 -0.04761667 -0.8935157 0.4465002 -0.04265316 -0.8346163 0.5491779 -0.0439259 -0.7826645 0.6208919 -0.03972891 -0.70654 0.7065571 -0.0354937 -0.6298333 0.7759189 -0.0302265 -0.5367703 0.8431868 -0.02471559 -0.4366813 0.8992767 -0.01856456 -0.3297805 0.9438751 -0.01292917 -0.2260569 0.9740283 -0.006302111 -0.1119451 0.9936944 -0.9968705 -0.05585702 0.05593916 -0.9733974 -0.2221801 0.0559775 -0.9776422 -0.05473847 0.2030256 -0.9508364 -0.2170504 0.2209054 -0.2221519 -0.9734045 0.05596646 -0.2169974 -0.9508533 0.2208848 -0.200848 -0.879866 0.4306923 -0.8798667 -0.2007967 0.4307149 -0.7652198 -0.1746344 0.6196302 -0.7826643 -0.04392669 0.6208922 -0.8355638 -0.04699222 0.5473801 -0.8925165 -0.05004397 0.4482298 -0.9487267 -0.05329111 0.3115729 -0.1746638 -0.7652051 0.61964 -0.1398338 -0.6126275 0.7779036 -0.6126216 -0.1398494 0.7779055 -0.4293351 -0.09797334 0.8978154 -0.4367015 -0.02474796 0.899266 -0.5367517 -0.03024983 0.8431978 -0.6298244 -0.03547559 0.775927 -0.7065489 -0.0397162 0.7065489 -0.0980107 -0.4293053 0.8978256 -0.8995587 -0.4332074 0.05590505 -0.8787448 -0.4231559 0.2207866 -0.813086 -0.3915436 0.4307956 -0.7070933 -0.340548 0.6197145 -0.5662029 -0.2726772 0.7778569 -0.396711 -0.1910613 0.8978396 -0.2242381 -0.0511816 0.9731895 -0.2071949 -0.09979746 0.9731961 -0.7805998 -0.6225229 0.05593933 -0.7625306 -0.6080986 0.220824 -0.7055546 -0.5626663 0.4308123 -0.613575 -0.4893308 0.6197427 -0.4912913 -0.3918265 0.7778849 -0.3442786 -0.2745595 0.8978248 -0.1798188 -0.1434034 0.973191 -0.62252 -0.7806018 0.05594303 -0.6080963 -0.7625334 0.2208205 -0.5626666 -0.7055541 0.430813 -0.4893207 -0.6135772 0.6197486 -0.3918276 -0.491303 0.7778769 -0.2745624 -0.3442707 0.8978269 -0.143407 -0.1798187 0.9731904 -0.4332132 -0.8995564 0.0558991 -0.4231749 -0.8787366 0.2207826 -0.3915264 -0.8130807 0.4308211 -0.3405524 -0.7071099 0.6196932 -0.2726936 -0.5661892 0.7778612 -0.1910424 -0.3967165 0.8978412 -0.09979009 -0.2072046 0.9731948 -0.05118313 -0.2242382 0.9731894 -0.111945 -0.006301691 0.9936944 -0.2260566 -0.01292812 0.9740284 -0.3297808 -0.01856387 0.943875 -0.9984277 -0.05605534 0 -0.9749283 -0.2225191 0 -0.9009633 -0.4338952 0 -0.7818318 -0.6234894 0 -0.6234931 -0.7818289 0 -0.5320127 -0.8467364 3.593912e-07 -0.4338624 -0.9009792 0 -0.2225127 -0.9749298 0 -0.05605867 -0.9984275 0 -1 -7.128886e-17 0 -1 3.89861e-17 0 -0.9659255 0.2588204 0 -0.9659255 0.2588204 0 -0.8660229 0.5000044 0 -0.8660229 0.5000044 0 -0.7071068 0.7071068 0 -0.7071068 0.7071068 0 -0.5000044 0.8660229 0 -0.5000044 0.8660229 0 -0.2588204 0.9659255 0 -0.2588204 0.9659255 0 1.960444e-16 1 0 1.158444e-16 1 0 0.2588204 0.9659255 0 0.2588204 0.9659255 0 0.5000044 0.8660229 0 0.5000044 0.8660229 0 0.7071068 0.7071068 0 0.7071068 0.7071068 0 0.8660229 0.5000044 0 0.8660229 0.5000044 0 0.9659255 0.2588204 0 0.9659255 0.2588204 0 1 -3.564443e-17 0 1 7.128886e-17 0 0.9659255 -0.2588204 0 0.9659255 -0.2588204 0 0.8660229 -0.5000044 0 0.8660229 -0.5000044 0 0.7071068 -0.7071068 0 0.7071068 -0.7071068 0 0.5000044 -0.8660229 0 0.5000044 -0.8660229 0 0.2588204 -0.9659255 0 0.2588204 -0.9659255 0 -1.425777e-16 -1 0 -4.455554e-17 -1 0 -0.2588204 -0.9659255 0 -0.2588204 -0.9659255 0 -0.5000044 -0.8660229 0 -0.5000044 -0.8660229 0 -0.7071068 -0.7071068 0 -0.7071068 -0.7071068 0 -0.8660229 -0.5000044 0 -0.8660229 -0.5000044 0 -0.9659255 -0.2588204 0 -0.9659255 -0.2588204 0 0 0 1 0 0 1 0 0 1 0 0 1 0 0 1 0 0 1 0 0 1 0 0 1 0 0 1 0 0 1 0 0 1 0 0 1 0 0 1 0 0 1 0 0 1 0 0 1 0 0 1 0 0 1 0 0 1 0 0 1 0 0 1 0 0 1 0 0 1 0 0 1 0.7619394 0.6476483 -1.110987e-05 0.7619447 0.6476421 0 0.7619433 0.6476438 -4.948217e-06 0.7619327 0.6476562 -1.137847e-05 0.76192 0.6476711 0 0.761934 0.6476547 -5.137302e-06 0.7619393 0.6476484 0 0.7619393 0.6476484 0 0 1 0 0 1 0 0 1 0 0 1 0 0 -1 0 0 -1 0 0 -1 0 0 -1 0 0 -1 0 0 -1 0 0 -1 0 0 -1 0 1 0 0 1 0 0 1 0 0 1 0 0 0 -1 0 0 -1 0 0 -1 0 0 -1 0 -0.8660149 0.5000181 0 -0.8660156 0.500017 -1.838895e-06 -0.8660353 0.4999828 -1.456829e-06 -0.8660181 0.5000127 -4.414976e-06 -0.8660562 0.4999467 0 -0.8660562 -0.4999467 0 -0.8660181 -0.5000127 -4.414976e-06 -0.8660353 -0.4999828 -1.456829e-06 -0.8660156 -0.500017 -1.838895e-06 -0.8660149 -0.5000181 0 0 -1 0 0 -1 0 0 -1 0 0 -1 0 0 1 0 0 1 0 0 1 0 0 1 0 -0.5000118 -0.8660186 0 -0.5000132 -0.8660178 2.172963e-06 -0.5000536 -0.8659945 1.721486e-06 -0.5000182 -0.8660149 5.217146e-06 -0.5000963 -0.8659698 0 0.5000963 -0.8659698 0 0.5000182 -0.8660149 5.217146e-06 0.5000536 -0.8659945 1.721486e-06 0.5000132 -0.8660178 2.172963e-06 0.5000118 -0.8660186 0 1 0 0 1 0 0 1 0 0 1 0 0 -1 0 0 -1 0 0 -1 0 0 -1 0 0 0.2587651 -0.9659403 0 0.2587651 -0.9659403 0 0.5000354 -0.866005 0 0.5000354 -0.866005 0 0.7071068 -0.7071068 0 0.7071068 -0.7071068 0 0.866005 -0.5000354 0 0.866005 -0.5000354 0 0.9659403 -0.2587651 0 0.9659403 -0.2587651 0 0.09100718 -0.7758898 -0.6242698 -0.0443591 -0.6852316 -0.7269732 0.1678083 -0.6696997 -0.7234243 0.0900866 -0.6667413 -0.7398246 0.02203578 -0.6565112 -0.7539943 0.1716958 -0.5366808 -0.8261321 0.0861103 -0.5332468 -0.8415657 -0.09915846 -0.5234076 -0.8462932 0.1577498 -0.399849 -0.9029041 0.04434958 -0.9409041 -0.3357569 0.03500332 -0.9448387 -0.3256602 0.1390032 -0.9155346 -0.3774579 -0.003308554 -0.8259435 -0.5637432 0.1300669 -0.8032538 -0.5812623 0.01682255 -0.335034 -0.9420559 0.02396201 -0.09015388 -0.9956395 0.1931807 -0.07838156 -0.9780274 0.09135608 -0.1084236 -0.9898982 0.9275514 -0.3497127 -0.1317174 0.08907628 -0.9884605 -0.1225206 0.258032 -0.9571967 -0.131126 0.4382917 -0.8888294 -0.1337263 0.596616 -0.7906978 -0.1372822 0.7280871 -0.6717969 -0.1363015 0.8408596 -0.523786 -0.1363939 0.9811505 -0.1479797 -0.1242809 0.9076643 -0.1484084 -0.3925817 0.9726598 -0.1005073 -0.2093588 0.9487646 -0.1573371 -0.2740269 0.7456473 -0.1385014 -0.6517879 0.7893453 -0.1178997 -0.6025228 0.826319 -0.1345289 -0.5468993 0.8662905 -0.1556472 -0.4746733 0.5200123 -0.04039875 -0.8532029 0.5737749 -0.1283101 -0.8088998 0.3598298 -0.1179235 -0.9255358 0.04510608 -0.2527181 -0.966488 0.07775602 -0.3924732 -0.9164708 0.05146372 -0.9551695 -0.2915524 0.2082849 -0.9361793 -0.2831708 -0.04291733 -0.9935252 -0.1051937 0.1349705 -0.2658045 -0.9545318 0.1065957 -0.8857113 -0.4518328 -0.006910148 -0.8282575 -0.560305 0.1934359 -0.8064614 -0.5587508 -0.02484661 -0.545468 -0.8377633 0.2252701 -0.2637834 -0.9379082 0.2726441 -0.09247316 -0.9576606 0.2437699 -0.4058088 -0.8808493 0.3048056 -0.2689249 -0.9136591 0.2511136 -0.5493225 -0.7969861 0.3194527 -0.4153795 -0.85171 0.3794821 -0.2749149 -0.8834111 0.4318442 -0.09196789 -0.8972472 0.2415974 -0.6846237 -0.6876926 0.3235898 -0.5631165 -0.7603876 0.3932596 -0.4258553 -0.8148584 0.4520797 -0.2813947 -0.8464284 0.4955939 -0.1124364 -0.861246 0.3039996 -0.7012888 -0.6448087 0.3890252 -0.577306 -0.7178977 0.4635871 -0.4364786 -0.7710859 0.5215386 -0.2883585 -0.8030236 0.6451424 -0.3027925 -0.7015041 0.6859142 -0.1261217 -0.7166694 0.2607044 -0.8236838 -0.5035656 0.3623953 -0.7180689 -0.5941773 0.4504199 -0.5914348 -0.668825 0.5261713 -0.4475536 -0.7230764 0.5873114 -0.2954475 -0.7535092 0.6319533 -0.1040805 -0.7679858 0.5428657 -0.7754884 -0.3223578 0.3858787 -0.8706569 -0.3050478 0.5088492 -0.7638434 -0.3970084 0.346666 -0.8583703 -0.3781838 0.4679783 -0.7501842 -0.4671402 0.3095876 -0.8436925 -0.4385642 0.4171489 -0.7348968 -0.5347088 0.6819379 -0.6542668 -0.326949 0.649248 -0.6444004 -0.4040112 0.6099043 -0.6328414 -0.4769995 0.5606553 -0.6200496 -0.5488206 0.5072624 -0.6056923 -0.613043 0.8003268 -0.5070981 -0.3198883 0.770403 -0.4994084 -0.3963212 0.7340882 -0.4904929 -0.4696076 0.6884277 -0.4807376 -0.543101 0.6384618 -0.4695294 -0.6098432 0.584514 -0.4585417 -0.6693899 0.8903841 -0.3395959 -0.303135 0.8665259 -0.3330667 -0.3717519 0.8317752 -0.3315635 -0.4452141 0.7914517 -0.3252141 -0.5175326 0.7467384 -0.3175497 -0.5844176 0.6983488 -0.3099944 -0.6451453 0.9126739 -0.3426651 -0.2227261 0.8241571 -0.5135681 -0.2387737 0.7081877 -0.6624016 -0.244324 0.5703217 -0.7851114 -0.2415228 0.4094902 -0.8824213 -0.2316256 0.9659138 -0.2588639 0 0.9659138 -0.2588639 0 0.8660225 -0.5000051 0 0.8660225 -0.5000051 0 0.7071325 -0.707081 0 0.7071325 -0.707081 0 0.4999978 -0.8660267 0 0.4999978 -0.8660267 0 0.2588225 -0.9659249 0 0.2588225 -0.9659249 0 -3.208e-16 -1 0 -3.118889e-16 -1 0 -0.2588225 -0.9659249 0 -0.2588225 -0.9659249 0 -0.4999978 -0.8660267 0 -0.4999978 -0.8660267 0 -0.7071325 -0.707081 0 -0.7071325 -0.707081 0 -0.8660225 -0.5000051 0 -0.8660225 -0.5000051 0 -0.9659138 -0.2588639 0 -0.9659138 -0.2588639 0 1 3.196861e-16 0 1 3.118889e-16 0 0.9659147 -0.2588605 0 0.9659147 -0.2588605 0 0.8660295 -0.4999929 0 0.8660295 -0.4999929 0 0.7071068 -0.7071068 0 0.7071068 -0.7071068 0 0.4999929 -0.8660295 0 0.4999929 -0.8660295 0 0.2588605 -0.9659147 0 0.2588605 -0.9659147 0 -3.208e-16 -1 0 -3.208e-16 -1 0 -0.2588605 -0.9659147 0 -0.2588605 -0.9659147 0 -0.4999929 -0.8660295 0 -0.4999929 -0.8660295 0 -0.7071068 -0.7071068 0 -0.7071068 -0.7071068 0 -0.8660295 -0.4999929 0 -0.8660295 -0.4999929 0 -0.9659147 -0.2588605 0 -0.9659147 -0.2588605 0 -1 3.208e-16 0 -1 3.208e-16 0 -0.9659147 0.2588605 0 -0.9659147 0.2588605 0 -0.8660295 0.4999929 0 -0.8660295 0.4999929 0 -0.7071068 0.7071068 0 -0.7071068 0.7071068 0 -0.4999929 0.8660295 0 -0.4999929 0.8660295 0 -0.2588605 0.9659147 0 -0.2588605 0.9659147 0 -3.208e-16 1 0 -3.208e-16 1 0 0.2588605 0.9659147 0 0.2588605 0.9659147 0 0.4999929 0.8660295 0 0.4999929 0.8660295 0 0.7071068 0.7071068 0 0.7071068 0.7071068 0 0.8660295 0.4999929 0 0.8660295 0.4999929 0 0.9659147 0.2588605 0 0.9659147 0.2588605 0 1 2.227778e-18 0 1 0 0 0.9659249 -0.2588225 0 0.9659249 -0.2588225 0 0.8660267 -0.4999978 0 0.8660267 -0.4999978 0 0.707081 -0.7071325 0 0.707081 -0.7071325 0 0.5000051 -0.8660225 0 0.5000051 -0.8660225 0 0.2588639 -0.9659138 0 0.2588639 -0.9659138 0 3.207999e-16 -1 0 3.207999e-16 -1 0 -0.2588639 -0.9659138 0 -0.2588639 -0.9659138 0 -0.5000051 -0.8660225 0 -0.5000051 -0.8660225 0 -0.707081 -0.7071325 0 -0.707081 -0.7071325 0 -0.8660267 -0.4999978 0 -0.8660267 -0.4999978 0 -0.9659249 -0.2588225 0 -0.9659249 -0.2588225 0 -1 -8.911112e-18 0 -1 8.911112e-18 0 -0.9659249 0.2588225 0 -0.9659249 0.2588225 0 -0.8660267 0.4999978 0 -0.8660267 0.4999978 0 -0.707081 0.7071325 0 -0.707081 0.7071325 0 -0.5000051 0.8660225 0 -0.5000051 0.8660225 0 -0.2588639 0.9659138 0 -0.2588639 0.9659138 0 3.207999e-16 1 0 3.207999e-16 1 0 0.2588639 0.9659138 0 0.2588639 0.9659138 0 0.5000051 0.8660225 0 0.5000051 0.8660225 0 0.707081 0.7071325 0 0.707081 0.7071325 0 0.8660267 0.4999978 0 0.8660267 0.4999978 0 0.9659249 0.2588225 0 0.9659249 0.2588225 0 -0.9659147 0.2588605 0 -0.9659147 0.2588605 0 -0.8660295 0.4999929 0 -0.8660295 0.4999929 0 -0.7071068 0.7071068 0 -0.7071068 0.7071068 0 -0.4999929 0.8660295 0 -0.4999929 0.8660295 0 -0.2588605 0.9659147 0 -0.2588605 0.9659147 0 3.208e-16 1 0 3.208e-16 1 0 0.2588605 0.9659147 0 0.2588605 0.9659147 0 0.4999929 0.8660295 0 0.4999929 0.8660295 0 0.7071068 0.7071068 0 0.7071068 0.7071068 0 0.8660295 0.4999929 0 0.8660295 0.4999929 0 0.9659147 0.2588605 0 0.9659147 0.2588605 0 0.9659249 -0.2588225 0 0.9659249 -0.2588225 0 0.8660267 -0.4999978 0 0.8660267 -0.4999978 0 0.707081 -0.7071325 0 0.707081 -0.7071325 0 0.5000051 -0.8660225 0 0.5000051 -0.8660225 0 0.2588639 -0.9659138 0 0.2588639 -0.9659138 0 -3.207999e-16 -1 0 -3.207999e-16 -1 0 -0.2588639 -0.9659138 0 -0.2588639 -0.9659138 0 -0.5000051 -0.8660225 0 -0.5000051 -0.8660225 0 -0.707081 -0.7071325 0 -0.707081 -0.7071325 0 -0.8660267 -0.4999978 0 -0.8660267 -0.4999978 0 -0.9659249 -0.2588225 0 -0.9659249 -0.2588225 0 0.9997188 -0.01434206 -0.01888546 0.9997852 0.0205853 0.002394806 0.9813474 -0.1922428 0 -0.8390188 0.5441017 -0.0008896846 -0.8393893 0.5435306 -3.374576e-06 -0.8951196 0.4458214 -0.002069121 -0.9444236 0.3287309 -1.485144e-05 -0.9443853 0.3288354 -0.00191135 -0.9784705 0.2063747 -0.002223876 -0.9962087 0.08660661 -0.008213884 -0.9924007 0.1230447 -0.000890003 -0.9997274 -0.02326728 -0.001956642 -0.9840214 -0.1779184 -0.006858001 -0.9997852 0.0205853 0.002394806 0.9848322 -0.1734814 -0.003109642 0.9967373 0.08071438 -9.889464e-06 0.9933313 0.1148538 -0.01007539 0.9784705 0.2063747 -0.002223876 0.9444236 0.3287309 -1.485144e-05 0.9443853 0.3288354 -0.00191135 0.8927304 0.4505585 0.005428616 0.8393893 0.5435306 -3.374576e-06 0.841877 0.5396095 0.008038494 0.9100758 -0.4144419 0 0.9100758 -0.4144419 0 0.7767241 -0.629841 0 0.7767241 -0.629841 0 0.5933517 -0.8049433 0 0.5933517 -0.8049433 0 0.3718969 -0.928274 0 0.3718969 -0.928274 0 0.1267208 -0.9919384 0 0.1267208 -0.9919384 0 0 -1 0 -0.1267208 -0.9919384 0 -0.1267208 -0.9919384 0 -0.3718969 -0.928274 0 -0.3718969 -0.928274 0 -0.5933517 -0.8049433 0 -0.5933517 -0.8049433 0 -0.7767241 -0.629841 0 -0.7767241 -0.629841 0 -0.9100758 -0.4144419 0 -0.9100758 -0.4144419 0 -0.9813474 -0.1922428 0 0.695418 0.7186055 0 0.7079812 0.7062299 -0.001415017 0.8646439 0.5023852 -4.931987e-05 0.9658873 0.2589267 0.00433244 -0.9658873 0.2589267 0.00433244 -0.8659762 0.5000687 0.004065133 -0.7061335 0.7080759 0.002004682 -0.695418 0.7186055 0 -0.4999929 0.8660295 0 -0.4999929 0.8660295 0 -0.2588605 0.9659147 0 -0.2588605 0.9659147 0 -3.208e-16 1 0 -3.118889e-16 1 0 0.2588605 0.9659147 0 0.2588605 0.9659147 0 0.4999929 0.8660295 0 0.4999929 0.8660295 0 0.9997188 -0.01434206 -0.01888546 0.9997852 0.0205853 0.002394806 0.9813474 -0.1922428 0 -0.8390188 0.5441017 -0.0008896846 -0.8393893 0.5435306 -3.374576e-06 -0.8951196 0.4458214 -0.002069121 -0.9444236 0.3287309 -1.485144e-05 -0.9443853 0.3288354 -0.00191135 -0.9784705 0.2063747 -0.002223876 -0.9962087 0.08660661 -0.008213884 -0.9924007 0.1230447 -0.000890003 -0.9997274 -0.02326728 -0.001956642 -0.9840214 -0.1779184 -0.006858001 -0.9997852 0.0205853 0.002394806 0.9848322 -0.1734814 -0.003109642 0.9967373 0.08071438 -9.889464e-06 0.9933313 0.1148538 -0.01007539 0.9784705 0.2063747 -0.002223876 0.9444236 0.3287309 -1.485144e-05 0.9443853 0.3288354 -0.00191135 0.8927304 0.4505585 0.005428616 0.8393893 0.5435306 -3.374576e-06 0.841877 0.5396095 0.008038494 0.9100758 -0.4144419 0 0.9100758 -0.4144419 0 0.7767241 -0.629841 0 0.7767241 -0.629841 0 0.5933517 -0.8049433 0 0.5933517 -0.8049433 0 0.3718969 -0.928274 0 0.3718969 -0.928274 0 0.1267208 -0.9919384 0 0.1267208 -0.9919384 0 -0.1267208 -0.9919384 0 -0.1267208 -0.9919384 0 -0.3718969 -0.928274 0 -0.3718969 -0.928274 0 -0.5933517 -0.8049433 0 -0.5933517 -0.8049433 0 -0.7767241 -0.629841 0 -0.7767241 -0.629841 0 -0.9100758 -0.4144419 0 -0.9100758 -0.4144419 0 -0.9813474 -0.1922428 0 0.695418 0.7186055 0 0.7079812 0.7062299 -0.001415017 0.8646439 0.5023852 -4.931987e-05 0.9658873 0.2589267 0.00433244 -0.9658873 0.2589267 0.00433244 -0.8659762 0.5000687 0.004065133 -0.7061335 0.7080759 0.002004682 -0.695418 0.7186055 0 -0.4999929 0.8660295 0 -0.4999929 0.8660295 0 -0.2588605 0.9659147 0 -0.2588605 0.9659147 0 3.118889e-16 1 0 3.208e-16 1 0 0.2588605 0.9659147 0 0.2588605 0.9659147 0 0.4999929 0.8660295 0 0.4999929 0.8660295 0 -0.9985382 0.05405038 0 -0.9051765 0.4250215 -0.00351094 -0.7855314 0.618776 -0.007532945 -0.9759012 0.2182127 0.0001612234 -0.7623775 0.6449782 -0.05276049 -0.6976192 0.7144245 -0.05408364 -0.6266104 0.7792883 -0.008315992 -0.6262259 0.7778789 -0.05239813 -0.547922 0.8347833 -0.05402215 -0.4358661 0.8999794 -0.007602925 -0.4648215 0.8838273 -0.05282269 -0.3767449 0.9247047 -0.05463108 -0.2228834 0.9748295 -0.005510037 -0.05488108 0.9984909 -0.002011139 -0.1915128 0.9798985 -0.05587348 -0.2860266 0.9566948 -0.05407295 -0.2041867 -0.04658563 -0.9778229 -0.04657699 -0.2041701 -0.9778268 -0.1886906 -0.090869 -0.9778234 -0.1637316 -0.1305727 -0.9778255 -0.1305707 -0.1637375 -0.9778248 -0.09086576 -0.1886786 -0.9778261 -0.9497917 -0.2167809 -0.2256143 -0.2167857 -0.9497921 -0.2256078 -0.8757179 -0.1998914 -0.4395014 -0.1998836 -0.8757359 -0.4394693 -0.7566595 -0.1727128 -0.6305844 -0.1727117 -0.7566912 -0.6305466 -0.136674 -0.5988451 -0.7891164 -0.5988293 -0.1366769 -0.789128 -0.8777413 -0.4227015 -0.225596 -0.8092911 -0.3897414 -0.4394879 -0.6992516 -0.3367266 -0.6306048 -0.5533874 -0.266483 -0.7891446 -0.4105494 -0.09369238 -0.9070121 -0.3794093 -0.1827153 -0.9070081 -0.7616714 -0.6074258 -0.2255896 -0.70227 -0.5600361 -0.4395183 -0.6067802 -0.4838795 -0.6306175 -0.4802188 -0.3829782 -0.7891246 -0.329246 -0.2625661 -0.9070039 -0.6073989 -0.7616904 -0.2255975 -0.5600395 -0.7022523 -0.4395424 -0.4838915 -0.606785 -0.6306036 -0.3829616 -0.480233 -0.789124 -0.2625603 -0.3292476 -0.907005 -0.4227558 -0.8776912 -0.2256895 -0.3897278 -0.8092792 -0.4395219 -0.3367327 -0.6992642 -0.6305876 -0.2664859 -0.5534291 -0.7891144 -0.1827089 -0.3794288 -0.9070012 -0.09370823 -0.4105268 -0.9070207 -0.761939 0.6476487 0 -0.7619421 0.6476452 1.425923e-05 -0.7619409 0.6476466 5.023271e-06 -0.7619402 0.6476474 1.204506e-05 -0.76192 0.6476711 0 -0.7619341 0.6476546 5.61492e-06 -0.7619332 0.6476556 1.040568e-05 -0.7619386 0.6476492 1.593261e-05 -0.7619393 0.6476484 0 -0.7619393 0.6476484 0 0 1 0 0 1 0 0 1 0 0 1 0 0 -1 0 0 -1 0 0 -1 0 0 -1 0 -1 0 0 -1 0 0 -1 0 0 -1 0 0 0 -1 0 0 -1 0 0 -1 0 0 -1 0 1 0 0 1 0 0 1 0 0 1 0 0 1 0 0 1 0 0 1 0 0 1 0 0 1 0 0 1 0 0 1 0 0 1 0 0 1 0 0 1 0 0 1 0 0 1 0 0 1 0 0 1 0 0 1 0 0 1 0 0 1 0 0 1 0 0 1 0 0 1 0 0 0.8660166 -0.5000152 0 0.8660166 -0.5000152 0 0.8660166 -0.5000152 0 0.8660166 -0.5000152 0 0.86601 0.5000267 0 0.8660133 0.5000209 6.577695e-06 0.8660206 0.5000084 4.978628e-06 0.8660205 0.5000084 9.707977e-06 0.8660318 0.499989 0 0 1 0 0 1 0 0 1 0 0 1 0 0 1 0 0 1 0 0 1 0 0 1 0 0 -1 0 0 -1 0 0 -1 0 0 -1 0 0.8660149 0.5000181 0 0.8660156 0.500017 1.838895e-06 0.8660353 0.4999828 1.456829e-06 0.8660181 0.5000127 4.414976e-06 0.8660562 0.4999467 0 0 -1 0 0 -1 0 0 -1 0 0 -1 0 0.8660186 0.5000118 0 0.8660178 0.5000132 -2.172963e-06 0.8659945 0.5000536 -1.721486e-06 0.8660149 0.5000182 -5.217146e-06 0.8659698 0.5000963 0 0.8659698 -0.5000963 0 0.8660149 -0.5000182 -5.217146e-06 0.8659945 -0.5000536 -1.721486e-06 0.8660178 -0.5000132 -2.172963e-06 0.8660186 -0.5000118 0 0 -1 0 0 -1 0 0 -1 0 0 -1 0 0.7619393 0.6476484 0 0.7619402 0.6476474 5.133905e-06 0.7619338 0.6476549 1.094364e-05 0.7619419 0.6476454 2.010938e-05 0.76192 0.6476711 0 0.761934 0.6476547 5.137302e-06 0.7619393 0.6476484 0 0.7619393 0.6476484 0 0 1 0 0 1 0 0 1 0 0 1 0 0.04657782 -0.2041747 -0.9778258 0.2041788 -0.0465764 -0.977825 0.09086598 -0.1886837 -0.977825 0.1305716 -0.1637348 -0.9778251 0.1637312 -0.1305758 -0.9778252 0.1886928 -0.09086583 -0.9778233 0.2222207 -0.9733499 -0.05663901 0.2168838 -0.9497778 -0.2255737 0.9733683 -0.2221426 -0.0566287 0.9497908 -0.2167854 -0.2256135 0.1999096 -0.8757306 -0.4394679 0.8757131 -0.199901 -0.4395068 0.1727115 -0.7566818 -0.6305581 0.7566573 -0.1727151 -0.6305864 0.598833 -0.1366716 -0.7891261 0.1366898 -0.5988411 -0.7891168 0.4331977 -0.8995179 -0.05663288 0.4227044 -0.8777241 -0.2256577 0.3897097 -0.8092779 -0.4395402 0.3367359 -0.6992698 -0.6305797 0.2664839 -0.5534171 -0.7891234 0.09369294 -0.410532 -0.9070199 0.1827219 -0.3794246 -0.9070004 0.6224602 -0.7806037 -0.05657898 0.6074201 -0.7616733 -0.2255986 0.5600422 -0.7022611 -0.439525 0.4838868 -0.6067826 -0.6306096 0.382959 -0.4802347 -0.7891242 0.2625594 -0.329249 -0.9070048 0.7805744 -0.6224952 -0.05659738 0.7616658 -0.6074272 -0.2256046 0.7022672 -0.5600428 -0.4395143 0.6067817 -0.4838849 -0.6306119 0.480222 -0.38297 -0.7891266 0.3292438 -0.2625651 -0.907005 0.8995283 -0.4331784 -0.0566163 0.8777436 -0.4226937 -0.2256018 0.8092973 -0.3897283 -0.4394879 0.6992486 -0.3367307 -0.630606 0.5533863 -0.2664963 -0.7891409 0.3794084 -0.1827101 -0.9070095 0.4105625 -0.09368866 -0.9070065 0.9984267 -0.05607266 -1.424747e-06 0.9749334 -0.2224967 0 0.9009746 -0.4338718 0 0.7818338 -0.623487 0 0.6234479 -0.7818649 0 0.4338975 -0.9009622 0 0.2225559 -0.9749199 0 0.5000118 -0.8660186 0 0.5000132 -0.8660178 -2.172963e-06 0.5000536 -0.8659945 -1.721486e-06 0.5000182 -0.8660149 -5.217146e-06 0.5000963 -0.8659698 0 1 0 0 1 0 0 1 0 0 1 0 0 -0.5000963 -0.8659698 0 -0.5000182 -0.8660149 -5.217146e-06 -0.5000536 -0.8659945 -1.721486e-06 -0.5000132 -0.8660178 -2.172963e-06 -0.5000118 -0.8660186 0 -1 0 0 -1 0 0 -1 0 0 -1 0 0 1 0 0 1 0 0 1 0 0 1 0 0 0 1 0 0 1 0 0 1 0 0 1 0 0 -1 0 0 -1 0 0 -1 0 0 -1 0 -0.8660166 -0.5000152 0 -0.8660166 -0.5000152 0 -0.8660166 -0.5000152 0 -0.8660166 -0.5000152 0 0 1 0 0 1 0 0 1 0 0 1 0 0 -1 0 0 -1 0 0 -1 0 0 -1 0 -1 0 0 -1 0 0 -1 0 0 -1 0 0 -1 0 0 -1 0 0 -1 0 0 -1 0 0 0 1 0 0 1 0 0 1 0 0 1 0 1 0 0 1 0 0 1 0 0 1 0 0 0 -1 0 0 -1 0 0 -1 0 0 -1 0 0 0 1 0 0 1 0 0 1 0 0 1 0 1 0 0 1 0 0 1 0 0 1 0 0 -1 0 0 -1 0 0 -1 0 0 -1 0 -1 0 0 -1 0 0 -1 0 0 -1 0 0 0 1 0 0 1 0 0 1 0 0 1 0 0 1 0 0 1 0 0 1 0 0 1 0 0.8660149 -0.5000181 0 0.8660156 -0.500017 -1.838895e-06 0.8660353 -0.4999828 -1.456829e-06 0.8660181 -0.5000127 -4.414976e-06 0.8660562 -0.4999467 0 0.8660562 0.4999467 0 0.8660181 0.5000127 -4.414976e-06 0.8660353 0.4999828 -1.456829e-06 0.8660156 0.500017 -1.838895e-06 0.8660149 0.5000181 0 0 -1 0 0 -1 0 0 -1 0 0 -1 0 0 0 1 0 0 1 0 0 1 0 0 1 0 0 1 0 0 1 0 0 1 0 0 1 0 0 1 0 0 1 0 1 0 0 1 0 0 1 0 0 1 0 -5.346664e-17 1 0 2.89611e-17 1 0 -0.2588168 0.9659264 0 -0.2588168 0.9659264 0 -0.5000013 0.8660247 0 -0.5000013 0.8660247 0 -0.7071068 0.7071068 0 -0.7071068 0.7071068 0 -0.8660247 0.5000013 0 -0.8660247 0.5000013 0 -0.9659264 0.2588168 0 -0.9659264 0.2588168 0 -1 -8.911106e-18 0 -1 8.911106e-18 0 -0.9659264 -0.2588168 0 -0.9659264 -0.2588168 0 -0.8660247 -0.5000013 0 -0.8660247 -0.5000013 0 -0.7071068 -0.7071068 0 -0.7071068 -0.7071068 0 -0.5000013 -0.8660247 0 -0.5000013 -0.8660247 0 -0.2588168 -0.9659264 0 -0.2588168 -0.9659264 0 -2.673332e-17 -1 0 5.346664e-17 -1 0 0 0 1 0 0 1 0 0 1 0 0 1 0 0 1 0 0 1 0 0 1 0 0 1 0 0 1 0 0 1 0 0 1 0 0 1 0 0 1 0 0 1 0 0 1 0 0 1 0 0 1 0 0 1 0 0 1 0 0 1 0 0 1 0 0 1 0 0 1 0 0 1 0 0 1 0 0 1 0 0 1 0 0 1 0 0 1 -0.680491 0.6972296 -0.225395 -0.5347331 0.8144171 -0.2253561 -0.3679989 0.9021027 -0.2253607 -0.04047791 0.2065349 -0.9776016 -0.1465714 0.1507967 -0.9776386 -0.2947589 0.3019969 -0.9065953 -0.4296102 0.4399322 -0.788603 -0.5425441 0.5558221 -0.6298474 -0.6273614 0.6430903 -0.4391498 -0.1875216 0.9560555 -0.2253744 -0.1729376 0.8816599 -0.4390541 -0.149463 0.76204 -0.6300443 -0.08122101 0.4141426 -0.906581 -0.1183596 0.6034051 -0.7886021 -0.3393668 0.8318987 -0.4390613 -0.2933174 0.7190224 -0.6300569 -0.2322648 0.5693616 -0.7885939 -0.1594019 0.390751 -0.9065896 -0.07949448 0.1948694 -0.9776025 -0.4931288 0.7510353 -0.4390556 -0.4262171 0.6491294 -0.6300555 -0.337501 0.5140155 -0.7885944 -0.2316256 0.3527675 -0.9065896 -0.1155117 0.1759261 -0.9776027 0 -1 0 0 -1 0 0 -1 0 0 -1 0 -0.2587651 0.9659403 0 -0.2587651 0.9659403 0 -0.5000354 0.866005 0 -0.5000354 0.866005 0 -0.7071068 0.7071068 0 -0.7071068 0.7071068 0 -0.866005 0.5000354 0 -0.866005 0.5000354 0 -0.9659403 0.2587651 0 -0.9659403 0.2587651 0 -0.9978616 0.06536207 0 -0.9978616 0.06536207 0 0 -1 0 0 -1 0 0 -1 0 0 -1 0 0 -1 0 0 -1 0 0 -1 0 0 -1 0 0 -1 0 0 -1 0 0 -1 0 0 -1 0 0 -1 0 0 -1 0 0 -1 0 0 -1 0 0 -1 0 0 -1 0 0 -1 0 0 -1 0 0 -1 0 0 -1 0 0 0 -1 0 0 -1 0 0 -1 0 0 -1 0 0 -1 0 0 -1 0 0 -1 0 0 -1 0 0 -1 0 0 -1 0 0 -1 0 0 -1 0 0 -1 0 0 -1 0 0 -1 0 0 -1 0 0 -1 0 0 -1 0 0 -1 0 0 -1 0 0 -1 0 0 -1 0 0 -1 0 0 -1 0 0 -1 0 0 -1 0 0 -1 0 0 -1 0 0 -1 0 0 -1 0 0 -1 0 0 -1 0 0 -1 0 0 -1 0 0 -1 0 0 -1 0 0 -1 0 0 -1 0 0 -1 0 0 -1 0 0 -1 0 0 -1 0 0 -1 0 0 -1 0 0 -1 0 0 -1 0 0 -1 0 0 -1 0 0 1 0 0 1 0 0 1 0 0 1 0 0 1 0 0 1 0 0 1 0 0 1 0 0 1 0 0 1 0 0 1 0 0 1 0 0 1 0 0 1 0 0 1 0 0 1 0 0 1 0 0 1 0 0 1 0 0 1 0 0 1 0 0 1 0 0 1 0 0 1 0 0 1 0 0 1 0 0 1 0 0 1 0 0 1 0 0 1 0 0 1 0 0 1 0 0 1 0 0 1 0 0 1 1 0 0 1 0 0 -0.9659403 -0.2587651 0 -0.9659403 -0.2587651 0 -0.866005 -0.5000354 0 -0.866005 -0.5000354 0 -0.7071068 -0.7071068 0 -0.7071068 -0.7071068 0 -0.5000354 -0.866005 0 -0.5000354 -0.866005 0 -0.2587651 -0.9659403 0 -0.2587651 -0.9659403 0 0 0 1 0 0 1 0 0 1 0 0 1 0 0 1 0 0 1 0 0 1 0 0 1 0 0 1 0 0 1 0 -1 0 0 -1 0 0 -1 0 0 -1 0 0 0 1 0 0 1 0 0 1 0 0 1 0 0 -1 0 0 -1 0 0 -1 0.2588197 -0.9659257 0 0.2588197 -0.9659257 0 0.4999999 -0.8660255 0 0.4999999 -0.8660255 0 0.7071068 -0.7071068 0 0.7071068 -0.7071068 0 0.8660255 -0.4999999 0 0.8660255 -0.4999999 0 0.9659257 -0.2588197 0 0.9659257 -0.2588197 0 1 0 0 1 0 0 0.9659257 0.2588197 0 0.9659257 0.2588197 0 0.8660255 0.4999999 0 0.8660255 0.4999999 0 0.7071068 0.7071068 0 0.7071068 0.7071068 0 0.4999999 0.8660255 0 0.4999999 0.8660255 0 0.2588197 0.9659257 0 0.2588197 0.9659257 0 0 -1 0 0 -1 0 0 -1 0 0 -1 0 0 -1 0 -1 0 0 -1 0 0 -1 0 0 -1 0 0 -1 0 0 -1 0 0 -1 0 0 -1 0 0 -1 0 0 -1 0 0 -1 0 0 -1 0 0 -1 0 0 -1 0 0 -1 0 0 -1 0 0 -1 0 0 -1 0 0 -1 0 0 -1 0 0 -1 0 0 -1 0 0 -1 0 0 -1 0 0 0 0 1 0 0 1 0 0 1 0 0 1 0 0 1 0 0 1 0 0 1 0 0 -1 0 0 -1 0 0 -1 0 0 1 0 0 1 0 0 1 0 0 1 0 0 1 0 0 1 0 0 1 0.8659698 0.5000963 0 0.8660149 0.5000182 5.217146e-06 0.8659945 0.5000536 1.721486e-06 0.8660178 0.5000132 2.172963e-06 0.8660186 0.5000118 0 0 0 -1 0 0 -1 0 0 -1 0 0 -1 0 0 -1 0 0 -1 0 0 -1 0 0 -1 0 0 1 0 0 1 0 0 1 0 0 1 0 0 1 0 0 1 0 0 1 0 0 1 0 0 1 0 0 1 0 0 1 0 0 1 0 0 1 0 0 1 0 0 1 0 0 1 0 0 1 0 0 1 0 0 1 0 0 1 0 0 1 0 0 1 0 0 1 0 0 1 0 0 1 0 0 1 0 0 1 0 0 1 0 0 1 0 0 1 0 0 1 0 0 1 0 0 1 0 0 1 0 0 1 0 0 1 0 0 1 0 0 1 0 0 1 0 0 1 0 0 1 0 0 1 0 0 1 0 0 1 0 0 1 0 0 1 0 0 1 0 0 1 0 0 1 0 0 1 0 0 1 0 0 1 0 0 1 0 0 1 0 0 1 0 0 1 0 0 1 0 0 1 0 0 1 0 0 -1 0 0 -1 0 0 -1 0 0 -1 0 0 -1 0 0 -1 0 0 -1 0 0 -1 0 0 -1 0 0 -1 0 0 -1 0 0 -1 0 0 -1 0 0 -1 0 0 -1 0 0 -1 0 0 -1 0 0 -1 0 0 -1 0 0 -1 0 0 -1 0 0 -1 0 0 -1 0 0 -1 0 0 -1 0 0 -1 0 0 -1 0 0 -1 0 0 -1 0 0 -1 1 3.196861e-16 0 1 3.118889e-16 0 0.9659147 -0.2588605 0 0.9659147 -0.2588605 0 0.8660295 -0.4999929 0 0.8660295 -0.4999929 0 0.7071068 -0.7071068 0 0.7071068 -0.7071068 0 0.4999929 -0.8660295 0 0.4999929 -0.8660295 0 0.2588605 -0.9659147 0 0.2588605 -0.9659147 0 -3.208e-16 -1 0 -3.208e-16 -1 0 -0.2588605 -0.9659147 0 -0.2588605 -0.9659147 0 -0.4999929 -0.8660295 0 -0.4999929 -0.8660295 0 -0.7071068 -0.7071068 0 -0.7071068 -0.7071068 0 -0.8660295 -0.4999929 0 -0.8660295 -0.4999929 0 -0.9659147 -0.2588605 0 -0.9659147 -0.2588605 0 -1 3.208e-16 0 -1 3.208e-16 0 0 -1 0 0 -1 0 0 -1 0 0 -1 0 0 -1 0 0 0 -1 0 0 -1 0 0 -1 0 0 -1 0 0 -1 0 0 -1 0 0 -1 0 0 -1 0 0 -1 0 0 -1 0 0 -1 0 0 -1 0 0 -1 0 0 -1 0 0 -1 0 0 -1 0 0 -1 0 0 -1 0 0 -1 0 0 -1 0 0 -1 0 0 -1 0 0 -1 0 0 -1 -0.2417287 0.190101 -0.9515402 -0.2295117 0.2219615 -0.947659 -0.0588803 0.251939 -0.9659502 0.9512132 0.3030192 -0.05807671 0.9278533 0.3698072 -0.0482797 0.9059755 0.3813605 -0.1837733 0.9023281 0.4289069 -0.04292792 0.8636349 0.4704754 -0.1810735 0.8625248 0.5033264 -0.05209067 0.8621941 0.5038876 -0.05214008 0.8162212 0.5750491 -0.05569144 0.9645086 0.1968344 -0.1760095 0.9915661 0.1190032 -0.05133111 0.981655 0.1843288 -0.0487472 0.9692739 0.2414432 -0.0470445 0.9413251 0.2877775 -0.176327 0.9658699 0.2525156 -0.05771638 0.9743261 0.1399299 -0.1763753 0.993861 0.1044806 -0.0363888 0.996453 0.07970366 -0.02699505 0.9277101 0.1943737 -0.318705 0.8465634 0.2537997 -0.4678847 0.7140061 0.3179835 -0.6237642 0.5883819 0.3447411 -0.7314099 0.4377261 0.3657998 -0.821332 0.2653941 0.382666 -0.8849478 0.1015287 0.382062 -0.9185426 0.02710151 0.3935837 -0.9188892 0.03992277 0.2901327 -0.9561533 -0.006417299 0.3556132 -0.9346112 0.08051787 0.3346943 -0.9388805 0.01012611 0.3582327 -0.9335774 0.06573445 0.1219259 -0.9903601 0.01047117 0.1598432 -0.9870869 0.08250697 0.1901304 -0.9782858 0.008219987 0.194397 -0.9808885 -0.08318968 0.02950093 -0.996097 0.07721929 0.07561952 -0.9941423 0.002210266 0.08351417 -0.9965041 0.1703519 0.1352514 -0.976057 0.2146214 0.1956907 -0.9568923 0.2633661 0.1994357 -0.9438557 0.3426231 0.2602857 -0.9026964 0.3673326 0.2680735 -0.8906196 0.4258161 0.3197954 -0.846411 0.5079422 0.3298359 -0.7957405 0.4258325 0.320414 -0.8461688 0.6315993 0.3815525 -0.6749074 0.7373263 0.4231743 -0.5265677 0.6797113 0.4966917 -0.5397128 0.6275209 0.4715988 -0.6195257 0.5675552 0.4169604 -0.7099473 0.4967965 0.3743779 -0.7829652 0.8121 0.5726694 -0.1119975 0.792992 0.566487 -0.2241788 0.8154908 0.451797 -0.3617379 0.7588291 0.553421 -0.3433709 0.7214827 0.5481861 -0.4230303 0.9089295 0.2477278 -0.3353776 0.8190137 0.2883283 -0.4960679 0.7004811 0.3190477 -0.6383845 0.5615953 0.3387833 -0.7548752 0.4051097 0.34663 -0.8460105 0.2360201 0.3432618 -0.9091017 0.8830997 0.3163646 -0.34648 0.7922352 0.3336688 -0.5109095 0.6736859 0.3394685 -0.6564361 0.5355346 0.3342762 -0.7755399 0.3806446 0.3175944 -0.8684719 0.2141017 0.2907848 -0.932526 0.8530393 0.3855754 -0.3516469 0.7659802 0.3794801 -0.5189116 0.652097 0.3602842 -0.6670568 0.5193232 0.329819 -0.7883672 0.370079 0.2884062 -0.8830987 0.2097219 0.2379113 -0.9483749 0 -1 0 0 -1 0 0 -1 0 0 -1 0 0 -1 0 0 0 1 0 0 1 0 0 1 0 0 1 0 0 1 0 0 1 0 0 1 0 0 1 0 0 1 0 0 1 -1 0 0 -1 0 0 -0.9659147 0.2588605 0 -0.9659147 0.2588605 0 -0.8660295 0.4999929 0 -0.8660295 0.4999929 0 -0.7071068 0.7071068 0 -0.7071068 0.7071068 0 -0.4999929 0.8660295 0 -0.4999929 0.8660295 0 -0.2588605 0.9659147 0 -0.2588605 0.9659147 0 -3.208e-16 1 0 -3.208e-16 1 0 0.2588605 0.9659147 0 0.2588605 0.9659147 0 0.4999929 0.8660295 0 0.4999929 0.8660295 0 0.7071068 0.7071068 0 0.7071068 0.7071068 0 0.8660295 0.4999929 0 0.8660295 0.4999929 0 0.9659147 0.2588605 0 0.9659147 0.2588605 0 -6.710753e-05 0.241744 -0.9703401 -6.035125e-05 0.2418842 -0.9703051 -6.449566e-06 0.07127207 -0.9974569 -6.045976e-05 0.2423893 -0.9701791 -6.987262e-05 0.2422223 -0.9702208 -3.622187e-06 0.07118073 -0.9974634 0.9659147 -0.2588605 0 0.9659147 -0.2588605 0 0.8660295 -0.4999929 0 0.8660295 -0.4999929 0 0.7071068 -0.7071068 0 0.7071068 -0.7071068 0 0.4999929 -0.8660295 0 0.4999929 -0.8660295 0 0.2588605 -0.9659147 0 0.2588605 -0.9659147 0 3.208e-16 -1 0 3.118889e-16 -1 0 -0.2588605 -0.9659147 0 -0.2588605 -0.9659147 0 -0.4999929 -0.8660295 0 -0.4999929 -0.8660295 0 -0.7071068 -0.7071068 0 -0.7071068 -0.7071068 0 -0.8660295 -0.4999929 0 -0.8660295 -0.4999929 0 -0.9659147 -0.2588605 0 -0.9659147 -0.2588605 0 0 0 1 0 0 1 0 0 1 0 0 1 0 0 -1 0 0 -1 0 0 -1 0 0 -1 0 0 -1 0 -1 0 0 -1 0 0 -1 0 0 -1 0 0 0 1 0 0 1 0 0 1 0 0 1 0 0 1 0 0 1 0 0 1 0 0 1 0 0 1 0 0 1 0 0 1 0 0 1 0 0 1 0 0 1 0 0 1 0 0 1 0 0 1 0 0 1 0 0 1 0 0 1 0 0 1 0 0 1 0 0 1 0 0 1 0 0 1 0 0 1 -0.9659138 0.2588639 0 -0.9659138 0.2588639 0 -0.8660225 0.5000051 0 -0.8660225 0.5000051 0 -0.7071325 0.707081 0 -0.7071325 0.707081 0 -0.4999978 0.8660267 0 -0.4999978 0.8660267 0 -0.2588225 0.9659249 0 -0.2588225 0.9659249 0 3.118889e-16 1 0 3.118889e-16 1 0 0.2588225 0.9659249 0 0.2588225 0.9659249 0 0.4999978 0.8660267 0 0.4999978 0.8660267 0 0.7071325 0.707081 0 0.7071325 0.707081 0 0.8660225 0.5000051 0 0.8660225 0.5000051 0 0.9659138 0.2588639 0 0.9659138 0.2588639 0 0.9659147 -0.2588605 0 0.9659147 -0.2588605 0 0.8660295 -0.4999929 0 0.8660295 -0.4999929 0 0.7071068 -0.7071068 0 0.7071068 -0.7071068 0 0.4999929 -0.8660295 0 0.4999929 -0.8660295 0 0.2588605 -0.9659147 0 0.2588605 -0.9659147 0 -3.118889e-16 -1 0 -3.208e-16 -1 0 -0.2588605 -0.9659147 0 -0.2588605 -0.9659147 0 -0.4999929 -0.8660295 0 -0.4999929 -0.8660295 0 -0.7071068 -0.7071068 0 -0.7071068 -0.7071068 0 -0.8660295 -0.4999929 0 -0.8660295 -0.4999929 0 -0.9659147 -0.2588605 0 -0.9659147 -0.2588605 0 0 1 0 0 1 0 0 1 0 0 1 0 -0.5000963 -0.8659698 0 -0.5000182 -0.8660149 -5.217146e-06 -0.5000536 -0.8659945 -1.721486e-06 -0.5000132 -0.8660178 -2.172963e-06 -0.5000118 -0.8660186 0 0.9659249 -0.2588225 0 0.9659249 -0.2588225 0 0.8660267 -0.4999978 0 0.8660267 -0.4999978 0 0.707081 -0.7071325 0 0.707081 -0.7071325 0 0.5000051 -0.8660225 0 0.5000051 -0.8660225 0 0.2588639 -0.9659138 0 0.2588639 -0.9659138 0 -3.207999e-16 -1 0 -3.207999e-16 -1 0 -0.2588639 -0.9659138 0 -0.2588639 -0.9659138 0 -0.5000051 -0.8660225 0 -0.5000051 -0.8660225 0 -0.707081 -0.7071325 0 -0.707081 -0.7071325 0 -0.8660267 -0.4999978 0 -0.8660267 -0.4999978 0 -0.9659249 -0.2588225 0 -0.9659249 -0.2588225 0 0 0 -1 0 0 -1 0 0 -1 0 0 -1 0 0 -1 0 0 -1 0 0 -1 0 0 -1 0 0 -1 0 0 -1 0 0 -1 0 0 -1 0 0 -1 0 0 -1 0 0 -1 0 0 1 0 0 1 0 0 1 0 0 1 0 0 1 0.9659403 0.2587651 0 0.9659403 0.2587651 0 0.866005 0.5000354 0 0.866005 0.5000354 0 0.7071068 0.7071068 0 0.7071068 0.7071068 0 0.5000354 0.866005 0 0.5000354 0.866005 0 0.2587651 0.9659403 0 0.2587651 0.9659403 0 1 0 0 1 0 0 1 0 0 1 0 0 1 0 0 1 0 0 1 0 0 1 0 0 1 0 0 1 0 0 1 0 0 1 0 0 1 0 0 1 0 0 1 0 0 1 0 0 1 0 0 1 0 0 1 0 0 1 0 0 1 0 0 1 0 0 1 0 0 1 0 0 -0.9659138 0.2588639 0 -0.9659138 0.2588639 0 -0.8660225 0.5000051 0 -0.8660225 0.5000051 0 -0.7071325 0.707081 0 -0.7071325 0.707081 0 -0.4999978 0.8660267 0 -0.4999978 0.8660267 0 -0.2588225 0.9659249 0 -0.2588225 0.9659249 0 -3.118889e-16 1 0 -3.118889e-16 1 0 0.2588225 0.9659249 0 0.2588225 0.9659249 0 0.4999978 0.8660267 0 0.4999978 0.8660267 0 0.7071325 0.707081 0 0.7071325 0.707081 0 0.8660225 0.5000051 0 0.8660225 0.5000051 0 0.9659138 0.2588639 0 0.9659138 0.2588639 0 1 0 0 1 2.857672e-06 -5.575625e-05 0.2588168 -0.9659264 0 0.2588168 -0.9659264 0 0.5000013 -0.8660247 0 0.5000013 -0.8660247 0 0.7071068 -0.7071068 0 0.7071068 -0.7071068 0 0.8660247 -0.5000013 0 0.8660247 -0.5000013 0 0.9659264 -0.2588168 0 0.9659264 -0.2588168 0 1 8.911106e-18 0 1 -8.911106e-18 0 0.9659264 0.2588168 0 0.9659264 0.2588168 0 0.8660247 0.5000013 0 0.8660247 0.5000013 0 0.7071068 0.7071068 0 0.7071068 0.7071068 0 0.5000013 0.8660247 0 0.5000013 0.8660247 0 0.2588168 0.9659264 0 0.2588168 0.9659264 0 1 2.227778e-18 0 1 0 0 0.9659249 -0.2588225 0 0.9659249 -0.2588225 0 0.8660267 -0.4999978 0 0.8660267 -0.4999978 0 0.707081 -0.7071325 0 0.707081 -0.7071325 0 0.5000051 -0.8660225 0 0.5000051 -0.8660225 0 0.2588639 -0.9659138 0 0.2588639 -0.9659138 0 3.207999e-16 -1 0 3.207999e-16 -1 0 -0.2588639 -0.9659138 0 -0.2588639 -0.9659138 0 -0.5000051 -0.8660225 0 -0.5000051 -0.8660225 0 -0.707081 -0.7071325 0 -0.707081 -0.7071325 0 -0.8660267 -0.4999978 0 -0.8660267 -0.4999978 0 -0.9659249 -0.2588225 0 -0.9659249 -0.2588225 0 -1 -8.911112e-18 0 -1 8.911112e-18 0 0 0 -1 0 0 -1 0 0 -1 0 0 -1 0 0 -1 0 0 -1 0 0 -1 0 0 -1 0 0 -1 0 0 -1 0 0 -1 0 0 -1 0 0 -1 0 0 -1 0 0 -1 0 0 -1 0 0 -1 0 0 -1 0 0 -1 0 0 -1 0 0 -1 0 0 -1 0 0 -1 0 0 -1 0 0 -1 0 0 -1 0 0 -1 0 0 -1 0 0 -1 0 0 -1 0 0 -1 0 0 -1 0 0 -1 0 0 -1 0 0 -1 0 0 -1 0 0 -1 0 0 -1 0 0 -1 0 0 -1 0 0 -1 0 0 -1 0 0 -1 0 0 -1 0 0 -1 0 0 -1 0 0 -1 0 0 -1 0 0 -1 0 0 -1 0 0 -1 0 0 -1 0 0 -1 0 0 -1 0 0 -1 0 0 -1 0 0 -1 0 0 -1 0 0 -1 0 0 1 0 0 1 0 0 1 0 0 1 0 0 1 0 0 1 0 0 1 0 0 1 0 0 1 0 0 1 0 0 1 0 0 1 0 0 1 0 0 1 0 0 1 0 0 1 0 0 1 0 0 1 0 0 1 0 0 1 0 0 1 0 0 1 0 0 1 0 0 1 0 0 1 0 0 1 0 0 1 0 0 1 0 0 1 0 0 -1 0 0 -1 0 0 -1 0 0 -1 0 0 -1 1 3.208e-16 0 1 3.208e-16 0 0.9659147 -0.2588605 0 0.9659147 -0.2588605 0 0.8660295 -0.4999929 0 0.8660295 -0.4999929 0 0.7071068 -0.7071068 0 0.7071068 -0.7071068 0 0.4999929 -0.8660295 0 0.4999929 -0.8660295 0 0.2588605 -0.9659147 0 0.2588605 -0.9659147 0 3.208e-16 -1 0 3.208e-16 -1 0 -0.2588605 -0.9659147 0 -0.2588605 -0.9659147 0 -0.4999929 -0.8660295 0 -0.4999929 -0.8660295 0 -0.7071068 -0.7071068 0 -0.7071068 -0.7071068 0 -0.8660295 -0.4999929 0 -0.8660295 -0.4999929 0 -0.9659147 -0.2588605 0 -0.9659147 -0.2588605 0 -1 3.118889e-16 0 -1 3.208e-16 0 -1 0 0 -1 0 0 -1 0 0 -1 0 0 -1 0 0 -1 0 0 -1 0 0 -1 0 0 -1 0 0 -1 0 0 -1 0 0 -1 0 0 -1 0 0 -1 0 0 -1 0 0 -1 0 0 -1 0 0 -1 0 0 -1 0 0 -1 0 0 -1 0 0 -1 0 0 -1 0 0 -1 0 0 -1 0 0 -1 0 0 -1 0 0 -1 0 0 0.4648303 0.8838426 -0.05248888 0.3767517 0.9247217 -0.05429436 0.3681167 0.902382 -0.2240466 0.6262374 0.7778922 -0.0520616 0.5479321 0.8347985 -0.05368286 0.5349019 0.8146663 -0.2240508 0.762379 0.6449762 -0.05276336 0.6806863 0.6974828 -0.2240177 0.6283715 0.6438523 -0.4365815 0.5441945 0.5575979 -0.6268467 0.4326125 0.4432712 -0.7850841 0.29921 0.3065779 -0.9035947 0.1508388 0.1545607 -0.9764009 0.697591 0.7144747 -0.05378398 0.191517 0.9799164 -0.05554299 0.1875697 0.9563581 -0.2240462 0.2860331 0.9567114 -0.05374378 0.1731321 0.8828276 -0.4366243 0.1499322 0.7645375 -0.6268993 0.1191807 0.6077596 -0.7851269 0.08243036 0.4202792 -0.903643 0.4937685 0.7520283 -0.4366304 0.4276161 0.6512709 -0.6268897 0.3399199 0.5177058 -0.7851338 0.2350757 0.3580251 -0.9036357 0.1184874 0.180457 -0.97642 0.3398094 0.8329993 -0.4366254 0.2942843 0.7213886 -0.6268934 0.2339329 0.5734441 -0.7851352 0.1617767 0.3965714 -0.9036368 0.08154157 0.1998851 -0.9764205 0.04156545 0.2118381 -0.9764205 -0.2588203 -0.9659255 0 -0.2588203 -0.9659255 0 -0.4999978 -0.8660267 0 -0.4999978 -0.8660267 0 -0.7071068 -0.7071068 0 -0.7071068 -0.7071068 0 -0.8660267 -0.4999978 0 -0.8660267 -0.4999978 0 -0.9659255 -0.2588203 0 -0.9659255 -0.2588203 0 -1 2.495112e-16 0 -1 1.849056e-16 0 -0.9659255 0.2588203 0 -0.9659255 0.2588203 0 -0.8660267 0.4999978 0 -0.8660267 0.4999978 0 -0.7071068 0.7071068 0 -0.7071068 0.7071068 0 -0.4999978 0.8660267 0 -0.4999978 0.8660267 0 -0.2588203 0.9659255 0 -0.2588203 0.9659255 0 0 -1 0 0 0 -1 0 0 -1 0 0 -1 0 0 -1 0 0 -1 0 0 1 0 0 1 0 0 1 0 0 1 0 0 1 -0.9659147 0.2588605 0 -0.9659147 0.2588605 0 -0.8660295 0.4999929 0 -0.8660295 0.4999929 0 -0.7071068 0.7071068 0 -0.7071068 0.7071068 0 -0.4999929 0.8660295 0 -0.4999929 0.8660295 0 -0.2588605 0.9659147 0 -0.2588605 0.9659147 0 3.208e-16 1 0 3.208e-16 1 0 0.2588605 0.9659147 0 0.2588605 0.9659147 0 0.4999929 0.8660295 0 0.4999929 0.8660295 0 0.7071068 0.7071068 0 0.7071068 0.7071068 0 0.8660295 0.4999929 0 0.8660295 0.4999929 0 0.9659147 0.2588605 0 0.9659147 0.2588605 0 0 0 1 0 0 1 0 0 1 0 0 1 0 0 1 -1 0 0 -1 0 0 -1 0 0 -1 0 0 0 0 1 0 0 1 0 0 1 0 0 1 0 0 1 0 0 1 0 0 1 0 0 1 0 0 1 0 0 1 0 0 1 0 0 1 0 0 1 0 0 1 0 0 1 0 0 1 0 0 1 0 0 1 0 0 -1 0 0 -1 0 0 -1 0 0 -1 0 0 1 0 0 1 0 0 1 0 0 1 0 0 -1 0 0 -1 0 0 -1 0 0 -1 0 0 -1 0 0 -1 0 0 -1 0 0 -1 0 0 -1 0 0 -1 0 0 -1 0 0 -1 0 0 -1 0 0 -1 0 0 -1 0 0 -1 0 0 -1 0 0 -1 0 0 -1 0 0 -1 0 0 -1 0 0 -1 0 0 -1 0 0 -1 0 0 -1 0 0 -1 0 0 -1 0 0 -1 0 0 -1 0 0 -1 0 0 -1 0 0 -1 0 0 -1 0 0 -1 -1 0 0 -1 0 0 -1 0 0 -1 0 0 -0.8660186 -0.5000118 0 -0.8660178 -0.5000132 -2.172963e-06 -0.8659945 -0.5000536 -1.721486e-06 -0.8660149 -0.5000182 -5.217146e-06 -0.8659698 -0.5000963 0 0.5000963 -0.8659698 0 0.5000182 -0.8660149 5.217146e-06 0.5000536 -0.8659945 1.721486e-06 0.5000132 -0.8660178 2.172963e-06 0.5000118 -0.8660186 0 0 0 1 0 0 1 0 0 1 0 0 1 0 0 -1 0 0 -1 0 0 -1 0 0 -1 0 0 -1 0 0 -1 0 0 -1 0 0 -1 0 0 -1 0 0 -1 0 0 -1 0 0 -1 0 0 -1 0 0 -1 0 0 -1 0 0 -1 0 0 -1 0 0 -1 0 0 -1 0 0 -1 0 0 -1 0 0 -1 0 0 -1 0 0 -1 0 0 -1 0 0 -1 0 0 -1 0 0 -1 0 0 -1 0 0 -1 0 0 -1 0 0 -1 0 0 -1 0 0 -1 0 0 -1 0 0 -1 0 0 -1 0 0 -1 0 0 -1 0 0 -1 0 0 -1 0 0 -1 0 0 -1 0 0 -1 0 0 -1 0 0 -1 0 0 -1 0 0 -1 0 0 -1 0 0 -1 0 0 -1 -0.8660562 0.4999467 0 -0.8660181 0.5000127 4.414976e-06 -0.8660353 0.4999828 1.456829e-06 -0.8660156 0.500017 1.838895e-06 -0.8660149 0.5000181 0 0 0 1 0 0 1 0 0 1 0 0 1 0 0 -1 0 0 -1 0 0 -1 0 0 1 0 0 1 0 0 1 0 0 1 0 0 1 0 0 1 0 0 1 0 0 1 0 0 1 0 0 1 0 0 1 0 0 1 0 0 1 0 0 1 0 0 1 0 0 1 0 0 1 0 0 1 0 0 1 0 0 1 0 0 1 0 0 1 0 0 1 0 0 1 0 0 1 0 0 1 0 0 1 0 0 1 0 0 1 0 0 1 -0.9659249 0.2588225 0 -0.9659249 0.2588225 0 -0.8660267 0.4999978 0 -0.8660267 0.4999978 0 -0.707081 0.7071325 0 -0.707081 0.7071325 0 -0.5000051 0.8660225 0 -0.5000051 0.8660225 0 -0.2588639 0.9659138 0 -0.2588639 0.9659138 0 3.207999e-16 1 0 3.207999e-16 1 0 0.2588639 0.9659138 0 0.2588639 0.9659138 0 0.5000051 0.8660225 0 0.5000051 0.8660225 0 0.707081 0.7071325 0 0.707081 0.7071325 0 0.8660267 0.4999978 0 0.8660267 0.4999978 0 0.9659249 0.2588225 0 0.9659249 0.2588225 0 0 0 1 0 0 1 0 0 1 0 0 1 0 0 1 0 0 1 0 0 1 0 0 1 0 0 1 0 0 1 0 0 1 0 0 1 0 0 -1 0 0 -1 0 0 -1 0 0 -1 0.9761468 0.2170671 -0.00439944 0.9043127 0.4268346 -0.005539041 0.7855314 0.618776 -0.007532945 0.2228834 0.9748295 -0.005510037 0.4358661 0.8999794 -0.007602925 0.6266104 0.7792883 -0.008315992 0 1 0 0 1 0 0 1 0 0 1 0 1 0 0 1 0 0 1 0 0 1 0 0 0 0 -1 0 0 -1 0 0 -1 0 0 -1 0 0 -1 0 0 1 0 0 1 0 0 1 0 0 1 0 0 1</float_array>
          <technique_common>
            <accessor count="5707" source="#normals-array-array" stride="3">
              <param type="float" name="X"/>
              <param type="float" name="Y"/>
              <param type="float" name="Z"/>
            </accessor>
          </technique_common>
        </source>
        <vertices id="verts-array-vertices">
          <input semantic="POSITION" source="#verts-array"/>
        </vertices>
        <triangles count="7206" material="material0">
          <input offset="0" semantic="VERTEX" source="#verts-array-vertices"/>
          <input offset="1" semantic="NORMAL" source="#normals-array"/>
          <p>0 0 1 1 2 2 3 3 2 2 1 1 2 2 3 3 4 4 5 5 6 6 7 7 8 8 7 7 6 6 9 9 10 10 8 8 11 11 8 8 10 10 8 8 11 11 7 7 12 12 13 13 14 14 15 15 14 14 13 13 14 14 15 15 16 16 17 17 16 16 15 15 16 16 17 17 8 8 18 18 8 8 17 17 8 8 18 18 9 9 19 19 20 20 21 21 22 22 21 21 20 20 21 21 22 22 14 14 23 23 14 14 22 22 14 14 23 23 12 12 24 24 19 19 25 25 24 24 26 26 19 19 27 27 19 19 26 26 19 19 27 27 28 28 28 28 29 29 19 19 30 30 19 19 29 29 19 19 30 30 20 20 31 31 32 32 33 33 34 34 35 35 36 36 37 37 36 36 35 35 36 36 37 37 33 33 38 38 33 33 37 37 33 33 38 38 31 31 32 32 39 39 33 33 40 40 33 33 39 39 33 33 40 40 41 41 42 42 41 41 40 40 41 41 42 42 25 25 43 43 25 25 42 42 25 25 43 43 24 24 0 0 44 44 1 1 45 45 1 1 44 44 1 1 45 45 46 46 47 47 46 46 45 45 46 46 47 47 34 34 47 47 48 48 34 34 49 49 34 34 48 48 34 34 49 49 50 50 50 50 51 51 34 34 52 52 34 34 51 51 34 34 52 52 35 35 53 53 54 54 55 55 56 56 57 57 58 58 59 59 60 60 61 61 62 62 63 63 64 64 65 65 22 22 66 66 35 35 52 52 67 67 44 44 0 0 68 68 2 2 68 68 0 0 69 69 70 70 71 71 72 72 73 73 74 74 75 75 76 76 77 77 78 78 77 77 76 76 78 78 76 76 79 79 80 80 79 79 76 76 79 79 80 80 81 81 82 82 81 81 80 80 81 81 82 82 83 83 84 84 85 85 82 82 86 86 82 82 85 85 82 82 86 86 83 83 87 87 88 88 84 84 89 89 84 84 88 88 84 84 89 89 85 85 90 90 91 91 87 87 92 92 87 87 91 91 87 87 92 92 88 88 73 73 93 93 74 74 94 94 74 74 93 93 74 74 94 94 90 90 95 95 90 90 94 94 90 90 95 95 91 91 96 96 97 97 98 98 99 99 98 98 97 97 98 98 99 99 100 100 101 101 102 102 103 103 104 104 103 103 102 102 105 105 106 106 107 107 108 108 107 107 106 106 107 107 108 108 109 109 110 110 109 109 108 108 109 109 110 110 111 111 112 112 111 111 110 110 111 111 112 112 101 101 113 113 101 101 112 112 101 101 113 113 102 102 114 114 115 115 105 105 116 116 105 105 115 115 105 105 116 116 106 106 117 117 118 118 119 119 118 118 119 119 118 118 119 119 118 118 120 120 121 121 122 122 123 123 124 124 125 125 71 71 126 126 71 71 125 125 71 71 126 126 69 69 68 68 127 127 124 124 127 127 68 68 128 128 2 2 128 128 68 68 128 128 2 2 4 4 124 124 71 71 68 68 45 45 68 68 71 71 68 68 45 45 44 44 70 70 48 48 71 71 47 47 71 71 48 48 71 71 47 47 45 45 49 49 129 129 50 50 67 67 50 50 129 129 50 50 67 67 51 51 52 52 51 51 67 67 31 31 38 38 130 130 37 37 130 130 38 38 27 27 26 26 56 56 24 24 56 56 26 26 56 56 24 24 57 57 43 43 57 57 24 24 57 57 43 43 58 58 42 42 58 58 43 43 20 20 30 30 53 53 29 29 53 53 30 30 53 53 29 29 54 54 10 10 9 9 131 131 62 62 131 131 9 9 131 131 62 62 132 132 64 64 132 132 62 62 75 75 5 5 76 76 133 133 76 76 5 5 76 76 133 133 11 11 37 37 35 35 130 130 67 67 130 130 35 35 130 130 67 67 134 134 129 129 134 134 67 67 134 134 129 129 70 70 49 49 70 70 129 129 70 70 49 49 48 48 135 135 136 136 137 137 40 40 138 138 59 59 32 32 59 59 138 138 59 59 32 32 60 60 31 31 60 60 32 32 60 60 31 31 61 61 130 130 61 61 31 31 61 61 130 130 139 139 134 134 139 139 130 130 139 139 134 134 140 140 70 70 140 140 134 134 140 140 70 70 141 141 69 69 141 141 70 70 42 42 40 40 58 58 59 59 58 58 40 40 58 58 59 59 142 142 61 61 142 142 59 59 142 142 61 61 143 143 139 139 143 143 61 61 143 143 139 139 123 123 140 140 123 123 139 139 123 123 140 140 121 121 141 141 121 121 140 140 29 29 28 28 54 54 27 27 54 54 28 28 54 54 27 27 55 55 56 56 55 55 27 27 55 55 56 56 144 144 58 58 144 144 56 56 144 144 58 58 145 145 142 142 145 145 58 58 145 145 142 142 146 146 143 143 146 146 142 142 146 146 143 143 147 147 123 123 147 147 143 143 22 22 20 20 66 66 53 53 66 66 20 20 66 66 53 53 148 148 55 55 148 148 53 53 148 148 55 55 149 149 144 144 149 149 55 55 149 149 144 144 150 150 145 145 150 150 144 144 150 150 145 145 151 151 146 146 151 151 145 145 151 151 146 146 152 152 147 147 152 152 146 146 15 15 13 13 135 135 12 12 135 135 13 13 135 135 12 12 136 136 65 65 136 136 12 12 136 136 65 65 137 137 66 66 137 137 65 65 137 137 66 66 153 153 148 148 153 153 66 66 153 153 148 148 154 154 149 149 154 154 148 148 154 154 149 149 155 155 150 150 155 155 149 149 155 155 150 150 156 156 151 151 156 156 150 150 156 156 151 151 119 119 152 152 119 119 151 151 119 119 152 152 117 117 147 147 117 117 152 152 117 117 147 147 157 157 123 123 157 157 147 147 157 157 123 123 158 158 122 122 158 158 123 123 159 159 160 160 105 105 161 161 105 105 160 160 105 105 161 161 114 114 63 63 15 15 64 64 135 135 64 64 15 15 64 64 135 135 162 162 137 137 162 162 135 135 162 162 137 137 163 163 153 153 163 163 137 137 163 163 153 153 164 164 154 154 164 164 153 153 164 164 154 154 165 165 155 155 165 165 154 154 165 165 155 155 166 166 156 156 166 166 155 155 166 166 156 156 167 167 119 119 167 167 156 156 167 167 119 119 168 168 120 120 168 168 119 119 169 169 170 170 171 171 172 172 171 171 170 170 171 171 172 172 173 173 174 174 173 173 172 172 173 173 174 174 175 175 176 176 169 169 177 177 171 171 177 177 169 169 177 177 171 171 178 178 173 173 178 178 171 171 178 178 173 173 179 179 175 175 179 179 173 173 179 179 175 175 180 180 181 181 176 176 182 182 177 177 182 182 176 176 182 182 177 177 183 183 178 178 183 183 177 177 183 183 178 178 184 184 179 179 184 184 178 178 184 184 179 179 185 185 180 180 185 185 179 179 185 185 180 180 186 186 187 187 181 181 188 188 182 182 188 188 181 181 188 188 182 182 189 189 183 183 189 189 182 182 189 189 183 183 190 190 184 184 190 190 183 183 190 190 184 184 191 191 185 185 191 191 184 184 191 191 185 185 192 192 186 186 192 192 185 185 192 192 186 186 159 159 159 159 105 105 192 192 107 107 192 192 105 105 192 192 107 107 191 191 109 109 191 191 107 107 191 191 109 109 190 190 111 111 190 190 109 109 190 190 111 111 189 189 101 101 189 189 111 111 189 189 101 101 188 188 103 103 188 188 101 101 188 188 103 103 187 187 96 96 72 72 97 97 74 74 97 97 72 72 97 97 74 74 193 193 90 90 193 193 74 74 193 193 90 90 194 194 87 87 194 194 90 90 194 194 87 87 195 195 84 84 195 195 87 87 195 195 84 84 196 196 82 82 196 196 84 84 196 196 82 82 197 197 80 80 197 197 82 82 197 197 80 80 132 132 76 76 132 132 80 80 132 132 76 76 131 131 11 11 131 131 76 76 131 131 11 11 10 10 168 168 161 161 167 167 160 160 167 167 161 161 167 167 160 160 166 166 159 159 166 166 160 160 166 166 159 159 165 165 186 186 165 165 159 159 165 165 186 186 164 164 180 180 164 164 186 186 164 164 180 180 163 163 175 175 163 163 180 180 163 163 175 175 162 162 174 174 162 162 175 175 162 162 174 174 64 64 172 172 64 64 174 174 64 64 172 172 132 132 170 170 132 132 172 172 132 132 170 170 197 197 169 169 197 197 170 170 197 197 169 169 196 196 176 176 196 196 169 169 196 196 176 176 195 195 181 181 195 195 176 176 195 195 181 181 194 194 187 187 194 194 181 181 194 194 187 187 193 193 103 103 193 193 187 187 193 193 103 103 97 97 104 104 97 97 103 103 97 97 104 104 99 99 96 96 98 98 198 198 100 100 198 198 98 98 198 198 100 100 199 199 94 94 93 93 200 200 73 73 200 200 93 93 200 200 73 73 198 198 72 72 198 198 73 73 198 198 72 72 96 96 94 94 200 200 95 95 201 201 95 95 200 200 95 95 201 201 202 202 203 203 83 83 86 86 203 203 86 86 204 204 86 86 85 85 204 204 89 89 204 204 85 85 204 204 89 89 205 205 88 88 205 205 89 89 205 205 88 88 201 201 92 92 201 201 88 88 201 201 92 92 202 202 83 83 203 203 81 81 206 206 81 81 203 203 81 81 206 206 79 79 207 207 5 5 206 206 75 75 206 206 5 5 75 75 77 77 206 206 78 78 206 206 77 77 206 206 78 78 79 79 208 208 6 6 207 207 5 5 207 207 6 6 209 209 210 210 211 211 212 212 213 213 214 214 214 214 215 215 216 216 217 217 218 218 219 219 216 216 220 220 214 214 221 221 214 214 220 220 214 214 221 221 222 222 222 222 223 223 214 214 224 224 214 214 223 223 214 214 224 224 225 225 226 226 227 227 214 214 228 228 214 214 227 227 226 226 214 214 229 229 225 225 229 229 214 214 229 229 225 225 219 219 230 230 219 219 225 225 219 219 230 230 217 217 228 228 231 231 214 214 232 232 214 214 231 231 214 214 232 232 212 212 233 233 234 234 235 235 236 236 237 237 219 219 238 238 219 219 237 237 238 238 239 239 219 219 240 240 219 219 239 239 219 219 240 240 235 235 241 241 235 235 240 240 235 235 241 241 233 233 242 242 243 243 244 244 235 235 244 244 243 243 244 244 235 235 245 245 246 246 245 245 235 235 242 242 247 247 243 243 248 248 243 243 247 247 243 243 248 248 249 249 250 250 249 249 248 248 251 251 252 252 253 253 254 254 253 253 252 252 253 253 254 254 255 255 256 256 255 255 254 254 255 255 256 256 250 250 257 257 250 250 256 256 250 250 257 257 249 249 258 258 259 259 260 260 261 261 260 260 259 259 262 262 263 263 264 264 265 265 264 264 263 263 266 266 267 267 268 268 261 261 269 269 260 260 270 270 260 260 269 269 260 260 270 270 271 271 272 272 273 273 251 251 274 274 251 251 273 273 251 251 274 274 252 252 275 275 252 252 274 274 252 252 275 275 276 276 266 266 276 276 275 275 276 276 266 266 277 277 268 268 277 277 266 266 267 267 278 278 268 268 279 279 268 268 278 278 268 268 279 279 280 280 281 281 280 280 279 279 280 280 281 281 282 282 282 282 283 283 280 280 284 284 280 280 283 283 280 280 284 284 260 260 285 285 260 260 284 284 260 260 285 285 258 258 265 265 286 286 264 264 287 287 264 264 286 286 264 264 287 287 288 288 289 289 290 290 211 211 291 291 211 211 290 290 211 211 291 291 292 292 293 293 260 260 294 294 295 295 294 294 260 260 210 210 296 296 211 211 297 297 211 211 296 296 211 211 297 297 289 289 292 292 298 298 211 211 299 299 211 211 298 298 211 211 299 299 260 260 300 300 260 260 299 299 260 260 300 300 295 295 301 301 302 302 280 280 303 303 280 280 302 302 280 280 303 303 304 304 305 305 304 304 303 303 305 305 306 306 304 304 307 307 304 304 306 306 304 304 307 307 308 308 309 309 308 308 307 307 308 308 309 309 310 310 311 311 310 310 309 309 310 310 311 311 210 210 312 312 210 210 311 311 210 210 312 312 296 296 293 293 313 313 260 260 314 314 260 260 313 313 260 260 314 314 280 280 315 315 280 280 314 314 280 280 315 315 301 301 316 316 317 317 210 210 318 318 210 210 317 317 210 210 318 318 310 310 319 319 320 320 321 321 322 322 321 321 320 320 321 321 322 322 323 323 324 324 323 323 322 322 325 325 326 326 321 321 327 327 321 321 326 326 328 328 209 209 329 329 323 323 329 329 209 209 329 329 323 323 330 330 324 324 330 330 323 323 327 327 331 331 321 321 332 332 321 321 331 331 321 321 332 332 319 319 328 328 333 333 209 209 334 334 209 209 333 333 209 209 334 334 210 210 335 335 210 210 334 334 335 335 336 336 210 210 337 337 210 210 336 336 210 210 337 337 338 338 338 338 339 339 340 340 339 339 341 341 340 340 342 342 340 340 341 341 340 340 342 342 343 343 344 344 343 343 342 342 340 340 345 345 338 338 346 346 338 338 345 345 338 338 346 346 210 210 347 347 210 210 346 346 210 210 347 347 316 316 344 344 348 348 343 343 349 349 343 343 348 348 343 343 349 349 325 325 350 350 351 351 352 352 343 343 353 353 354 354 355 355 356 356 357 357 358 358 359 359 321 321 325 325 321 321 343 343 360 360 343 343 321 321 343 343 360 360 361 361 361 361 362 362 343 343 363 363 343 343 362 362 343 343 363 363 353 353 354 354 364 364 343 343 365 365 343 343 364 364 343 343 365 365 352 352 366 366 352 352 365 365 352 352 366 366 350 350 351 351 367 367 352 352 368 368 352 352 367 367 352 352 368 368 357 357 369 369 357 357 368 368 357 357 369 369 355 355 358 358 321 321 370 370 357 357 370 370 321 321 370 370 357 357 371 371 359 359 372 372 321 321 373 373 321 321 372 372 321 321 373 373 360 360 356 356 374 374 357 357 375 375 357 357 374 374 357 357 375 375 371 371 376 376 377 377 357 357 378 378 379 379 380 380 381 381 380 380 379 379 381 381 382 382 380 380 383 383 380 380 382 382 380 380 383 383 384 384 385 385 386 386 352 352 387 387 352 352 386 386 387 387 388 388 352 352 389 389 352 352 388 388 352 352 389 389 390 390 391 391 390 390 389 389 384 384 392 392 380 380 393 393 380 380 392 392 380 380 393 393 357 357 394 394 357 357 393 393 357 357 394 394 376 376 391 391 395 395 390 390 396 396 390 390 395 395 390 390 396 396 397 397 377 377 398 398 357 357 399 399 357 357 398 398 357 357 399 399 352 352 400 400 352 352 399 399 352 352 400 400 385 385 396 396 401 401 397 397 402 402 397 397 401 401 397 397 402 402 378 378 403 403 378 378 402 402 378 378 403 403 379 379 404 404 405 405 406 406 407 407 406 406 405 405 406 406 407 407 378 378 408 408 378 378 407 407 378 378 408 408 397 397 409 409 410 410 406 406 411 411 406 406 410 410 406 406 411 411 404 404 412 412 413 413 414 414 415 415 260 260 264 264 271 271 264 264 260 260 264 264 271 271 262 262 416 416 417 417 288 288 418 418 419 419 416 416 420 420 416 416 419 419 416 416 420 420 417 417 421 421 422 422 423 423 421 421 423 423 424 424 218 218 425 425 219 219 426 426 219 219 425 425 219 219 426 426 427 427 428 428 427 427 426 426 427 427 428 428 423 423 429 429 423 423 428 428 423 423 429 429 424 424 422 422 430 430 423 423 431 431 423 423 430 430 423 423 431 431 432 432 433 433 432 432 431 431 432 432 433 433 434 434 434 434 435 435 432 432 436 436 432 432 435 435 432 432 436 436 215 215 437 437 215 215 436 436 215 215 437 437 216 216 234 234 438 438 235 235 439 439 235 235 438 438 235 235 439 439 440 440 441 441 440 440 439 439 440 440 441 441 418 418 442 442 418 418 441 441 418 418 442 442 443 443 423 423 444 444 427 427 445 445 427 427 444 444 427 427 445 445 219 219 446 446 219 219 445 445 219 219 446 446 236 236 418 418 447 447 448 448 418 418 448 448 423 423 449 449 423 423 448 448 423 423 449 449 450 450 450 450 451 451 423 423 452 452 423 423 451 451 423 423 452 452 444 444 443 443 453 453 418 418 454 454 418 418 453 453 418 418 454 454 447 447 253 253 455 455 251 251 456 456 251 251 455 455 251 251 456 456 457 457 287 287 272 272 288 288 251 251 288 288 272 272 288 288 251 251 416 416 457 457 416 416 251 251 457 457 458 458 416 416 459 459 416 416 458 458 416 416 459 459 460 460 418 418 461 461 440 440 462 462 440 440 461 461 440 440 462 462 235 235 463 463 235 235 462 462 235 235 463 463 246 246 464 464 465 465 418 418 466 466 418 418 465 465 418 418 466 466 461 461 460 460 467 467 416 416 468 468 416 416 467 467 416 416 468 468 418 418 469 469 418 418 468 468 418 418 469 469 464 464 432 432 470 470 423 423 471 471 423 423 470 470 423 423 471 471 418 418 472 472 418 418 471 471 418 418 472 472 419 419 415 415 473 473 260 260 412 412 260 260 473 473 260 260 412 412 211 211 414 414 211 211 412 412 211 211 414 414 209 209 474 474 475 475 476 476 477 477 476 476 475 475 476 476 477 477 478 478 479 479 478 478 477 477 480 480 481 481 482 482 483 483 482 482 481 481 479 479 477 477 484 484 482 482 484 484 477 477 484 484 482 482 485 485 483 483 485 485 482 482 485 485 483 483 486 486 487 487 488 488 486 486 489 489 486 486 488 488 486 486 489 489 485 485 490 490 485 485 489 489 485 485 490 490 491 491 492 492 493 493 494 494 491 491 494 494 493 493 494 494 491 491 495 495 490 490 495 495 491 491 495 495 490 490 496 496 497 497 496 496 490 490 498 498 499 499 500 500 501 501 500 500 499 499 500 500 501 501 502 502 503 503 502 502 501 501 502 502 503 503 504 504 505 505 504 504 503 503 504 504 505 505 506 506 507 507 506 506 505 505 506 506 507 507 508 508 509 509 508 508 507 507 508 508 509 509 510 510 511 511 510 510 509 509 510 510 511 511 512 512 513 513 512 512 511 511 512 512 513 513 514 514 515 515 514 514 513 513 514 514 515 515 516 516 517 517 516 516 515 515 516 516 517 517 518 518 519 519 518 518 517 517 518 518 519 519 520 520 521 521 520 520 519 519 520 520 521 521 522 522 523 523 522 522 521 521 524 524 525 525 526 526 527 527 526 526 525 525 528 528 529 529 530 530 531 531 530 530 529 529 532 532 533 533 534 534 535 535 536 536 537 537 538 538 537 537 536 536 537 537 538 538 534 534 539 539 534 534 538 538 534 534 539 539 532 532 540 540 541 541 537 537 542 542 537 537 541 541 537 537 542 542 535 535 533 533 543 543 534 534 544 544 534 534 543 543 534 534 544 544 545 545 546 546 545 545 544 544 545 545 546 546 547 547 547 547 548 548 545 545 549 549 545 545 548 548 545 545 549 549 550 550 551 551 550 550 549 549 552 552 553 553 540 540 554 554 540 540 553 553 540 540 554 554 541 541 551 551 555 555 550 550 556 556 550 550 555 555 550 550 556 556 557 557 557 557 558 558 550 550 559 559 550 550 558 558 550 550 559 559 540 540 560 560 540 540 559 559 540 540 560 560 552 552 561 561 562 562 563 563 564 564 563 563 562 562 565 565 566 566 567 567 568 568 567 567 566 566 569 569 570 570 568 568 571 571 568 568 570 570 568 568 571 571 567 567 572 572 567 567 571 571 567 567 572 572 573 573 574 574 575 575 576 576 577 577 576 576 575 575 578 578 579 579 580 580 581 581 580 580 579 579 580 580 581 581 582 582 583 583 582 582 581 581 582 582 583 583 584 584 585 585 584 584 583 583 584 584 585 585 586 586 587 587 586 586 585 585 586 586 587 587 588 588 589 589 588 588 587 587 588 588 589 589 590 590 591 591 590 590 589 589 590 590 591 591 592 592 593 593 592 592 591 591 592 592 593 593 594 594 595 595 594 594 593 593 594 594 595 595 596 596 597 597 596 596 595 595 596 596 597 597 598 598 599 599 598 598 597 597 598 598 599 599 600 600 601 601 600 600 599 599 600 600 601 601 602 602 603 603 602 602 601 601 602 602 603 603 604 604 605 605 604 604 603 603 604 604 605 605 606 606 607 607 606 606 605 605 606 606 607 607 608 608 609 609 608 608 607 607 608 608 609 609 610 610 611 611 610 610 609 609 610 610 611 611 612 612 613 613 612 612 611 611 612 612 613 613 614 614 615 615 614 614 613 613 614 614 615 615 616 616 617 617 616 616 615 615 616 616 617 617 618 618 619 619 618 618 617 617 618 618 619 619 620 620 621 621 620 620 619 619 620 620 621 621 622 622 623 623 622 622 621 621 622 622 623 623 624 624 625 625 624 624 623 623 624 624 625 625 578 578 579 579 578 578 625 625 626 626 627 627 628 628 629 629 628 628 627 627 630 630 631 631 632 632 633 633 632 632 631 631 634 634 635 635 636 636 637 637 636 636 635 635 636 636 637 637 638 638 639 639 640 640 641 641 642 642 641 641 640 640 641 641 642 642 643 643 644 644 643 643 642 642 643 643 644 644 645 645 646 646 645 645 644 644 645 645 646 646 647 647 648 648 647 647 646 646 647 647 648 648 649 649 650 650 649 649 648 648 649 649 650 650 651 651 652 652 651 651 650 650 651 651 652 652 653 653 654 654 653 653 652 652 653 653 654 654 655 655 656 656 655 655 654 654 655 655 656 656 657 657 658 658 657 657 656 656 657 657 658 658 659 659 660 660 659 659 658 658 659 659 660 660 661 661 662 662 661 661 660 660 661 661 662 662 663 663 664 664 663 663 662 662 665 665 666 666 667 667 668 668 667 667 666 666 669 669 670 670 671 671 672 672 671 671 670 670 673 673 674 674 675 675 671 671 675 675 674 674 675 675 671 671 676 676 672 672 676 676 671 671 677 677 678 678 679 679 680 680 679 679 678 678 679 679 680 680 681 681 682 682 681 681 680 680 681 681 682 682 683 683 684 684 683 683 682 682 683 683 684 684 685 685 686 686 685 685 684 684 685 685 686 686 687 687 688 688 687 687 686 686 687 687 688 688 689 689 690 690 689 689 688 688 689 689 690 690 691 691 692 692 691 691 690 690 691 691 692 692 693 693 694 694 693 693 692 692 693 693 694 694 695 695 696 696 695 695 694 694 695 695 696 696 697 697 698 698 697 697 696 696 697 697 698 698 699 699 700 700 699 699 698 698 699 699 700 700 701 701 702 702 701 701 700 700 701 701 702 702 703 703 704 704 703 703 702 702 703 703 704 704 705 705 706 706 705 705 704 704 707 707 708 708 709 709 710 710 709 709 708 708 711 711 712 712 713 713 709 709 713 713 712 712 713 713 709 709 714 714 710 710 714 714 709 709 715 715 716 716 717 717 718 718 719 719 720 720 721 721 722 722 723 723 718 718 723 723 722 722 723 723 718 718 724 724 720 720 724 724 718 718 725 725 726 726 727 727 728 728 727 727 726 726 727 727 728 728 729 729 730 730 731 731 732 732 733 733 732 732 731 731 734 734 730 730 735 735 732 732 735 735 730 730 735 735 732 732 736 736 737 737 736 736 732 732 738 738 739 739 740 740 741 741 740 740 739 739 740 740 741 741 742 742 743 743 744 744 745 745 746 746 747 747 748 748 749 749 748 748 747 747 748 748 749 749 750 750 751 751 752 752 753 753 754 754 753 753 752 752 755 755 756 756 757 757 758 758 757 757 756 756 757 757 758 758 754 754 759 759 754 754 758 758 754 754 759 759 760 760 760 760 761 761 754 754 762 762 754 754 761 761 754 754 762 762 753 753 763 763 764 764 755 755 765 765 755 755 764 764 755 755 765 765 756 756 766 766 767 767 768 768 766 766 769 769 767 767 770 770 767 767 769 769 767 767 770 770 771 771 771 771 772 772 767 767 773 773 767 767 772 772 767 767 773 773 774 774 775 775 774 774 773 773 774 774 775 775 755 755 776 776 755 755 775 775 755 755 776 776 763 763 777 777 778 778 779 779 780 780 781 781 782 782 783 783 782 782 781 781 782 782 783 783 779 779 784 784 779 779 783 783 779 779 784 784 777 777 778 778 785 785 779 779 786 786 779 779 785 785 779 779 786 786 787 787 788 788 787 787 786 786 787 787 788 788 768 768 789 789 768 768 788 788 768 768 789 789 766 766 750 750 790 790 748 748 791 791 748 748 790 790 748 748 791 791 792 792 793 793 792 792 791 791 792 792 793 793 780 780 793 793 794 794 780 780 795 795 780 780 794 794 780 780 795 795 796 796 796 796 797 797 780 780 798 798 780 780 797 797 780 780 798 798 781 781 799 799 800 800 801 801 802 802 803 803 804 804 805 805 804 804 803 803 804 804 805 805 806 806 801 801 800 800 807 807 808 808 807 807 800 800 807 807 808 808 809 809 809 809 808 808 802 802 810 810 802 802 808 808 802 802 810 810 811 811 811 811 812 812 802 802 813 813 802 802 812 812 802 802 813 813 803 803 814 814 815 815 816 816 815 815 817 817 816 816 818 818 816 816 817 817 816 816 818 818 819 819 819 819 818 818 820 820 821 821 820 820 818 818 820 820 821 821 822 822 814 814 816 816 801 801 823 823 801 801 816 816 801 801 823 823 799 799 824 824 825 825 826 826 825 825 827 827 826 826 828 828 826 826 827 827 826 826 828 828 829 829 830 830 829 829 828 828 829 829 830 830 831 831 832 832 833 833 821 821 824 824 826 826 821 821 834 834 821 821 826 826 821 821 834 834 832 832 833 833 835 835 821 821 836 836 821 821 835 835 821 821 836 836 822 822 837 837 838 838 830 830 839 839 830 830 838 838 830 830 839 839 831 831 840 840 841 841 842 842 843 843 844 844 841 841 845 845 841 841 844 844 841 841 845 845 842 842 846 846 847 847 848 848 841 841 849 849 843 843 850 850 843 843 849 849 843 843 850 850 851 851 852 852 851 851 850 850 851 851 852 852 853 853 854 854 853 853 852 852 853 853 854 854 855 855 837 837 855 855 854 854 855 855 837 837 856 856 830 830 856 856 837 837 856 856 830 830 857 857 858 858 859 859 860 860 861 861 860 860 859 859 860 860 861 861 862 862 863 863 862 862 861 861 862 862 863 863 747 747 858 858 864 864 859 859 865 865 859 859 864 864 859 859 865 865 866 866 846 846 866 866 865 865 866 866 846 846 842 842 848 848 842 842 846 846 842 842 848 848 840 840 867 867 868 868 869 869 870 870 871 871 872 872 873 873 874 874 875 875 876 876 877 877 878 878 879 879 776 776 880 880 781 781 798 798 881 881 790 790 750 750 882 882 749 749 882 882 750 750 845 845 883 883 884 884 885 885 886 886 887 887 888 888 889 889 890 890 891 891 890 890 889 889 891 891 889 889 892 892 893 893 892 892 889 889 892 892 893 893 894 894 895 895 894 894 893 893 894 894 895 895 896 896 897 897 898 898 895 895 899 899 895 895 898 898 895 895 899 899 896 896 900 900 901 901 897 897 902 902 897 897 901 901 897 897 902 902 898 898 903 903 904 904 900 900 905 905 900 900 904 904 900 900 905 905 901 901 886 886 906 906 887 887 907 907 887 887 906 906 887 887 907 907 903 903 908 908 903 903 907 907 903 903 908 908 904 904 909 909 910 910 911 911 804 804 911 911 910 910 911 911 804 804 806 806 912 912 913 913 914 914 802 802 914 914 913 913 915 915 817 817 916 916 815 815 916 916 817 817 916 916 815 815 917 917 814 814 917 917 815 815 917 917 814 814 918 918 801 801 918 918 814 814 918 918 801 801 912 912 807 807 912 912 801 801 912 912 807 807 913 913 824 824 821 821 915 915 818 818 915 915 821 821 915 915 818 818 817 817 919 919 857 857 920 920 830 830 920 920 857 857 920 920 830 830 828 828 843 843 851 851 921 921 859 859 866 866 884 884 842 842 884 884 866 866 884 884 842 842 845 845 882 882 861 861 859 859 861 861 882 882 863 863 749 749 863 863 882 882 863 863 749 749 747 747 859 859 884 884 882 882 791 791 882 882 884 884 882 882 791 791 790 790 883 883 794 794 884 884 793 793 884 884 794 794 884 884 793 793 791 791 795 795 922 922 796 796 881 881 796 796 922 922 796 796 881 881 797 797 798 798 797 797 881 881 777 777 784 784 923 923 783 783 923 923 784 784 770 770 769 769 870 870 766 766 870 870 769 769 870 870 766 766 871 871 789 789 871 871 766 766 871 871 789 789 872 872 788 788 872 872 789 789 775 775 773 773 867 867 772 772 867 867 773 773 867 867 772 772 868 868 761 761 760 760 924 924 876 876 924 924 760 760 924 924 876 876 925 925 878 878 925 925 876 876 888 888 751 751 889 889 926 926 889 889 751 751 889 889 926 926 762 762 783 783 781 781 923 923 881 881 923 923 781 781 923 923 881 881 927 927 922 922 927 927 881 881 927 927 922 922 883 883 795 795 883 883 922 922 883 883 795 795 794 794 928 928 929 929 930 930 786 786 931 931 873 873 778 778 873 873 931 931 873 873 778 778 874 874 777 777 874 874 778 778 874 874 777 777 875 875 923 923 875 875 777 777 875 875 923 923 932 932 927 927 932 932 923 923 932 932 927 927 933 933 883 883 933 933 927 927 933 933 883 883 844 844 845 845 844 844 883 883 788 788 786 786 872 872 873 873 872 872 786 786 872 872 873 873 934 934 875 875 934 934 873 873 934 934 875 875 935 935 932 932 935 935 875 875 935 935 932 932 921 921 933 933 921 921 932 932 921 921 933 933 843 843 844 844 843 843 933 933 772 772 771 771 868 868 770 770 868 868 771 771 868 868 770 770 869 869 870 870 869 869 770 770 869 869 870 870 936 936 872 872 936 936 870 870 936 936 872 872 937 937 934 934 937 937 872 872 937 937 934 934 938 938 935 935 938 938 934 934 938 938 935 935 939 939 921 921 939 939 935 935 776 776 775 775 880 880 867 867 880 880 775 775 880 880 867 867 940 940 869 869 940 940 867 867 940 940 869 869 941 941 936 936 941 941 869 869 941 941 936 936 942 942 937 937 942 942 936 936 942 942 937 937 943 943 938 938 943 943 937 937 943 943 938 938 944 944 939 939 944 944 938 938 756 756 765 765 928 928 764 764 928 928 765 765 928 928 764 764 929 929 879 879 929 929 764 764 929 929 879 879 930 930 880 880 930 930 879 879 930 930 880 880 945 945 940 940 945 945 880 880 945 945 940 940 946 946 941 941 946 946 940 940 946 946 941 941 947 947 942 942 947 947 941 941 947 947 942 942 948 948 943 943 948 948 942 942 948 948 943 943 920 920 944 944 920 920 943 943 920 920 944 944 919 919 939 939 919 919 944 944 919 919 939 939 855 855 921 921 855 855 939 939 855 855 921 921 853 853 851 851 853 853 921 921 949 949 950 950 915 915 825 825 915 915 950 950 915 915 825 825 824 824 877 877 756 756 878 878 928 928 878 878 756 756 878 878 928 928 951 951 930 930 951 951 928 928 951 951 930 930 952 952 945 945 952 952 930 930 952 952 945 945 953 953 946 946 953 953 945 945 953 953 946 946 954 954 947 947 954 954 946 946 954 954 947 947 955 955 948 948 955 955 947 947 955 955 948 948 956 956 920 920 956 956 948 948 956 956 920 920 827 827 828 828 827 827 920 920 957 957 958 958 959 959 960 960 959 959 958 958 959 959 960 960 961 961 962 962 961 961 960 960 961 961 962 962 963 963 964 964 957 957 965 965 959 959 965 965 957 957 965 965 959 959 966 966 961 961 966 966 959 959 966 966 961 961 967 967 963 963 967 967 961 961 967 967 963 963 968 968 969 969 964 964 970 970 965 965 970 970 964 964 970 970 965 965 971 971 966 966 971 971 965 965 971 971 966 966 972 972 967 967 972 972 966 966 972 972 967 967 973 973 968 968 973 973 967 967 973 973 968 968 974 974 975 975 969 969 976 976 970 970 976 976 969 969 976 976 970 970 977 977 971 971 977 977 970 970 977 977 971 971 978 978 972 972 978 978 971 971 978 978 972 972 979 979 973 973 979 979 972 972 979 979 973 973 980 980 974 974 980 980 973 973 980 980 974 974 949 949 949 949 915 915 980 980 916 916 980 980 915 915 980 980 916 916 979 979 917 917 979 979 916 916 979 979 917 917 978 978 918 918 978 978 917 917 978 978 918 918 977 977 912 912 977 977 918 918 977 977 912 912 976 976 914 914 976 976 912 912 976 976 914 914 975 975 909 909 885 885 910 910 887 887 910 910 885 885 910 910 887 887 981 981 903 903 981 981 887 887 981 981 903 903 982 982 900 900 982 982 903 903 982 982 900 900 983 983 897 897 983 983 900 900 983 983 897 897 984 984 895 895 984 984 897 897 984 984 895 895 985 985 893 893 985 985 895 895 985 985 893 893 925 925 889 889 925 925 893 893 925 925 889 889 924 924 762 762 924 924 889 889 924 924 762 762 761 761 827 827 825 825 956 956 950 950 956 956 825 825 956 956 950 950 955 955 949 949 955 955 950 950 955 955 949 949 954 954 974 974 954 954 949 949 954 954 974 974 953 953 968 968 953 953 974 974 953 953 968 968 952 952 963 963 952 952 968 968 952 952 963 963 951 951 962 962 951 951 963 963 951 951 962 962 878 878 960 960 878 878 962 962 878 878 960 960 925 925 958 958 925 925 960 960 925 925 958 958 985 985 957 957 985 985 958 958 985 985 957 957 984 984 964 964 984 984 957 957 984 984 964 964 983 983 969 969 983 983 964 964 983 983 969 969 982 982 975 975 982 982 969 969 982 982 975 975 981 981 914 914 981 981 975 975 981 981 914 914 910 910 802 802 910 910 914 914 910 910 802 802 804 804 909 909 911 911 986 986 806 806 986 986 911 911 986 986 806 806 987 987 988 988 906 906 886 886 988 988 886 886 986 986 885 885 986 986 886 886 986 986 885 885 909 909 989 989 908 908 988 988 907 907 988 988 908 908 988 988 907 907 906 906 898 898 990 990 899 899 991 991 899 899 990 990 899 899 991 991 896 896 898 898 902 902 990 990 901 901 990 990 902 902 990 990 901 901 992 992 905 905 992 992 901 901 992 992 905 905 989 989 993 993 989 989 905 905 989 989 993 993 908 908 896 896 991 991 894 894 994 994 894 894 991 991 894 894 994 994 892 892 995 995 751 751 994 994 888 888 994 994 751 751 888 888 890 890 994 994 891 891 994 994 890 890 994 994 891 891 892 892 996 996 752 752 995 995 751 751 995 995 752 752 997 997 998 998 999 999 1000 1000 999 999 998 998 999 999 1000 1000 1001 1001 1002 1002 1001 1001 1000 1000 1003 1003 1004 1004 998 998 997 997 1005 1005 998 998 1006 1006 998 998 1005 1005 998 998 1006 1006 1003 1003 1007 1007 1008 1008 1009 1009 1010 1010 1009 1009 1008 1008 1009 1009 1010 1010 1006 1006 1011 1011 1006 1006 1010 1010 1006 1006 1011 1011 1003 1003 1012 1012 1013 1013 1014 1014 1009 1009 1015 1015 1012 1012 1012 1012 1014 1014 1009 1009 1016 1016 1009 1009 1014 1014 1009 1009 1016 1016 1007 1007 1017 1017 1018 1018 1019 1019 1020 1020 1019 1019 1018 1018 1019 1019 1020 1020 1021 1021 1022 1022 1023 1023 1024 1024 1022 1022 1024 1024 1025 1025 1017 1017 1019 1019 1026 1026 1027 1027 1026 1026 1019 1019 1026 1026 1027 1027 1024 1024 1028 1028 1024 1024 1027 1027 1024 1024 1028 1028 1025 1025 1029 1029 1030 1030 1031 1031 1023 1023 1029 1029 1024 1024 1031 1031 1024 1024 1029 1029 1024 1024 1031 1031 1032 1032 1033 1033 1032 1032 1031 1031 1032 1032 1033 1033 1013 1013 1034 1034 1013 1013 1033 1033 1013 1013 1034 1034 1014 1014 1035 1035 1036 1036 1021 1021 1037 1037 1021 1021 1036 1036 1021 1021 1037 1037 1038 1038 1038 1038 1039 1039 1021 1021 1040 1040 1021 1021 1039 1039 1021 1021 1040 1040 1019 1019 1041 1041 1042 1042 1043 1043 1044 1044 1043 1043 1042 1042 1045 1045 1046 1046 1047 1047 1048 1048 1047 1047 1046 1046 1047 1047 1048 1048 1049 1049 1044 1044 1042 1042 1046 1046 1050 1050 1046 1046 1042 1042 1046 1046 1050 1050 1048 1048 1051 1051 1048 1048 1050 1050 1048 1048 1051 1051 1049 1049 1036 1036 1052 1052 1037 1037 1053 1053 1037 1037 1052 1052 1037 1037 1053 1053 1054 1054 1055 1055 1054 1054 1053 1053 1054 1054 1055 1055 1056 1056 1046 1046 1056 1056 1055 1055 1056 1056 1046 1046 1057 1057 1045 1045 1057 1057 1046 1046 1041 1041 1058 1058 1042 1042 1059 1059 1042 1042 1058 1058 1042 1042 1059 1059 1060 1060 1061 1061 1060 1060 1059 1059 1061 1061 1059 1059 1062 1062 1063 1063 1062 1062 1059 1059 1062 1062 1063 1063 1064 1064 1065 1065 1064 1064 1063 1063 1064 1064 1065 1065 1066 1066 1067 1067 1068 1068 1069 1069 1070 1070 1071 1071 1072 1072 1073 1073 1074 1074 1075 1075 1076 1076 1077 1077 1078 1078 1079 1079 1080 1080 1081 1081 1082 1082 1083 1083 1084 1084 1085 1085 1086 1086 1087 1087 1088 1088 1087 1087 1086 1086 1043 1043 1089 1089 1090 1090 1091 1091 1092 1092 1093 1093 1094 1094 1095 1095 1096 1096 1097 1097 1096 1096 1095 1095 1097 1097 1095 1095 1098 1098 1099 1099 1098 1098 1095 1095 1098 1098 1099 1099 1100 1100 1101 1101 1100 1100 1099 1099 1100 1100 1101 1101 1102 1102 1103 1103 1104 1104 1101 1101 1105 1105 1101 1101 1104 1104 1101 1101 1105 1105 1102 1102 1106 1106 1107 1107 1103 1103 1108 1108 1103 1103 1107 1107 1103 1103 1108 1108 1104 1104 1109 1109 1110 1110 1106 1106 1111 1111 1106 1106 1110 1110 1106 1106 1111 1111 1107 1107 1092 1092 1112 1112 1093 1093 1113 1113 1093 1093 1112 1112 1093 1093 1113 1113 1109 1109 1114 1114 1109 1109 1113 1113 1109 1109 1114 1114 1110 1110 1115 1115 1116 1116 1117 1117 999 999 1117 1117 1116 1116 1117 1117 999 999 1001 1001 1118 1118 1119 1119 1120 1120 997 997 1120 1120 1119 1119 1121 1121 1013 1013 1122 1122 1012 1012 1122 1122 1013 1013 1122 1122 1012 1012 1123 1123 1015 1015 1123 1123 1012 1012 1123 1123 1015 1015 1124 1124 1009 1009 1124 1124 1015 1015 1124 1124 1009 1009 1118 1118 1006 1006 1118 1118 1009 1009 1118 1118 1006 1006 1119 1119 1026 1026 1024 1024 1121 1121 1032 1032 1121 1121 1024 1024 1121 1121 1032 1032 1013 1013 1125 1125 1035 1035 1126 1126 1021 1021 1126 1126 1035 1035 1126 1126 1021 1021 1020 1020 1046 1046 1055 1055 1127 1127 1059 1059 1058 1058 1090 1090 1041 1041 1090 1090 1058 1058 1090 1090 1041 1041 1043 1043 1087 1087 1063 1063 1059 1059 1063 1063 1087 1087 1065 1065 1088 1088 1065 1065 1087 1087 1065 1065 1088 1088 1066 1066 1059 1059 1090 1090 1087 1087 1128 1128 1087 1087 1090 1090 1087 1087 1128 1128 1085 1085 1089 1089 1129 1129 1090 1090 1130 1130 1090 1090 1129 1129 1090 1090 1130 1130 1128 1128 1131 1131 1132 1132 1133 1133 1084 1084 1133 1133 1132 1132 1133 1133 1084 1084 1134 1134 1083 1083 1134 1134 1084 1084 1135 1135 1136 1136 1137 1137 1138 1138 1137 1137 1136 1136 1139 1139 1140 1140 1070 1070 1141 1141 1070 1070 1140 1140 1070 1070 1141 1141 1071 1071 1142 1142 1071 1071 1141 1141 1071 1071 1142 1142 1072 1072 1143 1143 1072 1072 1142 1142 1144 1144 1145 1145 1067 1067 1146 1146 1067 1067 1145 1145 1067 1067 1146 1146 1068 1068 1147 1147 1148 1148 1149 1149 1076 1076 1149 1149 1148 1148 1149 1149 1076 1076 1150 1150 1078 1078 1150 1150 1076 1076 1094 1094 1151 1151 1095 1095 1152 1152 1095 1095 1151 1151 1095 1095 1152 1152 1153 1153 1138 1138 1082 1082 1137 1137 1084 1084 1137 1137 1082 1082 1137 1137 1084 1084 1154 1154 1132 1132 1154 1154 1084 1084 1154 1154 1132 1132 1089 1089 1131 1131 1089 1089 1132 1132 1089 1089 1131 1131 1129 1129 1155 1155 1156 1156 1157 1157 1158 1158 1159 1159 1073 1073 1160 1160 1073 1073 1159 1159 1073 1073 1160 1160 1074 1074 1135 1135 1074 1074 1160 1160 1074 1074 1135 1135 1075 1075 1137 1137 1075 1075 1135 1135 1075 1075 1137 1137 1161 1161 1154 1154 1161 1161 1137 1137 1161 1161 1154 1154 1162 1162 1089 1089 1162 1162 1154 1154 1162 1162 1089 1089 1044 1044 1043 1043 1044 1044 1089 1089 1143 1143 1158 1158 1072 1072 1073 1073 1072 1072 1158 1158 1072 1072 1073 1073 1163 1163 1075 1075 1163 1163 1073 1073 1163 1163 1075 1075 1164 1164 1161 1161 1164 1164 1075 1075 1164 1164 1161 1161 1127 1127 1162 1162 1127 1127 1161 1161 1127 1127 1162 1162 1046 1046 1044 1044 1046 1046 1162 1162 1146 1146 1165 1165 1068 1068 1139 1139 1068 1068 1165 1165 1068 1068 1139 1139 1069 1069 1070 1070 1069 1069 1139 1139 1069 1069 1070 1070 1166 1166 1072 1072 1166 1166 1070 1070 1166 1166 1072 1072 1167 1167 1163 1163 1167 1167 1072 1072 1167 1167 1163 1163 1168 1168 1164 1164 1168 1168 1163 1163 1168 1168 1164 1164 1169 1169 1127 1127 1169 1169 1164 1164 1080 1080 1144 1144 1081 1081 1067 1067 1081 1081 1144 1144 1081 1081 1067 1067 1170 1170 1069 1069 1170 1170 1067 1067 1170 1170 1069 1069 1171 1171 1166 1166 1171 1171 1069 1069 1171 1171 1166 1166 1172 1172 1167 1167 1172 1172 1166 1166 1172 1172 1167 1167 1173 1173 1168 1168 1173 1173 1167 1167 1173 1173 1168 1168 1174 1174 1169 1169 1174 1174 1168 1168 1175 1175 1176 1176 1155 1155 1177 1177 1155 1155 1176 1176 1155 1155 1177 1177 1156 1156 1079 1079 1156 1156 1177 1177 1156 1156 1079 1079 1157 1157 1081 1081 1157 1157 1079 1079 1157 1157 1081 1081 1178 1178 1170 1170 1178 1178 1081 1081 1178 1178 1170 1170 1179 1179 1171 1171 1179 1179 1170 1170 1179 1179 1171 1171 1180 1180 1172 1172 1180 1180 1171 1171 1180 1180 1172 1172 1181 1181 1173 1173 1181 1181 1172 1172 1181 1181 1173 1173 1126 1126 1174 1174 1126 1126 1173 1173 1126 1126 1174 1174 1125 1125 1169 1169 1125 1125 1174 1174 1125 1125 1169 1169 1052 1052 1127 1127 1052 1052 1169 1169 1052 1052 1127 1127 1053 1053 1055 1055 1053 1053 1127 1127 1182 1182 1183 1183 1121 1121 1017 1017 1121 1121 1183 1183 1121 1121 1017 1017 1026 1026 1077 1077 1175 1175 1078 1078 1155 1155 1078 1078 1175 1175 1078 1078 1155 1155 1184 1184 1157 1157 1184 1184 1155 1155 1184 1184 1157 1157 1185 1185 1178 1178 1185 1185 1157 1157 1185 1185 1178 1178 1186 1186 1179 1179 1186 1186 1178 1178 1186 1186 1179 1179 1187 1187 1180 1180 1187 1187 1179 1179 1187 1187 1180 1180 1188 1188 1181 1181 1188 1188 1180 1180 1188 1188 1181 1181 1189 1189 1126 1126 1189 1189 1181 1181 1189 1189 1126 1126 1018 1018 1020 1020 1018 1018 1126 1126 1190 1190 1191 1191 1192 1192 1193 1193 1192 1192 1191 1191 1192 1192 1193 1193 1194 1194 1195 1195 1194 1194 1193 1193 1194 1194 1195 1195 1196 1196 1197 1197 1190 1190 1198 1198 1192 1192 1198 1198 1190 1190 1198 1198 1192 1192 1199 1199 1194 1194 1199 1199 1192 1192 1199 1199 1194 1194 1200 1200 1196 1196 1200 1200 1194 1194 1200 1200 1196 1196 1201 1201 1202 1202 1197 1197 1203 1203 1198 1198 1203 1203 1197 1197 1203 1203 1198 1198 1204 1204 1199 1199 1204 1204 1198 1198 1204 1204 1199 1199 1205 1205 1200 1200 1205 1205 1199 1199 1205 1205 1200 1200 1206 1206 1201 1201 1206 1206 1200 1200 1206 1206 1201 1201 1207 1207 1208 1208 1202 1202 1209 1209 1203 1203 1209 1209 1202 1202 1209 1209 1203 1203 1210 1210 1204 1204 1210 1210 1203 1203 1210 1210 1204 1204 1211 1211 1205 1205 1211 1211 1204 1204 1211 1211 1205 1205 1212 1212 1206 1206 1212 1212 1205 1205 1212 1212 1206 1206 1213 1213 1207 1207 1213 1213 1206 1206 1213 1213 1207 1207 1182 1182 1182 1182 1121 1121 1213 1213 1122 1122 1213 1213 1121 1121 1213 1213 1122 1122 1212 1212 1123 1123 1212 1212 1122 1122 1212 1212 1123 1123 1211 1211 1124 1124 1211 1211 1123 1123 1211 1211 1124 1124 1210 1210 1118 1118 1210 1210 1124 1124 1210 1210 1118 1118 1209 1209 1120 1120 1209 1209 1118 1118 1209 1209 1120 1120 1208 1208 1115 1115 1091 1091 1116 1116 1093 1093 1116 1116 1091 1091 1116 1116 1093 1093 1214 1214 1109 1109 1214 1214 1093 1093 1214 1214 1109 1109 1215 1215 1106 1106 1215 1215 1109 1109 1215 1215 1106 1106 1216 1216 1103 1103 1216 1216 1106 1106 1216 1216 1103 1103 1217 1217 1101 1101 1217 1217 1103 1103 1217 1217 1101 1101 1218 1218 1099 1099 1218 1218 1101 1101 1218 1218 1099 1099 1150 1150 1095 1095 1150 1150 1099 1099 1150 1150 1095 1095 1149 1149 1153 1153 1149 1149 1095 1095 1149 1149 1153 1153 1147 1147 1018 1018 1017 1017 1189 1189 1183 1183 1189 1189 1017 1017 1189 1189 1183 1183 1188 1188 1182 1182 1188 1188 1183 1183 1188 1188 1182 1182 1187 1187 1207 1207 1187 1187 1182 1182 1187 1187 1207 1207 1186 1186 1201 1201 1186 1186 1207 1207 1186 1186 1201 1201 1185 1185 1196 1196 1185 1185 1201 1201 1185 1185 1196 1196 1184 1184 1195 1195 1184 1184 1196 1196 1184 1184 1195 1195 1078 1078 1193 1193 1078 1078 1195 1195 1078 1078 1193 1193 1150 1150 1191 1191 1150 1150 1193 1193 1150 1150 1191 1191 1218 1218 1190 1190 1218 1218 1191 1191 1218 1218 1190 1190 1217 1217 1197 1197 1217 1217 1190 1190 1217 1217 1197 1197 1216 1216 1202 1202 1216 1216 1197 1197 1216 1216 1202 1202 1215 1215 1208 1208 1215 1215 1202 1202 1215 1215 1208 1208 1214 1214 1120 1120 1214 1214 1208 1208 1214 1214 1120 1120 1116 1116 997 997 1116 1116 1120 1120 1116 1116 997 997 999 999 1219 1219 1066 1066 1220 1220 1088 1088 1220 1220 1066 1066 1220 1220 1088 1088 1086 1086 1151 1151 1221 1221 1222 1222 1223 1223 1222 1222 1221 1221 1222 1222 1223 1223 1153 1153 1147 1147 1153 1153 1223 1223 1224 1224 1175 1175 1225 1225 1224 1224 1225 1225 1226 1226 1227 1227 1226 1226 1225 1225 1226 1226 1227 1227 1223 1223 1148 1148 1223 1223 1227 1227 1223 1223 1148 1148 1147 1147 1228 1228 1177 1177 1224 1224 1176 1176 1224 1224 1177 1177 1224 1224 1176 1176 1175 1175 1141 1141 1229 1229 1230 1230 1231 1231 1158 1158 1232 1232 1143 1143 1232 1232 1158 1158 1232 1232 1143 1143 1230 1230 1142 1142 1230 1230 1143 1143 1230 1230 1142 1142 1141 1141 1141 1141 1140 1140 1229 1229 1139 1139 1229 1229 1140 1140 1229 1229 1139 1139 1165 1165 1165 1165 1146 1146 1229 1229 1145 1145 1229 1229 1146 1146 1229 1229 1145 1145 1233 1233 1144 1144 1233 1233 1145 1145 1233 1233 1144 1144 1224 1224 1080 1080 1224 1224 1144 1144 1224 1224 1080 1080 1228 1228 1135 1135 1160 1160 1231 1231 1234 1234 1231 1231 1160 1160 1231 1231 1234 1234 1158 1158 1133 1133 1134 1134 1235 1235 1086 1086 1085 1085 1220 1220 1128 1128 1220 1220 1085 1085 1220 1220 1128 1128 1236 1236 1128 1128 1130 1130 1236 1236 1129 1129 1236 1236 1130 1130 1236 1236 1129 1129 1235 1235 1131 1131 1235 1235 1129 1129 1235 1235 1131 1131 1133 1133 1134 1134 1083 1083 1235 1235 1082 1082 1235 1235 1083 1083 1235 1235 1082 1082 1237 1237 1138 1138 1237 1237 1082 1082 1237 1237 1138 1138 1231 1231 1136 1136 1231 1231 1138 1138 1231 1231 1136 1136 1135 1135 1115 1115 1117 1117 1238 1238 1001 1001 1238 1238 1117 1117 1238 1238 1001 1001 1239 1239 1113 1113 1112 1112 1240 1240 1092 1092 1240 1240 1112 1112 1240 1240 1092 1092 1238 1238 1091 1091 1238 1238 1092 1092 1238 1238 1091 1091 1115 1115 1113 1113 1240 1240 1114 1114 1241 1241 1114 1114 1240 1240 1114 1114 1241 1241 1242 1242 1104 1104 1243 1243 1105 1105 1244 1244 1105 1105 1243 1243 1105 1105 1244 1244 1102 1102 1104 1104 1108 1108 1243 1243 1107 1107 1243 1243 1108 1108 1243 1243 1107 1107 1241 1241 1111 1111 1241 1241 1107 1107 1241 1241 1111 1111 1242 1242 1102 1102 1244 1244 1100 1100 1245 1245 1100 1100 1244 1244 1100 1100 1245 1245 1098 1098 1246 1246 1151 1151 1245 1245 1094 1094 1245 1245 1151 1151 1094 1094 1096 1096 1245 1245 1097 1097 1245 1245 1096 1096 1245 1245 1097 1097 1098 1098 1247 1247 1248 1248 1249 1249 1250 1250 1249 1249 1248 1248 1251 1251 1252 1252 1253 1253 1254 1254 1253 1253 1252 1252 1251 1251 1253 1253 1255 1255 1256 1256 1255 1255 1253 1253 1255 1255 1256 1256 1257 1257 1258 1258 1259 1259 1260 1260 1261 1261 1262 1262 1263 1263 1264 1264 1265 1265 1266 1266 1267 1267 1266 1266 1265 1265 1268 1268 1269 1269 1270 1270 1266 1266 1270 1270 1269 1269 1270 1270 1266 1266 1271 1271 1267 1267 1271 1271 1266 1266 1272 1272 1273 1273 1274 1274 1275 1275 1272 1272 1276 1276 1274 1274 1276 1276 1272 1272 1276 1276 1274 1274 1277 1277 1263 1263 1262 1262 1272 1272 1278 1278 1272 1272 1262 1262 1272 1272 1278 1278 1273 1273 1261 1261 1263 1263 1279 1279 1280 1280 1279 1279 1263 1263 1279 1279 1280 1280 1281 1281 1282 1282 1281 1281 1280 1280 1281 1281 1282 1282 1283 1283 1284 1284 1285 1285 1282 1282 1286 1286 1282 1282 1285 1285 1282 1282 1286 1286 1283 1283 1260 1260 1287 1287 1258 1258 1288 1288 1258 1258 1287 1287 1258 1258 1288 1288 1284 1284 1289 1289 1284 1284 1288 1288 1284 1284 1289 1289 1285 1285 1290 1290 1291 1291 1292 1292 1293 1293 1292 1292 1291 1291 1292 1292 1293 1293 1294 1294 1295 1295 1294 1294 1293 1293 1294 1294 1295 1295 1296 1296 1297 1297 1298 1298 1299 1299 1300 1300 1299 1299 1298 1298 1299 1299 1300 1300 1301 1301 1301 1301 1300 1300 1302 1302 1303 1303 1302 1302 1300 1300 1302 1302 1303 1303 1304 1304 1304 1304 1303 1303 1305 1305 1269 1269 1305 1305 1303 1303 1305 1305 1269 1269 1306 1306 1268 1268 1306 1306 1269 1269 1306 1306 1268 1268 1307 1307 1297 1297 1296 1296 1298 1298 1295 1295 1298 1298 1296 1296 1298 1298 1295 1295 1300 1300 1308 1308 1300 1300 1295 1295 1300 1300 1308 1308 1303 1303 1309 1309 1303 1303 1308 1308 1303 1303 1309 1309 1269 1269 1310 1310 1269 1269 1309 1309 1269 1269 1310 1310 1266 1266 1311 1311 1266 1266 1310 1310 1266 1266 1311 1311 1264 1264 1312 1312 1264 1264 1311 1311 1291 1291 1259 1259 1293 1293 1258 1258 1293 1293 1259 1259 1293 1293 1258 1258 1295 1295 1284 1284 1295 1295 1258 1258 1295 1295 1284 1284 1308 1308 1282 1282 1308 1308 1284 1284 1308 1308 1282 1282 1309 1309 1280 1280 1309 1309 1282 1282 1309 1309 1280 1280 1310 1310 1263 1263 1310 1310 1280 1280 1310 1310 1263 1263 1311 1311 1272 1272 1311 1311 1263 1263 1311 1311 1272 1272 1312 1312 1275 1275 1312 1312 1272 1272 1313 1313 1314 1314 1315 1315 1316 1316 1317 1317 1318 1318 1319 1319 1318 1318 1317 1317 1320 1320 1321 1321 1319 1319 1322 1322 1319 1319 1321 1321 1319 1319 1322 1322 1318 1318 1323 1323 1318 1318 1322 1322 1324 1324 1325 1325 1326 1326 1327 1327 1324 1324 1328 1328 1329 1329 1330 1330 1331 1331 1332 1332 1333 1333 1334 1334 1328 1328 1334 1334 1333 1333 1334 1334 1328 1328 1322 1322 1324 1324 1322 1322 1328 1328 1322 1322 1324 1324 1323 1323 1326 1326 1323 1323 1324 1324 1329 1329 1331 1331 1335 1335 1328 1328 1336 1336 1337 1337 1331 1331 1313 1313 1335 1335 1315 1315 1335 1335 1313 1313 1335 1335 1315 1315 1328 1328 1338 1338 1328 1328 1315 1315 1328 1328 1338 1338 1336 1336 1337 1337 1339 1339 1328 1328 1340 1340 1328 1328 1339 1339 1328 1328 1340 1340 1327 1327 1341 1341 1342 1342 1343 1343 1344 1344 1343 1343 1342 1342 1343 1343 1344 1344 1345 1345 1346 1346 1345 1345 1344 1344 1345 1345 1346 1346 1347 1347 1348 1348 1347 1347 1346 1346 1347 1347 1348 1348 1349 1349 1350 1350 1349 1349 1348 1348 1349 1349 1350 1350 1351 1351 1352 1352 1351 1351 1350 1350 1351 1351 1352 1352 1353 1353 1354 1354 1353 1353 1352 1352 1353 1353 1354 1354 1355 1355 1356 1356 1355 1355 1354 1354 1355 1355 1356 1356 1357 1357 1358 1358 1357 1357 1356 1356 1357 1357 1358 1358 1359 1359 1360 1360 1359 1359 1358 1358 1359 1359 1360 1360 1361 1361 1362 1362 1361 1361 1360 1360 1361 1361 1362 1362 1363 1363 1364 1364 1363 1363 1362 1362 1363 1363 1364 1364 1365 1365 1366 1366 1365 1365 1364 1364 1367 1367 1368 1368 1369 1369 1370 1370 1369 1369 1368 1368 1369 1369 1370 1370 1371 1371 1372 1372 1373 1373 1374 1374 1375 1375 1374 1374 1373 1373 1374 1374 1375 1375 1376 1376 1377 1377 1378 1378 1379 1379 1377 1377 1379 1379 1374 1374 1380 1380 1374 1374 1379 1379 1374 1374 1380 1380 1372 1372 1381 1381 1382 1382 1383 1383 1384 1384 1383 1383 1382 1382 1383 1383 1384 1384 1377 1377 1385 1385 1377 1377 1384 1384 1377 1377 1385 1385 1378 1378 1386 1386 1387 1387 1388 1388 1389 1389 1388 1388 1387 1387 1388 1388 1389 1389 1390 1390 1386 1386 1391 1391 1387 1387 1392 1392 1387 1387 1391 1391 1387 1387 1392 1392 1381 1381 1393 1393 1381 1381 1392 1392 1381 1381 1393 1393 1382 1382 1390 1390 1389 1389 1394 1394 1395 1395 1394 1394 1389 1389 1394 1394 1395 1395 1396 1396 1397 1397 1398 1398 1395 1395 1399 1399 1395 1395 1398 1398 1399 1399 1400 1400 1395 1395 1401 1401 1395 1395 1400 1400 1395 1395 1401 1401 1396 1396 1376 1376 1375 1375 1402 1402 1403 1403 1402 1402 1375 1375 1403 1403 1375 1375 1404 1404 1403 1403 1404 1404 1405 1405 1406 1406 1407 1407 1408 1408 1409 1409 1408 1408 1407 1407 1408 1408 1409 1409 1410 1410 1411 1411 1412 1412 1413 1413 1414 1414 1413 1413 1412 1412 1413 1413 1414 1414 1415 1415 1416 1416 1415 1415 1414 1414 1415 1415 1416 1416 1409 1409 1417 1417 1409 1409 1416 1416 1409 1409 1417 1417 1410 1410 1418 1418 1419 1419 1420 1420 1418 1418 1420 1420 1421 1421 1422 1422 1421 1421 1420 1420 1421 1421 1422 1422 1413 1413 1423 1423 1413 1413 1422 1422 1413 1413 1423 1423 1411 1411 1424 1424 1425 1425 1418 1418 1426 1426 1418 1418 1425 1425 1418 1418 1426 1426 1419 1419 1427 1427 1428 1428 1429 1429 1430 1430 1429 1429 1428 1428 1429 1429 1430 1430 1431 1431 1424 1424 1431 1431 1430 1430 1431 1431 1424 1424 1432 1432 1418 1418 1432 1432 1424 1424 1433 1433 1434 1434 1435 1435 1434 1434 1436 1436 1435 1435 1437 1437 1435 1435 1436 1436 1435 1435 1437 1437 1438 1438 1439 1439 1438 1438 1437 1437 1438 1438 1439 1439 1429 1429 1440 1440 1429 1429 1439 1439 1429 1429 1440 1440 1427 1427 1404 1404 1441 1441 1405 1405 1442 1442 1405 1405 1441 1441 1405 1405 1442 1442 1443 1443 1444 1444 1443 1443 1442 1442 1443 1443 1444 1444 1435 1435 1445 1445 1435 1435 1444 1444 1435 1435 1445 1445 1433 1433 1446 1446 1447 1447 1448 1448 1449 1449 1450 1450 1451 1451 1452 1452 1453 1453 1454 1454 1455 1455 1456 1456 1457 1457 1458 1458 1459 1459 1460 1460 1461 1461 1462 1462 1463 1463 1464 1464 1465 1465 1466 1466 1467 1467 1466 1466 1465 1465 1412 1412 1468 1468 1469 1469 1422 1422 1420 1420 1470 1470 1424 1424 1430 1430 1471 1471 1380 1380 1379 1379 1472 1472 1399 1399 1473 1473 1400 1400 1401 1401 1400 1400 1473 1473 1401 1401 1473 1473 1396 1396 1474 1474 1396 1396 1473 1473 1396 1396 1474 1474 1394 1394 1475 1475 1394 1394 1474 1474 1394 1394 1475 1475 1390 1390 1476 1476 1386 1386 1475 1475 1388 1388 1475 1475 1386 1386 1475 1475 1388 1388 1390 1390 1477 1477 1392 1392 1476 1476 1391 1391 1476 1476 1392 1392 1476 1476 1391 1391 1386 1386 1478 1478 1382 1382 1477 1477 1393 1393 1477 1477 1382 1382 1477 1477 1393 1393 1392 1392 1379 1379 1378 1378 1472 1472 1385 1385 1472 1472 1378 1378 1472 1472 1385 1385 1478 1478 1384 1384 1478 1478 1385 1385 1478 1478 1384 1384 1382 1382 1372 1372 1479 1479 1373 1373 1404 1404 1373 1373 1479 1479 1373 1373 1404 1404 1375 1375 1480 1480 1442 1442 1481 1481 1441 1441 1481 1481 1442 1442 1482 1482 1436 1436 1483 1483 1434 1434 1483 1483 1436 1436 1483 1483 1434 1434 1484 1484 1433 1433 1484 1484 1434 1434 1484 1484 1433 1433 1485 1485 1445 1445 1485 1485 1433 1433 1485 1485 1445 1445 1480 1480 1444 1444 1480 1480 1445 1445 1480 1480 1444 1444 1442 1442 1440 1440 1439 1439 1482 1482 1437 1437 1482 1482 1439 1439 1482 1482 1437 1437 1436 1436 1424 1424 1471 1471 1425 1425 1422 1422 1470 1470 1423 1423 1417 1417 1416 1416 1469 1469 1414 1414 1469 1469 1416 1416 1469 1469 1414 1414 1412 1412 1466 1466 1410 1410 1417 1417 1410 1410 1466 1466 1408 1408 1467 1467 1408 1408 1466 1466 1408 1408 1467 1467 1406 1406 1417 1417 1469 1469 1466 1466 1486 1486 1466 1466 1469 1469 1466 1466 1486 1486 1464 1464 1468 1468 1487 1487 1469 1469 1488 1488 1469 1469 1487 1487 1469 1469 1488 1488 1486 1486 1489 1489 1490 1490 1491 1491 1463 1463 1491 1491 1490 1490 1491 1491 1463 1463 1492 1492 1462 1462 1492 1492 1463 1463 1493 1493 1494 1494 1495 1495 1496 1496 1495 1495 1494 1494 1497 1497 1498 1498 1449 1449 1499 1499 1449 1449 1498 1498 1449 1449 1499 1499 1450 1450 1500 1500 1450 1450 1499 1499 1450 1450 1500 1500 1451 1451 1501 1501 1451 1451 1500 1500 1502 1502 1503 1503 1446 1446 1504 1504 1446 1446 1503 1503 1446 1446 1504 1504 1447 1447 1505 1505 1506 1506 1507 1507 1455 1455 1507 1507 1506 1506 1507 1507 1455 1455 1508 1508 1457 1457 1508 1508 1455 1455 1399 1399 1398 1398 1473 1473 1509 1509 1473 1473 1398 1398 1473 1473 1509 1509 1510 1510 1496 1496 1461 1461 1495 1495 1463 1463 1495 1495 1461 1461 1495 1495 1463 1463 1511 1511 1490 1490 1511 1511 1463 1463 1511 1511 1490 1490 1468 1468 1489 1489 1468 1468 1490 1490 1468 1468 1489 1489 1487 1487 1512 1512 1513 1513 1514 1514 1515 1515 1516 1516 1452 1452 1517 1517 1452 1452 1516 1516 1452 1452 1517 1517 1453 1453 1493 1493 1453 1453 1517 1517 1453 1453 1493 1493 1454 1454 1495 1495 1454 1454 1493 1493 1454 1454 1495 1495 1518 1518 1511 1511 1518 1518 1495 1495 1518 1518 1511 1511 1519 1519 1468 1468 1519 1519 1511 1511 1519 1519 1468 1468 1411 1411 1412 1412 1411 1411 1468 1468 1501 1501 1515 1515 1451 1451 1452 1452 1451 1451 1515 1515 1451 1451 1452 1452 1520 1520 1454 1454 1520 1520 1452 1452 1520 1520 1454 1454 1521 1521 1518 1518 1521 1521 1454 1454 1521 1521 1518 1518 1470 1470 1519 1519 1470 1470 1518 1518 1470 1470 1519 1519 1423 1423 1411 1411 1423 1423 1519 1519 1504 1504 1522 1522 1447 1447 1497 1497 1447 1447 1522 1522 1447 1447 1497 1497 1448 1448 1449 1449 1448 1448 1497 1497 1448 1448 1449 1449 1523 1523 1451 1451 1523 1523 1449 1449 1523 1523 1451 1451 1524 1524 1520 1520 1524 1524 1451 1451 1524 1524 1520 1520 1525 1525 1521 1521 1525 1525 1520 1520 1525 1525 1521 1521 1526 1526 1470 1470 1526 1526 1521 1521 1526 1526 1470 1470 1419 1419 1420 1420 1419 1419 1470 1470 1459 1459 1502 1502 1460 1460 1446 1446 1460 1460 1502 1502 1460 1460 1446 1446 1527 1527 1448 1448 1527 1527 1446 1446 1527 1527 1448 1448 1528 1528 1523 1523 1528 1528 1448 1448 1528 1528 1523 1523 1529 1529 1524 1524 1529 1529 1523 1523 1529 1529 1524 1524 1530 1530 1525 1525 1530 1530 1524 1524 1530 1530 1525 1525 1531 1531 1526 1526 1531 1531 1525 1525 1531 1531 1526 1526 1426 1426 1419 1419 1426 1426 1526 1526 1532 1532 1533 1533 1512 1512 1534 1534 1512 1512 1533 1533 1512 1512 1534 1534 1513 1513 1458 1458 1513 1513 1534 1534 1513 1513 1458 1458 1514 1514 1460 1460 1514 1514 1458 1458 1514 1514 1460 1460 1535 1535 1527 1527 1535 1535 1460 1460 1535 1535 1527 1527 1536 1536 1528 1528 1536 1536 1527 1527 1536 1536 1528 1528 1537 1537 1529 1529 1537 1537 1528 1528 1537 1537 1529 1529 1538 1538 1530 1530 1538 1538 1529 1529 1538 1538 1530 1530 1471 1471 1531 1531 1471 1471 1530 1530 1471 1471 1531 1531 1425 1425 1426 1426 1425 1425 1531 1531 1539 1539 1540 1540 1482 1482 1427 1427 1482 1482 1540 1540 1482 1482 1427 1427 1440 1440 1456 1456 1532 1532 1457 1457 1512 1512 1457 1457 1532 1532 1457 1457 1512 1512 1541 1541 1514 1514 1541 1541 1512 1512 1541 1541 1514 1514 1542 1542 1535 1535 1542 1542 1514 1514 1542 1542 1535 1535 1543 1543 1536 1536 1543 1543 1535 1535 1543 1543 1536 1536 1544 1544 1537 1537 1544 1544 1536 1536 1544 1544 1537 1537 1545 1545 1538 1538 1545 1545 1537 1537 1545 1545 1538 1538 1546 1546 1471 1471 1546 1546 1538 1538 1546 1546 1471 1471 1428 1428 1430 1430 1428 1428 1471 1471 1547 1547 1548 1548 1549 1549 1550 1550 1549 1549 1548 1548 1549 1549 1550 1550 1551 1551 1552 1552 1551 1551 1550 1550 1551 1551 1552 1552 1553 1553 1554 1554 1547 1547 1555 1555 1549 1549 1555 1555 1547 1547 1555 1555 1549 1549 1556 1556 1551 1551 1556 1556 1549 1549 1556 1556 1551 1551 1557 1557 1553 1553 1557 1557 1551 1551 1557 1557 1553 1553 1558 1558 1559 1559 1554 1554 1560 1560 1555 1555 1560 1560 1554 1554 1560 1560 1555 1555 1561 1561 1556 1556 1561 1561 1555 1555 1561 1561 1556 1556 1562 1562 1557 1557 1562 1562 1556 1556 1562 1562 1557 1557 1563 1563 1558 1558 1563 1563 1557 1557 1563 1563 1558 1558 1564 1564 1565 1565 1559 1559 1566 1566 1560 1560 1566 1566 1559 1559 1566 1566 1560 1560 1567 1567 1561 1561 1567 1567 1560 1560 1567 1567 1561 1561 1568 1568 1562 1562 1568 1568 1561 1561 1568 1568 1562 1562 1569 1569 1563 1563 1569 1569 1562 1562 1569 1569 1563 1563 1570 1570 1564 1564 1570 1570 1563 1563 1570 1570 1564 1564 1539 1539 1539 1539 1482 1482 1570 1570 1483 1483 1570 1570 1482 1482 1570 1570 1483 1483 1569 1569 1484 1484 1569 1569 1483 1483 1569 1569 1484 1484 1568 1568 1485 1485 1568 1568 1484 1484 1568 1568 1485 1485 1567 1567 1480 1480 1567 1567 1485 1485 1567 1567 1480 1480 1566 1566 1481 1481 1566 1566 1480 1480 1566 1566 1481 1481 1565 1565 1372 1372 1380 1380 1479 1479 1472 1472 1479 1479 1380 1380 1479 1479 1472 1472 1571 1571 1478 1478 1571 1571 1472 1472 1571 1571 1478 1478 1572 1572 1477 1477 1572 1572 1478 1478 1572 1572 1477 1477 1573 1573 1476 1476 1573 1573 1477 1477 1573 1573 1476 1476 1574 1574 1475 1475 1574 1574 1476 1476 1574 1574 1475 1475 1575 1575 1474 1474 1575 1575 1475 1475 1575 1575 1474 1474 1508 1508 1473 1473 1508 1508 1474 1474 1508 1508 1473 1473 1507 1507 1510 1510 1507 1507 1473 1473 1507 1507 1510 1510 1505 1505 1428 1428 1427 1427 1546 1546 1540 1540 1546 1546 1427 1427 1546 1546 1540 1540 1545 1545 1539 1539 1545 1545 1540 1540 1545 1545 1539 1539 1544 1544 1564 1564 1544 1544 1539 1539 1544 1544 1564 1564 1543 1543 1558 1558 1543 1543 1564 1564 1543 1543 1558 1558 1542 1542 1553 1553 1542 1542 1558 1558 1542 1542 1553 1553 1541 1541 1552 1552 1541 1541 1553 1553 1541 1541 1552 1552 1457 1457 1550 1550 1457 1457 1552 1552 1457 1457 1550 1550 1508 1508 1548 1548 1508 1508 1550 1550 1508 1508 1548 1548 1575 1575 1547 1547 1575 1575 1548 1548 1575 1575 1547 1547 1574 1574 1554 1554 1574 1574 1547 1547 1574 1574 1554 1554 1573 1573 1559 1559 1573 1573 1554 1554 1573 1573 1559 1559 1572 1572 1565 1565 1572 1572 1559 1559 1572 1572 1565 1565 1571 1571 1481 1481 1571 1571 1565 1565 1571 1571 1481 1481 1479 1479 1441 1441 1479 1479 1481 1481 1479 1479 1441 1441 1404 1404 1576 1576 1577 1577 1578 1578 1579 1579 1580 1580 1581 1581 1579 1579 1581 1581 1582 1582 1064 1064 1583 1583 1584 1584 1585 1585 1584 1584 1583 1583 1584 1584 1585 1585 1586 1586 1578 1578 1577 1577 1587 1587 1578 1578 1588 1588 1576 1576 1589 1589 1576 1576 1588 1588 1576 1576 1589 1589 1585 1585 1590 1590 1585 1585 1589 1589 1585 1585 1590 1590 1586 1586 1591 1591 1592 1592 1593 1593 1592 1592 1594 1594 1593 1593 1595 1595 1593 1593 1594 1594 1593 1593 1595 1595 1596 1596 1597 1597 1596 1596 1595 1595 1596 1596 1597 1597 1577 1577 1598 1598 1577 1577 1597 1597 1577 1577 1598 1598 1587 1587 1591 1591 1593 1593 1599 1599 1600 1600 1599 1599 1593 1593 1599 1599 1600 1600 1601 1601 1602 1602 1601 1601 1600 1600 1601 1601 1602 1602 1603 1603 1604 1604 1603 1603 1602 1602 1603 1603 1604 1604 1605 1605 1606 1606 1607 1607 1608 1608 1607 1607 1609 1609 1608 1608 1610 1610 1608 1608 1609 1609 1608 1608 1610 1610 1611 1611 1612 1612 1611 1611 1610 1610 1611 1611 1612 1612 1604 1604 1613 1613 1604 1604 1612 1612 1604 1604 1613 1613 1605 1605 1581 1581 1614 1614 1582 1582 1615 1615 1582 1582 1614 1614 1582 1582 1615 1615 1616 1616 1617 1617 1616 1616 1615 1615 1616 1616 1617 1617 1608 1608 1618 1618 1608 1608 1617 1617 1608 1608 1618 1618 1606 1606 1619 1619 1620 1620 1621 1621 1622 1622 1621 1621 1620 1620 1621 1621 1622 1622 1623 1623 1624 1624 1625 1625 1626 1626 1627 1627 1626 1626 1625 1625 1628 1628 1629 1629 1630 1630 1631 1631 1630 1630 1629 1629 1632 1632 1633 1633 1634 1634 1635 1635 1634 1634 1633 1633 1634 1634 1635 1635 1636 1636 1637 1637 1638 1638 1639 1639 1640 1640 1639 1639 1638 1638 1641 1641 1642 1642 1643 1643 1644 1644 1645 1645 1646 1646 1647 1647 1646 1646 1645 1645 1646 1646 1647 1647 1641 1641 1648 1648 1641 1641 1647 1647 1641 1641 1648 1648 1642 1642 1643 1643 1649 1649 1641 1641 1650 1650 1641 1641 1649 1649 1641 1641 1650 1650 1651 1651 1652 1652 1651 1651 1650 1650 1651 1651 1652 1652 1653 1653 1653 1653 1654 1654 1651 1651 1655 1655 1651 1651 1654 1654 1651 1651 1655 1655 1656 1656 1657 1657 1656 1656 1655 1655 1657 1657 1658 1658 1656 1656 1659 1659 1656 1656 1658 1658 1656 1656 1659 1659 1660 1660 1660 1660 1661 1661 1656 1656 1662 1662 1656 1656 1661 1661 1656 1656 1662 1662 1663 1663 1662 1662 1664 1664 1663 1663 1665 1665 1663 1663 1664 1664 1663 1663 1665 1665 1666 1666 1666 1666 1667 1667 1663 1663 1668 1668 1663 1663 1667 1667 1663 1663 1668 1668 1646 1646 1669 1669 1646 1646 1668 1668 1646 1646 1669 1669 1644 1644 1670 1670 1671 1671 1672 1672 1673 1673 1672 1672 1671 1671 1672 1672 1673 1673 1674 1674 1675 1675 1676 1676 1677 1677 1670 1670 1677 1677 1676 1676 1678 1678 1679 1679 1680 1680 1681 1681 1680 1680 1679 1679 1680 1680 1681 1681 1675 1675 1682 1682 1683 1683 1678 1678 1684 1684 1685 1685 1686 1686 1683 1683 1686 1686 1685 1685 1687 1687 1684 1684 1688 1688 1686 1686 1688 1688 1684 1684 1688 1688 1686 1686 1689 1689 1690 1690 1689 1689 1686 1686 1691 1691 1692 1692 1690 1690 1693 1693 1690 1690 1692 1692 1690 1690 1693 1693 1689 1689 1694 1694 1695 1695 1696 1696 1697 1697 1696 1696 1695 1695 1696 1696 1697 1697 1698 1698 1699 1699 1698 1698 1697 1697 1698 1698 1699 1699 1700 1700 1701 1701 1700 1700 1699 1699 1700 1700 1701 1701 1691 1691 1702 1702 1691 1691 1701 1701 1691 1691 1702 1702 1692 1692 1694 1694 1696 1696 1703 1703 1704 1704 1703 1703 1696 1696 1703 1703 1704 1704 1705 1705 1706 1706 1705 1705 1704 1704 1705 1705 1706 1706 1707 1707 1708 1708 1709 1709 1710 1710 1711 1711 1710 1710 1709 1709 1712 1712 1713 1713 1714 1714 1715 1715 1714 1714 1713 1713 1716 1716 1717 1717 1718 1718 1719 1719 1718 1718 1717 1717 1720 1720 1719 1719 1721 1721 1717 1717 1721 1721 1719 1719 1721 1721 1717 1717 1722 1722 1723 1723 1722 1722 1717 1717 1722 1722 1723 1723 1724 1724 1725 1725 1726 1726 1723 1723 1727 1727 1723 1723 1726 1726 1723 1723 1727 1727 1724 1724 1728 1728 1729 1729 1730 1730 1731 1731 1730 1730 1729 1729 1730 1730 1731 1731 1725 1725 1732 1732 1725 1725 1731 1731 1725 1725 1732 1732 1726 1726 1728 1728 1730 1730 1733 1733 1734 1734 1733 1733 1730 1730 1733 1733 1734 1734 1735 1735 1736 1736 1735 1735 1734 1734 1735 1735 1736 1736 1737 1737 1738 1738 1739 1739 1736 1736 1740 1740 1736 1736 1739 1739 1736 1736 1740 1740 1737 1737 1674 1674 1741 1741 1672 1672 1742 1742 1672 1672 1741 1741 1672 1672 1742 1742 1738 1738 1743 1743 1738 1738 1742 1742 1738 1738 1743 1743 1739 1739 1683 1683 1682 1682 1686 1686 1744 1744 1686 1686 1682 1682 1686 1686 1744 1744 1690 1690 1745 1745 1690 1690 1744 1744 1690 1690 1745 1745 1691 1691 1746 1746 1691 1691 1745 1745 1691 1691 1746 1746 1700 1700 1747 1747 1700 1700 1746 1746 1700 1700 1747 1747 1698 1698 1748 1748 1698 1698 1747 1747 1698 1698 1748 1748 1696 1696 1749 1749 1696 1696 1748 1748 1696 1696 1749 1749 1704 1704 1710 1710 1704 1704 1749 1749 1704 1704 1710 1710 1706 1706 1711 1711 1706 1706 1710 1710 1706 1706 1711 1711 1707 1707 1750 1750 1707 1707 1711 1711 1707 1707 1750 1750 1751 1751 1678 1678 1680 1680 1682 1682 1752 1752 1682 1682 1680 1680 1682 1682 1752 1752 1744 1744 1753 1753 1744 1744 1752 1752 1744 1744 1753 1753 1745 1745 1754 1754 1745 1745 1753 1753 1745 1745 1754 1754 1746 1746 1755 1755 1746 1746 1754 1754 1746 1746 1755 1755 1747 1747 1756 1756 1747 1747 1755 1755 1747 1747 1756 1756 1748 1748 1757 1757 1748 1748 1756 1756 1748 1748 1757 1757 1749 1749 1714 1714 1749 1749 1757 1757 1749 1749 1714 1714 1710 1710 1715 1715 1710 1710 1714 1714 1710 1710 1715 1715 1708 1708 1675 1675 1677 1677 1680 1680 1758 1758 1680 1680 1677 1677 1680 1680 1758 1758 1752 1752 1759 1759 1752 1752 1758 1758 1752 1752 1759 1759 1753 1753 1760 1760 1753 1753 1759 1759 1753 1753 1760 1760 1754 1754 1761 1761 1754 1754 1760 1760 1754 1754 1761 1761 1755 1755 1762 1762 1755 1755 1761 1761 1755 1755 1762 1762 1756 1756 1763 1763 1756 1756 1762 1762 1756 1756 1763 1763 1757 1757 1764 1764 1757 1757 1763 1763 1757 1757 1764 1764 1714 1714 1765 1765 1714 1714 1764 1764 1714 1714 1765 1765 1712 1712 1670 1670 1672 1672 1677 1677 1738 1738 1677 1677 1672 1672 1677 1677 1738 1738 1758 1758 1736 1736 1758 1758 1738 1738 1758 1758 1736 1736 1759 1759 1734 1734 1759 1759 1736 1736 1759 1759 1734 1734 1760 1760 1730 1730 1760 1760 1734 1734 1760 1760 1730 1730 1761 1761 1725 1725 1761 1761 1730 1730 1761 1761 1725 1725 1762 1762 1723 1723 1762 1762 1725 1725 1762 1762 1723 1723 1763 1763 1717 1717 1763 1763 1723 1723 1763 1763 1717 1717 1764 1764 1716 1716 1764 1764 1717 1717 1764 1764 1716 1716 1765 1765 1766 1766 1767 1767 1768 1768 1769 1769 1768 1768 1767 1767 1770 1770 1771 1771 1772 1772 1773 1773 1774 1774 1775 1775 1776 1776 1775 1775 1774 1774 1777 1777 1778 1778 1779 1779 1780 1780 1779 1779 1778 1778 1779 1779 1780 1780 1781 1781 1782 1782 1783 1783 1784 1784 1785 1785 1784 1784 1783 1783 1784 1784 1785 1785 1786 1786 1787 1787 1786 1786 1785 1785 1786 1786 1787 1787 1788 1788 1789 1789 1788 1788 1787 1787 1790 1790 1791 1791 1792 1792 1793 1793 1792 1792 1791 1791 1792 1792 1793 1793 1794 1794 1795 1795 1796 1796 1797 1797 1798 1798 1797 1797 1796 1796 1799 1799 1800 1800 1801 1801 1802 1802 1801 1801 1800 1800 1803 1803 1804 1804 1805 1805 1803 1803 1806 1806 1804 1804 1807 1807 1804 1804 1806 1806 1804 1804 1807 1807 1808 1808 1809 1809 1808 1808 1807 1807 1809 1809 1810 1810 1808 1808 1811 1811 1808 1808 1810 1810 1808 1808 1811 1811 1812 1812 1813 1813 1812 1812 1811 1811 1812 1812 1813 1813 1805 1805 1814 1814 1805 1805 1813 1813 1805 1805 1814 1814 1803 1803 1815 1815 1816 1816 1817 1817 1818 1818 1817 1817 1816 1816 1817 1817 1818 1818 1819 1819 1820 1820 1821 1821 1822 1822 1823 1823 1824 1824 1822 1822 1825 1825 1822 1822 1824 1824 1822 1822 1825 1825 1820 1820 1826 1826 1827 1827 1828 1828 1829 1829 1830 1830 1831 1831 1832 1832 1831 1831 1830 1830 1831 1831 1832 1832 1823 1823 1821 1821 1833 1833 1822 1822 1834 1834 1822 1822 1833 1833 1822 1822 1834 1834 1835 1835 1836 1836 1835 1835 1834 1834 1835 1835 1836 1836 1837 1837 1828 1828 1838 1838 1826 1826 1839 1839 1826 1826 1838 1838 1826 1826 1839 1839 1831 1831 1840 1840 1831 1831 1839 1839 1831 1831 1840 1840 1829 1829 1837 1837 1841 1841 1835 1835 1842 1842 1835 1835 1841 1841 1835 1835 1842 1842 1826 1826 1843 1843 1826 1826 1842 1842 1826 1826 1843 1843 1827 1827 1832 1832 1844 1844 1823 1823 1845 1845 1823 1823 1844 1844 1823 1823 1845 1845 1846 1846 1846 1846 1847 1847 1823 1823 1848 1848 1823 1823 1847 1847 1823 1823 1848 1848 1824 1824 1849 1849 1850 1850 1851 1851 1852 1852 1853 1853 1854 1854 1855 1855 1854 1854 1853 1853 1856 1856 1857 1857 1858 1858 1859 1859 1858 1858 1857 1857 1860 1860 1855 1855 1859 1859 1849 1849 1859 1859 1855 1855 1859 1859 1849 1849 1858 1858 1851 1851 1858 1858 1849 1849 1861 1861 1862 1862 1860 1860 1863 1863 1860 1860 1862 1862 1860 1860 1863 1863 1855 1855 1864 1864 1855 1855 1863 1863 1855 1855 1864 1864 1854 1854 1865 1865 1866 1866 1867 1867 1854 1854 1867 1867 1866 1866 1867 1867 1854 1854 1868 1868 1864 1864 1868 1868 1854 1854 1868 1868 1864 1864 1869 1869 1870 1870 1869 1869 1864 1864 1871 1871 1872 1872 1873 1873 1874 1874 1873 1873 1872 1872 1873 1873 1874 1874 1875 1875 1876 1876 1875 1875 1874 1874 1875 1875 1876 1876 1877 1877 1878 1878 1877 1877 1876 1876 1877 1877 1878 1878 1879 1879 1880 1880 1879 1879 1878 1878 1879 1879 1880 1880 1881 1881 1882 1882 1881 1881 1880 1880 1881 1881 1882 1882 1883 1883 1884 1884 1883 1883 1882 1882 1883 1883 1884 1884 1885 1885 1886 1886 1885 1885 1884 1884 1885 1885 1886 1886 1887 1887 1888 1888 1887 1887 1886 1886 1887 1887 1888 1888 1889 1889 1890 1890 1889 1889 1888 1888 1889 1889 1890 1890 1891 1891 1892 1892 1891 1891 1890 1890 1891 1891 1892 1892 1893 1893 1894 1894 1893 1893 1892 1892 1893 1893 1894 1894 1895 1895 1896 1896 1895 1895 1894 1894 1897 1897 1898 1898 1899 1899 1900 1900 1899 1899 1898 1898 1899 1899 1900 1900 1901 1901 1902 1902 1901 1901 1900 1900 1901 1901 1902 1902 1903 1903 1904 1904 1903 1903 1902 1902 1903 1903 1904 1904 1905 1905 1906 1906 1905 1905 1904 1904 1905 1905 1906 1906 1907 1907 1908 1908 1907 1907 1906 1906 1907 1907 1908 1908 1909 1909 1910 1910 1909 1909 1908 1908 1909 1909 1910 1910 1911 1911 1912 1912 1911 1911 1910 1910 1911 1911 1912 1912 1913 1913 1914 1914 1913 1913 1912 1912 1913 1913 1914 1914 1915 1915 1916 1916 1915 1915 1914 1914 1915 1915 1916 1916 1917 1917 1918 1918 1917 1917 1916 1916 1917 1917 1918 1918 1919 1919 1920 1920 1919 1919 1918 1918 1919 1919 1920 1920 1921 1921 1922 1922 1921 1921 1920 1920 1923 1923 1924 1924 1925 1925 1926 1926 1927 1927 1928 1928 1928 1928 1923 1923 1926 1926 1925 1925 1926 1926 1923 1923 1926 1926 1925 1925 1929 1929 1930 1930 1929 1929 1925 1925 1929 1929 1930 1930 1931 1931 1932 1932 1933 1933 1934 1934 1935 1935 1934 1934 1933 1933 1936 1936 1937 1937 1938 1938 1939 1939 1938 1938 1937 1937 1940 1940 1941 1941 1942 1942 1940 1940 1942 1942 1943 1943 1944 1944 1943 1943 1942 1942 1943 1943 1944 1944 1945 1945 1946 1946 1945 1945 1944 1944 1945 1945 1946 1946 1947 1947 1946 1946 1948 1948 1947 1947 1949 1949 1947 1947 1948 1948 1947 1947 1949 1949 1950 1950 1951 1951 1950 1950 1949 1949 1950 1950 1951 1951 1952 1952 1951 1951 1953 1953 1952 1952 1954 1954 1952 1952 1953 1953 1952 1952 1954 1954 1955 1955 1956 1956 1955 1955 1954 1954 1955 1955 1956 1956 1957 1957 1958 1958 1959 1959 1960 1960 1961 1961 1962 1962 1963 1963 1964 1964 1963 1963 1962 1962 1965 1965 1966 1966 1967 1967 1968 1968 1967 1967 1966 1966 1967 1967 1968 1968 1958 1958 1969 1969 1958 1958 1968 1968 1958 1958 1969 1969 1959 1959 1970 1970 1971 1971 1967 1967 1972 1972 1967 1967 1971 1971 1967 1967 1972 1972 1965 1965 1960 1960 1973 1973 1958 1958 1974 1974 1958 1958 1973 1973 1958 1958 1974 1974 1963 1963 1975 1975 1963 1963 1974 1974 1963 1963 1975 1975 1961 1961 1976 1976 1977 1977 1978 1978 1979 1979 1978 1978 1977 1977 1978 1978 1979 1979 1970 1970 1980 1980 1970 1970 1979 1979 1970 1970 1980 1980 1981 1981 1981 1981 1982 1982 1970 1970 1983 1983 1970 1970 1982 1982 1970 1970 1983 1983 1971 1971 1964 1964 1984 1984 1963 1963 1985 1985 1963 1963 1984 1984 1963 1963 1985 1985 1978 1978 1986 1986 1978 1978 1985 1985 1978 1978 1986 1986 1976 1976 1987 1987 1988 1988 1989 1989 1990 1990 1991 1991 1992 1992 1993 1993 1992 1992 1991 1991 1992 1992 1993 1993 1994 1994 1995 1995 1994 1994 1993 1993 1994 1994 1995 1995 1996 1996 1997 1997 1996 1996 1995 1995 1996 1996 1997 1997 1998 1998 1999 1999 1998 1998 1997 1997 1998 1998 1999 1999 2000 2000 2001 2001 2000 2000 1999 1999 2000 2000 2001 2001 2002 2002 2003 2003 2002 2002 2001 2001 2002 2002 2003 2003 2004 2004 2005 2005 2004 2004 2003 2003 2004 2004 2005 2005 2006 2006 2007 2007 2006 2006 2005 2005 2006 2006 2007 2007 2008 2008 2009 2009 2008 2008 2007 2007 2008 2008 2009 2009 2010 2010 2011 2011 2010 2010 2009 2009 2010 2010 2011 2011 2012 2012 2013 2013 2012 2012 2011 2011 2012 2012 2013 2013 2014 2014 2015 2015 2014 2014 2013 2013 705 705 706 706 2016 2016 2017 2017 2016 2016 706 706 2016 2016 2017 2017 2018 2018 2019 2019 2018 2018 2017 2017 2018 2018 2019 2019 2020 2020 2021 2021 2020 2020 2019 2019 2020 2020 2021 2021 2022 2022 2023 2023 2022 2022 2021 2021 2022 2022 2023 2023 2024 2024 2025 2025 2024 2024 2023 2023 2024 2024 2025 2025 2026 2026 2027 2027 2026 2026 2025 2025 2026 2026 2027 2027 2028 2028 2029 2029 2028 2028 2027 2027 2028 2028 2029 2029 2030 2030 2031 2031 2030 2030 2029 2029 2030 2030 2031 2031 2032 2032 2033 2033 2032 2032 2031 2031 2032 2032 2033 2033 2034 2034 2035 2035 2034 2034 2033 2033 2034 2034 2035 2035 2036 2036 2037 2037 2036 2036 2035 2035 2036 2036 2037 2037 2038 2038 2039 2039 2038 2038 2037 2037 2038 2038 2039 2039 2040 2040 2041 2041 2040 2040 2039 2039 2040 2040 2041 2041 677 677 678 678 677 677 2041 2041 2042 2042 2043 2043 2044 2044 2045 2045 4 4 2046 2046 2047 2047 2046 2046 4 4 2048 2048 2049 2049 2050 2050 1064 1064 1066 1066 1583 1583 2051 2051 1583 1583 1066 1066 1583 1583 2051 2051 2052 2052 2053 2053 2052 2052 2051 2051 2052 2052 2053 2053 2049 2049 2054 2054 2055 2055 2056 2056 2057 2057 2056 2056 2055 2055 2048 2048 2050 2050 2044 2044 2058 2058 2044 2044 2050 2050 2044 2044 2058 2058 2042 2042 2054 2054 2059 2059 2055 2055 2052 2052 2055 2055 2059 2059 2055 2055 2052 2052 2060 2060 2049 2049 2060 2060 2052 2052 2060 2060 2049 2049 2061 2061 2048 2048 2061 2061 2049 2049 2062 2062 1406 1406 2063 2063 4 4 2063 2063 1406 1406 2063 2063 4 4 2064 2064 2045 2045 2064 2064 4 4 862 862 747 747 2065 2065 746 746 2065 2065 747 747 2065 2065 746 746 2055 2055 2066 2066 2055 2055 746 746 2055 2055 2066 2066 2057 2057 2043 2043 2067 2067 2044 2044 2068 2068 2044 2044 2067 2067 2044 2044 2068 2068 2069 2069 2047 2047 2069 2069 2068 2068 2069 2069 2047 2047 3 3 4 4 3 3 2047 2047 2070 2070 2071 2071 2072 2072 2071 2071 2070 2070 2073 2073 2074 2074 1673 1673 2075 2075 2070 2070 2075 2075 1673 1673 2075 2075 2070 2070 2076 2076 2072 2072 2076 2076 2070 2070 2074 2074 2077 2077 1673 1673 2078 2078 1673 1673 2077 2077 1673 1673 2078 2078 2079 2079 2080 2080 2079 2079 2078 2078 1219 1219 2081 2081 1066 1066 2082 2082 1066 1066 2081 2081 1066 1066 2082 2082 2051 2051 2062 2062 2083 2083 1406 1406 2084 2084 1406 1406 2083 2083 1406 1406 2084 2084 1407 1407 2085 2085 1407 1407 2084 2084 1219 1219 2086 2086 2081 2081 2087 2087 2081 2081 2086 2086 2081 2081 2087 2087 2080 2080 2088 2088 2080 2080 2087 2087 2080 2080 2088 2088 2079 2079 2070 2070 2089 2089 2073 2073 2090 2090 2073 2073 2089 2089 2073 2073 2090 2090 2084 2084 2091 2091 2084 2084 2090 2090 2084 2084 2091 2091 2085 2085 2092 2092 2093 2093 2094 2094 2095 2095 2094 2094 2093 2093 2094 2094 2095 2095 2096 2096 2097 2097 2096 2096 2095 2095 2096 2096 2097 2097 2098 2098 2099 2099 2098 2098 2097 2097 2098 2098 2099 2099 2100 2100 2101 2101 2100 2100 2099 2099 2100 2100 2101 2101 2102 2102 2103 2103 2102 2102 2101 2101 2102 2102 2103 2103 2104 2104 2105 2105 2106 2106 2107 2107 2108 2108 2107 2107 2106 2106 2107 2107 2108 2108 2109 2109 2110 2110 2109 2109 2108 2108 2109 2109 2110 2110 2111 2111 2112 2112 2111 2111 2110 2110 2111 2111 2112 2112 2113 2113 2114 2114 2113 2113 2112 2112 2113 2113 2114 2114 2115 2115 2116 2116 2115 2115 2114 2114 2115 2115 2116 2116 2092 2092 2117 2117 2092 2092 2116 2116 2092 2092 2117 2117 2093 2093 2118 2118 2119 2119 2120 2120 2121 2121 2120 2120 2119 2119 2120 2120 2121 2121 2122 2122 2123 2123 2122 2122 2121 2121 2122 2122 2123 2123 2124 2124 2125 2125 2124 2124 2123 2123 2124 2124 2125 2125 2126 2126 2127 2127 2126 2126 2125 2125 2126 2126 2127 2127 2128 2128 2129 2129 2128 2128 2127 2127 2128 2128 2129 2129 2105 2105 2130 2130 2105 2105 2129 2129 2105 2105 2130 2130 2106 2106 2103 2103 2131 2131 2104 2104 2132 2132 2104 2104 2131 2131 2104 2104 2132 2132 2133 2133 2134 2134 2133 2133 2132 2132 2133 2133 2134 2134 2135 2135 2136 2136 2135 2135 2134 2134 2135 2135 2136 2136 2137 2137 2138 2138 2137 2137 2136 2136 2137 2137 2138 2138 2139 2139 2140 2140 2139 2139 2138 2138 2139 2139 2140 2140 2141 2141 2142 2142 2141 2141 2140 2140 2141 2141 2142 2142 2118 2118 2143 2143 2118 2118 2142 2142 2118 2118 2143 2143 2119 2119 2144 2144 2145 2145 2146 2146 2144 2144 2146 2146 2147 2147 2148 2148 2147 2147 2146 2146 2147 2147 2148 2148 2149 2149 2150 2150 2149 2149 2148 2148 2149 2149 2150 2150 2151 2151 2152 2152 2151 2151 2150 2150 2151 2151 2152 2152 2153 2153 2154 2154 2153 2153 2152 2152 2153 2153 2154 2154 2155 2155 2156 2156 2155 2155 2154 2154 2155 2155 2156 2156 2157 2157 2158 2158 2157 2157 2156 2156 2157 2157 2158 2158 2159 2159 2160 2160 2159 2159 2158 2158 2159 2159 2160 2160 2161 2161 2162 2162 2161 2161 2160 2160 2161 2161 2162 2162 2163 2163 2164 2164 2163 2163 2162 2162 2163 2163 2164 2164 2165 2165 2166 2166 2165 2165 2164 2164 2165 2165 2166 2166 2167 2167 2168 2168 2167 2167 2166 2166 2167 2167 2168 2168 2169 2169 2170 2170 2171 2171 2172 2172 2173 2173 2172 2172 2171 2171 2174 2174 2175 2175 2176 2176 2177 2177 2176 2176 2175 2175 2178 2178 2179 2179 2180 2180 2181 2181 2182 2182 2183 2183 2184 2184 2185 2185 2180 2180 2178 2178 2180 2180 2186 2186 2185 2185 2186 2186 2180 2180 2186 2186 2185 2185 2187 2187 2188 2188 2189 2189 2183 2183 2190 2190 2183 2183 2189 2189 2183 2183 2190 2190 2181 2181 2180 2180 2191 2191 2192 2192 2193 2193 2192 2192 2191 2191 2192 2192 2193 2193 2194 2194 2183 2183 2194 2194 2193 2193 2194 2194 2183 2183 2195 2195 2182 2182 2195 2195 2183 2183 2196 2196 2197 2197 2192 2192 2198 2198 2192 2192 2197 2197 2192 2192 2198 2198 2180 2180 2199 2199 2180 2180 2198 2198 2180 2180 2199 2199 2184 2184 2200 2200 2201 2201 2202 2202 2203 2203 2202 2202 2201 2201 2202 2202 2203 2203 2204 2204 2205 2205 2204 2204 2203 2203 2204 2204 2205 2205 2206 2206 2181 2181 2206 2206 2205 2205 2206 2206 2181 2181 2207 2207 2190 2190 2207 2207 2181 2181 2208 2208 2209 2209 2210 2210 2211 2211 1940 1940 1943 1943 2211 2211 1943 1943 2212 2212 1945 1945 2212 2212 1943 1943 2212 2212 1945 1945 2213 2213 1947 1947 2213 2213 1945 1945 2213 2213 1947 1947 2214 2214 1950 1950 2214 2214 1947 1947 2214 2214 1950 1950 2215 2215 1952 1952 2215 2215 1950 1950 2215 2215 1952 1952 2216 2216 1955 1955 2216 2216 1952 1952 2216 2216 1955 1955 2217 2217 1955 1955 1957 1957 2217 2217 2218 2218 2217 2217 1957 1957 2217 2217 2218 2218 2219 2219 2219 2219 2220 2220 2217 2217 2221 2221 2217 2217 2220 2220 2217 2217 2221 2221 2216 2216 2222 2222 2216 2216 2221 2221 2216 2216 2222 2222 2215 2215 2223 2223 2215 2215 2222 2222 2215 2215 2223 2223 2214 2214 2224 2224 2214 2214 2223 2223 2214 2214 2224 2224 2213 2213 2225 2225 2213 2213 2224 2224 2213 2213 2225 2225 2212 2212 2226 2226 2227 2227 2225 2225 2228 2228 2225 2225 2227 2227 2225 2225 2228 2228 2212 2212 2229 2229 2212 2212 2228 2228 2212 2212 2229 2229 2211 2211 2226 2226 2225 2225 2230 2230 2224 2224 2230 2230 2225 2225 2230 2230 2224 2224 2231 2231 2223 2223 2231 2231 2224 2224 2231 2231 2223 2223 2232 2232 2222 2222 2232 2232 2223 2223 2232 2232 2222 2222 2233 2233 2221 2221 2233 2233 2222 2222 2233 2233 2221 2221 2234 2234 2220 2220 2234 2234 2221 2221 2234 2234 2220 2220 2235 2235 2219 2219 2236 2236 2220 2220 2237 2237 2220 2220 2236 2236 2220 2220 2237 2237 2235 2235 2238 2238 2235 2235 2237 2237 2235 2235 2238 2238 2239 2239 2239 2239 2240 2240 2235 2235 2241 2241 2235 2235 2240 2240 2235 2235 2241 2241 2234 2234 2242 2242 2234 2234 2241 2241 2234 2234 2242 2242 2233 2233 2243 2243 2233 2233 2242 2242 2233 2233 2243 2243 2232 2232 2244 2244 2232 2232 2243 2243 2232 2232 2244 2244 2231 2231 2245 2245 2231 2231 2244 2244 2231 2231 2245 2245 2230 2230 2246 2246 2247 2247 2245 2245 2248 2248 2245 2245 2247 2247 2245 2245 2248 2248 2230 2230 2249 2249 2230 2230 2248 2248 2230 2230 2249 2249 2226 2226 2246 2246 2245 2245 2209 2209 2244 2244 2209 2209 2245 2245 2209 2209 2244 2244 2210 2210 2243 2243 2210 2210 2244 2244 2210 2210 2243 2243 2250 2250 2242 2242 2250 2250 2243 2243 2250 2250 2242 2242 2251 2251 2241 2241 2251 2251 2242 2242 2251 2251 2241 2241 2252 2252 2240 2240 2252 2252 2241 2241 2252 2252 2240 2240 2253 2253 2239 2239 2254 2254 2240 2240 2255 2255 2240 2240 2254 2254 2240 2240 2255 2255 2253 2253 2256 2256 2253 2253 2255 2255 2253 2253 2256 2256 2257 2257 2208 2208 2210 2210 2258 2258 2250 2250 2258 2258 2210 2210 2258 2258 2250 2250 2259 2259 2251 2251 2259 2259 2250 2250 2259 2259 2251 2251 2260 2260 2252 2252 2260 2260 2251 2251 2260 2260 2252 2252 2261 2261 2253 2253 2261 2261 2252 2252 2261 2261 2253 2253 2262 2262 2257 2257 2262 2262 2253 2253 2262 2262 2257 2257 2263 2263 2264 2264 2265 2265 2208 2208 2266 2266 2208 2208 2265 2265 2208 2208 2266 2266 2209 2209 2267 2267 2209 2209 2266 2266 2209 2209 2267 2267 2246 2246 2264 2264 2208 2208 2268 2268 2258 2258 2268 2268 2208 2208 2268 2268 2258 2258 2269 2269 2259 2259 2269 2269 2258 2258 2269 2269 2259 2259 2270 2270 2260 2260 2270 2270 2259 2259 2270 2270 2260 2260 2271 2271 2261 2261 2271 2271 2260 2260 2271 2271 2261 2261 2272 2272 2262 2262 2272 2272 2261 2261 2272 2272 2262 2262 2273 2273 2263 2263 2273 2273 2262 2262 2273 2273 2263 2263 2274 2274 2275 2275 2276 2276 2277 2277 2278 2278 2279 2279 2280 2280 2281 2281 2282 2282 2277 2277 2283 2283 2277 2277 2282 2282 2284 2284 2283 2283 2280 2280 2285 2285 2280 2280 2283 2283 2280 2280 2285 2285 2278 2278 2284 2284 2286 2286 2283 2283 2287 2287 2283 2283 2286 2286 2283 2283 2287 2287 2277 2277 2288 2288 2277 2277 2287 2287 2277 2277 2288 2288 2275 2275 2289 2289 2290 2290 2280 2280 2291 2291 2280 2280 2290 2290 2280 2280 2291 2291 2284 2284 2292 2292 2293 2293 2294 2294 2295 2295 2294 2294 2293 2293 1260 1260 1259 1259 2296 2296 1291 1291 2296 2296 1259 1259 2296 2296 1291 1291 1290 1290 2297 2297 1580 1580 2298 2298 1579 1579 2298 2298 1580 1580 2299 2299 2300 2300 2301 2301 1398 1398 100 100 99 99 1398 1398 99 99 2302 2302 104 104 2302 2302 99 99 2302 2302 104 104 1510 1510 1506 1506 1505 1505 1510 1510 104 104 2303 2303 1510 1510 113 113 1510 1510 2303 2303 1510 1510 113 113 1506 1506 2304 2304 1506 1506 113 113 106 106 116 116 1532 1532 112 112 110 110 108 108 2304 2304 113 113 2305 2305 112 112 2305 2305 113 113 2305 2305 112 112 1532 1532 108 108 1532 1532 112 112 1532 1532 108 108 106 106 116 116 115 115 1503 1503 1503 1503 1502 1502 116 116 1459 1459 116 116 1502 1502 116 116 1459 1459 2306 2306 2306 2306 1534 1534 116 116 1533 1533 116 116 1534 1534 116 116 1533 1533 1532 1532 1499 1499 1498 1498 168 168 1497 1497 168 168 1498 1498 168 168 1497 1497 1522 1522 1522 1522 1504 1504 168 168 1503 1503 168 168 1504 1504 168 168 1503 1503 161 161 115 115 161 161 1503 1503 161 161 115 115 114 114 1493 1493 1517 1517 118 118 1493 1493 118 118 1494 1494 1517 1517 2307 2307 118 118 1515 1515 118 118 2307 2307 118 118 1515 1515 120 120 1501 1501 120 120 1515 1515 120 120 1501 1501 168 168 1500 1500 168 168 1501 1501 168 168 1500 1500 1499 1499 157 157 158 158 1461 1461 1494 1494 118 118 1496 1496 118 118 1496 1496 118 118 1496 1496 118 118 1461 1461 2308 2308 1461 1461 118 118 1461 1461 2308 2308 157 157 121 121 1488 1488 1487 1487 1487 1487 1489 1489 121 121 1491 1491 121 121 1489 1489 121 121 1491 1491 1492 1492 158 158 122 122 1461 1461 121 121 1461 1461 122 122 1461 1461 121 121 1462 1462 1492 1492 1462 1462 121 121 69 69 126 126 1486 1486 1488 1488 121 121 1486 1486 141 141 1486 1486 121 121 1486 1486 141 141 69 69 126 126 125 125 1486 1486 124 124 1486 1486 125 125 1486 1486 124 124 1464 1464 1465 1465 1464 1464 124 124 1465 1465 124 124 1467 1467 127 127 1467 1467 124 124 1467 1467 127 127 1406 1406 128 128 1406 1406 127 127 1406 1406 128 128 4 4 2309 2309 2310 2310 2311 2311 862 862 2065 2065 2312 2312 2313 2313 2312 2312 2065 2065 2312 2312 2313 2313 2314 2314 2315 2315 2316 2316 2317 2317 2318 2318 2317 2317 2316 2316 2317 2317 2319 2319 2315 2315 2320 2320 2315 2315 2319 2319 2315 2315 2320 2320 2313 2313 2321 2321 2313 2313 2320 2320 2313 2313 2321 2321 2314 2314 2322 2322 2323 2323 2324 2324 2323 2323 2325 2325 2324 2324 2326 2326 2324 2324 2325 2325 2324 2324 2326 2326 2327 2327 2328 2328 2327 2327 2326 2326 2327 2327 2328 2328 2316 2316 2329 2329 2316 2316 2328 2328 2316 2316 2329 2329 2318 2318 2322 2322 2324 2324 2330 2330 2331 2331 2330 2330 2324 2324 2330 2330 2331 2331 2332 2332 2333 2333 2332 2332 2331 2331 2332 2332 2333 2333 2334 2334 2335 2335 2336 2336 2333 2333 2337 2337 2333 2333 2336 2336 2333 2333 2337 2337 2334 2334 2338 2338 2339 2339 2340 2340 2339 2339 2341 2341 2340 2340 2342 2342 2340 2340 2341 2341 2340 2340 2342 2342 2343 2343 2335 2335 2343 2343 2342 2342 2343 2343 2335 2335 2344 2344 2333 2333 2344 2344 2335 2335 2345 2345 2346 2346 2340 2340 2347 2347 2340 2340 2346 2346 2340 2340 2347 2347 2338 2338 2309 2309 2311 2311 2348 2348 2349 2349 2348 2348 2311 2311 2348 2348 2349 2349 2345 2345 2350 2350 2345 2345 2349 2349 2345 2345 2350 2350 2346 2346 2351 2351 2352 2352 2353 2353 2354 2354 2353 2353 2352 2352 2353 2353 2354 2354 2355 2355 2356 2356 2357 2357 2358 2358 2359 2359 2358 2358 2357 2357 2358 2358 2359 2359 2360 2360 2361 2361 2362 2362 2363 2363 2364 2364 2363 2363 2362 2362 2365 2365 2366 2366 2367 2367 987 987 806 806 2368 2368 805 805 2368 2368 806 806 2368 2368 805 805 2369 2369 2370 2370 2371 2371 2372 2372 2310 2310 2372 2372 2371 2371 2372 2372 2310 2310 2373 2373 2374 2374 2375 2375 2376 2376 2374 2374 2376 2376 2372 2372 2377 2377 2372 2372 2376 2376 2372 2372 2377 2377 2370 2370 2378 2378 2379 2379 2374 2374 2380 2380 2374 2374 2379 2379 2374 2374 2380 2380 2375 2375 2381 2381 2382 2382 2383 2383 2384 2384 2383 2383 2382 2382 2383 2383 2384 2384 2385 2385 2381 2381 2386 2386 2382 2382 2387 2387 2382 2382 2386 2386 2382 2382 2387 2387 2388 2388 2389 2389 2388 2388 2387 2387 2388 2388 2389 2389 2378 2378 2390 2390 2378 2378 2389 2389 2378 2378 2390 2390 2379 2379 2385 2385 2384 2384 2391 2391 2392 2392 2391 2391 2384 2384 2391 2391 2392 2392 2393 2393 2369 2369 805 805 2392 2392 2394 2394 2392 2392 805 805 2394 2394 2395 2395 2392 2392 2396 2396 2392 2392 2395 2395 2392 2392 2396 2396 2393 2393 1321 1321 1320 1320 2397 2397 2398 2398 2397 2397 1320 1320 2397 2397 2398 2398 2399 2399 2400 2400 2399 2399 2398 2398 2399 2399 2400 2400 2401 2401 2402 2402 2401 2401 2400 2400 2401 2401 2402 2402 2403 2403 2404 2404 2403 2403 2402 2402 2403 2403 2404 2404 2405 2405 2406 2406 2405 2405 2404 2404 2405 2405 2406 2406 2407 2407 2408 2408 2407 2407 2406 2406 2407 2407 2408 2408 2409 2409 2410 2410 2409 2409 2408 2408 2409 2409 2410 2410 2411 2411 2412 2412 2411 2411 2410 2410 2411 2411 2412 2412 2413 2413 2414 2414 2413 2413 2412 2412 2413 2413 2414 2414 2415 2415 2416 2416 2415 2415 2414 2414 2415 2415 2416 2416 2417 2417 2418 2418 2417 2417 2416 2416 2417 2417 2418 2418 2419 2419 2420 2420 2419 2419 2418 2418 2419 2419 2420 2420 2421 2421 2422 2422 2421 2421 2420 2420 2423 2423 2424 2424 2425 2425 2426 2426 2425 2425 2424 2424 2425 2425 2426 2426 2427 2427 2427 2427 2428 2428 2425 2425 2429 2429 2425 2425 2428 2428 2425 2425 2429 2429 2430 2430 2431 2431 2430 2430 2429 2429 2430 2430 2431 2431 2432 2432 2433 2433 2434 2434 2435 2435 2436 2436 2435 2435 2434 2434 2437 2437 2438 2438 2439 2439 2437 2437 2439 2439 2440 2440 2441 2441 2440 2440 2439 2439 2440 2440 2441 2441 2442 2442 2443 2443 2444 2444 2445 2445 2440 2440 2445 2445 2444 2444 2445 2445 2440 2440 2446 2446 2442 2442 2446 2446 2440 2440 2447 2447 2448 2448 2449 2449 2450 2450 2451 2451 2452 2452 2453 2453 2452 2452 2451 2451 2452 2452 2453 2453 2454 2454 2455 2455 2454 2454 2453 2453 2454 2454 2455 2455 2456 2456 2457 2457 2456 2456 2455 2455 2456 2456 2457 2457 2458 2458 2459 2459 2458 2458 2457 2457 2458 2458 2459 2459 2460 2460 2461 2461 2460 2460 2459 2459 2460 2460 2461 2461 2462 2462 2463 2463 2462 2462 2461 2461 2462 2462 2463 2463 2464 2464 2465 2465 2464 2464 2463 2463 2464 2464 2465 2465 2466 2466 2467 2467 2466 2466 2465 2465 2466 2466 2467 2467 2468 2468 2469 2469 2468 2468 2467 2467 2468 2468 2469 2469 2470 2470 2471 2471 2470 2470 2469 2469 2470 2470 2471 2471 2472 2472 2473 2473 2472 2472 2471 2471 2472 2472 2473 2473 2474 2474 2475 2475 2474 2474 2473 2473 2476 2476 2477 2477 2478 2478 2479 2479 2478 2478 2477 2477 2478 2478 2479 2479 2480 2480 2481 2481 2482 2482 2483 2483 2484 2484 2483 2483 2482 2482 2483 2483 2484 2484 2485 2485 2486 2486 2485 2485 2484 2484 2485 2485 2486 2486 2487 2487 2488 2488 2487 2487 2486 2486 2487 2487 2488 2488 2489 2489 2490 2490 2489 2489 2488 2488 2489 2489 2490 2490 2491 2491 2492 2492 2491 2491 2490 2490 2491 2491 2492 2492 2493 2493 2494 2494 2493 2493 2492 2492 2493 2493 2494 2494 2495 2495 2496 2496 2495 2495 2494 2494 2495 2495 2496 2496 2497 2497 2498 2498 2497 2497 2496 2496 2497 2497 2498 2498 2499 2499 2500 2500 2499 2499 2498 2498 2499 2499 2500 2500 2501 2501 2502 2502 2501 2501 2500 2500 2501 2501 2502 2502 2503 2503 2504 2504 2503 2503 2502 2502 2503 2503 2504 2504 2505 2505 2506 2506 2505 2505 2504 2504 2507 2507 2508 2508 2509 2509 2510 2510 2509 2509 2508 2508 2511 2511 2512 2512 2513 2513 2514 2514 2513 2513 2512 2512 2513 2513 2514 2514 2515 2515 2516 2516 2517 2517 2518 2518 2519 2519 2518 2518 2517 2517 2520 2520 2521 2521 2522 2522 2523 2523 2522 2522 2521 2521 2524 2524 2525 2525 2526 2526 2527 2527 2526 2526 2525 2525 2528 2528 2529 2529 2530 2530 2531 2531 2530 2530 2529 2529 2532 2532 2533 2533 2534 2534 2535 2535 2534 2534 2533 2533 2536 2536 2537 2537 2538 2538 2539 2539 2538 2538 2537 2537 2540 2540 2541 2541 2542 2542 2543 2543 2542 2542 2541 2541 2544 2544 2545 2545 2543 2543 2546 2546 2543 2543 2545 2545 2543 2543 2546 2546 2542 2542 2547 2547 2542 2542 2546 2546 2542 2542 2547 2547 2548 2548 2549 2549 2548 2548 2547 2547 2550 2550 2551 2551 2552 2552 2553 2553 2552 2552 2551 2551 2552 2552 2553 2553 2554 2554 2555 2555 2556 2556 2557 2557 2558 2558 2557 2557 2556 2556 2559 2559 2560 2560 2561 2561 2562 2562 2561 2561 2560 2560 2563 2563 2564 2564 2565 2565 2566 2566 2565 2565 2564 2564 2565 2565 2566 2566 2567 2567 2568 2568 2569 2569 2570 2570 2571 2571 2570 2570 2569 2569 2572 2572 2573 2573 2574 2574 2575 2575 2576 2576 2577 2577 2578 2578 2577 2577 2576 2576 2577 2577 2578 2578 2579 2579 2580 2580 2581 2581 2582 2582 2583 2583 2584 2584 2585 2585 2586 2586 2587 2587 2588 2588 2589 2589 2588 2588 2587 2587 2264 2264 2590 2590 2591 2591 2592 2592 2593 2593 2594 2594 2595 2595 2594 2594 2593 2593 2596 2596 2597 2597 2422 2422 2598 2598 2422 2422 2597 2597 2422 2422 2598 2598 2421 2421 2599 2599 2600 2600 2601 2601 2602 2602 2601 2601 2600 2600 2601 2601 2602 2602 2603 2603 2264 2264 2591 2591 2601 2601 2604 2604 2601 2601 2591 2591 2601 2601 2604 2604 2599 2599 2605 2605 2599 2599 2604 2604 2599 2599 2605 2605 2606 2606 2606 2606 2607 2607 2599 2599 2608 2608 2599 2599 2607 2607 2599 2599 2608 2608 2609 2609 2610 2610 2609 2609 2608 2608 2596 2596 2422 2422 2594 2594 2611 2611 2594 2594 2422 2422 2594 2594 2611 2611 2592 2592 2612 2612 2613 2613 2614 2614 2269 2269 2270 2270 2615 2615 2271 2271 2615 2615 2270 2270 2615 2615 2271 2271 2272 2272 2603 2603 2616 2616 2601 2601 2617 2617 2601 2601 2616 2616 2601 2601 2617 2617 2618 2618 2612 2612 2614 2614 2619 2619 2620 2620 2621 2621 2622 2622 2623 2623 2622 2622 2621 2621 2622 2622 2623 2623 2274 2274 2624 2624 2274 2274 2623 2623 2274 2274 2624 2624 2625 2625 2590 2590 2264 2264 2615 2615 2268 2268 2615 2615 2264 2264 2615 2615 2268 2268 2269 2269 2625 2625 2626 2626 2274 2274 2615 2615 2274 2274 2626 2626 2274 2274 2615 2615 2273 2273 2272 2272 2273 2273 2615 2615 2610 2610 2627 2627 2609 2609 2628 2628 2609 2609 2627 2627 2609 2609 2628 2628 2629 2629 2594 2594 2629 2629 2628 2628 2629 2629 2594 2594 2630 2630 2595 2595 2630 2630 2594 2594 2598 2598 2631 2631 2421 2421 2632 2632 2421 2421 2631 2631 2421 2421 2632 2632 2633 2633 2614 2614 2633 2633 2632 2632 2633 2633 2614 2614 2634 2634 2613 2613 2634 2634 2614 2614 2620 2620 2622 2622 2614 2614 2635 2635 2614 2614 2622 2622 2614 2614 2635 2635 2619 2619 2298 2298 1579 1579 2636 2636 2637 2637 2636 2636 1579 1579 2636 2636 2637 2637 2638 2638 2639 2639 2638 2638 2637 2637 2638 2638 2639 2639 2640 2640 2641 2641 2640 2640 2639 2639 2640 2640 2641 2641 2642 2642 2643 2643 2642 2642 2641 2641 2642 2642 2643 2643 2644 2644 2645 2645 2644 2644 2643 2643 2644 2644 2645 2645 2646 2646 2647 2647 2646 2646 2645 2645 2646 2646 2647 2647 996 996 752 752 996 996 2647 2647 2648 2648 2649 2649 2650 2650 2651 2651 2650 2650 2649 2649 2652 2652 2653 2653 2654 2654 2655 2655 2654 2654 2653 2653 2656 2656 2657 2657 2658 2658 2659 2659 2658 2658 2657 2657 2660 2660 2661 2661 2662 2662 2663 2663 2662 2662 2661 2661 2662 2662 2663 2663 2664 2664 2665 2665 2666 2666 2667 2667 2668 2668 2667 2667 2666 2666 2667 2667 2668 2668 2662 2662 2669 2669 2662 2662 2668 2668 2662 2662 2669 2669 2660 2660 2670 2670 2671 2671 2672 2672 2673 2673 2672 2672 2671 2671 2674 2674 2675 2675 2676 2676 2677 2677 2676 2676 2675 2675 2676 2676 2677 2677 2678 2678 2679 2679 2680 2680 2681 2681 2682 2682 2683 2683 2684 2684 2685 2685 2686 2686 2687 2687 2688 2688 2689 2689 2690 2690 2691 2691 1034 1034 2692 2692 1056 1056 1057 1057 2693 2693 1060 1060 1061 1061 2694 2694 1062 1062 2694 2694 1061 1061 1578 1578 2695 2695 2696 2696 2697 2697 2698 2698 2699 2699 2700 2700 2701 2701 2702 2702 2703 2703 2702 2702 2701 2701 2703 2703 2701 2701 2704 2704 2705 2705 2704 2704 2701 2701 2704 2704 2705 2705 2706 2706 2707 2707 2706 2706 2705 2705 2706 2706 2707 2707 2708 2708 2709 2709 2710 2710 2707 2707 2711 2711 2707 2707 2710 2710 2707 2707 2711 2711 2708 2708 2712 2712 2713 2713 2709 2709 2714 2714 2709 2709 2713 2713 2709 2709 2714 2714 2710 2710 2715 2715 2716 2716 2712 2712 2717 2717 2712 2712 2716 2716 2712 2712 2717 2717 2713 2713 2698 2698 2718 2718 2699 2699 2719 2719 2699 2699 2718 2718 2699 2699 2719 2719 2715 2715 2720 2720 2715 2715 2719 2719 2715 2715 2720 2720 2716 2716 2721 2721 2722 2722 2723 2723 1581 1581 2723 2723 2722 2722 2723 2723 1581 1581 1580 1580 2724 2724 2725 2725 2726 2726 1614 1614 2726 2726 2725 2725 2727 2727 1609 1609 2728 2728 1607 1607 2728 2728 1609 1609 2728 2728 1607 1607 2729 2729 1606 1606 2729 2729 1607 1607 2729 2729 1606 1606 2730 2730 1618 1618 2730 2730 1606 1606 2730 2730 1618 1618 2724 2724 1617 1617 2724 2724 1618 1618 2724 2724 1617 1617 2725 2725 1613 1613 1612 1612 2727 2727 1610 1610 2727 2727 1612 1612 2727 2727 1610 1610 1609 1609 2731 2731 1591 1591 2732 2732 1599 1599 2732 2732 1591 1591 2732 2732 1599 1599 1601 1601 1598 1598 1597 1597 2733 2733 1590 1590 1589 1589 2696 2696 1588 1588 2696 2696 1589 1589 2696 2696 1588 1588 1578 1578 2694 2694 1586 1586 1590 1590 1586 1586 2694 2694 1584 1584 1062 1062 1584 1584 2694 2694 1584 1584 1062 1062 1064 1064 1590 1590 2696 2696 2694 2694 1042 1042 2694 2694 2696 2696 2694 2694 1042 1042 1060 1060 2695 2695 1051 1051 2696 2696 1050 1050 2696 2696 1051 1051 2696 2696 1050 1050 1042 1042 1049 1049 2734 2734 1047 1047 2693 2693 1047 1047 2734 2734 1047 1047 2693 2693 1045 1045 1057 1057 1045 1045 2693 2693 1038 1038 1037 1037 2735 2735 1054 1054 2735 2735 1037 1037 1023 1023 1022 1022 2682 2682 1025 1025 2682 2682 1022 1022 2682 2682 1025 1025 2683 2683 1028 1028 2683 2683 1025 1025 2683 2683 1028 1028 2684 2684 1027 1027 2684 2684 1028 1028 1033 1033 1031 1031 2679 2679 1030 1030 2679 2679 1031 1031 2679 2679 1030 1030 2680 2680 1004 1004 1003 1003 2736 2736 2688 2688 2736 2736 1003 1003 2736 2736 2688 2688 2737 2737 2690 2690 2737 2737 2688 2688 2700 2700 1002 1002 2701 2701 2738 2738 2701 2701 1002 1002 2701 2701 2738 2738 998 998 1054 1054 1056 1056 2735 2735 2693 2693 2735 2735 1056 1056 2735 2735 2693 2693 2739 2739 2734 2734 2739 2739 2693 2693 2739 2739 2734 2734 2695 2695 1049 1049 2695 2695 2734 2734 2695 2695 1049 1049 1051 1051 2740 2740 2741 2741 2742 2742 1019 1019 2743 2743 2685 2685 1039 1039 2685 2685 2743 2743 2685 2685 1039 1039 2686 2686 1038 1038 2686 2686 1039 1039 2686 2686 1038 1038 2687 2687 2735 2735 2687 2687 1038 1038 2687 2687 2735 2735 2744 2744 2739 2739 2744 2744 2735 2735 2744 2744 2739 2739 2745 2745 2695 2695 2745 2745 2739 2739 2745 2745 2695 2695 1587 1587 1578 1578 1587 1587 2695 2695 1027 1027 1019 1019 2684 2684 2685 2685 2684 2684 1019 1019 2684 2684 2685 2685 2746 2746 2687 2687 2746 2746 2685 2685 2746 2746 2687 2687 2747 2747 2744 2744 2747 2747 2687 2687 2747 2747 2744 2744 2733 2733 2745 2745 2733 2733 2744 2744 2733 2733 2745 2745 1598 1598 1587 1587 1598 1598 2745 2745 1030 1030 1029 1029 2680 2680 1023 1023 2680 2680 1029 1029 2680 2680 1023 1023 2681 2681 2682 2682 2681 2681 1023 1023 2681 2681 2682 2682 2748 2748 2684 2684 2748 2748 2682 2682 2748 2748 2684 2684 2749 2749 2746 2746 2749 2749 2684 2684 2749 2749 2746 2746 2750 2750 2747 2747 2750 2750 2746 2746 2750 2750 2747 2747 2751 2751 2733 2733 2751 2751 2747 2747 1034 1034 1033 1033 2692 2692 2679 2679 2692 2692 1033 1033 2692 2692 2679 2679 2752 2752 2681 2681 2752 2752 2679 2679 2752 2752 2681 2681 2753 2753 2748 2748 2753 2753 2681 2681 2753 2753 2748 2748 2754 2754 2749 2749 2754 2754 2748 2748 2754 2754 2749 2749 2755 2755 2750 2750 2755 2755 2749 2749 2755 2755 2750 2750 2756 2756 2751 2751 2756 2756 2750 2750 1008 1008 1007 1007 2740 2740 1016 1016 2740 2740 1007 1007 2740 2740 1016 1016 2741 2741 2691 2691 2741 2741 1016 1016 2741 2741 2691 2691 2742 2742 2692 2692 2742 2742 2691 2691 2742 2742 2692 2692 2757 2757 2752 2752 2757 2757 2692 2692 2757 2757 2752 2752 2758 2758 2753 2753 2758 2758 2752 2752 2758 2758 2753 2753 2759 2759 2754 2754 2759 2759 2753 2753 2759 2759 2754 2754 2760 2760 2755 2755 2760 2760 2754 2754 2760 2760 2755 2755 2732 2732 2756 2756 2732 2732 2755 2755 2732 2732 2756 2756 2731 2731 2751 2751 2731 2731 2756 2756 2731 2731 2751 2751 1594 1594 2733 2733 1594 1594 2751 2751 1594 1594 2733 2733 1595 1595 1597 1597 1595 1595 2733 2733 2761 2761 2762 2762 2727 2727 1605 1605 2727 2727 2762 2762 2727 2727 1605 1605 1613 1613 2689 2689 1008 1008 2690 2690 2740 2740 2690 2690 1008 1008 2690 2690 2740 2740 2763 2763 2742 2742 2763 2763 2740 2740 2763 2763 2742 2742 2764 2764 2757 2757 2764 2764 2742 2742 2764 2764 2757 2757 2765 2765 2758 2758 2765 2765 2757 2757 2765 2765 2758 2758 2766 2766 2759 2759 2766 2766 2758 2758 2766 2766 2759 2759 2767 2767 2760 2760 2767 2767 2759 2759 2767 2767 2760 2760 2768 2768 2732 2732 2768 2768 2760 2760 2768 2768 2732 2732 1603 1603 1601 1601 1603 1603 2732 2732 2769 2769 2770 2770 2771 2771 2772 2772 2771 2771 2770 2770 2771 2771 2772 2772 2773 2773 2774 2774 2773 2773 2772 2772 2773 2773 2774 2774 2775 2775 2776 2776 2769 2769 2777 2777 2771 2771 2777 2777 2769 2769 2777 2777 2771 2771 2778 2778 2773 2773 2778 2778 2771 2771 2778 2778 2773 2773 2779 2779 2775 2775 2779 2779 2773 2773 2779 2779 2775 2775 2780 2780 2781 2781 2776 2776 2782 2782 2777 2777 2782 2782 2776 2776 2782 2782 2777 2777 2783 2783 2778 2778 2783 2783 2777 2777 2783 2783 2778 2778 2784 2784 2779 2779 2784 2784 2778 2778 2784 2784 2779 2779 2785 2785 2780 2780 2785 2785 2779 2779 2785 2785 2780 2780 2786 2786 2787 2787 2781 2781 2788 2788 2782 2782 2788 2788 2781 2781 2788 2788 2782 2782 2789 2789 2783 2783 2789 2789 2782 2782 2789 2789 2783 2783 2790 2790 2784 2784 2790 2790 2783 2783 2790 2790 2784 2784 2791 2791 2785 2785 2791 2791 2784 2784 2791 2791 2785 2785 2792 2792 2786 2786 2792 2792 2785 2785 2792 2792 2786 2786 2761 2761 2761 2761 2727 2727 2792 2792 2728 2728 2792 2792 2727 2727 2792 2792 2728 2728 2791 2791 2729 2729 2791 2791 2728 2728 2791 2791 2729 2729 2790 2790 2730 2730 2790 2790 2729 2729 2790 2790 2730 2730 2789 2789 2724 2724 2789 2789 2730 2730 2789 2789 2724 2724 2788 2788 2726 2726 2788 2788 2724 2724 2788 2788 2726 2726 2787 2787 2721 2721 2697 2697 2722 2722 2699 2699 2722 2722 2697 2697 2722 2722 2699 2699 2793 2793 2715 2715 2793 2793 2699 2699 2793 2793 2715 2715 2794 2794 2712 2712 2794 2794 2715 2715 2794 2794 2712 2712 2795 2795 2709 2709 2795 2795 2712 2712 2795 2795 2709 2709 2796 2796 2707 2707 2796 2796 2709 2709 2796 2796 2707 2707 2797 2797 2705 2705 2797 2797 2707 2707 2797 2797 2705 2705 2737 2737 2701 2701 2737 2737 2705 2705 2737 2737 2701 2701 2736 2736 998 998 2736 2736 2701 2701 2736 2736 998 998 1004 1004 1603 1603 1605 1605 2768 2768 2762 2762 2768 2768 1605 1605 2768 2768 2762 2762 2767 2767 2761 2761 2767 2767 2762 2762 2767 2767 2761 2761 2766 2766 2786 2786 2766 2766 2761 2761 2766 2766 2786 2786 2765 2765 2780 2780 2765 2765 2786 2786 2765 2765 2780 2780 2764 2764 2775 2775 2764 2764 2780 2780 2764 2764 2775 2775 2763 2763 2774 2774 2763 2763 2775 2775 2763 2763 2774 2774 2690 2690 2772 2772 2690 2690 2774 2774 2690 2690 2772 2772 2737 2737 2770 2770 2737 2737 2772 2772 2737 2737 2770 2770 2797 2797 2769 2769 2797 2797 2770 2770 2797 2797 2769 2769 2796 2796 2776 2776 2796 2796 2769 2769 2796 2796 2776 2776 2795 2795 2781 2781 2795 2795 2776 2776 2795 2795 2781 2781 2794 2794 2787 2787 2794 2794 2781 2781 2794 2794 2787 2787 2793 2793 2726 2726 2793 2793 2787 2787 2793 2793 2726 2726 2722 2722 1614 1614 2722 2722 2726 2726 2722 2722 1614 1614 1581 1581 2798 2798 2799 2799 1002 1002 2800 2800 1002 1002 2799 2799 1002 1002 2800 2800 1001 1001 1239 1239 1001 1001 2800 2800 2721 2721 2723 2723 2801 2801 1580 1580 2801 2801 2723 2723 2801 2801 1580 1580 2297 2297 2719 2719 2718 2718 2802 2802 2698 2698 2802 2802 2718 2718 2802 2802 2698 2698 2801 2801 2697 2697 2801 2801 2698 2698 2801 2801 2697 2697 2721 2721 2719 2719 2802 2802 2720 2720 2803 2803 2720 2720 2802 2802 2720 2720 2803 2803 2716 2716 2710 2710 2804 2804 2711 2711 2805 2805 2711 2711 2804 2804 2711 2711 2805 2805 2708 2708 2710 2710 2714 2714 2804 2804 2713 2713 2804 2804 2714 2714 2804 2804 2713 2713 2803 2803 2717 2717 2803 2803 2713 2713 2803 2803 2717 2717 2716 2716 2708 2708 2805 2805 2706 2706 2806 2806 2706 2706 2805 2805 2706 2706 2806 2806 2704 2704 2798 2798 1002 1002 2806 2806 2700 2700 2806 2806 1002 1002 2700 2700 2702 2702 2806 2806 2703 2703 2806 2806 2702 2702 2806 2806 2703 2703 2704 2704 2807 2807 2808 2808 2809 2809 2810 2810 1687 1687 1688 1688 2811 2811 2812 2812 2813 2813 2814 2814 2813 2813 2812 2812 2815 2815 2816 2816 2817 2817 2818 2818 2817 2817 2816 2816 2817 2817 2818 2818 2814 2814 2819 2819 2814 2814 2818 2818 2814 2814 2819 2819 2813 2813 2815 2815 2817 2817 2820 2820 2821 2821 2820 2820 2817 2817 2820 2820 2821 2821 2822 2822 2823 2823 2824 2824 2821 2821 2825 2825 2821 2821 2824 2824 2821 2821 2825 2825 2822 2822 2826 2826 2827 2827 2828 2828 2829 2829 2828 2828 2827 2827 2828 2828 2829 2829 2823 2823 2830 2830 2823 2823 2829 2829 2823 2823 2830 2830 2824 2824 2831 2831 2832 2832 2833 2833 2834 2834 2835 2835 2832 2832 2836 2836 2832 2832 2835 2835 2832 2832 2836 2836 2833 2833 1751 1751 2837 2837 1707 1707 2838 2838 1707 1707 2837 2837 1707 1707 2838 2838 1705 1705 1705 1705 2838 2838 1703 1703 2839 2839 1703 1703 2838 2838 1703 1703 2839 2839 1694 1694 2840 2840 1699 1699 2841 2841 1697 1697 2841 2841 1699 1699 2841 2841 1697 1697 2839 2839 1695 1695 2839 2839 1697 1697 2839 2839 1695 1695 1694 1694 1693 1693 1692 1692 2842 2842 1702 1702 2842 2842 1692 1692 2842 2842 1702 1702 2840 2840 1701 1701 2840 2840 1702 1702 2840 2840 1701 1701 1699 1699 1693 1693 2842 2842 1689 1689 2843 2843 1689 1689 2842 2842 1689 1689 2843 2843 1688 1688 2844 2844 1688 1688 2843 2843 1688 1688 2844 2844 2810 2810 2812 2812 2807 2807 2814 2814 2809 2809 2814 2814 2807 2807 2814 2814 2809 2809 2817 2817 2845 2845 2817 2817 2809 2809 2817 2817 2845 2845 2821 2821 2846 2846 2821 2821 2845 2845 2821 2821 2846 2846 2823 2823 2847 2847 2823 2823 2846 2846 2823 2823 2847 2847 2828 2828 2831 2831 2828 2828 2847 2847 2828 2828 2831 2831 2826 2826 2833 2833 2826 2826 2831 2831 2808 2808 2844 2844 2809 2809 2843 2843 2809 2809 2844 2844 2809 2809 2843 2843 2845 2845 2842 2842 2845 2845 2843 2843 2845 2845 2842 2842 2846 2846 2840 2840 2846 2846 2842 2842 2846 2846 2840 2840 2847 2847 2841 2841 2847 2847 2840 2840 2847 2847 2841 2841 2831 2831 2839 2839 2831 2831 2841 2841 2831 2831 2839 2839 2832 2832 2838 2838 2832 2832 2839 2839 2832 2832 2838 2838 2834 2834 2837 2837 2834 2834 2838 2838 2848 2848 2849 2849 2850 2850 2851 2851 2852 2852 2853 2853 2854 2854 2853 2853 2852 2852 2853 2853 2854 2854 2855 2855 2856 2856 2857 2857 2858 2858 2856 2856 2859 2859 2860 2860 2861 2861 2860 2860 2859 2859 2849 2849 2862 2862 2850 2850 2853 2853 2850 2850 2862 2862 2850 2850 2853 2853 2863 2863 2855 2855 2863 2863 2853 2853 2851 2851 2864 2864 2852 2852 2865 2865 2852 2852 2864 2864 2852 2852 2865 2865 2858 2858 2866 2866 2858 2858 2865 2865 2858 2858 2866 2866 2856 2856 2867 2867 2856 2856 2866 2866 2856 2856 2867 2867 2859 2859 2868 2868 2859 2859 2867 2867 2859 2859 2868 2868 2869 2869 2857 2857 2856 2856 2870 2870 2871 2871 2870 2870 2856 2856 2870 2870 2871 2871 2872 2872 2873 2873 2872 2872 2871 2871 2872 2872 2873 2873 2874 2874 2874 2874 2875 2875 2872 2872 2876 2876 2872 2872 2875 2875 2872 2872 2876 2876 2877 2877 2877 2877 2878 2878 2872 2872 2879 2879 2872 2872 2878 2878 2872 2872 2879 2879 2880 2880 2880 2880 2881 2881 2872 2872 2882 2882 2872 2872 2881 2881 2872 2872 2882 2882 2883 2883 2884 2884 2883 2883 2882 2882 2883 2883 2884 2884 2885 2885 2886 2886 2887 2887 2888 2888 2886 2886 2888 2888 2884 2884 2889 2889 2884 2884 2888 2888 2884 2884 2889 2889 2885 2885 2890 2890 2891 2891 2892 2892 2893 2893 2892 2892 2891 2891 2894 2894 2895 2895 2896 2896 2897 2897 2896 2896 2895 2895 2896 2896 2897 2897 2898 2898 2898 2898 2899 2899 2896 2896 2900 2900 2896 2896 2899 2899 2896 2896 2900 2900 2901 2901 2902 2902 2901 2901 2900 2900 2901 2901 2902 2902 2850 2850 2903 2903 2850 2850 2902 2902 2850 2850 2903 2903 2848 2848 2868 2868 2904 2904 2869 2869 2905 2905 2869 2869 2904 2904 2869 2869 2905 2905 2892 2892 2906 2906 2892 2892 2905 2905 2892 2892 2906 2906 2890 2890 2907 2907 2908 2908 2892 2892 2909 2909 2910 2910 2911 2911 2909 2909 2911 2911 2912 2912 2910 2910 2909 2909 2913 2913 2914 2914 2913 2913 2909 2909 2913 2913 2914 2914 2915 2915 2916 2916 2917 2917 2918 2918 2919 2919 2918 2918 2917 2917 2914 2914 2920 2920 2921 2921 2922 2922 2923 2923 2924 2924 2925 2925 2924 2924 2923 2923 2921 2921 2926 2926 2914 2914 2927 2927 2914 2914 2926 2926 2914 2914 2927 2927 2915 2915 2928 2928 2915 2915 2927 2927 2915 2915 2928 2928 2917 2917 2929 2929 2917 2917 2928 2928 2917 2917 2929 2929 2919 2919 2916 2916 2930 2930 2917 2917 2931 2931 2917 2917 2930 2930 2917 2917 2931 2931 2923 2923 2932 2932 2923 2923 2931 2931 2923 2923 2932 2932 2925 2925 2922 2922 2933 2933 2923 2923 2934 2934 2923 2923 2933 2933 2923 2923 2934 2934 2935 2935 2936 2936 2937 2937 2938 2938 2939 2939 2938 2938 2937 2937 2938 2938 2939 2939 2940 2940 2939 2939 2941 2941 2940 2940 2942 2942 2940 2940 2941 2941 2940 2940 2942 2942 2914 2914 2943 2943 2914 2914 2942 2942 2914 2914 2943 2943 2920 2920 2936 2936 2944 2944 2937 2937 2945 2945 2937 2937 2944 2944 2937 2937 2945 2945 2946 2946 2935 2935 2946 2946 2945 2945 2946 2946 2935 2935 2947 2947 2934 2934 2947 2947 2935 2935 2948 2948 2949 2949 2950 2950 2951 2951 2950 2950 2949 2949 2952 2952 2953 2953 2951 2951 2954 2954 2955 2955 2956 2956 2957 2957 2958 2958 2949 2949 2959 2959 2960 2960 2961 2961 2951 2951 2953 2953 2956 2956 2962 2962 2956 2956 2953 2953 2956 2956 2962 2962 2954 2954 2963 2963 2964 2964 2965 2965 2966 2966 2965 2965 2964 2964 2965 2965 2966 2966 2949 2949 2967 2967 2949 2949 2966 2966 2949 2949 2967 2967 2957 2957 2958 2958 2968 2968 2949 2949 2969 2969 2949 2949 2968 2968 2949 2949 2969 2969 2951 2951 2970 2970 2951 2951 2969 2969 2951 2951 2970 2970 2952 2952 2955 2955 2971 2971 2956 2956 2972 2972 2956 2956 2971 2971 2956 2956 2972 2972 2961 2961 2973 2973 2961 2961 2972 2972 2961 2961 2973 2973 2959 2959 2960 2960 2974 2974 2961 2961 2975 2975 2961 2961 2974 2974 2961 2961 2975 2975 2976 2976 2977 2977 2978 2978 2979 2979 2980 2980 2979 2979 2978 2978 2979 2979 2980 2980 2981 2981 2976 2976 2981 2981 2980 2980 2981 2981 2976 2976 2982 2982 2975 2975 2982 2982 2976 2976 2965 2965 2983 2983 2963 2963 2984 2984 2963 2963 2983 2983 2963 2963 2984 2984 2977 2977 2985 2985 2977 2977 2984 2984 2977 2977 2985 2985 2978 2978 2986 2986 2987 2987 2988 2988 2989 2989 2990 2990 2991 2991 2988 2988 2987 2987 2992 2992 2993 2993 2992 2992 2987 2987 2992 2992 2993 2993 2994 2994 2995 2995 2996 2996 2997 2997 2998 2998 2997 2997 2996 2996 2997 2997 2998 2998 2999 2999 3000 3000 3001 3001 3002 3002 2990 2990 3003 3003 2991 2991 3004 3004 2991 2991 3003 3003 2991 2991 3004 3004 2988 2988 3005 3005 2988 2988 3004 3004 2988 2988 3005 3005 2986 2986 3002 3002 3006 3006 3000 3000 3007 3007 3000 3000 3006 3006 3000 3000 3007 3007 2991 2991 3008 3008 2991 2991 3007 3007 2991 2991 3008 3008 2989 2989 2995 2995 3009 3009 2996 2996 3010 3010 2996 2996 3009 3009 2996 2996 3010 3010 3011 3011 3012 3012 2994 2994 3013 3013 3014 3014 3013 3013 2994 2994 3013 3013 3014 3014 2998 2998 3015 3015 2998 2998 3014 3014 2998 2998 3015 3015 2999 2999 3011 3011 3016 3016 3000 3000 3017 3017 3000 3000 3016 3016 3000 3000 3017 3017 3001 3001 3012 3012 3018 3018 2994 2994 3019 3019 2994 2994 3018 3018 2994 2994 3019 3019 2992 2992 3020 3020 2992 2992 3019 3019 2992 2992 3020 3020 3021 3021 3022 3022 3023 3023 2992 2992 3024 3024 2992 2992 3023 3023 3024 3024 3025 3025 2992 2992 3026 3026 2992 2992 3025 3025 2992 2992 3026 3026 3027 3027 3028 3028 3029 3029 2992 2992 3029 3029 3030 3030 2992 2992 3031 3031 2992 2992 3030 3030 2992 2992 3031 3031 3032 3032 3032 3032 3033 3033 2992 2992 3034 3034 2992 2992 3033 3033 2992 2992 3034 3034 3022 3022 3021 3021 3035 3035 2992 2992 3036 3036 2992 2992 3035 3035 2992 2992 3036 3036 3028 3028 3037 3037 3028 3028 3036 3036 3028 3028 3037 3037 3038 3038 3039 3039 3038 3038 3037 3037 3039 3039 3040 3040 3038 3038 3041 3041 3038 3038 3040 3040 3038 3038 3041 3041 3042 3042 3043 3043 3042 3042 3041 3041 3044 3044 2976 2976 3045 3045 2996 2996 3045 3045 2976 2976 3045 3045 2996 2996 3046 3046 3047 3047 3046 3046 2996 2996 2996 2996 3048 3048 3049 3049 3049 3049 3050 3050 2996 2996 3051 3051 2996 2996 3050 3050 2996 2996 3051 3051 3047 3047 3011 3011 3000 3000 2996 2996 3052 3052 2996 2996 3000 3000 2996 2996 3052 3052 3048 3048 3044 3044 3053 3053 2976 2976 3054 3054 2976 2976 3053 3053 2976 2976 3054 3054 3055 3055 3055 3055 3056 3056 2976 2976 3057 3057 2976 2976 3056 3056 2976 2976 3057 3057 2961 2961 3058 3058 2961 2961 3057 3057 3059 3059 3060 3060 3000 3000 3061 3061 3000 3000 3060 3060 3000 3000 3061 3061 3052 3052 3058 3058 3062 3062 2961 2961 3063 3063 2961 2961 3062 3062 2961 2961 3063 3063 3064 3064 3064 3064 3065 3065 2961 2961 3066 3066 2961 2961 3065 3065 2961 2961 3066 3066 3000 3000 3067 3067 3000 3000 3066 3066 3000 3000 3067 3067 3059 3059 2949 2949 3068 3068 3069 3069 3070 3070 3071 3071 2949 2949 3072 3072 2949 2949 3071 3071 2949 2949 3072 3072 2965 2965 3069 3069 3073 3073 2949 2949 3074 3074 2949 2949 3073 3073 2949 2949 3074 3074 3075 3075 3076 3076 3077 3077 2949 2949 3078 3078 2949 2949 3077 3077 2949 2949 3078 3078 3070 3070 3075 3075 3079 3079 2949 2949 3080 3080 2949 2949 3079 3079 2949 2949 3080 3080 3081 3081 3081 3081 3082 3082 2949 2949 3083 3083 2949 2949 3082 3082 2949 2949 3083 3083 3076 3076 3084 3084 3085 3085 2923 2923 3086 3086 2923 2923 3085 3085 2923 2923 3086 3086 3087 3087 3088 3088 2948 2948 3089 3089 3090 3090 3089 3089 2948 2948 3087 3087 3091 3091 2923 2923 3092 3092 2923 2923 3091 3091 2923 2923 3092 3092 2948 2948 3093 3093 2948 2948 3092 3092 2948 2948 3093 3093 3090 3090 2949 2949 3094 3094 3095 3095 2935 2935 3096 3096 3097 3097 3095 3095 3098 3098 2949 2949 3099 3099 2949 2949 3098 3098 2949 2949 3099 3099 3068 3068 3096 3096 3100 3100 3097 3097 3101 3101 3097 3097 3100 3100 3097 3097 3101 3101 3102 3102 3103 3103 3102 3102 3101 3101 3102 3102 3103 3103 3104 3104 3068 3068 3104 3104 3103 3103 3104 3104 3068 3068 3105 3105 3099 3099 3105 3105 3068 3068 3097 3097 3106 3106 2935 2935 3107 3107 2935 2935 3106 3106 2935 2935 3107 3107 2923 2923 3108 3108 2923 2923 3107 3107 2923 2923 3108 3108 3084 3084 3088 3088 3109 3109 2948 2948 3110 3110 2948 2948 3109 3109 2948 2948 3110 3110 2949 2949 3111 3111 2949 2949 3110 3110 2949 2949 3111 3111 3094 3094 2914 2914 3112 3112 3113 3113 3114 3114 3115 3115 3116 3116 3117 3117 3118 3118 3119 3119 2940 2940 3119 3119 3118 3118 3119 3119 2940 2940 3120 3120 3121 3121 3122 3122 3123 3123 2914 2914 3113 3113 2940 2940 3124 3124 2940 2940 3113 3113 2940 2940 3124 3124 3120 3120 3116 3116 3115 3115 3125 3125 3126 3126 3125 3125 3115 3115 3125 3125 3126 3126 3127 3127 3128 3128 3129 3129 3130 3130 3131 3131 3130 3130 3129 3129 3130 3130 3131 3131 3119 3119 3132 3132 3119 3119 3131 3131 3119 3119 3132 3132 3117 3117 3123 3123 3122 3122 3133 3133 3116 3116 3134 3134 3114 3114 3135 3135 3114 3114 3134 3134 3114 3114 3135 3135 3123 3123 3136 3136 3123 3123 3135 3135 3123 3123 3136 3136 3121 3121 3137 3137 3138 3138 3128 3128 3139 3139 3128 3128 3138 3138 3128 3128 3139 3139 3129 3129 3122 3122 3140 3140 3133 3133 3141 3141 3133 3133 3140 3140 3133 3133 3141 3141 3142 3142 3142 3142 3143 3143 3133 3133 3144 3144 3133 3133 3143 3143 3133 3133 3144 3144 3128 3128 3145 3145 3128 3128 3144 3144 3128 3128 3145 3145 3137 3137 3146 3146 3147 3147 2850 2850 3148 3148 3149 3149 3125 3125 3150 3150 3125 3125 3149 3149 3150 3150 3151 3151 3125 3125 3152 3152 3125 3125 3151 3151 3125 3125 3152 3152 2850 2850 3153 3153 2850 2850 3152 3152 2850 2850 3153 3153 3146 3146 2912 2912 3154 3154 3127 3127 3155 3155 3127 3127 3154 3154 3127 3127 3155 3155 3125 3125 3156 3156 3125 3125 3155 3155 3125 3125 3156 3156 3148 3148 3147 3147 3157 3157 2850 2850 3158 3158 2850 2850 3157 3157 2850 2850 3158 3158 2901 2901 3159 3159 2901 2901 3158 3158 2901 2901 3159 3159 2896 2896 3160 3160 2896 2896 3159 3159 3160 3160 3161 3161 2896 2896 3162 3162 2896 2896 3161 3161 2896 2896 3162 3162 3163 3163 3163 3163 3164 3164 2896 2896 3165 3165 2896 2896 3164 3164 2896 2896 3165 3165 2912 2912 3166 3166 2912 2912 3165 3165 2912 2912 3166 3166 3167 3167 3167 3167 3168 3168 2912 2912 3169 3169 2912 2912 3168 3168 2912 2912 3169 3169 3154 3154 3170 3170 3171 3171 2909 2909 3172 3172 2909 2909 3171 3171 2909 2909 3172 3172 2914 2914 3173 3173 2914 2914 3172 3172 2914 2914 3173 3173 3112 3112 3126 3126 3174 3174 3127 3127 3175 3175 3127 3127 3174 3174 3127 3127 3175 3175 2912 2912 3176 3176 2912 2912 3175 3175 2912 2912 3176 3176 3177 3177 3177 3177 3178 3178 2912 2912 3179 3179 2912 2912 3178 3178 2912 2912 3179 3179 3180 3180 3180 3180 3181 3181 2912 2912 3182 3182 2912 2912 3181 3181 2912 2912 3182 3182 2909 2909 3183 3183 2909 2909 3182 3182 2909 2909 3183 3183 3170 3170 3184 3184 2917 2917 3185 3185 2923 2923 3185 3185 2917 2917 3185 3185 2923 2923 3186 3186 2948 2948 3186 3186 2923 2923 3186 3186 2948 2948 3187 3187 2950 2950 3187 3187 2948 2948 2893 2893 2894 2894 2892 2892 2896 2896 2892 2892 2894 2894 2892 2892 2896 2896 2907 2907 2912 2912 2907 2907 2896 2896 2907 2907 2912 2912 3188 3188 2911 2911 3188 3188 2912 2912 3189 3189 3190 3190 3191 3191 3192 3192 3191 3191 3190 3190 3191 3191 3192 3192 3193 3193 3194 3194 3193 3193 3192 3192 3193 3193 3194 3194 3195 3195 3196 3196 3195 3195 3194 3194 3195 3195 3196 3196 3197 3197 3198 3198 3197 3197 3196 3196 3197 3197 3198 3198 3199 3199 3200 3200 3199 3199 3198 3198 3199 3199 3200 3200 3201 3201 3202 3202 3201 3201 3200 3200 3201 3201 3202 3202 3203 3203 3204 3204 3203 3203 3202 3202 3203 3203 3204 3204 3205 3205 3206 3206 3205 3205 3204 3204 3205 3205 3206 3206 3207 3207 3208 3208 3207 3207 3206 3206 3207 3207 3208 3208 3209 3209 3210 3210 3209 3209 3208 3208 3209 3209 3210 3210 3211 3211 3212 3212 3211 3211 3210 3210 3211 3211 3212 3212 3213 3213 3214 3214 3213 3213 3212 3212 3213 3213 3214 3214 3215 3215 3216 3216 3215 3215 3214 3214 3215 3215 3216 3216 3217 3217 3218 3218 3217 3217 3216 3216 3217 3217 3218 3218 3219 3219 3220 3220 3219 3219 3218 3218 3219 3219 3220 3220 3221 3221 3222 3222 3221 3221 3220 3220 3221 3221 3222 3222 3223 3223 3224 3224 3223 3223 3222 3222 3223 3223 3224 3224 3225 3225 3226 3226 3225 3225 3224 3224 3225 3225 3226 3226 3227 3227 3228 3228 3227 3227 3226 3226 3227 3227 3228 3228 3229 3229 3230 3230 3229 3229 3228 3228 3229 3229 3230 3230 3231 3231 3232 3232 3231 3231 3230 3230 3231 3231 3232 3232 3233 3233 3234 3234 3233 3233 3232 3232 3233 3233 3234 3234 3235 3235 3236 3236 3235 3235 3234 3234 3235 3235 3236 3236 3189 3189 3190 3190 3189 3189 3236 3236 3237 3237 3238 3238 3239 3239 3238 3238 3240 3240 3239 3239 3241 3241 3239 3239 3240 3240 3239 3239 3241 3241 3242 3242 3243 3243 3242 3242 3241 3241 3242 3242 3243 3243 3244 3244 3245 3245 3246 3246 3247 3247 3248 3248 3247 3247 3246 3246 3247 3247 3248 3248 3239 3239 3249 3249 3239 3239 3248 3248 3239 3239 3249 3249 3237 3237 3250 3250 3251 3251 3252 3252 3253 3253 3254 3254 3255 3255 3256 3256 3255 3255 3254 3254 3255 3255 3256 3256 3257 3257 3253 3253 3258 3258 3254 3254 3259 3259 3254 3254 3258 3258 3254 3254 3259 3259 3247 3247 3260 3260 3247 3247 3259 3259 3247 3247 3260 3260 3245 3245 3244 3244 3261 3261 3242 3242 3262 3262 3242 3242 3261 3261 3242 3242 3262 3262 3252 3252 3263 3263 3252 3252 3262 3262 3252 3252 3263 3263 3250 3250 3251 3251 3264 3264 3252 3252 3265 3265 3252 3252 3264 3264 3252 3252 3265 3265 3256 3256 3266 3266 3256 3256 3265 3265 3256 3256 3266 3266 3257 3257 3267 3267 3268 3268 3269 3269 3270 3270 3269 3269 3268 3268 3271 3271 3272 3272 3273 3273 3274 3274 3273 3273 3272 3272 3273 3273 3274 3274 3275 3275 3276 3276 3277 3277 3278 3278 3279 3279 3280 3280 3281 3281 3282 3282 3283 3283 3284 3284 3285 3285 3284 3284 3283 3283 3284 3284 3285 3285 3278 3278 3286 3286 3278 3278 3285 3285 3278 3278 3286 3286 3276 3276 3287 3287 3288 3288 3289 3289 3290 3290 3289 3289 3288 3288 3289 3289 3290 3290 3281 3281 3291 3291 3281 3281 3290 3290 3281 3281 3291 3291 3279 3279 3281 3281 3292 3292 3289 3289 3293 3293 3289 3289 3292 3292 3289 3289 3293 3293 3294 3294 3284 3284 3294 3294 3293 3293 3294 3294 3284 3284 3295 3295 3278 3278 3295 3295 3284 3284 3296 3296 3297 3297 3298 3298 3299 3299 3298 3298 3297 3297 3300 3300 3301 3301 3302 3302 3303 3303 3302 3302 3301 3301 3302 3302 3303 3303 3304 3304 3305 3305 3306 3306 3307 3307 3308 3308 3307 3307 3306 3306 1320 1320 1319 1319 3309 3309 1320 1320 3309 3309 3310 3310 3311 3311 3310 3310 3309 3309 3310 3310 3311 3311 3312 3312 3313 3313 3312 3312 3311 3311 3312 3312 3313 3313 3314 3314 3315 3315 3314 3314 3313 3313 3314 3314 3315 3315 3316 3316 3317 3317 3316 3316 3315 3315 3316 3316 3317 3317 3318 3318 3319 3319 3318 3318 3317 3317 3318 3318 3319 3319 3320 3320 3321 3321 3320 3320 3319 3319 3320 3320 3321 3321 3322 3322 3323 3323 3324 3324 3325 3325 3326 3326 3325 3325 3324 3324 3325 3325 3326 3326 3327 3327 3328 3328 3327 3327 3326 3326 3327 3327 3328 3328 3329 3329 3330 3330 3329 3329 3328 3328 3329 3329 3330 3330 3331 3331 3332 3332 3331 3331 3330 3330 3331 3331 3332 3332 3333 3333 3334 3334 3333 3333 3332 3332 3333 3333 3334 3334 3335 3335 3336 3336 3335 3335 3334 3334 3335 3335 3336 3336 3337 3337 3338 3338 3337 3337 3336 3336 3337 3337 3338 3338 3339 3339 3340 3340 3339 3339 3338 3338 3339 3339 3340 3340 3341 3341 3342 3342 3341 3341 3340 3340 3341 3341 3342 3342 3343 3343 3344 3344 3343 3343 3342 3342 3343 3343 3344 3344 3345 3345 3346 3346 3345 3345 3344 3344 3345 3345 3346 3346 3347 3347 3348 3348 3347 3347 3346 3346 1320 1320 3310 3310 2398 2398 3349 3349 2398 2398 3310 3310 3320 3320 3322 3322 3350 3350 3351 3351 3350 3350 3322 3322 3350 3350 3351 3351 3352 3352 3353 3353 3354 3354 2406 2406 2406 2406 2404 2404 3353 3353 2402 2402 3353 3353 2404 2404 3353 3353 2402 2402 3349 3349 2400 2400 3349 3349 2402 2402 3349 3349 2400 2400 2398 2398 3351 3351 3355 3355 3352 3352 3356 3356 3352 3352 3355 3355 3352 3352 3356 3356 3357 3357 3358 3358 3357 3357 3356 3356 3358 3358 3359 3359 3357 3357 3360 3360 3357 3357 3359 3359 3357 3357 3360 3360 3361 3361 3362 3362 3363 3363 2414 2414 2414 2414 2412 2412 3362 3362 2410 2410 3362 3362 2412 2412 3362 3362 2410 2410 3354 3354 2408 2408 3354 3354 2410 2410 3354 3354 2408 2408 2406 2406 3360 3360 3364 3364 3361 3361 3365 3365 3361 3361 3364 3364 3361 3361 3365 3365 3366 3366 3310 3310 3312 3312 3349 3349 3367 3367 3349 3349 3312 3312 3349 3349 3367 3367 3353 3353 3368 3368 3353 3353 3367 3367 3353 3353 3368 3368 3354 3354 3369 3369 3354 3354 3368 3368 3354 3354 3369 3369 3362 3362 3370 3370 3362 3362 3369 3369 3362 3362 3370 3370 3363 3363 3371 3371 3363 3363 3370 3370 3363 3363 3371 3371 3372 3372 3373 3373 3372 3372 3371 3371 3312 3312 3314 3314 3367 3367 3374 3374 3367 3367 3314 3314 3367 3367 3374 3374 3368 3368 3375 3375 3368 3368 3374 3374 3368 3368 3375 3375 3369 3369 3376 3376 3369 3369 3375 3375 3369 3369 3376 3376 3370 3370 3377 3377 3370 3370 3376 3376 3370 3370 3377 3377 3371 3371 3378 3378 3371 3371 3377 3377 3371 3371 3378 3378 3373 3373 3379 3379 3373 3373 3378 3378 3314 3314 3316 3316 3374 3374 3380 3380 3374 3374 3316 3316 3374 3374 3380 3380 3375 3375 3381 3381 3375 3375 3380 3380 3375 3375 3381 3381 3376 3376 3382 3382 3376 3376 3381 3381 3376 3376 3382 3382 3377 3377 3383 3383 3377 3377 3382 3382 3377 3377 3383 3383 3378 3378 3384 3384 3378 3378 3383 3383 3378 3378 3384 3384 3379 3379 3385 3385 3379 3379 3384 3384 3316 3316 3318 3318 3380 3380 3386 3386 3380 3380 3318 3318 3380 3380 3386 3386 3381 3381 3387 3387 3381 3381 3386 3386 3381 3381 3387 3387 3382 3382 3388 3388 3382 3382 3387 3387 3382 3382 3388 3388 3383 3383 3389 3389 3383 3383 3388 3388 3383 3383 3389 3389 3384 3384 3390 3390 3384 3384 3389 3389 3384 3384 3390 3390 3385 3385 3391 3391 3385 3385 3390 3390 3318 3318 3320 3320 3386 3386 3350 3350 3386 3386 3320 3320 3386 3386 3350 3350 3387 3387 3352 3352 3387 3387 3350 3350 3387 3387 3352 3352 3388 3388 3357 3357 3388 3388 3352 3352 3388 3388 3357 3357 3389 3389 3361 3361 3389 3389 3357 3357 3389 3389 3361 3361 3390 3390 3366 3366 3390 3390 3361 3361 3390 3390 3366 3366 3391 3391 3392 3392 3391 3391 3366 3366 2422 2422 2420 2420 3372 3372 2418 2418 3372 3372 2420 2420 3372 3372 2418 2418 3363 3363 2416 2416 3363 3363 2418 2418 3363 3363 2416 2416 2414 2414 3365 3365 3393 3393 3366 3366 3394 3394 3366 3366 3393 3393 3366 3366 3394 3394 3392 3392 3395 3395 3392 3392 3394 3394 3392 3392 3395 3395 3396 3396 2422 2422 3372 3372 2611 2611 3373 3373 2611 2611 3372 3372 2611 2611 3373 3373 2592 2592 3379 3379 2592 2592 3373 3373 2592 2592 3379 3379 2593 2593 3385 3385 2593 2593 3379 3379 2593 2593 3385 3385 2595 2595 3391 3391 2595 2595 3385 3385 2595 2595 3391 3391 2630 2630 3392 3392 2630 2630 3391 3391 2630 2630 3392 3392 2629 2629 3396 3396 2629 2629 3392 3392 2629 2629 3396 3396 2609 2609 3397 3397 3398 3398 3399 3399 3400 3400 3399 3399 3398 3398 3399 3399 3400 3400 3401 3401 3402 3402 3401 3401 3400 3400 3403 3403 1321 1321 3404 3404 2397 2397 3404 3404 1321 1321 3404 3404 2397 2397 3405 3405 3406 3406 3407 3407 3402 3402 3408 3408 3402 3402 3407 3407 3402 3402 3408 3408 3401 3401 2397 2397 2399 2399 3405 3405 2401 2401 3405 3405 2399 2399 3405 3405 2401 2401 3409 3409 2403 2403 3409 3409 2401 2401 3410 3410 3411 3411 3406 3406 3412 3412 3406 3406 3411 3411 3406 3406 3412 3412 3407 3407 2403 2403 2405 2405 3409 3409 2407 2407 3409 3409 2405 2405 3409 3409 2407 2407 3413 3413 3414 3414 3415 3415 3410 3410 3416 3416 3410 3410 3415 3415 3410 3410 3416 3416 3411 3411 2407 2407 2409 2409 3413 3413 2411 2411 3413 3413 2409 2409 3413 3413 2411 2411 3417 3417 2622 2622 3418 3418 3419 3419 3420 3420 3419 3419 3418 3418 3419 3419 3420 3420 3414 3414 3421 3421 3414 3414 3420 3420 3414 3414 3421 3421 3415 3415 3398 3398 3422 3422 3400 3400 3423 3423 3400 3400 3422 3422 3400 3400 3423 3423 3402 3402 3424 3424 3402 3402 3423 3423 3402 3402 3424 3424 3406 3406 3425 3425 3406 3406 3424 3424 3406 3406 3425 3425 3410 3410 3426 3426 3410 3410 3425 3425 3410 3410 3426 3426 3414 3414 3427 3427 3414 3414 3426 3426 3414 3414 3427 3427 3419 3419 3428 3428 3419 3419 3427 3427 3422 3422 3429 3429 3423 3423 3430 3430 3423 3423 3429 3429 3423 3423 3430 3430 3424 3424 3431 3431 3424 3424 3430 3430 3424 3424 3431 3431 3425 3425 3432 3432 3425 3425 3431 3431 3425 3425 3432 3432 3426 3426 3433 3433 3426 3426 3432 3432 3426 3426 3433 3433 3427 3427 3434 3434 3427 3427 3433 3433 3427 3427 3434 3434 3428 3428 3435 3435 3428 3428 3434 3434 3429 3429 3436 3436 3430 3430 3437 3437 3430 3430 3436 3436 3430 3430 3437 3437 3431 3431 3438 3438 3431 3431 3437 3437 3431 3431 3438 3438 3432 3432 3439 3439 3432 3432 3438 3438 3432 3432 3439 3439 3433 3433 3440 3440 3433 3433 3439 3439 3433 3433 3440 3440 3434 3434 3441 3441 3434 3434 3440 3440 3434 3434 3441 3441 3435 3435 3442 3442 3435 3435 3441 3441 3436 3436 3443 3443 3437 3437 3444 3444 3437 3437 3443 3443 3437 3437 3444 3444 3438 3438 3445 3445 3438 3438 3444 3444 3438 3438 3445 3445 3439 3439 3446 3446 3439 3439 3445 3445 3439 3439 3446 3446 3440 3440 3447 3447 3440 3440 3446 3446 3440 3440 3447 3447 3441 3441 3448 3448 3441 3441 3447 3447 3441 3441 3448 3448 3442 3442 3449 3449 3442 3442 3448 3448 3443 3443 3403 3403 3444 3444 3404 3404 3444 3444 3403 3403 3444 3444 3404 3404 3445 3445 3405 3405 3445 3445 3404 3404 3445 3445 3405 3405 3446 3446 3409 3409 3446 3446 3405 3405 3446 3446 3409 3409 3447 3447 3413 3413 3447 3447 3409 3409 3447 3447 3413 3413 3448 3448 3417 3417 3448 3448 3413 3413 3448 3448 3417 3417 3449 3449 3450 3450 3449 3449 3417 3417 2411 2411 2413 2413 3417 3417 2415 2415 3417 3417 2413 2413 3417 3417 2415 2415 3450 3450 2417 2417 3450 3450 2415 2415 3450 3450 2417 2417 2419 2419 2622 2622 3419 3419 2635 2635 3428 3428 2635 2635 3419 3419 2635 2635 3428 3428 2619 2619 3435 3435 2619 2619 3428 3428 2619 2619 3435 3435 2612 2612 3442 3442 2612 2612 3435 3435 2612 2612 3442 3442 2613 2613 3449 3449 2613 2613 3442 3442 2613 2613 3449 3449 2634 2634 3450 3450 2634 2634 3449 3449 2634 2634 3450 3450 2633 2633 2419 2419 2633 2633 3450 3450 2633 2633 2419 2419 2421 2421 3397 3397 3451 3451 3452 3452 3397 3397 3452 3452 3398 3398 3453 3453 3398 3398 3452 3452 3398 3398 3453 3453 3422 3422 3454 3454 3422 3422 3453 3453 3422 3422 3454 3454 3429 3429 3454 3454 3455 3455 3429 3429 3456 3456 3429 3429 3455 3455 3429 3429 3456 3456 3436 3436 3457 3457 3436 3436 3456 3456 3436 3436 3457 3457 3443 3443 3458 3458 3443 3443 3457 3457 3443 3443 3458 3458 3403 3403 1322 1322 3403 3403 3458 3458 3403 3403 1322 1322 1321 1321 1957 1957 3397 3397 2218 2218 3399 3399 2218 2218 3397 3397 2218 2218 3399 3399 2219 2219 3401 3401 2219 2219 3399 3399 2219 2219 3401 3401 2236 2236 3408 3408 2236 2236 3401 3401 2236 2236 3408 3408 2237 2237 3407 3407 2237 2237 3408 3408 2237 2237 3407 3407 2238 2238 3412 3412 2238 2238 3407 3407 2238 2238 3412 3412 2239 2239 3411 3411 2239 2239 3412 3412 2239 2239 3411 3411 2254 2254 3416 3416 2254 2254 3411 3411 2254 2254 3416 3416 2255 2255 3415 3415 2255 2255 3416 3416 2255 2255 3415 3415 2256 2256 3421 3421 2256 2256 3415 3415 2256 2256 3421 3421 2257 2257 3420 3420 2257 2257 3421 3421 2257 2257 3420 3420 2263 2263 3418 3418 2263 2263 3420 3420 2263 2263 3418 3418 2274 2274 2622 2622 2274 2274 3418 3418 3459 3459 1940 1940 3460 3460 2211 2211 3460 3460 1940 1940 3460 3460 2211 2211 3461 3461 2229 2229 3461 3461 2211 2211 3461 3461 2229 2229 3462 3462 2228 2228 3462 3462 2229 2229 3462 3462 2228 2228 3463 3463 2227 2227 3463 3463 2228 2228 3463 3463 2227 2227 3464 3464 2226 2226 3464 3464 2227 2227 3464 3464 2226 2226 3465 3465 2249 2249 3465 3465 2226 2226 3465 3465 2249 2249 3466 3466 2248 2248 3466 3466 2249 2249 3466 3466 2248 2248 3467 3467 2247 2247 3467 3467 2248 2248 3467 3467 2247 2247 3468 3468 2246 2246 3468 3468 2247 2247 3468 3468 2246 2246 3469 3469 2267 2267 3469 3469 2246 2246 3469 3469 2267 2267 3470 3470 2266 2266 3470 3470 2267 2267 3470 3470 2266 2266 3471 3471 2265 2265 3471 3471 2266 2266 3471 3471 2265 2265 2601 2601 2264 2264 2601 2601 2265 2265 3472 3472 3473 3473 3474 3474 3475 3475 3474 3474 3473 3473 3476 3476 3459 3459 3477 3477 3460 3460 3477 3477 3459 3459 3477 3477 3460 3460 3478 3478 3479 3479 3480 3480 3481 3481 3481 3481 3482 3482 3479 3479 3483 3483 3479 3479 3482 3482 3479 3479 3483 3483 3475 3475 3484 3484 3475 3475 3483 3483 3475 3475 3484 3484 3474 3474 3460 3460 3461 3461 3478 3478 3462 3462 3478 3478 3461 3461 3478 3478 3462 3462 3485 3485 3463 3463 3485 3485 3462 3462 3463 3463 3464 3464 3485 3485 3465 3465 3485 3485 3464 3464 3485 3485 3465 3465 3486 3486 3487 3487 3488 3488 3489 3489 3489 3489 3490 3490 3487 3487 3491 3491 3487 3487 3490 3490 3487 3487 3491 3491 3480 3480 3492 3492 3480 3480 3491 3491 3480 3480 3492 3492 3481 3481 3465 3465 3466 3466 3486 3486 3467 3467 3486 3486 3466 3466 3486 3486 3467 3467 3493 3493 3473 3473 3494 3494 3475 3475 3495 3495 3475 3475 3494 3494 3475 3475 3495 3495 3479 3479 3496 3496 3479 3479 3495 3495 3479 3479 3496 3496 3480 3480 3497 3497 3480 3480 3496 3496 3480 3480 3497 3497 3487 3487 3498 3498 3487 3487 3497 3497 3487 3487 3498 3498 3488 3488 3499 3499 3488 3488 3498 3498 3488 3488 3499 3499 3500 3500 3501 3501 3500 3500 3499 3499 3494 3494 3502 3502 3495 3495 3503 3503 3495 3495 3502 3502 3495 3495 3503 3503 3496 3496 3504 3504 3496 3496 3503 3503 3496 3496 3504 3504 3497 3497 3505 3505 3497 3497 3504 3504 3497 3497 3505 3505 3498 3498 3506 3506 3498 3498 3505 3505 3498 3498 3506 3506 3499 3499 3507 3507 3499 3499 3506 3506 3499 3499 3507 3507 3501 3501 3508 3508 3501 3501 3507 3507 3502 3502 3509 3509 3503 3503 3510 3510 3503 3503 3509 3509 3503 3503 3510 3510 3504 3504 3511 3511 3504 3504 3510 3510 3504 3504 3511 3511 3505 3505 3512 3512 3505 3505 3511 3511 3505 3505 3512 3512 3506 3506 3513 3513 3506 3506 3512 3512 3506 3506 3513 3513 3507 3507 3514 3514 3507 3507 3513 3513 3507 3507 3514 3514 3508 3508 3515 3515 3508 3508 3514 3514 3509 3509 3516 3516 3510 3510 3517 3517 3510 3510 3516 3516 3510 3510 3517 3517 3511 3511 3518 3518 3511 3511 3517 3517 3511 3511 3518 3518 3512 3512 3519 3519 3512 3512 3518 3518 3512 3512 3519 3519 3513 3513 3520 3520 3513 3513 3519 3519 3513 3513 3520 3520 3514 3514 3521 3521 3514 3514 3520 3520 3514 3514 3521 3521 3515 3515 3522 3522 3515 3515 3521 3521 3516 3516 3476 3476 3517 3517 3477 3477 3517 3517 3476 3476 3517 3517 3477 3477 3518 3518 3478 3478 3518 3518 3477 3477 3518 3518 3478 3478 3519 3519 3485 3485 3519 3519 3478 3478 3519 3519 3485 3485 3520 3520 3486 3486 3520 3520 3485 3485 3520 3520 3486 3486 3521 3521 3493 3493 3521 3521 3486 3486 3521 3521 3493 3493 3522 3522 3523 3523 3522 3522 3493 3493 2599 2599 3524 3524 3500 3500 3525 3525 3500 3500 3524 3524 3500 3500 3525 3525 3488 3488 3526 3526 3488 3488 3525 3525 3488 3488 3526 3526 3489 3489 3467 3467 3468 3468 3493 3493 3469 3469 3493 3493 3468 3468 3493 3493 3469 3469 3523 3523 3470 3470 3523 3523 3469 3469 3523 3523 3470 3470 3471 3471 2599 2599 3500 3500 2600 2600 3501 3501 2600 2600 3500 3500 2600 2600 3501 3501 2602 2602 3508 3508 2602 2602 3501 3501 2602 2602 3508 3508 2603 2603 3515 3515 2603 2603 3508 3508 2603 2603 3515 3515 2616 2616 3522 3522 2616 2616 3515 3515 2616 2616 3522 3522 2617 2617 3523 3523 2617 2617 3522 3522 2617 2617 3523 3523 2618 2618 3471 3471 2618 2618 3523 3523 2618 2618 3471 3471 2601 2601 3472 3472 3527 3527 3528 3528 3472 3472 3528 3528 3473 3473 3529 3529 3473 3473 3528 3528 3473 3473 3529 3529 3494 3494 3530 3530 3494 3494 3529 3529 3494 3494 3530 3530 3502 3502 3531 3531 3502 3502 3530 3530 3502 3502 3531 3531 3509 3509 3532 3532 3509 3509 3531 3531 3509 3509 3532 3532 3516 3516 3532 3532 3533 3533 3516 3516 3534 3534 3516 3516 3533 3533 3516 3516 3534 3534 3476 3476 3535 3535 3476 3476 3534 3534 3476 3476 3535 3535 3459 3459 3322 3322 3472 3472 3351 3351 3474 3474 3351 3351 3472 3472 3351 3351 3474 3474 3355 3355 3484 3484 3355 3355 3474 3474 3355 3355 3484 3484 3356 3356 3483 3483 3356 3356 3484 3484 3356 3356 3483 3483 3358 3358 3482 3482 3358 3358 3483 3483 3358 3358 3482 3482 3359 3359 3481 3481 3359 3359 3482 3482 3359 3359 3481 3481 3360 3360 3492 3492 3360 3360 3481 3481 3360 3360 3492 3492 3364 3364 3491 3491 3364 3364 3492 3492 3364 3364 3491 3491 3365 3365 3490 3490 3365 3365 3491 3491 3365 3365 3490 3490 3393 3393 3489 3489 3393 3393 3490 3490 3393 3393 3489 3489 3394 3394 3526 3526 3394 3394 3489 3489 3394 3394 3526 3526 3395 3395 3525 3525 3395 3395 3526 3526 3395 3395 3525 3525 3396 3396 3524 3524 3396 3396 3525 3525 3396 3396 3524 3524 2609 2609 2599 2599 2609 2609 3524 3524 3536 3536 3537 3537 3538 3538 3536 3536 3538 3538 3539 3539 3540 3540 3539 3539 3538 3538 3539 3539 3540 3540 3541 3541 3542 3542 3541 3541 3540 3540 3541 3541 3542 3542 3543 3543 3544 3544 3543 3543 3542 3542 3543 3543 3544 3544 3545 3545 3546 3546 3545 3545 3544 3544 3545 3545 3546 3546 3547 3547 3548 3548 3547 3547 3546 3546 3547 3547 3548 3548 3549 3549 3550 3550 3549 3549 3548 3548 3549 3549 3550 3550 3551 3551 3552 3552 3551 3551 3550 3550 3551 3551 3552 3552 3553 3553 3554 3554 3553 3553 3552 3552 3553 3553 3554 3554 3555 3555 3556 3556 3555 3555 3554 3554 3555 3555 3556 3556 3557 3557 3558 3558 3557 3557 3556 3556 3557 3557 3558 3558 3559 3559 3560 3560 3559 3559 3558 3558 3559 3559 3560 3560 3561 3561 3561 3561 3560 3560 3562 3562 3561 3561 3562 3562 3563 3563 3564 3564 3563 3563 3562 3562 3563 3563 3564 3564 3565 3565 3566 3566 3565 3565 3564 3564 3565 3565 3566 3566 3567 3567 3568 3568 3567 3567 3566 3566 3567 3567 3568 3568 3569 3569 3570 3570 3569 3569 3568 3568 3569 3569 3570 3570 3571 3571 3572 3572 3571 3571 3570 3570 3571 3571 3572 3572 3573 3573 3574 3574 3573 3573 3572 3572 3573 3573 3574 3574 3575 3575 3576 3576 3575 3575 3574 3574 3575 3575 3576 3576 3577 3577 3578 3578 3577 3577 3576 3576 3577 3577 3578 3578 3579 3579 3580 3580 3579 3579 3578 3578 3579 3579 3580 3580 3581 3581 3582 3582 3581 3581 3580 3580 3581 3581 3582 3582 3583 3583 3537 3537 3583 3583 3582 3582 3583 3583 3537 3537 3536 3536 3584 3584 3585 3585 3586 3586 3587 3587 3586 3586 3585 3585 3586 3586 3587 3587 3588 3588 3588 3588 3589 3589 3586 3586 3590 3590 3586 3586 3589 3589 3586 3586 3590 3590 3591 3591 3592 3592 3593 3593 3594 3594 3595 3595 3594 3594 3593 3593 3592 3592 3596 3596 3593 3593 3597 3597 3593 3593 3596 3596 3593 3593 3597 3597 3598 3598 3595 3595 3593 3593 3586 3586 3599 3599 3586 3586 3593 3593 3586 3586 3599 3599 3584 3584 3591 3591 3600 3600 3586 3586 3601 3601 3586 3586 3600 3600 3586 3586 3601 3601 3602 3602 3602 3602 3603 3603 3586 3586 3604 3604 3586 3586 3603 3603 3586 3586 3604 3604 3605 3605 3606 3606 3605 3605 3604 3604 3605 3605 3606 3606 3607 3607 3608 3608 3609 3609 3610 3610 3611 3611 3612 3612 3613 3613 3614 3614 3615 3615 3613 3613 3608 3608 3613 3613 3615 3615 3613 3613 3608 3608 3611 3611 3610 3610 3611 3611 3608 3608 3616 3616 3617 3617 3618 3618 3619 3619 3618 3618 3617 3617 3620 3620 3621 3621 3622 3622 3623 3623 3622 3622 3621 3621 3624 3624 3625 3625 3626 3626 3627 3627 3626 3626 3625 3625 3628 3628 3629 3629 3630 3630 3631 3631 3630 3630 3629 3629 3632 3632 3633 3633 3634 3634 3635 3635 3634 3634 3633 3633 3636 3636 3637 3637 3638 3638 3639 3639 3638 3638 3637 3637 3638 3638 3639 3639 3640 3640 3641 3641 3642 3642 3643 3643 3644 3644 3643 3643 3642 3642 3643 3643 3644 3644 3645 3645 3646 3646 3647 3647 3648 3648 3649 3649 3648 3648 3647 3647 3650 3650 3651 3651 3652 3652 3653 3653 3652 3652 3651 3651 3654 3654 3655 3655 3656 3656 3657 3657 3656 3656 3655 3655 3656 3656 3657 3657 3658 3658 3659 3659 3660 3660 3661 3661 3662 3662 3661 3661 3660 3660 3661 3661 3662 3662 3663 3663 3664 3664 3665 3665 3666 3666 3667 3667 3666 3666 3665 3665 3668 3668 3669 3669 3670 3670 3671 3671 3670 3670 3669 3669 3278 3278 3277 3277 3672 3672 3278 3278 3672 3672 3673 3673 3674 3674 3673 3673 3672 3672 3673 3673 3674 3674 3675 3675 3676 3676 3675 3675 3674 3674 3675 3675 3676 3676 3677 3677 3678 3678 3677 3677 3676 3676 3677 3677 3678 3678 3679 3679 3680 3680 3679 3679 3678 3678 3679 3679 3680 3680 3681 3681 1252 1252 3681 3681 3680 3680 3681 3681 1252 1252 1251 1251 3682 3682 3683 3683 3684 3684 3685 3685 3686 3686 3687 3687 3688 3688 3689 3689 3690 3690 3691 3691 3692 3692 3693 3693 3694 3694 819 819 3695 3695 850 850 849 849 3696 3696 864 864 858 858 3697 3697 860 860 3697 3697 858 858 2317 2317 3698 3698 3699 3699 2377 2377 2376 2376 3700 3700 2394 2394 3701 3701 2395 2395 2396 2396 2395 2395 3701 3701 2396 2396 3701 3701 2393 2393 3702 3702 2393 2393 3701 3701 2393 2393 3702 3702 2391 2391 3703 3703 2391 2391 3702 3702 2391 2391 3703 3703 2385 2385 3704 3704 2381 2381 3703 3703 2383 2383 3703 3703 2381 2381 3703 3703 2383 2383 2385 2385 3705 3705 2387 2387 3704 3704 2386 2386 3704 3704 2387 2387 3704 3704 2386 2386 2381 2381 3706 3706 2390 2390 3705 3705 2389 2389 3705 3705 2390 2390 3705 3705 2389 2389 2387 2387 2376 2376 2375 2375 3700 3700 2380 2380 3700 3700 2375 2375 3700 3700 2380 2380 3706 3706 2379 2379 3706 3706 2380 2380 3706 3706 2379 2379 2390 2390 2370 2370 3707 3707 2371 2371 2311 2311 2371 2371 3707 3707 2371 2371 2311 2311 2310 2310 3708 3708 3709 3709 3710 3710 2349 2349 3710 3710 3709 3709 3711 3711 2341 2341 3712 3712 2339 2339 3712 3712 2341 2341 3712 3712 2339 2339 3713 3713 2338 2338 3713 3713 2339 2339 3713 3713 2338 2338 3714 3714 2347 2347 3714 3714 2338 2338 3714 3714 2347 2347 3708 3708 2346 2346 3708 3708 2347 2347 3708 3708 2346 2346 3709 3709 2336 2336 2335 2335 3711 3711 2342 2342 3711 3711 2335 2335 3711 3711 2342 2342 2341 2341 3715 3715 2322 2322 3716 3716 2330 2330 3716 3716 2322 2322 3716 3716 2330 2330 2332 2332 2329 2329 2328 2328 3717 3717 2321 2321 2320 2320 3699 3699 2319 2319 3699 3699 2320 2320 3699 3699 2319 2319 2317 2317 3697 3697 2314 2314 2321 2321 2314 2314 3697 3697 2312 2312 860 860 2312 2312 3697 3697 2312 2312 860 860 862 862 2321 2321 3699 3699 3697 3697 865 865 3697 3697 3699 3699 3697 3697 865 865 864 864 3698 3698 847 847 3699 3699 846 846 3699 3699 847 847 3699 3699 846 846 865 865 848 848 3718 3718 840 840 3696 3696 840 840 3718 3718 840 840 3696 3696 841 841 849 849 841 841 3696 3696 837 837 854 854 3719 3719 852 852 3719 3719 854 854 833 833 832 832 3685 3685 834 834 3685 3685 832 832 3685 3685 834 834 3686 3686 826 826 3686 3686 834 834 3686 3686 826 826 3687 3687 829 829 3687 3687 826 826 820 820 822 822 3682 3682 836 836 3682 3682 822 822 3682 3682 836 836 3683 3683 812 812 811 811 3720 3720 3691 3691 3720 3720 811 811 3720 3720 3691 3691 3721 3721 3693 3693 3721 3721 3691 3691 2394 2394 805 805 3701 3701 3722 3722 3701 3701 805 805 3701 3701 3722 3722 813 813 852 852 850 850 3719 3719 3696 3696 3719 3719 850 850 3719 3719 3696 3696 3723 3723 3718 3718 3723 3723 3696 3696 3723 3723 3718 3718 3698 3698 848 848 3698 3698 3718 3718 3698 3698 848 848 847 847 3724 3724 3725 3725 3726 3726 831 831 3727 3727 3688 3688 838 838 3688 3688 3727 3727 3688 3688 838 838 3689 3689 837 837 3689 3689 838 838 3689 3689 837 837 3690 3690 3719 3719 3690 3690 837 837 3690 3690 3719 3719 3728 3728 3723 3723 3728 3728 3719 3719 3728 3728 3723 3723 3729 3729 3698 3698 3729 3729 3723 3723 3729 3729 3698 3698 2318 2318 2317 2317 2318 2318 3698 3698 829 829 831 831 3687 3687 3688 3688 3687 3687 831 831 3687 3687 3688 3688 3730 3730 3690 3690 3730 3730 3688 3688 3730 3730 3690 3690 3731 3731 3728 3728 3731 3731 3690 3690 3731 3731 3728 3728 3717 3717 3729 3729 3717 3717 3728 3728 3717 3717 3729 3729 2329 2329 2318 2318 2329 2329 3729 3729 836 836 835 835 3683 3683 833 833 3683 3683 835 835 3683 3683 833 833 3684 3684 3685 3685 3684 3684 833 833 3684 3684 3685 3685 3732 3732 3687 3687 3732 3732 3685 3685 3732 3732 3687 3687 3733 3733 3730 3730 3733 3733 3687 3687 3733 3733 3730 3730 3734 3734 3731 3731 3734 3734 3730 3730 3734 3734 3731 3731 3735 3735 3717 3717 3735 3735 3731 3731 819 819 820 820 3695 3695 3682 3682 3695 3695 820 820 3695 3695 3682 3682 3736 3736 3684 3684 3736 3736 3682 3682 3736 3736 3684 3684 3737 3737 3732 3732 3737 3737 3684 3684 3737 3737 3732 3732 3738 3738 3733 3733 3738 3738 3732 3732 3738 3738 3733 3733 3739 3739 3734 3734 3739 3739 3733 3733 3739 3739 3734 3734 3740 3740 3735 3735 3740 3740 3734 3734 800 800 799 799 3724 3724 823 823 3724 3724 799 799 3724 3724 823 823 3725 3725 3694 3694 3725 3725 823 823 3725 3725 3694 3694 3726 3726 3695 3695 3726 3726 3694 3694 3726 3726 3695 3695 3741 3741 3736 3736 3741 3741 3695 3695 3741 3741 3736 3736 3742 3742 3737 3737 3742 3742 3736 3736 3742 3742 3737 3737 3743 3743 3738 3738 3743 3743 3737 3737 3743 3743 3738 3738 3744 3744 3739 3739 3744 3744 3738 3738 3744 3744 3739 3739 3716 3716 3740 3740 3716 3716 3739 3739 3716 3716 3740 3740 3715 3715 3735 3735 3715 3715 3740 3740 3715 3715 3735 3735 2325 2325 3717 3717 2325 2325 3735 3735 2325 2325 3717 3717 2326 2326 2328 2328 2326 2326 3717 3717 3745 3745 3746 3746 3711 3711 2337 2337 3711 3711 3746 3746 3711 3711 2337 2337 2336 2336 3692 3692 800 800 3693 3693 3724 3724 3693 3693 800 800 3693 3693 3724 3724 3747 3747 3726 3726 3747 3747 3724 3724 3747 3747 3726 3726 3748 3748 3741 3741 3748 3748 3726 3726 3748 3748 3741 3741 3749 3749 3742 3742 3749 3749 3741 3741 3749 3749 3742 3742 3750 3750 3743 3743 3750 3750 3742 3742 3750 3750 3743 3743 3751 3751 3744 3744 3751 3751 3743 3743 3751 3751 3744 3744 3752 3752 3716 3716 3752 3752 3744 3744 3752 3752 3716 3716 2334 2334 2332 2332 2334 2334 3716 3716 3753 3753 3754 3754 3755 3755 3756 3756 3755 3755 3754 3754 3755 3755 3756 3756 3757 3757 3758 3758 3757 3757 3756 3756 3757 3757 3758 3758 3759 3759 3760 3760 3753 3753 3761 3761 3755 3755 3761 3761 3753 3753 3761 3761 3755 3755 3762 3762 3757 3757 3762 3762 3755 3755 3762 3762 3757 3757 3763 3763 3759 3759 3763 3763 3757 3757 3763 3763 3759 3759 3764 3764 3765 3765 3760 3760 3766 3766 3761 3761 3766 3766 3760 3760 3766 3766 3761 3761 3767 3767 3762 3762 3767 3767 3761 3761 3767 3767 3762 3762 3768 3768 3763 3763 3768 3768 3762 3762 3768 3768 3763 3763 3769 3769 3764 3764 3769 3769 3763 3763 3769 3769 3764 3764 3770 3770 3771 3771 3765 3765 3772 3772 3766 3766 3772 3772 3765 3765 3772 3772 3766 3766 3773 3773 3767 3767 3773 3773 3766 3766 3773 3773 3767 3767 3774 3774 3768 3768 3774 3774 3767 3767 3774 3774 3768 3768 3775 3775 3769 3769 3775 3775 3768 3768 3775 3775 3769 3769 3776 3776 3770 3770 3776 3776 3769 3769 3776 3776 3770 3770 3745 3745 3745 3745 3711 3711 3776 3776 3712 3712 3776 3776 3711 3711 3776 3776 3712 3712 3775 3775 3713 3713 3775 3775 3712 3712 3775 3775 3713 3713 3774 3774 3714 3714 3774 3774 3713 3713 3774 3774 3714 3714 3773 3773 3708 3708 3773 3773 3714 3714 3773 3773 3708 3708 3772 3772 3710 3710 3772 3772 3708 3708 3772 3772 3710 3710 3771 3771 2370 2370 2377 2377 3707 3707 3700 3700 3707 3707 2377 2377 3707 3707 3700 3700 3777 3777 3706 3706 3777 3777 3700 3700 3777 3777 3706 3706 3778 3778 3705 3705 3778 3778 3706 3706 3778 3778 3705 3705 3779 3779 3704 3704 3779 3779 3705 3705 3779 3779 3704 3704 3780 3780 3703 3703 3780 3780 3704 3704 3780 3780 3703 3703 3781 3781 3702 3702 3781 3781 3703 3703 3781 3781 3702 3702 3721 3721 3701 3701 3721 3721 3702 3702 3721 3721 3701 3701 3720 3720 813 813 3720 3720 3701 3701 3720 3720 813 813 812 812 2334 2334 2337 2337 3752 3752 3746 3746 3752 3752 2337 2337 3752 3752 3746 3746 3751 3751 3745 3745 3751 3751 3746 3746 3751 3751 3745 3745 3750 3750 3770 3770 3750 3750 3745 3745 3750 3750 3770 3770 3749 3749 3764 3764 3749 3749 3770 3770 3749 3749 3764 3764 3748 3748 3759 3759 3748 3748 3764 3764 3748 3748 3759 3759 3747 3747 3758 3758 3747 3747 3759 3759 3747 3747 3758 3758 3693 3693 3756 3756 3693 3693 3758 3758 3693 3693 3756 3756 3721 3721 3754 3754 3721 3721 3756 3756 3721 3721 3754 3754 3781 3781 3753 3753 3781 3781 3754 3754 3781 3781 3753 3753 3780 3780 3760 3760 3780 3780 3753 3753 3780 3780 3760 3760 3779 3779 3765 3765 3779 3779 3760 3760 3779 3779 3765 3765 3778 3778 3771 3771 3778 3778 3765 3765 3778 3778 3771 3771 3777 3777 3710 3710 3777 3777 3771 3771 3777 3777 3710 3710 3707 3707 2349 2349 3707 3707 3710 3710 3707 3707 2349 2349 2311 2311 2014 2014 2015 2015 3782 3782 3783 3783 3782 3782 2015 2015 3782 3782 3783 3783 3784 3784 3785 3785 3784 3784 3783 3783 3784 3784 3785 3785 3786 3786 3787 3787 3786 3786 3785 3785 3786 3786 3787 3787 3788 3788 3789 3789 3788 3788 3787 3787 3788 3788 3789 3789 3790 3790 3791 3791 3790 3790 3789 3789 3790 3790 3791 3791 3792 3792 3793 3793 3792 3792 3791 3791 3792 3792 3793 3793 3794 3794 3795 3795 3794 3794 3793 3793 3794 3794 3795 3795 3796 3796 3797 3797 3796 3796 3795 3795 3796 3796 3797 3797 3798 3798 3799 3799 3798 3798 3797 3797 3798 3798 3799 3799 3800 3800 3801 3801 3800 3800 3799 3799 3800 3800 3801 3801 3802 3802 3803 3803 3802 3802 3801 3801 3802 3802 3803 3803 1990 1990 1991 1991 1990 1990 3803 3803 3804 3804 3805 3805 3806 3806 3807 3807 3806 3806 3805 3805 3806 3806 3807 3807 3808 3808 3809 3809 3808 3808 3807 3807 3808 3808 3809 3809 3810 3810 3811 3811 3810 3810 3809 3809 3810 3810 3811 3811 3812 3812 3813 3813 3812 3812 3811 3811 3812 3812 3813 3813 3814 3814 3815 3815 3814 3814 3813 3813 3814 3814 3815 3815 3816 3816 3817 3817 3816 3816 3815 3815 3816 3816 3817 3817 3818 3818 3819 3819 3818 3818 3817 3817 3818 3818 3819 3819 3820 3820 3821 3821 3820 3820 3819 3819 3820 3820 3821 3821 3822 3822 3823 3823 3822 3822 3821 3821 3822 3822 3823 3823 3824 3824 3825 3825 3824 3824 3823 3823 3824 3824 3825 3825 3826 3826 3827 3827 3826 3826 3825 3825 3826 3826 3827 3827 3828 3828 3829 3829 3828 3828 3827 3827 3828 3828 3829 3829 3830 3830 3831 3831 3830 3830 3829 3829 3830 3830 3831 3831 3832 3832 3833 3833 3832 3832 3831 3831 3832 3832 3833 3833 3834 3834 3835 3835 3834 3834 3833 3833 3834 3834 3835 3835 3836 3836 3837 3837 3836 3836 3835 3835 3836 3836 3837 3837 3838 3838 3839 3839 3838 3838 3837 3837 3838 3838 3839 3839 3840 3840 3841 3841 3840 3840 3839 3839 3840 3840 3841 3841 3842 3842 3843 3843 3842 3842 3841 3841 3842 3842 3843 3843 3844 3844 3845 3845 3844 3844 3843 3843 3844 3844 3845 3845 3846 3846 3847 3847 3846 3846 3845 3845 3846 3846 3847 3847 3848 3848 3849 3849 3848 3848 3847 3847 3848 3848 3849 3849 3850 3850 3851 3851 3850 3850 3849 3849 3850 3850 3851 3851 3804 3804 3805 3805 3804 3804 3851 3851 3852 3852 3853 3853 3854 3854 3855 3855 3854 3854 3853 3853 3854 3854 3855 3855 3856 3856 3857 3857 3856 3856 3855 3855 3856 3856 3857 3857 3858 3858 3859 3859 3858 3858 3857 3857 3858 3858 3859 3859 3860 3860 3861 3861 3860 3860 3859 3859 3860 3860 3861 3861 3862 3862 3863 3863 3862 3862 3861 3861 3862 3862 3863 3863 3864 3864 3865 3865 3864 3864 3863 3863 3864 3864 3865 3865 3866 3866 3867 3867 3866 3866 3865 3865 3866 3866 3867 3867 3868 3868 3869 3869 3868 3868 3867 3867 3868 3868 3869 3869 3870 3870 3871 3871 3870 3870 3869 3869 3870 3870 3871 3871 3872 3872 3873 3873 3872 3872 3871 3871 3872 3872 3873 3873 3874 3874 3875 3875 3874 3874 3873 3873 3874 3874 3875 3875 3876 3876 3877 3877 3876 3876 3875 3875 3876 3876 3877 3877 3878 3878 3879 3879 3878 3878 3877 3877 3878 3878 3879 3879 3880 3880 3881 3881 3880 3880 3879 3879 3880 3880 3881 3881 3882 3882 3883 3883 3882 3882 3881 3881 3882 3882 3883 3883 3884 3884 3885 3885 3884 3884 3883 3883 3884 3884 3885 3885 3886 3886 3887 3887 3886 3886 3885 3885 3886 3886 3887 3887 3888 3888 3889 3889 3888 3888 3887 3887 3888 3888 3889 3889 3890 3890 3891 3891 3890 3890 3889 3889 3890 3890 3891 3891 3892 3892 3893 3893 3892 3892 3891 3891 3892 3892 3893 3893 3894 3894 3895 3895 3894 3894 3893 3893 3894 3894 3895 3895 3896 3896 3897 3897 3896 3896 3895 3895 3896 3896 3897 3897 3898 3898 3899 3899 3898 3898 3897 3897 3898 3898 3899 3899 3852 3852 3853 3853 3852 3852 3899 3899 663 663 664 664 3900 3900 3901 3901 3900 3900 664 664 3900 3900 3901 3901 3902 3902 3903 3903 3902 3902 3901 3901 3902 3902 3903 3903 3904 3904 3905 3905 3904 3904 3903 3903 3904 3904 3905 3905 3906 3906 3907 3907 3906 3906 3905 3905 3906 3906 3907 3907 3908 3908 3909 3909 3908 3908 3907 3907 3908 3908 3909 3909 3910 3910 3911 3911 3910 3910 3909 3909 3910 3910 3911 3911 3912 3912 3913 3913 3912 3912 3911 3911 3912 3912 3913 3913 3914 3914 3915 3915 3914 3914 3913 3913 3914 3914 3915 3915 3916 3916 3917 3917 3916 3916 3915 3915 3916 3916 3917 3917 3918 3918 3919 3919 3918 3918 3917 3917 3918 3918 3919 3919 3920 3920 3921 3921 3920 3920 3919 3919 3920 3920 3921 3921 639 639 640 640 639 639 3921 3921 2505 2505 2506 2506 3922 3922 3923 3923 3922 3922 2506 2506 3922 3922 3923 3923 3924 3924 3925 3925 3924 3924 3923 3923 3924 3924 3925 3925 3926 3926 3927 3927 3926 3926 3925 3925 3926 3926 3927 3927 3928 3928 3929 3929 3928 3928 3927 3927 3928 3928 3929 3929 3930 3930 3931 3931 3930 3930 3929 3929 3930 3930 3931 3931 3932 3932 3933 3933 3932 3932 3931 3931 3932 3932 3933 3933 3934 3934 3935 3935 3934 3934 3933 3933 3934 3934 3935 3935 3936 3936 3937 3937 3936 3936 3935 3935 3936 3936 3937 3937 3938 3938 3939 3939 3938 3938 3937 3937 3938 3938 3939 3939 3940 3940 3941 3941 3940 3940 3939 3939 3940 3940 3941 3941 3942 3942 3943 3943 3942 3942 3941 3941 3942 3942 3943 3943 2481 2481 2482 2482 2481 2481 3943 3943 3944 3944 3945 3945 3946 3946 3947 3947 3948 3948 3949 3949 3950 3950 3949 3949 3948 3948 3949 3949 3950 3950 3951 3951 3951 3951 3950 3950 3952 3952 3953 3953 3952 3952 3950 3950 3952 3952 3953 3953 3954 3954 3954 3954 3953 3953 3955 3955 3956 3956 3955 3955 3953 3953 3955 3955 3956 3956 3957 3957 3958 3958 3959 3959 3960 3960 3960 3960 3959 3959 3961 3961 3962 3962 3961 3961 3959 3959 3961 3961 3962 3962 3963 3963 3963 3963 3962 3962 3964 3964 3965 3965 3964 3964 3962 3962 3964 3964 3965 3965 3966 3966 3960 3960 3944 3944 3958 3958 3946 3946 3958 3958 3944 3944 3958 3958 3946 3946 3967 3967 3968 3968 3967 3967 3946 3946 3967 3967 3968 3968 3969 3969 3970 3970 3969 3969 3968 3968 3969 3969 3970 3970 3971 3971 3972 3972 3971 3971 3970 3970 3971 3971 3972 3972 3973 3973 3974 3974 3973 3973 3972 3972 3973 3973 3974 3974 3975 3975 3974 3974 3976 3976 3975 3975 3977 3977 3975 3975 3976 3976 3975 3975 3977 3977 3978 3978 3979 3979 3978 3978 3977 3977 3978 3978 3979 3979 3980 3980 3981 3981 3980 3980 3979 3979 3980 3980 3981 3981 3982 3982 3983 3983 3982 3982 3981 3981 3982 3982 3983 3983 3984 3984 3985 3985 3984 3984 3983 3983 3984 3984 3985 3985 3986 3986 3987 3987 3986 3986 3985 3985 3986 3986 3987 3987 3956 3956 3988 3988 3956 3956 3987 3987 3956 3956 3988 3988 3957 3957 3966 3966 3965 3965 3989 3989 3990 3990 3991 3991 3964 3964 3964 3964 3991 3991 3963 3963 3992 3992 3963 3963 3991 3991 3963 3963 3992 3992 3961 3961 3961 3961 3992 3992 3960 3960 3945 3945 3960 3960 3992 3992 3960 3960 3945 3945 3944 3944 3955 3955 3957 3957 3954 3954 3993 3993 3954 3954 3957 3957 3994 3994 3951 3951 3993 3993 3952 3952 3993 3993 3951 3951 3993 3993 3952 3952 3954 3954 3995 3995 3947 3947 3994 3994 3949 3949 3994 3994 3947 3947 3994 3994 3949 3949 3951 3951 3948 3948 3947 3947 3996 3996 3995 3995 3996 3996 3947 3947 3996 3996 3995 3995 3997 3997 3998 3998 3997 3997 3995 3995 3997 3997 3998 3998 3999 3999 4000 4000 3999 3999 3998 3998 3999 3999 4000 4000 4001 4001 4002 4002 4001 4001 4000 4000 4001 4001 4002 4002 4003 4003 4004 4004 4003 4003 4002 4002 4003 4003 4004 4004 4005 4005 4006 4006 4005 4005 4004 4004 4005 4005 4006 4006 3989 3989 3990 3990 3989 3989 4006 4006 3989 3989 3990 3990 3966 3966 3964 3964 3966 3966 3990 3990 4007 4007 4008 4008 4009 4009 4010 4010 4011 4011 4012 4012 4013 4013 4012 4012 4011 4011 4012 4012 4013 4013 4014 4014 4014 4014 4013 4013 4015 4015 4016 4016 4015 4015 4013 4013 4015 4015 4016 4016 4017 4017 4017 4017 4016 4016 4018 4018 4019 4019 4018 4018 4016 4016 4018 4018 4019 4019 4020 4020 4021 4021 4022 4022 4023 4023 4023 4023 4022 4022 4024 4024 4025 4025 4024 4024 4022 4022 4024 4024 4025 4025 4026 4026 4026 4026 4025 4025 4027 4027 4028 4028 4027 4027 4025 4025 4027 4027 4028 4028 4029 4029 4023 4023 4007 4007 4021 4021 4009 4009 4021 4021 4007 4007 4021 4021 4009 4009 4030 4030 4031 4031 4030 4030 4009 4009 4030 4030 4031 4031 4032 4032 4033 4033 4032 4032 4031 4031 4032 4032 4033 4033 4034 4034 4035 4035 4034 4034 4033 4033 4034 4034 4035 4035 4036 4036 4037 4037 4036 4036 4035 4035 4036 4036 4037 4037 4038 4038 4039 4039 4038 4038 4037 4037 4038 4038 4039 4039 4040 4040 4041 4041 4040 4040 4039 4039 4040 4040 4041 4041 4042 4042 4043 4043 4042 4042 4041 4041 4042 4042 4043 4043 4044 4044 4045 4045 4044 4044 4043 4043 4044 4044 4045 4045 4046 4046 4047 4047 4046 4046 4045 4045 4046 4046 4047 4047 4048 4048 4049 4049 4048 4048 4047 4047 4048 4048 4049 4049 4019 4019 4050 4050 4019 4019 4049 4049 4019 4019 4050 4050 4020 4020 4029 4029 4028 4028 4051 4051 4052 4052 4053 4053 4027 4027 4027 4027 4053 4053 4026 4026 4054 4054 4026 4026 4053 4053 4026 4026 4054 4054 4024 4024 4024 4024 4054 4054 4023 4023 4008 4008 4023 4023 4054 4054 4023 4023 4008 4008 4007 4007 4018 4018 4020 4020 4017 4017 4055 4055 4017 4017 4020 4020 4056 4056 4014 4014 4055 4055 4015 4015 4055 4055 4014 4014 4055 4055 4015 4015 4017 4017 4057 4057 4010 4010 4056 4056 4012 4012 4056 4056 4010 4010 4056 4056 4012 4012 4014 4014 4011 4011 4010 4010 4058 4058 4057 4057 4058 4058 4010 4010 4058 4058 4057 4057 4059 4059 4060 4060 4059 4059 4057 4057 4059 4059 4060 4060 4061 4061 4062 4062 4061 4061 4060 4060 4061 4061 4062 4062 4063 4063 4064 4064 4063 4063 4062 4062 4063 4063 4064 4064 4065 4065 4066 4066 4065 4065 4064 4064 4065 4065 4066 4066 4067 4067 4068 4068 4067 4067 4066 4066 4067 4067 4068 4068 4051 4051 4052 4052 4051 4051 4068 4068 4051 4051 4052 4052 4029 4029 4027 4027 4029 4029 4052 4052 2835 2835 2834 2834 4069 4069 2837 2837 4069 4069 2834 2834 4069 4069 2837 2837 1751 1751 1719 1719 1720 1720 4070 4070 4071 4071 4070 4070 1720 1720 1712 1712 1765 1765 4070 4070 1765 1765 1716 1716 4070 4070 1718 1718 4070 4070 1716 1716 4070 4070 1718 1718 1719 1719 4072 4072 4069 4069 1751 1751 1751 1751 1750 1750 4072 4072 1711 1711 4072 4072 1750 1750 4072 4072 1711 1711 1709 1709 1709 1709 1708 1708 4072 4072 1715 1715 4072 4072 1708 1708 4072 4072 1715 1715 4070 4070 1713 1713 4070 4070 1715 1715 4070 4070 1713 1713 1712 1712 1720 1720 4073 4073 4071 4071 4074 4074 4071 4071 4073 4073 4071 4071 4074 4074 4075 4075 4074 4074 4076 4076 4075 4075 4077 4077 4075 4075 4076 4076 4075 4075 4077 4077 4078 4078 4077 4077 4079 4079 4078 4078 4080 4080 4078 4078 4079 4079 4078 4078 4080 4080 4081 4081 1221 1221 4082 4082 4083 4083 4081 4081 4083 4083 4082 4082 4083 4083 4081 4081 4084 4084 4080 4080 4084 4084 4081 4081 4082 4082 1221 1221 1246 1246 1151 1151 1246 1246 1221 1221 748 748 792 792 4085 4085 2066 2066 746 746 748 748 4086 4086 1576 1576 1585 1585 748 748 4085 4085 2066 2066 4087 4087 2066 2066 4085 4085 2066 2066 4087 4087 2057 2057 4088 4088 2057 2057 4087 4087 2057 2057 4088 4088 2056 2056 4089 4089 2056 2056 4088 4088 2056 2056 4089 4089 2054 2054 4090 4090 2054 2054 4089 4089 2054 2054 4090 4090 2059 2059 4086 4086 2059 2059 4090 4090 2059 2059 4086 4086 2052 2052 1585 1585 2052 2052 4086 4086 2052 2052 1585 1585 1583 1583 752 752 2647 2647 754 754 4091 4091 754 754 2647 2647 1579 1579 1582 1582 2637 2637 4092 4092 2637 2637 1582 1582 4093 4093 755 755 4091 4091 757 757 4091 4091 755 755 4091 4091 757 757 754 754 1582 1582 1616 1616 4092 4092 1608 1608 4092 4092 1616 1616 4092 4092 1608 1608 4094 4094 4095 4095 767 767 4093 4093 774 774 4093 4093 767 767 4093 4093 774 774 755 755 1608 1608 1611 1611 4094 4094 1604 1604 4094 4094 1611 1611 4094 4094 1604 1604 4096 4096 1602 1602 4096 4096 1604 1604 4096 4096 1602 1602 4097 4097 4098 4098 787 787 4095 4095 768 768 4095 4095 787 787 4095 4095 768 768 767 767 2647 2647 2645 2645 4091 4091 4099 4099 4091 4091 2645 2645 4091 4091 4099 4099 4093 4093 4100 4100 4093 4093 4099 4099 4093 4093 4100 4100 4095 4095 4101 4101 4095 4095 4100 4100 4095 4095 4101 4101 4098 4098 4102 4102 4098 4098 4101 4101 4098 4098 4102 4102 4103 4103 4104 4104 4103 4103 4102 4102 2645 2645 2643 2643 4099 4099 4105 4105 4099 4099 2643 2643 4099 4099 4105 4105 4100 4100 4106 4106 4100 4100 4105 4105 4100 4100 4106 4106 4101 4101 4107 4107 4101 4101 4106 4106 4101 4101 4107 4107 4102 4102 4108 4108 4102 4102 4107 4107 4102 4102 4108 4108 4104 4104 4109 4109 4104 4104 4108 4108 2643 2643 2641 2641 4105 4105 4110 4110 4105 4105 2641 2641 4105 4105 4110 4110 4106 4106 4111 4111 4106 4106 4110 4110 4106 4106 4111 4111 4107 4107 4112 4112 4107 4107 4111 4111 4107 4107 4112 4112 4108 4108 4113 4113 4108 4108 4112 4112 4108 4108 4113 4113 4109 4109 4114 4114 4109 4109 4113 4113 2641 2641 2639 2639 4110 4110 4115 4115 4110 4110 2639 2639 4110 4110 4115 4115 4111 4111 4116 4116 4111 4111 4115 4115 4111 4111 4116 4116 4112 4112 4117 4117 4112 4112 4116 4116 4112 4112 4117 4117 4113 4113 4118 4118 4113 4113 4117 4117 4113 4113 4118 4118 4114 4114 4119 4119 4114 4114 4118 4118 2639 2639 2637 2637 4115 4115 4092 4092 4115 4115 2637 2637 4115 4115 4092 4092 4116 4116 4094 4094 4116 4116 4092 4092 4116 4116 4094 4094 4117 4117 4096 4096 4117 4117 4094 4094 4117 4117 4096 4096 4118 4118 4097 4097 4118 4118 4096 4096 4118 4118 4097 4097 4119 4119 4120 4120 4119 4119 4097 4097 792 792 780 780 4103 4103 782 782 4103 4103 780 780 4103 4103 782 782 4098 4098 779 779 4098 4098 782 782 4098 4098 779 779 787 787 1602 1602 1600 1600 4097 4097 1593 1593 4097 4097 1600 1600 4097 4097 1593 1593 4120 4120 1596 1596 4120 4120 1593 1593 4120 4120 1596 1596 1577 1577 792 792 4103 4103 4085 4085 4104 4104 4085 4085 4103 4103 4085 4085 4104 4104 4087 4087 4109 4109 4087 4087 4104 4104 4087 4087 4109 4109 4088 4088 4114 4114 4088 4088 4109 4109 4088 4088 4114 4114 4089 4089 4119 4119 4089 4089 4114 4114 4089 4089 4119 4119 4090 4090 4120 4120 4090 4090 4119 4119 4090 4090 4120 4120 4086 4086 1577 1577 4086 4086 4120 4120 4086 4086 1577 1577 1576 1576 4121 4121 4122 4122 4123 4123 4124 4124 4123 4123 4122 4122 4125 4125 4126 4126 4127 4127 4128 4128 4127 4127 4126 4126 4129 4129 4130 4130 4126 4126 4124 4124 4126 4126 4130 4130 4126 4126 4124 4124 4128 4128 4122 4122 4128 4128 4124 4124 4131 4131 4132 4132 4133 4133 4134 4134 4133 4133 4132 4132 4135 4135 4136 4136 4137 4137 4138 4138 4137 4137 4136 4136 4139 4139 4140 4140 4141 4141 4142 4142 4141 4141 4140 4140 4143 4143 4144 4144 4145 4145 4146 4146 4145 4145 4144 4144 4147 4147 4148 4148 4149 4149 4150 4150 4149 4149 4148 4148 4151 4151 4152 4152 4153 4153 4154 4154 4153 4153 4152 4152 4155 4155 4156 4156 4150 4150 4157 4157 4150 4150 4156 4156 4150 4150 4157 4157 4149 4149 4153 4153 4149 4149 4157 4157 4149 4149 4153 4153 4158 4158 4154 4154 4158 4158 4153 4153 4158 4158 4154 4154 4159 4159 4160 4160 4161 4161 4159 4159 4162 4162 4159 4159 4161 4161 4159 4159 4162 4162 4158 4158 4163 4163 4158 4158 4162 4162 4158 4158 4163 4163 4164 4164 4165 4165 4166 4166 4167 4167 4164 4164 4167 4167 4166 4166 4167 4167 4164 4164 4168 4168 4163 4163 4168 4168 4164 4164 4168 4168 4163 4163 4169 4169 4170 4170 4169 4169 4163 4163 4171 4171 4172 4172 4173 4173 4174 4174 4173 4173 4172 4172 4175 4175 4176 4176 4177 4177 4178 4178 4177 4177 4176 4176 4177 4177 4178 4178 4179 4179 4180 4180 4181 4181 4182 4182 4183 4183 4182 4182 4181 4181 4184 4184 4185 4185 4186 4186 4187 4187 4186 4186 4185 4185 4188 4188 4189 4189 4190 4190 4191 4191 4190 4190 4189 4189 4192 4192 4193 4193 4194 4194 4195 4195 4194 4194 4193 4193 4194 4194 4195 4195 4196 4196 4197 4197 4198 4198 4199 4199 4200 4200 4199 4199 4198 4198 4201 4201 4202 4202 4203 4203 4204 4204 4203 4203 4202 4202 4203 4203 4204 4204 4205 4205 4206 4206 4207 4207 4208 4208 4209 4209 4208 4208 4207 4207 4208 4208 4209 4209 4210 4210 4211 4211 4212 4212 4213 4213 4214 4214 4213 4213 4212 4212 4215 4215 4216 4216 4217 4217 4218 4218 4217 4217 4216 4216 4219 4219 4217 4217 4220 4220 4218 4218 4220 4220 4217 4217 4220 4220 4218 4218 4221 4221 4222 4222 4221 4221 4218 4218 4223 4223 4224 4224 4225 4225 4226 4226 4225 4225 4224 4224 1 1 46 46 4227 4227 2069 2069 3 3 1 1 4228 4228 2315 2315 2313 2313 1 1 4227 4227 2069 2069 4229 4229 2069 2069 4227 4227 2069 2069 4229 4229 2044 2044 4230 4230 2044 2044 4229 4229 2044 2044 4230 4230 2048 2048 4231 4231 2048 2048 4230 4230 2048 2048 4231 4231 2061 2061 4232 4232 2061 2061 4231 4231 2061 2061 4232 4232 2060 2060 4228 4228 2060 2060 4232 4232 2060 2060 4228 4228 2055 2055 2313 2313 2055 2055 4228 4228 2055 2055 2313 2313 2065 2065 6 6 4233 4233 8 8 4234 4234 8 8 4233 4233 2309 2309 2348 2348 4235 4235 4236 4236 4235 4235 2348 2348 4237 4237 14 14 4234 4234 16 16 4234 4234 14 14 4234 4234 16 16 8 8 2348 2348 2345 2345 4236 4236 2340 2340 4236 4236 2345 2345 4236 4236 2340 2340 4238 4238 4239 4239 19 19 4237 4237 21 21 4237 4237 19 19 4237 4237 21 21 14 14 2340 2340 2343 2343 4238 4238 2344 2344 4238 4238 2343 2343 4238 4238 2344 2344 4240 4240 2333 2333 4240 4240 2344 2344 4240 4240 2333 2333 4241 4241 4242 4242 41 41 4239 4239 25 25 4239 4239 41 41 4239 4239 25 25 19 19 4233 4233 4243 4243 4234 4234 4244 4244 4234 4234 4243 4243 4234 4234 4244 4244 4237 4237 4245 4245 4237 4237 4244 4244 4237 4237 4245 4245 4239 4239 4246 4246 4239 4239 4245 4245 4239 4239 4246 4246 4242 4242 4247 4247 4242 4242 4246 4246 4242 4242 4247 4247 4248 4248 4249 4249 4248 4248 4247 4247 4243 4243 4250 4250 4244 4244 4251 4251 4244 4244 4250 4250 4244 4244 4251 4251 4245 4245 4252 4252 4245 4245 4251 4251 4245 4245 4252 4252 4246 4246 4253 4253 4246 4246 4252 4252 4246 4246 4253 4253 4247 4247 4254 4254 4247 4247 4253 4253 4247 4247 4254 4254 4249 4249 4255 4255 4249 4249 4254 4254 4250 4250 4256 4256 4251 4251 4257 4257 4251 4251 4256 4256 4251 4251 4257 4257 4252 4252 4258 4258 4252 4252 4257 4257 4252 4252 4258 4258 4253 4253 4259 4259 4253 4253 4258 4258 4253 4253 4259 4259 4254 4254 4260 4260 4254 4254 4259 4259 4254 4254 4260 4260 4255 4255 4261 4261 4255 4255 4260 4260 4256 4256 4262 4262 4257 4257 4263 4263 4257 4257 4262 4262 4257 4257 4263 4263 4258 4258 4264 4264 4258 4258 4263 4263 4258 4258 4264 4264 4259 4259 4265 4265 4259 4259 4264 4264 4259 4259 4265 4265 4260 4260 4266 4266 4260 4260 4265 4265 4260 4260 4266 4266 4261 4261 4267 4267 4261 4261 4266 4266 4262 4262 4235 4235 4263 4263 4236 4236 4263 4263 4235 4235 4263 4263 4236 4236 4264 4264 4238 4238 4264 4264 4236 4236 4264 4264 4238 4238 4265 4265 4240 4240 4265 4265 4238 4238 4265 4265 4240 4240 4266 4266 4241 4241 4266 4266 4240 4240 4266 4266 4241 4241 4267 4267 4268 4268 4267 4267 4241 4241 46 46 34 34 4248 4248 36 36 4248 4248 34 34 4248 4248 36 36 4242 4242 33 33 4242 4242 36 36 4242 4242 33 33 41 41 2333 2333 2331 2331 4241 4241 2324 2324 4241 4241 2331 2331 4241 4241 2324 2324 4268 4268 2327 2327 4268 4268 2324 2324 4268 4268 2327 2327 2316 2316 46 46 4248 4248 4227 4227 4249 4249 4227 4227 4248 4248 4227 4227 4249 4249 4229 4229 4255 4255 4229 4229 4249 4249 4229 4229 4255 4255 4230 4230 4261 4261 4230 4230 4255 4255 4230 4230 4261 4261 4231 4231 4267 4267 4231 4231 4261 4261 4231 4231 4267 4267 4232 4232 4268 4268 4232 4232 4267 4267 4232 4232 4268 4268 4228 4228 2316 2316 4228 4228 4268 4268 4228 4228 2316 2316 2315 2315 2373 2373 2310 2310 4269 4269 2309 2309 4269 4269 2310 2310 4269 4269 2309 2309 4270 4270 4235 4235 4270 4270 2309 2309 4270 4270 4235 4235 4271 4271 4262 4262 4271 4271 4235 4235 4271 4271 4262 4262 4272 4272 4256 4256 4272 4272 4262 4262 4272 4272 4256 4256 4273 4273 4250 4250 4273 4273 4256 4256 4273 4273 4250 4250 4274 4274 4243 4243 4274 4274 4250 4250 4274 4274 4243 4243 4275 4275 4233 4233 4275 4275 4243 4243 4275 4275 4233 4233 208 208 6 6 208 208 4233 4233 4276 4276 4277 4277 4278 4278 4279 4279 4278 4278 4277 4277 4278 4278 4279 4279 4280 4280 4281 4281 4282 4282 4283 4283 4284 4284 4283 4283 4282 4282 4285 4285 4286 4286 4287 4287 4288 4288 4287 4287 4286 4286 4287 4287 4288 4288 4289 4289 4290 4290 4291 4291 4292 4292 4293 4293 4292 4292 4291 4291 4294 4294 4295 4295 4296 4296 4297 4297 4296 4296 4295 4295 4298 4298 4299 4299 4300 4300 4301 4301 4300 4300 4299 4299 4302 4302 4303 4303 4304 4304 4305 4305 4304 4304 4303 4303 4306 4306 4307 4307 4308 4308 4309 4309 4308 4308 4307 4307 4310 4310 4311 4311 4312 4312 4313 4313 4312 4312 4311 4311 4314 4314 4315 4315 4316 4316 4317 4317 4316 4316 4315 4315 4318 4318 4319 4319 4320 4320 4321 4321 4320 4320 4319 4319 4322 4322 4323 4323 4324 4324 4325 4325 4324 4324 4323 4323 4326 4326 4327 4327 4328 4328 4329 4329 4328 4328 4327 4327 4330 4330 4331 4331 4332 4332 4333 4333 4332 4332 4331 4331 4334 4334 4335 4335 4336 4336 4337 4337 4336 4336 4335 4335 4338 4338 4339 4339 4340 4340 4341 4341 4340 4340 4339 4339 4342 4342 4343 4343 4344 4344 4345 4345 4344 4344 4343 4343 4346 4346 4347 4347 4348 4348 4349 4349 4348 4348 4347 4347 4350 4350 4351 4351 4352 4352 4353 4353 4352 4352 4351 4351 4354 4354 4355 4355 4356 4356 4357 4357 4356 4356 4355 4355 4358 4358 4359 4359 4360 4360 4361 4361 4360 4360 4359 4359 4362 4362 4363 4363 4364 4364 4365 4365 4364 4364 4363 4363 4364 4364 4365 4365 4366 4366 4367 4367 4368 4368 4369 4369 4370 4370 4369 4369 4368 4368 4369 4369 4370 4370 4371 4371 4372 4372 4373 4373 4374 4374 4375 4375 4374 4374 4373 4373 4376 4376 4377 4377 4378 4378 4379 4379 4378 4378 4377 4377 4378 4378 4379 4379 4380 4380 4381 4381 4382 4382 4383 4383 4384 4384 4383 4383 4382 4382 4383 4383 4384 4384 4378 4378 4385 4385 4378 4378 4384 4384 4378 4378 4385 4385 4376 4376 4386 4386 4387 4387 4388 4388 4389 4389 4388 4388 4387 4387 4390 4390 4391 4391 4392 4392 4390 4390 4392 4392 4393 4393 4394 4394 4393 4393 4392 4392 4393 4393 4394 4394 4395 4395 4396 4396 4395 4395 4394 4394 4395 4395 4396 4396 4397 4397 4398 4398 4397 4397 4396 4396 4397 4397 4398 4398 4399 4399 4400 4400 4399 4399 4398 4398 4399 4399 4400 4400 4401 4401 4402 4402 4401 4401 4400 4400 4401 4401 4402 4402 4403 4403 4404 4404 4403 4403 4402 4402 4403 4403 4404 4404 4405 4405 4406 4406 4405 4405 4404 4404 4405 4405 4406 4406 4407 4407 4408 4408 4407 4407 4406 4406 4407 4407 4408 4408 4409 4409 4410 4410 4409 4409 4408 4408 4409 4409 4410 4410 4411 4411 4412 4412 4411 4411 4410 4410 4411 4411 4412 4412 4413 4413 4414 4414 4413 4413 4412 4412 4413 4413 4414 4414 4415 4415 4416 4416 4417 4417 4418 4418 4419 4419 4420 4420 4421 4421 4422 4422 4421 4421 4420 4420 4423 4423 4424 4424 4425 4425 4426 4426 4425 4425 4424 4424 4425 4425 4426 4426 4416 4416 4427 4427 4416 4416 4426 4426 4416 4416 4427 4427 4417 4417 4418 4418 4428 4428 4416 4416 4429 4429 4416 4416 4428 4428 4416 4416 4429 4429 4421 4421 4430 4430 4421 4421 4429 4429 4421 4421 4430 4430 4419 4419 4431 4431 4432 4432 4433 4433 4434 4434 4433 4433 4432 4432 4433 4433 4434 4434 4435 4435 4434 4434 4436 4436 4435 4435 4437 4437 4435 4435 4436 4436 4435 4435 4437 4437 4438 4438 4438 4438 4439 4439 4435 4435 4440 4440 4435 4435 4439 4439 4435 4435 4440 4440 4425 4425 4441 4441 4425 4425 4440 4440 4425 4425 4441 4441 4423 4423 4422 4422 4442 4442 4421 4421 4443 4443 4421 4421 4442 4442 4421 4421 4443 4443 4433 4433 4444 4444 4433 4433 4443 4443 4433 4433 4444 4444 4431 4431 4076 4076 4074 4074 4445 4445 4079 4079 4077 4077 4446 4446 4084 4084 4080 4080 4447 4447 1219 1219 1220 1220 2086 2086 4448 4448 2086 2086 1220 1220 1673 1673 2079 2079 1674 1674 4449 4449 1674 1674 2079 2079 1674 1674 4449 4449 1741 1741 4450 4450 1743 1743 4449 4449 1742 1742 4449 4449 1743 1743 4449 4449 1742 1742 1741 1741 1735 1735 1737 1737 4451 4451 1740 1740 4451 4451 1737 1737 4451 4451 1740 1740 4450 4450 1739 1739 4450 4450 1740 1740 4450 4450 1739 1739 1743 1743 1735 1735 4451 4451 1733 1733 4452 4452 1733 1733 4451 4451 1733 1733 4452 4452 1728 1728 4453 4453 1732 1732 1731 1731 4453 4453 1731 1731 4452 4452 1729 1729 4452 4452 1731 1731 4452 4452 1729 1729 1728 1728 1722 1722 1724 1724 4445 4445 1727 1727 4445 4445 1724 1724 4445 4445 1727 1727 4453 4453 1726 1726 4453 4453 1727 1727 4453 4453 1726 1726 1732 1732 4073 4073 1720 1720 1721 1721 1722 1722 4445 4445 1721 1721 4074 4074 1721 1721 4445 4445 1721 1721 4074 4074 4073 4073 1221 1221 4083 4083 1223 1223 4454 4454 1223 1223 4083 4083 4455 4455 1224 1224 4454 4454 1226 1226 4454 4454 1224 1224 4454 4454 1226 1226 1223 1223 4456 4456 1229 1229 4455 4455 1233 1233 4455 4455 1229 1229 4455 4455 1233 1233 1224 1224 4457 4457 1231 1231 4458 4458 1232 1232 4458 4458 1231 1231 4458 4458 1232 1232 4456 4456 1230 1230 4456 4456 1232 1232 4456 4456 1230 1230 1229 1229 1220 1220 1236 1236 4448 4448 1235 1235 4448 4448 1236 1236 4448 4448 1235 1235 4457 4457 1237 1237 4457 4457 1235 1235 4457 4457 1237 1237 1231 1231 4083 4083 4084 4084 4454 4454 4447 4447 4454 4454 4084 4084 4454 4454 4447 4447 4455 4455 4459 4459 4455 4455 4447 4447 4455 4455 4459 4459 4456 4456 4460 4460 4456 4456 4459 4459 4456 4456 4460 4460 4458 4458 4461 4461 4458 4458 4460 4460 4458 4458 4461 4461 4457 4457 4462 4462 4457 4457 4461 4461 4457 4457 4462 4462 4448 4448 4463 4463 4448 4448 4462 4462 4448 4448 4463 4463 2086 2086 2087 2087 2086 2086 4463 4463 4080 4080 4079 4079 4447 4447 4446 4446 4447 4447 4079 4079 4447 4447 4446 4446 4459 4459 4464 4464 4459 4459 4446 4446 4459 4459 4464 4464 4460 4460 4465 4465 4460 4460 4464 4464 4460 4460 4465 4465 4461 4461 4466 4466 4461 4461 4465 4465 4461 4461 4466 4466 4462 4462 4467 4467 4462 4462 4466 4466 4462 4462 4467 4467 4463 4463 4468 4468 4463 4463 4467 4467 4463 4463 4468 4468 2087 2087 2088 2088 2087 2087 4468 4468 4077 4077 4076 4076 4446 4446 4445 4445 4446 4446 4076 4076 4446 4446 4445 4445 4464 4464 4453 4453 4464 4464 4445 4445 4464 4464 4453 4453 4465 4465 4452 4452 4465 4465 4453 4453 4465 4465 4452 4452 4466 4466 4451 4451 4466 4466 4452 4452 4466 4466 4451 4451 4467 4467 4450 4450 4467 4467 4451 4451 4467 4467 4450 4450 4468 4468 4449 4449 4468 4468 4450 4450 4468 4468 4449 4449 2088 2088 2079 2079 2088 2088 4449 4449 4469 4469 4470 4470 4471 4471 4472 4472 4471 4471 4470 4470 1318 1318 1323 1323 4473 4473 1318 1318 4473 4473 4474 4474 4475 4475 4474 4474 4473 4473 4474 4474 4475 4475 4476 4476 4477 4477 4476 4476 4475 4475 4476 4476 4477 4477 4478 4478 4479 4479 4478 4478 4477 4477 4478 4478 4479 4479 4480 4480 4481 4481 4480 4480 4479 4479 4480 4480 4481 4481 4482 4482 4483 4483 4482 4482 4481 4481 4482 4482 4483 4483 4484 4484 4485 4485 4486 4486 4487 4487 4488 4488 4487 4487 4486 4486 4489 4489 4490 4490 4491 4491 4492 4492 4491 4491 4490 4490 4491 4491 4492 4492 4493 4493 4494 4494 4493 4493 4492 4492 4493 4493 4494 4494 4495 4495 4496 4496 4495 4495 4494 4494 4497 4497 4498 4498 4499 4499 4500 4500 4494 4494 4501 4501 4492 4492 4501 4501 4494 4494 4501 4501 4492 4492 4502 4502 4487 4487 4502 4502 4492 4492 4502 4502 4487 4487 4499 4499 4488 4488 4499 4499 4487 4487 4499 4499 4488 4488 4497 4497 4503 4503 4504 4504 4497 4497 4505 4505 4497 4497 4504 4504 4497 4497 4505 4505 4498 4498 4506 4506 4498 4498 4505 4505 4507 4507 4508 4508 4509 4509 4510 4510 4509 4509 4508 4508 4509 4509 4510 4510 4511 4511 4512 4512 4511 4511 4510 4510 4511 4511 4512 4512 4513 4513 4514 4514 4513 4513 4512 4512 4513 4513 4514 4514 4515 4515 4516 4516 4515 4515 4514 4514 4515 4515 4516 4516 4517 4517 4518 4518 4517 4517 4516 4516 4517 4517 4518 4518 4519 4519 4520 4520 4519 4519 4518 4518 4519 4519 4520 4520 4521 4521 4522 4522 4521 4521 4520 4520 4521 4521 4522 4522 4523 4523 4524 4524 4523 4523 4522 4522 4523 4523 4524 4524 4525 4525 4526 4526 4525 4525 4524 4524 4525 4525 4526 4526 4527 4527 4528 4528 4527 4527 4526 4526 4527 4527 4528 4528 4529 4529 4530 4530 4529 4529 4528 4528 4529 4529 4530 4530 4531 4531 4532 4532 4531 4531 4530 4530 4531 4531 4532 4532 4533 4533 4534 4534 4533 4533 4532 4532 4533 4533 4534 4534 4535 4535 4536 4536 4535 4535 4534 4534 4535 4535 4536 4536 4537 4537 4538 4538 4537 4537 4536 4536 4537 4537 4538 4538 4539 4539 4540 4540 4539 4539 4538 4538 4539 4539 4540 4540 4541 4541 4542 4542 4541 4541 4540 4540 4541 4541 4542 4542 4543 4543 4544 4544 4543 4543 4542 4542 4543 4543 4544 4544 4545 4545 4546 4546 4545 4545 4544 4544 4545 4545 4546 4546 4547 4547 4548 4548 4547 4547 4546 4546 4547 4547 4548 4548 4549 4549 4550 4550 4549 4549 4548 4548 4549 4549 4550 4550 4551 4551 4552 4552 4551 4551 4550 4550 4551 4551 4552 4552 4553 4553 4554 4554 4553 4553 4552 4552 4553 4553 4554 4554 4507 4507 4508 4508 4507 4507 4554 4554 4555 4555 4556 4556 4557 4557 4558 4558 4557 4557 4556 4556 4557 4557 4558 4558 4559 4559 4560 4560 4561 4561 4562 4562 4563 4563 4564 4564 4565 4565 4562 4562 4561 4561 4566 4566 4567 4567 4568 4568 4569 4569 4565 4565 4564 4564 4562 4562 4570 4570 4562 4562 4564 4564 4562 4562 4570 4570 4560 4560 4561 4561 4571 4571 4566 4566 4572 4572 4566 4566 4571 4571 4566 4566 4572 4572 4573 4573 4574 4574 4575 4575 4576 4576 4577 4577 4576 4576 4575 4575 4576 4576 4577 4577 4567 4567 4578 4578 4567 4567 4577 4577 4567 4567 4578 4578 4568 4568 4569 4569 4579 4579 4567 4567 4580 4580 4567 4567 4579 4579 4567 4567 4580 4580 4581 4581 4582 4582 4581 4581 4580 4580 4581 4581 4582 4582 4583 4583 4583 4583 4584 4584 4581 4581 4585 4585 4581 4581 4584 4584 4581 4581 4585 4585 4565 4565 4586 4586 4565 4565 4585 4585 4565 4565 4586 4586 4563 4563 4573 4573 4587 4587 4566 4566 4588 4588 4566 4566 4587 4587 4566 4566 4588 4588 4576 4576 4589 4589 4576 4576 4588 4588 4576 4576 4589 4589 4574 4574 1956 1956 4590 4590 1957 1957 4591 4591 1957 1957 4590 4590 1957 1957 4591 4591 3397 3397 3451 3451 3397 3397 4591 4591 724 724 720 720 4592 4592 724 724 4592 4592 4593 4593 4594 4594 4593 4593 4592 4592 4593 4593 4594 4594 4595 4595 4596 4596 4595 4595 4594 4594 4595 4595 4596 4596 4597 4597 4598 4598 4597 4597 4596 4596 4597 4597 4598 4598 4599 4599 4600 4600 4599 4599 4598 4598 4599 4599 4600 4600 4601 4601 3281 3281 4601 4601 4600 4600 4601 4601 3281 3281 3280 3280 4602 4602 4603 4603 4604 4604 4605 4605 4606 4606 4607 4607 4608 4608 4607 4607 4606 4606 4608 4608 4609 4609 4607 4607 4610 4610 4607 4607 4609 4609 4607 4607 4610 4610 4604 4604 4611 4611 4604 4604 4610 4610 4604 4604 4611 4611 4602 4602 4612 4612 4613 4613 4614 4614 4615 4615 4614 4614 4613 4613 4616 4616 4617 4617 4618 4618 4619 4619 4618 4618 4617 4617 4620 4620 4621 4621 4622 4622 1365 1365 1366 1366 4623 4623 4624 4624 4623 4623 1366 1366 4623 4623 4624 4624 4625 4625 4626 4626 4625 4625 4624 4624 4625 4625 4626 4626 4627 4627 4628 4628 4627 4627 4626 4626 4627 4627 4628 4628 4629 4629 4630 4630 4629 4629 4628 4628 4629 4629 4630 4630 4631 4631 4632 4632 4631 4631 4630 4630 4631 4631 4632 4632 4633 4633 4634 4634 4633 4633 4632 4632 4633 4633 4634 4634 4635 4635 4636 4636 4635 4635 4634 4634 4635 4635 4636 4636 4637 4637 4638 4638 4637 4637 4636 4636 4637 4637 4638 4638 4639 4639 4640 4640 4639 4639 4638 4638 4639 4639 4640 4640 4641 4641 4642 4642 4641 4641 4640 4640 4641 4641 4642 4642 4643 4643 4644 4644 4643 4643 4642 4642 4643 4643 4644 4644 1341 1341 1342 1342 1341 1341 4644 4644 4645 4645 4646 4646 4647 4647 4648 4648 4647 4647 4646 4646 4647 4647 4648 4648 4649 4649 4650 4650 4651 4651 4652 4652 4653 4653 4654 4654 4655 4655 4656 4656 4657 4657 4655 4655 4658 4658 4655 4655 4657 4657 4655 4655 4658 4658 4653 4653 4659 4659 4660 4660 4661 4661 4662 4662 4661 4661 4660 4660 4663 4663 4664 4664 4656 4656 4665 4665 4656 4656 4664 4664 4656 4656 4665 4665 4657 4657 4661 4661 4657 4657 4665 4665 4657 4657 4661 4661 4666 4666 4662 4662 4666 4666 4661 4661 4667 4667 4668 4668 4669 4669 4670 4670 4669 4669 4668 4668 4671 4671 4672 4672 4673 4673 4673 4673 4650 4650 4671 4671 4652 4652 4671 4671 4650 4650 4671 4671 4652 4652 4670 4670 4666 4666 4670 4670 4652 4652 4670 4670 4666 4666 4669 4669 4662 4662 4669 4669 4666 4666 4674 4674 4675 4675 4676 4676 4677 4677 4676 4676 4675 4675 4676 4676 4677 4677 4678 4678 4679 4679 4678 4678 4677 4677 4678 4678 4679 4679 4680 4680 4681 4681 4682 4682 4683 4683 4684 4684 4685 4685 4686 4686 4687 4687 4686 4686 4685 4685 4686 4686 4687 4687 4688 4688 4689 4689 4688 4688 4687 4687 4688 4688 4689 4689 4690 4690 4691 4691 4692 4692 4693 4693 4694 4694 4693 4693 4692 4692 4693 4693 4694 4694 4695 4695 4696 4696 4697 4697 4698 4698 4699 4699 4698 4698 4697 4697 4698 4698 4699 4699 4700 4700 4701 4701 4702 4702 4703 4703 4704 4704 4705 4705 4706 4706 4707 4707 4706 4706 4705 4705 4704 4704 4708 4708 4705 4705 4709 4709 4705 4705 4708 4708 4705 4705 4709 4709 4710 4710 4709 4709 4711 4711 4710 4710 4712 4712 4710 4710 4711 4711 4710 4710 4712 4712 4713 4713 4714 4714 4715 4715 4716 4716 4717 4717 4716 4716 4715 4715 4717 4717 4718 4718 4716 4716 4719 4719 4716 4716 4718 4718 4716 4716 4719 4719 4705 4705 4720 4720 4705 4705 4719 4719 4705 4705 4720 4720 4707 4707 4721 4721 4722 4722 4723 4723 4724 4724 4723 4723 4722 4722 4723 4723 4724 4724 4725 4725 4726 4726 4725 4725 4724 4724 4725 4725 4726 4726 4727 4727 4727 4727 4728 4728 4725 4725 4729 4729 4725 4725 4728 4728 4725 4725 4729 4729 4716 4716 4730 4730 4716 4716 4729 4729 4716 4716 4730 4730 4714 4714 4713 4713 4731 4731 4710 4710 4732 4732 4710 4710 4731 4731 4710 4710 4732 4732 4723 4723 4733 4733 4723 4723 4732 4732 4723 4723 4733 4733 4721 4721 4734 4734 4735 4735 4736 4736 4735 4735 4737 4737 4736 4736 4738 4738 4736 4736 4737 4737 4736 4736 4738 4738 4739 4739 4740 4740 4739 4739 4738 4738 4739 4739 4740 4740 4741 4741 4742 4742 4743 4743 4744 4744 4745 4745 4744 4744 4743 4743 4744 4744 4745 4745 4736 4736 4746 4746 4736 4736 4745 4745 4736 4736 4746 4746 4734 4734 4741 4741 4747 4747 4739 4739 4748 4748 4739 4739 4747 4747 4739 4739 4748 4748 4749 4749 4750 4750 4749 4749 4748 4748 4751 4751 4752 4752 4744 4744 4753 4753 4744 4744 4752 4752 4744 4744 4753 4753 4742 4742 4754 4754 4755 4755 4751 4751 4756 4756 4751 4751 4755 4755 4751 4751 4756 4756 4752 4752 4750 4750 4757 4757 4749 4749 4758 4758 4749 4749 4757 4757 4749 4749 4758 4758 4759 4759 4759 4759 4760 4760 4749 4749 4761 4761 4749 4749 4760 4760 4749 4749 4761 4761 4751 4751 4762 4762 4751 4751 4761 4761 4751 4751 4762 4762 4754 4754 4763 4763 4764 4764 4765 4765 4766 4766 4767 4767 4768 4768 4765 4765 4764 4764 4769 4769 4764 4764 4770 4770 4769 4769 4771 4771 4769 4769 4770 4770 4769 4769 4771 4771 4772 4772 4773 4773 4774 4774 4775 4775 4776 4776 4775 4775 4774 4774 4775 4775 4776 4776 4766 4766 4777 4777 4766 4766 4776 4776 4766 4766 4777 4777 4767 4767 4772 4772 4778 4778 4769 4769 4779 4779 4769 4769 4778 4778 4769 4769 4779 4779 4775 4775 4780 4780 4775 4775 4779 4779 4775 4775 4780 4780 4773 4773 4768 4768 4781 4781 4766 4766 4782 4782 4766 4766 4781 4781 4766 4766 4782 4782 4783 4783 4784 4784 4783 4783 4782 4782 4783 4783 4784 4784 4785 4785 4786 4786 4787 4787 4788 4788 4783 4783 4788 4788 4787 4787 4788 4788 4783 4783 4789 4789 4785 4785 4789 4789 4783 4783 4786 4786 4790 4790 4787 4787 4791 4791 4787 4787 4790 4790 4787 4787 4791 4791 4765 4765 4792 4792 4765 4765 4791 4791 4765 4765 4792 4792 4763 4763 4793 4793 4794 4794 4795 4795 4796 4796 4795 4795 4794 4794 4795 4795 4796 4796 4797 4797 4798 4798 4797 4797 4796 4796 4797 4797 4798 4798 4799 4799 4800 4800 4799 4799 4798 4798 4799 4799 4800 4800 4801 4801 4802 4802 4801 4801 4800 4800 4801 4801 4802 4802 4803 4803 4804 4804 4803 4803 4802 4802 4803 4803 4804 4804 4805 4805 4806 4806 4805 4805 4804 4804 4805 4805 4806 4806 4807 4807 4808 4808 4807 4807 4806 4806 4807 4807 4808 4808 4809 4809 4810 4810 4809 4809 4808 4808 4809 4809 4810 4810 4811 4811 4812 4812 4811 4811 4810 4810 4811 4811 4812 4812 4813 4813 4814 4814 4813 4813 4812 4812 4813 4813 4814 4814 4815 4815 4816 4816 4815 4815 4814 4814 4815 4815 4816 4816 4817 4817 4818 4818 4817 4817 4816 4816 4819 4819 4820 4820 4821 4821 4822 4822 4821 4821 4820 4820 4821 4821 4822 4822 4823 4823 4824 4824 4825 4825 4826 4826 4827 4827 4826 4826 4825 4825 4826 4826 4827 4827 4828 4828 4824 4824 4829 4829 4825 4825 4830 4830 4825 4825 4829 4829 4825 4825 4830 4830 4831 4831 4831 4831 4832 4832 4825 4825 4833 4833 4825 4825 4832 4832 4825 4825 4833 4833 4834 4834 4828 4828 4835 4835 4826 4826 4836 4836 4826 4826 4835 4835 4826 4826 4836 4836 4837 4837 4837 4837 4838 4838 4826 4826 4839 4839 4826 4826 4838 4838 4826 4826 4839 4839 4840 4840 4841 4841 4842 4842 4843 4843 4840 4840 4844 4844 4826 4826 4845 4845 4826 4826 4844 4844 4826 4826 4845 4845 4846 4846 4834 4834 4833 4833 4843 4843 4847 4847 4843 4843 4833 4833 4843 4843 4847 4847 4841 4841 4848 4848 4849 4849 4850 4850 4851 4851 4852 4852 4853 4853 4852 4852 4854 4854 4855 4855 4854 4854 4856 4856 4855 4855 4857 4857 4855 4855 4856 4856 4855 4855 4857 4857 4858 4858 4859 4859 4860 4860 4861 4861 4861 4861 4862 4862 4863 4863 4864 4864 4863 4863 4862 4862 4863 4863 4864 4864 4851 4851 4865 4865 4866 4866 4860 4860 1287 1287 1260 1260 4867 4867 1285 1285 1289 1289 4868 4868 1288 1288 4868 4868 1289 1289 4868 4868 1288 1288 4865 4865 1287 1287 4865 4865 1288 1288 4865 4865 1287 1287 4866 4866 4867 4867 4866 4866 1287 1287 1285 1285 4868 4868 1286 1286 4869 4869 1286 1286 4868 4868 1286 1286 4869 4869 1283 1283 4870 4870 1283 1283 4869 4869 1283 1283 4870 4870 1281 1281 4871 4871 1281 1281 4870 4870 1281 1281 4871 4871 1279 1279 4872 4872 1279 1279 4871 4871 1279 1279 4872 4872 1261 1261 1261 1261 4872 4872 1262 1262 4873 4873 1262 1262 4872 4872 1262 1262 4873 4873 1278 1278 1278 1278 4873 4873 1273 1273 4874 4874 1273 1273 4873 4873 1273 1273 4874 4874 1274 1274 4875 4875 1274 1274 4874 4874 1274 1274 4875 4875 1277 1277 4876 4876 4877 4877 4878 4878 4879 4879 4878 4878 4877 4877 4880 4880 4881 4881 4882 4882 4883 4883 4882 4882 4881 4881 2070 2070 4884 4884 4885 4885 4886 4886 4885 4885 4884 4884 4885 4885 4886 4886 4887 4887 4888 4888 4887 4887 4886 4886 4887 4887 4888 4888 4889 4889 4889 4889 4888 4888 4890 4890 4891 4891 4890 4890 4888 4888 4890 4890 4891 4891 4892 4892 4893 4893 4892 4892 4891 4891 4892 4892 4893 4893 4894 4894 4895 4895 4896 4896 4897 4897 4897 4897 4898 4898 4895 4895 4899 4899 4895 4895 4898 4898 4895 4895 4899 4899 4893 4893 4900 4900 4893 4893 4899 4899 4893 4893 4900 4900 4894 4894 4858 4858 4901 4901 4855 4855 4902 4902 4855 4855 4901 4901 4855 4855 4902 4902 4903 4903 4904 4904 4903 4903 4902 4902 4903 4903 4904 4904 4896 4896 4905 4905 4896 4896 4904 4904 4896 4896 4905 4905 4897 4897 4860 4860 4859 4859 4865 4865 4906 4906 4865 4865 4859 4859 4865 4865 4906 4906 4868 4868 4907 4907 4868 4868 4906 4906 4868 4868 4907 4907 4869 4869 4908 4908 4869 4869 4907 4907 4869 4869 4908 4908 4870 4870 4909 4909 4870 4870 4908 4908 4870 4870 4909 4909 4871 4871 4910 4910 4871 4871 4909 4909 4871 4871 4910 4910 4872 4872 4911 4911 4872 4872 4910 4910 4872 4872 4911 4911 4873 4873 4878 4878 4873 4873 4911 4911 4873 4873 4878 4878 4874 4874 4879 4879 4874 4874 4878 4878 4874 4874 4879 4879 4875 4875 4861 4861 4863 4863 4859 4859 4912 4912 4859 4859 4863 4863 4859 4859 4912 4912 4906 4906 4913 4913 4906 4906 4912 4912 4906 4906 4913 4913 4907 4907 4914 4914 4907 4907 4913 4913 4907 4907 4914 4914 4908 4908 4915 4915 4908 4908 4914 4914 4908 4908 4915 4915 4909 4909 4916 4916 4909 4909 4915 4915 4909 4909 4916 4916 4910 4910 4917 4917 4910 4910 4916 4916 4910 4910 4917 4917 4911 4911 4850 4850 4911 4911 4917 4917 4911 4911 4850 4850 4878 4878 4849 4849 4878 4878 4850 4850 4878 4878 4849 4849 4876 4876 4851 4851 4853 4853 4863 4863 4918 4918 4863 4863 4853 4853 4863 4863 4918 4918 4912 4912 4919 4919 4912 4912 4918 4918 4912 4912 4919 4919 4913 4913 4920 4920 4913 4913 4919 4919 4913 4913 4920 4920 4914 4914 4921 4921 4914 4914 4920 4920 4914 4914 4921 4921 4915 4915 4922 4922 4915 4915 4921 4921 4915 4915 4922 4922 4916 4916 4923 4923 4916 4916 4922 4922 4916 4916 4923 4923 4917 4917 4882 4882 4917 4917 4923 4923 4917 4917 4882 4882 4850 4850 4883 4883 4850 4850 4882 4882 4850 4850 4883 4883 4848 4848 4852 4852 4855 4855 4853 4853 4903 4903 4853 4853 4855 4855 4853 4853 4903 4903 4918 4918 4896 4896 4918 4918 4903 4903 4918 4918 4896 4896 4919 4919 4895 4895 4919 4919 4896 4896 4919 4919 4895 4895 4920 4920 4893 4893 4920 4920 4895 4895 4920 4920 4893 4893 4921 4921 4891 4891 4921 4921 4893 4893 4921 4921 4891 4891 4922 4922 4888 4888 4922 4922 4891 4891 4922 4922 4888 4888 4923 4923 4886 4886 4923 4923 4888 4888 4923 4923 4886 4886 4882 4882 4884 4884 4882 4882 4886 4886 4882 4882 4884 4884 4880 4880 4924 4924 4925 4925 4926 4926 4927 4927 4926 4926 4925 4925 4926 4926 4927 4927 4928 4928 4929 4929 4930 4930 4931 4931 4932 4932 4931 4931 4930 4930 4931 4931 4932 4932 4933 4933 4934 4934 4935 4935 4936 4936 4937 4937 4936 4936 4935 4935 4936 4936 4937 4937 4938 4938 4939 4939 3527 3527 3472 3472 4939 4939 3472 3472 4940 4940 3322 3322 4940 4940 3472 3472 4940 4940 3322 3322 3321 3321 4817 4817 4818 4818 4941 4941 4942 4942 4941 4941 4818 4818 4941 4941 4942 4942 4943 4943 4944 4944 4943 4943 4942 4942 4943 4943 4944 4944 4945 4945 4946 4946 4945 4945 4944 4944 4945 4945 4946 4946 4947 4947 4948 4948 4947 4947 4946 4946 4947 4947 4948 4948 4949 4949 4950 4950 4949 4949 4948 4948 4949 4949 4950 4950 4951 4951 4952 4952 4951 4951 4950 4950 4951 4951 4952 4952 4953 4953 4954 4954 4953 4953 4952 4952 4953 4953 4954 4954 4955 4955 4956 4956 4955 4955 4954 4954 4955 4955 4956 4956 4957 4957 4958 4958 4957 4957 4956 4956 4957 4957 4958 4958 4959 4959 4960 4960 4959 4959 4958 4958 4959 4959 4960 4960 4961 4961 4962 4962 4961 4961 4960 4960 4961 4961 4962 4962 4793 4793 4794 4794 4793 4793 4962 4962 2811 2811 1267 1267 2812 2812 1265 1265 2812 2812 1267 1267 2812 2812 1265 1265 2807 2807 1264 1264 2807 2807 1265 1265 2807 2807 1264 1264 2808 2808 1312 1312 2808 2808 1264 1264 2808 2808 1312 1312 2844 2844 1275 1275 2844 2844 1312 1312 2844 2844 1275 1275 2810 2810 1276 1276 2810 2810 1275 1275 2810 2810 1276 1276 1687 1687 1277 1277 1687 1687 1276 1276 1687 1687 1277 1277 1684 1684 4875 4875 1684 1684 1277 1277 1684 1684 4875 4875 1685 1685 4879 4879 1678 1678 4875 4875 1683 1683 4875 4875 1678 1678 4875 4875 1683 1683 1685 1685 4963 4963 4964 4964 4876 4876 1678 1678 4876 4876 4964 4964 4876 4876 1678 1678 4877 4877 4879 4879 4877 4877 1678 1678 4965 4965 1670 1670 4880 4880 1670 1670 1676 1676 4880 4880 1675 1675 4880 4880 1676 1676 4880 4880 1675 1675 4881 4881 4876 4876 4966 4966 4963 4963 4967 4967 4963 4963 4966 4966 4963 4963 4967 4967 1675 1675 4883 4883 1675 1675 4967 4967 1675 1675 4883 4883 4881 4881 4965 4965 4880 4880 1673 1673 4968 4968 1673 1673 4880 4880 1673 1673 4968 4968 2070 2070 3347 3347 3348 3348 4969 4969 4970 4970 4969 4969 3348 3348 4969 4969 4970 4970 4971 4971 4972 4972 4971 4971 4970 4970 4971 4971 4972 4972 4973 4973 4974 4974 4973 4973 4972 4972 4973 4973 4974 4974 4975 4975 4976 4976 4975 4975 4974 4974 4975 4975 4976 4976 4977 4977 4978 4978 4977 4977 4976 4976 4977 4977 4978 4978 4979 4979 4980 4980 4979 4979 4978 4978 4979 4979 4980 4980 4981 4981 4982 4982 4981 4981 4980 4980 4981 4981 4982 4982 4983 4983 4984 4984 4983 4983 4982 4982 4983 4983 4984 4984 4985 4985 4986 4986 4985 4985 4984 4984 4985 4985 4986 4986 4987 4987 4988 4988 4987 4987 4986 4986 4987 4987 4988 4988 4989 4989 4990 4990 4989 4989 4988 4988 4989 4989 4990 4990 3323 3323 3324 3324 3323 3323 4990 4990 4991 4991 4992 4992 4993 4993 4994 4994 4993 4993 4992 4992 4995 4995 4996 4996 4997 4997 4998 4998 4997 4997 4996 4996 4997 4997 4998 4998 4999 4999 5000 5000 5001 5001 5002 5002 5003 5003 5002 5002 5001 5001 5004 5004 5005 5005 5006 5006 5007 5007 5008 5008 5009 5009 5010 5010 5009 5009 5008 5008 5011 5011 5012 5012 5004 5004 5011 5011 5004 5004 5009 5009 5006 5006 5009 5009 5004 5004 5009 5009 5006 5006 5013 5013 5014 5014 5015 5015 5010 5010 5016 5016 5010 5010 5015 5015 5010 5010 5016 5016 5009 5009 5017 5017 5009 5009 5016 5016 5009 5009 5017 5017 5011 5011 5018 5018 5019 5019 5020 5020 5004 5004 5020 5020 5019 5019 5020 5020 5004 5004 5021 5021 5012 5012 5021 5021 5004 5004 5022 5022 5023 5023 5024 5024 5025 5025 5024 5024 5023 5023 5026 5026 5027 5027 5028 5028 5029 5029 5028 5028 5027 5027 1895 1895 1896 1896 5030 5030 5031 5031 5030 5030 1896 1896 5030 5030 5031 5031 5032 5032 5033 5033 5032 5032 5031 5031 5032 5032 5033 5033 5034 5034 5035 5035 5034 5034 5033 5033 5034 5034 5035 5035 5036 5036 5037 5037 5036 5036 5035 5035 5036 5036 5037 5037 5038 5038 5039 5039 5038 5038 5037 5037 5038 5038 5039 5039 5040 5040 5041 5041 5040 5040 5039 5039 5040 5040 5041 5041 5042 5042 5043 5043 5042 5042 5041 5041 5042 5042 5043 5043 5044 5044 5045 5045 5044 5044 5043 5043 5044 5044 5045 5045 5046 5046 5047 5047 5046 5046 5045 5045 5046 5046 5047 5047 5048 5048 5049 5049 5048 5048 5047 5047 5048 5048 5049 5049 5050 5050 5051 5051 5050 5050 5049 5049 5050 5050 5051 5051 1871 1871 1872 1872 1871 1871 5051 5051 2474 2474 2475 2475 5052 5052 5053 5053 5052 5052 2475 2475 5052 5052 5053 5053 5054 5054 5055 5055 5054 5054 5053 5053 5054 5054 5055 5055 5056 5056 5057 5057 5056 5056 5055 5055 5056 5056 5057 5057 5058 5058 5059 5059 5058 5058 5057 5057 5058 5058 5059 5059 5060 5060 5061 5061 5060 5060 5059 5059 5060 5060 5061 5061 5062 5062 5063 5063 5062 5062 5061 5061 5062 5062 5063 5063 5064 5064 5065 5065 5064 5064 5063 5063 5064 5064 5065 5065 5066 5066 5067 5067 5066 5066 5065 5065 5066 5066 5067 5067 5068 5068 5069 5069 5068 5068 5067 5067 5068 5068 5069 5069 5070 5070 5071 5071 5070 5070 5069 5069 5070 5070 5071 5071 5072 5072 5073 5073 5072 5072 5071 5071 5072 5072 5073 5073 2450 2450 2451 2451 2450 2450 5073 5073 5074 5074 5075 5075 5076 5076 5077 5077 5076 5076 5075 5075 5078 5078 5079 5079 5080 5080 5081 5081 5080 5080 5079 5079 5080 5080 5081 5081 5082 5082 1921 1921 1922 1922 5083 5083 5084 5084 5083 5083 1922 1922 5083 5083 5084 5084 5085 5085 5086 5086 5085 5085 5084 5084 5085 5085 5086 5086 5087 5087 5088 5088 5087 5087 5086 5086 5087 5087 5088 5088 5089 5089 5090 5090 5089 5089 5088 5088 5089 5089 5090 5090 5091 5091 5092 5092 5091 5091 5090 5090 5091 5091 5092 5092 5093 5093 5094 5094 5093 5093 5092 5092 5093 5093 5094 5094 5095 5095 5096 5096 5095 5095 5094 5094 5095 5095 5096 5096 5097 5097 5098 5098 5097 5097 5096 5096 5097 5097 5098 5098 5099 5099 5100 5100 5099 5099 5098 5098 5099 5099 5100 5100 5101 5101 5102 5102 5101 5101 5100 5100 5101 5101 5102 5102 5103 5103 5104 5104 5103 5103 5102 5102 5103 5103 5104 5104 1897 1897 1898 1898 1897 1897 5104 5104 5105 5105 5106 5106 5107 5107 5108 5108 5107 5107 5106 5106 5107 5107 5108 5108 5109 5109 5110 5110 5111 5111 5112 5112 5113 5113 5114 5114 5115 5115 5116 5116 5115 5115 5114 5114 5116 5116 5117 5117 5115 5115 5118 5118 5115 5115 5117 5117 5115 5115 5118 5118 5112 5112 5119 5119 5112 5112 5118 5118 5112 5112 5119 5119 5110 5110 5120 5120 5121 5121 5122 5122 5123 5123 5122 5122 5121 5121 5122 5122 5123 5123 5124 5124 2178 2178 2186 2186 5125 5125 2178 2178 5125 5125 5126 5126 5127 5127 5126 5126 5125 5125 5126 5126 5127 5127 5128 5128 5129 5129 5128 5128 5127 5127 5128 5128 5129 5129 5130 5130 5131 5131 5130 5130 5129 5129 5130 5130 5131 5131 5132 5132 5133 5133 5132 5132 5131 5131 5132 5132 5133 5133 5134 5134 1335 1335 5134 5134 5133 5133 5134 5134 1335 1335 1328 1328 5135 5135 5136 5136 5137 5137 5138 5138 5139 5139 5140 5140 5141 5141 5140 5140 5139 5139 5140 5140 5141 5141 5142 5142 5143 5143 5144 5144 5145 5145 5146 5146 5145 5145 5144 5144 5146 5146 5147 5147 5145 5145 5148 5148 5145 5145 5147 5147 5145 5145 5148 5148 5141 5141 5149 5149 5141 5141 5148 5148 5141 5141 5149 5149 5142 5142 5150 5150 5142 5142 5149 5149 5142 5142 5150 5150 5151 5151 5152 5152 5153 5153 5154 5154 5155 5155 5154 5154 5153 5153 5156 5156 5157 5157 5158 5158 5158 5158 5135 5135 5156 5156 5137 5137 5156 5156 5135 5135 5156 5156 5137 5137 5155 5155 5147 5147 5155 5155 5137 5137 5155 5155 5147 5147 5154 5154 5146 5146 5154 5154 5147 5147 522 522 523 523 5159 5159 5160 5160 5159 5159 523 523 5159 5159 5160 5160 5161 5161 5162 5162 5161 5161 5160 5160 5161 5161 5162 5162 5163 5163 5164 5164 5163 5163 5162 5162 5163 5163 5164 5164 5165 5165 5166 5166 5165 5165 5164 5164 5165 5165 5166 5166 5167 5167 5168 5168 5167 5167 5166 5166 5167 5167 5168 5168 5169 5169 5170 5170 5169 5169 5168 5168 5169 5169 5170 5170 5171 5171 5172 5172 5171 5171 5170 5170 5171 5171 5172 5172 5173 5173 5174 5174 5173 5173 5172 5172 5173 5173 5174 5174 5175 5175 5176 5176 5175 5175 5174 5174 5175 5175 5176 5176 5177 5177 5178 5178 5177 5177 5176 5176 5177 5177 5178 5178 5179 5179 5180 5180 5179 5179 5178 5178 5179 5179 5180 5180 498 498 499 499 498 498 5180 5180 5181 5181 199 199 100 100 5181 5181 100 100 5182 5182 1398 1398 5182 5182 100 100 5182 5182 1398 1398 1397 1397 4415 4415 4414 4414 5183 5183 4415 4415 5183 5183 5184 5184 5185 5185 5184 5184 5183 5183 5184 5184 5185 5185 5186 5186 5187 5187 5186 5186 5185 5185 5186 5186 5187 5187 5188 5188 5189 5189 5188 5188 5187 5187 5188 5188 5189 5189 5190 5190 5191 5191 5190 5190 5189 5189 5190 5190 5191 5191 5192 5192 5193 5193 5192 5192 5191 5191 5192 5192 5193 5193 5194 5194 5195 5195 5194 5194 5193 5193 5194 5194 5195 5195 5196 5196 5197 5197 5196 5196 5195 5195 5196 5196 5197 5197 5198 5198 5199 5199 5198 5198 5197 5197 5198 5198 5199 5199 5200 5200 5201 5201 5200 5200 5199 5199 5200 5200 5201 5201 5202 5202 5203 5203 5202 5202 5201 5201 5202 5202 5203 5203 5204 5204 4391 4391 5204 5204 5203 5203 5204 5204 4391 4391 4390 4390 5205 5205 5206 5206 5207 5207 5208 5208 5207 5207 5206 5206 5207 5207 5208 5208 5209 5209 5210 5210 5209 5209 5208 5208 5209 5209 5210 5210 5211 5211 5212 5212 5211 5211 5210 5210 5211 5211 5212 5212 5213 5213 5214 5214 5213 5213 5212 5212 5213 5213 5214 5214 5215 5215 5216 5216 5215 5215 5214 5214 5215 5215 5216 5216 5217 5217 5218 5218 5217 5217 5216 5216 5217 5217 5218 5218 5219 5219 5220 5220 5219 5219 5218 5218 5219 5219 5220 5220 5221 5221 5222 5222 5221 5221 5220 5220 5221 5221 5222 5222 5223 5223 5224 5224 5223 5223 5222 5222 5223 5223 5224 5224 5225 5225 5226 5226 5225 5225 5224 5224 5225 5225 5226 5226 5227 5227 5228 5228 5227 5227 5226 5226 5227 5227 5228 5228 5229 5229 5230 5230 5229 5229 5228 5228 5231 5231 5232 5232 5233 5233 5234 5234 5235 5235 5236 5236 5237 5237 5238 5238 5239 5239 5240 5240 5239 5239 5238 5238 5239 5239 5240 5240 5241 5241 5237 5237 5242 5242 5238 5238 5243 5243 5238 5238 5242 5242 5238 5238 5243 5243 5244 5244 5245 5245 5244 5244 5243 5243 5244 5244 5245 5245 5246 5246 5246 5246 5247 5247 5244 5244 5248 5248 5244 5244 5247 5247 5244 5244 5248 5248 5233 5233 5249 5249 5233 5233 5248 5248 5233 5233 5249 5249 5231 5231 5236 5236 5250 5250 5234 5234 5251 5251 5234 5234 5250 5250 5234 5234 5251 5251 5240 5240 5252 5252 5240 5240 5251 5251 5240 5240 5252 5252 5241 5241 5232 5232 5253 5253 5233 5233 5254 5254 5233 5233 5253 5253 5233 5233 5254 5254 5255 5255 5256 5256 5255 5255 5254 5254 5255 5255 5256 5256 5257 5257 5257 5257 5258 5258 5255 5255 5259 5259 5255 5255 5258 5258 5255 5255 5259 5259 5234 5234 5260 5260 5234 5234 5259 5259 5234 5234 5260 5260 5235 5235 5261 5261 5262 5262 5263 5263 5264 5264 5265 5265 5266 5266 5267 5267 5268 5268 5269 5269 5264 5264 5266 5266 5270 5270 5269 5269 5271 5271 5267 5267 5272 5272 5267 5267 5271 5271 5267 5267 5272 5272 5266 5266 5273 5273 5266 5266 5272 5272 5266 5266 5273 5273 5270 5270 5265 5265 5274 5274 5266 5266 5275 5275 5266 5266 5274 5274 5266 5266 5275 5275 5276 5276 5277 5277 5276 5276 5275 5275 5276 5276 5277 5277 5278 5278 5262 5262 5279 5279 5263 5263 5280 5280 5263 5263 5279 5279 5263 5263 5280 5280 5281 5281 5282 5282 5281 5281 5280 5280 5281 5281 5282 5282 5283 5283 5283 5283 5284 5284 5281 5281 5285 5285 5281 5281 5284 5284 5281 5281 5285 5285 5267 5267 5286 5286 5267 5267 5285 5285 5267 5267 5286 5286 5268 5268 5278 5278 5287 5287 5276 5276 5288 5288 5276 5276 5287 5287 5276 5276 5288 5288 5263 5263 5289 5289 5263 5263 5288 5288 5263 5263 5289 5289 5261 5261 5290 5290 5291 5291 5292 5292 5292 5292 5293 5293 5290 5290 5294 5294 5290 5290 5293 5293 5290 5290 5294 5294 5295 5295 5296 5296 5297 5297 5298 5298 5299 5299 5291 5291 5300 5300 5298 5298 5300 5300 5291 5291 5299 5299 5301 5301 5291 5291 5302 5302 5291 5291 5301 5301 5291 5291 5302 5302 5292 5292 5295 5295 5303 5303 5290 5290 5304 5304 5290 5290 5303 5303 5290 5290 5304 5304 5305 5305 5306 5306 5305 5305 5304 5304 5305 5305 5306 5306 5307 5307 5307 5307 5308 5308 5305 5305 5309 5309 5305 5305 5308 5308 5305 5305 5309 5309 5310 5310 5311 5311 5310 5310 5309 5309 5310 5310 5311 5311 5312 5312 5310 5310 5313 5313 5298 5298 5314 5314 5298 5298 5313 5313 5298 5298 5314 5314 5296 5296 5297 5297 5315 5315 5298 5298 5316 5316 5298 5298 5315 5315 5298 5298 5316 5316 5300 5300 5312 5312 5317 5317 5310 5310 5318 5318 5310 5310 5317 5317 5310 5310 5318 5318 5313 5313 5319 5319 5320 5320 5321 5321 5322 5322 5321 5321 5320 5320 5321 5321 5322 5322 5323 5323 5324 5324 5325 5325 5326 5326 5327 5327 5326 5326 5325 5325 5326 5326 5327 5327 5328 5328 5329 5329 5328 5328 5327 5327 5328 5328 5329 5329 5330 5330 5331 5331 5330 5330 5329 5329 5330 5330 5331 5331 5332 5332 5333 5333 5332 5332 5331 5331 5332 5332 5333 5333 5334 5334 5335 5335 5334 5334 5333 5333 5334 5334 5335 5335 5336 5336 5337 5337 5336 5336 5335 5335 5336 5336 5337 5337 5338 5338 5339 5339 5338 5338 5337 5337 5338 5338 5339 5339 5340 5340 5341 5341 5340 5340 5339 5339 5340 5340 5341 5341 5342 5342 5343 5343 5342 5342 5341 5341 5342 5342 5343 5343 5344 5344 5345 5345 5344 5344 5343 5343 5344 5344 5345 5345 5346 5346 5347 5347 5346 5346 5345 5345 5346 5346 5347 5347 5348 5348 5349 5349 5348 5348 5347 5347 4483 4483 5350 5350 5351 5351 5352 5352 5353 5353 5354 5354 5355 5355 5356 5356 5357 5357 5358 5358 5359 5359 5351 5351 5351 5351 5360 5360 5361 5361 5362 5362 5361 5361 5360 5360 5361 5361 5362 5362 5363 5363 5362 5362 5364 5364 5352 5352 5357 5357 5352 5352 5364 5364 5352 5352 5357 5357 5365 5365 4483 4483 5351 5351 4484 4484 5359 5359 4484 4484 5351 5351 4484 4484 5359 5359 5366 5366 5367 5367 5368 5368 5364 5364 5369 5369 5364 5364 5368 5368 5364 5364 5369 5369 5357 5357 5370 5370 5357 5357 5369 5369 5357 5357 5370 5370 5355 5355 5354 5354 5371 5371 5352 5352 5372 5372 5352 5352 5371 5371 5352 5352 5372 5372 5362 5362 5373 5373 5362 5362 5372 5372 5362 5362 5373 5373 5363 5363 5374 5374 5375 5375 5361 5361 5376 5376 5361 5361 5375 5375 5361 5361 5376 5376 5351 5351 5377 5377 5351 5351 5376 5376 5351 5351 5377 5377 5358 5358 5378 5378 5379 5379 5380 5380 5381 5381 5382 5382 5383 5383 4858 4858 5384 5384 4901 4901 5385 5385 4901 4901 5384 5384 4901 4901 5385 5385 4902 4902 4902 4902 5385 5385 4904 4904 5386 5386 4904 4904 5385 5385 4904 4904 5386 5386 4905 4905 4905 4905 5386 5386 4897 4897 5387 5387 4897 4897 5386 5386 4897 4897 5387 5387 4898 4898 5388 5388 4900 4900 5387 5387 4899 4899 5387 5387 4900 4900 5387 5387 4899 4899 4898 4898 5389 5389 4892 4892 5388 5388 4894 4894 5388 5388 4892 4892 5388 5388 4894 4894 4900 4900 4885 4885 4887 4887 5390 5390 4889 4889 5390 5390 4887 4887 5390 5390 4889 4889 5389 5389 4890 4890 5389 5389 4889 4889 5389 5389 4890 4890 4892 4892 2089 2089 2070 2070 4885 4885 5381 5381 5383 5383 5391 5391 1403 1403 1405 1405 5392 5392 5393 5393 5392 5392 1405 1405 5392 5392 5393 5393 5394 5394 1405 1405 1443 1443 5393 5393 1435 1435 5393 5393 1443 1443 5393 5393 1435 1435 5395 5395 1435 1435 1438 1438 5395 5395 1429 1429 5395 5395 1438 1438 5395 5395 1429 1429 5396 5396 1431 1431 5396 5396 1429 1429 5396 5396 1431 1431 5397 5397 1431 1431 1432 1432 5397 5397 1418 1418 5397 5397 1432 1432 5397 5397 1418 1418 5398 5398 5384 5384 5391 5391 5385 5385 5383 5383 5385 5385 5391 5391 5385 5385 5383 5383 5386 5386 5399 5399 5386 5386 5383 5383 5386 5386 5399 5399 5387 5387 5400 5400 5387 5387 5399 5399 5387 5387 5400 5400 5388 5388 5401 5401 5388 5388 5400 5400 5388 5388 5401 5401 5389 5389 5402 5402 5389 5389 5401 5401 5389 5389 5402 5402 5390 5390 5403 5403 5390 5390 5402 5402 5382 5382 5378 5378 5383 5383 5380 5380 5383 5383 5378 5378 5383 5383 5380 5380 5399 5399 5404 5404 5399 5399 5380 5380 5399 5399 5404 5404 5400 5400 5405 5405 5400 5400 5404 5404 5400 5400 5405 5405 5401 5401 5406 5406 5401 5401 5405 5405 5401 5401 5406 5406 5402 5402 5407 5407 5402 5402 5406 5406 5402 5402 5407 5407 5403 5403 5408 5408 5403 5403 5407 5407 5379 5379 5394 5394 5380 5380 5393 5393 5380 5380 5394 5394 5380 5380 5393 5393 5404 5404 5395 5395 5404 5404 5393 5393 5404 5404 5395 5395 5405 5405 5396 5396 5405 5405 5395 5395 5405 5405 5396 5396 5406 5406 5397 5397 5406 5406 5396 5396 5406 5406 5397 5397 5407 5407 5398 5398 5407 5407 5397 5397 5407 5407 5398 5398 5408 5408 5409 5409 5408 5408 5398 5398 1418 1418 1421 1421 5398 5398 1413 1413 5398 5398 1421 1421 5398 5398 1413 1413 5409 5409 1415 1415 5409 5409 1413 1413 5409 5409 1415 1415 1409 1409 4885 4885 5390 5390 2089 2089 5403 5403 2089 2089 5390 5390 2089 2089 5403 5403 2090 2090 5408 5408 2090 2090 5403 5403 2090 2090 5408 5408 2091 2091 5409 5409 2091 2091 5408 5408 2091 2091 5409 5409 2085 2085 1409 1409 2085 2085 5409 5409 2085 2085 1409 1409 1407 1407 2169 2169 2168 2168 5410 5410 2169 2169 5410 5410 5411 5411 5412 5412 5411 5411 5410 5410 5411 5411 5412 5412 5413 5413 5414 5414 5413 5413 5412 5412 5413 5413 5414 5414 5415 5415 5416 5416 5415 5415 5414 5414 5415 5415 5416 5416 5417 5417 5418 5418 5417 5417 5416 5416 5417 5417 5418 5418 5419 5419 5420 5420 5419 5419 5418 5418 5419 5419 5420 5420 5421 5421 5422 5422 5421 5421 5420 5420 5421 5421 5422 5422 5423 5423 5424 5424 5423 5423 5422 5422 5423 5423 5424 5424 5425 5425 5426 5426 5425 5425 5424 5424 5425 5425 5426 5426 5427 5427 5428 5428 5427 5427 5426 5426 5427 5427 5428 5428 5429 5429 5430 5430 5429 5429 5428 5428 5429 5429 5430 5430 5431 5431 2145 2145 5431 5431 5430 5430 5431 5431 2145 2145 2144 2144 1941 1941 1940 1940 5432 5432 3459 3459 5432 5432 1940 1940 5432 5432 3459 3459 3535 3535 5433 5433 5434 5434 5435 5435 5436 5436 5435 5435 5434 5434 5435 5435 5436 5436 5437 5437 5438 5438 5439 5439 5440 5440 5441 5441 5440 5440 5439 5439 5440 5440 5441 5441 5442 5442 5348 5348 5349 5349 5443 5443 5444 5444 5443 5443 5349 5349 5443 5443 5444 5444 5445 5445 5446 5446 5445 5445 5444 5444 5445 5445 5446 5446 5447 5447 5448 5448 5447 5447 5446 5446 5447 5447 5448 5448 5449 5449 5450 5450 5449 5449 5448 5448 5449 5449 5450 5450 5451 5451 5452 5452 5451 5451 5450 5450 5451 5451 5452 5452 5453 5453 5454 5454 5453 5453 5452 5452 5453 5453 5454 5454 5455 5455 5456 5456 5455 5455 5454 5454 5455 5455 5456 5456 5457 5457 5458 5458 5457 5457 5456 5456 5457 5457 5458 5458 5459 5459 5460 5460 5459 5459 5458 5458 5459 5459 5460 5460 5461 5461 5462 5462 5461 5461 5460 5460 5461 5461 5462 5462 5463 5463 5464 5464 5463 5463 5462 5462 5463 5463 5464 5464 5324 5324 5325 5325 5324 5324 5464 5464 5465 5465 5466 5466 5467 5467 5468 5468 5467 5467 5466 5466 5467 5467 5468 5468 5469 5469 5470 5470 5471 5471 5472 5472 5473 5473 5472 5472 5471 5471 5474 5474 5475 5475 5476 5476 5477 5477 5478 5478 5479 5479 5480 5480 5481 5481 5476 5476 5482 5482 5476 5476 5481 5481 5483 5483 5484 5484 5479 5479 5484 5484 5482 5482 5479 5479 5485 5485 5479 5479 5482 5482 5479 5479 5485 5485 5477 5477 5484 5484 5486 5486 5482 5482 5487 5487 5482 5482 5486 5486 5482 5482 5487 5487 5476 5476 5488 5488 5476 5476 5487 5487 5476 5476 5488 5488 5474 5474 5489 5489 5490 5490 5479 5479 5491 5491 5479 5479 5490 5490 5479 5479 5491 5491 5483 5483 5492 5492 5493 5493 5494 5494 5495 5495 5494 5494 5493 5493 5496 5496 5497 5497 5498 5498 5499 5499 5498 5498 5497 5497 5500 5500 5501 5501 5502 5502 5503 5503 5502 5502 5501 5501 5502 5502 5503 5503 5504 5504 5505 5505 5506 5506 5507 5507 5508 5508 5507 5507 5506 5506 5509 5509 5510 5510 5511 5511 5512 5512 5511 5511 5510 5510 5511 5511 5512 5512 5506 5506 5513 5513 5506 5506 5512 5512 5506 5506 5513 5513 5508 5508 5514 5514 5515 5515 5516 5516 5517 5517 5518 5518 5519 5519 5520 5520 5519 5519 5518 5518 5519 5519 5520 5520 5521 5521 5520 5520 5522 5522 5521 5521 5523 5523 5521 5521 5522 5522 5521 5521 5523 5523 5524 5524 5524 5524 5525 5525 5521 5521 5526 5526 5521 5521 5525 5525 5521 5521 5526 5526 5511 5511 5527 5527 5511 5511 5526 5526 5511 5511 5527 5527 5509 5509 5505 5505 5528 5528 5506 5506 5529 5529 5506 5506 5528 5528 5506 5506 5529 5529 5514 5514 5530 5530 5514 5514 5529 5529 5514 5514 5530 5530 5515 5515 5516 5516 5531 5531 5514 5514 5532 5532 5514 5514 5531 5531 5514 5514 5532 5532 5519 5519 5533 5533 5519 5519 5532 5532 5519 5519 5533 5533 5517 5517 5534 5534 5535 5535 5536 5536 5537 5537 5536 5536 5535 5535 5538 5538 5539 5539 5540 5540 5541 5541 5540 5540 5539 5539 5540 5540 5541 5541 5542 5542 5543 5543 5544 5544 5545 5545 5546 5546 5545 5545 5544 5544 5545 5545 5546 5546 5547 5547 5548 5548 5549 5549 5550 5550 5551 5551 5550 5550 5549 5549 5552 5552 5553 5553 5554 5554 5555 5555 5556 5556 5557 5557 5558 5558 5557 5557 5556 5556 5559 5559 5560 5560 5552 5552 5559 5559 5552 5552 5557 5557 5554 5554 5557 5557 5552 5552 5557 5557 5554 5554 5561 5561 5560 5560 5562 5562 5552 5552 5563 5563 5552 5552 5562 5562 5552 5552 5563 5563 5564 5564 5565 5565 5566 5566 5558 5558 5567 5567 5558 5558 5566 5566 5558 5558 5567 5567 5557 5557 5568 5568 5557 5557 5567 5567 5557 5557 5568 5568 5559 5559 5569 5569 5570 5570 5571 5571 5572 5572 5571 5571 5570 5570 5571 5571 5572 5572 5573 5573 5574 5574 5575 5575 5576 5576 5577 5577 5576 5576 5575 5575 5578 5578 5579 5579 5580 5580 5574 5574 5581 5581 5575 5575 5582 5582 5575 5575 5581 5581 5575 5575 5582 5582 5578 5578 5583 5583 5578 5578 5582 5582 5578 5578 5583 5583 5579 5579 5584 5584 5585 5585 5586 5586 5587 5587 5586 5586 5585 5585 5586 5586 5587 5587 5588 5588 5589 5589 5590 5590 5591 5591 5592 5592 5591 5591 5590 5590 5591 5591 5592 5592 5584 5584 5593 5593 5584 5584 5592 5592 5584 5584 5593 5593 5594 5594 5594 5594 5595 5595 5584 5584 5596 5596 5584 5584 5595 5595 5584 5584 5596 5596 5585 5585 5588 5588 5597 5597 5586 5586 5598 5598 5586 5586 5597 5597 5586 5586 5598 5598 5575 5575 5599 5599 5575 5575 5598 5598 5575 5575 5599 5599 5577 5577 5580 5580 5600 5600 5578 5578 5601 5601 5578 5578 5600 5600 5578 5578 5601 5601 5591 5591 5602 5602 5591 5591 5601 5601 5591 5591 5602 5602 5589 5589 5603 5603 5604 5604 5605 5605 5606 5606 5605 5605 5604 5604 5605 5605 5606 5606 5607 5607 5608 5608 5609 5609 5610 5610 5611 5611 5610 5610 5609 5609 5612 5612 5613 5613 5614 5614 5615 5615 5616 5616 5617 5617 5616 5616 5618 5618 5617 5617 5619 5619 5617 5617 5618 5618 5617 5617 5619 5619 5620 5620 5621 5621 5622 5622 5623 5623 5624 5624 5623 5623 5622 5622 5623 5623 5624 5624 5617 5617 5625 5625 5617 5617 5624 5624 5617 5617 5625 5625 5615 5615 5619 5619 5626 5626 5620 5620 5627 5627 5620 5620 5626 5626 5620 5620 5627 5627 5628 5628 5620 5620 5629 5629 5630 5630 5631 5631 5630 5630 5629 5629 5631 5631 5632 5632 5630 5630 5633 5633 5630 5630 5632 5632 5630 5630 5633 5633 5634 5634 5635 5635 5636 5636 5637 5637 5638 5638 5637 5637 5636 5636 5637 5637 5638 5638 5623 5623 5639 5639 5623 5623 5638 5638 5623 5623 5639 5639 5621 5621 5628 5628 5640 5640 5620 5620 5641 5641 5620 5620 5640 5640 5620 5620 5641 5641 5629 5629 5634 5634 5642 5642 5630 5630 5643 5643 5630 5630 5642 5642 5630 5630 5643 5643 5637 5637 5644 5644 5637 5637 5643 5643 5637 5637 5644 5644 5635 5635 5229 5229 5230 5230 5645 5645 5646 5646 5645 5645 5230 5230 5645 5645 5646 5646 5647 5647 5648 5648 5647 5647 5646 5646 5647 5647 5648 5648 5649 5649 5650 5650 5649 5649 5648 5648 5649 5649 5650 5650 5651 5651 5652 5652 5651 5651 5650 5650 5651 5651 5652 5652 5653 5653 5654 5654 5653 5653 5652 5652 5653 5653 5654 5654 5655 5655 5656 5656 5655 5655 5654 5654 5655 5655 5656 5656 5657 5657 5658 5658 5657 5657 5656 5656 5657 5657 5658 5658 5659 5659 5660 5660 5659 5659 5658 5658 5659 5659 5660 5660 5661 5661 5662 5662 5661 5661 5660 5660 5661 5661 5662 5662 5663 5663 5664 5664 5663 5663 5662 5662 5663 5663 5664 5664 5665 5665 5666 5666 5665 5665 5664 5664 5665 5665 5666 5666 5205 5205 5206 5206 5205 5205 5666 5666 5667 5667 5668 5668 5669 5669 5670 5670 5671 5671 5672 5672 5673 5673 5672 5672 5671 5671 5672 5672 5673 5673 5669 5669 5674 5674 5669 5669 5673 5673 5669 5669 5674 5674 5667 5667 5667 5667 5675 5675 5668 5668 5676 5676 5668 5668 5675 5675 5668 5668 5676 5676 5670 5670 5677 5677 5670 5670 5676 5676 5670 5670 5677 5677 5671 5671 5678 5678 5671 5671 5677 5677 5679 5679 5680 5680 5681 5681 5682 5682 5681 5681 5680 5680 4861 4861 4860 4860 5683 5683 1260 1260 2296 2296 4867 4867 5683 5683 4867 4867 2296 2296 4867 4867 5683 5683 4866 4866 4860 4860 4866 4866 5683 5683 4852 4852 5684 5684 4854 4854 4856 4856 4854 4854 5684 5684 4852 4852 4851 4851 5684 5684 4864 4864 5684 5684 4851 4851 5684 5684 4864 4864 5683 5683 4862 4862 5683 5683 4864 4864 5683 5683 4862 4862 4861 4861 5685 5685 4858 4858 5684 5684 4857 4857 5684 5684 4858 4858 5684 5684 4857 4857 4856 4856 1403 1403 5392 5392 1402 1402 5686 5686 1402 1402 5392 5392 5392 5392 5394 5394 5686 5686 5379 5379 5686 5686 5394 5394 5686 5686 5379 5379 5687 5687 5379 5379 5378 5378 5687 5687 5382 5382 5687 5687 5378 5378 5687 5687 5382 5382 5688 5688 5382 5382 5381 5381 5688 5688 5391 5391 5688 5688 5381 5381 5688 5688 5391 5391 5685 5685 5384 5384 5685 5685 5391 5391 5685 5685 5384 5384 4858 4858 5689 5689 5690 5690 5691 5691 5692 5692 5691 5691 5690 5690 5693 5693 5694 5694 5695 5695 5696 5696 5695 5695 5694 5694 5697 5697 5698 5698 5699 5699 5700 5700 5699 5699 5698 5698 5699 5699 5700 5700 5701 5701 5702 5702 5703 5703 5704 5704 5705 5705 5704 5704 5703 5703 5704 5704 5705 5705 5706 5706</p>
        </triangles>
      </mesh>
    </geometry>
  </library_geometries>
  <library_materials>
    <material id="5b2448aedd5f4081b5c04f4c16fa8023" name="defaultmaterial">
      <instance_effect url="#9e6d605b758d464b84b4b10c7a0a55c4"/>
    </material>
  </library_materials>
  <library_visual_scenes>
    <visual_scene id="scene">
      <node id="node0" name="node0">
        <instance_geometry url="#51dad5a5eb70405699ff4213f97a597b">
          <bind_material>
            <technique_common>
              <instance_material symbol="material0" target="#5b2448aedd5f4081b5c04f4c16fa8023"/>
            </technique_common>
          </bind_material>
        </instance_geometry>
      </node>
    </visual_scene>
  </library_visual_scenes>
  <scene>
    <instance_visual_scene url="#scene"/>
  </scene>
</COLLADA>
