<COLLADA xmlns="http://www.collada.org/2005/11/COLLADASchema" version="1.4.1">
  <asset>
    <created>2026-09-13T16:25:57.440319</created>
    <modified>2026-09-13T16:25:57.440319</modified>
    <up_axis>Y_UP</up_axis>
  </asset>
  <library_effects>
    <effect id="d09bf9a676b941cd8a2a9650d85a108b" name="d09bf9a676b941cd8a2a9650d85a108b">
      <profile_COMMON>
        <technique sid="common">
          <phong>
            <emission>
              <color>0.0 0.0 0.0 1.0</color>
            </emission>
            <ambient>
              <color>0.0 0.0 0.0 1.0</color>
            </ambient>
            <diffuse>
              <color>0.792156862745098 0.8196078431372549 0.9333333333333333 1.0</color>
            </diffuse>
            <specular>
              <color>0.0 0.0 0.0 1.0</color>
            </specular>
            <shininess>
              <float>0.0</float>
            </shininess>
            <reflective>
              <color>0.0 0.0 0.0 1.0</color>
            </reflective>
            <reflectivity>
              <float>0.0</float>
            </reflectivity>
            <transparent>
              <color>0.0 0.0 0.0 1.0</color>
            </transparent>
            <transparency>
              <float>1.0</float>
            </transparency>
          </phong>
        </technique>
        <extra>
          <technique profile="GOOGLEEARTH">
            <double_sided>0</double_sided>
          </technique>
        </extra>
      </profile_COMMON>
    </effect>
  </library_effects>
  <library_geometries>
    <geometry id="77e1e051f6de401382894b8417a76a30" name="fa5fa3e64bcf4bf19de534e0120a8cd2">
      <mesh>
        <source id="verts-array">
          <float_array count="5808" id="verts-array-array">-0.003667333 0.003431099 -0.008979225 -0.003749143 0.003691031 -0.00884987 -0.003751224 0.003928207 -0.009314992 -0.002368762 0.007584769 -0.006541369 -0.001843363 0.007961562 -0.006262228 -0.001819475 0.008256951 -0.006692078 0.005908777 0.005087015 -0.006718473 0.006045071 0.00447176 -0.007032815 0.006176475 0.004719577 -0.007473173 -0.0001892633 0.0001024081 -0.01028995 -0.0008509423 0.0003408765 -0.01025474 -0.0008135226 0.0005323914 -0.01073901 -0.003259571 0.009415393 -0.007890062 -0.003918316 0.008747314 -0.00834618 -0.003550596 0.008386745 -0.008260372 0.007543987 0.006360564 -0.00800993 0.007181835 0.007241216 -0.007583763 0.006723579 0.006992719 -0.007554687 -0.0002143976 -0.0002597101 -0.01270488 0.0008065011 -0.0004722846 -0.01267493 0.0008226403 -0.0001468061 -0.01226702 -0.005447364 0.004410457 -0.01099427 -0.00514183 0.003439709 -0.01147737 -0.004669105 0.003537973 -0.01127873 -0.005576458 0.005401756 -0.01047493 -0.00495205 0.004436938 -0.01083136 -0.005525775 0.006387951 -0.009932771 -0.005071595 0.005354932 -0.01035042 -0.0008008855 0.0111797 -0.006661286 -0.001831475 0.01085766 -0.006982609 -0.001603543 0.01040738 -0.007116346 0.005565993 0.00985396 -0.006474509 0.004624268 0.01044361 -0.006288657 0.004374811 0.01002395 -0.006473709 0.00826454 0.005503468 -0.008450402 0.008046511 0.006487684 -0.007947552 0.004807437 -0.0003452608 -0.01211484 0.005047565 -0.0002324568 -0.01201948 0.004766801 0.0001373641 -0.01178075 0.000771022 -0.0008907877 -0.01298507 -0.0003314021 -0.0006612354 -0.01301741 -0.001389885 -0.0002797693 -0.0129611 0.003847781 -0.0002298562 -0.01211071 0.004055153 -0.0006289966 -0.01237579 0.007655446 0.007438662 -0.007487352 0.007398019 0.007893939 -0.007277022 -0.004331092 0.009065026 -0.008310651 -0.003619736 0.009786457 -0.007818108 -0.002779275 0.0103892 -0.007371575 0.001710319 6.244168e-06 -0.01169322 0.00178076 -0.0002082595 -0.01216402 0.001841647 -0.0005386743 -0.01256366 0.001888823 -0.0009624787 -0.01286491 0.005924376 0.001447404 -0.01067637 0.00525714 0.000878058 -0.01108014 0.00559751 0.0006349711 -0.01139264 0.005869847 0.007422773 -0.007078409 0.006248737 0.00775824 -0.007207005 0.00666882 0.00806828 -0.00720813 0.007101464 0.008331771 -0.007081722 0.00231677 0.01022021 -0.006431006 0.003245881 0.009957495 -0.006441314 0.003424559 0.01044434 -0.006380883 -0.003702898 0.007352426 -0.008478617 -0.004033873 0.007682675 -0.008711046 -0.004440449 0.007986644 -0.008833084 -0.004894917 0.008243618 -0.008836433 0.002466153 0.0001565257 -0.01102927 0.002591481 7.648508e-05 -0.01152974 0.002727266 -0.000132811 -0.01198843 0.002864235 -0.0004571676 -0.01237395 0.002993075 -0.0008744593 -0.01266005 0.004946709 0.001017568 -0.01068416 0.005567878 0.001547612 -0.01030826 0.006078305 0.002165183 -0.009900642 0.005029272 0.007695966 -0.006574937 0.005309231 0.008070814 -0.006806656 0.005646556 0.008454331 -0.006915102 0.006018226 0.008820336 -0.006892758 0.006398912 0.009143879 -0.006741169 0.003074299 0.009470197 -0.006365579 0.002209322 0.00971478 -0.006355982 0.001320606 0.009835361 -0.006417025 -0.003772367 0.006341055 -0.008562219 -0.004023436 0.006634148 -0.008913842 -0.004378184 0.006911132 -0.009178547 -0.004812443 0.007153079 -0.009338167 -0.005296614 0.007343486 -0.009381851 -0.002824769 0.00206333 -0.01074777 -0.003299119 0.002707059 -0.01046609 -0.003521643 0.0027809 -0.01093258 0.0031288 0.0002795339 -0.01031524 0.003265442 0.0003412509 -0.01081535 0.003438987 0.0002723535 -0.01130291 0.003637616 7.75846e-05 -0.01174477 0.00468738 0.00104406 -0.0102318 0.005273196 0.001543942 -0.009877295 0.005754581 0.002126372 -0.009492872 0.006119075 0.002776269 -0.009088484 0.004222677 0.007869413 -0.006042589 0.00440244 0.008230344 -0.00637426 0.004644591 0.00863743 -0.006593872 0.004932623 0.009062973 -0.006686536 0.005246893 0.009477903 -0.00664582 0.002921507 0.009015733 -0.006158952 0.002105751 0.009246394 -0.006149903 0.001267595 0.009360116 -0.006207473 0.0004287596 0.009353953 -0.006330169 -0.003807991 0.005359956 -0.00854644 -0.003944817 0.005621955 -0.00897682 -0.004206304 0.005871663 -0.009353459 -0.004574607 0.006092103 -0.009650763 -0.005024657 0.0062682 -0.009848349 -0.003186785 0.002555615 -0.009979221 -0.002730428 0.0019363 -0.01025023 -0.002172756 0.001383463 -0.01047076 -0.001379907 0.0006213991 -0.01017784 -0.001556035 0.0007148008 -0.01015223 -0.001528224 0.0009114133 -0.0106351 -0.002245117 0.001488696 -0.010977 -0.00301867 0.002098333 -0.01123126 -0.003839175 0.00277215 -0.01134698 -0.00466777 0.002514665 -0.01191169 -0.004037458 0.001659282 -0.012286 -0.003646404 0.001889213 -0.01202756 -0.002933124 0.001182104 -0.01230963 -0.002638708 0.001384476 -0.01192889 -0.001875674 0.0008256379 -0.01212346 -0.001693692 0.000968772 -0.01165545 -0.0009059913 0.0005510276 -0.01176997 -0.0008322969 0.000604072 -0.01125583 -3.572606e-05 0.0003169889 -0.01129821 -4.716292e-05 0.0002561991 -0.01077978 0.0007510092 8.999897e-05 -0.01075637 -0.003267219 0.0008957131 -0.01259059 -0.002377015 0.0002437389 -0.01281758 -0.002108747 0.0005783439 -0.01251983 -0.001194611 9.355036e-05 -0.01265273 -0.001029565 0.0003769256 -0.01224646 -0.0001222954 4.99541e-05 -0.01229474 -6.135369e-05 0.0002466334 -0.0118149 0.0008183439 6.345554e-05 -0.0117891 0.000793917 0.0001442346 -0.01127387 0.001635142 9.028524e-05 -0.01118344 0.001560329 3.808887e-05 -0.01066937 0.002359827 0.0001018171 -0.01052105 0.002279737 -8.390645e-05 -0.01003971 0.00237443 -6.202125e-05 -0.01001436 0.004496799 0.0009556947 -0.00975382 0.005060402 0.001436616 -0.00941276 0.005523532 0.001996951 -0.00904292 0.005874201 0.002622205 -0.008653866 0.006103313 0.00329616 -0.008255691 0.005944602 0.0003048924 -0.01160037 0.006318377 0.001250097 -0.0109564 0.006472657 0.002110775 -0.01023852 0.006464788 0.002854284 -0.00947186 0.00635723 0.003476794 -0.00867461 0.006204956 0.004001372 -0.007858698 0.006073164 0.003763209 -0.00741316 0.006066145 0.003940202 -0.007318152 0.007362703 0.001743056 -0.01061849 0.007847033 0.002606636 -0.01008115 0.007359256 0.002766505 -0.009985753 0.007652309 0.003628524 -0.009476468 0.007159043 0.003648847 -0.009306556 0.007279367 0.004483731 -0.008836566 0.006829327 0.004374319 -0.008595474 0.006797945 0.005165877 -0.008170571 0.006433267 0.004956324 -0.007861244 0.006269193 0.005697013 -0.007482815 0.006018631 0.005432166 -0.007109099 0.005735483 0.006120694 -0.006775906 0.008163491 0.003537484 -0.009531195 0.008303865 0.004511505 -0.00898288 0.007782307 0.004530518 -0.008968699 0.007745884 0.005449127 -0.008475598 0.007245661 0.005333984 -0.008380157 0.007058779 0.006177599 -0.007949141 0.006623968 0.005951246 -0.007769315 0.006311908 0.0067101 -0.007402089 0.005974896 0.006412685 -0.007136485 0.005557989 0.007084806 -0.006831222 0.005334389 0.006767322 -0.006482222 0.004825732 0.007355311 -0.006235651 0.004712484 0.007072051 -0.005811936 0.004638219 0.007135358 -0.005788163 0.002797906 0.008625009 -0.005835451 0.002013096 0.008846928 -0.005826741 0.001206724 0.00895634 -0.005882126 0.0003997065 0.008950407 -0.00600017 -0.0003870763 0.008829287 -0.006177816 0.003598138 0.01089757 -0.006188415 0.002420747 0.01072818 -0.006369745 0.00136215 0.01034973 -0.006496574 0.00043116 0.009828828 -0.006547122 -0.0003890382 0.009228064 -0.006514815 -0.001133248 0.008596126 -0.006410459 -0.001166364 0.008296178 -0.005984395 -0.001335478 0.008212594 -0.006053796 0.00140044 0.01135518 -0.006252886 0.0002857978 0.01134699 -0.006415928 0.0003571667 0.01086053 -0.006591568 -0.0006491666 0.01070562 -0.006818781 -0.0005247062 0.01019933 -0.006846631 -0.001408064 0.00992329 -0.00712205 -0.001258367 0.009438363 -0.006999316 -0.002014679 0.009064542 -0.007309701 -0.001877905 0.008633154 -0.007049356 -0.002510409 0.008179544 -0.007385404 -0.002427988 0.007820545 -0.007015381 -0.002943023 0.007298217 -0.007371991 -0.002077189 0.01075386 -0.007073873 -0.002481256 0.00997357 -0.007476547 -0.002220464 0.009521751 -0.00745545 -0.002940857 0.009005115 -0.007838191 -0.002685339 0.008583568 -0.007666021 -0.003252985 0.008007889 -0.008059056 -0.003045745 0.007636628 -0.00775607 -0.003470066 0.007018462 -0.008151758 -0.003351244 0.006703492 -0.007752673 -0.003642079 0.006051782 -0.008147564 -0.003641461 0.005786051 -0.007698139 -0.003661898 0.005700855 -0.00774726 -0.00319229 0.002336896 -0.009505167 -0.002742068 0.001725909 -0.009772527 -0.002398142 0.001384959 -0.009908535 -0.002191899 0.001180503 -0.009990093 -0.00157518 0.000998037 -0.01114783 -0.002404047 0.001489028 -0.01147432 -0.003298908 0.002038966 -0.01166781 -0.004230097 0.00268134 -0.01168093 0.001490994 -0.0001467764 -0.01018604 0.00109178 -0.0001211765 -0.01022895 0.0006925616 -9.556855e-05 -0.01027186 -9.488558e-05 6.839963e-05 -0.01029496 0.003038368 9.142589e-05 -0.009836662 0.003847327 0.0005666384 -0.01005727 0.003747233 0.0003746683 -0.009582161 0.003570162 0.0003039124 -0.009645736 0.004488254 0.0004174757 -0.01143937 0.004230903 0.0005887767 -0.01101859 0.004012297 0.0006396694 -0.01054721 0.004387977 0.0007584875 -0.009282797 0.005972888 0.003067482 -0.007804814 0.005888152 0.002818229 -0.007952073 0.005746855 0.002402591 -0.008197633 0.005400905 0.001785746 -0.008581454 0.004943996 0.001232941 -0.008946325 0.004596418 0.0009363467 -0.009156663 0.006462872 0.004209809 -0.008261967 0.006717309 0.003597079 -0.009033013 0.006887797 0.002850978 -0.009777941 0.006910739 0.001966791 -0.01048336 0.006723031 0.0009691303 -0.01112931 0.005214309 0.006491973 -0.006055188 0.00541216 0.006173006 -0.006200055 0.005610011 0.005854038 -0.006344923 0.005889342 0.005174767 -0.006673639 0.004117543 0.007579245 -0.005621467 0.003540852 0.008296338 -0.005908024 0.003444879 0.008000427 -0.005488713 0.003612907 0.007895217 -0.005521875 0.004125431 0.009568383 -0.006527235 0.003893122 0.009107953 -0.006445567 0.003693738 0.008674099 -0.00623439 0.002711926 0.008324677 -0.005417117 -0.0004302288 0.00852621 -0.005754877 -0.0001392502 0.008571007 -0.005689176 0.0003459704 0.008645698 -0.005579622 0.001142145 0.008651554 -0.005463163 0.00193767 0.008543611 -0.005408524 0.002421674 0.00840675 -0.005413896 -0.001164627 0.008985704 -0.006756633 -0.0004359865 0.00969534 -0.006742912 0.0004067412 0.01034272 -0.00663632 0.001389377 0.01086812 -0.006440585 0.002514172 0.01120407 -0.006176391 -0.003354536 0.006429005 -0.007308555 -0.003153172 0.00672237 -0.007120772 -0.002951802 0.007015727 -0.006932994 -0.002443697 0.007531029 -0.006581181 -0.003805145 0.005103527 -0.008091653 -0.003844695 0.004645936 -0.008938971 -0.003841357 0.004399108 -0.008478906 -0.00383231 0.004575066 -0.008382173 -0.004618057 0.0052468 -0.01011547 -0.004246747 0.005084708 -0.009786084 -0.003982969 0.004879782 -0.009384829 -0.004507402 0.004397112 -0.01056062 -0.004143733 0.004293682 -0.01020051 -0.003885812 0.004133761 -0.009775672 -0.004245512 0.003565045 -0.0109747 -0.003899925 0.003519057 -0.010586 -0.003655879 0.003403213 -0.01013923 -0.003530016 0.003225365 -0.009664762 -0.003530904 0.002997641 -0.009194936 0.006631552 -7.742481e-06 -0.004871307 0.006924605 0.0008542763 -0.004362022 0.007418878 0.0006987738 -0.00429791 -0.001904909 -0.0005246334 -0.00798769 -0.002549441 -5.258358e-05 -0.007823341 -0.002440104 0.0002342668 -0.008245665 -0.00180424 -0.0002314359 -0.008407804 -0.001628112 -0.0003248376 -0.008433408 -0.001190208 -0.0009036552 -0.008091594 -0.001099147 -0.0006053602 -0.00851031 -0.0004374677 -0.0008438286 -0.008545517 -0.0004238479 -0.001179848 -0.008132369 -0.00034309 -0.0008778371 -0.008550536 0.0003743243 -0.001346048 -0.008108954 0.0004443572 -0.001041805 -0.008527436 0.000843576 -0.001067413 -0.008484525 0.001183644 -0.001397958 -0.008021959 0.00124279 -0.001093013 -0.008441609 0.001983142 -0.00133423 -0.007873635 0.002031532 -0.001030143 -0.008295281 0.002126226 -0.001008258 -0.008269936 0.002752116 -0.001156513 -0.007667822 0.002790163 -0.0008548108 -0.008092233 0.003321958 -0.0006423243 -0.007901308 0.003470642 -0.0008694083 -0.007409852 0.003499029 -0.0005715683 -0.007837733 0.004120114 -0.000480352 -0.007106406 0.004139772 -0.0001877492 -0.007538369 0.004348214 -9.889963e-06 -0.007412234 0.004683717 5.69303e-07 -0.006765346 0.004695791 0.0002867042 -0.007201897 0.005146847 0.0005609042 -0.006395505 0.005152701 0.0008395091 -0.006837026 0.005497516 0.001186158 -0.006006452 0.005498651 0.001456355 -0.006453205 0.005726628 0.001860113 -0.005608277 0.005639948 0.001871992 -0.006207645 0.005724684 0.002121245 -0.006060385 0.005828271 0.002565326 -0.005211284 0.005824959 0.002816972 -0.005668732 0.005817941 0.002993965 -0.005573723 0.00579979 0.00328353 -0.004825758 0.005796867 0.003525523 -0.005288387 0.005660572 0.004140778 -0.004974044 0.005641946 0.003996119 -0.004461684 0.005641138 0.00422853 -0.00492921 0.005358799 0.004684647 -0.004128491 0.005361806 0.004907802 -0.004600495 0.005163955 0.005226769 -0.004455627 0.004957704 0.005331276 -0.003834807 0.004966104 0.005545737 -0.004310759 0.004449047 0.005919265 -0.003588236 0.00446428 0.006125815 -0.004067507 0.004390015 0.006189122 -0.004043734 0.003845992 0.006433367 -0.003395175 0.003869339 0.006633008 -0.003877039 0.003364703 0.00694898 -0.003777447 0.003164167 0.006860291 -0.00326061 0.003196675 0.00705419 -0.003744285 0.002421221 0.007188962 -0.003188037 0.002463721 0.007378441 -0.003672688 0.00217347 0.007460513 -0.003669468 0.001636411 0.007410881 -0.003179327 0.001689466 0.007597374 -0.003664096 0.0008300393 0.007520294 -0.003234711 0.0008939402 0.007705317 -0.003718735 2.302158e-05 0.00751436 -0.003352756 9.776601e-05 0.007699461 -0.003835194 -0.0007637613 0.007393241 -0.003530402 -0.0003874547 0.00762477 -0.003944748 -0.0006784332 0.007579974 -0.004010449 -0.001509932 0.00716008 -0.003763044 -0.001414568 0.007349941 -0.004239967 -0.001583683 0.007266357 -0.004309367 -0.00219616 0.006820904 -0.004044664 -0.002091568 0.007015325 -0.0045178 -0.002616967 0.006638532 -0.004796941 -0.002804673 0.006384499 -0.004367967 -0.002691901 0.006584792 -0.004836753 -0.003319708 0.00586217 -0.004724576 -0.003200007 0.00606949 -0.005188566 -0.003401376 0.005776133 -0.005376344 -0.003727929 0.005267445 -0.005105259 -0.003602741 0.005482768 -0.005564126 -0.004018764 0.004615735 -0.005500149 -0.003889666 0.004839814 -0.005953711 -0.003910103 0.004754618 -0.006002832 -0.004184676 0.003923909 -0.005899025 -0.00405335 0.00415729 -0.006347224 -0.004080514 0.003628829 -0.006637744 -0.004221379 0.003209889 -0.006291556 -0.004089562 0.003452871 -0.006734477 -0.004127909 0.00249216 -0.006667577 -0.003997347 0.002744794 -0.007105442 -0.003915537 0.002484862 -0.007234797 -0.003906701 0.001789319 -0.007017348 -0.003779109 0.002051404 -0.007450508 -0.00356347 0.001119569 -0.007331806 -0.003440495 0.001390659 -0.007760739 -0.003107113 0.0005002534 -0.007602812 -0.002990272 0.0007796727 -0.008028099 -0.002646347 0.0004387227 -0.008164106 -0.004152288 0.001510739 -0.006650372 -0.004382221 0.002241287 -0.006286815 -0.004479378 0.002987308 -0.005895972 -0.004441225 0.003729481 -0.005487963 -0.004268776 0.004448582 -0.005073362 -0.003966475 0.005125989 -0.004662901 -0.003542154 0.005744155 -0.004267213 -0.003006818 0.006287071 -0.003896547 -0.002374313 0.00674068 -0.003560499 -0.001661036 0.007093231 -0.003267776 -0.0008854471 0.007335591 -0.003025958 -6.764927e-05 0.00746148 -0.002841312 0.0007711863 0.007467642 -0.002718616 0.001609342 0.00735392 -0.002661046 0.002425098 0.00712326 -0.002670095 0.003197329 0.006781626 -0.002745533 0.003906031 0.006337871 -0.002885403 0.004532863 0.005803492 -0.00308608 0.00506158 0.005192333 -0.003342365 0.005478488 0.004520211 -0.003647628 0.005772784 0.00380454 -0.003993958 0.005936858 0.003063851 -0.004372388 0.005966463 0.002317335 -0.00477311 0.005860822 0.001584321 -0.005185753 0.005622666 0.0008837961 -0.005599627 0.005258172 0.0002338985 -0.006004015 0.004776787 -0.000348531 -0.006388438 0.004190971 -0.0008484129 -0.006742943 0.003515888 -0.001252804 -0.007058352 0.002769033 -0.001551223 -0.00732649 0.001969744 -0.001735948 -0.007540417 0.001138733 -0.001802188 -0.007694588 0.0002975081 -0.001748239 -0.007785017 -0.0005321349 -0.001575484 -0.007809354 -0.001328706 -0.001288401 -0.00776697 -0.002071589 -0.0008944364 -0.00765897 -0.002741526 -0.0004037771 -0.007488142 -0.003321178 0.0001708563 -0.007258916 -0.003795528 0.0008145854 -0.006977229 -0.004499142 0.001234648 -0.006374591 -0.004742949 0.002009273 -0.005989098 -0.004845964 0.002800299 -0.005574676 -0.00480552 0.003587253 -0.005142051 -0.004622653 0.004349739 -0.004702434 -0.004302115 0.005068016 -0.004267209 -0.003852201 0.00572348 -0.003847648 -0.003284555 0.006299159 -0.003454613 -0.002613896 0.006780132 -0.003098293 -0.001857583 0.007153954 -0.002787908 -0.001035203 0.00741093 -0.002531504 -0.0001680564 0.007544419 -0.002335714 0.0007213892 0.007550951 -0.002205617 0.001610105 0.007430371 -0.002144574 0.002475083 0.007185788 -0.002154171 0.003293906 0.006823544 -0.002234159 0.004045375 0.006353021 -0.002382464 0.004710015 0.005786405 -0.002595248 0.005270631 0.005138364 -0.002867001 0.005712691 0.00442569 -0.003190681 0.006024752 0.003666836 -0.003557907 0.006198728 0.002881468 -0.003959163 0.006230111 0.00208991 -0.004384066 0.006118093 0.00131267 -0.004821605 0.005865571 0.0005698745 -0.005260452 0.005479089 -0.0001192261 -0.005689234 0.004968661 -0.0007367971 -0.006096851 0.004347493 -0.001266842 -0.006472748 0.003631687 -0.001695633 -0.006807186 0.002839771 -0.002012056 -0.007091502 0.001992265 -0.002207924 -0.007318334 0.001111103 -0.002278165 -0.00748181 0.0002191275 -0.002220954 -0.007577691 -0.0006605701 -0.002037776 -0.007603496 -0.001505208 -0.001733382 -0.007558561 -0.002292908 -0.001315637 -0.007444039 -0.003003263 -0.000795381 -0.007262907 -0.003617887 -0.0001860766 -0.007019851 -0.00412086 0.0004964902 -0.006721169 -0.004923625 0.0009798552 -0.00620879 -0.005185516 0.001811922 -0.005794712 -0.00529617 0.00266161 -0.005349557 -0.00525272 0.003506913 -0.004884854 -0.005056297 0.004325943 -0.004412637 -0.004711986 0.005097486 -0.003945136 -0.004228709 0.005801555 -0.003494463 -0.00361897 0.006419925 -0.003072282 -0.002898577 0.006936561 -0.00268954 -0.002086177 0.0073381 -0.002356141 -0.001202819 0.007614136 -0.002080722 -0.0002713719 0.007757529 -0.001870411 0.0006840369 0.007764545 -0.001730665 0.001638657 0.007635021 -0.001665096 0.002567767 0.007372305 -0.001675405 0.003447318 0.006983193 -0.001761326 0.00425451 0.006477783 -0.001920627 0.004968443 0.005869142 -0.002149193 0.005570624 0.00517305 -0.002441096 0.006045466 0.004407529 -0.002788777 0.006380666 0.00359241 -0.003183232 0.006567548 0.002748794 -0.003614247 0.006601254 0.001898541 -0.004070657 0.00648093 0.001063657 -0.004540647 0.006209684 0.0002657881 -0.005012031 0.005794544 -0.0004744147 -0.00547261 0.005246262 -0.001137786 -0.005910457 0.004579027 -0.001707132 -0.006314226 0.003810141 -0.002167714 -0.006673462 0.002959502 -0.002507605 -0.006978862 0.002049153 -0.002718001 -0.007222516 0.001102647 -0.002793449 -0.007398115 0.0001445272 -0.002731996 -0.007501106 -0.0008004085 -0.002535236 -0.007528826 -0.001707678 -0.002208264 -0.007480555 -0.002553787 -0.001759552 -0.007357547 -0.003316821 -0.001200713 -0.007162981 -0.003977021 -0.0005462238 -0.0069019 -0.004517288 0.0001869608 -0.006581068 -0.005396809 0.0007637249 -0.006164281 -0.005679755 0.00166269 -0.005716911 -0.005799299 0.002580684 -0.005235969 -0.005752361 0.003493952 -0.004733903 -0.005540147 0.004378831 -0.004223721 -0.005168154 0.005212396 -0.003718638 -0.00464602 0.005973066 -0.003231734 -0.003987275 0.006641146 -0.002775616 -0.00320896 0.007199322 -0.002362101 -0.002331247 0.007633137 -0.0020019 -0.001376871 0.007931372 -0.001704335 -0.0003705377 0.008086281 -0.001477122 0.0006616729 0.008093868 -0.001326139 0.001693042 0.00795393 -0.001255299 0.002696854 0.007670091 -0.001266436 0.003647106 0.007249703 -0.001359263 0.004519189 0.006703655 -0.001531374 0.005290522 0.006046089 -0.001778312 0.005941115 0.005294032 -0.002093684 0.006454131 0.004466968 -0.002469317 0.006816283 0.003586316 -0.002895484 0.00701818 0.002674879 -0.003361151 0.007054603 0.00175627 -0.003854253 0.006183035 -0.0008074563 -0.005368915 0.005590673 -0.00152415 -0.005841958 0.004869806 -0.002139277 -0.006278191 0.004039097 -0.002636884 -0.006666306 0.003120076 -0.003004104 -0.006996261 0.002136531 -0.003231415 -0.007259505 0.001113943 -0.003312922 -0.007449215 7.879672e-05 -0.003246532 -0.007560488 -0.000942102 -0.003033958 -0.007590438 -0.001922316 -0.002680697 -0.007538286 -0.002836451 -0.002195904 -0.007405385 -0.003660828 -0.001592144 -0.007195181 -0.004374108 -0.0008850343 -0.006913109 -0.004957802 -9.290731e-05 -0.006566483 0.00710242 -0.000232074 -0.00484786 0.007009893 -0.0003970565 -0.004950517 0.00661809 -0.001095654 -0.005385207 0.005978418 -0.00186958 -0.005896026 0.005199989 -0.002533818 -0.006367089 0.004302951 -0.003071167 -0.006786199 0.003310539 -0.003467707 -0.0071425 0.002248462 -0.003713169 -0.007426764 0.00114421 -0.003801189 -0.007631626 2.640875e-05 -0.003729498 -0.007751784 0.001556787 0.008394228 -0.000957719 0.001769559 0.008365356 -0.0009431059 0.002853525 0.008058858 -0.0009551299 0.003879655 0.007604897 -0.001055371 0.00482138 0.00701525 -0.001241223 0.005654299 0.006305169 -0.001507884 0.00635685 0.005493061 -0.001848437 0.006910833 0.004599952 -0.002254066 0.007301898 0.003648974 -0.002714266 0.007519927 0.002664758 -0.003217116 0.007559251 0.001672795 -0.003749595 0.007479955 0.00112258 -0.004059333 -0.001076015 -0.003499945 -0.007784125 -0.002078261 -0.003138746 -0.007730802 -0.002134498 -0.003118479 -0.00772781 -0.003121628 -0.002594971 -0.007584294 -0.004011832 -0.001942997 -0.007357303 -0.004782071 -0.001179428 -0.00705271 -0.005412383 -0.0003240451 -0.006678406 -0.005886444 0.0006009989 -0.006244082 -0.006191977 0.001571747 -0.005760988 -0.006321071 0.002563046 -0.005241642 -0.006270388 0.003549241 -0.004699485 -0.006041227 0.004504775 -0.004148565 -0.00563953 0.005404908 -0.003603148 -0.005075705 0.006226316 -0.003077365 -0.004364349 0.006947747 -0.002584822 -0.003523888 0.00755049 -0.00213829 -0.002576088 0.008018952 -0.001749323 -0.001545499 0.008340994 -0.001428001 -0.0004588155 0.008508277 -0.001182643 0.0006558267 0.008516474 -0.001019601 0.009289659 -0.008949978 -0.009265535 0.008669148 -0.01131557 -0.004904464 0.00905471 -0.008661853 -0.009142676 0.008434199 -0.01102744 -0.004781605 0.008747644 -0.008432597 -0.00906201 0.008127133 -0.01079819 -0.004700939 0.008389409 -0.00827787 -0.009029052 0.007768898 -0.01064346 -0.004667981 0.008004483 -0.008208313 -0.009046091 0.007383972 -0.0105739 -0.00468502 0.007618979 -0.008228477 -0.00911188 0.006998467 -0.01059407 -0.004750809 0.007259258 -0.008337136 -0.009222003 0.006638747 -0.01070273 -0.004860932 0.006949794 -0.008526819 -0.009368925 0.006329283 -0.01089241 -0.005007854 0.00671172 -0.008784663 -0.009542663 0.006091209 -0.01115026 -0.005181591 0.006561166 -0.009092952 -0.00973131 0.005940655 -0.01145854 -0.005370239 0.00650851 -0.009430867 -0.009922099 0.005887998 -0.01179646 -0.005561028 0.006557281 -0.009775278 -0.01010198 0.00593677 -0.01214087 -0.005740908 0.006704133 -0.01010268 -0.01025868 0.006083622 -0.01246827 -0.005897607 0.006939083 -0.0103908 -0.01038154 0.006318572 -0.0127564 -0.006020466 0.007246148 -0.01062006 -0.0104622 0.006625637 -0.01298565 -0.006101131 0.007604383 -0.01077479 -0.01049516 0.006983872 -0.01314038 -0.00613409 0.007989309 -0.01084434 -0.01047812 0.007368798 -0.01320994 -0.006117051 0.008374814 -0.01082418 -0.01041233 0.007754303 -0.01318977 -0.006051262 0.008734535 -0.01071552 -0.01030221 0.008114024 -0.01308111 -0.005941139 0.009043998 -0.01052584 -0.01015529 0.008423487 -0.01289143 -0.005794217 0.009282073 -0.01026799 -0.00998155 0.008661562 -0.01263358 -0.005620479 0.009432626 -0.009959704 -0.009792903 0.008812115 -0.0123253 -0.005431831 0.009485283 -0.009621789 -0.009602114 0.008864772 -0.01198738 -0.005241043 0.009436511 -0.009277379 -0.009422233 0.008816 -0.01164297 -0.005061162 -0.01101436 -0.002821565 -0.008830216 -0.01163487 -0.005187157 -0.004469145 -0.01124931 -0.002533414 -0.008707343 -0.01186982 -0.004899005 -0.004346272 -0.01155641 -0.0023042 -0.008626705 -0.01217692 -0.004669792 -0.004265634 -0.01191455 -0.002149473 -0.008593735 -0.01253506 -0.004515065 -0.004232664 -0.01229955 -0.002079868 -0.008610758 -0.01292006 -0.00444546 -0.004249687 -0.01268506 -0.002100084 -0.008676575 -0.01330557 -0.004465676 -0.004315504 -0.01304476 -0.002208724 -0.008786684 -0.01366527 -0.004574316 -0.004425613 -0.01335419 -0.002398403 -0.0089336 -0.0139747 -0.004763995 -0.004572529 -0.01359232 -0.002656219 -0.00910733 -0.01421283 -0.005021811 -0.004746258 -0.01374286 -0.002964587 -0.009296019 -0.01436338 -0.005330179 -0.004934948 -0.01379547 -0.00330244 -0.009486767 -0.01441598 -0.005668031 -0.005125696 -0.01374676 -0.003646846 -0.009666654 -0.01436727 -0.006012438 -0.005305583 -0.01359988 -0.003974267 -0.00982336 -0.01422039 -0.006339858 -0.005462288 -0.01336493 -0.004262418 -0.009946232 -0.01398544 -0.00662801 -0.005585161 -0.01305783 -0.004491632 -0.01002687 -0.01367834 -0.006857223 -0.0056658 -0.01269969 -0.004646358 -0.01005984 -0.0133202 -0.00701195 -0.00569877 -0.01231469 -0.004715963 -0.01004282 -0.0129352 -0.007081555 -0.005681747 -0.01192918 -0.004695748 -0.009977001 -0.01254969 -0.007061339 -0.00561593 -0.01156948 -0.004587108 -0.009866891 -0.01218999 -0.0069527 -0.00550582 -0.01126005 -0.004397429 -0.009719976 -0.01188056 -0.00676302 -0.005358904 -0.01102192 -0.004139612 -0.009546246 -0.01164243 -0.006505204 -0.005185175 -0.01087137 -0.003831245 -0.009357556 -0.01149189 -0.006196836 -0.004996485 -0.01081877 -0.003493392 -0.009166809 -0.01143928 -0.005858984 -0.004805737 -0.01086748 -0.003148985 -0.008986922 -0.01148799 -0.005514577 -0.004625851 -0.005463111 0.01483386 0.001536536 -0.006083622 0.01246827 0.005897607 -0.00569806 0.01512199 0.001659395 -0.006318572 0.0127564 0.006020466 -0.006005126 0.01535124 0.00174006 -0.006625637 0.01298565 0.006101131 -0.006363361 0.01550597 0.001773018 -0.006983872 0.01314038 0.00613409 -0.006748287 0.01557553 0.00175598 -0.007368798 0.01320994 0.006117051 -0.007133792 0.01555536 0.00169019 -0.007754303 0.01318977 0.006051262 -0.007493512 0.0154467 0.001580068 -0.008114024 0.01308111 0.005941139 -0.007802976 0.01525702 0.001433146 -0.008423487 0.01289143 0.005794217 -0.00804105 0.01499918 0.001259408 -0.008661562 0.01263358 0.005620479 -0.008191604 0.01469089 0.00107076 -0.008812115 0.0123253 0.005431831 -0.008244261 0.01435297 0.0008799716 -0.008864772 0.01198738 0.005241043 -0.008195489 0.01400856 0.0007000911 -0.008816 0.01164297 0.005061162 -0.008048637 0.01368116 0.0005433925 -0.008669148 0.01131557 0.004904464 -0.007813687 0.01339304 0.0004205335 -0.008434199 0.01102744 0.004781605 -0.007506622 0.01316378 0.0003398681 -0.008127133 0.01079819 0.004700939 -0.007148387 0.01300905 0.0003069098 -0.007768898 0.01064346 0.004667981 -0.006763461 0.0129395 0.0003239486 -0.007383972 0.0105739 0.00468502 -0.006377956 0.01295966 0.0003897378 -0.006998467 0.01059407 0.004750809 -0.006018235 0.01306832 0.0004998606 -0.006638747 0.01070273 0.004860932 -0.005708772 0.013258 0.0006467825 -0.006329283 0.01089241 0.005007854 -0.005470697 0.01351585 0.0008205203 -0.006091209 0.01115026 0.005181591 -0.005320144 0.01382414 0.001009168 -0.005940655 0.01145854 0.005370239 -0.005267487 0.01416205 0.001199957 -0.005887998 0.01179646 0.005561028 -0.005316259 0.01450646 0.001379837 -0.00593677 0.01214087 0.005740908 0.0148409 0.00870545 0.001101217 0.01422039 0.006339858 0.005462288 0.01460595 0.008993602 0.00122409 0.01398544 0.00662801 0.005585161 0.01429886 0.009222815 0.001304728 0.01367834 0.006857223 0.0056658 0.01394071 0.009377542 0.001337699 0.0133202 0.00701195 0.00569877 0.01355571 0.009447147 0.001320675 0.0129352 0.007081555 0.005681747 0.0131702 0.009426931 0.001254859 0.01254969 0.007061339 0.00561593 0.0128105 0.009318291 0.001144749 0.01218999 0.0069527 0.00550582 0.01250107 0.009128612 0.0009978332 0.01188056 0.00676302 0.005358904 0.01226295 0.008870796 0.0008241038 0.01164243 0.006505204 0.005185175 0.0121124 0.008562428 0.000635414 0.01149189 0.006196836 0.004996485 0.01205979 0.008224576 0.0004446662 0.01143928 0.005858984 0.004805737 0.0121085 0.007880169 0.0002647796 0.01148799 0.005514577 0.004625851 0.01225538 0.007552749 0.0001080739 0.01163487 0.005187157 0.004469145 0.01249033 0.007264597 -1.479884e-05 0.01186982 0.004899005 0.004346272 0.01279743 0.007035384 -9.54373e-05 0.01217692 0.004669792 0.004265634 0.01315558 0.006880657 -0.0001284077 0.01253506 0.004515065 0.004232664 0.01354057 0.006811052 -0.0001113844 0.01292006 0.00444546 0.004249687 0.01392608 0.006831267 -4.556762e-05 0.01330557 0.004465676 0.004315504 0.01428578 0.006939907 6.4542e-05 0.01366527 0.004574316 0.004425613 0.01459521 0.007129587 0.0002114579 0.0139747 0.004763995 0.004572529 0.01483334 0.007387403 0.0003851873 0.01421283 0.005021811 0.004746258 0.01498389 0.007695771 0.0005738771 0.01436338 0.005330179 0.004934948 0.01503649 0.008033623 0.0007646248 0.01441598 0.005668031 0.005125696 0.01498778 0.00837803 0.0009445114 0.01436727 0.006012438 0.005305583 0.01388267 -0.01147708 -0.009982809 0.01356311 -0.01364252 -0.005470345 0.01151114 -0.0150071 -0.006502502 0.01213165 -0.0126415 -0.01086357 0.01129816 -0.01511055 -0.00658892 0.009874214 -0.01373821 -0.01177966 0.009253703 -0.0161038 -0.007418587 0.006831181 -0.01691321 -0.008202325 0.007451692 -0.01454762 -0.0125634 0.004286776 -0.01742082 -0.008839701 0.004907287 -0.01505523 -0.01320077 0.001665804 -0.01761747 -0.009319292 0.002286315 -0.01525188 -0.01368036 -0.0009848245 -0.01749974 -0.009632575 -0.0003643135 -0.01513415 -0.01399365 -0.003617986 -0.01706981 -0.009774022 -0.002997475 -0.01470422 -0.01413509 -0.006186412 -0.01633524 -0.00974101 -0.005565901 -0.01396964 -0.01410208 -0.00864457 -0.01530912 -0.009534166 -0.008024059 -0.01294353 -0.01389524 -0.01094846 -0.01400989 -0.00915723 -0.01032795 -0.0116443 -0.0135183 -0.01305694 -0.01246061 -0.008616851 -0.01243643 -0.01009502 -0.01297792 -0.0141181 -0.008506451 -0.0123555 -0.01493238 -0.01068895 -0.007922686 -0.01431187 -0.008323356 -0.01228376 -0.01628973 -0.00903349 -0.007217839 -0.01592089 -0.006360965 -0.01144823 -0.0165414 -0.008726556 -0.007087156 -0.01661633 -0.005319085 -0.01098203 -0.01723684 -0.007684677 -0.006620956 -0.01723472 -0.004242855 -0.01048623 0.01418363 -0.01127693 -0.009831416 0.01599356 -0.009668877 -0.008701631 0.01537305 -0.01203447 -0.00434056 0.01752919 -0.007846117 -0.00749441 0.01690868 -0.01021171 -0.003133338 0.01876307 -0.005841116 -0.006231268 0.01814256 -0.008206707 -0.001870197 0.01967316 -0.00368971 -0.004934781 0.01905265 -0.006055302 -0.0005737101 0.02024334 -0.001430164 -0.003628001 0.01962283 -0.003795756 0.0007330704 0.02046324 0.0008970866 -0.002334332 0.01984273 -0.001468505 0.002026739 0.02032916 0.003250515 -0.001076832 0.01970865 0.0008849234 0.003284239 0.01984334 0.005588176 0.0001220696 0.01922283 0.003222585 0.004483141 0.01951598 0.006488582 0.0005639017 0.0183939 0.005502707 0.005602013 0.01901441 0.007868298 0.001240942 0.0179965 0.006252292 0.005952069 0.01785735 0.01005027 0.002259884 0.01723684 0.007684677 0.006620956 0.01639261 0.01209507 0.003160643 0.0157721 0.009729475 0.007521714 0.01464652 0.01396629 0.003927214 0.01402601 0.0116007 0.008288285 0.01265006 0.01563046 0.004545855 0.01202955 0.01326487 0.008906926 0.01043893 0.01705789 0.00500553 0.009818423 0.0146923 0.009366602 0.008052631 0.01822322 0.00529811 0.00743212 0.01585762 0.009659181 0.005533617 0.01910551 0.005418283 0.004913106 0.01673992 0.009779354 0.002927052 0.01968909 0.005363963 0.002306541 0.0173235 0.009725034 0.0002792655 0.01996353 0.005136091 -0.0003412456 0.01759794 0.009497163 -0.002362424 0.01992393 0.004738737 -0.002982935 0.01755834 0.009099809 -0.004950914 0.01957103 0.004179014 -0.005571425 0.01720544 0.008540085 -0.005315993 0.01947425 0.004074573 -0.008060477 0.0165455 0.007827957 -0.007439966 0.01891109 0.003466886 -0.008281715 0.01645537 0.007747588 -0.00978513 0.01795582 0.002615037 -0.01040564 0.01559023 0.006976108 -0.01194466 0.01672242 0.001638734 -0.01256517 0.01435683 0.005999805 -0.01387997 0.01523285 0.0005553763 -0.01450048 0.01286726 0.004916447 -0.01555647 0.01351356 -0.000615763 -0.01617698 0.01114797 0.003745308 -0.01694426 0.01159539 -0.001853703 -0.01756477 0.009229803 0.002507368 -0.01801875 0.009512487 -0.003136425 -0.01863926 0.007146895 0.001224647 -0.01876048 0.007302147 -0.004440925 -0.01938099 0.004936555 -7.985376e-05 -0.0191564 0.0050036 -0.005744067 -0.01977691 0.002638009 -0.001382995 -0.01919948 0.00265803 -0.007022512 -0.01981999 0.0002924387 -0.002661441 -0.0188888 0.0003072376 -0.008253456 -0.01950931 -0.002058354 -0.003892385 -0.01822993 -0.002006812 -0.009414929 -0.01885044 -0.004372404 -0.005053857 -0.01785523 -0.006608447 -0.00612516 -0.006083622 0.01246827 0.005897607 -0.00593677 0.01214087 0.005740908 0.001037774 0.00143085 0.0009237998 -0.005887998 0.01179646 0.005561028 -0.005940655 0.01145854 0.005370239 -0.0005233752 -0.001664565 -0.0009773843 -0.01148799 -0.005514577 -0.004625851 -1.009087e-05 -0.001757394 -0.0009547053 3.60824e-05 -0.001754975 -0.0009468233 -0.01143928 -0.005858984 -0.004805737 -0.01149189 -0.006196836 -0.004996485 -0.01164243 -0.006505204 -0.005185175 -0.007754303 0.01318977 0.006051262 -0.008281715 0.01645537 0.007747588 -0.008114024 0.01308111 0.005941139 -0.01040564 0.01559023 0.006976108 -0.006318572 0.0127564 0.006020466 -0.006625637 0.01298565 0.006101131 -0.0129352 -0.007081555 -0.005681747 -0.0133202 -0.00701195 -0.00569877 -0.01628973 -0.00903349 -0.007217839 -0.01367834 -0.006857223 -0.0056658 -0.0165414 -0.008726556 -0.007087156 -0.01398544 -0.00662801 -0.005585161 -0.01723684 -0.007684677 -0.006620956 -0.01422039 -0.006339858 -0.005462288 -0.01785523 -0.006608447 -0.00612516 -0.01436727 -0.006012438 -0.005305583 -0.01885044 -0.004372404 -0.005053857 -0.007368798 0.01320994 0.006117051 -0.006983872 0.01314038 0.00613409 -0.01188056 -0.00676302 -0.005358904 -0.01218999 -0.0069527 -0.00550582 -0.01254969 -0.007061339 -0.00561593 -0.01217692 -0.004669792 -0.004265634 -0.007383972 0.0105739 0.00468502 -0.01253506 -0.004515065 -0.004232664 -0.007768898 0.01064346 0.004667981 -0.01292006 -0.00444546 -0.004249687 -0.008127133 0.01079819 0.004700939 -0.01441598 -0.005668031 -0.005125696 -0.01436338 -0.005330179 -0.004934948 -0.01950931 -0.002058354 -0.003892385 -0.01421283 -0.005021811 -0.004746258 -0.01981999 0.0002924387 -0.002661441 -0.0139747 -0.004763995 -0.004572529 -0.01977691 0.002638009 -0.001382995 -0.01366527 -0.004574316 -0.004425613 -0.006329283 0.01089241 0.005007854 -0.006638747 0.01070273 0.004860932 -0.006998467 0.01059407 0.004750809 -0.001000995 -0.001458307 -0.0009334603 -0.001410396 -0.001152663 -0.0008259201 -0.01163487 -0.005187157 -0.004469145 -0.001723684 -0.0007684677 -0.0006620956 -0.01186982 -0.004899005 -0.004346272 -0.001919503 -0.0003319015 -0.0004531492 -0.001396127 0.001332666 0.0005242364 -0.000983518 0.001585589 0.000720138 -0.0005038824 0.001730454 0.0008669622 1.009087e-05 0.001757394 0.0009547053 0.0005233752 0.001664565 0.0009773843 -0.006091209 0.01115026 0.005181591 0.001000995 0.001458307 0.0009334603 -0.01330557 -0.004465676 -0.004315504 -0.01863926 0.007146895 0.001224647 -0.01938099 0.004936555 -7.985376e-05 -0.008434199 0.01102744 0.004781605 -0.008669148 0.01131557 0.004904464 -0.01256517 0.01435683 0.005999805 -0.008816 0.01164297 0.005061162 -0.008864772 0.01198738 0.005241043 -0.001984513 0.0001272824 -0.0002133223 -0.001914276 0.0005777908 4.104213e-05 -0.001713593 0.0009889262 0.0002926098 -0.01450048 0.01286726 0.004916447 -0.01617698 0.01114797 0.003745308 -0.01756477 0.009229803 0.002507368 -0.008812115 0.0123253 0.005431831 -0.008661562 0.01263358 0.005620479 -0.008423487 0.01289143 0.005794217 0.01367834 0.006857223 0.0056658 0.01398544 0.00662801 0.005585161 0.0157721 0.009729475 0.007521714 0.01723684 0.007684677 0.006620956 0.01422039 0.006339858 0.005462288 0.0179965 0.006252292 0.005952069 0.01436727 0.006012438 0.005305583 0.01441598 0.005668031 0.005125696 0.01436338 0.005330179 0.004934948 0.01421283 0.005021811 0.004746258 0.0139747 0.004763995 0.004572529 0.01292006 0.00444546 0.004249687 0.01253506 0.004515065 0.004232664 0.001919503 0.0003319015 0.0004531492 0.01330557 0.004465676 0.004315504 0.001410396 0.001152663 0.0008259201 0.01143928 0.005858984 0.004805737 0.01149189 0.006196836 0.004996485 0.01217692 0.004669792 0.004265634 0.01186982 0.004899005 0.004346272 0.001723684 0.0007684677 0.0006620956 0.01163487 0.005187157 0.004469145 0.01148799 0.005514577 0.004625851 0.01164243 0.006505204 0.005185175 0.01188056 0.00676302 0.005358904 -0.0003412456 0.01759794 0.009497163 0.002306541 0.0173235 0.009725034 -0.002982935 0.01755834 0.009099809 -0.005571425 0.01720544 0.008540085 -0.008060477 0.0165455 0.007827957 0.0133202 0.00701195 0.00569877 0.01402601 0.0116007 0.008288285 0.0129352 0.007081555 0.005681747 0.01202955 0.01326487 0.008906926 0.01254969 0.007061339 0.00561593 0.009818423 0.0146923 0.009366602 0.01218999 0.0069527 0.00550582 0.00743212 0.01585762 0.009659181 0.004913106 0.01673992 0.009779354 0.01366527 0.004574316 0.004425613 0.002368802 -0.0007149815 -5.078717e-05 0.0183939 0.005502707 0.005602013 0.01922283 0.003222585 0.004483141 0.01129816 -0.01511055 -0.00658892 0.01151114 -0.0150071 -0.006502502 0.01962283 -0.003795756 0.0007330704 0.01984273 -0.001468505 0.002026739 0.01970865 0.0008849234 0.003284239 0.01356311 -0.01364252 -0.005470345 0.01537305 -0.01203447 -0.00434056 0.01690868 -0.01021171 -0.003133338 0.01814256 -0.008206707 -0.001870197 0.01905265 -0.006055302 -0.0005737101 0.008864772 -0.01198738 -0.005241043 0.008812115 -0.0123253 -0.005431831 0.007768898 -0.01064346 -0.004667981 0.008127133 -0.01079819 -0.004700939 0.008434199 -0.01102744 -0.004781605 0.008669148 -0.01131557 -0.004904464 0.008816 -0.01164297 -0.005061162 0.008661562 -0.01263358 -0.005620479 0.008423487 -0.01289143 -0.005794217 0.009253703 -0.0161038 -0.007418587 0.008114024 -0.01308111 -0.005941139 0.007754303 -0.01318977 -0.006051262 0.006831181 -0.01691321 -0.008202325 0.007368798 -0.01320994 -0.006117051 0.004286776 -0.01742082 -0.008839701 -0.01493238 -0.01068895 -0.007922686 0.005887998 -0.01179646 -0.005561028 0.00593677 -0.01214087 -0.005740908 -0.006186412 -0.01633524 -0.00974101 0.006083622 -0.01246827 -0.005897607 -0.003617986 -0.01706981 -0.009774022 0.006318572 -0.0127564 -0.006020466 0.006329283 -0.01089241 -0.005007854 0.006091209 -0.01115026 -0.005181591 0.005940655 -0.01145854 -0.005370239 0.006983872 -0.01314038 -0.00613409 0.006625637 -0.01298565 -0.006101131 0.001665804 -0.01761747 -0.009319292 -0.0009848245 -0.01749974 -0.009632575 -0.01305694 -0.01246061 -0.008616851 -0.01094846 -0.01400989 -0.00915723 -0.00864457 -0.01530912 -0.009534166 0.006998467 -0.01059407 -0.004750809 0.001396127 -0.001332666 -0.0005242364 0.006638747 -0.01070273 -0.004860932 0.000983518 -0.001585589 -0.000720138 0.0005038824 -0.001730454 -0.0008669622 0.001978673 -8.603128e-05 0.0002348675 0.001984513 -0.0001272824 0.0002133223 0.001914276 -0.0005777908 -4.104213e-05 0.007383972 -0.0105739 -0.00468502 0.001685074 -0.001019807 -0.0003134183 0.001713593 -0.0009889262 -0.0002926098 -0.008195489 0.01400856 0.0007000911 -0.008048637 0.01368116 0.0005433925 -0.01801875 0.009512487 -0.003136425 -0.00978513 0.01795582 0.002615037 -0.007439966 0.01891109 0.003466886 -0.007133792 0.01555536 0.00169019 -0.005320144 0.01382414 0.001009168 -0.005267487 0.01416205 0.001199957 0.001556787 0.008394228 -0.000957719 -0.005316259 0.01450646 0.001379837 -0.005315993 0.01947425 0.004074573 -0.005463111 0.01483386 0.001536536 -0.00569806 0.01512199 0.001659395 -0.01086748 -0.003148985 -0.008986922 -0.01081877 -0.003493392 -0.009166809 -0.01102192 -0.004139612 -0.009546246 -0.01087137 -0.003831245 -0.009357556 -0.005470697 0.01351585 0.0008205203 -0.005708772 0.013258 0.0006467825 -0.007493512 0.0154467 0.001580068 -0.007802976 0.01525702 0.001433146 -0.01194466 0.01672242 0.001638734 -0.00804105 0.01499918 0.001259408 -0.01387997 0.01523285 0.0005553763 -0.008191604 0.01469089 0.00107076 -0.008244261 0.01435297 0.0008799716 -0.01555647 0.01351356 -0.000615763 -0.01694426 0.01159539 -0.001853703 -0.0141181 -0.008506451 -0.0123555 -0.01269969 -0.004646358 -0.01005984 -0.01231469 -0.004715963 -0.01004282 -0.006005126 0.01535124 0.00174006 -0.006363361 0.01550597 0.001773018 -0.006748287 0.01557553 0.00175598 -0.01192918 -0.004695748 -0.009977001 -0.01156948 -0.004587108 -0.009866891 -0.01126005 -0.004397429 -0.009719976 -0.01304476 -0.002208724 -0.008786684 -0.01876048 0.007302147 -0.004440925 -0.01268506 -0.002100084 -0.008676575 -0.01229955 -0.002079868 -0.008610758 -0.01305783 -0.004491632 -0.01002687 -0.01431187 -0.008323356 -0.01228376 -0.01336493 -0.004262418 -0.009946232 -0.01592089 -0.006360965 -0.01144823 -0.01359988 -0.003974267 -0.00982336 -0.01661633 -0.005319085 -0.01098203 -0.01374676 -0.003646846 -0.009666654 -0.01723472 -0.004242855 -0.01048623 -0.01379547 -0.00330244 -0.009486767 -0.01822993 -0.002006812 -0.009414929 -0.01374286 -0.002964587 -0.009296019 -0.01124931 -0.002533414 -0.008707343 -0.01101436 -0.002821565 -0.008830216 -0.01191455 -0.002149473 -0.008593735 -0.01155641 -0.0023042 -0.008626705 -0.007813687 0.01339304 0.0004205335 -0.007506622 0.01316378 0.0003398681 -0.007148387 0.01300905 0.0003069098 -0.006763461 0.0129395 0.0003239486 -0.006377956 0.01295966 0.0003897378 -0.01359232 -0.002656219 -0.00910733 -0.0188888 0.0003072376 -0.008253456 -0.01335419 -0.002398403 -0.0089336 -0.01919948 0.00265803 -0.007022512 -0.0191564 0.0050036 -0.005744067 -0.006018235 0.01306832 0.0004998606 0.00671172 -0.008784663 -0.009542663 -0.01243643 -0.01009502 -0.01297792 0.00650851 -0.009430867 -0.009922099 0.01213165 -0.0126415 -0.01086357 0.009874214 -0.01373821 -0.01177966 0.008734535 -0.01071552 -0.01030221 0.009485283 -0.009621789 -0.009602114 0.009436511 -0.009277379 -0.009422233 0.01388267 -0.01147708 -0.009982809 0.006949794 -0.008526819 -0.009368925 0.006561166 -0.009092952 -0.00973131 0.004907287 -0.01505523 -0.01320077 0.002286315 -0.01525188 -0.01368036 0.006939083 -0.0103908 -0.01038154 -0.0003643135 -0.01513415 -0.01399365 0.006704133 -0.01010268 -0.01025868 -0.002997475 -0.01470422 -0.01413509 0.006557281 -0.009775278 -0.01010198 0.007246148 -0.01062006 -0.0104622 0.007604383 -0.01077479 -0.01049516 0.007451692 -0.01454762 -0.0125634 0.007989309 -0.01084434 -0.01047812 0.008374814 -0.01082418 -0.01041233 0.009043998 -0.01052584 -0.01015529 0.009282073 -0.01026799 -0.00998155 0.009432626 -0.009959704 -0.009792903 0.00905471 -0.008661853 -0.009142676 0.008747644 -0.008432597 -0.00906201 0.007009893 -0.0003970565 -0.004950517 -0.005565901 -0.01396964 -0.01410208 -0.008024059 -0.01294353 -0.01389524 -0.01032795 -0.0116443 -0.0135183 0.009289659 -0.008949978 -0.009265535 0.008004483 -0.008208313 -0.009046091 0.007618979 -0.008228477 -0.00911188 0.008389409 -0.00827787 -0.009029052 0.007259258 -0.008337136 -0.009222003 0.01418363 -0.01127693 -0.009831416 0.01752919 -0.007846117 -0.00749441 0.01599356 -0.009668877 -0.008701631 0.01967316 -0.00368971 -0.004934781 0.01876307 -0.005841116 -0.006231268 0.007479955 0.00112258 -0.004059333 0.01951598 0.006488582 0.0005639017 0.01984334 0.005588176 0.0001220696 0.02032916 0.003250515 -0.001076832 0.02046324 0.0008970866 -0.002334332 0.02024334 -0.001430164 -0.003628001 0.01901441 0.007868298 0.001240942 0.01498778 0.00837803 0.0009445114 0.01785735 0.01005027 0.002259884 0.0148409 0.00870545 0.001101217 0.01639261 0.01209507 0.003160643 0.01459521 0.007129587 0.0002114579 0.01483334 0.007387403 0.0003851873 0.01498389 0.007695771 0.0005738771 0.01503649 0.008033623 0.0007646248 0.01249033 0.007264597 -1.479884e-05 0.01279743 0.007035384 -9.54373e-05 0.01315558 0.006880657 -0.0001284077 0.01354057 0.006811052 -0.0001113844 0.01392608 0.006831267 -4.556762e-05 0.01428578 0.006939907 6.4542e-05 0.01460595 0.008993602 0.00122409 0.01429886 0.009222815 0.001304728 0.01464652 0.01396629 0.003927214 0.01394071 0.009377542 0.001337699 0.01265006 0.01563046 0.004545855 0.01355571 0.009447147 0.001320675 0.01043893 0.01705789 0.00500553 0.0131702 0.009426931 0.001254859 0.008052631 0.01822322 0.00529811 0.0128105 0.009318291 0.001144749 0.005533617 0.01910551 0.005418283 0.01250107 0.009128612 0.0009978332 0.002927052 0.01968909 0.005363963 0.0121085 0.007880169 0.0002647796 0.01205979 0.008224576 0.0004446662 0.01225538 0.007552749 0.0001080739 0.01226295 0.008870796 0.0008241038 -0.002362424 0.01992393 0.004738737 0.0002792655 0.01996353 0.005136091 0.0121124 0.008562428 0.000635414 -0.004950914 0.01957103 0.004179014 -0.005505065 0.02166735 -0.02686492 0.002699246 0.01694557 -0.02825883 0.00238178 0.01660183 -0.02849046 0.00211086 0.01574019 -0.02899639 -0.01872398 0.01665304 -0.0314657 -0.01858941 0.01918118 -0.0300752 0.003571998 0.01394834 -0.02976045 -0.001291638 0.009163083 -0.03304816 0.003094378 0.0141546 -0.02971653 -0.001281408 0.009189159 -0.03303256 0.002684977 0.01446024 -0.02960899 -0.00115864 0.01044862 -0.03233191 -0.001381672 0.01171791 -0.03167514 0.002371689 0.01484444 -0.02944517 -0.001937521 0.01292327 -0.0311004 0.00217587 0.015281 -0.02923622 0.005096368 0.01707121 -0.02784961 0.004618748 0.01727747 -0.02780569 0.00332039 0.02395695 -0.02436725 0.004105464 0.0173703 -0.02782836 -0.001372358 0.02065407 -0.02682654 0.003111855 0.01719849 -0.02806293 8.244133e-06 0.02091927 -0.02648625 0.003591491 0.01734336 -0.02791611 0.002181097 0.0161907 -0.02874203 0.004085282 0.01385551 -0.02973778 0.004599255 0.01388245 -0.02965003 0.009509777 0.01397866 -0.02889915 0.005078891 0.01402732 -0.02950321 0.0054915 0.01428024 -0.02930731 -0.004211497 0.0210393 -0.02702155 -0.002806731 0.02069488 -0.0270085 0.001254847 0.02147504 -0.02600741 0.002295004 0.02228909 -0.02541785 0.003068257 0.02331411 -0.02475182 -0.002793895 0.01399464 -0.0306411 -0.003901022 0.01486978 -0.03032393 0.005808966 0.01462398 -0.02907568 0.006009649 0.01503511 -0.02882411 0.006079886 0.01548562 -0.02856975 -0.009414329 0.01561783 -0.03070262 -0.0106609 0.01506207 -0.03118144 -0.003586601 0.03509213 -0.0193099 -0.00322263 0.0311844 -0.0213778 -0.005948103 0.03436609 -0.02003974 -0.004603257 0.03091924 -0.02171807 -0.008437413 0.03325629 -0.02099592 -0.00584986 0.03036347 -0.02219691 -0.01072908 0.03186824 -0.02207491 -0.006889992 0.02954939 -0.0227865 -0.01278696 0.03022383 -0.0232597 -0.007663245 0.02852436 -0.02345253 -0.01457857 0.02834898 -0.0245316 -0.00812464 0.02734791 -0.02415632 -0.01607568 0.02627328 -0.02587054 -0.008247408 0.02608845 -0.02485696 -0.008024401 0.0248192 -0.02551372 -0.007468546 0.02361383 -0.02608846 -0.006612167 0.02254245 -0.02654776 -0.005194571 0.01549781 -0.03016731 -0.006599337 0.01584223 -0.03018037 -0.008033736 0.01588302 -0.03036233 0.006014876 0.01594481 -0.02832992 0.005819057 0.01638137 -0.02812097 0.005505769 0.01676557 -0.02795715 -0.01725478 0.02402948 -0.02725542 -0.01809708 0.02165296 -0.02866437 -0.01031609 0.006365965 -0.03584944 -0.01341996 0.003755929 -0.03770685 -0.01142321 0.007241107 -0.03553226 -0.01415308 0.00455987 -0.03737507 -0.01227963 0.008312463 -0.03507298 -0.01572699 0.006775527 -0.03639717 -0.01283543 0.009517839 -0.03449822 -0.01698823 0.009130585 -0.03529916 -0.01305847 0.01078713 -0.03384145 -0.01791702 0.01158786 -0.03409841 -0.01293577 0.01204656 -0.03314084 -0.01849869 0.01410858 -0.03281384 -0.01247433 0.01322298 -0.03243705 -0.01170105 0.01424803 -0.031771 -0.009022611 0.005737909 -0.03600608 -0.008991472 0.005730276 -0.03600579 -0.01229143 0.002518492 -0.0382175 0.01176509 0.01034273 -0.03055051 0.01099748 0.01053093 -0.03055764 0.005895742 0.008936725 -0.03214829 0.005122489 0.007911697 -0.03281432 -0.01017138 0.0006836218 -0.03891115 -0.007617819 0.005393502 -0.03599302 -0.007826302 -0.0009157687 -0.03944504 -0.005293128 -0.002254558 -0.03981082 -0.006183412 0.005352712 -0.03581105 -0.002611981 -0.003311509 -0.04000266 -0.004802818 0.005617904 -0.03547077 0.0001749337 -0.004070018 -0.04001757 0.003023745 -0.004518068 -0.03985526 -0.00355625 0.00617366 -0.03499194 0.005889419 -0.004648716 -0.03951839 -0.001742823 0.008012744 -0.03373634 0.004661074 0.006735281 -0.0335181 -0.002516101 0.006987704 -0.03440238 0.009563104 0.01057174 -0.0307396 0.008182502 0.01030654 -0.03107989 0.006935899 0.009750772 -0.03155873 0.004538326 0.00547579 -0.03421876 0.004761333 0.004206537 -0.03487551 0.005317188 0.003001172 -0.03545025 0.006173567 0.001929789 -0.03590956 0.01508074 0.001676425 -0.03477964 0.01867208 -0.0007924502 -0.03560785 0.01404061 0.0008623376 -0.03536923 0.01662816 -0.002030476 -0.03657022 0.012794 0.0003065664 -0.03584807 0.01413885 -0.003140282 -0.0375264 0.01141338 4.141003e-05 -0.03618834 0.01149115 -0.003954347 -0.0383447 0.009979003 8.221528e-05 -0.03637029 0.008726809 -0.004459823 -0.03901221 0.008574217 0.0004266655 -0.03638333 0.007280669 0.001054691 -0.03622672 0.01479008 0.01538359 -0.02738577 0.01369581 0.009558459 -0.03070122 0.01240224 0.01018652 -0.03054459 0.01341646 0.01572037 -0.02739853 0.01610613 0.003344273 -0.03372905 0.01631539 0.0038779 -0.03340982 0.0209777 0.001001977 -0.03430644 0.01585399 0.002701453 -0.03411361 0.01891983 -0.0006424278 -0.03549123 0.01760508 0.01560798 -0.02686352 0.01885164 0.01616374 -0.0263847 0.01480291 0.008683361 -0.03101838 0.01989179 0.01697778 -0.02579513 0.01565929 0.007611978 -0.03147768 0.02554478 0.02112752 -0.02273985 0.02610777 0.01963795 -0.02346773 0.02111629 0.01915318 -0.0244409 0.02668943 0.01711723 -0.0247523 0.02066508 0.01800283 -0.02512909 0.02691472 0.01457277 -0.02610044 0.02678015 0.01204463 -0.02749094 0.02628782 0.00957285 -0.02890177 0.01621515 0.006406613 -0.03205242 0.02544552 0.007196332 -0.03031072 0.01643815 0.00513736 -0.03270918 0.02426643 0.004952527 -0.0316956 0.02276932 0.002876827 -0.03303454 0.01622448 0.01534279 -0.02720381 0.003529672 0.02449053 -0.02404804 0.00365242 0.02575002 -0.02334738 0.009933569 0.02321307 -0.0238298 0.01098464 0.01723117 -0.02692504 0.01209177 0.01635603 -0.02724221 0.01338532 0.015728 -0.02739883 0.01299356 0.02560791 -0.02209537 0.011747 0.02505215 -0.0225742 0.002873558 0.02822464 -0.02211589 0.01070685 0.02423811 -0.02316376 0.002017179 0.02929602 -0.02165658 0.008015812 0.03529583 -0.01754857 0.01080273 0.03453732 -0.01756348 0.009349386 0.02077719 -0.02523422 0.009572418 0.0195079 -0.025891 0.01348387 0.03348037 -0.01775532 0.02112652 0.01917925 -0.0244253 0.02124922 0.02043868 -0.02372469 0.02517898 0.02209523 -0.02226698 0.02102618 0.02170797 -0.02306792 0.02391774 0.02445028 -0.02116897 0.02047037 0.02291335 -0.02249316 0.02234383 0.02666594 -0.02019107 0.01961395 0.0239847 -0.02203388 0.02048218 0.02870732 -0.01934864 0.01850684 0.02485985 -0.0217167 0.01836212 0.03054219 -0.01865499 0.01721336 0.0254879 -0.02156006 0.01601705 0.03214158 -0.0181211 0.01580857 0.02583231 -0.02157312 0.01437416 0.0258731 -0.02175509 0.003429413 0.02701927 -0.02269063 0.005167001 0.03574388 -0.01771088 0.0009100771 0.03017112 -0.02133942 0.002301327 0.03587453 -0.01804775 -0.0003834712 0.03079915 -0.02118281 -0.0005360633 0.03568563 -0.01855393 0.01012827 0.01830254 -0.02646574 0.009472154 0.02203665 -0.02453358 -0.0033004 0.03518016 -0.01922143 -0.001020652 0.03095541 -0.02118871 -0.001788257 0.0311436 -0.02119585 0.01618958 -0.01105103 -0.01630251 0.0209777 0.001001977 -0.03430644 0.01824746 -0.009406627 -0.01511773 0.02276932 0.002876827 -0.03303454 0.02003907 -0.007531777 -0.01384583 0.02426643 0.004952527 -0.0316956 0.02153618 -0.005456076 -0.01250688 0.02544552 0.007196332 -0.03031072 0.02271527 -0.003212271 -0.011122 0.02628782 0.00957285 -0.02890177 0.02355758 -0.0008357533 -0.009713053 0.02678015 0.01204463 -0.02749094 0.0240499 0.001636024 -0.008302227 0.02691472 0.01457277 -0.02610044 0.02418447 0.004164171 -0.006911728 0.02668943 0.01711723 -0.0247523 0.02395919 0.006708623 -0.005563587 0.02610777 0.01963795 -0.02346773 0.02337752 0.00922935 -0.004279021 0.02554478 0.02112752 -0.02273985 0.02244873 0.01168662 -0.003078266 -0.01502168 -0.007890112 -0.01902879 -0.01017138 0.0006836218 -0.03891115 -0.01290163 -0.009724982 -0.01972243 -0.007826302 -0.0009157687 -0.03944504 -0.01055655 -0.01132437 -0.02025633 -0.005293128 -0.002254558 -0.03981082 -0.008023376 -0.01266316 -0.0206221 -0.002611981 -0.003311509 -0.04000266 -0.005342229 -0.01372011 -0.02081395 0.0001749337 -0.004070018 -0.04001757 -0.002555315 -0.01447862 -0.02082885 0.003023745 -0.004518068 -0.03985526 0.0002934968 -0.01492667 -0.02066655 0.005889419 -0.004648716 -0.03951839 0.003159171 -0.01505732 -0.02032968 0.008726809 -0.004459823 -0.03901221 0.005996561 -0.01486843 -0.0198235 0.01149115 -0.003954347 -0.0383447 0.008760898 -0.01436295 -0.01915599 0.01413885 -0.003140282 -0.0375264 0.0114086 -0.01354889 -0.01833769 0.01662816 -0.002030476 -0.03657022 0.01389791 -0.01243908 -0.0173815 0.01867208 -0.0007924502 -0.03560785 0.01891983 -0.0006424278 -0.03549123 -0.008678352 0.02395749 -0.0008510237 -0.008437413 0.03325629 -0.02099592 -0.01116766 0.02284768 -0.001807209 -0.01072908 0.03186824 -0.02207491 -0.01345933 0.02145964 -0.002886201 -0.01278696 0.03022383 -0.0232597 -0.01551721 0.01981523 -0.004070984 -0.01457857 0.02834898 -0.0245316 -0.01730882 0.01794038 -0.005342885 -0.01607568 0.02627328 -0.02587054 -0.01880593 0.01586468 -0.006681829 -0.01725478 0.02402948 -0.02725542 -0.01998502 0.01362087 -0.008066711 -0.01809708 0.02165296 -0.02866437 -0.02082733 0.01124436 -0.00947566 -0.01858941 0.01918118 -0.0300752 -0.02131965 0.008772579 -0.01088649 -0.01872398 0.01665304 -0.0314657 -0.02145423 0.006244433 -0.01227698 -0.01849869 0.01410858 -0.03281384 -0.02122894 0.003699981 -0.01362513 -0.01791702 0.01158786 -0.03409841 -0.02064727 0.001179253 -0.01490969 -0.01698823 0.009130585 -0.03529916 -0.01971848 -0.001278019 -0.01611045 -0.01572699 0.006775527 -0.03639717 -0.01845724 -0.003633076 -0.01720846 -0.01415308 0.00455987 -0.03737507 -0.01688333 -0.005848734 -0.01818636 -0.01341996 0.003755929 -0.03770685 -0.01229143 0.002518492 -0.0382175 0.02517898 0.02209523 -0.02226698 0.02391774 0.02445028 -0.02116897 0.02118749 0.01404168 -0.001980258 0.02234383 0.02666594 -0.02019107 0.01961358 0.01625734 -0.001002353 0.02048218 0.02870732 -0.01934864 0.01775193 0.01829872 -0.0001599248 0.01836212 0.03054219 -0.01865499 0.01563188 0.02013359 0.0005337211 0.01601705 0.03214158 -0.0181211 0.0132868 0.02173298 0.001067617 0.01348387 0.03348037 -0.01775532 0.01075363 0.02307176 0.001433391 0.01080273 0.03453732 -0.01756348 0.008072478 0.02412872 0.001625233 0.008015812 0.03529583 -0.01754857 0.005285564 0.02488723 0.00164014 0.005167001 0.03574388 -0.01771088 0.002436752 0.02533528 0.001477837 0.002301327 0.03587453 -0.01804775 -0.000428922 0.02546592 0.001140964 -0.0005360633 0.03568563 -0.01855393 -0.003266312 0.02527703 0.0006347869 -0.0033004 0.03518016 -0.01922143 -0.006030649 0.02477155 -3.272144e-05 -0.003586601 0.03509213 -0.0193099 -0.005948103 0.03436609 -0.02003974 0.006842169 0.009099296 -0.006702284 0.006619137 0.01036859 -0.006045511 -0.001475402 0.01106643 -0.0068187 -0.0004352445 0.01188048 -0.006229135 0.0003380079 0.01290551 -0.005563104 0.009671995 -0.0002220878 -0.01135588 0.01096556 -0.000850145 -0.0115125 0.01205983 0.004974982 -0.00819706 0.008254393 0.006822564 -0.007736323 0.00936152 0.005947426 -0.008053501 0.006832855 0.000163136 -0.01155088 0.005452253 -0.00010206 -0.01189117 0.008267228 0.0001223307 -0.01136893 0.0001433096 0.01781604 -0.002927173 0.0006991642 0.01661067 -0.003501914 0.01164391 0.0154645 -0.002566375 0.01026332 0.0151993 -0.002906661 0.0009221717 0.01534142 -0.004158669 0.009016747 0.01464355 -0.003385488 0.006741905 0.01162805 -0.00534487 0.0007994229 0.01408193 -0.004859325 0.00720332 0.01280446 -0.004641091 0.007976599 0.0138295 -0.003975049 0.01487483 0.005199381 -0.00767481 0.01349423 0.004934188 -0.008015096 0.01370791 -0.005271244 -0.01352046 0.01065507 0.005319401 -0.008210112 -0.00411192 0.001309308 -0.01248643 0.01207266 -0.001725243 -0.01182966 0.01292904 -0.002796626 -0.01228897 0.0134849 -0.004001991 -0.01286371 0.01612139 0.005755136 -0.007195983 0.02153618 -0.005456076 -0.01250688 0.02003907 -0.007531777 -0.01384583 0.01358514 -0.006530704 -0.0142211 0.01824746 -0.009406627 -0.01511773 0.01312374 -0.007707151 -0.0149249 0.01618958 -0.01105103 -0.01630251 0.01235049 -0.008732179 -0.01559093 0.01389791 -0.01243908 -0.0173815 0.01131036 -0.009546266 -0.01618051 0.0114086 -0.01354889 -0.01833769 0.01006375 -0.01010204 -0.01665935 0.008760898 -0.01436295 -0.01915599 0.008683128 -0.01036719 -0.01699962 0.005996561 -0.01486843 -0.0198235 0.007248754 -0.01032639 -0.01718158 0.003159171 -0.01505732 -0.02032968 0.005843969 -0.009981938 -0.01719462 0.0002934968 -0.01492667 -0.02066655 0.00455042 -0.009353913 -0.01703801 -0.002555315 -0.01447862 -0.02082885 0.003443318 -0.008478815 -0.01672085 -0.005342229 -0.01372011 -0.02081395 0.002586939 -0.007407432 -0.01626154 -0.008023376 -0.01266316 -0.0206221 -0.01055655 -0.01132437 -0.02025633 0.002031084 -0.006202067 -0.0156868 -0.01290163 -0.009724982 -0.01972243 -0.007533067 -0.004790699 -0.01628205 -0.00891366 -0.005055891 -0.01662234 0.003165493 -0.001471879 -0.01295958 0.00420565 -0.0006578312 -0.01237001 0.02271527 -0.003212271 -0.011122 0.02355758 -0.0008357533 -0.009713053 0.01716154 0.00656918 -0.006606421 0.0240499 0.001636024 -0.008302227 0.01793483 0.007594224 -0.005940377 0.02418447 0.004164171 -0.006911728 0.01839627 0.00877065 -0.005236588 0.02395919 0.006708623 -0.005563587 0.01851897 0.01003008 -0.004535973 0.02337752 0.00922935 -0.004279021 0.01829593 0.01129937 -0.003879203 0.02244873 0.01168662 -0.003078266 0.01774012 0.01250474 -0.003304449 0.02118749 0.01404168 -0.001980258 0.01688371 0.0135761 -0.002845164 0.01961358 0.01625734 -0.001002353 0.01577659 0.01445124 -0.002527983 0.01775193 0.01829872 -0.0001599248 0.01448311 0.0150793 -0.002371346 0.01563188 0.02013359 0.0005337211 0.01307832 0.01542371 -0.002384407 0.0132868 0.02173298 0.001067617 0.01075363 0.02307176 0.001433391 0.008072478 0.02412872 0.001625233 -0.0007130693 0.01888742 -0.002467868 0.005285564 0.02488723 0.00164014 -0.001820172 0.01976252 -0.002150708 0.002436752 0.02533528 0.001477837 -0.00311372 0.02039054 -0.001994097 -0.000428922 0.02546592 0.001140964 -0.004518506 0.02073499 -0.002007135 -0.003266312 0.02527703 0.0006347869 -0.005952879 0.0207758 -0.002189089 -0.006030649 0.02477155 -3.272144e-05 -0.007333505 0.02051064 -0.00252936 -0.008678352 0.02395749 -0.0008510237 -0.008580108 0.01995487 -0.003008201 -0.01116766 0.02284768 -0.001807209 -0.009620241 0.01914078 -0.003597783 -0.01345933 0.02145964 -0.002886201 -0.01039349 0.01811575 -0.004263814 -0.01551721 0.01981523 -0.004070984 -0.01085489 0.01693931 -0.004967608 -0.01730882 0.01794038 -0.005342885 -0.01097766 0.01567985 -0.00566825 -0.01880593 0.01586468 -0.006681829 -0.01075465 0.01441059 -0.006325005 -0.01998502 0.01362087 -0.008066711 -0.0101988 0.01320523 -0.006899746 -0.009342416 0.01213385 -0.007359051 -0.004011657 -0.001219445 -0.01384384 -0.003888888 4.001534e-05 -0.0131432 -0.002722005 0.01051066 -0.007297541 0.002392241 -0.002496907 -0.01362561 0.001930826 -0.003673322 -0.01432939 -0.004473072 -0.00239586 -0.01454762 0.001808077 -0.004932814 -0.01503004 -0.00524635 -0.0034209 -0.01521366 -0.006286499 -0.004234943 -0.01580323 -0.01034807 -0.005015101 -0.01680431 -0.01175286 -0.004670695 -0.01681737 -0.01502168 -0.007890112 -0.01902879 -0.01304634 -0.004042638 -0.01666073 -0.01688333 -0.005848734 -0.01818636 -0.01415346 -0.003167497 -0.01634355 -0.01845724 -0.003633076 -0.01720846 -0.01500987 -0.002096141 -0.01588426 -0.01971848 -0.001278019 -0.01611045 -0.01556568 -0.0008907648 -0.01530951 -0.02064727 0.001179253 -0.01490969 -0.01578872 0.0003785239 -0.01465274 -0.02122894 0.003699981 -0.01362513 -0.01566602 0.001637953 -0.01395213 -0.02145423 0.006244433 -0.01227698 -0.01520458 0.00281438 -0.01324834 -0.02131965 0.008772579 -0.01088649 -0.01443129 0.003839423 -0.01258229 -0.02082733 0.01124436 -0.00947566 -0.01339115 0.004653467 -0.01199273 -0.01214458 0.005209223 -0.0115139 -0.01076398 0.005474415 -0.01117362 -0.008235314 0.01125875 -0.007676211 -0.009329585 0.005433621 -0.01099165 -0.006941746 0.01063069 -0.007832836 -0.005524144 0.00358604 -0.01145239 -0.004102607 0.01024547 -0.00763783 -0.00553698 0.01028627 -0.007819784 -0.007924819 0.005089203 -0.0109786 -0.006631271 0.004461178 -0.01113521 -0.004473072 -0.00239586 -0.01454762 -0.001742823 0.008012744 -0.03373634 -0.00524635 -0.0034209 -0.01521366 -0.002516101 0.006987704 -0.03440238 -0.006286499 -0.004234943 -0.01580323 -0.00355625 0.00617366 -0.03499194 -0.007533067 -0.004790699 -0.01628205 -0.004802818 0.005617904 -0.03547077 -0.00891366 -0.005055891 -0.01662234 -0.006183412 0.005352712 -0.03581105 -0.01034807 -0.005015101 -0.01680431 -0.007617819 0.005393502 -0.03599302 -0.008991472 0.005730276 -0.03600579 -0.01175286 -0.004670695 -0.01681737 -0.009022611 0.005737909 -0.03600608 -0.01304634 -0.004042638 -0.01666073 -0.01031609 0.006365965 -0.03584944 -0.01415346 -0.003167497 -0.01634355 -0.01142321 0.007241107 -0.03553226 -0.01500987 -0.002096141 -0.01588426 -0.01227963 0.008312463 -0.03507298 -0.01556568 -0.0008907648 -0.01530951 -0.01283543 0.009517839 -0.03449822 -0.01578872 0.0003785239 -0.01465274 -0.01305847 0.01078713 -0.03384145 -0.01566602 0.001637953 -0.01395213 -0.01293577 0.01204656 -0.03314084 -0.01520458 0.00281438 -0.01324834 -0.01247433 0.01322298 -0.03243705 -0.01443129 0.003839423 -0.01258229 -0.01170105 0.01424803 -0.031771 -0.01339115 0.004653467 -0.01199273 -0.0106609 0.01506207 -0.03118144 -0.01214458 0.005209223 -0.0115139 -0.009414329 0.01561783 -0.03070262 -0.01076398 0.005474415 -0.01117362 -0.008033736 0.01588302 -0.03036233 -0.009329585 0.005433621 -0.01099165 -0.006599337 0.01584223 -0.03018037 -0.007924819 0.005089203 -0.0109786 -0.005194571 0.01549781 -0.03016731 -0.006631271 0.004461178 -0.01113521 -0.003901022 0.01486978 -0.03032393 -0.005524144 0.00358604 -0.01145239 -0.002793895 0.01399464 -0.0306411 -0.00466777 0.002514665 -0.01191169 -0.001937521 0.01292327 -0.0311004 -0.00411192 0.001309308 -0.01248643 -0.001381672 0.01171791 -0.03167514 -0.003888888 4.001534e-05 -0.0131432 -0.00115864 0.01044862 -0.03233191 -0.004011657 -0.001219445 -0.01384384 -0.001281408 0.009189159 -0.03303256 -0.001291638 0.009163083 -0.03304816 -0.004518506 0.02073499 -0.002007135 -0.001020652 0.03095541 -0.02118871 -0.00311372 0.02039054 -0.001994097 -0.0003834712 0.03079915 -0.02118281 -0.001820172 0.01976252 -0.002150708 0.0009100771 0.03017112 -0.02133942 -0.0007130693 0.01888742 -0.002467868 0.002017179 0.02929602 -0.02165658 0.0001433096 0.01781604 -0.002927173 0.002873558 0.02822464 -0.02211589 0.0006991642 0.01661067 -0.003501914 0.003429413 0.02701927 -0.02269063 0.0009221717 0.01534142 -0.004158669 0.00365242 0.02575002 -0.02334738 0.0007994229 0.01408193 -0.004859325 0.003529672 0.02449053 -0.02404804 0.00332039 0.02395695 -0.02436725 0.0003380079 0.01290551 -0.005563104 0.003068257 0.02331411 -0.02475182 -0.0004352445 0.01188048 -0.006229135 0.002295004 0.02228909 -0.02541785 -0.001475402 0.01106643 -0.0068187 0.001254847 0.02147504 -0.02600741 -0.002077189 0.01075386 -0.007073873 8.244133e-06 0.02091927 -0.02648625 -0.002722005 0.01051066 -0.007297541 -0.004102607 0.01024547 -0.00763783 -0.001372358 0.02065407 -0.02682654 -0.00553698 0.01028627 -0.007819784 -0.002806731 0.02069488 -0.0270085 -0.006941746 0.01063069 -0.007832836 -0.004211497 0.0210393 -0.02702155 -0.008235314 0.01125875 -0.007676211 -0.005505065 0.02166735 -0.02686492 -0.009342416 0.01213385 -0.007359051 -0.006612167 0.02254245 -0.02654776 -0.0101988 0.01320523 -0.006899746 -0.007468546 0.02361383 -0.02608846 -0.01075465 0.01441059 -0.006325005 -0.008024401 0.0248192 -0.02551372 -0.01097766 0.01567985 -0.00566825 -0.008247408 0.02608845 -0.02485696 -0.01085489 0.01693931 -0.004967608 -0.00812464 0.02734791 -0.02415632 -0.01039349 0.01811575 -0.004263814 -0.007663245 0.02852436 -0.02345253 -0.009620241 0.01914078 -0.003597783 -0.006889992 0.02954939 -0.0227865 -0.008580108 0.01995487 -0.003008201 -0.00584986 0.03036347 -0.02219691 -0.007333505 0.02051064 -0.00252936 -0.004603257 0.03091924 -0.02171807 -0.005952879 0.0207758 -0.002189089 -0.00322263 0.0311844 -0.0213778 -0.001788257 0.0311436 -0.02119585 0.01793483 0.007594224 -0.005940377 0.02066508 0.01800283 -0.02512909 0.01716154 0.00656918 -0.006606421 0.01989179 0.01697778 -0.02579513 0.01612139 0.005755136 -0.007195983 0.01885164 0.01616374 -0.0263847 0.01487483 0.005199381 -0.00767481 0.01760508 0.01560798 -0.02686352 0.01349423 0.004934188 -0.008015096 0.01622448 0.01534279 -0.02720381 0.01205983 0.004974982 -0.00819706 0.01479008 0.01538359 -0.02738577 0.01341646 0.01572037 -0.02739853 0.01065507 0.005319401 -0.008210112 0.01338532 0.015728 -0.02739883 0.00936152 0.005947426 -0.008053501 0.01209177 0.01635603 -0.02724221 0.008254393 0.006822564 -0.007736323 0.01098464 0.01723117 -0.02692504 0.007398019 0.007893939 -0.007277022 0.01012827 0.01830254 -0.02646574 0.006842169 0.009099296 -0.006702284 0.009572418 0.0195079 -0.025891 0.006619137 0.01036859 -0.006045511 0.009349386 0.02077719 -0.02523422 0.006741905 0.01162805 -0.00534487 0.009472154 0.02203665 -0.02453358 0.00720332 0.01280446 -0.004641091 0.009933569 0.02321307 -0.0238298 0.007976599 0.0138295 -0.003975049 0.01070685 0.02423811 -0.02316376 0.009016747 0.01464355 -0.003385488 0.011747 0.02505215 -0.0225742 0.01026332 0.0151993 -0.002906661 0.01299356 0.02560791 -0.02209537 0.01164391 0.0154645 -0.002566375 0.01437416 0.0258731 -0.02175509 0.01307832 0.01542371 -0.002384407 0.01580857 0.02583231 -0.02157312 0.01448311 0.0150793 -0.002371346 0.01721336 0.0254879 -0.02156006 0.01577659 0.01445124 -0.002527983 0.01850684 0.02485985 -0.0217167 0.01688371 0.0135761 -0.002845164 0.01961395 0.0239847 -0.02203388 0.01774012 0.01250474 -0.003304449 0.02047037 0.02291335 -0.02249316 0.01829593 0.01129937 -0.003879203 0.02102618 0.02170797 -0.02306792 0.01851897 0.01003008 -0.004535973 0.02124922 0.02043868 -0.02372469 0.01839627 0.00877065 -0.005236588 0.02112652 0.01917925 -0.0244253 0.02111629 0.01915318 -0.0244409 0.008267228 0.0001223307 -0.01136893 0.006832855 0.000163136 -0.01155088 0.009563104 0.01057174 -0.0307396 0.008182502 0.01030654 -0.03107989 0.01099748 0.01053093 -0.03055764 0.01176509 0.01034273 -0.03055051 0.009671995 -0.0002220878 -0.01135588 0.01240224 0.01018652 -0.03054459 0.01096556 -0.000850145 -0.0115125 0.01369581 0.009558459 -0.03070122 0.01207266 -0.001725243 -0.01182966 0.01480291 0.008683361 -0.03101838 0.01292904 -0.002796626 -0.01228897 0.01565929 0.007611978 -0.03147768 0.0134849 -0.004001991 -0.01286371 0.01621515 0.006406613 -0.03205242 0.01370791 -0.005271244 -0.01352046 0.01643815 0.00513736 -0.03270918 0.01358514 -0.006530704 -0.0142211 0.01631539 0.0038779 -0.03340982 0.01610613 0.003344273 -0.03372905 0.01312374 -0.007707151 -0.0149249 0.01585399 0.002701453 -0.03411361 0.01235049 -0.008732179 -0.01559093 0.01508074 0.001676425 -0.03477964 0.01131036 -0.009546266 -0.01618051 0.01404061 0.0008623376 -0.03536923 0.01006375 -0.01010204 -0.01665935 0.012794 0.0003065664 -0.03584807 0.008683128 -0.01036719 -0.01699962 0.01141338 4.141003e-05 -0.03618834 0.007248754 -0.01032639 -0.01718158 0.009979003 8.221528e-05 -0.03637029 0.005843969 -0.009981938 -0.01719462 0.008574217 0.0004266655 -0.03638333 0.00455042 -0.009353913 -0.01703801 0.007280669 0.001054691 -0.03622672 0.003443318 -0.008478815 -0.01672085 0.006173567 0.001929789 -0.03590956 0.002586939 -0.007407432 -0.01626154 0.005317188 0.003001172 -0.03545025 0.002031084 -0.006202067 -0.0156868 0.004761333 0.004206537 -0.03487551 0.001808077 -0.004932814 -0.01503004 0.004538326 0.00547579 -0.03421876 0.001930826 -0.003673322 -0.01432939 0.004661074 0.006735281 -0.0335181 0.002392241 -0.002496907 -0.01362561 0.005122489 0.007911697 -0.03281432 0.003165493 -0.001471879 -0.01295958 0.005895742 0.008936725 -0.03214829 0.00420565 -0.0006578312 -0.01237001 0.006935899 0.009750772 -0.03155873 0.004807437 -0.0003452608 -0.01211484 0.005452253 -0.00010206 -0.01189117 0.006014876 0.01594481 -0.02832992 0.001919503 0.0003319015 0.0004531492 0.005819057 0.01638137 -0.02812097 0.001723684 0.0007684677 0.0006620956 0.005505769 0.01676557 -0.02795715 0.0054915 0.01428024 -0.02930731 0.001685074 -0.001019807 -0.0003134183 0.005808966 0.01462398 -0.02907568 0.001713593 -0.0009889262 -0.0002926098 0.006009649 0.01503511 -0.02882411 0.001914276 -0.0005777908 -4.104213e-05 0.006079886 0.01548562 -0.02856975 0.001984513 -0.0001272824 0.0002133223 0.001978673 -8.603128e-05 0.0002348675 0.004599255 0.01388245 -0.02965003 0.0005038824 -0.001730454 -0.0008669622 0.005078891 0.01402732 -0.02950321 0.000983518 -0.001585589 -0.000720138 0.001396127 -0.001332666 -0.0005242364 0.001410396 0.001152663 0.0008259201 0.001037774 0.00143085 0.0009237998 0.005096368 0.01707121 -0.02784961 0.001000995 0.001458307 0.0009334603 0.004618748 0.01727747 -0.02780569 0.0005233752 0.001664565 0.0009773843 0.004105464 0.0173703 -0.02782836 1.009087e-05 0.001757394 0.0009547053 0.003591491 0.01734336 -0.02791611 -0.0005038824 0.001730454 0.0008669622 0.003111855 0.01719849 -0.02806293 -0.000983518 0.001585589 0.000720138 0.002699246 0.01694557 -0.02825883 -0.001396127 0.001332666 0.0005242364 0.00238178 0.01660183 -0.02849046 -0.001713593 0.0009889262 0.0002926098 0.002181097 0.0161907 -0.02874203 -0.001914276 0.0005777908 4.104213e-05 0.00211086 0.01574019 -0.02899639 -0.001984513 0.0001272824 -0.0002133223 0.00217587 0.015281 -0.02923622 -0.001919503 -0.0003319015 -0.0004531492 0.002371689 0.01484444 -0.02944517 -0.001723684 -0.0007684677 -0.0006620956 0.002684977 0.01446024 -0.02960899 -0.001410396 -0.001152663 -0.0008259201 0.003094378 0.0141546 -0.02971653 -0.001000995 -0.001458307 -0.0009334603 0.003571998 0.01394834 -0.02976045 -0.0005233752 -0.001664565 -0.0009773843 0.004085282 0.01385551 -0.02973778 -1.009087e-05 -0.001757394 -0.0009547053 3.60824e-05 -0.001754975 -0.0009468233</float_array>
          <technique_common>
            <accessor count="1936" source="#verts-array-array" stride="3">
              <param type="float" name="X"/>
              <param type="float" name="Y"/>
              <param type="float" name="Z"/>
            </accessor>
          </technique_common>
        </source>
        <source id="normals-array">
          <float_array count="5808" id="normals-array-array">-0.9605444 -0.2137926 -0.1778964 -0.9792591 -0.1442088 -0.1423215 -0.9719393 -0.2327416 0.03413567 -0.6609077 0.6675832 0.3428319 -0.5989254 0.7080521 0.3740999 -0.6039445 0.5918722 0.5337962 0.9630551 0.08230515 0.256419 0.9753625 0.01160247 0.2203031 0.9192697 -0.08198703 0.3849953 -0.3263962 -0.8424436 -0.4286658 -0.4008705 -0.8127958 -0.4226888 -0.4123131 -0.8796385 -0.2371373 -0.2998951 -0.2924999 0.9080235 -0.3255571 -0.3185219 0.8902563 -0.5106272 -0.1380914 0.8486404 0.1209305 -0.4114927 0.9033546 0.1065189 -0.3781209 0.9196077 0.3369707 -0.2530953 0.9068592 -0.1812776 -0.6693694 0.7204741 -0.141511 -0.6776505 0.7216401 -0.1498435 -0.8420911 0.5181018 -0.1842215 -0.479241 0.858132 -0.181514 -0.4878416 0.853852 -0.3548007 -0.5214404 0.7760261 -0.185365 -0.4704582 0.8627334 -0.3658224 -0.4864232 0.7934522 -0.1849152 -0.4617208 0.8675369 -0.3704805 -0.4506646 0.8121857 -0.1430541 -0.4192661 0.8965219 -0.1511129 -0.4204182 0.8946583 -0.2344674 -0.2542953 0.9382745 -0.08664477 -0.4310131 0.8981761 -0.09498788 -0.425788 0.8998232 -0.002516637 -0.2687947 0.9631942 -0.06273652 -0.4695572 0.8806703 -0.0646669 -0.4608367 0.8851258 -0.06610053 -0.5664644 0.8214309 -0.08900913 -0.5205397 0.8491853 0.01292811 -0.6531357 0.7571305 -0.1291268 -0.5262088 0.8404942 -0.1388941 -0.5241752 0.8402076 -0.1482722 -0.5207952 0.8407067 -0.02364102 -0.668077 0.7437165 -0.1004174 -0.5243976 0.8455315 -0.0668621 -0.4531222 0.8889374 -0.02343842 -0.4254274 0.904689 -0.1743307 -0.4380023 0.8819086 -0.1680282 -0.4316106 0.8862724 -0.1613058 -0.4262357 0.8901143 -0.03551652 -0.9561118 0.2908417 -0.07080029 -0.8471615 0.5265973 -0.1011897 -0.6802373 0.7259737 -0.1192235 -0.5268441 0.8415587 0.2710381 -0.7105718 0.6493274 0.2159918 -0.7575429 0.6160165 0.04510985 -0.6345195 0.7715893 0.4885511 -0.02169075 0.8722656 0.2977978 -0.1899425 0.9355417 0.0858337 -0.3447735 0.9347533 -0.07303249 -0.4431743 0.8934556 -0.02658165 0.01316473 0.99956 0.05006853 -0.008509604 0.9987095 -0.0395312 -0.2524194 0.9668101 -0.7175371 -0.0305553 0.6958498 -0.5504955 -0.1961758 0.8114615 -0.3458936 -0.3481523 0.8712908 -0.1793259 -0.4452798 0.8772503 0.1385969 -0.9885225 0.06011841 0.07550301 -0.9472625 0.3114372 0.007283479 -0.8409359 0.5410857 -0.06135806 -0.6770603 0.7333652 -0.10944 -0.5260643 0.8433737 0.3722453 -0.8286945 0.4179699 0.4505029 -0.7619132 0.4653337 0.5148141 -0.6841042 0.5166894 0.5591366 0.2485046 0.7909562 0.4179159 0.05995209 0.9065054 0.248119 -0.1325188 0.9596227 0.06149903 -0.3156788 0.946871 -0.07926447 -0.4373033 0.8958141 0.1363349 0.236267 0.9620763 0.02735358 0.26708 0.9632861 -0.08461567 0.2822727 0.9555953 -0.884978 0.02619127 0.4648956 -0.7579205 -0.1210522 0.6410171 -0.5788986 -0.2598263 0.772895 -0.3603832 -0.3806222 0.8516165 -0.1828851 -0.4532548 0.872418 -0.7295008 -0.6756686 0.1063035 -0.8073302 -0.5700473 0.1525254 -0.694697 -0.6065296 0.3866756 0.3386918 -0.9278064 -0.156407 0.2697393 -0.9582142 0.09521731 0.182281 -0.9225853 0.3400148 0.08238684 -0.8235797 0.5611853 0.5030399 -0.8429011 0.1909674 0.5991579 -0.760884 0.2491293 0.6781435 -0.6653213 0.3122001 0.737943 -0.5586938 0.3785516 0.5470748 0.5180528 0.6575184 0.4562914 0.3361721 0.823885 0.3341757 0.1313375 0.9333151 0.1892201 -0.08230498 0.9784793 0.03145385 -0.2900632 0.9564905 0.2133079 0.4650339 0.8592108 0.07946355 0.5028839 0.8606935 -0.05805408 0.5215442 0.8512469 -0.1956834 0.5205281 0.8311188 -0.9827534 0.04000221 0.1805423 -0.9132702 -0.09179266 0.3968774 -0.7809565 -0.2171206 0.5856327 -0.5951048 -0.3273943 0.7339368 -0.3686503 -0.4150904 0.8317433 -0.8644138 -0.4942178 -0.09239887 -0.7774771 -0.6121976 -0.144026 -0.6712438 -0.7175109 -0.1860373 -0.4726828 -0.7777289 -0.4143775 -0.5415768 -0.738175 -0.402234 -0.5484612 -0.8074358 -0.2173426 -0.6343978 -0.769948 0.06869892 -0.6313268 -0.6925286 0.3490424 -0.534434 -0.6012844 0.5940012 -0.2224039 -0.5141712 0.8283504 -0.1717295 -0.503616 0.8466876 -0.3149639 -0.585663 0.7468578 -0.2871802 -0.6132076 0.7358696 -0.4353964 -0.7157617 0.5459992 -0.3724478 -0.7618659 0.5299462 -0.4643918 -0.8348414 0.2956012 -0.3651476 -0.887473 0.281174 -0.4025917 -0.9150918 0.02295404 -0.2718956 -0.9621938 0.01599636 -0.2663237 -0.9322525 -0.2449021 -0.1142736 -0.963914 -0.2404401 -0.1649055 -0.5103814 0.8439887 -0.1570183 -0.5161575 0.8419778 -0.2550686 -0.6367268 0.7276806 -0.2194601 -0.6556091 0.7225053 -0.3026455 -0.7988852 0.5197963 -0.2277982 -0.8258578 0.5158168 -0.2587303 -0.9258268 0.2755056 -0.1478969 -0.9489049 0.2787579 -0.1357708 -0.9905386 0.01998834 0.002251073 -0.9993909 0.03482413 0.03989957 -0.9738021 -0.2238696 0.1922023 -0.9616614 -0.1956162 0.2239191 -0.8975705 -0.3797729 0.3006846 -0.8826583 -0.361252 0.5992925 -0.7990009 -0.04945759 0.7066549 -0.7073883 0.01551245 0.7948845 -0.6006404 0.08596332 0.861686 -0.4815304 0.1600804 0.9053284 -0.3531506 0.2359345 -0.08328943 -0.5156158 0.8527621 0.07319336 -0.6105598 0.7885807 0.3162703 -0.6558452 0.6854488 0.5635063 -0.5972849 0.5707113 0.7770159 -0.4437571 0.4464593 0.9246924 -0.2188044 0.3115585 0.9809682 -0.1298057 0.1444019 0.9814549 -0.05898981 0.1823909 -0.07072642 -0.5028735 0.8614616 -0.06643451 -0.4952225 0.8662223 0.113736 -0.551491 0.8263909 0.1251504 -0.5179128 0.8462291 0.372895 -0.5289577 0.762334 0.3828219 -0.4600828 0.8011063 0.6094365 -0.4057718 0.6811288 0.6054768 -0.3060459 0.7346658 0.7894944 -0.2010044 0.5799101 0.7625764 -0.07947578 0.6419975 0.8891998 0.05375933 0.4543497 0.8352608 0.1849257 0.5178242 -0.06363173 -0.4869753 0.8710948 -0.06238711 -0.4783456 0.8759528 0.1302143 -0.4827781 0.8660078 0.1287967 -0.4469954 0.8852155 0.3800406 -0.389938 0.8387595 0.3646229 -0.320341 0.8743179 0.5835611 -0.2070931 0.785219 0.5442478 -0.1114816 0.8314843 0.7142873 0.03794316 0.6988233 0.6458843 0.1482241 0.7489079 0.7588539 0.3081019 0.5737717 0.6619514 0.4201165 0.6207435 0.7094056 0.5305494 0.4639623 0.6522522 0.5833694 0.4839909 0.2756572 0.6619845 0.6969861 0.1261545 0.704262 0.6986416 -0.02746032 0.7251083 0.6880871 -0.1811964 0.723976 0.6656025 -0.3310757 0.7009013 0.6317644 -0.1040794 -0.4217669 0.9007109 -0.07863253 -0.2413623 0.9672441 -0.1053341 0.02384944 0.9941509 -0.1966772 0.2814477 0.9392046 -0.3298621 0.4998723 0.8008238 -0.4732152 0.6564837 0.5874492 -0.4638091 0.7748358 0.429547 -0.5330296 0.7441833 0.40258 -0.1235504 -0.4177124 0.9001398 -0.1334261 -0.4177841 0.8986957 -0.1590149 -0.236205 0.9586039 -0.198213 -0.2422425 0.9497527 -0.260997 0.0114432 0.9652718 -0.3338737 -0.01132639 0.9425498 -0.4095449 0.2322553 0.8822304 -0.5048346 0.185156 0.8431247 -0.5741488 0.4022672 0.7131159 -0.6779247 0.3278413 0.6579804 -0.7198656 0.5087391 0.4722055 -0.8179786 0.4092372 0.404272 -0.1849219 -0.3749052 0.9084327 -0.2697492 -0.2713104 0.9239189 -0.4008922 -0.04445512 0.915046 -0.4603223 -0.08707853 0.8834709 -0.5893305 0.1245563 0.7982326 -0.6608483 0.05202573 0.7487142 -0.7657573 0.2387626 0.5971668 -0.8353758 0.1373376 0.5322459 -0.8957429 0.2959424 0.331757 -0.9511464 0.1717924 0.2565306 -0.9577629 0.2739097 0.08754233 -0.9772154 0.2067817 0.04786813 -0.8681282 -0.4144542 -0.2730956 -0.7782785 -0.5363882 -0.3264509 -0.7256716 -0.5924461 -0.3498689 -0.6684814 -0.6452327 -0.3698748 -0.5244765 -0.850453 0.04066966 -0.5538908 -0.7692931 0.3184228 -0.4898617 -0.661769 0.5675361 -0.3377011 -0.5548087 0.7603586 0.06651136 -0.9101176 -0.408977 -0.01311966 -0.9076698 -0.4194799 -0.09283737 -0.8998969 -0.4261065 -0.2499608 -0.8671818 -0.4307148 0.3753167 -0.8625829 -0.3392463 0.4755714 -0.8731132 -0.107262 0.5167907 -0.8060528 -0.2884547 0.4476001 -0.8367495 -0.3154432 0.152565 -0.7955405 0.5863781 0.2820577 -0.8827184 0.3758347 0.3922763 -0.9092513 0.1392166 0.6446527 -0.7294581 -0.2287219 0.9609568 -0.2686532 0.06623882 0.9415626 -0.3357883 0.02657222 0.915849 -0.4013389 -0.01215108 0.8468061 -0.5244448 -0.08875277 0.7556212 -0.634769 -0.1615704 0.7025174 -0.6840432 -0.1963523 0.7943529 -0.3234828 0.5141618 0.5953245 -0.5036971 0.6260016 0.3505183 -0.5947805 0.7234453 0.09626446 -0.582642 0.8070077 -0.0763931 -0.5097306 0.8569357 0.8095674 0.4147757 0.4154056 0.8519192 0.3525757 0.3872003 0.8885375 0.2874622 0.3575845 0.9442882 0.1518788 0.2919805 0.5906883 0.6317591 0.5019639 0.4171864 0.5993774 0.6831561 0.4564437 0.7158122 0.528462 0.5253654 0.6763 0.5163425 0.1226289 -0.04060892 0.9916214 0.239499 0.1906276 0.9519986 0.340012 0.4089818 0.8468328 0.3101675 0.780524 0.5427508 -0.3169145 0.8207412 0.475341 -0.2401631 0.835703 0.4938848 -0.1620005 0.8445877 0.5103209 -0.00311046 0.845756 0.5335607 0.1556573 0.8242128 0.5444667 0.233759 0.8053052 0.5448305 -0.4571165 0.4601094 0.7611464 -0.3059323 0.2646337 0.9145351 -0.1841549 0.02327197 0.9826217 -0.1188066 -0.2359115 0.9644847 -0.1136831 -0.4190505 0.9008179 -0.9005095 0.402202 0.1652758 -0.8630645 0.4625685 0.2028547 -0.8201325 0.5192982 0.2402334 -0.7187317 0.622134 0.3104416 -0.9904361 0.1376789 0.008994798 -0.9897444 -0.09601567 0.1057683 -0.9976616 -0.00289305 -0.06828616 -0.9972301 0.0679258 -0.03030068 -0.5986873 -0.3971306 0.695601 -0.7860545 -0.3162714 0.5311222 -0.9195304 -0.2135638 0.3299308 -0.5895581 -0.4672287 0.6588768 -0.773074 -0.4159334 0.4789112 -0.9035909 -0.335965 0.2658025 -0.5679544 -0.5358713 0.6247157 -0.7423583 -0.5135273 0.4303416 -0.8658664 -0.4558263 0.2061501 -0.9297993 -0.3666299 -0.03249368 -0.9357061 -0.2825887 -0.2111818 0.3539404 0.3640595 -0.8615027 0.3653574 0.3976443 -0.8416609 0.1841383 0.4574281 -0.8699728 -0.4838012 -0.5609331 -0.6717816 -0.6065845 -0.4710094 -0.6404728 -0.6521938 -0.5831395 -0.4843465 -0.5252897 -0.6760822 -0.5167046 -0.4565017 -0.716041 -0.5281017 -0.3476547 -0.6331362 -0.6915741 -0.3845827 -0.7507016 -0.5371622 -0.3102149 -0.780755 -0.5423914 -0.2016632 -0.6857479 -0.6993438 -0.2336722 -0.8050855 -0.5451923 -0.049613 -0.7174092 -0.6948832 -0.07654979 -0.8378022 -0.5405808 0.003057442 -0.8459839 -0.5331997 0.1045594 -0.7273002 -0.678308 0.08280248 -0.848021 -0.523454 0.2568615 -0.7151596 -0.650053 0.2402072 -0.8354739 -0.4942507 0.3168668 -0.8209665 -0.4749837 0.4033501 -0.6813029 -0.6108479 0.3916065 -0.8004807 -0.4537344 0.4637829 -0.7750555 -0.4291788 0.5402325 -0.6266054 -0.5617068 0.5330814 -0.7439522 -0.4029384 0.6639523 -0.5524954 -0.503901 0.6609393 -0.6673651 -0.3431954 0.7186961 -0.6223593 -0.3100724 0.7713162 -0.4608837 -0.4389277 0.7719105 -0.5726724 -0.2760444 0.8595419 -0.3541426 -0.3684708 0.8630934 -0.462351 -0.203227 0.9263448 -0.2350277 -0.2943593 0.9321373 -0.3392429 -0.1266269 0.9699899 -0.1066394 -0.2185125 0.9577441 -0.274099 -0.08715451 0.9772445 -0.2065589 -0.04823457 0.9893522 0.02769775 -0.1428814 0.997256 -0.0677113 0.02992811 0.997636 0.002697606 0.06866747 0.9839281 0.1645121 -0.06943488 0.991649 0.07369213 0.1058381 0.9792368 0.143995 0.142691 0.9538582 0.3002576 -8.434792e-05 0.9605759 0.2139761 0.1775052 0.8999184 0.4314262 0.06339013 0.9048246 0.3495493 0.2431207 0.8680988 0.4142576 0.2734871 0.8235131 0.5546031 0.1193383 0.8258546 0.4768629 0.3009418 0.7266117 0.6666156 0.1663102 0.7256924 0.5926463 0.3494866 0.6684339 0.6450593 0.3702629 0.6117323 0.7645515 0.2030878 0.6069749 0.6938488 0.3874989 0.5415464 0.7379874 0.4026191 0.4818468 0.8458797 0.2287164 0.4727315 0.7779066 0.4139882 0.3403148 0.908494 0.2425377 0.3264552 0.8426182 0.4282774 0.2499404 0.8669944 0.4311038 0.1908149 0.9507654 0.2442025 0.171945 0.8863086 0.4299907 0.03720073 0.9716078 0.2336544 0.01317827 0.9078504 0.419087 -0.1165383 0.9704792 0.2111611 -0.1457148 0.9066827 0.3958455 -0.2664155 0.947407 0.1773211 -0.2239804 0.8973886 0.3801662 -0.3006253 0.8828354 0.3608685 -0.4085564 0.9029904 0.1330036 -0.4475212 0.8369352 0.3150623 -0.5168468 0.8058774 0.2888444 -0.5392837 0.8383768 0.07935627 -0.5826355 0.7701543 0.2596117 -0.6447255 0.7292751 0.2291002 -0.6552065 0.7552408 0.01776861 -0.7024432 0.6842308 0.1959639 -0.7533185 0.6557399 -0.05016419 -0.803844 0.5813956 0.1257537 -0.8468828 0.5242566 0.08913185 -0.8310837 0.5424461 -0.1226871 -0.8842219 0.4642959 0.05080186 -0.8864869 0.4182965 -0.1979115 -0.9414747 0.3360058 -0.02693522 -0.9610341 0.2684703 -0.06585747 -0.9180942 0.2865048 -0.2738941 -0.9741483 0.1997731 -0.1054786 -0.981049 0.1296137 -0.1440249 -0.9250851 0.1504867 -0.3486709 -0.9813742 0.05919983 -0.1827567 -0.9072808 0.01375949 -0.4203001 -0.9629716 -0.08211568 -0.2567933 -0.9443637 -0.1521034 -0.2916193 -0.8651404 -0.1201283 -0.4869305 -0.9194168 -0.2204929 -0.325662 -0.7997546 -0.247716 -0.5468357 -0.8518403 -0.352357 -0.3875727 -0.7128177 -0.3656957 -0.5984627 -0.7619888 -0.4742922 -0.4409308 -0.709492 -0.5307574 -0.4635922 -0.7410425 0.02005665 -0.6711585 -0.778765 0.1399184 -0.6115128 -0.7947059 0.262323 -0.5473839 -0.7884446 0.3840934 -0.480445 -0.7601516 0.5020777 -0.4124167 -0.7105517 0.6132242 -0.3450686 -0.6409331 0.7146488 -0.2801462 -0.5530993 0.8037262 -0.2193293 -0.4493223 0.8781518 -0.1641917 -0.3322899 0.9359959 -0.1161684 -0.2050352 0.975761 -0.07649241 -0.07085709 0.9964163 -0.04619391 0.06677495 0.9974277 -0.02605842 0.2042914 0.9787691 -0.01661773 0.3381354 0.9409233 -0.01810537 0.4648436 0.8848681 -0.03047794 0.5811196 0.8120624 -0.0534292 0.6839667 0.7243846 -0.08635121 0.7707128 0.6241104 -0.1284053 0.8391187 0.5138302 -0.1784891 0.8874082 0.3964036 -0.2353101 0.9143244 0.2748842 -0.2974047 0.9191819 0.1523991 -0.3631517 0.9018479 0.03213018 -0.4308574 0.8627745 -0.08281179 -0.4987608 0.8029718 -0.1894434 -0.5651084 0.723988 -0.2849999 -0.6281851 0.6278708 -0.3670167 -0.6863505 0.5171071 -0.4333691 -0.7380999 0.3945665 -0.4823353 -0.7820933 0.2634247 -0.5126424 -0.8171935 0.1270795 -0.5235084 -0.8424902 -0.01094261 -0.5146552 -0.8573274 -0.1470707 -0.4863125 -0.861319 -0.2777613 -0.4392073 -0.8543685 -0.3996514 -0.3745687 -0.8366463 -0.5095715 -0.2940663 -0.8086173 -0.6046777 -0.199787 -0.7710058 -0.6825039 -0.09416546 -0.7247906 -0.5659943 0.1587361 -0.8089829 -0.5967076 0.2563262 -0.7604189 -0.6096864 0.3559849 -0.7082071 -0.6045896 0.4551307 -0.6537029 -0.5815564 0.5511936 -0.5983124 -0.5411724 0.6416857 -0.5434813 -0.4844871 0.7242644 -0.4906254 -0.4129722 0.7967925 -0.4411074 -0.3284797 0.8573881 -0.3962155 -0.2331945 0.9044853 -0.3571088 -0.1295856 0.936862 -0.3248034 -0.02033688 0.9536777 -0.3001421 0.09172164 0.9545014 -0.2837502 0.2036854 0.9393099 -0.27606 0.3126628 0.9084962 -0.2772665 0.4158229 0.862858 -0.2873455 0.5104939 0.803578 -0.3060364 0.5942324 0.7321922 -0.33284 0.6648643 0.6505483 -0.3670727 0.7205578 0.5607608 -0.4078527 0.7598695 0.4651578 -0.4541218 0.7817857 0.3662141 -0.5046765 0.7857448 0.2664838 -0.5582039 0.7716321 0.1685629 -0.6133274 0.739816 0.07498175 -0.668618 0.6911257 -0.01183486 -0.7226377 0.6268183 -0.08963804 -0.7739921 0.5485608 -0.1564212 -0.8213485 0.4583782 -0.2104417 -0.8634835 0.3586069 -0.2503064 -0.8993041 0.2518335 -0.2749809 -0.9278822 0.14082 -0.2838297 -0.9484779 0.02844109 -0.2766264 -0.9605566 -0.08238676 -0.2535468 -0.9638083 -0.1887967 -0.2151927 -0.9581482 -0.28804 -0.1625644 -0.9437191 -0.3775323 -0.09701798 -0.9209 -0.4549664 -0.02025714 -0.8902782 -0.5183339 0.06573798 -0.8526479 -0.3522508 0.286334 -0.8910287 -0.3738526 0.3549722 -0.8568716 -0.3829825 0.4250647 -0.820149 -0.3794002 0.4947956 -0.7818137 -0.3631945 0.5623576 -0.7428618 -0.3347938 0.6260034 -0.704296 -0.2949283 0.6840836 -0.6671184 -0.2446285 0.7350928 -0.6322938 -0.1852028 0.7777122 -0.6007192 -0.1181876 0.8108375 -0.5732139 -0.04531868 0.8336052 -0.5504985 0.03151954 0.8454338 -0.5331494 0.1103327 0.8460128 -0.5216215 0.1890801 0.8353282 -0.5162127 0.2657241 0.8136559 -0.5170635 0.3382785 0.7815585 -0.5241507 0.4048655 0.7398656 -0.5372921 0.4637594 0.6896573 -0.5561475 0.5134346 0.6322362 -0.580226 0.5526044 0.5690882 -0.6089064 0.5802537 0.5018493 -0.641446 0.595671 0.432256 -0.6770013 0.5984523 0.3621171 -0.714651 0.5885258 0.2932477 -0.753421 0.5661506 0.2274294 -0.7923063 0.5319054 0.1663706 -0.8302996 0.4866767 0.1116459 -0.8664185 0.4316364 0.06467938 -0.8997259 0.3682105 0.02668215 -0.9293595 0.2980402 -0.00135206 -0.9545524 0.2229432 -0.01870589 -0.9746519 0.1448633 -0.0249329 -0.9891375 0.06582722 -0.01986254 -0.9976333 -0.01212015 -0.003630052 -0.99992 -0.08696378 0.02334069 -0.995938 -0.1567593 0.06035779 -0.9857908 -0.2197033 0.106458 -0.9697408 -0.2741645 0.1604458 -0.9482041 -0.3187347 0.2209264 -0.9217373 -0.1146851 0.3941158 -0.9118772 -0.1257098 0.4291396 -0.8944474 -0.1303687 0.4649052 -0.8757095 -0.1285377 0.5004858 -0.8561495 -0.1202693 0.5349611 -0.8362726 -0.1057773 0.5674373 -0.8165942 -0.08543607 0.5970731 -0.7976242 -0.05976935 0.6230999 -0.7798552 -0.02944588 0.6448477 -0.7637437 0.004748566 0.6617499 -0.7497096 0.04193116 0.6733675 -0.7381179 0.08113847 0.6794058 -0.7292629 0.121353 0.6796992 -0.7233827 0.1615355 0.6742474 -0.7206224 0.2006441 0.6631885 -0.7210569 0.2376657 0.6468104 -0.7246733 0.271643 0.6255368 -0.731378 0.3016933 0.5999169 -0.7409999 0.3270413 0.5706171 -0.7532862 0.3470278 0.5383952 -0.7679208 0.3611369 0.504085 -0.7845244 0.3690043 0.4685745 -0.8026667 0.3704219 0.432786 -0.8218783 0.3364663 0.3329028 -0.8808894 0.313389 0.3049784 -0.8993195 0.2853019 0.281016 -0.9163148 0.2529385 0.261627 -0.9314362 0.2171336 0.2473223 -0.9442906 0.1788136 0.238466 -0.9545468 0.1389732 0.2352881 -0.9619386 0.09864501 0.2378763 -0.9662733 0.05887084 0.2461588 -0.9674399 0.02068105 0.2599212 -0.9654083 -0.01493505 0.2788074 -0.9602309 -0.04705203 0.3023312 -0.9520409 -0.07484136 0.3298806 -0.9410513 -0.09758308 0.3607413 -0.9275469 0.1813337 0.4491746 -0.8748487 0.2401386 0.4121895 -0.8788819 0.1770385 0.4415183 -0.879613 0.1713677 0.4346559 -0.8841422 0.164466 0.4287664 -0.8883188 0.1565124 0.4240029 -0.8920344 0.1477137 0.4204865 -0.8951937 0.1382967 0.4183106 -0.8977139 0.1285062 0.4175302 -0.8995303 0.1185957 0.4181659 -0.9005956 0.134148 0.5830634 -0.8012749 0.134051 0.5254019 -0.840228 0.1436611 0.5226836 -0.8403352 0.1527595 0.5186593 -0.8412235 0.1611083 0.5134308 -0.8428718 0.1684944 0.5071357 -0.8452355 0.1747226 0.4999351 -0.8482552 0.1796344 0.4920167 -0.8518516 0.1831023 0.4835851 -0.8559316 0.185034 0.4748589 -0.8603903 0.1853838 0.4660636 -0.8651113 0.2519388 0.4469031 -0.8583731 0.1088212 0.4202009 -0.9008824 0.1029038 0.4187326 -0.9022604 0.09943669 0.4235834 -0.9003829 0.09068389 0.4282243 -0.8991109 0.0827909 0.4340048 -0.8970984 0.0759622 0.4407751 -0.8943976 0.0703742 0.4483593 -0.8910788 0.06617032 0.4565609 -0.8872281 0.06346096 0.4651678 -0.8829449 0.06231677 0.4739569 -0.8783402 0.06276684 0.4827006 -0.8735333 0.0647984 0.4911729 -0.8686486 0.06836018 0.4991536 -0.8638128 0.07335888 0.5064363 -0.8591512 0.07966599 0.5128327 -0.8547841 0.08711774 0.5181772 -0.8508248 0.09552113 0.5223302 -0.8473765 0.1046585 0.5251862 -0.8445271 0.1142933 0.526669 -0.8423519 0.124176 0.526741 -0.8409068 -0.8618421 -0.3842338 -0.3310478 -0.8618421 -0.3842338 -0.3310478 -0.705207 -0.5763241 -0.4129573 -0.705207 -0.5763241 -0.4129573 -0.5005349 -0.7291321 -0.4667239 -0.5005349 -0.7291321 -0.4667239 -0.2616404 -0.8322993 -0.4886944 -0.2616404 -0.8322993 -0.4886944 -0.005025017 -0.8786985 -0.4773506 -0.005025017 -0.8786985 -0.4773506 0.2518992 -0.8652352 -0.4334914 0.2518992 -0.8652352 -0.4334914 0.491759 -0.7927947 -0.360069 0.491759 -0.7927947 -0.360069 0.698095 -0.6663084 -0.2621003 0.698095 -0.6663084 -0.2621003 0.8567866 -0.4944783 -0.1463145 0.8567866 -0.4944783 -0.1463145 0.9571274 -0.2889377 -0.02054553 0.9571274 -0.2889377 -0.02054553 0.9922568 -0.06360278 0.1066821 0.9922568 -0.06360278 0.1066821 0.9597492 0.165961 0.2265799 0.9597492 0.165961 0.2265799 0.8618421 0.3842338 0.3310478 0.8618421 0.3842338 0.3310478 0.705207 0.5763241 0.4129573 0.705207 0.5763241 0.4129573 0.5005349 0.7291321 0.4667239 0.5005349 0.7291321 0.4667239 0.2616404 0.8322993 0.4886944 0.2616404 0.8322993 0.4886944 0.005025017 0.8786985 0.4773506 0.005025017 0.8786985 0.4773506 -0.2518992 0.8652352 0.4334914 -0.2518992 0.8652352 0.4334914 -0.491759 0.7927947 0.360069 -0.491759 0.7927947 0.360069 -0.698095 0.6663084 0.2621003 -0.698095 0.6663084 0.2621003 -0.8567866 0.4944783 0.1463145 -0.8567866 0.4944783 0.1463145 -0.9571274 0.2889377 0.02054553 -0.9571274 0.2889377 0.02054553 -0.9922568 0.06360278 -0.1066821 -0.9922568 0.06360278 -0.1066821 -0.9597492 -0.165961 -0.2265799 -0.9597492 -0.165961 -0.2265799 -0.8618421 -0.3842338 -0.3310478 -0.8618421 -0.3842338 -0.3310478 -0.7051681 -0.5763611 -0.4129719 -0.7051681 -0.5763611 -0.4129719 -0.5005151 -0.7291435 -0.4667273 -0.5005151 -0.7291435 -0.4667273 -0.2617361 -0.8322704 -0.4886923 -0.2617361 -0.8322704 -0.4886923 -0.005002006 -0.8787 -0.4773482 -0.005002006 -0.8787 -0.4773482 0.2519527 -0.865226 -0.4334788 0.2519527 -0.865226 -0.4334788 0.491759 -0.7927947 -0.360069 0.491759 -0.7927947 -0.360069 0.6980557 -0.6663405 -0.2621233 0.6980557 -0.6663405 -0.2621233 0.856775 -0.4944952 -0.1463254 0.856775 -0.4944952 -0.1463254 0.9571536 -0.2888546 -0.0204967 0.9571536 -0.2888546 -0.0204967 0.9922567 -0.06362316 0.106671 0.9922567 -0.06362316 0.106671 0.9597632 0.1659129 0.2265558 0.9597632 0.1659129 0.2265558 0.8618421 0.3842338 0.3310478 0.8618421 0.3842338 0.3310478 0.7051681 0.5763611 0.4129719 0.7051681 0.5763611 0.4129719 0.5005151 0.7291435 0.4667273 0.5005151 0.7291435 0.4667273 0.2617361 0.8322704 0.4886923 0.2617361 0.8322704 0.4886923 0.005002006 0.8787 0.4773482 0.005002006 0.8787 0.4773482 -0.2519527 0.865226 0.4334788 -0.2519527 0.865226 0.4334788 -0.491759 0.7927947 0.360069 -0.491759 0.7927947 0.360069 -0.6980557 0.6663405 0.2621233 -0.6980557 0.6663405 0.2621233 -0.856775 0.4944952 0.1463254 -0.856775 0.4944952 0.1463254 -0.9571536 0.2888546 0.0204967 -0.9571536 0.2888546 0.0204967 -0.9922567 0.06362316 -0.106671 -0.9922567 0.06362316 -0.106671 -0.9597632 -0.1659129 -0.2265558 -0.9597632 -0.1659129 -0.2265558 -0.8618421 -0.3842338 -0.3310478 -0.8618421 -0.3842338 -0.3310478 -0.705207 -0.5763241 -0.4129573 -0.705207 -0.5763241 -0.4129573 -0.5005349 -0.7291321 -0.4667239 -0.5005349 -0.7291321 -0.4667239 -0.2616404 -0.8322993 -0.4886944 -0.2616404 -0.8322993 -0.4886944 -0.005025017 -0.8786985 -0.4773506 -0.005025017 -0.8786985 -0.4773506 0.2518992 -0.8652352 -0.4334914 0.2518992 -0.8652352 -0.4334914 0.491759 -0.7927947 -0.360069 0.491759 -0.7927947 -0.360069 0.698095 -0.6663084 -0.2621003 0.698095 -0.6663084 -0.2621003 0.8567866 -0.4944783 -0.1463145 0.8567866 -0.4944783 -0.1463145 0.9571274 -0.2889377 -0.02054553 0.9571274 -0.2889377 -0.02054553 0.9922568 -0.06360278 0.1066821 0.9922568 -0.06360278 0.1066821 0.9597492 0.165961 0.2265799 0.9597492 0.165961 0.2265799 0.8618421 0.3842338 0.3310478 0.8618421 0.3842338 0.3310478 0.705207 0.5763241 0.4129573 0.705207 0.5763241 0.4129573 0.5005349 0.7291321 0.4667239 0.5005349 0.7291321 0.4667239 0.2616404 0.8322993 0.4886944 0.2616404 0.8322993 0.4886944 0.005025017 0.8786985 0.4773506 0.005025017 0.8786985 0.4773506 -0.2518992 0.8652352 0.4334914 -0.2518992 0.8652352 0.4334914 -0.491759 0.7927947 0.360069 -0.491759 0.7927947 0.360069 -0.698095 0.6663084 0.2621003 -0.698095 0.6663084 0.2621003 -0.8567866 0.4944783 0.1463145 -0.8567866 0.4944783 0.1463145 -0.9571274 0.2889377 0.02054553 -0.9571274 0.2889377 0.02054553 -0.9922568 0.06360278 -0.1066821 -0.9922568 0.06360278 -0.1066821 -0.9597492 -0.165961 -0.2265799 -0.9597492 -0.165961 -0.2265799 -0.8618421 -0.3842338 -0.3310478 -0.8618421 -0.3842338 -0.3310478 -0.7051681 -0.5763611 -0.4129719 -0.7051681 -0.5763611 -0.4129719 -0.5005151 -0.7291435 -0.4667273 -0.5005151 -0.7291435 -0.4667273 -0.2617361 -0.8322704 -0.4886923 -0.2617361 -0.8322704 -0.4886923 -0.005002006 -0.8787 -0.4773482 -0.005002006 -0.8787 -0.4773482 0.2519527 -0.865226 -0.4334788 0.2519527 -0.865226 -0.4334788 0.491759 -0.7927947 -0.360069 0.491759 -0.7927947 -0.360069 0.6980557 -0.6663405 -0.2621233 0.6980557 -0.6663405 -0.2621233 0.856775 -0.4944952 -0.1463254 0.856775 -0.4944952 -0.1463254 0.9571536 -0.2888546 -0.0204967 0.9571536 -0.2888546 -0.0204967 0.9922567 -0.06362316 0.106671 0.9922567 -0.06362316 0.106671 0.9597632 0.1659129 0.2265558 0.9597632 0.1659129 0.2265558 0.8618421 0.3842338 0.3310478 0.8618421 0.3842338 0.3310478 0.7051681 0.5763611 0.4129719 0.7051681 0.5763611 0.4129719 0.5005151 0.7291435 0.4667273 0.5005151 0.7291435 0.4667273 0.2617361 0.8322704 0.4886923 0.2617361 0.8322704 0.4886923 0.005002006 0.8787 0.4773482 0.005002006 0.8787 0.4773482 -0.2519527 0.865226 0.4334788 -0.2519527 0.865226 0.4334788 -0.491759 0.7927947 0.360069 -0.491759 0.7927947 0.360069 -0.6980557 0.6663405 0.2621233 -0.6980557 0.6663405 0.2621233 -0.856775 0.4944952 0.1463254 -0.856775 0.4944952 0.1463254 -0.9571536 0.2888546 0.0204967 -0.9571536 0.2888546 0.0204967 -0.9922567 0.06362316 -0.106671 -0.9922567 0.06362316 -0.106671 -0.9597632 -0.1659129 -0.2265558 -0.9597632 -0.1659129 -0.2265558 0.6282792 -0.7178284 -0.2999794 0.6781628 -0.6821195 -0.2735107 0.5755217 -0.7503731 -0.3251384 0.5755427 -0.7503611 -0.3251289 0.5202363 -0.7795356 -0.3488244 0.4626786 -0.8051945 -0.3709316 0.4626807 -0.8051932 -0.3709318 0.341573 -0.845657 -0.4101124 0.341573 -0.845657 -0.4101124 0.2143359 -0.8710395 -0.4419845 0.2143359 -0.8710395 -0.4419845 0.08327045 -0.8808745 -0.4659679 0.08327045 -0.8808745 -0.4659679 -0.04924104 -0.8749901 -0.4816303 -0.04924104 -0.8749901 -0.4816303 -0.1808907 -0.8534927 -0.488701 -0.1808907 -0.8534927 -0.488701 -0.3093304 -0.8167596 -0.4870507 -0.3093304 -0.8167596 -0.4870507 -0.4322211 -0.765462 -0.4767105 -0.4322211 -0.765462 -0.4767105 -0.547412 -0.7005008 -0.4578632 -0.547412 -0.7005008 -0.4578632 -0.6528527 -0.6230264 -0.4308382 -0.6528485 -0.6230285 -0.4308416 -0.7013523 -0.5799853 -0.4143935 -0.7466297 -0.5344404 -0.3961281 -0.7466688 -0.5343966 -0.3961136 -0.7886064 -0.4864757 -0.3760868 -0.8177878 -0.4490671 -0.359947 -0.8177859 -0.4490694 -0.3599483 -0.8618421 -0.3842338 -0.3310478 -0.8618421 -0.3842338 -0.3310478 -0.8998812 -0.3167191 -0.2998379 0.6781804 -0.6821054 -0.2735026 0.7686553 -0.6017213 -0.2170264 0.7686553 -0.6017213 -0.2170264 0.8454326 -0.5105869 -0.1566679 0.8454326 -0.5105869 -0.1566679 0.9071289 -0.4103332 -0.09350853 0.9071289 -0.4103332 -0.09350853 0.9526333 -0.3027655 -0.02868562 0.9526333 -0.3027655 -0.02868562 0.9811415 -0.1897836 0.03665583 0.9811415 -0.1897836 0.03665583 0.9921389 -0.07342448 0.1013377 0.9921389 -0.07342448 0.1013377 0.9854335 0.04423648 0.1642069 0.9854335 0.04423648 0.1642069 0.9611353 0.1611476 0.2241662 0.961138 0.1611399 0.2241599 0.942515 0.2186455 0.2527046 0.9197135 0.2751014 0.2800826 0.9197019 0.2751315 0.2800913 0.8927808 0.330392 0.3062411 0.8618404 0.3842408 0.331044 0.8618307 0.3842522 0.3310561 0.788609 0.4864726 0.3760856 0.788609 0.4864726 0.3760856 0.7013065 0.5800279 0.4144114 0.7013065 0.5800279 0.4144114 0.6014685 0.6632499 0.4453484 0.6014685 0.6632499 0.4453484 0.4909231 0.7346159 0.468331 0.4909231 0.7346159 0.468331 0.3716102 0.7928789 0.4829584 0.3716102 0.7928789 0.4829584 0.2456553 0.8369968 0.4889681 0.2456553 0.8369968 0.4889681 0.1153297 0.8661745 0.4862518 0.1153297 0.8661745 0.4862518 -0.01706441 0.8798971 0.4748578 -0.01706441 0.8798971 0.4748578 -0.1491431 0.8779175 0.4549913 -0.1491431 0.8779175 0.4549913 -0.2785374 0.8602776 0.4270121 -0.2785603 0.8602722 0.427008 -0.3415343 0.845667 0.410124 -0.4030611 0.8272598 0.391386 -0.4030375 0.8272677 0.3913937 -0.4627342 0.8051712 0.3709128 -0.5202899 0.7795089 0.3488041 -0.5202878 0.7795103 0.348804 -0.6282472 0.7178494 0.2999961 -0.6282472 0.7178494 0.2999961 -0.7250241 0.6433601 0.2458207 -0.7250241 0.6433601 0.2458207 -0.8088613 0.5573854 0.1872565 -0.8088613 0.5573854 0.1872565 -0.8782414 0.4614919 0.1253689 -0.8782414 0.4614919 0.1253689 -0.9319601 0.357352 0.06123664 -0.9319601 0.357352 0.06123664 -0.9690532 0.2468197 -0.00399755 -0.9690532 0.2468197 -0.00399755 -0.9888473 0.131909 -0.06914534 -0.9888473 0.131909 -0.06914534 -0.9909992 0.01463309 -0.1330659 -0.9909992 0.01463309 -0.1330659 -0.9754629 -0.1029263 -0.1946235 -0.9754629 -0.1029263 -0.1946235 -0.9425205 -0.2186296 -0.2526977 -0.9425205 -0.2186296 -0.2526977 -0.8998812 -0.3167191 -0.2998379 -0.1241022 -0.4731183 0.8722142 -0.1241022 -0.4731183 0.8722142 -0.1241022 -0.4731183 0.8722142 -0.1241022 -0.4731183 0.8722142 -0.1241022 -0.4731183 0.8722142 -0.1241022 -0.4731183 0.8722142 -0.1241022 -0.4731183 0.8722142 -0.1241022 -0.4731183 0.8722142 -0.1241022 -0.4731183 0.8722142 -0.1241022 -0.4731183 0.8722142 -0.1241022 -0.4731183 0.8722142 -0.1241022 -0.4731183 0.8722142 -0.1241022 -0.4731183 0.8722142 -0.1241022 -0.4731183 0.8722142 -0.1241022 -0.4731183 0.8722142 -0.1241022 -0.4731183 0.8722142 -0.1241022 -0.4731183 0.8722142 -0.1241022 -0.4731183 0.8722142 -0.1241022 -0.4731183 0.8722142 -0.1241022 -0.4731183 0.8722142 -0.1241022 -0.4731183 0.8722142 -0.1241022 -0.4731183 0.8722142 -0.1241022 -0.4731183 0.8722142 -0.1241022 -0.4731183 0.8722142 -0.1241022 -0.4731183 0.8722142 -0.1241022 -0.4731183 0.8722142 -0.1241022 -0.4731183 0.8722142 -0.1241022 -0.4731183 0.8722142 -0.1241022 -0.4731183 0.8722142 -0.1241022 -0.4731183 0.8722142 -0.1241022 -0.4731183 0.8722142 -0.1241022 -0.4731183 0.8722142 -0.1241022 -0.4731183 0.8722142 -0.1241022 -0.4731183 0.8722142 -0.1241022 -0.4731183 0.8722142 -0.1241022 -0.4731183 0.8722142 -0.1241022 -0.4731183 0.8722142 -0.1241022 -0.4731183 0.8722142 -0.1241022 -0.4731183 0.8722142 -0.1241022 -0.4731183 0.8722142 -0.1241022 -0.4731183 0.8722142 -0.1241022 -0.4731183 0.8722142 -0.1241022 -0.4731183 0.8722142 -0.1241022 -0.4731183 0.8722142 -0.1241022 -0.4731183 0.8722142 -0.1241022 -0.4731183 0.8722142 -0.1241022 -0.4731183 0.8722142 -0.1241022 -0.4731183 0.8722142 -0.1241022 -0.4731183 0.8722142 -0.1241022 -0.4731183 0.8722142 -0.1241022 -0.4731183 0.8722142 -0.1241022 -0.4731183 0.8722142 -0.1241022 -0.4731183 0.8722142 -0.1241022 -0.4731183 0.8722142 -0.1241022 -0.4731183 0.8722142 -0.1241022 -0.4731183 0.8722142 -0.1241022 -0.4731183 0.8722142 -0.1241022 -0.4731183 0.8722142 -0.1241022 -0.4731183 0.8722142 -0.1241022 -0.4731183 0.8722142 -0.1241022 -0.4731183 0.8722142 -0.1241022 -0.4731183 0.8722142 -0.1241022 -0.4731183 0.8722142 -0.1241022 -0.4731183 0.8722142 -0.1241022 -0.4731183 0.8722142 -0.1241022 -0.4731183 0.8722142 -0.1241022 -0.4731183 0.8722142 -0.1241022 -0.4731183 0.8722142 -0.1241022 -0.4731183 0.8722142 -0.1241022 -0.4731183 0.8722142 -0.1241022 -0.4731183 0.8722142 -0.1241022 -0.4731183 0.8722142 -0.1241022 -0.4731183 0.8722142 -0.1241022 -0.4731183 0.8722142 -0.1241022 -0.4731183 0.8722142 -0.1241022 -0.4731183 0.8722142 -0.1241022 -0.4731183 0.8722142 -0.1241022 -0.4731183 0.8722142 -0.1241022 -0.4731183 0.8722142 -0.1241022 -0.4731183 0.8722142 -0.1241022 -0.4731183 0.8722142 -0.1241022 -0.4731183 0.8722142 -0.1241022 -0.4731183 0.8722142 -0.1241022 -0.4731183 0.8722142 -0.1241022 -0.4731183 0.8722142 -0.1241022 -0.4731183 0.8722142 -0.1241022 -0.4731183 0.8722142 -0.1241022 -0.4731183 0.8722142 -0.1241022 -0.4731183 0.8722142 -0.1241022 -0.4731183 0.8722142 -0.1241022 -0.4731183 0.8722142 -0.1241022 -0.4731183 0.8722142 -0.1241022 -0.4731183 0.8722142 -0.1241022 -0.4731183 0.8722142 -0.1241022 -0.4731183 0.8722142 -0.1241022 -0.4731183 0.8722142 -0.1241022 -0.4731183 0.8722142 -0.1241022 -0.4731183 0.8722142 -0.1241022 -0.4731183 0.8722142 -0.1241022 -0.4731183 0.8722142 -0.1241022 -0.4731183 0.8722142 -0.1241022 -0.4731183 0.8722142 -0.1241022 -0.4731183 0.8722142 -0.1241022 -0.4731183 0.8722142 -0.1241022 -0.4731183 0.8722142 -0.1241022 -0.4731183 0.8722142 -0.1241022 -0.4731183 0.8722142 -0.1241022 -0.4731183 0.8722142 -0.1241022 -0.4731183 0.8722142 -0.1241022 -0.4731183 0.8722142 -0.1241022 -0.4731183 0.8722142 -0.1241022 -0.4731183 0.8722142 -0.1241022 -0.4731183 0.8722142 -0.1241022 -0.4731183 0.8722142 -0.1241022 -0.4731183 0.8722142 -0.1241022 -0.4731183 0.8722142 -0.1241022 -0.4731183 0.8722142 -0.1241022 -0.4731183 0.8722142 -0.1241022 -0.4731183 0.8722142 -0.1241022 -0.4731183 0.8722142 -0.1241022 -0.4731183 0.8722142 -0.1241022 -0.4731183 0.8722142 -0.1241022 -0.4731183 0.8722142 -0.1241022 -0.4731183 0.8722142 -0.1241022 -0.4731183 0.8722142 -0.1241022 -0.4731183 0.8722142 -0.1241022 -0.4731183 0.8722142 -0.1241022 -0.4731183 0.8722142 -0.1241022 -0.4731183 0.8722142 -0.1241022 -0.4731183 0.8722142 -0.1241022 -0.4731183 0.8722142 -0.1241022 -0.4731183 0.8722142 -0.1241022 -0.4731183 0.8722142 -0.1241022 -0.4731183 0.8722142 -0.1241022 -0.4731183 0.8722142 -0.1241022 -0.4731183 0.8722142 -0.1241022 -0.4731183 0.8722142 -0.1241022 -0.4731183 0.8722142 -0.1241022 -0.4731183 0.8722142 -0.1241022 -0.4731183 0.8722142 -0.1241022 -0.4731183 0.8722142 -0.1241022 -0.4731183 0.8722142 -0.1241022 -0.4731183 0.8722142 -0.1241022 -0.4731183 0.8722142 -0.1241022 -0.4731183 0.8722142 -0.1241022 -0.4731183 0.8722142 -0.1241022 -0.4731183 0.8722142 -0.1241022 -0.4731183 0.8722142 -0.1241022 -0.4731183 0.8722142 -0.1241022 -0.4731183 0.8722142 -0.1241022 -0.4731183 0.8722142 -0.1241022 -0.4731183 0.8722142 -0.1241022 -0.4731183 0.8722142 -0.1241022 -0.4731183 0.8722142 -0.1241022 -0.4731183 0.8722142 -0.1241022 -0.4731183 0.8722142 -0.1241022 -0.4731183 0.8722142 -0.1241022 -0.4731183 0.8722142 -0.1241022 -0.4731183 0.8722142 -0.1241022 -0.4731183 0.8722142 -0.1241022 -0.4731183 0.8722142 -0.1241022 -0.4731183 0.8722142 -0.1241022 -0.4731183 0.8722142 -0.1241022 -0.4731183 0.8722142 -0.1241022 -0.4731183 0.8722142 -0.1241022 -0.4731183 0.8722142 -0.1241022 -0.4731183 0.8722142 -0.1241022 -0.4731183 0.8722142 -0.1241022 -0.4731183 0.8722142 -0.1241022 -0.4731183 0.8722142 -0.1241022 -0.4731183 0.8722142 -0.1241022 -0.4731183 0.8722142 -0.1241022 -0.4731183 0.8722142 -0.1241022 -0.4731183 0.8722142 -0.1241022 -0.4731183 0.8722142 -0.1241022 -0.4731183 0.8722142 -0.1241022 -0.4731183 0.8722142 0.1241022 0.4731183 -0.8722142 0.1241022 0.4731183 -0.8722142 0.1241022 0.4731183 -0.8722142 0.1241022 0.4731183 -0.8722142 0.1241022 0.4731183 -0.8722142 0.1241022 0.4731183 -0.8722142 0.1241022 0.4731183 -0.8722142 0.1241022 0.4731183 -0.8722142 0.1241022 0.4731183 -0.8722142 0.1241022 0.4731183 -0.8722142 0.1241022 0.4731183 -0.8722142 0.1241022 0.4731183 -0.8722142 0.1241022 0.4731183 -0.8722142 0.1241022 0.4731183 -0.8722142 0.1241022 0.4731183 -0.8722142 0.1241022 0.4731183 -0.8722142 0.1241022 0.4731183 -0.8722142 0.1241022 0.4731183 -0.8722142 0.1241022 0.4731183 -0.8722142 0.1241022 0.4731183 -0.8722142 0.1241022 0.4731183 -0.8722142 0.1241022 0.4731183 -0.8722142 0.1241022 0.4731183 -0.8722142 0.1241022 0.4731183 -0.8722142 0.1241022 0.4731183 -0.8722142 0.1241022 0.4731183 -0.8722142 0.1241022 0.4731183 -0.8722142 0.1241022 0.4731183 -0.8722142 0.1241022 0.4731183 -0.8722142 0.1241022 0.4731183 -0.8722142 0.1241022 0.4731183 -0.8722142 0.1241022 0.4731183 -0.8722142 0.1241022 0.4731183 -0.8722142 0.1241022 0.4731183 -0.8722142 0.1241022 0.4731183 -0.8722142 0.1241022 0.4731183 -0.8722142 0.1241022 0.4731183 -0.8722142 0.1241022 0.4731183 -0.8722142 0.1241022 0.4731183 -0.8722142 0.1241022 0.4731183 -0.8722142 0.1241022 0.4731183 -0.8722142 0.1241022 0.4731183 -0.8722142 0.1241022 0.4731183 -0.8722142 0.1241022 0.4731183 -0.8722142 0.1241022 0.4731183 -0.8722142 0.1241022 0.4731183 -0.8722142 0.1241022 0.4731183 -0.8722142 0.1241022 0.4731183 -0.8722142 0.1241022 0.4731183 -0.8722142 0.1241022 0.4731183 -0.8722142 0.1241022 0.4731183 -0.8722142 0.1241022 0.4731183 -0.8722142 0.1241022 0.4731183 -0.8722142 0.1241022 0.4731183 -0.8722142 0.1241022 0.4731183 -0.8722142 0.1241022 0.4731183 -0.8722142 0.1241022 0.4731183 -0.8722142 0.1241022 0.4731183 -0.8722142 0.1241022 0.4731183 -0.8722142 0.1241022 0.4731183 -0.8722142 0.1241022 0.4731183 -0.8722142 0.1241022 0.4731183 -0.8722142 0.1241022 0.4731183 -0.8722142 0.1241022 0.4731183 -0.8722142 0.1241022 0.4731183 -0.8722142 0.1241022 0.4731183 -0.8722142 0.1241022 0.4731183 -0.8722142 0.1241022 0.4731183 -0.8722142 0.1241022 0.4731183 -0.8722142 0.1241022 0.4731183 -0.8722142 0.1241022 0.4731183 -0.8722142 0.1241022 0.4731183 -0.8722142 0.1241022 0.4731183 -0.8722142 0.1241022 0.4731183 -0.8722142 0.1241022 0.4731183 -0.8722142 0.1241022 0.4731183 -0.8722142 0.1241022 0.4731183 -0.8722142 0.1241022 0.4731183 -0.8722142 0.1241022 0.4731183 -0.8722142 0.1241022 0.4731183 -0.8722142 0.1241022 0.4731183 -0.8722142 0.1241022 0.4731183 -0.8722142 0.1241022 0.4731183 -0.8722142 0.1241022 0.4731183 -0.8722142 0.1241022 0.4731183 -0.8722142 0.1241022 0.4731183 -0.8722142 0.1241022 0.4731183 -0.8722142 0.1241022 0.4731183 -0.8722142 0.1241022 0.4731183 -0.8722142 0.1241022 0.4731183 -0.8722142 0.1241022 0.4731183 -0.8722142 0.1241022 0.4731183 -0.8722142 0.1241022 0.4731183 -0.8722142 0.1241022 0.4731183 -0.8722142 0.1241022 0.4731183 -0.8722142 0.1241022 0.4731183 -0.8722142 0.1241022 0.4731183 -0.8722142 0.1241022 0.4731183 -0.8722142 0.1241022 0.4731183 -0.8722142 0.1241022 0.4731183 -0.8722142 0.1241022 0.4731183 -0.8722142 0.1241022 0.4731183 -0.8722142 0.1241022 0.4731183 -0.8722142 0.1241022 0.4731183 -0.8722142 0.1241022 0.4731183 -0.8722142 0.1241022 0.4731183 -0.8722142 0.1241022 0.4731183 -0.8722142 0.1241022 0.4731183 -0.8722142 0.1241022 0.4731183 -0.8722142 0.1241022 0.4731183 -0.8722142 0.1241022 0.4731183 -0.8722142 0.1241022 0.4731183 -0.8722142 0.1241022 0.4731183 -0.8722142 0.1241022 0.4731183 -0.8722142 0.1241022 0.4731183 -0.8722142 0.1241022 0.4731183 -0.8722142 0.1241022 0.4731183 -0.8722142 0.1241022 0.4731183 -0.8722142 0.1241022 0.4731183 -0.8722142 0.1241022 0.4731183 -0.8722142 0.1241022 0.4731183 -0.8722142 0.1241022 0.4731183 -0.8722142 0.1241022 0.4731183 -0.8722142 0.1241022 0.4731183 -0.8722142 0.1241022 0.4731183 -0.8722142 0.1241022 0.4731183 -0.8722142 0.1241022 0.4731183 -0.8722142 0.1241022 0.4731183 -0.8722142 0.1241022 0.4731183 -0.8722142 0.1241022 0.4731183 -0.8722142 0.1241022 0.4731183 -0.8722142 0.1241022 0.4731183 -0.8722142 0.1241022 0.4731183 -0.8722142 0.1241022 0.4731183 -0.8722142 0.1241022 0.4731183 -0.8722142 0.1241022 0.4731183 -0.8722142 0.1241022 0.4731183 -0.8722142 0.1241022 0.4731183 -0.8722142 0.1241022 0.4731183 -0.8722142 0.1241022 0.4731183 -0.8722142 0.1241022 0.4731183 -0.8722142 0.1241022 0.4731183 -0.8722142 0.1241022 0.4731183 -0.8722142 0.1241022 0.4731183 -0.8722142 0.1241022 0.4731183 -0.8722142 0.1241022 0.4731183 -0.8722142 0.1241022 0.4731183 -0.8722142 0.1241022 0.4731183 -0.8722142 0.1241022 0.4731183 -0.8722142 0.1241022 0.4731183 -0.8722142 0.1241022 0.4731183 -0.8722142 0.1241022 0.4731183 -0.8722142 0.1241022 0.4731183 -0.8722142 0.1241022 0.4731183 -0.8722142 0.1241022 0.4731183 -0.8722142 0.1241022 0.4731183 -0.8722142 0.1241022 0.4731183 -0.8722142 0.1241022 0.4731183 -0.8722142 0.1241022 0.4731183 -0.8722142 0.1241022 0.4731183 -0.8722142 0.1241022 0.4731183 -0.8722142 0.1241022 0.4731183 -0.8722142 0.1241022 0.4731183 -0.8722142 0.1241022 0.4731183 -0.8722142 0.1241022 0.4731183 -0.8722142 0.1241022 0.4731183 -0.8722142 0.1241022 0.4731183 -0.8722142 0.1241022 0.4731183 -0.8722142 0.1241022 0.4731183 -0.8722142 0.1241022 0.4731183 -0.8722142 0.1241022 0.4731183 -0.8722142 0.1241022 0.4731183 -0.8722142 0.1241022 0.4731183 -0.8722142 0.1241022 0.4731183 -0.8722142 0.1241022 0.4731183 -0.8722142 0.1241022 0.4731183 -0.8722142 0.1241022 0.4731183 -0.8722142 0.1241022 0.4731183 -0.8722142 0.1241022 0.4731183 -0.8722142 0.1241022 0.4731183 -0.8722142 0.1241022 0.4731183 -0.8722142 0.1241022 0.4731183 -0.8722142 0.1241022 0.4731183 -0.8722142 0.1241022 0.4731183 -0.8722142 0.1241022 0.4731183 -0.8722142 0.1241022 0.4731183 -0.8722142 0.1241022 0.4731183 -0.8722142 0.1241022 0.4731183 -0.8722142 0.1241022 0.4731183 -0.8722142 0.1241022 0.4731183 -0.8722142 0.1241022 0.4731183 -0.8722142 0.1241022 0.4731183 -0.8722142 0.1241022 0.4731183 -0.8722142 0.1241022 0.4731183 -0.8722142 0.1241022 0.4731183 -0.8722142 0.1241022 0.4731183 -0.8722142 0.1241022 0.4731183 -0.8722142 0.1241022 0.4731183 -0.8722142 0.1241022 0.4731183 -0.8722142 0.1241022 0.4731183 -0.8722142 0.1241022 0.4731183 -0.8722142 0.1241022 0.4731183 -0.8722142 0.1241022 0.4731183 -0.8722142 0.1241022 0.4731183 -0.8722142 0.1241022 0.4731183 -0.8722142 0.1241022 0.4731183 -0.8722142 0.1241022 0.4731183 -0.8722142 0.1241022 0.4731183 -0.8722142 0.1241022 0.4731183 -0.8722142 0.1241022 0.4731183 -0.8722142 0.1241022 0.4731183 -0.8722142 0.1241022 0.4731183 -0.8722142 0.1241022 0.4731183 -0.8722142 0.1241022 0.4731183 -0.8722142 0.1241022 0.4731183 -0.8722142 0.1241022 0.4731183 -0.8722142 0.1241022 0.4731183 -0.8722142 0.1241022 0.4731183 -0.8722142 0.1241022 0.4731183 -0.8722142 0.1241022 0.4731183 -0.8722142 0.1241022 0.4731183 -0.8722142 0.1241022 0.4731183 -0.8722142 0.1241022 0.4731183 -0.8722142 0.1241022 0.4731183 -0.8722142 0.1241022 0.4731183 -0.8722142 0.1241022 0.4731183 -0.8722142 0.1241022 0.4731183 -0.8722142 0.1241022 0.4731183 -0.8722142 0.1241022 0.4731183 -0.8722142 0.1241022 0.4731183 -0.8722142 0.1241022 0.4731183 -0.8722142 0.1241022 0.4731183 -0.8722142 0.1241022 0.4731183 -0.8722142 0.1241022 0.4731183 -0.8722142 0.1241022 0.4731183 -0.8722142 0.1241022 0.4731183 -0.8722142 0.1241022 0.4731183 -0.8722142 0.1241022 0.4731183 -0.8722142 0.1241022 0.4731183 -0.8722142 0.1241022 0.4731183 -0.8722142 0.1241022 0.4731183 -0.8722142 0.1241022 0.4731183 -0.8722142 0.1241022 0.4731183 -0.8722142 0.1241022 0.4731183 -0.8722142 0.1241022 0.4731183 -0.8722142 0.1241022 0.4731183 -0.8722142 0.1241022 0.4731183 -0.8722142 0.1241022 0.4731183 -0.8722142 0.1241022 0.4731183 -0.8722142 0.1241022 0.4731183 -0.8722142 0.1241022 0.4731183 -0.8722142 0.1241022 0.4731183 -0.8722142 0.1241022 0.4731183 -0.8722142 0.1241022 0.4731183 -0.8722142 0.1241022 0.4731183 -0.8722142 0.1241022 0.4731183 -0.8722142 0.1241022 0.4731183 -0.8722142 0.1241022 0.4731183 -0.8722142 0.1241022 0.4731183 -0.8722142 0.1241022 0.4731183 -0.8722142 0.1241022 0.4731183 -0.8722142 0.1241022 0.4731183 -0.8722142 0.1241022 0.4731183 -0.8722142 0.1241022 0.4731183 -0.8722142 0.1241022 0.4731183 -0.8722142 0.1241022 0.4731183 -0.8722142 0.1241022 0.4731183 -0.8722142 0.1241022 0.4731183 -0.8722142 0.1241022 0.4731183 -0.8722142 0.1241022 0.4731183 -0.8722142 0.1241022 0.4731183 -0.8722142 0.1241022 0.4731183 -0.8722142 0.1241022 0.4731183 -0.8722142 0.1241022 0.4731183 -0.8722142 0.1241022 0.4731183 -0.8722142 0.1241022 0.4731183 -0.8722142 0.1241022 0.4731183 -0.8722142 0.1241022 0.4731183 -0.8722142 0.1241022 0.4731183 -0.8722142 0.1241022 0.4731183 -0.8722142 0.1241022 0.4731183 -0.8722142 0.1241022 0.4731183 -0.8722142 0.1241022 0.4731183 -0.8722142 0.1241022 0.4731183 -0.8722142 0.1241022 0.4731183 -0.8722142 0.1241022 0.4731183 -0.8722142 0.1241022 0.4731183 -0.8722142 0.1241022 0.4731183 -0.8722142 0.1241022 0.4731183 -0.8722142 0.1241022 0.4731183 -0.8722142 0.1241022 0.4731183 -0.8722142 0.1241022 0.4731183 -0.8722142 0.1241022 0.4731183 -0.8722142 0.1241022 0.4731183 -0.8722142 0.1241022 0.4731183 -0.8722142 0.1241022 0.4731183 -0.8722142 0.1241022 0.4731183 -0.8722142 0.1241022 0.4731183 -0.8722142 0.1241022 0.4731183 -0.8722142 0.1241022 0.4731183 -0.8722142 0.1241022 0.4731183 -0.8722142 0.1241022 0.4731183 -0.8722142 0.1241022 0.4731183 -0.8722142 0.1241022 0.4731183 -0.8722142 0.1241022 0.4731183 -0.8722142 0.1241022 0.4731183 -0.8722142 0.1241022 0.4731183 -0.8722142 0.1241022 0.4731183 -0.8722142 0.1241022 0.4731183 -0.8722142 0.1241022 0.4731183 -0.8722142 0.1241022 0.4731183 -0.8722142 0.1241022 0.4731183 -0.8722142 0.1241022 0.4731183 -0.8722142 0.1241022 0.4731183 -0.8722142 0.1241022 0.4731183 -0.8722142 0.1241022 0.4731183 -0.8722142 0.1241022 0.4731183 -0.8722142 0.1241022 0.4731183 -0.8722142 0.1241022 0.4731183 -0.8722142 0.1241022 0.4731183 -0.8722142 0.1241022 0.4731183 -0.8722142 0.1241022 0.4731183 -0.8722142 0.1241022 0.4731183 -0.8722142 0.1241022 0.4731183 -0.8722142 0.1241022 0.4731183 -0.8722142 0.1241022 0.4731183 -0.8722142 0.1241022 0.4731183 -0.8722142 0.1241022 0.4731183 -0.8722142 0.1241022 0.4731183 -0.8722142 0.1241022 0.4731183 -0.8722142 0.1241022 0.4731183 -0.8722142 0.1241022 0.4731183 -0.8722142 0.1241022 0.4731183 -0.8722142 0.1241022 0.4731183 -0.8722142 0.1241022 0.4731183 -0.8722142 0.1241022 0.4731183 -0.8722142 0.1241022 0.4731183 -0.8722142 0.1241022 0.4731183 -0.8722142 0.1241022 0.4731183 -0.8722142 0.1241022 0.4731183 -0.8722142 0.1241022 0.4731183 -0.8722142 0.1241022 0.4731183 -0.8722142 0.6445395 -0.7067551 -0.2916608 0.7340162 -0.6352561 -0.2401455 0.7340162 -0.6352561 -0.2401455 0.8119158 -0.5537379 -0.1848433 0.8119158 -0.5537379 -0.1848433 0.8770003 -0.4635017 -0.1266357 0.8770003 -0.4635017 -0.1266357 0.9282616 -0.365948 -0.06642565 0.9282616 -0.365948 -0.06642565 0.9648879 -0.2626112 -0.00516093 0.9648879 -0.2626112 -0.00516093 0.9862936 -0.1551408 0.05618029 0.9862936 -0.1551408 0.05618029 0.9921447 -0.04522501 0.1166348 0.9921447 -0.04522501 0.1166348 0.982348 0.06541064 0.1752534 0.982348 0.06541064 0.1752534 0.9570603 0.1750055 0.2311033 0.9570578 0.1750129 0.2311078 0.9387183 0.2288851 0.2577197 0.9166804 0.2818388 0.2833087 -0.7124789 -0.5693144 -0.4101889 -0.6202974 -0.6490945 -0.4403492 -0.6202974 -0.6490945 -0.4403492 -0.5183313 -0.7186384 -0.4635639 -0.5183313 -0.7186384 -0.4635639 -0.4081967 -0.7768445 -0.4794665 -0.4081967 -0.7768445 -0.4794665 -0.2916233 -0.8227998 -0.4878077 -0.2916233 -0.8227998 -0.4878077 -0.1704409 -0.855781 -0.4884555 -0.1704409 -0.855781 -0.4884555 -0.04658453 -0.8752622 -0.4813999 -0.04658453 -0.8752622 -0.4813999 0.07799456 -0.880941 -0.4667546 0.07799456 -0.880941 -0.4667546 0.2013642 -0.8727276 -0.4447459 0.2013642 -0.8727276 -0.4447459 0.3215579 -0.8507498 -0.4157227 0.3215579 -0.8507498 -0.4157227 0.4366744 -0.815356 -0.3801447 0.4366744 -0.815356 -0.3801447 0.5449081 -0.767102 -0.3385702 0.5449034 -0.7671041 -0.3385728 0.5958609 -0.7384089 -0.3157564 0.6445012 -0.7067821 -0.2916801 -0.4366739 0.8153565 0.3801443 -0.544903 0.7671046 0.3385723 -0.544903 0.7671046 0.3385723 -0.6445398 0.7067552 0.29166 -0.6445398 0.7067552 0.29166 -0.7340162 0.6352561 0.2401455 -0.7340162 0.6352561 0.2401455 -0.8119158 0.5537379 0.1848433 -0.8119158 0.5537379 0.1848433 -0.8770003 0.4635017 0.1266357 -0.8770003 0.4635017 0.1266357 -0.9282616 0.365948 0.06642565 -0.9282616 0.365948 0.06642565 -0.9648879 0.2626112 0.00516093 -0.9648879 0.2626112 0.00516093 -0.9862936 0.1551408 -0.05618029 -0.9862936 0.1551408 -0.05618029 -0.9921447 0.04522501 -0.1166348 -0.9921447 0.04522501 -0.1166348 -0.982348 -0.06541064 -0.1752534 -0.982348 -0.06541064 -0.1752534 -0.9570578 -0.1750136 -0.2311074 -0.9570578 -0.1750136 -0.2311074 -0.9166807 -0.2818388 -0.2833079 -0.9166807 -0.2818388 -0.2833079 -0.8618421 -0.3842338 -0.3310478 -0.8618421 -0.3842338 -0.3310478 -0.7934198 -0.4805584 -0.3735621 -0.7934116 -0.4805691 -0.3735659 -0.7544391 -0.5259729 -0.39265 -0.7124727 -0.56932 -0.4101919 0.9166752 0.2818508 0.2833137 0.8618421 0.3842338 0.3310478 0.8618421 0.3842338 0.3310478 0.7934112 0.4805691 0.3735666 0.7934112 0.4805691 0.3735666 0.7124792 0.5693137 0.4101894 0.7124792 0.5693137 0.4101894 0.6202974 0.6490945 0.4403492 0.6202974 0.6490945 0.4403492 0.5183313 0.7186384 0.4635639 0.5183313 0.7186384 0.4635639 0.4081967 0.7768445 0.4794665 0.4081967 0.7768445 0.4794665 0.2916233 0.8227998 0.4878077 0.2916233 0.8227998 0.4878077 0.1704409 0.855781 0.4884555 0.1704409 0.855781 0.4884555 0.04658453 0.8752622 0.4813999 0.04658453 0.8752622 0.4813999 -0.07799456 0.880941 0.4667546 -0.07799456 0.880941 0.4667546 -0.2013642 0.8727276 0.4447459 -0.2013642 0.8727276 0.4447459 -0.3216059 0.8507381 0.4157096 -0.3215582 0.85075 0.415722 -0.3799076 0.8346871 0.3987075 -0.4366689 0.8153581 0.3801466 -0.1241022 -0.4731183 0.8722142 -0.1241022 -0.4731183 0.8722142 -0.1241022 -0.4731183 0.8722142 -0.1241022 -0.4731183 0.8722142 -0.1241022 -0.4731183 0.8722142 -0.1241022 -0.4731183 0.8722142 -0.1241022 -0.4731183 0.8722142 -0.1241022 -0.4731183 0.8722142 -0.1241022 -0.4731183 0.8722142 -0.1241022 -0.4731183 0.8722142 -0.1241022 -0.4731183 0.8722142 -0.1241022 -0.4731183 0.8722142 -0.1241022 -0.4731183 0.8722142 -0.1241022 -0.4731183 0.8722142 -0.1241022 -0.4731183 0.8722142 -0.1241022 -0.4731183 0.8722142 -0.1241022 -0.4731183 0.8722142 -0.1241022 -0.4731183 0.8722142 -0.1241022 -0.4731183 0.8722142 -0.1241022 -0.4731183 0.8722142 -0.1241022 -0.4731183 0.8722142 -0.1241022 -0.4731183 0.8722142 -0.1241022 -0.4731183 0.8722142 -0.1241022 -0.4731183 0.8722142 -0.1241022 -0.4731183 0.8722142 -0.1241022 -0.4731183 0.8722142 -0.1241022 -0.4731183 0.8722142 -0.1241022 -0.4731183 0.8722142 -0.1241022 -0.4731183 0.8722142 -0.1241022 -0.4731183 0.8722142 -0.1241022 -0.4731183 0.8722142 -0.1241022 -0.4731183 0.8722142 -0.1241022 -0.4731183 0.8722142 -0.1241022 -0.4731183 0.8722142 -0.1241022 -0.4731183 0.8722142 -0.1241022 -0.4731183 0.8722142 -0.1241022 -0.4731183 0.8722142 -0.1241022 -0.4731183 0.8722142 -0.1241022 -0.4731183 0.8722142 -0.1241022 -0.4731183 0.8722142 -0.1241022 -0.4731183 0.8722142 -0.1241022 -0.4731183 0.8722142 -0.1241022 -0.4731183 0.8722142 -0.1241022 -0.4731183 0.8722142 -0.1241022 -0.4731183 0.8722142 -0.1241022 -0.4731183 0.8722142 -0.1241022 -0.4731183 0.8722142 -0.1241022 -0.4731183 0.8722142 -0.1241022 -0.4731183 0.8722142 -0.1241022 -0.4731183 0.8722142 -0.1241022 -0.4731183 0.8722142 -0.1241022 -0.4731183 0.8722142 -0.1241022 -0.4731183 0.8722142 -0.1241022 -0.4731183 0.8722142 -0.1241022 -0.4731183 0.8722142 -0.1241022 -0.4731183 0.8722142 -0.1241022 -0.4731183 0.8722142 -0.1241022 -0.4731183 0.8722142 -0.1241022 -0.4731183 0.8722142 -0.1241022 -0.4731183 0.8722142 -0.1241022 -0.4731183 0.8722142 -0.1241022 -0.4731183 0.8722142 -0.1241022 -0.4731183 0.8722142 -0.1241022 -0.4731183 0.8722142 -0.1241022 -0.4731183 0.8722142 -0.1241022 -0.4731183 0.8722142 -0.1241022 -0.4731183 0.8722142 -0.1241022 -0.4731183 0.8722142 -0.1241022 -0.4731183 0.8722142 -0.1241022 -0.4731183 0.8722142 -0.1241022 -0.4731183 0.8722142 -0.1241022 -0.4731183 0.8722142 -0.1241022 -0.4731183 0.8722142 -0.1241022 -0.4731183 0.8722142 -0.1241022 -0.4731183 0.8722142 -0.1241022 -0.4731183 0.8722142 -0.1241022 -0.4731183 0.8722142 -0.1241022 -0.4731183 0.8722142 -0.1241022 -0.4731183 0.8722142 -0.1241022 -0.4731183 0.8722142 -0.1241022 -0.4731183 0.8722142 -0.1241022 -0.4731183 0.8722142 -0.1241022 -0.4731183 0.8722142 -0.1241022 -0.4731183 0.8722142 -0.1241022 -0.4731183 0.8722142 -0.1241022 -0.4731183 0.8722142 -0.1241022 -0.4731183 0.8722142 -0.1241022 -0.4731183 0.8722142 -0.1241022 -0.4731183 0.8722142 -0.1241022 -0.4731183 0.8722142 -0.1241022 -0.4731183 0.8722142 -0.1241022 -0.4731183 0.8722142 -0.1241022 -0.4731183 0.8722142 -0.1241022 -0.4731183 0.8722142 -0.1241022 -0.4731183 0.8722142 -0.1241022 -0.4731183 0.8722142 -0.1241022 -0.4731183 0.8722142 -0.1241022 -0.4731183 0.8722142 -0.1241022 -0.4731183 0.8722142 -0.1241022 -0.4731183 0.8722142 -0.1241022 -0.4731183 0.8722142 -0.1241022 -0.4731183 0.8722142 -0.1241022 -0.4731183 0.8722142 -0.1241022 -0.4731183 0.8722142 -0.1241022 -0.4731183 0.8722142 -0.1241022 -0.4731183 0.8722142 -0.1241022 -0.4731183 0.8722142 -0.1241022 -0.4731183 0.8722142 -0.1241022 -0.4731183 0.8722142 -0.1241022 -0.4731183 0.8722142 -0.1241022 -0.4731183 0.8722142 -0.1241022 -0.4731183 0.8722142 -0.1241022 -0.4731183 0.8722142 -0.1241022 -0.4731183 0.8722142 -0.1241022 -0.4731183 0.8722142 -0.1241022 -0.4731183 0.8722142 -0.1241022 -0.4731183 0.8722142 -0.1241022 -0.4731183 0.8722142 -0.1241022 -0.4731183 0.8722142 -0.1241022 -0.4731183 0.8722142 -0.1241022 -0.4731183 0.8722142 -0.1241022 -0.4731183 0.8722142 -0.1241022 -0.4731183 0.8722142 -0.1241022 -0.4731183 0.8722142 -0.1241022 -0.4731183 0.8722142 -0.1241022 -0.4731183 0.8722142 -0.1241022 -0.4731183 0.8722142 -0.1241022 -0.4731183 0.8722142 -0.1241022 -0.4731183 0.8722142 -0.1241022 -0.4731183 0.8722142 -0.1241022 -0.4731183 0.8722142 -0.1241022 -0.4731183 0.8722142 -0.1241022 -0.4731183 0.8722142 -0.1241022 -0.4731183 0.8722142 -0.1241022 -0.4731183 0.8722142 -0.1241022 -0.4731183 0.8722142 -0.1241022 -0.4731183 0.8722142 -0.1241022 -0.4731183 0.8722142 -0.1241022 -0.4731183 0.8722142 -0.1241022 -0.4731183 0.8722142 -0.1241022 -0.4731183 0.8722142 -0.1241022 -0.4731183 0.8722142 -0.1241022 -0.4731183 0.8722142 -0.1241022 -0.4731183 0.8722142 -0.1241022 -0.4731183 0.8722142 -0.1241022 -0.4731183 0.8722142 -0.1241022 -0.4731183 0.8722142 -0.1241022 -0.4731183 0.8722142 -0.1241022 -0.4731183 0.8722142 -0.1241022 -0.4731183 0.8722142 -0.1241022 -0.4731183 0.8722142 -0.1241022 -0.4731183 0.8722142 -0.8942902 0.4341904 0.1082762 -0.8942905 0.4341899 0.1082759 -0.7654133 0.6050275 0.2192811 -0.7654133 0.6050275 0.2192811 -0.5920562 0.7407006 0.3175407 -0.5920562 0.7407006 0.3175407 -0.384291 0.8333282 0.3973468 -0.384291 0.8333282 0.3973468 -0.1541951 0.8775266 0.4540605 -0.1541951 0.8775266 0.4540605 0.08486034 0.8707285 0.4843868 0.08486072 0.8707285 0.4843868 0.203389 0.8482171 0.4890405 0.3190143 0.8133186 0.4865621 0.3189977 0.8133246 0.4865629 0.5346135 0.7086384 0.4604563 0.5346135 0.7086384 0.4604563 0.7191045 0.5628052 0.4076016 0.7191045 0.5628052 0.4076016 0.8618421 0.3842338 0.3310478 0.8618421 0.3842338 0.3310478 0.9544874 0.18333 0.2352527 0.9544874 0.18333 0.2352527 0.9916541 -0.02818467 0.1258083 0.9916541 -0.02818467 0.1258083 0.9711973 -0.2381054 0.009029556 0.9711973 -0.2381054 0.009029556 0.8942866 -0.4341969 -0.1082802 0.8942866 -0.4341969 -0.1082802 0.7654123 -0.6050285 -0.2192818 0.7654123 -0.6050285 -0.2192818 0.5920562 -0.7407006 -0.3175407 0.5920562 -0.7407006 -0.3175407 0.384291 -0.8333282 -0.3973468 0.384291 -0.8333282 -0.3973468 0.1541935 -0.8775267 -0.4540607 0.1541935 -0.8775267 -0.4540607 -0.08486871 -0.8707274 -0.4843873 -0.08486871 -0.8707274 -0.4843873 -0.3189994 -0.813324 -0.4865629 -0.3189994 -0.813324 -0.4865629 -0.5345918 -0.708652 -0.4604606 -0.5345918 -0.708652 -0.4604606 -0.719114 -0.5627958 -0.4075978 -0.719114 -0.5627958 -0.4075978 -0.8618421 -0.3842338 -0.3310478 -0.8618421 -0.3842338 -0.3310478 -0.9544837 -0.183342 -0.2352587 -0.9544837 -0.183342 -0.2352587 -0.991655 0.02820755 -0.125796 -0.991655 0.02820755 -0.125796 -0.9711941 0.2381189 -0.009021789 -0.9711895 0.2381381 -0.009008933 -0.9395858 0.3386415 0.05000436 -0.08488318 -0.8707251 -0.4843889 -0.2034431 -0.8482038 -0.4890411 -0.3190094 -0.81332 -0.4865629 -0.3190314 -0.8133125 -0.4865612 -0.5345866 -0.7086552 -0.4604616 -0.5345866 -0.7086552 -0.4604616 -0.7191101 -0.5627996 -0.4075994 -0.7191101 -0.5627996 -0.4075994 -0.8618421 -0.3842338 -0.3310478 -0.8618421 -0.3842338 -0.3310478 -0.9544852 -0.183337 -0.2352562 -0.9544852 -0.183337 -0.2352562 -0.991655 0.02820603 -0.1257968 -0.991655 0.02820603 -0.1257968 -0.9711957 0.2381122 -0.009025623 -0.9711957 0.2381124 -0.009025539 -0.9395936 0.338622 0.04999075 -0.8942923 0.4341867 0.1082739 -0.8942924 0.4341865 0.1082738 -0.7654158 0.6050249 0.2192794 -0.7654158 0.6050249 0.2192794 -0.6158373 0.7259554 0.3061588 -0.5926807 0.7399347 0.3181607 -0.4917642 0.7927749 0.3601054 -0.3838343 0.8330444 0.3983821 -0.3564837 0.8415826 0.4057808 -0.1541896 0.8775271 0.4540615 -0.1541896 0.8775271 0.4540615 0.08487347 0.8707268 0.4843876 0.08487347 0.8707268 0.4843876 0.3190068 0.8133214 0.4865625 0.3190068 0.8133214 0.4865625 0.5345932 0.7086511 0.4604603 0.5345932 0.7086511 0.4604603 0.7191101 0.5627996 0.4075994 0.7191101 0.5627996 0.4075994 0.8618421 0.3842338 0.3310478 0.8618421 0.3842338 0.3310478 0.9544852 0.183337 0.2352562 0.9544852 0.183337 0.2352562 0.9916552 -0.02821295 0.1257931 0.9916552 -0.02821295 0.1257931 0.9711962 -0.2381101 0.00902685 0.9711962 -0.2381101 0.00902685 0.8942967 -0.4341787 -0.1082689 0.8942967 -0.4341787 -0.1082689 0.7654264 -0.6050142 -0.2192721 0.7654264 -0.6050142 -0.2192721 0.5920689 -0.740693 -0.3175348 0.5920689 -0.740693 -0.3175348 0.3842764 -0.8333328 -0.3973513 0.3842764 -0.8333328 -0.3973513 0.1541732 -0.8775284 -0.4540645 0.1541732 -0.8775284 -0.4540645 -0.08486426 -0.870728 -0.484387 -0.8942866 0.4341969 0.1082802 -0.8942867 0.4341966 0.10828 -0.7654123 0.6050285 0.2192818 -0.7654123 0.6050285 0.2192818 -0.5920562 0.7407006 0.3175407 -0.5920562 0.7407006 0.3175407 -0.384291 0.8333282 0.3973468 -0.384291 0.8333282 0.3973468 -0.1541935 0.8775267 0.4540607 -0.1541935 0.8775267 0.4540607 0.08486873 0.8707274 0.4843873 0.08486926 0.8707273 0.4843874 0.2033958 0.8482154 0.4890406 0.3189994 0.813324 0.4865629 0.3189763 0.8133323 0.4865641 0.5345918 0.708652 0.4604606 0.5345918 0.708652 0.4604606 0.719114 0.5627958 0.4075978 0.719114 0.5627958 0.4075978 0.8618421 0.3842338 0.3310478 0.8618421 0.3842338 0.3310478 0.9544837 0.183342 0.2352587 0.9544837 0.183342 0.2352587 0.991655 -0.02820755 0.125796 0.991655 -0.02820755 0.125796 0.9711941 -0.2381189 0.009021789 0.9711941 -0.2381189 0.009021789 0.8942902 -0.4341904 -0.1082762 0.8942902 -0.4341904 -0.1082762 0.7654133 -0.6050275 -0.2192811 0.7654133 -0.6050275 -0.2192811 0.5920562 -0.7407006 -0.3175407 0.5920562 -0.7407006 -0.3175407 0.384291 -0.8333282 -0.3973468 0.384291 -0.8333282 -0.3973468 0.1541951 -0.8775266 -0.4540605 0.1541951 -0.8775266 -0.4540605 -0.08486032 -0.8707286 -0.4843867 -0.08486032 -0.8707286 -0.4843867 -0.3190143 -0.8133187 -0.4865621 -0.3190143 -0.8133187 -0.4865621 -0.5346135 -0.7086384 -0.4604563 -0.5346135 -0.7086384 -0.4604563 -0.7191045 -0.5628052 -0.4076016 -0.7191045 -0.5628052 -0.4076016 -0.8618421 -0.3842338 -0.3310478 -0.8618421 -0.3842338 -0.3310478 -0.9544874 -0.18333 -0.2352527 -0.9544874 -0.18333 -0.2352527 -0.9916541 0.02818467 -0.1258083 -0.9916541 0.02818467 -0.1258083 -0.9711973 0.2381054 -0.009029556 -0.971194 0.2381192 -0.009020303 -0.9395836 0.3386472 0.05000723 -0.08487348 -0.8707268 -0.4843876 0.1541896 -0.8775271 -0.4540615 0.1541896 -0.8775271 -0.4540615 0.3835909 -0.8339723 -0.3966715 -0.08487363 -0.8707267 -0.4843877 -0.2034191 -0.8482097 -0.4890408 -0.3190068 -0.8133214 -0.4865625 -0.3190066 -0.8133214 -0.4865625 -0.5345932 -0.7086511 -0.4604603 -0.5345932 -0.7086511 -0.4604603 -0.7191101 -0.5627996 -0.4075994 -0.7191101 -0.5627996 -0.4075994 -0.8618421 -0.3842338 -0.3310478 -0.8618421 -0.3842338 -0.3310478 -0.9544852 -0.183337 -0.2352562 -0.9544852 -0.183337 -0.2352562 -0.9916552 0.02821295 -0.1257931 -0.9916552 0.02821295 -0.1257931 -0.9711962 0.23811 -0.009027679 -0.971201 0.23809 -0.009038436 -0.9396015 0.3386019 0.04997868 -0.8942965 0.4341794 0.1082686 -0.8942883 0.4341938 0.1082783 -0.7654264 0.6050142 0.2192721 -0.7654264 0.6050142 0.2192721 -0.5920689 0.740693 0.3175348 -0.5920689 0.740693 0.3175348 -0.3842764 0.8333328 0.3973513 -0.3842764 0.8333328 0.3973513 -0.1541732 0.8775284 0.4540645 -0.1541732 0.8775284 0.4540645 0.08488371 0.8707254 0.4843883 0.08488371 0.8707254 0.4843883 0.3190091 0.8133205 0.4865623 0.3190091 0.8133205 0.4865623 0.5345866 0.7086552 0.4604616 0.5345866 0.7086552 0.4604616 0.7191101 0.5627996 0.4075994 0.7191101 0.5627996 0.4075994 0.8618421 0.3842338 0.3310478 0.8618421 0.3842338 0.3310478 0.9544852 0.183337 0.2352562 0.9544852 0.183337 0.2352562 0.991655 -0.02820603 0.1257968 0.991655 -0.02820603 0.1257968 0.9711957 -0.2381122 0.00902563 0.9711957 -0.2381122 0.00902563 0.8942923 -0.4341867 -0.1082739 0.8942923 -0.4341867 -0.1082739 0.7654158 -0.6050249 -0.2192794 0.7654158 -0.6050249 -0.2192794 0.6158373 -0.7259554 -0.3061588 0.5924373 -0.7408626 -0.3164501 0.4917538 -0.7928144 -0.3600327 0.3564837 -0.8415826 -0.4057808 -0.9597523 -0.1659503 -0.2265745 -0.9597521 -0.1659511 -0.2265749 -0.8618421 -0.3842338 -0.3310478 -0.8618421 -0.3842338 -0.3310478 -0.7051984 -0.5763323 -0.4129605 -0.6980644 0.6663333 0.2621182 -0.784143 0.5854022 0.2059708 -0.8567985 0.4944609 0.1463035 -0.8568033 0.494454 0.146299 -0.9571405 0.2888961 0.02052112 -0.9571405 0.2888961 0.02052112 -0.9922566 0.06364405 -0.1066597 -0.9922566 0.06365223 -0.106655 -0.9844272 -0.05159024 -0.1680524 -0.2519408 0.865228 0.4334816 -0.2519417 0.8652279 0.4334814 -0.491759 0.7927947 0.360069 -0.491759 0.7927947 0.360069 -0.6980638 0.6663339 0.2621186 -0.705199 -0.5763317 -0.4129603 -0.6080447 -0.6583793 -0.4436422 -0.5004947 -0.7291553 -0.4667308 -0.5004866 -0.72916 -0.4667322 -0.2616882 -0.8322848 -0.4886934 -0.2616882 -0.8322848 -0.4886934 -0.005048601 -0.878697 -0.4773532 -0.005048601 -0.878697 -0.4773532 0.2519408 -0.865228 -0.4334816 0.2519408 -0.865228 -0.4334816 0.491759 -0.7927947 -0.360069 0.491759 -0.7927947 -0.360069 0.6980644 -0.6663333 -0.2621182 0.6980644 -0.6663333 -0.2621182 0.8567985 -0.4944609 -0.1463034 0.8567985 -0.4944609 -0.1463034 0.9571405 -0.2888961 -0.02052112 0.9571405 -0.2888961 -0.02052112 0.9922566 -0.06364405 0.1066597 0.9922566 -0.06364405 0.1066597 0.9597523 0.1659503 0.2265745 0.9597523 0.1659503 0.2265745 0.8618421 0.3842338 0.3310478 0.8618421 0.3842338 0.3310478 0.7051983 0.5763323 0.4129605 0.7051983 0.5763323 0.4129605 0.5004947 0.7291553 0.4667308 0.5004947 0.7291553 0.4667308 0.2616882 0.8322848 0.4886934 0.2616882 0.8322848 0.4886934 0.005048601 0.878697 0.4773532 0.005057898 0.8786964 0.4773543 -0.1245064 0.879487 0.4593482</float_array>
          <technique_common>
            <accessor count="1936" source="#normals-array-array" stride="3">
              <param type="float" name="X"/>
              <param type="float" name="Y"/>
              <param type="float" name="Z"/>
            </accessor>
          </technique_common>
        </source>
        <vertices id="verts-array-vertices">
          <input semantic="POSITION" source="#verts-array"/>
        </vertices>
        <triangles count="2558" material="material0">
          <input offset="0" semantic="VERTEX" source="#verts-array-vertices"/>
          <input offset="1" semantic="NORMAL" source="#normals-array"/>
          <p>0 0 1 1 2 2 3 3 4 4 5 5 6 6 7 7 8 8 9 9 10 10 11 11 12 12 13 13 14 14 15 15 16 16 17 17 18 18 19 19 20 20 21 21 22 22 23 23 24 24 21 21 25 25 26 26 24 24 27 27 28 28 29 29 30 30 31 31 32 32 33 33 34 34 35 35 15 15 36 36 37 37 38 38 39 39 19 19 40 40 18 18 40 40 19 19 40 40 18 18 41 41 42 42 43 43 36 36 15 15 35 35 16 16 44 44 16 16 35 35 16 16 44 44 45 45 46 46 13 13 47 47 12 12 47 47 13 13 47 47 12 12 48 48 49 49 20 20 50 50 19 19 50 50 20 20 50 50 19 19 51 51 39 39 51 51 19 19 51 51 39 39 52 52 53 53 54 54 55 55 56 56 17 17 57 57 16 16 57 57 17 17 57 57 16 16 58 58 45 45 58 58 16 16 58 58 45 45 59 59 60 60 61 61 62 62 63 63 14 14 64 64 13 13 64 64 14 14 64 64 13 13 65 65 46 46 65 65 13 13 65 65 46 46 66 66 67 67 49 49 68 68 50 50 68 68 49 49 68 68 50 50 69 69 51 51 69 69 50 50 69 69 51 51 70 70 52 52 70 70 51 51 70 70 52 52 71 71 72 72 54 54 73 73 53 53 73 73 54 54 73 73 53 53 74 74 75 75 56 56 76 76 57 57 76 76 56 56 76 76 57 57 77 77 58 58 77 77 57 57 77 77 58 58 78 78 59 59 78 78 58 58 78 78 59 59 79 79 80 80 61 61 81 81 60 60 81 81 61 61 81 81 60 60 82 82 83 83 63 63 84 84 64 64 84 84 63 63 84 84 64 64 85 85 65 65 85 85 64 64 85 85 65 65 86 86 66 66 86 86 65 65 86 86 66 66 87 87 88 88 89 89 90 90 91 91 67 67 92 92 68 68 92 92 67 67 92 92 68 68 93 93 69 69 93 93 68 68 93 93 69 69 94 94 70 70 94 94 69 69 94 94 70 70 42 42 71 71 42 42 70 70 42 42 71 71 43 43 95 95 72 72 96 96 73 73 96 96 72 72 96 96 73 73 97 97 74 74 97 97 73 73 97 97 74 74 98 98 99 99 75 75 100 100 76 76 100 100 75 75 100 100 76 76 101 101 77 77 101 101 76 76 101 101 77 77 102 102 78 78 102 102 77 77 102 102 78 78 103 103 79 79 103 103 78 78 103 103 79 79 31 31 104 104 80 80 105 105 81 81 105 105 80 80 105 105 81 81 106 106 82 82 106 106 81 81 106 106 82 82 107 107 108 108 83 83 109 109 84 84 109 109 83 83 109 109 84 84 110 110 85 85 110 110 84 84 110 110 85 85 111 111 86 86 111 111 85 85 111 111 86 86 112 112 87 87 112 112 86 86 112 112 87 87 26 26 113 113 89 89 114 114 88 88 114 114 89 89 114 114 88 88 115 115 116 116 117 117 118 118 115 115 118 118 117 117 118 118 115 115 119 119 88 88 119 119 115 115 119 119 88 88 120 120 90 90 120 120 88 88 120 120 90 90 121 121 122 122 123 123 124 124 125 125 124 124 123 123 124 124 125 125 126 126 127 127 126 126 125 125 126 126 127 127 128 128 129 129 128 128 127 127 128 128 129 129 130 130 131 131 130 130 129 129 130 130 131 131 132 132 133 133 132 132 131 131 134 134 135 135 136 136 137 137 136 136 135 135 136 136 137 137 138 138 139 139 138 138 137 137 138 138 139 139 140 140 141 141 140 140 139 139 140 140 141 141 142 142 143 143 142 142 141 141 142 142 143 143 144 144 145 145 144 144 143 143 144 144 145 145 146 146 147 147 146 146 145 145 148 148 95 95 149 149 96 96 149 149 95 95 149 149 96 96 150 150 97 97 150 150 96 96 150 150 97 97 151 151 98 98 151 151 97 97 151 151 98 98 152 152 37 37 153 153 55 55 154 154 55 55 153 153 55 55 154 154 53 53 155 155 53 53 154 154 53 53 155 155 74 74 156 156 74 74 155 155 74 74 156 156 98 98 157 157 98 98 156 156 98 98 157 157 152 152 158 158 152 152 157 157 152 152 158 158 159 159 160 160 159 159 158 158 161 161 162 162 163 163 164 164 163 163 162 162 163 163 164 164 165 165 166 166 165 165 164 164 165 165 166 166 167 167 168 168 167 167 166 166 167 167 168 168 169 169 170 170 169 169 168 168 169 169 170 170 171 171 172 172 171 171 170 170 173 173 174 174 175 175 176 176 175 175 174 174 175 175 176 176 177 177 178 178 177 177 176 176 177 177 178 178 179 179 180 180 179 179 178 178 179 179 180 180 181 181 182 182 181 181 180 180 181 181 182 182 183 183 184 184 183 183 182 182 183 183 184 184 185 185 186 186 185 185 184 184 187 187 104 104 188 188 105 105 188 188 104 104 188 188 105 105 189 189 106 106 189 189 105 105 189 189 106 106 190 190 107 107 190 190 106 106 190 190 107 107 191 191 32 32 192 192 62 62 193 193 62 62 192 192 62 62 193 193 60 60 194 194 60 60 193 193 60 60 194 194 82 82 195 195 82 82 194 194 82 82 195 195 107 107 196 196 107 107 195 195 107 107 196 196 191 191 197 197 191 191 196 196 191 191 197 197 198 198 199 199 198 198 197 197 200 200 201 201 202 202 203 203 202 202 201 201 202 202 203 203 204 204 205 205 204 204 203 203 204 204 205 205 206 206 207 207 206 206 205 205 206 206 207 207 208 208 209 209 208 208 207 207 208 208 209 209 210 210 211 211 210 210 209 209 29 29 212 212 30 30 213 213 30 30 212 212 30 30 213 213 214 214 215 215 214 214 213 213 214 214 215 215 216 216 217 217 216 216 215 215 216 216 217 217 218 218 219 219 218 218 217 217 218 218 219 219 220 220 221 221 220 220 219 219 220 220 221 221 222 222 223 223 222 222 221 221 224 224 113 113 225 225 114 114 225 225 113 113 225 225 114 114 226 226 115 115 226 226 114 114 226 226 115 115 227 227 117 117 227 227 115 115 10 10 116 116 11 11 118 118 11 11 116 116 11 11 118 118 228 228 119 119 228 228 118 118 228 228 119 119 229 229 120 120 229 229 119 119 229 229 120 120 230 230 121 121 230 230 120 120 230 230 121 121 231 231 22 22 122 122 231 231 124 124 231 231 122 122 231 231 124 124 230 230 126 126 230 230 124 124 230 230 126 126 229 229 128 128 229 229 126 126 229 229 128 128 228 228 130 130 228 228 128 128 228 228 130 130 11 11 132 132 11 11 130 130 11 11 132 132 9 9 232 232 233 233 133 133 234 234 133 133 233 233 133 133 234 234 132 132 235 235 132 132 234 234 132 132 235 235 9 9 123 123 134 134 125 125 136 136 125 125 134 134 125 125 136 136 127 127 138 138 127 127 136 136 127 127 138 138 129 129 140 140 129 129 138 138 129 129 140 140 131 131 142 142 131 131 140 140 131 131 142 142 133 133 144 144 133 133 142 142 133 133 144 144 232 232 146 146 232 232 144 144 236 236 147 147 91 91 145 145 91 91 147 147 91 91 145 145 67 67 143 143 67 67 145 145 67 67 143 143 49 49 141 141 49 49 143 143 49 49 141 141 20 20 139 139 20 20 141 141 20 20 139 139 18 18 137 137 18 18 139 139 18 18 137 137 41 41 135 135 41 41 137 137 237 237 238 238 239 239 36 36 38 38 42 42 240 240 42 42 38 38 42 42 240 240 94 94 241 241 94 94 240 240 94 94 241 241 93 93 242 242 93 93 241 241 93 93 242 242 92 92 237 237 92 92 242 242 92 92 237 237 91 91 239 239 91 91 237 237 91 91 239 239 236 236 37 37 55 55 38 38 54 54 38 38 55 55 38 38 54 54 240 240 72 72 240 240 54 54 240 240 72 72 241 241 95 95 241 241 72 72 241 241 95 95 242 242 148 148 242 242 95 95 242 242 148 148 237 237 243 243 237 237 148 148 237 237 243 243 238 238 159 159 244 244 152 152 245 245 152 152 244 244 152 152 245 245 151 151 246 246 151 151 245 245 151 151 246 246 150 150 247 247 150 150 246 246 150 150 247 247 149 149 248 248 149 149 247 247 149 149 248 248 148 148 249 249 148 148 248 248 148 148 249 249 243 243 7 7 160 160 8 8 158 158 8 8 160 160 8 8 158 158 250 250 157 157 250 250 158 158 250 250 157 157 251 251 156 156 251 251 157 157 251 251 156 156 252 252 155 155 252 252 156 156 252 252 155 155 253 253 154 154 253 253 155 155 253 253 154 154 254 254 153 153 254 254 154 154 254 254 161 161 253 253 163 163 253 253 161 161 253 253 163 163 252 252 165 165 252 252 163 163 252 252 165 165 251 251 167 167 251 251 165 165 251 251 167 167 250 250 169 169 250 250 167 167 250 250 169 169 8 8 171 171 8 8 169 169 8 8 171 171 6 6 255 255 256 256 172 172 257 257 172 172 256 256 172 172 257 257 171 171 258 258 171 171 257 257 171 171 258 258 6 6 162 162 173 173 164 164 175 175 164 164 173 173 164 164 175 175 166 166 177 177 166 166 175 175 166 166 177 177 168 168 179 179 168 168 177 177 168 168 179 179 170 170 181 181 170 170 179 179 170 170 181 181 172 172 183 183 172 172 181 181 172 172 183 183 255 255 185 185 255 255 183 183 259 259 186 186 99 99 184 184 99 99 186 186 99 99 184 184 75 75 182 182 75 75 184 184 75 75 182 182 56 56 180 180 56 56 182 182 56 56 180 180 17 17 178 178 17 17 180 180 17 17 178 178 15 15 176 176 15 15 178 178 15 15 176 176 34 34 174 174 34 34 176 176 260 260 261 261 262 262 31 31 33 33 103 103 263 263 103 103 33 33 103 103 263 263 102 102 264 264 102 102 263 263 102 102 264 264 101 101 265 265 101 101 264 264 101 101 265 265 100 100 260 260 100 100 265 265 100 100 260 260 99 99 262 262 99 99 260 260 99 99 262 262 259 259 32 32 62 62 33 33 61 61 33 33 62 62 33 33 61 61 263 263 80 80 263 263 61 61 263 263 80 80 264 264 104 104 264 264 80 80 264 264 104 104 265 265 187 187 265 265 104 104 265 265 187 187 260 260 266 266 260 260 187 187 260 260 266 266 261 261 198 198 267 267 191 191 268 268 191 191 267 267 191 191 268 268 190 190 269 269 190 190 268 268 190 190 269 269 189 189 270 270 189 189 269 269 189 189 270 270 188 188 271 271 188 188 270 270 188 188 271 271 187 187 272 272 187 187 271 271 187 187 272 272 266 266 4 4 199 199 5 5 197 197 5 5 199 199 5 5 197 197 273 273 196 196 273 273 197 197 273 273 196 196 274 274 195 195 274 274 196 196 274 274 195 195 275 275 194 194 275 275 195 195 275 275 194 194 276 276 193 193 276 276 194 194 276 276 193 193 277 277 192 192 277 277 193 193 277 277 200 200 276 276 202 202 276 276 200 200 276 276 202 202 275 275 204 204 275 275 202 202 275 275 204 204 274 274 206 206 274 274 204 204 274 274 206 206 273 273 208 208 273 273 206 206 273 273 208 208 5 5 210 210 5 5 208 208 5 5 210 210 3 3 278 278 279 279 211 211 280 280 211 211 279 279 211 211 280 280 210 210 281 281 210 210 280 280 210 210 281 281 3 3 201 201 28 28 203 203 30 30 203 203 28 28 203 203 30 30 205 205 214 214 205 205 30 30 205 205 214 214 207 207 216 216 207 207 214 214 207 207 216 216 209 209 218 218 209 209 216 216 209 209 218 218 211 211 220 220 211 211 218 218 211 211 220 220 278 278 222 222 278 278 220 220 282 282 223 223 108 108 221 221 108 108 223 223 108 108 221 221 83 83 219 219 83 83 221 221 83 83 219 219 63 63 217 217 63 63 219 219 63 63 217 217 14 14 215 215 14 14 217 217 14 14 215 215 12 12 213 213 12 12 215 215 12 12 213 213 48 48 212 212 48 48 213 213 283 283 284 284 285 285 26 26 27 27 112 112 286 286 112 112 27 27 112 112 286 286 111 111 287 287 111 111 286 286 111 111 287 287 110 110 288 288 110 110 287 287 110 110 288 288 109 109 283 283 109 109 288 288 109 109 283 283 108 108 285 285 108 108 283 283 108 108 285 285 282 282 24 24 25 25 27 27 289 289 27 27 25 25 27 27 289 289 286 286 290 290 286 286 289 289 286 286 290 290 287 287 291 291 287 287 290 290 287 287 291 291 288 288 2 2 288 288 291 291 288 288 2 2 283 283 1 1 283 283 2 2 283 283 1 1 284 284 21 21 23 23 25 25 292 292 25 25 23 23 25 25 292 292 289 289 293 293 289 289 292 292 289 289 293 293 290 290 294 294 290 290 293 293 290 290 294 294 291 291 295 295 291 291 294 294 291 291 295 295 2 2 296 296 2 2 295 295 2 2 296 296 0 0 22 22 231 231 23 23 121 121 23 23 231 231 23 23 121 121 292 292 90 90 292 292 121 121 292 292 90 90 293 293 89 89 293 293 90 90 293 293 89 89 294 294 113 113 294 294 89 89 294 294 113 113 295 295 224 224 295 295 113 113 295 295 224 224 296 296 297 297 298 298 299 299 300 300 301 301 302 302 302 302 303 303 300 300 304 304 300 300 303 303 300 300 304 304 305 305 304 304 306 306 305 305 307 307 305 305 306 306 305 305 307 307 308 308 309 309 308 308 307 307 308 308 309 309 310 310 309 309 311 311 310 310 312 312 310 310 311 311 310 310 312 312 313 313 314 314 313 313 312 312 313 313 314 314 315 315 314 314 316 316 315 315 317 317 315 315 316 316 315 315 317 317 318 318 317 317 319 319 318 318 320 320 318 318 319 319 318 318 320 320 321 321 322 322 321 321 320 320 321 321 322 322 323 323 322 322 324 324 323 323 325 325 323 323 324 324 323 323 325 325 326 326 327 327 326 326 325 325 326 326 327 327 328 328 329 329 328 328 327 327 328 328 329 329 330 330 331 331 330 330 329 329 330 330 331 331 332 332 331 331 333 333 332 332 334 334 332 332 333 333 332 332 334 334 335 335 334 334 336 336 335 335 337 337 335 335 336 336 335 335 337 337 338 338 337 337 339 339 338 338 340 340 338 338 339 339 338 338 340 340 341 341 342 342 341 341 340 340 341 341 342 342 343 343 342 342 344 344 343 343 345 345 343 343 344 344 343 343 345 345 346 346 347 347 346 346 345 345 346 346 347 347 348 348 347 347 349 349 348 348 350 350 348 348 349 349 348 348 350 350 351 351 350 350 352 352 351 351 353 353 351 351 352 352 351 351 353 353 354 354 355 355 354 354 353 353 354 354 355 355 356 356 355 355 357 357 356 356 358 358 356 356 357 357 356 356 358 358 359 359 360 360 359 359 358 358 359 359 360 360 361 361 362 362 361 361 360 360 361 361 362 362 363 363 364 364 363 363 362 362 363 363 364 364 365 365 364 364 366 366 365 365 367 367 365 365 366 366 365 365 367 367 368 368 367 367 369 369 368 368 370 370 368 368 369 369 368 368 370 370 371 371 370 370 372 372 371 371 373 373 371 371 372 372 371 371 373 373 374 374 375 375 374 374 373 373 374 374 375 375 376 376 375 375 377 377 376 376 378 378 376 376 377 377 376 376 378 378 379 379 380 380 379 379 378 378 379 379 380 380 381 381 380 380 382 382 381 381 383 383 381 381 382 382 381 381 383 383 384 384 383 383 385 385 384 384 386 386 384 384 385 385 384 384 386 386 387 387 388 388 387 387 386 386 387 387 388 388 389 389 388 388 390 390 389 389 391 391 389 389 390 390 389 389 391 391 392 392 393 393 392 392 391 391 392 392 393 393 394 394 395 395 394 394 393 393 394 394 395 395 396 396 397 397 396 396 395 395 396 396 397 397 301 301 398 398 301 301 397 397 301 301 398 398 302 302 392 392 399 399 389 389 400 400 389 389 399 399 389 389 400 400 387 387 401 401 387 387 400 400 387 387 401 401 384 384 402 402 384 384 401 401 384 384 402 402 381 381 403 403 381 381 402 402 381 381 403 403 379 379 404 404 379 379 403 403 379 379 404 404 376 376 405 405 376 376 404 404 376 376 405 405 374 374 406 406 374 374 405 405 374 374 406 406 371 371 407 407 371 371 406 406 371 371 407 407 368 368 408 408 368 368 407 407 368 368 408 408 365 365 409 409 365 365 408 408 365 365 409 409 363 363 410 410 363 363 409 409 363 363 410 410 361 361 411 411 361 361 410 410 361 361 411 411 359 359 412 412 359 359 411 411 359 359 412 412 356 356 413 413 356 356 412 412 356 356 413 413 354 354 414 414 354 354 413 413 354 354 414 414 351 351 415 415 351 351 414 414 351 351 415 415 348 348 416 416 348 348 415 415 348 348 416 416 346 346 417 417 346 346 416 416 346 346 417 417 343 343 418 418 343 343 417 417 343 343 418 418 341 341 419 419 341 341 418 418 341 341 419 419 338 338 420 420 338 338 419 419 338 338 420 420 335 335 421 421 335 335 420 420 335 335 421 421 332 332 422 422 332 332 421 421 332 332 422 422 330 330 423 423 330 330 422 422 330 330 423 423 328 328 424 424 328 328 423 423 328 328 424 424 326 326 425 425 326 326 424 424 326 326 425 425 323 323 426 426 323 323 425 425 323 323 426 426 321 321 427 427 321 321 426 426 321 321 427 427 318 318 428 428 318 318 427 427 318 318 428 428 315 315 429 429 315 315 428 428 315 315 429 429 313 313 430 430 313 313 429 429 313 313 430 430 310 310 431 431 310 310 430 430 310 310 431 431 308 308 432 432 308 308 431 431 308 308 432 432 305 305 433 433 305 305 432 432 305 305 433 433 300 300 434 434 300 300 433 433 300 300 434 434 301 301 435 435 301 301 434 434 301 301 435 435 396 396 436 436 396 396 435 435 396 396 436 436 394 394 437 437 394 394 436 436 394 394 437 437 392 392 399 399 392 392 437 437 399 399 438 438 400 400 439 439 400 400 438 438 400 400 439 439 401 401 440 440 401 401 439 439 401 401 440 440 402 402 441 441 402 402 440 440 402 402 441 441 403 403 442 442 403 403 441 441 403 403 442 442 404 404 443 443 404 404 442 442 404 404 443 443 405 405 444 444 405 405 443 443 405 405 444 444 406 406 445 445 406 406 444 444 406 406 445 445 407 407 446 446 407 407 445 445 407 407 446 446 408 408 447 447 408 408 446 446 408 408 447 447 409 409 448 448 409 409 447 447 409 409 448 448 410 410 449 449 410 410 448 448 410 410 449 449 411 411 450 450 411 411 449 449 411 411 450 450 412 412 451 451 412 412 450 450 412 412 451 451 413 413 452 452 413 413 451 451 413 413 452 452 414 414 453 453 414 414 452 452 414 414 453 453 415 415 454 454 415 415 453 453 415 415 454 454 416 416 455 455 416 416 454 454 416 416 455 455 417 417 456 456 417 417 455 455 417 417 456 456 418 418 457 457 418 418 456 456 418 418 457 457 419 419 458 458 419 419 457 457 419 419 458 458 420 420 459 459 420 420 458 458 420 420 459 459 421 421 460 460 421 421 459 459 421 421 460 460 422 422 461 461 422 422 460 460 422 422 461 461 423 423 462 462 423 423 461 461 423 423 462 462 424 424 463 463 424 424 462 462 424 424 463 463 425 425 464 464 425 425 463 463 425 425 464 464 426 426 465 465 426 426 464 464 426 426 465 465 427 427 466 466 427 427 465 465 427 427 466 466 428 428 467 467 428 428 466 466 428 428 467 467 429 429 468 468 429 429 467 467 429 429 468 468 430 430 469 469 430 430 468 468 430 430 469 469 431 431 470 470 431 431 469 469 431 431 470 470 432 432 471 471 432 432 470 470 432 432 471 471 433 433 472 472 433 433 471 471 433 433 472 472 434 434 473 473 434 434 472 472 434 434 473 473 435 435 474 474 435 435 473 473 435 435 474 474 436 436 475 475 436 436 474 474 436 436 475 475 437 437 476 476 437 437 475 475 437 437 476 476 399 399 438 438 399 399 476 476 438 438 477 477 439 439 478 478 439 439 477 477 439 439 478 478 440 440 479 479 440 440 478 478 440 440 479 479 441 441 480 480 441 441 479 479 441 441 480 480 442 442 481 481 442 442 480 480 442 442 481 481 443 443 482 482 443 443 481 481 443 443 482 482 444 444 483 483 444 444 482 482 444 444 483 483 445 445 484 484 445 445 483 483 445 445 484 484 446 446 485 485 446 446 484 484 446 446 485 485 447 447 486 486 447 447 485 485 447 447 486 486 448 448 487 487 448 448 486 486 448 448 487 487 449 449 488 488 449 449 487 487 449 449 488 488 450 450 489 489 450 450 488 488 450 450 489 489 451 451 490 490 451 451 489 489 451 451 490 490 452 452 491 491 452 452 490 490 452 452 491 491 453 453 492 492 453 453 491 491 453 453 492 492 454 454 493 493 454 454 492 492 454 454 493 493 455 455 494 494 455 455 493 493 455 455 494 494 456 456 495 495 456 456 494 494 456 456 495 495 457 457 496 496 457 457 495 495 457 457 496 496 458 458 497 497 458 458 496 496 458 458 497 497 459 459 498 498 459 459 497 497 459 459 498 498 460 460 499 499 460 460 498 498 460 460 499 499 461 461 500 500 461 461 499 499 461 461 500 500 462 462 501 501 462 462 500 500 462 462 501 501 463 463 502 502 463 463 501 501 463 463 502 502 464 464 503 503 464 464 502 502 464 464 503 503 465 465 504 504 465 465 503 503 465 465 504 504 466 466 505 505 466 466 504 504 466 466 505 505 467 467 506 506 467 467 505 505 467 467 506 506 468 468 507 507 468 468 506 506 468 468 507 507 469 469 508 508 469 469 507 507 469 469 508 508 470 470 509 509 470 470 508 508 470 470 509 509 471 471 510 510 471 471 509 509 471 471 510 510 472 472 511 511 472 472 510 510 472 472 511 511 473 473 512 512 473 473 511 511 473 473 512 512 474 474 513 513 474 474 512 512 474 474 513 513 475 475 514 514 475 475 513 513 475 475 514 514 476 476 515 515 476 476 514 514 476 476 515 515 438 438 477 477 438 438 515 515 477 477 516 516 478 478 517 517 478 478 516 516 478 478 517 517 479 479 518 518 479 479 517 517 479 479 518 518 480 480 519 519 480 480 518 518 480 480 519 519 481 481 520 520 481 481 519 519 481 481 520 520 482 482 521 521 482 482 520 520 482 482 521 521 483 483 522 522 483 483 521 521 483 483 522 522 484 484 523 523 484 484 522 522 484 484 523 523 485 485 524 524 485 485 523 523 485 485 524 524 486 486 525 525 486 486 524 524 486 486 525 525 487 487 526 526 487 487 525 525 487 487 526 526 488 488 527 527 488 488 526 526 488 488 527 527 489 489 528 528 489 489 527 527 489 489 528 528 490 490 529 529 490 490 528 528 490 490 529 529 491 491 530 530 491 491 529 529 491 491 530 530 492 492 531 531 492 492 530 530 492 492 531 531 493 493 532 532 493 493 531 531 493 493 532 532 494 494 533 533 494 494 532 532 494 494 533 533 495 495 534 534 495 495 533 533 495 495 534 534 496 496 535 535 496 496 534 534 496 496 535 535 497 497 536 536 497 497 535 535 497 497 536 536 498 498 537 537 498 498 536 536 498 498 537 537 499 499 538 538 499 499 537 537 499 499 538 538 500 500 298 298 500 500 538 538 500 500 298 298 501 501 297 297 501 501 298 298 501 501 297 297 502 502 539 539 502 502 297 297 502 502 539 539 503 503 540 540 503 503 539 539 503 503 540 540 504 504 541 541 504 504 540 540 504 504 541 541 505 505 542 542 505 505 541 541 505 505 542 542 506 506 543 543 506 506 542 542 506 506 543 543 507 507 544 544 507 507 543 543 507 507 544 544 508 508 545 545 508 508 544 544 508 508 545 545 509 509 546 546 509 509 545 545 509 509 546 546 510 510 547 547 510 510 546 546 510 510 547 547 511 511 548 548 511 511 547 547 511 511 548 548 512 512 549 549 512 512 548 548 512 512 549 549 513 513 550 550 513 513 549 549 513 513 550 550 514 514 551 551 514 514 550 550 514 514 551 551 515 515 552 552 515 515 551 551 515 515 552 552 477 477 516 516 477 477 552 552 299 299 553 553 297 297 554 554 297 297 553 553 297 297 554 554 539 539 555 555 539 539 554 554 539 539 555 555 540 540 556 556 540 540 555 555 540 540 556 556 541 541 557 557 541 541 556 556 541 541 557 557 542 542 558 558 542 542 557 557 542 542 558 558 543 543 559 559 543 543 558 558 543 543 559 559 544 544 560 560 544 544 559 559 544 544 560 560 545 545 561 561 545 545 560 560 545 545 561 561 546 546 562 562 546 546 561 561 546 546 562 562 547 547 528 528 563 563 529 529 564 564 529 529 563 563 529 529 564 564 530 530 565 565 530 530 564 564 530 530 565 565 531 531 566 566 531 531 565 565 531 531 566 566 532 532 567 567 532 532 566 566 532 532 567 567 533 533 568 568 533 533 567 567 533 533 568 568 534 534 569 569 534 534 568 568 534 534 569 569 535 535 570 570 535 535 569 569 535 535 570 570 536 536 571 571 536 536 570 570 536 536 571 571 537 537 572 572 537 537 571 571 537 537 572 572 538 538 573 573 538 538 572 572 538 538 573 573 298 298 574 574 298 298 573 573 298 298 574 574 299 299 562 562 575 575 547 547 576 576 547 547 575 575 547 547 576 576 548 548 577 577 548 548 576 576 548 548 577 577 549 549 578 578 549 549 577 577 549 549 578 578 550 550 579 579 550 550 578 578 550 550 579 579 551 551 580 580 551 551 579 579 551 551 580 580 552 552 581 581 552 552 580 580 552 552 581 581 516 516 582 582 516 516 581 581 516 516 582 582 517 517 583 583 517 517 582 582 517 517 583 583 518 518 584 584 518 518 583 583 518 518 584 584 519 519 585 585 519 519 584 584 519 519 585 585 520 520 586 586 520 520 585 585 520 520 586 586 521 521 587 587 521 521 586 586 521 521 587 587 522 522 588 588 522 522 587 587 522 522 588 588 523 523 589 589 523 523 588 588 523 523 589 589 524 524 590 590 524 524 589 589 524 524 590 590 525 525 591 591 525 525 590 590 525 525 591 591 526 526 592 592 526 526 591 591 526 526 592 592 527 527 593 593 527 527 592 592 527 527 593 593 528 528 594 594 528 528 593 593 528 528 594 594 563 563 595 595 596 596 597 597 598 598 597 597 596 596 597 597 598 598 599 599 600 600 599 599 598 598 599 599 600 600 601 601 602 602 601 601 600 600 601 601 602 602 603 603 604 604 603 603 602 602 603 603 604 604 605 605 606 606 605 605 604 604 605 605 606 606 607 607 608 608 607 607 606 606 607 607 608 608 609 609 610 610 609 609 608 608 609 609 610 610 611 611 612 612 611 611 610 610 611 611 612 612 613 613 614 614 613 613 612 612 613 613 614 614 615 615 616 616 615 615 614 614 615 615 616 616 617 617 618 618 617 617 616 616 617 617 618 618 619 619 620 620 619 619 618 618 619 619 620 620 621 621 622 622 621 621 620 620 621 621 622 622 623 623 624 624 623 623 622 622 623 623 624 624 625 625 626 626 625 625 624 624 625 625 626 626 627 627 628 628 627 627 626 626 627 627 628 628 629 629 630 630 629 629 628 628 629 629 630 630 631 631 632 632 631 631 630 630 631 631 632 632 633 633 634 634 633 633 632 632 633 633 634 634 635 635 636 636 635 635 634 634 635 635 636 636 637 637 638 638 637 637 636 636 637 637 638 638 639 639 640 640 639 639 638 638 639 639 640 640 641 641 642 642 641 641 640 640 641 641 642 642 595 595 596 596 595 595 642 642 643 643 644 644 645 645 646 646 645 645 644 644 645 645 646 646 647 647 648 648 647 647 646 646 647 647 648 648 649 649 650 650 649 649 648 648 649 649 650 650 651 651 652 652 651 651 650 650 651 651 652 652 653 653 654 654 653 653 652 652 653 653 654 654 655 655 656 656 655 655 654 654 655 655 656 656 657 657 658 658 657 657 656 656 657 657 658 658 659 659 660 660 659 659 658 658 659 659 660 660 661 661 662 662 661 661 660 660 661 661 662 662 663 663 664 664 663 663 662 662 663 663 664 664 665 665 666 666 665 665 664 664 665 665 666 666 667 667 668 668 667 667 666 666 667 667 668 668 669 669 670 670 669 669 668 668 669 669 670 670 671 671 672 672 671 671 670 670 671 671 672 672 673 673 674 674 673 673 672 672 673 673 674 674 675 675 676 676 675 675 674 674 675 675 676 676 677 677 678 678 677 677 676 676 677 677 678 678 679 679 680 680 679 679 678 678 679 679 680 680 681 681 682 682 681 681 680 680 681 681 682 682 683 683 684 684 683 683 682 682 683 683 684 684 685 685 686 686 685 685 684 684 685 685 686 686 687 687 688 688 687 687 686 686 687 687 688 688 689 689 690 690 689 689 688 688 689 689 690 690 643 643 644 644 643 643 690 690 691 691 692 692 693 693 694 694 693 693 692 692 693 693 694 694 695 695 696 696 695 695 694 694 695 695 696 696 697 697 698 698 697 697 696 696 697 697 698 698 699 699 700 700 699 699 698 698 699 699 700 700 701 701 702 702 701 701 700 700 701 701 702 702 703 703 704 704 703 703 702 702 703 703 704 704 705 705 706 706 705 705 704 704 705 705 706 706 707 707 708 708 707 707 706 706 707 707 708 708 709 709 710 710 709 709 708 708 709 709 710 710 711 711 712 712 711 711 710 710 711 711 712 712 713 713 714 714 713 713 712 712 713 713 714 714 715 715 716 716 715 715 714 714 715 715 716 716 717 717 718 718 717 717 716 716 717 717 718 718 719 719 720 720 719 719 718 718 719 719 720 720 721 721 722 722 721 721 720 720 721 721 722 722 723 723 724 724 723 723 722 722 723 723 724 724 725 725 726 726 725 725 724 724 725 725 726 726 727 727 728 728 727 727 726 726 727 727 728 728 729 729 730 730 729 729 728 728 729 729 730 730 731 731 732 732 731 731 730 730 731 731 732 732 733 733 734 734 733 733 732 732 733 733 734 734 735 735 736 736 735 735 734 734 735 735 736 736 737 737 738 738 737 737 736 736 737 737 738 738 691 691 692 692 691 691 738 738 739 739 740 740 741 741 742 742 741 741 740 740 741 741 742 742 743 743 744 744 743 743 742 742 743 743 744 744 745 745 746 746 745 745 744 744 745 745 746 746 747 747 748 748 747 747 746 746 747 747 748 748 749 749 750 750 749 749 748 748 749 749 750 750 751 751 752 752 751 751 750 750 751 751 752 752 753 753 754 754 753 753 752 752 753 753 754 754 755 755 756 756 755 755 754 754 755 755 756 756 757 757 758 758 757 757 756 756 757 757 758 758 759 759 760 760 759 759 758 758 759 759 760 760 761 761 762 762 761 761 760 760 761 761 762 762 763 763 764 764 763 763 762 762 763 763 764 764 765 765 766 766 765 765 764 764 765 765 766 766 767 767 768 768 767 767 766 766 767 767 768 768 769 769 770 770 769 769 768 768 769 769 770 770 771 771 772 772 771 771 770 770 771 771 772 772 773 773 774 774 773 773 772 772 773 773 774 774 775 775 776 776 775 775 774 774 775 775 776 776 777 777 778 778 777 777 776 776 777 777 778 778 779 779 780 780 779 779 778 778 779 779 780 780 781 781 782 782 781 781 780 780 781 781 782 782 783 783 784 784 783 783 782 782 783 783 784 784 785 785 786 786 785 785 784 784 785 785 786 786 739 739 740 740 739 739 786 786 787 787 788 788 789 789 787 787 789 789 790 790 791 791 790 790 789 789 790 790 791 791 792 792 791 791 793 793 792 792 794 794 792 792 793 793 792 792 794 794 795 795 796 796 795 795 794 794 795 795 796 796 797 797 798 798 797 797 796 796 797 797 798 798 799 799 800 800 799 799 798 798 799 799 800 800 801 801 802 802 801 801 800 800 801 801 802 802 803 803 804 804 803 803 802 802 803 803 804 804 805 805 806 806 805 805 804 804 805 805 806 806 807 807 808 808 807 807 806 806 807 807 808 808 809 809 810 810 809 809 808 808 809 809 810 810 811 811 811 811 810 810 812 812 813 813 812 812 810 810 812 812 813 813 814 814 815 815 814 814 813 813 814 814 815 815 816 816 817 817 816 816 815 815 816 816 817 817 818 818 819 819 818 818 817 817 818 818 819 819 820 820 787 787 821 821 788 788 822 822 788 788 821 821 788 788 822 822 823 823 824 824 823 823 822 822 823 823 824 824 825 825 826 826 825 825 824 824 825 825 826 826 827 827 828 828 827 827 826 826 827 827 828 828 829 829 830 830 829 829 828 828 829 829 830 830 831 831 832 832 831 831 830 830 831 831 832 832 833 833 834 834 833 833 832 832 833 833 834 834 835 835 836 836 835 835 834 834 835 835 836 836 837 837 838 838 837 837 836 836 837 837 838 838 839 839 840 840 839 839 838 838 839 839 840 840 841 841 842 842 841 841 840 840 841 841 842 842 843 843 844 844 843 843 842 842 843 843 844 844 845 845 846 846 845 845 844 844 845 845 846 846 847 847 848 848 847 847 846 846 847 847 848 848 849 849 850 850 849 849 848 848 849 849 850 850 851 851 852 852 851 851 850 850 851 851 852 852 853 853 854 854 853 853 852 852 853 853 854 854 855 855 856 856 855 855 854 854 855 855 856 856 857 857 858 858 857 857 856 856 857 857 858 858 859 859 860 860 859 859 858 858 859 859 860 860 861 861 862 862 861 861 860 860 861 861 862 862 863 863 864 864 863 863 862 862 863 863 864 864 865 865 866 866 865 865 864 864 865 865 866 866 867 867 868 868 867 867 866 866 867 867 868 868 869 869 870 870 869 869 868 868 869 869 870 870 871 871 872 872 871 871 870 870 871 871 872 872 873 873 874 874 873 873 872 872 873 873 874 874 875 875 876 876 875 875 874 874 875 875 876 876 877 877 878 878 877 877 876 876 877 877 878 878 879 879 880 880 879 879 878 878 879 879 880 880 881 881 882 882 881 881 880 880 881 881 882 882 883 883 884 884 883 883 882 882 883 883 884 884 885 885 886 886 885 885 884 884 885 885 886 886 887 887 888 888 887 887 886 886 887 887 888 888 889 889 820 820 889 889 888 888 889 889 820 820 890 890 819 819 890 890 820 820 891 891 892 892 893 893 894 894 893 893 892 892 893 893 894 894 895 895 896 896 897 897 898 898 899 899 898 898 897 897 897 897 900 900 899 899 901 901 899 899 900 900 899 899 901 901 902 902 903 903 904 904 905 905 906 906 905 905 904 904 891 891 904 904 907 907 908 908 907 907 904 904 909 909 910 910 911 911 912 912 911 911 910 910 911 911 912 912 913 913 914 914 913 913 912 912 913 913 914 914 915 915 916 916 915 915 914 914 915 915 916 916 917 917 918 918 917 917 916 916 917 917 918 918 919 919 903 903 920 920 904 904 921 921 904 904 920 920 904 904 921 921 908 908 902 902 922 922 899 899 923 923 899 899 922 922 899 899 923 923 911 911 924 924 911 911 923 923 911 911 924 924 909 909 925 925 926 926 927 927 928 928 927 927 926 926 927 927 928 928 929 929 930 930 929 929 928 928 918 918 931 931 919 919 932 932 919 919 931 931 919 919 932 932 933 933 934 934 933 933 932 932 933 933 934 934 935 935 936 936 935 935 934 934 935 935 936 936 937 937 938 938 937 937 936 936 939 939 940 940 925 925 941 941 925 925 940 940 925 925 941 941 926 926 896 896 942 942 897 897 943 943 897 897 942 942 897 897 943 943 944 944 945 945 944 944 943 943 944 944 945 945 946 946 947 947 946 946 945 945 946 946 947 947 925 925 939 939 948 948 949 949 949 949 950 950 939 939 951 951 939 939 950 950 939 939 951 951 952 952 895 895 953 953 893 893 939 939 893 893 953 953 893 893 939 939 954 954 952 952 954 954 939 939 955 955 956 956 938 938 957 957 938 938 956 956 938 938 957 957 937 937 930 930 958 958 929 929 959 959 929 929 958 958 929 929 959 959 960 960 961 961 960 960 959 959 960 960 961 961 962 962 947 947 963 963 925 925 964 964 925 925 963 963 925 925 964 964 939 939 965 965 939 939 964 964 939 939 965 965 948 948 960 960 966 966 929 929 967 967 929 929 966 966 929 929 967 967 955 955 968 968 955 955 967 967 955 955 968 968 956 956 962 962 969 969 960 960 970 970 960 960 969 969 960 960 970 970 906 906 971 971 906 906 970 970 906 906 971 971 905 905 972 972 973 973 974 974 974 974 973 973 975 975 976 976 975 975 973 973 975 975 976 976 977 977 978 978 977 977 976 976 977 977 978 978 979 979 979 979 980 980 977 977 981 981 977 977 980 980 977 977 981 981 982 982 983 983 984 984 985 985 983 983 985 985 986 986 893 893 987 987 988 988 891 891 893 893 904 904 988 988 904 904 893 893 904 904 988 988 989 989 984 984 990 990 985 985 991 991 985 985 990 990 985 985 991 991 992 992 993 993 992 992 991 991 992 992 993 993 987 987 994 994 987 987 993 993 987 987 994 994 988 988 995 995 996 996 997 997 997 997 996 996 998 998 997 997 999 999 995 995 1000 1000 995 995 999 999 995 995 1000 1000 989 989 1001 1001 989 989 1000 1000 989 989 1001 1001 904 904 972 972 974 974 1002 1002 1003 1003 1002 1002 974 974 1002 1002 1003 1003 1004 1004 1005 1005 1004 1004 1003 1003 1004 1004 1005 1005 1006 1006 1007 1007 1006 1006 1005 1005 1006 1006 1007 1007 1008 1008 1009 1009 1008 1008 1007 1007 1008 1008 1009 1009 996 996 1010 1010 996 996 1009 1009 996 996 1010 1010 998 998 982 982 1011 1011 977 977 1012 1012 977 977 1011 1011 977 977 1012 1012 1013 1013 1014 1014 1013 1013 1012 1012 1012 1012 1015 1015 1016 1016 1017 1017 1018 1018 1012 1012 1019 1019 1012 1012 1018 1018 1012 1012 1019 1019 1014 1014 1016 1016 1020 1020 1012 1012 1021 1021 1012 1012 1020 1020 1012 1012 1021 1021 1022 1022 1022 1022 1023 1023 1012 1012 1024 1024 1012 1012 1023 1023 1012 1012 1024 1024 1017 1017 1025 1025 1026 1026 1015 1015 1027 1027 1028 1028 1012 1012 1028 1028 1029 1029 1012 1012 1030 1030 1012 1012 1029 1029 1012 1012 1030 1030 1015 1015 1031 1031 1015 1015 1030 1030 1015 1015 1031 1031 1025 1025 1026 1026 1032 1032 1015 1015 1033 1033 1015 1015 1032 1032 1015 1015 1033 1033 1034 1034 1033 1033 1035 1035 1034 1034 1036 1036 1034 1034 1035 1035 1034 1034 1036 1036 1037 1037 1038 1038 1037 1037 1036 1036 1037 1037 1038 1038 1039 1039 911 911 1040 1040 1041 1041 1042 1042 1043 1043 1044 1044 1045 1045 1044 1044 1043 1043 1044 1044 1045 1045 1046 1046 1047 1047 899 899 1048 1048 911 911 1048 1048 899 899 1048 1048 911 911 1049 1049 1041 1041 1049 1049 911 911 1038 1038 1050 1050 1039 1039 1051 1051 1039 1039 1050 1050 1039 1039 1051 1051 1052 1052 1046 1046 1052 1052 1051 1051 1052 1052 1046 1046 1053 1053 1045 1045 1053 1053 1046 1046 1040 1040 1054 1054 1041 1041 1055 1055 1041 1041 1054 1054 1041 1041 1055 1055 1042 1042 1056 1056 1042 1042 1055 1055 1042 1042 1056 1056 1043 1043 1057 1057 1058 1058 1059 1059 1060 1060 1059 1059 1058 1058 1059 1059 1060 1060 1047 1047 1061 1061 1047 1047 1060 1060 1047 1047 1061 1061 899 899 986 986 985 985 1011 1011 1062 1062 1011 1011 985 985 1011 1011 1062 1062 1012 1012 1063 1063 1012 1012 1062 1062 1012 1012 1063 1063 1064 1064 1057 1057 1065 1065 1058 1058 1027 1027 1058 1058 1065 1065 1058 1058 1027 1027 1066 1066 1012 1012 1066 1066 1027 1027 1066 1066 1012 1012 1067 1067 1064 1064 1067 1067 1012 1012 1068 1068 1069 1069 1070 1070 1071 1071 1072 1072 1073 1073 1074 1074 1075 1075 1076 1076 1077 1077 1076 1076 1075 1075 1076 1076 1077 1077 1078 1078 1079 1079 1078 1078 1077 1077 1078 1078 1079 1079 1080 1080 1081 1081 579 579 1082 1082 578 578 1082 1082 579 579 1083 1083 1084 1084 576 576 1082 1082 576 576 1084 1084 576 576 1082 1082 577 577 578 578 577 577 1082 1082 1074 1074 1076 1076 1085 1085 594 594 1085 1085 1076 1076 1085 1085 594 594 1086 1086 1073 1073 1087 1087 1071 1071 1088 1088 1071 1071 1087 1087 1071 1071 1088 1088 1089 1089 1090 1090 1089 1089 1088 1088 1089 1089 1090 1090 1091 1091 1090 1090 1092 1092 1091 1091 1093 1093 1091 1091 1092 1092 1091 1091 1093 1093 1094 1094 1068 1068 1094 1094 1093 1093 1094 1094 1068 1068 1095 1095 1070 1070 1095 1095 1068 1068 1096 1096 1097 1097 1098 1098 1080 1080 1099 1099 1078 1078 1100 1100 1078 1078 1099 1099 1078 1078 1100 1100 1072 1072 1101 1101 1072 1072 1100 1100 1072 1072 1101 1101 1073 1073 1098 1098 1102 1102 1096 1096 1103 1103 1096 1096 1102 1102 1096 1096 1103 1103 576 576 1104 1104 576 576 1103 1103 576 576 1104 1104 1083 1083 1105 1105 1106 1106 1107 1107 1070 1070 1107 1107 1106 1106 1107 1107 1070 1070 1108 1108 1069 1069 1108 1108 1070 1070 1097 1097 1096 1096 1109 1109 1110 1110 1109 1109 1096 1096 1109 1109 1110 1110 1111 1111 1112 1112 1111 1111 1110 1110 1111 1111 1112 1112 1113 1113 1114 1114 1113 1113 1112 1112 1113 1113 1114 1114 1115 1115 1116 1116 1115 1115 1114 1114 1115 1115 1116 1116 1117 1117 1118 1118 1117 1117 1116 1116 1117 1117 1118 1118 1119 1119 1120 1120 582 582 1121 1121 581 581 1121 1121 582 582 1121 1121 581 581 1081 1081 580 580 1081 1081 581 581 1081 1081 580 580 579 579 1122 1122 588 588 1123 1123 587 587 1123 1123 588 588 1123 1123 587 587 586 586 1069 1069 1124 1124 1108 1108 1125 1125 1108 1108 1124 1124 1108 1108 1125 1125 1122 1122 1126 1126 1122 1122 1125 1125 1122 1122 1126 1126 588 588 1127 1127 588 588 1126 1126 588 588 1127 1127 589 589 1128 1128 589 589 1127 1127 1119 1119 1118 1118 1129 1129 1130 1130 1129 1129 1118 1118 1129 1129 1130 1130 1131 1131 1132 1132 1131 1131 1130 1130 1131 1131 1132 1132 1105 1105 1133 1133 1105 1105 1132 1132 1105 1105 1133 1133 1106 1106 586 586 585 585 1123 1123 584 584 1123 1123 585 585 1123 1123 584 584 1120 1120 583 583 1120 1120 584 584 1120 1120 583 583 582 582 594 594 593 593 1086 1086 592 592 1086 1086 593 593 1086 1086 592 592 1134 1134 591 591 1134 1134 592 592 1134 1134 591 591 1128 1128 590 590 1128 1128 591 591 1128 1128 590 590 589 589 1135 1135 576 576 575 575 1136 1136 1096 1096 1137 1137 1138 1138 1139 1139 1140 1140 1141 1141 1142 1142 1143 1143 575 575 562 562 1135 1135 561 561 1135 1135 562 562 1135 1135 561 561 1144 1144 576 576 1135 1135 1096 1096 1145 1145 1096 1096 1135 1135 1096 1096 1145 1145 1137 1137 1146 1146 1147 1147 1148 1148 1149 1149 1148 1148 1147 1147 1148 1148 1149 1149 1150 1150 1151 1151 1150 1150 1149 1149 1150 1150 1151 1151 1152 1152 1148 1148 1153 1153 1146 1146 1154 1154 1146 1146 1153 1153 1146 1146 1154 1154 1155 1155 1156 1156 1155 1155 1154 1154 1155 1155 1156 1156 1139 1139 1157 1157 1139 1139 1156 1156 1139 1139 1157 1157 1140 1140 1140 1140 1158 1158 1138 1138 1159 1159 1138 1138 1158 1158 1138 1138 1159 1159 1143 1143 1160 1160 1143 1143 1159 1159 1143 1143 1160 1160 1141 1141 1161 1161 1162 1162 1163 1163 1151 1151 1164 1164 1152 1152 1165 1165 1152 1152 1164 1164 1152 1152 1165 1165 1137 1137 1166 1166 1137 1137 1165 1165 1137 1137 1166 1166 1136 1136 1161 1161 1163 1163 1167 1167 1168 1168 1169 1169 556 556 1162 1162 1170 1170 1163 1163 1168 1168 1163 1163 1170 1170 1163 1163 1168 1168 555 555 556 556 555 555 1168 1168 561 561 560 560 1144 1144 559 559 1144 1144 560 560 1144 1144 559 559 1171 1171 558 558 1171 1171 559 559 1171 1171 558 558 1169 1169 557 557 1169 1169 558 558 1169 1169 557 557 556 556 1142 1142 1167 1167 1143 1143 1163 1163 1143 1143 1167 1167 1143 1143 1163 1163 1172 1172 553 553 1173 1173 1163 1163 1174 1174 1163 1163 1173 1173 1163 1163 1174 1174 1172 1172 299 299 1175 1175 553 553 1176 1176 553 553 1175 1175 553 553 1176 1176 1173 1173 1177 1177 1178 1178 1179 1179 1179 1179 1180 1180 1177 1177 1181 1181 1177 1177 1180 1180 1177 1177 1181 1181 299 299 1182 1182 299 299 1181 1181 299 299 1182 1182 1175 1175 1183 1183 1184 1184 1185 1185 1186 1186 1185 1185 1184 1184 1185 1185 1186 1186 1187 1187 1188 1188 1189 1189 1178 1178 1190 1190 1178 1178 1189 1189 1178 1178 1190 1190 1183 1183 1191 1191 1183 1183 1190 1190 1183 1183 1191 1191 1184 1184 572 572 1192 1192 573 573 1193 1193 573 573 1192 1192 573 573 1193 1193 1177 1177 1194 1194 1177 1177 1193 1193 1194 1194 1195 1195 1177 1177 1196 1196 1177 1177 1195 1195 1177 1177 1196 1196 1178 1178 1197 1197 1178 1178 1196 1196 1178 1178 1197 1197 1188 1188 1186 1186 1198 1198 1187 1187 1199 1199 1187 1187 1198 1198 1187 1187 1199 1199 1200 1200 1201 1201 1200 1200 1199 1199 1200 1200 1201 1201 1202 1202 1203 1203 1202 1202 1201 1201 1202 1202 1203 1203 1204 1204 1205 1205 1204 1204 1203 1203 1204 1204 1205 1205 1206 1206 1207 1207 1206 1206 1205 1205 1206 1206 1207 1207 1208 1208 1209 1209 1208 1208 1207 1207 1208 1208 1209 1209 1210 1210 1211 1211 567 567 1212 1212 566 566 1212 1212 567 567 1212 1212 566 566 565 565 572 572 571 571 1192 1192 570 570 1192 1192 571 571 1192 1192 570 570 1213 1213 569 569 1213 1213 570 570 1213 1213 569 569 1211 1211 568 568 1211 1211 569 569 1211 1211 568 568 567 567 1214 1214 1215 1215 1209 1209 1216 1216 1209 1209 1215 1215 1209 1209 1216 1216 1210 1210 565 565 564 564 1212 1212 1076 1076 1212 1212 564 564 1212 1212 1076 1076 1217 1217 1078 1078 1217 1217 1076 1076 1217 1217 1078 1078 1214 1214 1218 1218 1214 1214 1078 1078 1214 1214 1218 1218 1215 1215 185 185 349 349 255 255 347 347 255 255 349 349 255 255 347 347 256 256 345 345 256 256 347 347 256 256 345 345 257 257 344 344 257 257 345 345 257 257 344 344 258 258 342 342 258 258 344 344 258 258 342 342 6 6 340 340 6 6 342 342 6 6 340 340 7 7 339 339 7 7 340 340 7 7 339 339 160 160 337 337 160 160 339 339 160 160 337 337 159 159 336 336 159 159 337 337 159 159 336 336 244 244 334 334 244 244 336 336 244 244 334 334 245 245 333 333 245 245 334 334 245 245 333 333 246 246 331 331 246 246 333 333 246 246 331 331 247 247 329 329 247 247 331 331 247 247 329 329 248 248 327 327 248 248 329 329 248 248 327 327 249 249 325 325 249 249 327 327 249 249 325 325 243 243 324 324 243 243 325 325 243 243 324 324 238 238 322 322 238 238 324 324 238 238 322 322 239 239 320 320 239 239 322 322 239 239 320 320 236 236 319 319 236 236 320 320 236 236 319 319 147 147 317 317 147 147 319 319 147 147 317 317 146 146 316 316 146 146 317 317 146 146 316 316 232 232 314 314 232 232 316 316 232 232 314 314 233 233 312 312 233 233 314 314 233 233 312 312 234 234 311 311 234 234 312 312 234 234 311 311 235 235 309 309 235 235 311 311 235 235 309 309 9 9 307 307 9 9 309 309 9 9 307 307 10 10 306 306 10 10 307 307 10 10 306 306 116 116 304 304 116 116 306 306 116 116 304 304 117 117 303 303 117 117 304 304 117 117 303 303 227 227 302 302 227 227 303 303 227 227 302 302 226 226 398 398 226 226 302 302 226 226 398 398 225 225 397 397 225 225 398 398 225 225 397 397 224 224 395 395 224 224 397 397 224 224 395 395 296 296 393 393 296 296 395 395 296 296 393 393 0 0 391 391 0 0 393 393 0 0 391 391 1 1 390 390 1 1 391 391 1 1 390 390 284 284 388 388 284 284 390 390 284 284 388 388 285 285 386 386 285 285 388 388 285 285 386 386 282 282 385 385 282 282 386 386 282 282 385 385 223 223 383 383 223 223 385 385 223 223 383 383 222 222 382 382 222 222 383 383 222 222 382 382 278 278 380 380 278 278 382 382 278 278 380 380 279 279 378 378 279 279 380 380 279 279 378 378 280 280 377 377 280 280 378 378 280 280 377 377 281 281 375 375 281 281 377 377 281 281 375 375 3 3 373 373 3 3 375 375 3 3 373 373 4 4 372 372 4 4 373 373 4 4 372 372 199 199 370 370 199 199 372 372 199 199 370 370 198 198 369 369 198 198 370 370 198 198 369 369 267 267 367 367 267 267 369 369 267 267 367 367 268 268 366 366 268 268 367 367 268 268 366 366 269 269 364 364 269 269 366 366 269 269 364 364 270 270 362 362 270 270 364 364 270 270 362 362 271 271 360 360 271 271 362 362 271 271 360 360 272 272 358 358 272 272 360 360 272 272 358 358 266 266 357 357 266 266 358 358 266 266 357 357 261 261 355 355 261 261 357 357 261 261 355 355 262 262 353 353 262 262 355 355 262 262 353 353 259 259 352 352 259 259 353 353 259 259 352 352 186 186 350 350 186 186 352 352 186 186 350 350 185 185 349 349 185 185 350 350 1219 1219 1220 1220 1221 1221 1222 1222 1223 1223 1224 1224 1225 1225 1226 1226 1227 1227 1228 1228 1227 1227 1226 1226 1227 1227 1228 1228 1229 1229 1228 1228 1230 1230 1229 1229 1231 1231 1229 1229 1230 1230 1229 1229 1231 1231 1232 1232 1233 1233 1232 1232 1231 1231 1232 1232 1233 1233 1234 1234 1235 1235 1236 1236 1237 1237 1238 1238 1237 1237 1236 1236 1220 1220 1239 1239 1240 1240 1241 1241 1240 1240 1239 1239 1240 1240 1241 1241 1242 1242 1222 1222 1224 1224 1243 1243 1225 1225 1244 1244 1226 1226 1245 1245 1226 1226 1244 1244 1226 1226 1245 1245 1246 1246 1247 1247 1246 1246 1245 1245 1246 1246 1247 1247 1248 1248 1219 1219 1249 1249 1220 1220 1250 1250 1220 1220 1249 1249 1220 1220 1250 1250 1239 1239 1241 1241 1251 1251 1242 1242 1252 1252 1242 1242 1251 1251 1242 1242 1252 1252 1238 1238 1253 1253 1238 1238 1252 1252 1238 1238 1253 1253 1237 1237 1233 1233 1254 1254 1234 1234 1255 1255 1234 1234 1254 1254 1234 1234 1255 1255 1222 1222 1248 1248 1256 1256 1246 1246 1257 1257 1246 1246 1256 1256 1246 1246 1257 1257 1258 1258 1223 1223 1259 1259 1260 1260 1261 1261 1262 1262 1263 1263 1264 1264 1263 1263 1262 1262 1263 1263 1264 1264 1265 1265 1266 1266 1265 1265 1264 1264 1265 1265 1266 1266 1267 1267 1268 1268 1267 1267 1266 1266 1267 1267 1268 1268 1269 1269 1270 1270 1269 1269 1268 1268 1269 1269 1270 1270 1271 1271 1272 1272 1271 1271 1270 1270 1271 1271 1272 1272 1273 1273 1274 1274 1273 1273 1272 1272 1274 1274 1275 1275 1273 1273 1276 1276 1273 1273 1275 1275 1273 1273 1276 1276 1277 1277 1255 1255 1278 1278 1222 1222 1279 1279 1222 1222 1278 1278 1222 1222 1279 1279 1223 1223 1280 1280 1223 1223 1279 1279 1223 1223 1280 1280 1259 1259 1258 1258 1281 1281 1246 1246 1282 1282 1246 1246 1281 1281 1246 1246 1282 1282 1237 1237 1283 1283 1237 1237 1282 1282 1237 1237 1283 1283 1235 1235 1277 1277 1219 1219 1273 1273 1221 1221 1273 1273 1219 1219 1273 1273 1221 1221 1284 1284 1243 1243 1284 1284 1221 1221 1284 1284 1243 1243 1285 1285 1224 1224 1285 1285 1243 1243 1286 1286 1287 1287 1288 1288 1289 1289 1288 1288 1287 1287 1288 1288 1289 1289 1290 1290 1291 1291 1290 1290 1289 1289 1290 1290 1291 1291 1292 1292 1293 1293 1292 1292 1291 1291 1292 1292 1293 1293 1294 1294 1295 1295 1294 1294 1293 1293 1294 1294 1295 1295 1296 1296 1297 1297 1296 1296 1295 1295 1296 1296 1297 1297 1298 1298 1223 1223 1298 1298 1297 1297 1298 1298 1223 1223 1299 1299 1260 1260 1299 1299 1223 1223 1286 1286 1300 1300 1287 1287 1301 1301 1287 1287 1300 1300 1287 1287 1301 1301 1302 1302 1246 1246 1303 1303 1304 1304 1226 1226 1305 1305 1306 1306 1302 1302 1301 1301 1307 1307 1308 1308 1307 1307 1301 1301 1307 1307 1308 1308 1309 1309 1309 1309 1308 1308 1310 1310 1311 1311 1310 1310 1308 1308 1310 1310 1311 1311 1312 1312 1313 1313 1312 1312 1311 1311 1312 1312 1313 1313 1314 1314 1314 1314 1313 1313 1315 1315 1316 1316 1315 1315 1313 1313 1315 1315 1316 1316 1317 1317 1226 1226 1306 1306 1318 1318 1319 1319 1318 1318 1306 1306 1318 1318 1319 1319 1320 1320 1304 1304 1321 1321 1246 1246 1322 1322 1246 1246 1321 1321 1246 1246 1322 1322 1226 1226 1323 1323 1226 1226 1322 1322 1226 1226 1323 1323 1305 1305 1319 1319 1324 1324 1320 1320 1325 1325 1320 1320 1324 1324 1320 1320 1325 1325 1316 1316 1326 1326 1316 1316 1325 1325 1316 1316 1326 1326 1317 1317 1327 1327 1317 1317 1326 1326 1328 1328 1329 1329 1330 1330 1331 1331 1330 1330 1329 1329 1330 1330 1331 1331 1332 1332 1333 1333 1332 1332 1331 1331 1332 1332 1333 1333 1334 1334 1335 1335 1334 1334 1333 1333 1334 1334 1335 1335 1336 1336 1337 1337 1336 1336 1335 1335 1336 1336 1337 1337 1338 1338 1317 1317 1338 1338 1337 1337 1338 1338 1317 1317 1339 1339 1327 1327 1339 1339 1317 1317 1340 1340 1341 1341 1342 1342 1303 1303 1246 1246 1342 1342 1343 1343 1342 1342 1246 1246 1342 1342 1343 1343 1340 1340 1344 1344 1345 1345 1346 1346 1328 1328 1347 1347 1329 1329 1344 1344 1329 1329 1347 1347 1329 1329 1344 1344 1348 1348 1346 1346 1348 1348 1344 1344 1349 1349 1350 1350 1351 1351 1352 1352 1351 1351 1350 1350 1351 1351 1352 1352 1353 1353 1354 1354 1355 1355 1356 1356 1357 1357 1356 1356 1355 1355 1356 1356 1357 1357 1358 1358 1359 1359 1358 1358 1357 1357 1358 1358 1359 1359 1352 1352 1360 1360 1352 1352 1359 1359 1352 1352 1360 1360 1353 1353 1361 1361 1353 1353 1360 1360 1353 1353 1361 1361 1362 1362 1363 1363 1362 1362 1361 1361 1362 1362 1363 1363 1364 1364 1365 1365 1364 1364 1363 1363 1364 1364 1365 1365 1345 1345 1366 1366 1345 1345 1365 1365 1345 1345 1366 1366 1346 1346 1341 1341 1340 1340 1351 1351 1367 1367 1351 1351 1340 1340 1351 1351 1367 1367 1349 1349 1368 1368 1369 1369 1370 1370 1371 1371 1372 1372 1246 1246 1373 1373 1246 1246 1372 1372 1246 1246 1373 1373 1343 1343 1374 1374 1375 1375 1376 1376 1377 1377 1376 1376 1375 1375 1378 1378 1379 1379 1380 1380 1381 1381 1382 1382 1237 1237 1378 1378 1380 1380 1376 1376 1383 1383 1376 1376 1380 1380 1376 1376 1383 1383 1374 1374 1356 1356 1384 1384 1354 1354 1385 1385 1354 1354 1384 1384 1354 1354 1385 1385 1386 1386 1387 1387 1386 1386 1385 1385 1386 1386 1387 1387 1388 1388 1389 1389 1388 1388 1387 1387 1388 1388 1389 1389 1390 1390 1391 1391 1390 1390 1389 1389 1390 1390 1391 1391 1392 1392 1393 1393 1392 1392 1391 1391 1392 1392 1393 1393 1394 1394 1395 1395 1394 1394 1393 1393 1394 1394 1395 1395 1396 1396 1397 1397 1396 1396 1395 1395 1396 1396 1397 1397 1383 1383 1398 1398 1383 1383 1397 1397 1383 1383 1398 1398 1374 1374 1370 1370 1369 1369 1377 1377 1399 1399 1377 1377 1369 1369 1377 1377 1399 1399 1376 1376 1379 1379 1378 1378 1400 1400 1401 1401 1400 1400 1378 1378 1400 1400 1401 1401 1402 1402 1403 1403 1402 1402 1401 1401 1402 1402 1403 1403 1404 1404 1237 1237 1382 1382 1246 1246 1405 1405 1246 1246 1382 1382 1246 1246 1405 1405 1371 1371 1368 1368 1370 1370 1237 1237 1406 1406 1237 1237 1370 1370 1237 1237 1406 1406 1381 1381 1404 1404 1403 1403 1407 1407 1408 1408 1407 1407 1403 1403 1407 1407 1408 1408 1261 1261 1409 1409 1261 1261 1408 1408 1261 1261 1409 1409 1262 1262 1410 1410 1411 1411 1412 1412 1413 1413 1412 1412 1411 1411 1412 1412 1413 1413 1414 1414 1415 1415 1414 1414 1413 1413 1414 1414 1415 1415 1416 1416 1417 1417 1416 1416 1415 1415 1416 1416 1417 1417 1418 1418 1419 1419 1418 1418 1417 1417 1418 1418 1419 1419 1420 1420 1421 1421 1420 1420 1419 1419 1420 1420 1421 1421 1422 1422 1423 1423 1422 1422 1421 1421 1422 1422 1423 1423 1424 1424 1425 1425 1424 1424 1423 1423 1424 1424 1425 1425 1426 1426 1427 1427 1426 1426 1425 1425 1426 1426 1427 1427 1428 1428 1429 1429 1428 1428 1427 1427 1428 1428 1429 1429 1430 1430 1431 1431 1432 1432 1433 1433 1434 1434 1433 1433 1432 1432 1433 1433 1434 1434 1435 1435 1436 1436 1435 1435 1434 1434 1435 1435 1436 1436 1437 1437 1438 1438 1437 1437 1436 1436 1437 1437 1438 1438 1439 1439 1440 1440 1439 1439 1438 1438 1439 1439 1440 1440 1441 1441 1442 1442 1441 1441 1440 1440 1441 1441 1442 1442 1443 1443 1444 1444 1443 1443 1442 1442 1443 1443 1444 1444 1445 1445 1446 1446 1445 1445 1444 1444 1445 1445 1446 1446 1447 1447 1448 1448 1447 1447 1446 1446 1447 1447 1448 1448 1449 1449 1450 1450 1449 1449 1448 1448 1449 1449 1450 1450 1451 1451 1452 1452 1451 1451 1450 1450 1451 1451 1452 1452 1453 1453 1454 1454 1453 1453 1452 1452 1453 1453 1454 1454 1410 1410 1455 1455 1410 1410 1454 1454 1410 1410 1455 1455 1411 1411 1456 1456 1457 1457 1458 1458 1459 1459 1458 1458 1457 1457 1458 1458 1459 1459 1460 1460 1461 1461 1460 1460 1459 1459 1460 1460 1461 1461 1462 1462 1463 1463 1462 1462 1461 1461 1462 1462 1463 1463 1464 1464 1465 1465 1464 1464 1463 1463 1464 1464 1465 1465 1466 1466 1467 1467 1466 1466 1465 1465 1466 1466 1467 1467 1468 1468 1469 1469 1468 1468 1467 1467 1468 1468 1469 1469 1470 1470 1471 1471 1470 1470 1469 1469 1470 1470 1471 1471 1472 1472 1473 1473 1472 1472 1471 1471 1472 1472 1473 1473 1474 1474 1475 1475 1474 1474 1473 1473 1474 1474 1475 1475 1476 1476 1477 1477 1476 1476 1475 1475 1476 1476 1477 1477 1478 1478 1479 1479 1478 1478 1477 1477 1478 1478 1479 1479 1480 1480 1481 1481 1480 1480 1479 1479 1480 1480 1481 1481 1482 1482 1483 1483 1482 1482 1481 1481 1482 1482 1483 1483 1484 1484 1485 1485 1484 1484 1483 1483 1484 1484 1485 1485 1431 1431 1486 1486 1431 1431 1485 1485 1431 1431 1486 1486 1432 1432 1429 1429 1487 1487 1430 1430 1488 1488 1430 1430 1487 1487 1430 1430 1488 1488 1489 1489 1490 1490 1489 1489 1488 1488 1489 1489 1490 1490 1491 1491 1492 1492 1491 1491 1490 1490 1491 1491 1492 1492 1493 1493 1494 1494 1493 1493 1492 1492 1493 1493 1494 1494 1495 1495 1496 1496 1495 1495 1494 1494 1495 1495 1496 1496 1497 1497 1498 1498 1497 1497 1496 1496 1497 1497 1498 1498 1499 1499 1500 1500 1499 1499 1498 1498 1499 1499 1500 1500 1501 1501 1502 1502 1501 1501 1500 1500 1501 1501 1502 1502 1503 1503 1504 1504 1503 1503 1502 1502 1503 1503 1504 1504 1505 1505 1506 1506 1505 1505 1504 1504 1505 1505 1506 1506 1507 1507 1508 1508 1507 1507 1506 1506 1507 1507 1508 1508 1509 1509 1510 1510 1509 1509 1508 1508 1509 1509 1510 1510 1511 1511 1512 1512 1511 1511 1510 1510 1511 1511 1512 1512 1456 1456 1513 1513 1456 1456 1512 1512 1456 1456 1513 1513 1457 1457 59 59 45 45 1514 1514 1515 1515 31 31 1514 1514 79 79 1514 1514 31 31 1514 1514 79 79 59 59 212 212 29 29 1516 1516 28 28 1516 1516 29 29 1516 1516 28 28 1517 1517 201 201 1517 1517 28 28 1517 1517 201 201 1518 1518 1519 1519 1520 1520 1521 1521 45 45 44 44 1522 1522 35 35 1522 1522 44 44 1522 1522 35 35 1523 1523 34 34 1523 1523 35 35 1524 1524 153 153 1525 1525 37 37 1525 1525 153 153 1525 1525 37 37 36 36 34 34 174 174 1523 1523 173 173 1523 1523 174 174 1523 1523 173 173 1526 1526 1527 1527 1528 1528 1529 1529 1529 1529 1528 1528 1530 1530 1531 1531 1530 1530 1528 1528 1530 1530 1531 1531 1532 1532 1518 1518 1533 1533 1534 1534 1535 1535 1534 1534 1533 1533 1534 1534 1535 1535 1531 1531 1536 1536 1531 1531 1535 1535 1531 1531 1536 1536 1532 1532 201 201 200 200 1518 1518 277 277 1518 1518 200 200 1518 1518 277 277 1533 1533 192 192 1533 1533 277 277 1533 1533 192 192 1515 1515 32 32 1515 1515 192 192 1515 1515 32 32 31 31 1537 1537 1538 1538 1539 1539 173 173 162 162 1526 1526 161 161 1526 1526 162 162 1526 1526 161 161 1524 1524 254 254 1524 1524 161 161 1524 1524 254 254 153 153 1519 1519 1521 1521 1526 1526 1540 1540 1526 1526 1521 1521 1526 1526 1540 1540 1523 1523 123 123 122 122 1541 1541 1520 1520 1542 1542 1521 1521 1543 1543 1521 1521 1542 1542 1521 1521 1543 1543 1538 1538 1544 1544 1538 1538 1543 1543 1538 1538 1544 1544 1539 1539 1545 1545 1537 1537 1546 1546 1539 1539 1546 1546 1537 1537 1546 1546 1539 1539 1547 1547 1548 1548 1547 1547 1539 1539 1547 1547 1548 1548 1549 1549 1550 1550 1549 1549 1548 1548 1549 1549 1550 1550 1551 1551 1552 1552 1551 1551 1550 1550 1551 1551 1552 1552 1553 1553 1554 1554 1553 1553 1552 1552 1553 1553 1554 1554 1555 1555 1556 1556 1555 1555 1554 1554 1555 1555 1556 1556 1557 1557 1558 1558 1557 1557 1556 1556 1557 1557 1558 1558 1559 1559 1560 1560 1559 1559 1558 1558 1559 1559 1560 1560 1561 1561 1562 1562 1561 1561 1560 1560 1561 1561 1562 1562 1563 1563 1564 1564 1563 1563 1562 1562 1563 1563 1564 1564 1565 1565 1566 1566 1565 1565 1564 1564 1565 1565 1566 1566 1567 1567 1568 1568 1567 1567 1566 1566 1567 1567 1568 1568 1569 1569 1569 1569 1568 1568 1570 1570 1571 1571 1570 1570 1568 1568 1570 1570 1571 1571 1572 1572 1573 1573 1572 1572 1571 1571 1572 1572 1573 1573 1574 1574 71 71 1575 1575 43 43 1576 1576 43 43 1575 1575 43 43 1576 1576 36 36 1546 1546 1577 1577 1545 1545 1578 1578 1545 1545 1577 1577 1545 1545 1578 1578 1579 1579 1580 1580 1579 1579 1578 1578 1579 1579 1580 1580 1581 1581 1582 1582 1581 1581 1580 1580 1581 1581 1582 1582 1583 1583 1584 1584 1583 1583 1582 1582 1583 1583 1584 1584 1585 1585 1586 1586 1585 1585 1584 1584 1585 1585 1586 1586 1587 1587 1588 1588 1587 1587 1586 1586 1587 1587 1588 1588 1589 1589 1590 1590 1589 1589 1588 1588 1589 1589 1590 1590 1591 1591 1592 1592 1591 1591 1590 1590 1591 1591 1592 1592 1593 1593 1594 1594 1593 1593 1592 1592 1593 1593 1594 1594 1595 1595 1596 1596 1595 1595 1594 1594 1595 1595 1596 1596 1597 1597 1598 1598 1597 1597 1596 1596 1597 1597 1598 1598 1529 1529 1599 1599 1529 1529 1598 1598 1529 1529 1599 1599 1527 1527 1600 1600 1527 1527 1599 1599 1527 1527 1600 1600 1601 1601 1602 1602 1601 1601 1600 1600 1601 1601 1602 1602 1603 1603 1604 1604 1603 1603 1602 1602 1603 1603 1604 1604 1605 1605 1606 1606 1605 1605 1604 1604 1605 1605 1606 1606 1607 1607 1608 1608 1607 1607 1606 1606 1607 1607 1608 1608 1609 1609 1610 1610 1609 1609 1608 1608 1609 1609 1610 1610 1611 1611 1612 1612 1611 1611 1610 1610 1611 1611 1612 1612 1613 1613 1614 1614 1613 1613 1612 1612 1613 1613 1614 1614 1615 1615 1616 1616 1615 1615 1614 1614 1615 1615 1616 1616 1617 1617 1618 1618 1617 1617 1616 1616 1617 1617 1618 1618 1619 1619 1620 1620 1619 1619 1618 1618 1619 1619 1620 1620 1621 1621 1622 1622 1621 1621 1620 1620 1621 1621 1622 1622 1623 1623 1624 1624 1623 1623 1622 1622 1623 1623 1624 1624 1625 1625 1626 1626 1625 1625 1624 1624 39 39 40 40 1627 1627 41 41 1627 1627 40 40 1627 1627 41 41 1628 1628 135 135 1628 1628 41 41 1628 1628 135 135 1541 1541 134 134 1541 1541 135 135 1541 1541 134 134 123 123 48 48 212 212 1629 1629 71 71 52 52 1575 1575 39 39 1575 1575 52 52 1575 1575 39 39 1630 1630 1627 1627 1630 1630 39 39 1630 1630 1627 1627 1631 1631 1632 1632 1631 1631 1627 1627 1631 1631 1632 1632 1633 1633 1634 1634 1633 1633 1632 1632 1633 1633 1634 1634 1571 1571 1635 1635 1571 1571 1634 1634 1571 1571 1635 1635 1573 1573 1574 1574 1636 1636 1572 1572 1637 1637 1572 1572 1636 1636 1572 1572 1637 1637 1638 1638 1639 1639 1638 1638 1637 1637 1638 1638 1639 1639 1640 1640 1641 1641 1640 1640 1639 1639 1640 1640 1641 1641 1642 1642 1643 1643 1642 1642 1641 1641 1642 1642 1643 1643 1644 1644 1645 1645 1644 1644 1643 1643 1644 1644 1645 1645 1646 1646 1647 1647 1646 1646 1645 1645 1646 1646 1647 1647 1648 1648 1649 1649 1648 1648 1647 1647 1648 1648 1649 1649 1650 1650 1651 1651 1650 1650 1649 1649 1650 1650 1651 1651 1652 1652 1653 1653 1652 1652 1651 1651 1652 1652 1653 1653 1654 1654 1655 1655 1654 1654 1653 1653 1654 1654 1655 1655 1624 1624 1656 1656 1624 1624 1655 1655 1624 1624 1656 1656 1626 1626 1657 1657 1626 1626 1656 1656 1626 1626 1657 1657 1658 1658 1659 1659 1658 1658 1657 1657 1658 1658 1659 1659 1660 1660 1661 1661 122 122 22 22 48 48 1629 1629 47 47 1662 1662 47 47 1629 1629 47 47 1662 1662 46 46 1660 1660 1659 1659 1663 1663 1664 1664 1663 1663 1659 1659 1663 1663 1664 1664 1665 1665 22 22 21 21 1661 1661 24 24 1661 1661 21 21 1661 1661 24 24 1665 1665 26 26 1665 1665 24 24 1665 1665 26 26 1663 1663 87 87 1663 1663 26 26 1663 1663 87 87 1662 1662 66 66 1662 1662 87 87 1662 1662 66 66 46 46 1666 1666 1667 1667 1668 1668 1669 1669 1668 1668 1667 1667 1668 1668 1669 1669 1670 1670 1671 1671 1670 1670 1669 1669 1670 1670 1671 1671 1672 1672 1673 1673 1672 1672 1671 1671 1672 1672 1673 1673 1674 1674 1675 1675 1674 1674 1673 1673 1674 1674 1675 1675 1676 1676 1675 1675 1677 1677 1676 1676 1678 1678 1676 1676 1677 1677 1676 1676 1678 1678 1679 1679 1680 1680 1679 1679 1678 1678 1679 1679 1680 1680 1681 1681 1682 1682 1681 1681 1680 1680 1681 1681 1682 1682 1683 1683 1684 1684 1683 1683 1682 1682 1683 1683 1684 1684 1685 1685 1686 1686 1685 1685 1684 1684 1685 1685 1686 1686 1687 1687 1688 1688 1687 1687 1686 1686 1687 1687 1688 1688 1689 1689 1690 1690 1689 1689 1688 1688 1689 1689 1690 1690 1691 1691 1692 1692 1691 1691 1690 1690 1691 1691 1692 1692 1693 1693 1694 1694 1693 1693 1692 1692 1693 1693 1694 1694 1695 1695 1696 1696 1695 1695 1694 1694 1695 1695 1696 1696 1697 1697 1698 1698 1697 1697 1696 1696 1697 1697 1698 1698 1699 1699 1700 1700 1699 1699 1698 1698 1699 1699 1700 1700 1701 1701 1702 1702 1701 1701 1700 1700 1701 1701 1702 1702 1703 1703 1704 1704 1703 1703 1702 1702 1703 1703 1704 1704 1705 1705 1706 1706 1705 1705 1704 1704 1705 1705 1706 1706 1707 1707 1708 1708 1707 1707 1706 1706 1707 1707 1708 1708 1709 1709 1710 1710 1709 1709 1708 1708 1709 1709 1710 1710 1711 1711 1712 1712 1711 1711 1710 1710 1711 1711 1712 1712 1713 1713 1714 1714 1713 1713 1712 1712 1713 1713 1714 1714 1715 1715 1716 1716 1715 1715 1714 1714 1715 1715 1716 1716 1717 1717 1718 1718 1717 1717 1716 1716 1717 1717 1718 1718 1666 1666 1719 1719 1666 1666 1718 1718 1666 1666 1719 1719 1667 1667 1720 1720 1721 1721 1722 1722 1723 1723 1722 1722 1721 1721 1722 1722 1723 1723 1724 1724 1725 1725 1724 1724 1723 1723 1724 1724 1725 1725 1726 1726 1727 1727 1726 1726 1725 1725 1726 1726 1727 1727 1728 1728 1729 1729 1728 1728 1727 1727 1728 1728 1729 1729 1730 1730 1731 1731 1730 1730 1729 1729 1730 1730 1731 1731 1732 1732 1733 1733 1732 1732 1731 1731 1732 1732 1733 1733 1734 1734 1733 1733 1735 1735 1734 1734 1736 1736 1734 1734 1735 1735 1734 1734 1736 1736 1737 1737 1738 1738 1737 1737 1736 1736 1737 1737 1738 1738 1739 1739 1740 1740 1739 1739 1738 1738 1739 1739 1740 1740 1741 1741 1742 1742 1741 1741 1740 1740 1741 1741 1742 1742 1743 1743 1744 1744 1743 1743 1742 1742 1743 1743 1744 1744 1745 1745 1745 1745 1744 1744 1746 1746 1747 1747 1746 1746 1744 1744 1746 1746 1747 1747 1748 1748 1749 1749 1748 1748 1747 1747 1748 1748 1749 1749 1750 1750 1751 1751 1750 1750 1749 1749 1750 1750 1751 1751 1752 1752 1753 1753 1752 1752 1751 1751 1752 1752 1753 1753 1754 1754 1755 1755 1754 1754 1753 1753 1754 1754 1755 1755 1756 1756 1757 1757 1756 1756 1755 1755 1756 1756 1757 1757 1758 1758 1759 1759 1758 1758 1757 1757 1758 1758 1759 1759 1760 1760 1761 1761 1760 1760 1759 1759 1760 1760 1761 1761 1762 1762 1763 1763 1762 1762 1761 1761 1762 1762 1763 1763 1764 1764 1765 1765 1764 1764 1763 1763 1764 1764 1765 1765 1766 1766 1767 1767 1766 1766 1765 1765 1766 1766 1767 1767 1768 1768 1769 1769 1768 1768 1767 1767 1768 1768 1769 1769 1770 1770 1771 1771 1770 1770 1769 1769 1770 1770 1771 1771 1772 1772 1773 1773 1772 1772 1771 1771 1772 1772 1773 1773 1720 1720 1774 1774 1720 1720 1773 1773 1720 1720 1774 1774 1721 1721 1775 1775 1776 1776 1777 1777 1778 1778 1777 1777 1776 1776 1777 1777 1778 1778 1779 1779 1780 1780 1779 1779 1778 1778 1779 1779 1780 1780 1781 1781 1782 1782 1781 1781 1780 1780 1781 1781 1782 1782 1783 1783 1784 1784 1783 1783 1782 1782 1783 1783 1784 1784 1785 1785 1784 1784 1786 1786 1785 1785 1787 1787 1785 1785 1786 1786 1785 1785 1787 1787 1788 1788 1789 1789 1788 1788 1787 1787 1788 1788 1789 1789 1790 1790 1791 1791 1790 1790 1789 1789 1790 1790 1791 1791 1792 1792 1793 1793 1792 1792 1791 1791 1792 1792 1793 1793 1794 1794 1795 1795 1794 1794 1793 1793 1794 1794 1795 1795 1796 1796 1797 1797 1796 1796 1795 1795 1796 1796 1797 1797 1798 1798 1799 1799 1798 1798 1797 1797 1798 1798 1799 1799 1800 1800 1801 1801 1800 1800 1799 1799 1800 1800 1801 1801 1802 1802 1803 1803 1802 1802 1801 1801 1802 1802 1803 1803 1804 1804 1805 1805 1804 1804 1803 1803 1804 1804 1805 1805 1806 1806 1807 1807 1806 1806 1805 1805 1806 1806 1807 1807 1808 1808 1809 1809 1808 1808 1807 1807 1808 1808 1809 1809 1810 1810 1811 1811 1810 1810 1809 1809 1810 1810 1811 1811 1812 1812 1813 1813 1812 1812 1811 1811 1812 1812 1813 1813 1814 1814 1815 1815 1814 1814 1813 1813 1814 1814 1815 1815 1816 1816 1817 1817 1816 1816 1815 1815 1816 1816 1817 1817 1818 1818 1819 1819 1818 1818 1817 1817 1818 1818 1819 1819 1820 1820 1821 1821 1820 1820 1819 1819 1820 1820 1821 1821 1822 1822 1823 1823 1822 1822 1821 1821 1822 1822 1823 1823 1824 1824 1825 1825 1824 1824 1823 1823 1824 1824 1825 1825 1826 1826 1827 1827 1826 1826 1825 1825 1826 1826 1827 1827 1775 1775 1828 1828 1775 1775 1827 1827 1775 1775 1828 1828 1776 1776 1829 1829 1830 1830 1831 1831 1831 1831 1830 1830 1832 1832 1831 1831 1833 1833 1829 1829 1834 1834 1829 1829 1833 1833 1829 1829 1834 1834 1835 1835 1836 1836 1835 1835 1834 1834 1835 1835 1836 1836 1837 1837 1838 1838 1837 1837 1836 1836 1837 1837 1838 1838 1839 1839 1840 1840 1839 1839 1838 1838 1839 1839 1840 1840 1841 1841 1842 1842 1841 1841 1840 1840 1841 1841 1842 1842 1843 1843 1844 1844 1843 1843 1842 1842 1843 1843 1844 1844 1845 1845 1846 1846 1845 1845 1844 1844 1845 1845 1846 1846 1847 1847 1846 1846 1848 1848 1847 1847 1849 1849 1847 1847 1848 1848 1847 1847 1849 1849 1850 1850 1851 1851 1850 1850 1849 1849 1850 1850 1851 1851 1852 1852 1853 1853 1852 1852 1851 1851 1852 1852 1853 1853 1854 1854 1855 1855 1854 1854 1853 1853 1854 1854 1855 1855 1856 1856 1857 1857 1856 1856 1855 1855 1856 1856 1857 1857 1858 1858 1859 1859 1858 1858 1857 1857 1858 1858 1859 1859 1860 1860 1861 1861 1860 1860 1859 1859 1860 1860 1861 1861 1862 1862 1863 1863 1862 1862 1861 1861 1862 1862 1863 1863 1864 1864 1865 1865 1864 1864 1863 1863 1864 1864 1865 1865 1866 1866 1867 1867 1866 1866 1865 1865 1866 1866 1867 1867 1868 1868 1869 1869 1868 1868 1867 1867 1868 1868 1869 1869 1870 1870 1871 1871 1870 1870 1869 1869 1870 1870 1871 1871 1872 1872 1873 1873 1872 1872 1871 1871 1872 1872 1873 1873 1874 1874 1875 1875 1874 1874 1873 1873 1874 1874 1875 1875 1876 1876 1877 1877 1876 1876 1875 1875 1876 1876 1877 1877 1878 1878 1879 1879 1878 1878 1877 1877 1878 1878 1879 1879 1880 1880 1881 1881 1880 1880 1879 1879 1880 1880 1881 1881 1882 1882 1832 1832 1882 1882 1881 1881 1882 1882 1832 1832 1883 1883 1830 1830 1883 1883 1832 1832 1884 1884 1885 1885 1886 1886 1887 1887 1886 1886 1885 1885 1886 1886 1887 1887 1888 1888 1889 1889 1890 1890 1891 1891 1892 1892 1891 1891 1890 1890 1891 1891 1892 1892 1893 1893 1894 1894 1893 1893 1892 1892 1893 1893 1894 1894 1895 1895 1896 1896 1895 1895 1894 1894 1895 1895 1896 1896 1884 1884 1897 1897 1884 1884 1896 1896 1884 1884 1897 1897 1885 1885 1898 1898 1899 1899 1900 1900 1901 1901 1900 1900 1899 1899 1900 1900 1901 1901 1889 1889 1902 1902 1889 1889 1901 1901 1889 1889 1902 1902 1890 1890 1887 1887 1903 1903 1888 1888 1904 1904 1888 1888 1903 1903 1888 1888 1904 1904 1905 1905 1906 1906 1905 1905 1904 1904 1905 1905 1906 1906 1907 1907 1908 1908 1907 1907 1906 1906 1907 1907 1908 1908 1909 1909 1910 1910 1909 1909 1908 1908 1909 1909 1910 1910 1911 1911 1912 1912 1911 1911 1910 1910 1911 1911 1912 1912 1913 1913 1914 1914 1913 1913 1912 1912 1913 1913 1914 1914 1915 1915 1916 1916 1915 1915 1914 1914 1915 1915 1916 1916 1917 1917 1918 1918 1917 1917 1916 1916 1917 1917 1918 1918 1919 1919 1920 1920 1919 1919 1918 1918 1919 1919 1920 1920 1921 1921 1922 1922 1921 1921 1920 1920 1921 1921 1922 1922 1923 1923 1924 1924 1923 1923 1922 1922 1923 1923 1924 1924 1925 1925 1926 1926 1925 1925 1924 1924 1925 1925 1926 1926 1927 1927 1928 1928 1927 1927 1926 1926 1927 1927 1928 1928 1929 1929 1930 1930 1929 1929 1928 1928 1929 1929 1930 1930 1931 1931 1932 1932 1931 1931 1930 1930 1931 1931 1932 1932 1933 1933 1934 1934 1933 1933 1932 1932 1933 1933 1934 1934 1898 1898 1935 1935 1898 1898 1934 1934 1898 1898 1935 1935 1899 1899</p>
        </triangles>
      </mesh>
    </geometry>
  </library_geometries>
  <library_materials>
    <material id="2e8ec9add97442e2a4a4c583cc546abf" name="defaultmaterial">
      <instance_effect url="#d09bf9a676b941cd8a2a9650d85a108b"/>
    </material>
  </library_materials>
  <library_visual_scenes>
    <visual_scene id="scene">
      <node id="node0" name="node0">
        <instance_geometry url="#77e1e051f6de401382894b8417a76a30">
          <bind_material>
            <technique_common>
              <instance_material symbol="material0" target="#2e8ec9add97442e2a4a4c583cc546abf"/>
            </technique_common>
          </bind_material>
        </instance_geometry>
      </node>
    </visual_scene>
  </library_visual_scenes>
  <scene>
    <instance_visual_scene url="#scene"/>
  </scene>
</COLLADA>
