<COLLADA xmlns="http://www.collada.org/2005/11/COLLADASchema" version="1.4.1">
  <asset>
    <created>2026-09-13T16:25:55.412912</created>
    <modified>2026-09-13T16:25:55.412912</modified>
    <up_axis>Y_UP</up_axis>
  </asset>
  <library_effects>
    <effect id="074b1325615f43979272867460a31f2b" name="074b1325615f43979272867460a31f2b">
      <profile_COMMON>
        <technique sid="common">
          <phong>
            <emission>
              <color>0.0 0.0 0.0 1.0</color>
            </emission>
            <ambient>
              <color>0.0 0.0 0.0 1.0</color>
            </ambient>
            <diffuse>
              <color>0.792156862745098 0.8196078431372549 0.9333333333333333 1.0</color>
            </diffuse>
            <specular>
              <color>0.0 0.0 0.0 1.0</color>
            </specular>
            <shininess>
              <float>0.0</float>
            </shininess>
            <reflective>
              <color>0.0 0.0 0.0 1.0</color>
            </reflective>
            <reflectivity>
              <float>0.0</float>
            </reflectivity>
            <transparent>
              <color>0.0 0.0 0.0 1.0</color>
            </transparent>
            <transparency>
              <float>1.0</float>
            </transparency>
          </phong>
        </technique>
        <extra>
          <technique profile="GOOGLEEARTH">
            <double_sided>0</double_sided>
          </technique>
        </extra>
      </profile_COMMON>
    </effect>
  </library_effects>
  <library_geometries>
    <geometry id="bd706823a0fb4087bb9aef69d40a576e" name="fa8db7218ff04464b122e62502ad1e9e">
      <mesh>
        <source id="verts-array">
          <float_array count="5382" id="verts-array-array">-0.005466968 -0.0088995 -0.03307099 -0.005452328 -0.0090939 -0.03313091 -0.005473328 -0.021 -0.03304498 -0.005434698 -0.009275 -0.03322028 -0.005405178 -0.0096843 -0.03356262 -0.005405178 -0.021 -0.03356262 -0.005407488 -0.009596 -0.0334666 -0.005418408 -0.0094437 -0.033333 -0.005473328 -0.0088151 -0.03304498 -0.005673128 -0.021 -0.03256262 -0.005482288 -0.0085 -0.03301262 -0.005473328 0.0081849 -0.03304498 -0.005473328 -0.0081849 -0.03304498 -0.005467958 0.0080988 -0.03306543 -0.005452398 0.0079069 -0.03313057 -0.005434698 -0.007725 -0.03322028 -0.005452338 -0.0079062 -0.03313085 -0.005418478 0.0075572 -0.03333233 -0.005405178 0.0073157 -0.03356262 -0.005405178 -0.0073157 -0.03356262 -0.005410368 0.0074099 -0.03347281 -0.005410358 -0.0074099 -0.03347279 -0.005418458 -0.0075569 -0.03333257 -0.005434698 0.007725 -0.03322028 -0.005467958 -0.0080988 -0.03306543 -0.005434698 0.009275 -0.03322028 -0.005452348 0.0090936 -0.0331308 -0.005473328 0.021 -0.03304498 -0.005418378 0.0094439 -0.03333317 -0.005405178 0.021 -0.03356262 -0.005405178 0.0096843 -0.03356262 -0.005407488 0.009596 -0.0334666 -0.005482288 0.0085 -0.03301262 -0.005673128 0.021 -0.03256262 -0.005473328 0.0088151 -0.03304498 -0.005466968 0.0088995 -0.03307098 -0.007405178 -0.021 -0.03156262 -0.007405178 0.021 -0.03156262 -0.006887538 -0.021 -0.03163077 -0.006887538 0.021 -0.03163077 -0.006405178 -0.021 -0.03183057 -0.006405178 0.021 -0.03183057 -0.005990968 -0.021 -0.03214841 -0.005990968 0.021 -0.03214841 -0.005405178 -0.0165148 -0.04119127 -0.005405178 -0.0163829 -0.04156262 -0.005405178 -0.021 -0.04156262 -0.005405178 -0.0098423 -0.03378762 -0.005405178 -0.0070028 -0.03496379 -0.005405178 0.01361707 -0.04156262 -0.005405178 -0.0071577 -0.03533762 -0.005405178 -0.007404 -0.03565864 -0.005405178 -0.0099972 -0.03416145 -0.005405178 -0.01005 -0.03456262 -0.005405178 -0.0099972 -0.03496379 -0.005405178 -0.0098423 -0.03533762 -0.005405178 0.009275 -0.03590496 -0.005405178 0.0089012 -0.0360598 -0.005405178 0.0085 -0.03611262 -0.005405178 0.01005 -0.03456262 -0.005405178 0.0099972 -0.03416145 -0.005405178 0.0098423 -0.03378762 -0.005405178 -0.0163205 -0.04005099 -0.005405178 -0.0164825 -0.04041021 -0.005405178 -0.0165487 -0.04079867 -0.005405178 -0.0089012 -0.0360598 -0.005405178 -0.0136171 -0.04156262 -0.005405178 -0.009275 -0.03590496 -0.005405178 -0.0134852 -0.04119127 -0.005405178 -0.0134513 -0.04079867 -0.005405178 0.0071577 -0.03378762 -0.005405178 0.0070028 -0.03416145 -0.005405178 -0.0071577 -0.03378762 -0.005405178 -0.0070028 -0.03416145 -0.005405178 0.0071577 -0.03533762 -0.005405178 0.007404 -0.03565864 -0.005405178 0.007725 -0.03590496 -0.005405178 0.0080988 -0.0360598 -0.005405178 -0.0146091 -0.03936271 -0.005405178 -0.015 -0.03931262 -0.005405178 -0.0085 -0.03611262 -0.005405178 -0.0080988 -0.0360598 -0.005405178 -0.007725 -0.03590496 -0.005405178 0.01539086 -0.03936271 -0.005405178 0.015 -0.03931262 -0.005405178 0.0098423 -0.03533762 -0.005405178 -0.0153909 -0.03936271 -0.005405178 -0.0157565 -0.03950975 -0.005405178 -0.0160732 -0.03974422 -0.005405178 -0.0135175 -0.04041021 -0.005405178 -0.0136795 -0.04005099 -0.005405178 -0.009596 -0.03565864 -0.005405178 -0.0139268 -0.03974422 -0.005405178 -0.0142435 -0.03950975 -0.005405178 0.01351749 -0.04041021 -0.005405178 0.01345132 -0.04079867 -0.005405178 0.01348524 -0.04119127 -0.005405178 0.01638293 -0.04156262 -0.005405178 0.01651476 -0.04119127 -0.005405178 0.021 -0.04156262 -0.005405178 0.01654868 -0.04079867 -0.005405178 0.01648251 -0.04041021 -0.005405178 0.01460914 -0.03936271 -0.005405178 0.01424354 -0.03950975 -0.005405178 0.009596 -0.03565864 -0.005405178 0.01392683 -0.03974422 -0.005405178 0.01367949 -0.04005099 -0.005405178 -0.00695 -0.03456262 -0.005405178 0.00695 -0.03456262 -0.005405178 0.0070028 -0.03496379 -0.005405178 0.01632051 -0.04005099 -0.005405178 0.01607317 -0.03974422 -0.005405178 0.01575646 -0.03950975 -0.005405178 0.0099972 -0.03496379 0.03659482 0.007404 -0.03565864 0.03659482 0.0071577 -0.03533762 0.03659482 -0.007725 -0.03322028 0.03659482 0.0070028 -0.03496379 0.03659482 0.00695 -0.03456262 0.03659482 0.0080988 -0.0360598 0.03659482 -0.007404 -0.0334666 0.03659482 -0.0071577 -0.03378762 0.03659482 0.007725 -0.03590496 0.03659482 0.0071577 -0.03378762 0.03659482 0.007404 -0.0334666 0.03659482 -0.021 -0.03156262 0.03659482 0.007725 -0.03322028 0.03659482 0.009275 -0.03322028 0.03659482 0.009596 -0.0334666 0.03659482 0.021 -0.03156262 0.03659482 0.0098423 -0.03378762 0.03659482 0.0099972 -0.03416145 0.03659482 0.01005 -0.03456262 0.03659482 0.021 -0.04156262 0.03659482 0.0099972 -0.03496379 0.03659482 0.0098423 -0.03533762 0.03659482 0.01632051 -0.04005099 0.03659482 0.01648251 -0.04041021 0.03659482 -0.0070028 -0.03416145 0.03659482 -0.00695 -0.03456262 0.03659482 0.0085 -0.03611262 0.03659482 -0.0070028 -0.03496379 0.03659482 0.0080988 -0.03306543 0.03659482 0.0085 -0.03301262 0.03659482 0.0089012 -0.03306543 0.03659482 0.01460914 -0.03936271 0.03659482 0.015 -0.03931262 0.03659482 0.01424354 -0.03950975 0.03659482 0.01654868 -0.04079867 0.03659482 0.01651476 -0.04119127 0.03659482 0.01638293 -0.04156262 0.03659482 0.01361707 -0.04156262 0.03659482 0.01348524 -0.04119127 0.03659482 -0.0071577 -0.03533762 0.03659482 0.01345132 -0.04079867 0.03659482 0.01351749 -0.04041021 0.03659482 0.01539086 -0.03936271 0.03659482 0.01575646 -0.03950975 0.03659482 0.01607317 -0.03974422 0.03659482 0.01392683 -0.03974422 0.03659482 0.009596 -0.03565864 0.03659482 0.01367949 -0.04005099 0.03659482 0.009275 -0.03590496 0.03659482 0.0089012 -0.0360598 0.03659482 -0.021 -0.04156262 0.03659482 -0.0163829 -0.04156262 0.03659482 -0.0165148 -0.04119127 0.03659482 -0.01005 -0.03456262 0.03659482 -0.0099972 -0.03496379 0.03659482 -0.0098423 -0.03533762 0.03659482 -0.007404 -0.03565864 0.03659482 -0.007725 -0.03590496 0.03659482 -0.0136171 -0.04156262 0.03659482 -0.0080988 -0.0360598 0.03659482 -0.0085 -0.03611262 0.03659482 -0.0165487 -0.04079867 0.03659482 -0.0164825 -0.04041021 0.03659482 -0.0163205 -0.04005099 0.03659482 -0.0160732 -0.03974422 0.03659482 -0.0157565 -0.03950975 0.03659482 -0.0153909 -0.03936271 0.03659482 -0.015 -0.03931262 0.03659482 -0.0099972 -0.03416145 0.03659482 -0.0098423 -0.03378762 0.03659482 -0.009596 -0.0334666 0.03659482 -0.0135175 -0.04041021 0.03659482 -0.0134513 -0.04079867 0.03659482 -0.009275 -0.03590496 0.03659482 -0.009275 -0.03322028 0.03659482 -0.0089012 -0.03306543 0.03659482 -0.0085 -0.03301262 0.03659482 -0.0146091 -0.03936271 0.03659482 -0.0142435 -0.03950975 0.03659482 -0.009596 -0.03565864 0.03659482 -0.0139268 -0.03974422 0.03659482 -0.0136795 -0.04005099 0.03659482 -0.0089012 -0.0360598 0.03659482 -0.0134852 -0.04119127 0.03659482 0.0070028 -0.03416145 0.03659482 -0.0080988 -0.03306543 0.006094822 -0.0184 -0.03156262 0.006094822 -0.021 -0.03156262 0.03119482 -0.0184 -0.03156262 0.03659482 -0.021 -0.03156262 0.03119482 0.0184 -0.03156262 0.03659482 0.021 -0.03156262 0.006094822 0.0184 -0.03156262 0.006094822 0.021 -0.03156262 -5.178148e-06 0.01638293 -0.04156262 -0.005405178 0.01638293 -0.04156262 -5.178148e-06 0.0184 -0.04156262 -0.005405178 0.021 -0.04156262 0.03119482 0.0184 -0.04156262 0.03659482 0.021 -0.04156262 0.03119482 0.01638293 -0.04156262 0.03659482 0.01638293 -0.04156262 0.03119482 -0.0163829 -0.04156262 0.03659482 -0.0163829 -0.04156262 0.03119482 -0.0184 -0.04156262 0.03659482 -0.021 -0.04156262 -5.178148e-06 -0.0184 -0.04156262 -0.005405178 -0.021 -0.04156262 -5.178148e-06 -0.0163829 -0.04156262 -0.005405178 -0.0163829 -0.04156262 -0.002755178 0.01361707 -0.04156262 -0.002755178 -0.0136171 -0.04156262 -0.005405178 0.01361707 -0.04156262 -0.005405178 -0.0136171 -0.04156262 0.03659482 0.01361707 -0.04156262 0.03659482 -0.0136171 -0.04156262 0.03394482 0.01361707 -0.04156262 0.03394482 -0.0136171 -0.04156262 0.03119482 -0.0184 -0.03156262 0.03119482 -0.0184 -0.04156262 0.006094822 -0.0184 -0.03156262 -5.178148e-06 -0.0184 -0.04156262 0.006094822 -0.0184 -0.03056262 -5.178148e-06 -0.0184 -0.03056262 0.006094822 0.0184 -0.03056262 -5.178148e-06 0.0184 -0.03056262 0.006094822 0.0184 -0.03156262 -5.178148e-06 0.0184 -0.04156262 0.03119482 0.0184 -0.03156262 0.03119482 0.0184 -0.04156262 -5.178148e-06 -0.0184 -0.03056262 -5.178148e-06 0.0184 -0.03056262 0.006094822 -0.0184 -0.03056262 0.006094822 0.0184 -0.03056262 0.03119482 -0.0153909 -0.03936271 0.03119482 -0.0157565 -0.03950975 0.03119482 -0.0184 -0.03156262 0.03119482 0.0151 -0.03931585 0.03119482 0.0151 -0.03616262 0.03119482 0.01539086 -0.03936271 0.03119482 0.0184 -0.03156262 0.03119482 0.01575646 -0.03950975 0.03119482 0.01607317 -0.03974422 0.03119482 0.0098423 -0.03533762 0.03119482 0.009596 -0.03565864 0.03119482 0.009275 -0.03590496 0.03119482 -0.0151 -0.03931585 0.03119482 -0.0163829 -0.04156262 0.03119482 -0.0184 -0.04156262 0.03119482 -0.0165148 -0.04119127 0.03119482 -0.0165487 -0.04079867 0.03119482 0.0184 -0.04156262 0.03119482 0.01638293 -0.04156262 0.03119482 0.01651476 -0.04119127 0.03119482 0.01654868 -0.04079867 0.03119482 0.01648251 -0.04041021 0.03119482 0.01632051 -0.04005099 0.03119482 0.0098423 -0.03378762 0.03119482 0.009596 -0.0334666 0.03119482 0.009275 -0.03322028 0.03119482 -0.0151 -0.03616262 0.03119482 -0.0099972 -0.03416145 0.03119482 -0.01005 -0.03456262 0.03119482 0.007725 -0.03322028 0.03119482 0.007404 -0.0334666 0.03119482 0.0071577 -0.03378762 0.03119482 0.0070028 -0.03416145 0.03119482 0.0089012 -0.03306543 0.03119482 0.0085 -0.03301262 0.03119482 0.0080988 -0.03306543 0.03119482 -0.009275 -0.03322028 0.03119482 -0.009596 -0.0334666 0.03119482 -0.0098423 -0.03378762 0.03119482 -0.0160732 -0.03974422 0.03119482 -0.0163205 -0.04005099 0.03119482 -0.0164825 -0.04041021 0.03119482 0.0099972 -0.03496379 0.03119482 0.01005 -0.03456262 0.03119482 0.0099972 -0.03416145 0.03119482 -0.0099972 -0.03496379 0.03119482 -0.0098423 -0.03533762 0.03119482 -0.009596 -0.03565864 0.03119482 -0.007725 -0.03322028 0.03119482 -0.0080988 -0.03306543 0.03119482 -0.0085 -0.03301262 0.03119482 -0.0089012 -0.03306543 0.03119482 -0.009275 -0.03590496 0.03119482 -0.0089012 -0.0360598 0.03119482 -0.0085 -0.03611262 0.03119482 0.00695 -0.03456262 0.03119482 -0.0080988 -0.0360598 0.03119482 0.0070028 -0.03496379 0.03119482 0.0071577 -0.03533762 0.03119482 0.007404 -0.03565864 0.03119482 0.007725 -0.03590496 0.03119482 0.0080988 -0.0360598 0.03119482 0.0085 -0.03611262 0.03119482 0.0089012 -0.0360598 0.03119482 -0.007725 -0.03590496 0.03119482 -0.007404 -0.03565864 0.03119482 -0.0071577 -0.03533762 0.03119482 -0.0070028 -0.03496379 0.03119482 -0.00695 -0.03456262 0.03119482 -0.0070028 -0.03416145 0.03119482 -0.0071577 -0.03378762 0.03119482 -0.007404 -0.0334666 -5.178148e-06 0.009275 -0.03322028 -5.178148e-06 0.009596 -0.0334666 -5.178148e-06 0.0184 -0.03056262 -5.178148e-06 -0.0184 -0.04156262 -5.178148e-06 -0.0163829 -0.04156262 -5.178148e-06 -0.0165148 -0.04119127 -5.178148e-06 0.0151 -0.03616262 -5.178148e-06 0.0151 -0.03931585 -5.178148e-06 0.01539086 -0.03936271 -5.178148e-06 0.01575646 -0.03950975 -5.178148e-06 0.01648251 -0.04041021 -5.178148e-06 0.0184 -0.04156262 -5.178148e-06 0.01632051 -0.04005099 -5.178148e-06 0.01607317 -0.03974422 -5.178148e-06 0.01654868 -0.04079867 -5.178148e-06 0.01651476 -0.04119127 -5.178148e-06 0.01638293 -0.04156262 -5.178148e-06 -0.0151 -0.03931585 -5.178148e-06 -0.0151 -0.03616262 -5.178148e-06 -0.0153909 -0.03936271 -5.178148e-06 -0.0184 -0.03056262 -5.178148e-06 -0.0157565 -0.03950975 -5.178148e-06 -0.0160732 -0.03974422 -5.178148e-06 0.007404 -0.0334666 -5.178148e-06 0.007725 -0.03322028 -5.178148e-06 -0.0165487 -0.04079867 -5.178148e-06 -0.0164825 -0.04041021 -5.178148e-06 -0.0163205 -0.04005099 -5.178148e-06 0.0080988 -0.0360598 -5.178148e-06 -0.007725 -0.03322028 -5.178148e-06 -0.007404 -0.0334666 -5.178148e-06 -0.009596 -0.03565864 -5.178148e-06 -0.0098423 -0.03533762 -5.178148e-06 -0.009275 -0.03590496 -5.178148e-06 0.0080988 -0.03306543 -5.178148e-06 0.0085 -0.03301262 -5.178148e-06 0.0089012 -0.03306543 -5.178148e-06 -0.007404 -0.03565864 -5.178148e-06 0.0085 -0.03611262 -5.178148e-06 -0.0071577 -0.03533762 -5.178148e-06 -0.0070028 -0.03496379 -5.178148e-06 -0.0071577 -0.03378762 -5.178148e-06 -0.0070028 -0.03416145 -5.178148e-06 -0.00695 -0.03456262 -5.178148e-06 -0.0098423 -0.03378762 -5.178148e-06 -0.009596 -0.0334666 -5.178148e-06 0.01005 -0.03456262 -5.178148e-06 0.0099972 -0.03416145 -5.178148e-06 0.0098423 -0.03378762 -5.178148e-06 -0.0099972 -0.03496379 -5.178148e-06 -0.01005 -0.03456262 -5.178148e-06 -0.0099972 -0.03416145 -5.178148e-06 0.0099972 -0.03496379 -5.178148e-06 0.0098423 -0.03533762 -5.178148e-06 0.009596 -0.03565864 -5.178148e-06 0.009275 -0.03590496 -5.178148e-06 0.0089012 -0.0360598 -5.178148e-06 -0.009275 -0.03322028 -5.178148e-06 -0.0089012 -0.03306543 -5.178148e-06 -0.0085 -0.03301262 -5.178148e-06 -0.007725 -0.03590496 -5.178148e-06 -0.0080988 -0.0360598 -5.178148e-06 -0.0085 -0.03611262 -5.178148e-06 -0.0089012 -0.0360598 -5.178148e-06 0.007725 -0.03590496 -5.178148e-06 0.007404 -0.03565864 -5.178148e-06 -0.0080988 -0.03306543 -5.178148e-06 0.0071577 -0.03533762 -5.178148e-06 0.0070028 -0.03496379 -5.178148e-06 0.00695 -0.03456262 -5.178148e-06 0.0070028 -0.03416145 -5.178148e-06 0.0071577 -0.03378762 0.03394482 0.0151 -0.03616262 0.03394482 -0.0151 -0.03616262 0.03119482 0.0151 -0.03616262 0.03119482 -0.0151 -0.03616262 -0.002755178 -0.0151 -0.03616262 -0.002755178 0.0151 -0.03616262 -5.178148e-06 -0.0151 -0.03616262 -5.178148e-06 0.0151 -0.03616262 0.03394482 0.0151 -0.03931585 0.03394482 0.0151 -0.03616262 0.03119482 0.0151 -0.03931585 0.03119482 0.0151 -0.03616262 -5.178148e-06 0.0151 -0.03931585 -5.178148e-06 0.0151 -0.03616262 -0.002755178 0.0151 -0.03931585 -0.002755178 0.0151 -0.03616262 -0.002755178 -0.0151 -0.03616262 -0.002755178 -0.0151 -0.03931585 -0.002755178 -0.015 -0.03931262 -0.002755178 -0.0146091 -0.03936271 -0.002755178 -0.0142435 -0.03950975 -0.002755178 0.0151 -0.03616262 -0.002755178 -0.0139268 -0.03974422 -0.002755178 0.01392683 -0.03974422 -0.002755178 0.01424354 -0.03950975 -0.002755178 -0.0136171 -0.04156262 -0.002755178 0.01361707 -0.04156262 -0.002755178 -0.0134852 -0.04119127 -0.002755178 0.01348524 -0.04119127 -0.002755178 -0.0134513 -0.04079867 -0.002755178 0.01345132 -0.04079867 -0.002755178 0.01351749 -0.04041021 -0.002755178 0.01367949 -0.04005099 -0.002755178 -0.0135175 -0.04041021 -0.002755178 -0.0136795 -0.04005099 -0.002755178 0.01460914 -0.03936271 -0.002755178 0.015 -0.03931262 -0.002755178 0.0151 -0.03931585 -0.002755178 -0.0151 -0.03616262 -5.178148e-06 -0.0151 -0.03616262 -0.002755178 -0.0151 -0.03931585 -5.178148e-06 -0.0151 -0.03931585 0.03394482 -0.0142435 -0.03950975 0.03394482 -0.0151 -0.03616262 0.03394482 -0.0139268 -0.03974422 0.03394482 0.0151 -0.03616262 0.03394482 -0.0136795 -0.04005099 0.03394482 -0.0134513 -0.04079867 0.03394482 0.01351749 -0.04041021 0.03394482 0.01345132 -0.04079867 0.03394482 -0.0146091 -0.03936271 0.03394482 -0.015 -0.03931262 0.03394482 -0.0151 -0.03931585 0.03394482 0.01361707 -0.04156262 0.03394482 -0.0136171 -0.04156262 0.03394482 -0.0134852 -0.04119127 0.03394482 0.0151 -0.03931585 0.03394482 0.015 -0.03931262 0.03394482 0.01348524 -0.04119127 0.03394482 0.01460914 -0.03936271 0.03394482 0.01424354 -0.03950975 0.03394482 0.01392683 -0.03974422 0.03394482 -0.0135175 -0.04041021 0.03394482 0.01367949 -0.04005099 0.03119482 -0.0151 -0.03616262 0.03394482 -0.0151 -0.03616262 0.03119482 -0.0151 -0.03931585 0.03394482 -0.0151 -0.03931585 -0.004405178 0.021 0.04813738 -0.004405178 0.016 0.04813738 -0.004198078 0.021 0.04816468 -0.004198078 0.016 0.04816468 -0.004005178 0.021 0.04824458 -0.004005178 0.016 0.04824458 -0.003839478 0.021 0.04837168 -0.003839478 0.016 0.04837168 -0.003712378 0.021 0.04853738 -0.003712378 0.016 0.04853738 -0.003632478 0.021 0.04873028 -0.003632478 0.016 0.04873028 -0.003605178 0.021 0.04893738 -0.003605178 0.016 0.04893738 -0.003632478 0.021 0.04914448 -0.003632478 0.016 0.04914448 -0.003712378 0.021 0.04933738 -0.003712378 0.016 0.04933738 -0.003839478 0.021 0.04950308 -0.003839478 0.016 0.04950308 -0.004005178 0.021 0.04963018 -0.004005178 0.016 0.04963018 -0.004198078 0.021 0.04971008 -0.004198078 0.016 0.04971008 -0.004405178 0.021 0.04973738 -0.004405178 0.016 0.04973738 -0.004612278 0.021 0.04971008 -0.004612278 0.016 0.04971008 -0.004805178 0.021 0.04963018 -0.004805178 0.016 0.04963018 -0.004970868 0.021 0.04950308 -0.004970868 0.016 0.04950308 -0.005097998 0.021 0.04933738 -0.005097998 0.016 0.04933738 -0.005177918 0.021 0.04914448 -0.005177918 0.016 0.04914448 -0.005205178 0.021 0.04893738 -0.005205178 0.016 0.04893738 -0.005177918 0.021 0.04873028 -0.005177918 0.016 0.04873028 -0.005097998 0.021 0.04853738 -0.005097998 0.016 0.04853738 -0.004970868 0.021 0.04837168 -0.004970868 0.016 0.04837168 -0.004805178 0.021 0.04824458 -0.004805178 0.016 0.04824458 -0.004612278 0.021 0.04816468 -0.004612278 0.016 0.04816468 0.003594822 -0.0155 0.04013738 0.003594822 -0.021 0.04013738 0.003801922 -0.0155 0.04016468 0.003801922 -0.021 0.04016468 0.003994822 -0.0155 0.04024458 0.003994822 -0.021 0.04024458 0.004160522 -0.0155 0.04037168 0.004160522 -0.021 0.04037168 0.004287622 -0.0155 0.04053738 0.004287622 -0.021 0.04053738 0.004367522 -0.0155 0.04073028 0.004367522 -0.021 0.04073028 0.004394822 -0.0155 0.04093738 0.004394822 -0.021 0.04093738 0.004367522 -0.0155 0.04114448 0.004367522 -0.021 0.04114448 0.004287622 -0.0155 0.04133738 0.004287622 -0.021 0.04133738 0.004160522 -0.0155 0.04150308 0.004160522 -0.021 0.04150308 0.003994822 -0.0155 0.04163018 0.003994822 -0.021 0.04163018 0.003801922 -0.0155 0.04171008 0.003801922 -0.021 0.04171008 0.003594822 -0.0155 0.04173738 0.003594822 -0.021 0.04173738 0.003387722 -0.0155 0.04171008 0.003387722 -0.021 0.04171008 0.003194822 -0.0155 0.04163018 0.003194822 -0.021 0.04163018 0.003029122 -0.0155 0.04150308 0.003029122 -0.021 0.04150308 0.002902022 -0.0155 0.04133738 0.002902022 -0.021 0.04133738 0.002822122 -0.0155 0.04114448 0.002822122 -0.021 0.04114448 0.002794822 -0.0155 0.04093738 0.002794822 -0.021 0.04093738 0.002822122 -0.0155 0.04073028 0.002822122 -0.021 0.04073028 0.002902022 -0.0155 0.04053738 0.002902022 -0.021 0.04053738 0.003029122 -0.0155 0.04037168 0.003029122 -0.021 0.04037168 0.003194822 -0.0155 0.04024458 0.003194822 -0.021 0.04024458 0.003387722 -0.0155 0.04016468 0.003387722 -0.021 0.04016468 -0.01240518 -0.0155 0.04013738 -0.01240518 -0.021 0.04013738 -0.01219812 -0.0155 0.04016468 -0.01219812 -0.021 0.04016468 -0.01200518 -0.0155 0.04024458 -0.01200518 -0.021 0.04024458 -0.01183949 -0.0155 0.04037168 -0.01183949 -0.021 0.04037168 -0.01171236 -0.0155 0.04053738 -0.01171236 -0.021 0.04053738 -0.01163244 -0.0155 0.04073028 -0.01163244 -0.021 0.04073028 -0.01160518 -0.0155 0.04093738 -0.01160518 -0.021 0.04093738 -0.01163244 -0.0155 0.04114448 -0.01163244 -0.021 0.04114448 -0.01171236 -0.0155 0.04133738 -0.01171236 -0.021 0.04133738 -0.01183949 -0.0155 0.04150308 -0.01183949 -0.021 0.04150308 -0.01200518 -0.0155 0.04163018 -0.01200518 -0.021 0.04163018 -0.01219812 -0.0155 0.04171008 -0.01219812 -0.021 0.04171008 -0.01240518 -0.0155 0.04173738 -0.01240518 -0.021 0.04173738 -0.01261224 -0.0155 0.04171008 -0.01261224 -0.021 0.04171008 -0.01280518 -0.0155 0.04163018 -0.01280518 -0.021 0.04163018 -0.01297087 -0.0155 0.04150308 -0.01297087 -0.021 0.04150308 -0.013098 -0.0155 0.04133738 -0.013098 -0.021 0.04133738 -0.01317792 -0.0155 0.04114448 -0.01317792 -0.021 0.04114448 -0.01320518 -0.0155 0.04093738 -0.01320518 -0.021 0.04093738 -0.01317792 -0.0155 0.04073028 -0.01317792 -0.021 0.04073028 -0.013098 -0.0155 0.04053738 -0.013098 -0.021 0.04053738 -0.01297087 -0.0155 0.04037168 -0.01297087 -0.021 0.04037168 -0.01280518 -0.0155 0.04024458 -0.01280518 -0.021 0.04024458 -0.01261224 -0.0155 0.04016468 -0.01261224 -0.021 0.04016468 -0.004405178 0.021 0.03213738 -0.004405178 0.016 0.03213738 -0.004198078 0.021 0.03216468 -0.004198078 0.016 0.03216468 -0.004005178 0.021 0.03224458 -0.004005178 0.016 0.03224458 -0.003839478 0.021 0.03237168 -0.003839478 0.016 0.03237168 -0.003712378 0.021 0.03253738 -0.003712378 0.016 0.03253738 -0.003632478 0.021 0.03273028 -0.003632478 0.016 0.03273028 -0.003605178 0.021 0.03293738 -0.003605178 0.016 0.03293738 -0.003632478 0.021 0.03314448 -0.003632478 0.016 0.03314448 -0.003712378 0.021 0.03333738 -0.003712378 0.016 0.03333738 -0.003839478 0.021 0.03350308 -0.003839478 0.016 0.03350308 -0.004005178 0.021 0.03363018 -0.004005178 0.016 0.03363018 -0.004198078 0.021 0.03371008 -0.004198078 0.016 0.03371008 -0.004405178 0.021 0.03373738 -0.004405178 0.016 0.03373738 -0.004612278 0.021 0.03371008 -0.004612278 0.016 0.03371008 -0.004805178 0.021 0.03363018 -0.004805178 0.016 0.03363018 -0.004970868 0.021 0.03350308 -0.004970868 0.016 0.03350308 -0.005097998 0.021 0.03333738 -0.005097998 0.016 0.03333738 -0.005177918 0.021 0.03314448 -0.005177918 0.016 0.03314448 -0.005205178 0.021 0.03293738 -0.005205178 0.016 0.03293738 -0.005177918 0.021 0.03273028 -0.005177918 0.016 0.03273028 -0.005097998 0.021 0.03253738 -0.005097998 0.016 0.03253738 -0.004970868 0.021 0.03237168 -0.004970868 0.016 0.03237168 -0.004805178 0.021 0.03224458 -0.004805178 0.016 0.03224458 -0.004612278 0.021 0.03216468 -0.004612278 0.016 0.03216468 -0.004405178 -0.016 0.04813738 -0.004405178 -0.021 0.04813738 -0.004198078 -0.016 0.04816468 -0.004198078 -0.021 0.04816468 -0.004005178 -0.016 0.04824458 -0.004005178 -0.021 0.04824458 -0.003839478 -0.016 0.04837168 -0.003839478 -0.021 0.04837168 -0.003712378 -0.016 0.04853738 -0.003712378 -0.021 0.04853738 -0.003632478 -0.016 0.04873028 -0.003632478 -0.021 0.04873028 -0.003605178 -0.016 0.04893738 -0.003605178 -0.021 0.04893738 -0.003632478 -0.016 0.04914448 -0.003632478 -0.021 0.04914448 -0.003712378 -0.016 0.04933738 -0.003712378 -0.021 0.04933738 -0.003839478 -0.016 0.04950308 -0.003839478 -0.021 0.04950308 -0.004005178 -0.016 0.04963018 -0.004005178 -0.021 0.04963018 -0.004198078 -0.016 0.04971008 -0.004198078 -0.021 0.04971008 -0.004405178 -0.016 0.04973738 -0.004405178 -0.021 0.04973738 -0.004612278 -0.016 0.04971008 -0.004612278 -0.021 0.04971008 -0.004805178 -0.016 0.04963018 -0.004805178 -0.021 0.04963018 -0.004970868 -0.016 0.04950308 -0.004970868 -0.021 0.04950308 -0.005097998 -0.016 0.04933738 -0.005097998 -0.021 0.04933738 -0.005177918 -0.016 0.04914448 -0.005177918 -0.021 0.04914448 -0.005205178 -0.016 0.04893738 -0.005205178 -0.021 0.04893738 -0.005177918 -0.016 0.04873028 -0.005177918 -0.021 0.04873028 -0.005097998 -0.016 0.04853738 -0.005097998 -0.021 0.04853738 -0.004970868 -0.016 0.04837168 -0.004970868 -0.021 0.04837168 -0.004805178 -0.016 0.04824458 -0.004805178 -0.021 0.04824458 -0.004612278 -0.016 0.04816468 -0.004612278 -0.021 0.04816468 -0.004405178 -0.016 0.03213738 -0.004405178 -0.021 0.03213738 -0.004198078 -0.016 0.03216468 -0.004198078 -0.021 0.03216468 -0.004005178 -0.016 0.03224458 -0.004005178 -0.021 0.03224458 -0.003839478 -0.016 0.03237168 -0.003839478 -0.021 0.03237168 -0.003712378 -0.016 0.03253738 -0.003712378 -0.021 0.03253738 -0.003632478 -0.016 0.03273028 -0.003632478 -0.021 0.03273028 -0.003605178 -0.016 0.03293738 -0.003605178 -0.021 0.03293738 -0.003632478 -0.016 0.03314448 -0.003632478 -0.021 0.03314448 -0.003712378 -0.016 0.03333738 -0.003712378 -0.021 0.03333738 -0.003839478 -0.016 0.03350308 -0.003839478 -0.021 0.03350308 -0.004005178 -0.016 0.03363018 -0.004005178 -0.021 0.03363018 -0.004198078 -0.016 0.03371008 -0.004198078 -0.021 0.03371008 -0.004405178 -0.016 0.03373738 -0.004405178 -0.021 0.03373738 -0.004612278 -0.016 0.03371008 -0.004612278 -0.021 0.03371008 -0.004805178 -0.016 0.03363018 -0.004805178 -0.021 0.03363018 -0.004970868 -0.016 0.03350308 -0.004970868 -0.021 0.03350308 -0.005097998 -0.016 0.03333738 -0.005097998 -0.021 0.03333738 -0.005177918 -0.016 0.03314448 -0.005177918 -0.021 0.03314448 -0.005205178 -0.016 0.03293738 -0.005205178 -0.021 0.03293738 -0.005177918 -0.016 0.03273028 -0.005177918 -0.021 0.03273028 -0.005097998 -0.016 0.03253738 -0.005097998 -0.021 0.03253738 -0.004970868 -0.016 0.03237168 -0.004970868 -0.021 0.03237168 -0.004805178 -0.016 0.03224458 -0.004805178 -0.021 0.03224458 -0.004612278 -0.016 0.03216468 -0.004612278 -0.021 0.03216468 0.003594822 0.021 0.04013738 0.003594822 0.0155 0.04013738 0.003801922 0.021 0.04016468 0.003801922 0.0155 0.04016468 0.003994822 0.021 0.04024458 0.003994822 0.0155 0.04024458 0.004160522 0.021 0.04037168 0.004160522 0.0155 0.04037168 0.004287622 0.021 0.04053738 0.004287622 0.0155 0.04053738 0.004367522 0.021 0.04073028 0.004367522 0.0155 0.04073028 0.004394822 0.021 0.04093738 0.004394822 0.0155 0.04093738 0.004367522 0.021 0.04114448 0.004367522 0.0155 0.04114448 0.004287622 0.021 0.04133738 0.004287622 0.0155 0.04133738 0.004160522 0.021 0.04150308 0.004160522 0.0155 0.04150308 0.003994822 0.021 0.04163018 0.003994822 0.0155 0.04163018 0.003801922 0.021 0.04171008 0.003801922 0.0155 0.04171008 0.003594822 0.021 0.04173738 0.003594822 0.0155 0.04173738 0.003387722 0.021 0.04171008 0.003387722 0.0155 0.04171008 0.003194822 0.021 0.04163018 0.003194822 0.0155 0.04163018 0.003029122 0.021 0.04150308 0.003029122 0.0155 0.04150308 0.002902022 0.021 0.04133738 0.002902022 0.0155 0.04133738 0.002822122 0.021 0.04114448 0.002822122 0.0155 0.04114448 0.002794822 0.021 0.04093738 0.002794822 0.0155 0.04093738 0.002822122 0.021 0.04073028 0.002822122 0.0155 0.04073028 0.002902022 0.021 0.04053738 0.002902022 0.0155 0.04053738 0.003029122 0.021 0.04037168 0.003029122 0.0155 0.04037168 0.003194822 0.021 0.04024458 0.003194822 0.0155 0.04024458 0.003387722 0.021 0.04016468 0.003387722 0.0155 0.04016468 -0.01240518 0.021 0.04013738 -0.01240518 0.0155 0.04013738 -0.01219812 0.021 0.04016468 -0.01219812 0.0155 0.04016468 -0.01200518 0.021 0.04024458 -0.01200518 0.0155 0.04024458 -0.01183949 0.021 0.04037168 -0.01183949 0.0155 0.04037168 -0.01171236 0.021 0.04053738 -0.01171236 0.0155 0.04053738 -0.01163244 0.021 0.04073028 -0.01163244 0.0155 0.04073028 -0.01160518 0.021 0.04093738 -0.01160518 0.0155 0.04093738 -0.01163244 0.021 0.04114448 -0.01163244 0.0155 0.04114448 -0.01171236 0.021 0.04133738 -0.01171236 0.0155 0.04133738 -0.01183949 0.021 0.04150308 -0.01183949 0.0155 0.04150308 -0.01200518 0.021 0.04163018 -0.01200518 0.0155 0.04163018 -0.01219812 0.021 0.04171008 -0.01219812 0.0155 0.04171008 -0.01240518 0.021 0.04173738 -0.01240518 0.0155 0.04173738 -0.01261224 0.021 0.04171008 -0.01261224 0.0155 0.04171008 -0.01280518 0.021 0.04163018 -0.01280518 0.0155 0.04163018 -0.01297087 0.021 0.04150308 -0.01297087 0.0155 0.04150308 -0.013098 0.021 0.04133738 -0.013098 0.0155 0.04133738 -0.01317792 0.021 0.04114448 -0.01317792 0.0155 0.04114448 -0.01320518 0.021 0.04093738 -0.01320518 0.0155 0.04093738 -0.01317792 0.021 0.04073028 -0.01317792 0.0155 0.04073028 -0.013098 0.021 0.04053738 -0.013098 0.0155 0.04053738 -0.01297087 0.021 0.04037168 -0.01297087 0.0155 0.04037168 -0.01280518 0.021 0.04024458 -0.01280518 0.0155 0.04024458 -0.01261224 0.021 0.04016468 -0.01261224 0.0155 0.04016468 -0.009905178 0.016 0.05143738 -0.01490518 0.021 0.05143738 -0.009905178 -0.016 0.05143738 -0.01490518 -0.021 0.05143738 0.001094822 -0.016 0.05143738 0.006094822 -0.021 0.05143738 0.001094822 0.016 0.05143738 0.006094822 0.021 0.05143738 -0.01490518 -0.021 -0.03156262 -0.01490518 0.021 -0.03156262 0.006094822 0.0184 -0.03056262 0.006094822 0.0184 -0.03156262 0.006094822 0.021 -0.03156262 0.006094822 -0.021 -0.03156262 0.006094822 -0.0184 -0.03156262 0.006094822 -0.0184 -0.03056262 0.006094822 -0.0155 -0.008554622 0.006094822 -0.0155 -0.02456262 0.006094822 0.0155 -0.02456262 0.006094822 -0.0155 0.02707268 0.006094822 -0.0155 0.04443738 0.006094822 -0.021 0.05143738 0.006094822 -0.0155 0.01707268 0.006094822 -0.0155 0.001445378 0.006094822 0.0155 0.001445378 0.006094822 0.021 0.05143738 0.006094822 0.0155 0.04443738 0.006094822 0.0155 0.02707268 0.006094822 0.0155 -0.008554622 0.006094822 0.0155 0.01707268 -0.01219812 -0.021 0.04016468 -0.01240518 -0.021 0.04013738 -0.01490518 -0.021 -0.03156262 0.03659482 -0.021 -0.04156262 0.03659482 -0.021 -0.03156262 -0.005405178 -0.021 -0.04156262 0.006094822 -0.021 -0.03156262 -0.01490518 -0.021 0.05143738 -0.004970868 -0.021 0.04950308 -0.004805178 -0.021 0.04963018 0.003594822 -0.021 0.04173738 0.003801922 -0.021 0.04171008 0.006094822 -0.021 0.05143738 -0.003605178 -0.021 0.04893738 -0.003839478 -0.021 0.03350308 -0.003712378 -0.021 0.03333738 -0.01261224 -0.021 0.04016468 -0.01280518 -0.021 0.04024458 -0.01297087 -0.021 0.04037168 -0.003839478 -0.021 0.04837168 -0.004005178 -0.021 0.04824458 -0.004198078 -0.021 0.04816468 -0.004005178 -0.021 0.03363018 -0.005097998 -0.021 0.03333738 -0.004970868 -0.021 0.03350308 -0.004405178 -0.021 0.04813738 -0.004805178 -0.021 0.03363018 -0.003712378 -0.021 0.03253738 -0.003839478 -0.021 0.03237168 -0.004612278 -0.021 0.04816468 -0.005205178 -0.021 0.03293738 -0.005177918 -0.021 0.03314448 -0.004405178 -0.021 0.03213738 -0.006887538 -0.021 -0.03163077 -0.006405178 -0.021 -0.03183057 -0.005990968 -0.021 -0.03214841 -0.005673128 -0.021 -0.03256262 -0.005473328 -0.021 -0.03304498 -0.004970868 -0.021 0.03237168 -0.004805178 -0.021 0.03224458 -0.004612278 -0.021 0.03216468 -0.004198078 -0.021 0.04971008 -0.004405178 -0.021 0.04973738 -0.004612278 -0.021 0.04971008 0.003594822 -0.021 0.04013738 0.003387722 -0.021 0.04016468 0.003194822 -0.021 0.04024458 0.003029122 -0.021 0.04037168 0.003387722 -0.021 0.04171008 0.004287622 -0.021 0.04053738 0.004160522 -0.021 0.04037168 -0.003632478 -0.021 0.04873028 -0.003712378 -0.021 0.04853738 -0.005405178 -0.021 -0.03356262 -0.004198078 -0.021 0.03216468 -0.004005178 -0.021 0.03224458 -0.007405178 -0.021 -0.03156262 -0.01200518 -0.021 0.04024458 -0.01183949 -0.021 0.04037168 -0.004005178 -0.021 0.04963018 -0.003839478 -0.021 0.04950308 -0.003712378 -0.021 0.04933738 -0.003632478 -0.021 0.04914448 0.003994822 -0.021 0.04163018 0.004160522 -0.021 0.04150308 0.004287622 -0.021 0.04133738 -0.004612278 -0.021 0.03371008 -0.004405178 -0.021 0.03373738 -0.004198078 -0.021 0.03371008 -0.005177918 -0.021 0.04914448 -0.01219812 -0.021 0.04171008 -0.005205178 -0.021 0.04893738 -0.005177918 -0.021 0.04873028 -0.01280518 -0.021 0.04163018 -0.01261224 -0.021 0.04171008 -0.01240518 -0.021 0.04173738 -0.005097998 -0.021 0.04933738 0.002902022 -0.021 0.04053738 0.002822122 -0.021 0.04073028 0.002794822 -0.021 0.04093738 0.002822122 -0.021 0.04114448 0.002902022 -0.021 0.04133738 0.003029122 -0.021 0.04150308 0.003194822 -0.021 0.04163018 0.003994822 -0.021 0.04024458 0.003801922 -0.021 0.04016468 -0.013098 -0.021 0.04053738 -0.01317792 -0.021 0.04073028 -0.01320518 -0.021 0.04093738 -0.01317792 -0.021 0.04114448 -0.013098 -0.021 0.04133738 -0.01297087 -0.021 0.04150308 0.004367522 -0.021 0.04114448 0.004394822 -0.021 0.04093738 0.004367522 -0.021 0.04073028 -0.005097998 -0.021 0.03253738 -0.005177918 -0.021 0.03273028 -0.01171236 -0.021 0.04053738 -0.003632478 -0.021 0.03314448 -0.003605178 -0.021 0.03293738 -0.003632478 -0.021 0.03273028 -0.005097998 -0.021 0.04853738 -0.01200518 -0.021 0.04163018 -0.004970868 -0.021 0.04837168 -0.01183949 -0.021 0.04150308 -0.004805178 -0.021 0.04824458 -0.01171236 -0.021 0.04133738 -0.01163244 -0.021 0.04114448 -0.01160518 -0.021 0.04093738 -0.01163244 -0.021 0.04073028 -0.01490518 0.0155 0.02707268 -0.01490518 0.0155 0.04443738 -0.01490518 0.021 0.05143738 -0.01490518 0.0155 0.01707268 -0.01490518 0.021 -0.03156262 -0.01490518 0.0155 0.001445378 -0.01490518 0.0155 -0.008554622 -0.01490518 -0.0155 0.001445378 -0.01490518 -0.021 0.05143738 -0.01490518 -0.0155 0.04443738 -0.01490518 -0.0155 0.02707268 -0.01490518 -0.0155 -0.008554622 -0.01490518 -0.021 -0.03156262 -0.01490518 -0.0155 -0.02456262 -0.01490518 0.0155 -0.02456262 -0.01490518 -0.0155 0.01707268 0.006094822 0.021 -0.03156262 0.03659482 0.021 -0.03156262 0.03659482 0.021 -0.04156262 -0.01490518 0.021 0.05143738 -0.01240518 0.021 0.04173738 -0.01261224 0.021 0.04171008 -0.01219812 0.021 0.04171008 -0.01280518 0.021 0.04163018 -0.01297087 0.021 0.04150308 -0.013098 0.021 0.04133738 -0.013098 0.021 0.04053738 -0.01297087 0.021 0.04037168 -0.01490518 0.021 -0.03156262 -0.01280518 0.021 0.04024458 0.003994822 0.021 0.04024458 0.004160522 0.021 0.04037168 0.004367522 0.021 0.04114448 0.004287622 0.021 0.04133738 0.006094822 0.021 0.05143738 0.004160522 0.021 0.04150308 0.003994822 0.021 0.04163018 -0.01317792 0.021 0.04114448 -0.01320518 0.021 0.04093738 -0.01317792 0.021 0.04073028 -0.005177918 0.021 0.04873028 -0.005097998 0.021 0.04853738 -0.004405178 0.021 0.03373738 -0.004970868 0.021 0.04837168 -0.004805178 0.021 0.04824458 -0.003839478 0.021 0.04950308 -0.004005178 0.021 0.04963018 0.003029122 0.021 0.04150308 -0.003839478 0.021 0.03350308 -0.004198078 0.021 0.04816468 -0.003605178 0.021 0.04893738 -0.003632478 0.021 0.04914448 0.003387722 0.021 0.04171008 -0.01160518 0.021 0.04093738 -0.004612278 0.021 0.03371008 -0.004612278 0.021 0.04971008 -0.004405178 0.021 0.04973738 -0.004198078 0.021 0.04971008 0.004287622 0.021 0.04053738 0.004367522 0.021 0.04073028 0.004394822 0.021 0.04093738 0.003801922 0.021 0.04171008 0.003594822 0.021 0.04173738 -0.003712378 0.021 0.04933738 0.002822122 0.021 0.04114448 -0.003712378 0.021 0.03253738 0.002902022 0.021 0.04133738 -0.003632478 0.021 0.03273028 -0.003605178 0.021 0.03293738 -0.003632478 0.021 0.03314448 -0.003712378 0.021 0.03333738 -0.004005178 0.021 0.03363018 -0.004198078 0.021 0.03371008 -0.004405178 0.021 0.04813738 -0.004612278 0.021 0.04816468 -0.004005178 0.021 0.04824458 -0.003839478 0.021 0.04837168 0.003194822 0.021 0.04163018 -0.003712378 0.021 0.04853738 -0.003632478 0.021 0.04873028 -0.005205178 0.021 0.04893738 -0.01163244 0.021 0.04114448 -0.004805178 0.021 0.04963018 -0.004970868 0.021 0.04950308 -0.005097998 0.021 0.04933738 -0.005177918 0.021 0.04914448 -0.01261224 0.021 0.04016468 -0.01240518 0.021 0.04013738 -0.01219812 0.021 0.04016468 0.003194822 0.021 0.04024458 0.003387722 0.021 0.04016468 -0.01171236 0.021 0.04133738 -0.01183949 0.021 0.04150308 -0.01200518 0.021 0.04163018 0.002794822 0.021 0.04093738 0.002822122 0.021 0.04073028 0.002902022 0.021 0.04053738 0.003594822 0.021 0.04013738 0.003801922 0.021 0.04016468 0.003029122 0.021 0.04037168 -0.003839478 0.021 0.03237168 -0.004005178 0.021 0.03224458 -0.004198078 0.021 0.03216468 -0.005177918 0.021 0.03314448 -0.005097998 0.021 0.03333738 -0.01200518 0.021 0.04024458 -0.004970868 0.021 0.03350308 -0.01183949 0.021 0.04037168 -0.004805178 0.021 0.03363018 -0.01171236 0.021 0.04053738 -0.01163244 0.021 0.04073028 -0.005205178 0.021 0.03293738 -0.005177918 0.021 0.03273028 -0.005097998 0.021 0.03253738 -0.004970868 0.021 0.03237168 -0.005405178 0.021 -0.04156262 -0.005405178 0.021 -0.03356262 -0.005473328 0.021 -0.03304498 -0.005673128 0.021 -0.03256262 -0.005990968 0.021 -0.03214841 -0.004805178 0.021 0.03224458 -0.004612278 0.021 0.03216468 -0.007405178 0.021 -0.03156262 -0.004405178 0.021 0.03213738 -0.006887538 0.021 -0.03163077 -0.006405178 0.021 -0.03183057 -0.009905178 0.016 0.05143738 -0.009905178 0.0155 -0.008554622 -0.009905178 0.016 -0.02856262 -0.009905178 0.0155 -0.02456262 -0.009905178 -0.016 -0.02856262 -0.009905178 0.0155 0.001445378 -0.009905178 -0.0155 0.001445378 -0.009905178 -0.0155 -0.008554622 -0.009905178 -0.0155 -0.02456262 -0.009905178 -0.016 0.05143738 -0.009905178 -0.0155 0.01707268 -0.009905178 0.0155 0.01707268 -0.009905178 0.0155 0.02707268 -0.009905178 -0.0155 0.02707268 -0.009905178 -0.0155 0.04443738 -0.009905178 0.0155 0.04443738 -0.003605178 0.016 0.04893738 -0.005177918 0.016 0.03314448 -0.005097998 0.016 0.03333738 -0.003712378 0.016 0.03253738 -0.003839478 0.016 0.03237168 0.001094822 0.016 -0.02856262 0.001094822 0.016 0.05143738 -0.003839478 0.016 0.03350308 -0.003712378 0.016 0.03333738 -0.003632478 0.016 0.03314448 -0.003605178 0.016 0.03293738 -0.003632478 0.016 0.03273028 -0.003712378 0.016 0.04853738 -0.003839478 0.016 0.04837168 -0.005205178 0.016 0.03293738 -0.003632478 0.016 0.04873028 -0.004005178 0.016 0.04963018 -0.003839478 0.016 0.04950308 -0.004970868 0.016 0.03350308 -0.004805178 0.016 0.03363018 -0.004612278 0.016 0.03371008 -0.004005178 0.016 0.03224458 -0.004198078 0.016 0.03216468 -0.009905178 0.016 -0.02856262 -0.004405178 0.016 0.03213738 -0.004612278 0.016 0.03216468 -0.004005178 0.016 0.04824458 -0.004198078 0.016 0.04816468 -0.004405178 0.016 0.04813738 -0.004612278 0.016 0.04816468 -0.004805178 0.016 0.04824458 -0.004970868 0.016 0.04837168 -0.009905178 0.016 0.05143738 -0.005097998 0.016 0.04853738 -0.005177918 0.016 0.04873028 -0.005205178 0.016 0.04893738 -0.005177918 0.016 0.04914448 -0.005097998 0.016 0.04933738 -0.004970868 0.016 0.04950308 -0.004805178 0.016 0.04963018 -0.004612278 0.016 0.04971008 -0.004405178 0.016 0.04973738 -0.004198078 0.016 0.04971008 -0.003712378 0.016 0.04933738 -0.003632478 0.016 0.04914448 -0.004405178 0.016 0.03373738 -0.004198078 0.016 0.03371008 -0.004005178 0.016 0.03363018 -0.004805178 0.016 0.03224458 -0.004970868 0.016 0.03237168 -0.005097998 0.016 0.03253738 -0.005177918 0.016 0.03273028 0.001094822 0.0155 0.02707268 0.001094822 0.0155 0.04443738 0.001094822 0.016 0.05143738 0.001094822 0.0155 0.01707268 0.001094822 0.016 -0.02856262 0.001094822 0.0155 0.001445378 0.001094822 0.0155 -0.008554622 0.001094822 -0.0155 0.001445378 0.001094822 -0.016 0.05143738 0.001094822 -0.0155 0.04443738 0.001094822 -0.0155 0.02707268 0.001094822 -0.0155 -0.008554622 0.001094822 -0.016 -0.02856262 0.001094822 -0.0155 -0.02456262 0.001094822 0.0155 -0.02456262 0.001094822 -0.0155 0.01707268 -0.005097998 -0.016 0.03253738 -0.004970868 -0.016 0.03237168 -0.009905178 -0.016 -0.02856262 -0.004005178 -0.016 0.04963018 -0.004198078 -0.016 0.04971008 0.001094822 -0.016 0.05143738 -0.004405178 -0.016 0.04973738 -0.009905178 -0.016 0.05143738 -0.004612278 -0.016 0.04971008 -0.004805178 -0.016 0.04963018 -0.004970868 -0.016 0.04950308 -0.005097998 -0.016 0.04933738 -0.005177918 -0.016 0.04914448 -0.004970868 -0.016 0.04837168 -0.004805178 -0.016 0.04824458 -0.004970868 -0.016 0.03350308 -0.004612278 -0.016 0.04816468 -0.004805178 -0.016 0.03363018 -0.005097998 -0.016 0.03333738 -0.004005178 -0.016 0.03363018 -0.004198078 -0.016 0.03371008 -0.005205178 -0.016 0.04893738 -0.005177918 -0.016 0.04873028 -0.005097998 -0.016 0.04853738 -0.005177918 -0.016 0.03314448 -0.005205178 -0.016 0.03293738 -0.005177918 -0.016 0.03273028 -0.004805178 -0.016 0.03224458 -0.004612278 -0.016 0.03216468 0.001094822 -0.016 -0.02856262 -0.004405178 -0.016 0.03213738 -0.004198078 -0.016 0.04816468 -0.004405178 -0.016 0.04813738 -0.004405178 -0.016 0.03373738 -0.004612278 -0.016 0.03371008 -0.004198078 -0.016 0.03216468 -0.004005178 -0.016 0.03224458 -0.003839478 -0.016 0.03237168 -0.003632478 -0.016 0.03314448 -0.003712378 -0.016 0.03333738 -0.003839478 -0.016 0.03350308 -0.004005178 -0.016 0.04824458 -0.003839478 -0.016 0.04837168 -0.003712378 -0.016 0.04853738 -0.003712378 -0.016 0.03253738 -0.003632478 -0.016 0.03273028 -0.003605178 -0.016 0.03293738 -0.003632478 -0.016 0.04873028 -0.003605178 -0.016 0.04893738 -0.003632478 -0.016 0.04914448 -0.003712378 -0.016 0.04933738 -0.003839478 -0.016 0.04950308 0.001094822 -0.016 -0.02856262 0.001094822 0.016 -0.02856262 -0.009905178 -0.016 -0.02856262 -0.009905178 0.016 -0.02856262 0.002902022 -0.0155 0.04133738 0.002822122 -0.0155 0.04114448 0.001094822 -0.0155 0.04443738 0.003387722 -0.0155 0.04171008 0.003194822 -0.0155 0.04163018 0.003029122 -0.0155 0.04150308 0.003029122 -0.0155 0.04037168 0.003194822 -0.0155 0.04024458 0.001094822 -0.0155 0.02707268 0.002794822 -0.0155 0.04093738 0.002822122 -0.0155 0.04073028 0.002902022 -0.0155 0.04053738 0.003994822 -0.0155 0.04024458 0.004160522 -0.0155 0.04037168 0.006094822 -0.0155 0.02707268 0.004367522 -0.0155 0.04114448 0.004287622 -0.0155 0.04133738 0.006094822 -0.0155 0.04443738 0.004160522 -0.0155 0.04150308 0.003994822 -0.0155 0.04163018 0.003801922 -0.0155 0.04171008 0.003594822 -0.0155 0.04173738 0.004287622 -0.0155 0.04053738 0.004367522 -0.0155 0.04073028 0.004394822 -0.0155 0.04093738 0.003387722 -0.0155 0.04016468 0.003594822 -0.0155 0.04013738 0.003801922 -0.0155 0.04016468 0.001094822 0.0155 0.04443738 0.006094822 0.0155 0.04443738 0.001094822 -0.0155 0.04443738 0.006094822 -0.0155 0.04443738 0.003994822 0.0155 0.04163018 0.004160522 0.0155 0.04150308 0.006094822 0.0155 0.04443738 0.004287622 0.0155 0.04133738 0.004367522 0.0155 0.04114448 0.004394822 0.0155 0.04093738 0.004367522 0.0155 0.04073028 0.006094822 0.0155 0.02707268 0.004287622 0.0155 0.04053738 0.004160522 0.0155 0.04037168 0.003029122 0.0155 0.04037168 0.001094822 0.0155 0.02707268 0.003194822 0.0155 0.04024458 0.003387722 0.0155 0.04016468 0.003994822 0.0155 0.04024458 0.003801922 0.0155 0.04016468 0.003594822 0.0155 0.04013738 0.002822122 0.0155 0.04114448 0.002902022 0.0155 0.04133738 0.001094822 0.0155 0.04443738 0.003029122 0.0155 0.04150308 0.003194822 0.0155 0.04163018 0.003387722 0.0155 0.04171008 0.003594822 0.0155 0.04173738 0.003801922 0.0155 0.04171008 0.002902022 0.0155 0.04053738 0.002822122 0.0155 0.04073028 0.002794822 0.0155 0.04093738 0.001094822 -0.0155 0.02707268 0.006094822 -0.0155 0.02707268 0.001094822 0.0155 0.02707268 0.006094822 0.0155 0.02707268 0.001094822 -0.0155 0.01707268 0.006094822 -0.0155 0.01707268 0.001094822 -0.0155 0.001445378 0.006094822 -0.0155 0.001445378 0.001094822 0.0155 0.01707268 0.006094822 0.0155 0.01707268 0.001094822 -0.0155 0.01707268 0.006094822 -0.0155 0.01707268 0.001094822 0.0155 0.001445378 0.006094822 0.0155 0.001445378 0.001094822 0.0155 0.01707268 0.006094822 0.0155 0.01707268 0.001094822 -0.0155 0.001445378 0.006094822 -0.0155 0.001445378 0.001094822 0.0155 0.001445378 0.006094822 0.0155 0.001445378 0.001094822 -0.0155 -0.008554622 0.006094822 -0.0155 -0.008554622 0.001094822 -0.0155 -0.02456262 0.006094822 -0.0155 -0.02456262 0.001094822 0.0155 -0.008554622 0.006094822 0.0155 -0.008554622 0.001094822 -0.0155 -0.008554622 0.006094822 -0.0155 -0.008554622 0.001094822 0.0155 -0.02456262 0.006094822 0.0155 -0.02456262 0.001094822 0.0155 -0.008554622 0.006094822 0.0155 -0.008554622 0.001094822 -0.0155 -0.02456262 0.006094822 -0.0155 -0.02456262 0.001094822 0.0155 -0.02456262 0.006094822 0.0155 -0.02456262 -0.01490518 0.0155 0.02707268 -0.01490518 -0.0155 0.02707268 -0.009905178 0.0155 0.02707268 -0.009905178 -0.0155 0.02707268 -0.01280518 0.0155 0.04024458 -0.01297087 0.0155 0.04037168 -0.01490518 0.0155 0.02707268 -0.009905178 0.0155 0.02707268 -0.009905178 0.0155 0.04443738 -0.01163244 0.0155 0.04073028 -0.01160518 0.0155 0.04093738 -0.01183949 0.0155 0.04150308 -0.01200518 0.0155 0.04163018 -0.01219812 0.0155 0.04171008 -0.01171236 0.0155 0.04133738 -0.01163244 0.0155 0.04114448 -0.01171236 0.0155 0.04053738 -0.01183949 0.0155 0.04037168 -0.01200518 0.0155 0.04024458 -0.01297087 0.0155 0.04150308 -0.01490518 0.0155 0.04443738 -0.013098 0.0155 0.04133738 -0.01317792 0.0155 0.04114448 -0.01280518 0.0155 0.04163018 -0.01261224 0.0155 0.04171008 -0.01240518 0.0155 0.04173738 -0.01219812 0.0155 0.04016468 -0.01240518 0.0155 0.04013738 -0.01261224 0.0155 0.04016468 -0.013098 0.0155 0.04053738 -0.01317792 0.0155 0.04073028 -0.01320518 0.0155 0.04093738 -0.01490518 -0.0155 0.04443738 -0.01490518 0.0155 0.04443738 -0.009905178 -0.0155 0.04443738 -0.009905178 0.0155 0.04443738 -0.013098 -0.0155 0.04053738 -0.01297087 -0.0155 0.04037168 -0.01490518 -0.0155 0.02707268 -0.01317792 -0.0155 0.04073028 -0.01490518 -0.0155 0.04443738 -0.01320518 -0.0155 0.04093738 -0.01183949 -0.0155 0.04037168 -0.009905178 -0.0155 0.02707268 -0.01200518 -0.0155 0.04024458 -0.01219812 -0.0155 0.04016468 -0.01171236 -0.0155 0.04053738 -0.01163244 -0.0155 0.04073028 -0.009905178 -0.0155 0.04443738 -0.01160518 -0.0155 0.04093738 -0.01163244 -0.0155 0.04114448 -0.01280518 -0.0155 0.04163018 -0.01297087 -0.0155 0.04150308 -0.01280518 -0.0155 0.04024458 -0.01261224 -0.0155 0.04016468 -0.01240518 -0.0155 0.04013738 -0.01171236 -0.0155 0.04133738 -0.01183949 -0.0155 0.04150308 -0.01200518 -0.0155 0.04163018 -0.013098 -0.0155 0.04133738 -0.01317792 -0.0155 0.04114448 -0.01219812 -0.0155 0.04171008 -0.01240518 -0.0155 0.04173738 -0.01261224 -0.0155 0.04171008 -0.01490518 0.0155 0.001445378 -0.01490518 -0.0155 0.001445378 -0.009905178 0.0155 0.001445378 -0.009905178 -0.0155 0.001445378 -0.01490518 0.0155 0.01707268 -0.01490518 0.0155 0.001445378 -0.009905178 0.0155 0.01707268 -0.009905178 0.0155 0.001445378 -0.01490518 -0.0155 0.01707268 -0.01490518 0.0155 0.01707268 -0.009905178 -0.0155 0.01707268 -0.009905178 0.0155 0.01707268 -0.01490518 -0.0155 0.001445378 -0.01490518 -0.0155 0.01707268 -0.009905178 -0.0155 0.001445378 -0.009905178 -0.0155 0.01707268 -0.01490518 0.0155 -0.02456262 -0.01490518 -0.0155 -0.02456262 -0.009905178 0.0155 -0.02456262 -0.009905178 -0.0155 -0.02456262 -0.01490518 0.0155 -0.008554622 -0.01490518 0.0155 -0.02456262 -0.009905178 0.0155 -0.008554622 -0.009905178 0.0155 -0.02456262 -0.01490518 -0.0155 -0.008554622 -0.01490518 0.0155 -0.008554622 -0.009905178 -0.0155 -0.008554622 -0.009905178 0.0155 -0.008554622 -0.01490518 -0.0155 -0.02456262 -0.01490518 -0.0155 -0.008554622 -0.009905178 -0.0155 -0.02456262 -0.009905178 -0.0155 -0.008554622 -0.002755178 -0.0151 -0.03931585 -5.178148e-06 -0.0151 -0.03931585 -5.178148e-06 -0.0153909 -0.03936271 -0.005405178 -0.0136171 -0.04156262 -0.002755178 -0.0136171 -0.04156262 -0.005405178 -0.0134852 -0.04119127 -0.002755178 -0.0134852 -0.04119127 -0.005405178 -0.0134513 -0.04079867 -0.002755178 -0.0134513 -0.04079867 -0.005405178 -0.0135175 -0.04041021 -0.002755178 -0.0135175 -0.04041021 -0.005405178 -0.0136795 -0.04005099 -0.002755178 -0.0136795 -0.04005099 -0.005405178 -0.0139268 -0.03974422 -0.002755178 -0.0139268 -0.03974422 -0.005405178 -0.0142435 -0.03950975 -0.002755178 -0.0142435 -0.03950975 -0.005405178 -0.0146091 -0.03936271 -0.002755178 -0.0146091 -0.03936271 -0.005405178 -0.015 -0.03931262 -0.002755178 -0.015 -0.03931262 -0.005405178 -0.0153909 -0.03936271 -0.005405178 -0.0157565 -0.03950975 -5.178148e-06 -0.0157565 -0.03950975 -0.005405178 -0.0160732 -0.03974422 -5.178148e-06 -0.0160732 -0.03974422 -0.005405178 -0.0163205 -0.04005099 -5.178148e-06 -0.0163205 -0.04005099 -0.005405178 -0.0164825 -0.04041021 -5.178148e-06 -0.0164825 -0.04041021 -0.005405178 -0.0165487 -0.04079867 -5.178148e-06 -0.0165487 -0.04079867 -0.005405178 -0.0165148 -0.04119127 -5.178148e-06 -0.0165148 -0.04119127 -0.005405178 -0.0163829 -0.04156262 -5.178148e-06 -0.0163829 -0.04156262 -5.178148e-06 0.01539086 -0.03936271 -5.178148e-06 0.0151 -0.03931585 -0.002755178 0.0151 -0.03931585 -0.005405178 0.01638293 -0.04156262 -5.178148e-06 0.01638293 -0.04156262 -0.005405178 0.01651476 -0.04119127 -5.178148e-06 0.01651476 -0.04119127 -0.005405178 0.01654868 -0.04079867 -5.178148e-06 0.01654868 -0.04079867 -0.005405178 0.01648251 -0.04041021 -5.178148e-06 0.01648251 -0.04041021 -0.005405178 0.01632051 -0.04005099 -5.178148e-06 0.01632051 -0.04005099 -0.005405178 0.01607317 -0.03974422 -5.178148e-06 0.01607317 -0.03974422 -0.005405178 0.01575646 -0.03950975 -5.178148e-06 0.01575646 -0.03950975 -0.005405178 0.01539086 -0.03936271 -0.002755178 0.01361707 -0.04156262 -0.005405178 0.01361707 -0.04156262 -0.002755178 0.01348524 -0.04119127 -0.005405178 0.01348524 -0.04119127 -0.002755178 0.01345132 -0.04079867 -0.005405178 0.01345132 -0.04079867 -0.002755178 0.01351749 -0.04041021 -0.005405178 0.01351749 -0.04041021 -0.002755178 0.01367949 -0.04005099 -0.005405178 0.01367949 -0.04005099 -0.002755178 0.01392683 -0.03974422 -0.005405178 0.01392683 -0.03974422 -0.002755178 0.01424354 -0.03950975 -0.005405178 0.01424354 -0.03950975 -0.002755178 0.01460914 -0.03936271 -0.005405178 0.01460914 -0.03936271 -0.002755178 0.015 -0.03931262 -0.005405178 0.015 -0.03931262 0.03394482 -0.0136171 -0.04156262 0.03659482 -0.0136171 -0.04156262 0.03394482 -0.0134852 -0.04119127 0.03659482 -0.0134852 -0.04119127 0.03394482 -0.0134513 -0.04079867 0.03659482 -0.0134513 -0.04079867 0.03394482 -0.0135175 -0.04041021 0.03659482 -0.0135175 -0.04041021 0.03394482 -0.0136795 -0.04005099 0.03659482 -0.0136795 -0.04005099 0.03394482 -0.0139268 -0.03974422 0.03659482 -0.0139268 -0.03974422 0.03394482 -0.0142435 -0.03950975 0.03659482 -0.0142435 -0.03950975 0.03394482 -0.0146091 -0.03936271 0.03659482 -0.0146091 -0.03936271 0.03394482 -0.015 -0.03931262 0.03659482 -0.015 -0.03931262 0.03394482 -0.0151 -0.03931585 0.03659482 -0.0153909 -0.03936271 0.03119482 -0.0151 -0.03931585 0.03119482 -0.0153909 -0.03936271 0.03119482 -0.0157565 -0.03950975 0.03659482 -0.0157565 -0.03950975 0.03119482 -0.0160732 -0.03974422 0.03659482 -0.0160732 -0.03974422 0.03119482 -0.0163205 -0.04005099 0.03659482 -0.0163205 -0.04005099 0.03119482 -0.0164825 -0.04041021 0.03659482 -0.0164825 -0.04041021 0.03119482 -0.0165487 -0.04079867 0.03659482 -0.0165487 -0.04079867 0.03119482 -0.0165148 -0.04119127 0.03659482 -0.0165148 -0.04119127 0.03119482 -0.0163829 -0.04156262 0.03659482 -0.0163829 -0.04156262 0.03394482 0.0151 -0.03931585 0.03119482 0.0151 -0.03931585 0.03119482 0.01539086 -0.03936271 0.03659482 0.01361707 -0.04156262 0.03394482 0.01361707 -0.04156262 0.03659482 0.01348524 -0.04119127 0.03394482 0.01348524 -0.04119127 0.03659482 0.01345132 -0.04079867 0.03394482 0.01345132 -0.04079867 0.03659482 0.01351749 -0.04041021 0.03394482 0.01351749 -0.04041021 0.03659482 0.01367949 -0.04005099 0.03394482 0.01367949 -0.04005099 0.03659482 0.01392683 -0.03974422 0.03394482 0.01392683 -0.03974422 0.03659482 0.01424354 -0.03950975 0.03394482 0.01424354 -0.03950975 0.03659482 0.01460914 -0.03936271 0.03394482 0.01460914 -0.03936271 0.03659482 0.015 -0.03931262 0.03394482 0.015 -0.03931262 0.03659482 0.01539086 -0.03936271 0.03119482 0.01638293 -0.04156262 0.03659482 0.01638293 -0.04156262 0.03119482 0.01651476 -0.04119127 0.03659482 0.01651476 -0.04119127 0.03119482 0.01654868 -0.04079867 0.03659482 0.01654868 -0.04079867 0.03119482 0.01648251 -0.04041021 0.03659482 0.01648251 -0.04041021 0.03119482 0.01632051 -0.04005099 0.03659482 0.01632051 -0.04005099 0.03119482 0.01607317 -0.03974422 0.03659482 0.01607317 -0.03974422 0.03119482 0.01575646 -0.03950975 0.03659482 0.01575646 -0.03950975 0.03119482 -0.0085 -0.03611262 0.03659482 -0.0085 -0.03611262 0.03119482 -0.0080988 -0.0360598 0.03659482 -0.0080988 -0.0360598 0.03119482 -0.007725 -0.03590496 0.03659482 -0.007725 -0.03590496 0.03119482 -0.007404 -0.03565864 0.03659482 -0.007404 -0.03565864 0.03119482 -0.0071577 -0.03533762 0.03659482 -0.0071577 -0.03533762 0.03119482 -0.0070028 -0.03496379 0.03659482 -0.0070028 -0.03496379 0.03119482 -0.00695 -0.03456262 0.03659482 -0.00695 -0.03456262 0.03119482 -0.0070028 -0.03416145 0.03659482 -0.0070028 -0.03416145 0.03119482 -0.0071577 -0.03378762 0.03659482 -0.0071577 -0.03378762 0.03119482 -0.007404 -0.0334666 0.03659482 -0.007404 -0.0334666 0.03119482 -0.007725 -0.03322028 0.03659482 -0.007725 -0.03322028 0.03119482 -0.0080988 -0.03306543 0.03659482 -0.0080988 -0.03306543 0.03119482 -0.0085 -0.03301262 0.03659482 -0.0085 -0.03301262 0.03119482 -0.0089012 -0.03306543 0.03659482 -0.0089012 -0.03306543 0.03119482 -0.009275 -0.03322028 0.03659482 -0.009275 -0.03322028 0.03119482 -0.009596 -0.0334666 0.03659482 -0.009596 -0.0334666 0.03119482 -0.0098423 -0.03378762 0.03659482 -0.0098423 -0.03378762 0.03119482 -0.0099972 -0.03416145 0.03659482 -0.0099972 -0.03416145 0.03119482 -0.01005 -0.03456262 0.03659482 -0.01005 -0.03456262 0.03119482 -0.0099972 -0.03496379 0.03659482 -0.0099972 -0.03496379 0.03119482 -0.0098423 -0.03533762 0.03659482 -0.0098423 -0.03533762 0.03119482 -0.009596 -0.03565864 0.03659482 -0.009596 -0.03565864 0.03119482 -0.009275 -0.03590496 0.03659482 -0.009275 -0.03590496 0.03119482 -0.0089012 -0.0360598 0.03659482 -0.0089012 -0.0360598 0.03119482 0.0085 -0.03611262 0.03659482 0.0085 -0.03611262 0.03119482 0.0089012 -0.0360598 0.03659482 0.0089012 -0.0360598 0.03119482 0.009275 -0.03590496 0.03659482 0.009275 -0.03590496 0.03119482 0.009596 -0.03565864 0.03659482 0.009596 -0.03565864 0.03119482 0.0098423 -0.03533762 0.03659482 0.0098423 -0.03533762 0.03119482 0.0099972 -0.03496379 0.03659482 0.0099972 -0.03496379 0.03119482 0.01005 -0.03456262 0.03659482 0.01005 -0.03456262 0.03119482 0.0099972 -0.03416145 0.03659482 0.0099972 -0.03416145 0.03119482 0.0098423 -0.03378762 0.03659482 0.0098423 -0.03378762 0.03119482 0.009596 -0.0334666 0.03659482 0.009596 -0.0334666 0.03119482 0.009275 -0.03322028 0.03659482 0.009275 -0.03322028 0.03119482 0.0089012 -0.03306543 0.03659482 0.0089012 -0.03306543 0.03119482 0.0085 -0.03301262 0.03659482 0.0085 -0.03301262 0.03119482 0.0080988 -0.03306543 0.03659482 0.0080988 -0.03306543 0.03119482 0.007725 -0.03322028 0.03659482 0.007725 -0.03322028 0.03119482 0.007404 -0.0334666 0.03659482 0.007404 -0.0334666 0.03119482 0.0071577 -0.03378762 0.03659482 0.0071577 -0.03378762 0.03119482 0.0070028 -0.03416145 0.03659482 0.0070028 -0.03416145 0.03119482 0.00695 -0.03456262 0.03659482 0.00695 -0.03456262 0.03119482 0.0070028 -0.03496379 0.03659482 0.0070028 -0.03496379 0.03119482 0.0071577 -0.03533762 0.03659482 0.0071577 -0.03533762 0.03119482 0.007404 -0.03565864 0.03659482 0.007404 -0.03565864 0.03119482 0.007725 -0.03590496 0.03659482 0.007725 -0.03590496 0.03119482 0.0080988 -0.0360598 0.03659482 0.0080988 -0.0360598 -5.178148e-06 -0.009596 -0.0334666 -5.178148e-06 -0.0098423 -0.03378762 -0.005405178 -0.0098423 -0.03378762 -0.005405178 -0.0099972 -0.03416145 -5.178148e-06 -0.0099972 -0.03416145 -0.005405178 -0.01005 -0.03456262 -5.178148e-06 -0.01005 -0.03456262 -0.005405178 -0.0099972 -0.03496379 -5.178148e-06 -0.0099972 -0.03496379 -0.005405178 -0.0098423 -0.03533762 -5.178148e-06 -0.0098423 -0.03533762 -0.005405178 -0.009596 -0.03565864 -5.178148e-06 -0.009596 -0.03565864 -0.005405178 -0.009275 -0.03590496 -5.178148e-06 -0.009275 -0.03590496 -0.005405178 -0.0089012 -0.0360598 -5.178148e-06 -0.0089012 -0.0360598 -0.005405178 -0.0085 -0.03611262 -5.178148e-06 -0.0085 -0.03611262 -0.005405178 -0.0080988 -0.0360598 -5.178148e-06 -0.0080988 -0.0360598 -0.005405178 -0.007725 -0.03590496 -5.178148e-06 -0.007725 -0.03590496 -0.005405178 -0.007404 -0.03565864 -5.178148e-06 -0.007404 -0.03565864 -0.005405178 -0.0071577 -0.03533762 -5.178148e-06 -0.0071577 -0.03533762 -0.005405178 -0.0070028 -0.03496379 -5.178148e-06 -0.0070028 -0.03496379 -0.005405178 -0.00695 -0.03456262 -5.178148e-06 -0.00695 -0.03456262 -0.005405178 -0.0070028 -0.03416145 -5.178148e-06 -0.0070028 -0.03416145 -0.005405178 -0.0071577 -0.03378762 -5.178148e-06 -0.0071577 -0.03378762 -0.005405178 -0.0073157 -0.03356262 -5.178148e-06 -0.007404 -0.0334666 -0.005410358 -0.0074099 -0.03347279 -0.005418458 -0.0075569 -0.03333257 -5.178148e-06 -0.007725 -0.03322028 -0.005434698 -0.007725 -0.03322028 -0.005452338 -0.0079062 -0.03313085 -5.178148e-06 -0.0080988 -0.03306543 -0.005467958 -0.0080988 -0.03306543 -0.005473328 -0.0081849 -0.03304498 -5.178148e-06 -0.0085 -0.03301262 -0.005482288 -0.0085 -0.03301262 -0.005473328 -0.0088151 -0.03304498 -5.178148e-06 -0.0089012 -0.03306543 -0.005466968 -0.0088995 -0.03307099 -0.005452328 -0.0090939 -0.03313091 -5.178148e-06 -0.009275 -0.03322028 -0.005434698 -0.009275 -0.03322028 -0.005405178 -0.0096843 -0.03356262 -0.005407488 -0.009596 -0.0334666 -0.005418408 -0.0094437 -0.033333 -5.178148e-06 0.009275 -0.03322028 -0.005434698 0.009275 -0.03322028 -0.005418378 0.0094439 -0.03333317 -5.178148e-06 0.009596 -0.0334666 -0.005452348 0.0090936 -0.0331308 -5.178148e-06 0.0089012 -0.03306543 -0.005466968 0.0088995 -0.03307098 -0.005473328 0.0088151 -0.03304498 -5.178148e-06 0.0085 -0.03301262 -0.005482288 0.0085 -0.03301262 -0.005473328 0.0081849 -0.03304498 -5.178148e-06 0.0080988 -0.03306543 -0.005467958 0.0080988 -0.03306543 -0.005452398 0.0079069 -0.03313057 -5.178148e-06 0.007725 -0.03322028 -0.005434698 0.007725 -0.03322028 -5.178148e-06 0.007404 -0.0334666 -0.005410368 0.0074099 -0.03347281 -0.005418478 0.0075572 -0.03333233 -0.005407488 0.009596 -0.0334666 -0.005405178 0.0096843 -0.03356262 -5.178148e-06 0.0098423 -0.03378762 -0.005405178 0.0098423 -0.03378762 -5.178148e-06 0.0099972 -0.03416145 -0.005405178 0.0099972 -0.03416145 -5.178148e-06 0.01005 -0.03456262 -0.005405178 0.01005 -0.03456262 -5.178148e-06 0.0099972 -0.03496379 -0.005405178 0.0099972 -0.03496379 -5.178148e-06 0.0098423 -0.03533762 -0.005405178 0.0098423 -0.03533762 -5.178148e-06 0.009596 -0.03565864 -0.005405178 0.009596 -0.03565864 -5.178148e-06 0.009275 -0.03590496 -0.005405178 0.009275 -0.03590496 -5.178148e-06 0.0089012 -0.0360598 -0.005405178 0.0089012 -0.0360598 -5.178148e-06 0.0085 -0.03611262 -0.005405178 0.0085 -0.03611262 -5.178148e-06 0.0080988 -0.0360598 -0.005405178 0.0080988 -0.0360598 -5.178148e-06 0.007725 -0.03590496 -0.005405178 0.007725 -0.03590496 -5.178148e-06 0.007404 -0.03565864 -0.005405178 0.007404 -0.03565864 -5.178148e-06 0.0071577 -0.03533762 -0.005405178 0.0071577 -0.03533762 -5.178148e-06 0.0070028 -0.03496379 -0.005405178 0.0070028 -0.03496379 -5.178148e-06 0.00695 -0.03456262 -0.005405178 0.00695 -0.03456262 -5.178148e-06 0.0070028 -0.03416145 -0.005405178 0.0070028 -0.03416145 -5.178148e-06 0.0071577 -0.03378762 -0.005405178 0.0071577 -0.03378762 -0.005405178 0.0073157 -0.03356262</float_array>
          <technique_common>
            <accessor count="1794" source="#verts-array-array" stride="3">
              <param type="float" name="X"/>
              <param type="float" name="Y"/>
              <param type="float" name="Z"/>
            </accessor>
          </technique_common>
        </source>
        <source id="normals-array">
          <float_array count="5382" id="normals-array-array">-0.9713861 3.994691e-08 -0.237506 -0.9729107 4.751663e-05 -0.2311811 -0.9658513 0.0004567632 -0.2590966 -0.9827409 0.0004720759 -0.1849868 -0.9998554 0 -0.01700725 -0.9978774 0.0004476588 -0.06511915 -0.997553 0.001943603 -0.06988746 -0.9913906 0.001448293 -0.1309293 -0.9552264 0.003351355 -0.295857 -0.8660244 4.510875e-06 -0.5000017 -0.9238322 0.0001618788 -0.3827976 -0.9640003 0 -0.2659012 -0.9640024 -9.062542e-05 -0.2658934 -0.9677947 3.006621e-06 -0.2517408 -0.973916 5.983935e-05 -0.226909 -0.9827132 -0.0003143976 -0.1851343 -0.9733699 -0.0008554835 -0.2292386 -0.9921839 0.0006175172 -0.1247831 -0.9991535 0 -0.04113777 -0.9991571 -5.343669e-07 -0.04104985 -0.998337 -5.705313e-07 -0.05764785 -0.9983371 -4.90328e-07 -0.05764602 -0.9923412 6.483825e-07 -0.1235273 -0.9827559 0.0003488151 -0.1849073 -0.9664207 -0.001326303 -0.2569618 -0.9827422 -0.0004721853 -0.1849798 -0.9728969 -4.757422e-05 -0.2312391 -0.9659253 -2.787592e-05 -0.2588209 -0.9913896 -0.00144877 -0.130937 -0.9978588 0 -0.06540446 -0.9997631 -0.003272699 -0.0215174 -0.9975799 -0.003191543 -0.06945662 -0.9238322 -0.0001618788 -0.3827976 -0.8660244 -4.510875e-06 -0.5000017 -0.9552234 -0.003351458 -0.2958666 -0.9713654 -4.399828e-08 -0.2375904 -0.06540294 0 -0.9978589 -0.06540294 0 -0.9978589 -0.2588193 0 -0.9659258 -0.2588193 0 -0.9659258 -0.5000021 0 -0.8660242 -0.5000021 0 -0.8660242 -0.7071068 0 -0.7071067 -0.7071068 0 -0.7071067 -1 0 0 -1 0 0 -1 0 0 -1 0 0 -1 0 0 -1 0 0 -1 0 0 -1 0 0 -1 0 0 -1 0 0 -1 0 0 -1 0 0 -1 0 0 -1 0 0 -1 0 0 -1 0 0 -1 0 0 -1 0 0 -1 0 0 -1 0 0 -1 0 0 -1 0 0 -1 0 0 -1 0 0 -1 0 0 -1 0 0 -1 0 0 -1 0 0 -1 0 0 -1 0 0 -1 0 0 -1 0 0 -1 0 0 -1 0 0 -1 0 0 -1 0 0 -1 0 0 -1 0 0 -1 0 0 -1 0 0 -1 0 0 -1 0 0 -1 0 0 -1 0 0 -1 0 0 -1 0 0 -1 0 0 -1 0 0 -1 0 0 -1 0 0 -1 0 0 -1 0 0 -1 0 0 -1 0 0 -1 0 0 -1 0 0 -1 0 0 -1 0 0 -1 0 0 -1 0 0 -1 0 0 -1 0 0 -1 0 0 -1 0 0 -1 0 0 -1 0 0 -1 0 0 -1 0 0 -1 0 0 -1 0 0 1 0 0 1 0 0 1 0 0 1 0 0 1 0 0 1 0 0 1 0 0 1 0 0 1 0 0 1 0 0 1 0 0 1 0 0 1 0 0 1 0 0 1 0 0 1 0 0 1 0 0 1 0 0 1 0 0 1 0 0 1 0 0 1 0 0 1 0 0 1 0 0 1 0 0 1 0 0 1 0 0 1 0 0 1 0 0 1 0 0 1 0 0 1 0 0 1 0 0 1 0 0 1 0 0 1 0 0 1 0 0 1 0 0 1 0 0 1 0 0 1 0 0 1 0 0 1 0 0 1 0 0 1 0 0 1 0 0 1 0 0 1 0 0 1 0 0 1 0 0 1 0 0 1 0 0 1 0 0 1 0 0 1 0 0 1 0 0 1 0 0 1 0 0 1 0 0 1 0 0 1 0 0 1 0 0 1 0 0 1 0 0 1 0 0 1 0 0 1 0 0 1 0 0 1 0 0 1 0 0 1 0 0 1 0 0 1 0 0 1 0 0 1 0 0 1 0 0 1 0 0 1 0 0 1 0 0 1 0 0 1 0 0 1 0 0 1 0 0 1 0 0 1 0 0 1 0 0 0 0 1 0 0 1 0 0 1 0 0 1 0 0 1 0 0 1 0 0 1 0 0 1 0 0 -1 0 0 -1 0 0 -1 0 0 -1 0 0 -1 0 0 -1 0 0 -1 0 0 -1 0 0 -1 0 0 -1 0 0 -1 0 0 -1 0 0 -1 0 0 -1 0 0 -1 0 0 -1 0 0 -1 0 0 -1 0 0 -1 0 0 -1 0 0 -1 0 0 -1 0 0 -1 0 0 -1 0 1 0 0 1 0 0 1 0 0 1 0 0 1 0 0 1 0 0 -1 0 0 -1 0 0 -1 0 0 -1 0 0 -1 0 0 -1 0 0 0 -1 0 0 -1 0 0 -1 0 0 -1 -1 0 0 -1 0 0 -1 0 0 -1 0 0 -1 0 0 -1 0 0 -1 0 0 -1 0 0 -1 0 0 -1 0 0 -1 0 0 -1 0 0 -1 0 0 -1 0 0 -1 0 0 -1 0 0 -1 0 0 -1 0 0 -1 0 0 -1 0 0 -1 0 0 -1 0 0 -1 0 0 -1 0 0 -1 0 0 -1 0 0 -1 0 0 -1 0 0 -1 0 0 -1 0 0 -1 0 0 -1 0 0 -1 0 0 -1 0 0 -1 0 0 -1 0 0 -1 0 0 -1 0 0 -1 0 0 -1 0 0 -1 0 0 -1 0 0 -1 0 0 -1 0 0 -1 0 0 -1 0 0 -1 0 0 -1 0 0 -1 0 0 -1 0 0 -1 0 0 -1 0 0 -1 0 0 -1 0 0 -1 0 0 -1 0 0 -1 0 0 -1 0 0 -1 0 0 -1 0 0 -1 0 0 -1 0 0 -1 0 0 -1 0 0 -1 0 0 -1 0 0 -1 0 0 -1 0 0 -1 0 0 -1 0 0 -1 0 0 -1 0 0 1 0 0 1 0 0 1 0 0 1 0 0 1 0 0 1 0 0 1 0 0 1 0 0 1 0 0 1 0 0 1 0 0 1 0 0 1 0 0 1 0 0 1 0 0 1 0 0 1 0 0 1 0 0 1 0 0 1 0 0 1 0 0 1 0 0 1 0 0 1 0 0 1 0 0 1 0 0 1 0 0 1 0 0 1 0 0 1 0 0 1 0 0 1 0 0 1 0 0 1 0 0 1 0 0 1 0 0 1 0 0 1 0 0 1 0 0 1 0 0 1 0 0 1 0 0 1 0 0 1 0 0 1 0 0 1 0 0 1 0 0 1 0 0 1 0 0 1 0 0 1 0 0 1 0 0 1 0 0 1 0 0 1 0 0 1 0 0 1 0 0 1 0 0 1 0 0 1 0 0 1 0 0 1 0 0 1 0 0 1 0 0 1 0 0 1 0 0 1 0 0 1 0 0 1 0 0 1 0 0 1 0 0 1 0 0 0 0 -1 0 0 -1 0 0 -1 0 0 -1 0 0 -1 0 0 -1 0 0 -1 0 0 -1 0 -1 0 0 -1 0 0 -1 0 0 -1 0 0 -1 0 0 -1 0 0 -1 0 0 -1 0 1 0 0 1 0 0 1 0 0 1 0 0 1 0 0 1 0 0 1 0 0 1 0 0 1 0 0 1 0 0 1 0 0 1 0 0 1 0 0 1 0 0 1 0 0 1 0 0 1 0 0 1 0 0 1 0 0 1 0 0 1 0 0 1 0 0 0 1 0 0 1 0 0 1 0 0 1 0 -1 0 0 -1 0 0 -1 0 0 -1 0 0 -1 0 0 -1 0 0 -1 0 0 -1 0 0 -1 0 0 -1 0 0 -1 0 0 -1 0 0 -1 0 0 -1 0 0 -1 0 0 -1 0 0 -1 0 0 -1 0 0 -1 0 0 -1 0 0 -1 0 0 -1 0 0 0 1 0 0 1 0 0 1 0 0 1 0 -5.452604e-16 0 1 -5.346782e-16 0 1 -0.2588949 0 0.9659055 -0.2588949 0 0.9659055 -0.4999208 0 0.8660712 -0.4999208 0 0.8660712 -0.7071068 0 0.7071068 -0.7071068 0 0.7071068 -0.8660712 0 0.4999208 -0.8660712 0 0.4999208 -0.9659055 0 0.2588949 -0.9659055 0 0.2588949 -1 0 -7.03993e-16 -1 0 -8.911304e-18 -0.9659055 0 -0.2588949 -0.9659055 0 -0.2588949 -0.8660712 0 -0.4999208 -0.8660712 0 -0.4999208 -0.7071068 0 -0.7071068 -0.7071068 0 -0.7071068 -0.4999208 0 -0.8660712 -0.4999208 0 -0.8660712 -0.2588949 0 -0.9659055 -0.2588949 0 -0.9659055 -5.435895e-16 0 -1 -5.525008e-16 0 -1 0.2588949 0 -0.9659055 0.2588949 0 -0.9659055 0.4999334 0 -0.8660639 0.4999334 0 -0.8660639 0.7070768 0 -0.7071368 0.7070768 0 -0.7071368 0.8660205 0 -0.5000084 0.8660205 0 -0.5000084 0.9659186 0 -0.258846 0.9659186 0 -0.258846 1 0 -7.039754e-16 1 0 0 0.9659186 0 0.258846 0.9659186 0 0.258846 0.8660205 0 0.5000084 0.8660205 0 0.5000084 0.7070768 0 0.7071368 0.7070768 0 0.7071368 0.4999334 0 0.8660639 0.4999334 0 0.8660639 0.2588949 0 0.9659055 0.2588949 0 0.9659055 1.074648e-15 0 1 1.078268e-15 0 1 -0.2588949 0 0.9659055 -0.2588949 0 0.9659055 -0.4999208 0 0.8660712 -0.4999208 0 0.8660712 -0.7071068 0 0.7071068 -0.7071068 0 0.7071068 -0.8660712 0 0.4999208 -0.8660712 0 0.4999208 -0.9659055 0 0.2588949 -0.9659055 0 0.2588949 -1 0 4.330894e-15 -1 0 4.348716e-15 -0.9659055 0 -0.2588949 -0.9659055 0 -0.2588949 -0.8660712 0 -0.4999208 -0.8660712 0 -0.4999208 -0.7071068 0 -0.7071068 -0.7071068 0 -0.7071068 -0.4999208 0 -0.8660712 -0.4999208 0 -0.8660712 -0.2588949 0 -0.9659055 -0.2588949 0 -0.9659055 1.078268e-15 0 -1 1.078268e-15 0 -1 0.2588949 0 -0.9659055 0.2588949 0 -0.9659055 0.4999208 0 -0.8660712 0.4999208 0 -0.8660712 0.7071068 0 -0.7071068 0.7071068 0 -0.7071068 0.8660712 0 -0.4999208 0.8660712 0 -0.4999208 0.9659055 0 -0.2588949 0.9659055 0 -0.2588949 1 0 4.348716e-15 1 0 4.330894e-15 0.9659055 0 0.2588949 0.9659055 0 0.2588949 0.8660712 0 0.4999208 0.8660712 0 0.4999208 0.7071068 0 0.7071068 0.7071068 0 0.7071068 0.4999208 0 0.8660712 0.4999208 0 0.8660712 0.2588949 0 0.9659055 0.2588949 0 0.9659055 -5.012625e-18 0 1 8.911333e-18 0 1 -0.2588716 0 0.9659117 -0.2588716 0 0.9659117 -0.4999016 0 0.8660822 -0.4999016 0 0.8660822 -0.7070768 0 0.7071368 -0.7070768 0 0.7071368 -0.8660205 0 0.5000084 -0.8660205 0 0.5000084 -0.9659186 0 0.258846 -0.9659186 0 0.258846 -1 0 4.304052e-15 -1 0 4.312963e-15 -0.9659186 0 -0.258846 -0.9659186 0 -0.258846 -0.8660205 0 -0.5000084 -0.8660205 0 -0.5000084 -0.7070768 0 -0.7071368 -0.7070768 0 -0.7071368 -0.4999016 0 -0.8660822 -0.4999016 0 -0.8660822 -0.2588716 0 -0.9659117 -0.2588716 0 -0.9659117 8.911333e-18 0 -1 -8.911333e-18 0 -1 0.2588716 0 -0.9659117 0.2588716 0 -0.9659117 0.4999016 0 -0.8660822 0.4999016 0 -0.8660822 0.7070768 0 -0.7071368 0.7070768 0 -0.7071368 0.8660205 0 -0.5000084 0.8660205 0 -0.5000084 0.9659186 0 -0.258846 0.9659186 0 -0.258846 1 0 4.321874e-15 1 0 4.321874e-15 0.9659186 0 0.258846 0.9659186 0 0.258846 0.8660205 0 0.5000084 0.8660205 0 0.5000084 0.7070768 0 0.7071368 0.7070768 0 0.7071368 0.4999016 0 0.8660822 0.4999016 0 0.8660822 0.2588716 0 0.9659117 0.2588716 0 0.9659117 -5.452604e-16 0 1 -5.346782e-16 0 1 -0.2588949 0 0.9659055 -0.2588949 0 0.9659055 -0.4999208 0 0.8660712 -0.4999208 0 0.8660712 -0.7071068 0 0.7071068 -0.7071068 0 0.7071068 -0.8660712 0 0.4999208 -0.8660712 0 0.4999208 -0.9659055 0 0.2588949 -0.9659055 0 0.2588949 -1 0 -7.03993e-16 -1 0 -8.911304e-18 -0.9659055 0 -0.2588949 -0.9659055 0 -0.2588949 -0.8660712 0 -0.4999208 -0.8660712 0 -0.4999208 -0.7071068 0 -0.7071068 -0.7071068 0 -0.7071068 -0.4999208 0 -0.8660712 -0.4999208 0 -0.8660712 -0.2588949 0 -0.9659055 -0.2588949 0 -0.9659055 -5.435895e-16 0 -1 -5.525008e-16 0 -1 0.2588949 0 -0.9659055 0.2588949 0 -0.9659055 0.4999334 0 -0.8660639 0.4999334 0 -0.8660639 0.7070768 0 -0.7071368 0.7070768 0 -0.7071368 0.8660205 0 -0.5000084 0.8660205 0 -0.5000084 0.9659186 0 -0.258846 0.9659186 0 -0.258846 1 0 -7.039754e-16 1 0 0 0.9659186 0 0.258846 0.9659186 0 0.258846 0.8660205 0 0.5000084 0.8660205 0 0.5000084 0.7070768 0 0.7071368 0.7070768 0 0.7071368 0.4999334 0 0.8660639 0.4999334 0 0.8660639 0.2588949 0 0.9659055 0.2588949 0 0.9659055 -5.675386e-16 0 1 -5.525008e-16 0 1 -0.2588949 0 0.9659055 -0.2588949 0 0.9659055 -0.4999208 0 0.8660712 -0.4999208 0 0.8660712 -0.7071068 0 0.7071068 -0.7071068 0 0.7071068 -0.8660712 0 0.4999208 -0.8660712 0 0.4999208 -0.9659055 0 0.2588949 -0.9659055 0 0.2588949 -1 0 -8.911304e-18 -1 0 8.911304e-18 -0.9659055 0 -0.2588949 -0.9659055 0 -0.2588949 -0.8660712 0 -0.4999208 -0.8660712 0 -0.4999208 -0.7071068 0 -0.7071068 -0.7071068 0 -0.7071068 -0.4999208 0 -0.8660712 -0.4999208 0 -0.8660712 -0.2588949 0 -0.9659055 -0.2588949 0 -0.9659055 -5.525008e-16 0 -1 -5.703234e-16 0 -1 0.2588949 0 -0.9659055 0.2588949 0 -0.9659055 0.4999334 0 -0.8660639 0.4999334 0 -0.8660639 0.7070768 0 -0.7071368 0.7070768 0 -0.7071368 0.8660205 0 -0.5000084 0.8660205 0 -0.5000084 0.9659186 0 -0.258846 0.9659186 0 -0.258846 1 0 0 1 0 0 0.9659186 0 0.258846 0.9659186 0 0.258846 0.8660205 0 0.5000084 0.8660205 0 0.5000084 0.7070768 0 0.7071368 0.7070768 0 0.7071368 0.4999334 0 0.8660639 0.4999334 0 0.8660639 0.2588949 0 0.9659055 0.2588949 0 0.9659055 -5.675386e-16 0 1 -5.525008e-16 0 1 -0.2588949 0 0.9659055 -0.2588949 0 0.9659055 -0.4999208 0 0.8660712 -0.4999208 0 0.8660712 -0.7071068 0 0.7071068 -0.7071068 0 0.7071068 -0.8660712 0 0.4999208 -0.8660712 0 0.4999208 -0.9659055 0 0.2588949 -0.9659055 0 0.2588949 -1 0 -8.911304e-18 -1 0 8.911304e-18 -0.9659055 0 -0.2588949 -0.9659055 0 -0.2588949 -0.8660712 0 -0.4999208 -0.8660712 0 -0.4999208 -0.7071068 0 -0.7071068 -0.7071068 0 -0.7071068 -0.4999208 0 -0.8660712 -0.4999208 0 -0.8660712 -0.2588949 0 -0.9659055 -0.2588949 0 -0.9659055 -5.525008e-16 0 -1 -5.703234e-16 0 -1 0.2588949 0 -0.9659055 0.2588949 0 -0.9659055 0.4999334 0 -0.8660639 0.4999334 0 -0.8660639 0.7070768 0 -0.7071368 0.7070768 0 -0.7071368 0.8660205 0 -0.5000084 0.8660205 0 -0.5000084 0.9659186 0 -0.258846 0.9659186 0 -0.258846 1 0 0 1 0 0 0.9659186 0 0.258846 0.9659186 0 0.258846 0.8660205 0 0.5000084 0.8660205 0 0.5000084 0.7070768 0 0.7071368 0.7070768 0 0.7071368 0.4999334 0 0.8660639 0.4999334 0 0.8660639 0.2588949 0 0.9659055 0.2588949 0 0.9659055 1.101938e-15 0 1 1.105002e-15 0 1 -0.2588949 0 0.9659055 -0.2588949 0 0.9659055 -0.4999208 0 0.8660712 -0.4999208 0 0.8660712 -0.7071068 0 0.7071068 -0.7071068 0 0.7071068 -0.8660712 0 0.4999208 -0.8660712 0 0.4999208 -0.9659055 0 0.2588949 -0.9659055 0 0.2588949 -1 0 3.653634e-15 -1 0 4.357627e-15 -0.9659055 0 -0.2588949 -0.9659055 0 -0.2588949 -0.8660712 0 -0.4999208 -0.8660712 0 -0.4999208 -0.7071068 0 -0.7071068 -0.7071068 0 -0.7071068 -0.4999208 0 -0.8660712 -0.4999208 0 -0.8660712 -0.2588949 0 -0.9659055 -0.2588949 0 -0.9659055 1.09609e-15 0 -1 1.087179e-15 0 -1 0.2588949 0 -0.9659055 0.2588949 0 -0.9659055 0.4999208 0 -0.8660712 0.4999208 0 -0.8660712 0.7071068 0 -0.7071068 0.7071068 0 -0.7071068 0.8660712 0 -0.4999208 0.8660712 0 -0.4999208 0.9659055 0 -0.2588949 0.9659055 0 -0.2588949 1 0 3.653634e-15 1 0 4.348716e-15 0.9659055 0 0.2588949 0.9659055 0 0.2588949 0.8660712 0 0.4999208 0.8660712 0 0.4999208 0.7071068 0 0.7071068 0.7071068 0 0.7071068 0.4999208 0 0.8660712 0.4999208 0 0.8660712 0.2588949 0 0.9659055 0.2588949 0 0.9659055 -5.012625e-18 0 1 8.911333e-18 0 1 -0.2588716 0 0.9659117 -0.2588716 0 0.9659117 -0.4999016 0 0.8660822 -0.4999016 0 0.8660822 -0.7070768 0 0.7071368 -0.7070768 0 0.7071368 -0.8660205 0 0.5000084 -0.8660205 0 0.5000084 -0.9659186 0 0.258846 -0.9659186 0 0.258846 -1 0 3.644632e-15 -1 0 4.330785e-15 -0.9659186 0 -0.258846 -0.9659186 0 -0.258846 -0.8660205 0 -0.5000084 -0.8660205 0 -0.5000084 -0.7070768 0 -0.7071368 -0.7070768 0 -0.7071368 -0.4999016 0 -0.8660822 -0.4999016 0 -0.8660822 -0.2588716 0 -0.9659117 -0.2588716 0 -0.9659117 0 0 -1 0 0 -1 0.2588716 0 -0.9659117 0.2588716 0 -0.9659117 0.4999016 0 -0.8660822 0.4999016 0 -0.8660822 0.7070768 0 -0.7071368 0.7070768 0 -0.7071368 0.8660205 0 -0.5000084 0.8660205 0 -0.5000084 0.9659186 0 -0.258846 0.9659186 0 -0.258846 1 0 3.644632e-15 1 0 4.339696e-15 0.9659186 0 0.258846 0.9659186 0 0.258846 0.8660205 0 0.5000084 0.8660205 0 0.5000084 0.7070768 0 0.7071368 0.7070768 0 0.7071368 0.4999016 0 0.8660822 0.4999016 0 0.8660822 0.2588716 0 0.9659117 0.2588716 0 0.9659117 0 0 1 0 0 1 0 0 1 0 0 1 0 0 1 0 0 1 0 0 1 0 0 1 0 0 -1 0 0 -1 1 0 0 1 0 0 1 0 0 1 0 0 1 0 0 1 0 0 1 0 0 1 0 0 1 0 0 1 0 0 1 0 0 1 0 0 1 0 0 1 0 0 1 0 0 1 0 0 1 0 0 1 0 0 1 0 0 1 0 0 0 -1 0 0 -1 0 0 -1 0 0 -1 0 0 -1 0 0 -1 0 0 -1 0 0 -1 0 0 -1 0 0 -1 0 0 -1 0 0 -1 0 0 -1 0 0 -1 0 0 -1 0 0 -1 0 0 -1 0 0 -1 0 0 -1 0 0 -1 0 0 -1 0 0 -1 0 0 -1 0 0 -1 0 0 -1 0 0 -1 0 0 -1 0 0 -1 0 0 -1 0 0 -1 0 0 -1 0 0 -1 0 0 -1 0 0 -1 0 0 -1 0 0 -1 0 0 -1 0 0 -1 0 0 -1 0 0 -1 0 0 -1 0 0 -1 0 0 -1 0 0 -1 0 0 -1 0 0 -1 0 0 -1 0 0 -1 0 0 -1 0 0 -1 0 0 -1 0 0 -1 0 0 -1 0 0 -1 0 0 -1 0 0 -1 0 0 -1 0 0 -1 0 0 -1 0 0 -1 0 0 -1 0 0 -1 0 0 -1 0 0 -1 0 0 -1 0 0 -1 0 0 -1 0 0 -1 0 0 -1 0 0 -1 0 0 -1 0 0 -1 0 0 -1 0 0 -1 0 0 -1 0 0 -1 0 0 -1 0 0 -1 0 0 -1 0 0 -1 0 0 -1 0 0 -1 0 0 -1 0 0 -1 0 0 -1 0 0 -1 0 0 -1 0 0 -1 0 0 -1 0 0 -1 0 0 -1 0 0 -1 0 0 -1 0 0 -1 0 0 -1 0 0 -1 0 0 -1 0 0 -1 0 0 -1 0 0 -1 0 0 -1 0 0 -1 0 0 -1 0 0 -1 0 0 -1 0 0 -1 0 0 -1 0 0 -1 0 0 -1 0 0 -1 0 -1 -5.595882e-17 0 -1 -6.058201e-17 3.699279e-17 -1 -7.13753e-17 5.608059e-17 -1 -5.595882e-17 0 -1 -9.139834e-17 -4.832527e-17 -1 -5.595882e-17 0 -1 -5.595882e-17 0 -1 -5.595882e-17 0 -1 -9.139834e-17 -4.832527e-17 -1 -7.968364e-17 -6.260857e-17 -1 -5.595882e-17 0 -1 -5.595882e-17 0 -1 -7.13753e-17 5.608059e-17 -1 -6.058201e-17 3.699279e-17 -1 -7.968364e-17 -6.260857e-17 -1 -5.595882e-17 0 0 1 0 0 1 0 0 1 0 0 1 0 0 1 0 0 1 0 0 1 0 0 1 0 0 1 0 0 1 0 0 1 0 0 1 0 0 1 0 0 1 0 0 1 0 0 1 0 0 1 0 0 1 0 0 1 0 0 1 0 0 1 0 0 1 0 0 1 0 0 1 0 0 1 0 0 1 0 0 1 0 0 1 0 0 1 0 0 1 0 0 1 0 0 1 0 0 1 0 0 1 0 0 1 0 0 1 0 0 1 0 0 1 0 0 1 0 0 1 0 0 1 0 0 1 0 0 1 0 0 1 0 0 1 0 0 1 0 0 1 0 0 1 0 0 1 0 0 1 0 0 1 0 0 1 0 0 1 0 0 1 0 0 1 0 0 1 0 0 1 0 0 1 0 0 1 0 0 1 0 0 1 0 0 1 0 0 1 0 0 1 0 0 1 0 0 1 0 0 1 0 0 1 0 0 1 0 0 1 0 0 1 0 0 1 0 0 1 0 0 1 0 0 1 0 0 1 0 0 1 0 0 1 0 0 1 0 0 1 0 0 1 0 0 1 0 0 1 0 0 1 0 0 1 0 0 1 0 0 1 0 0 1 0 0 1 0 0 1 0 0 1 0 0 1 0 0 1 0 0 1 0 0 1 0 0 1 0 0 1 0 0 1 0 0 1 0 0 1 0 0 1 0 0 1 0 0 1 0 0 1 0 0 1 0 0 1 0 0 1 0 0 1 0 0 1 0 0 1 0 1 0 0 1 0 0 1 0 0 1 0 0 1 0 0 1 0 0 1 0 0 1 0 0 1 0 0 1 0 0 1 0 0 1 0 0 1 0 0 1 0 0 1 0 0 1 0 0 0 -1 0 0 -1 0 0 -1 0 0 -1 0 0 -1 0 0 -1 0 0 -1 0 0 -1 0 0 -1 0 0 -1 0 0 -1 0 0 -1 0 0 -1 0 0 -1 0 0 -1 0 0 -1 0 0 -1 0 0 -1 0 0 -1 0 0 -1 0 0 -1 0 0 -1 0 0 -1 0 0 -1 0 0 -1 0 0 -1 0 0 -1 0 0 -1 0 0 -1 0 0 -1 0 0 -1 0 0 -1 0 0 -1 0 0 -1 0 0 -1 0 0 -1 0 0 -1 0 0 -1 0 0 -1 0 0 -1 0 0 -1 0 0 -1 0 0 -1 0 0 -1 0 0 -1 0 0 -1 0 0 -1 0 0 -1 0 0 -1 0 0 -1 0 0 -1 0 0 -1 0 -1 0 0 -1 0 0 -1 0 0 -1 0 0 -1 0 0 -1 0 0 -1 0 0 -1 0 0 -1 0 0 -1 0 0 -1 0 0 -1 0 0 -1 0 0 -1 0 0 -1 0 0 -1 0 0 0 1 0 0 1 0 0 1 0 0 1 0 0 1 0 0 1 0 0 1 0 0 1 0 0 1 0 0 1 0 0 1 0 0 1 0 0 1 0 0 1 0 0 1 0 0 1 0 0 1 0 0 1 0 0 1 0 0 1 0 0 1 0 0 1 0 0 1 0 0 1 0 0 1 0 0 1 0 0 1 0 0 1 0 0 1 0 0 1 0 0 1 0 0 1 0 0 1 0 0 1 0 0 1 0 0 1 0 0 1 0 0 1 0 0 1 0 0 1 0 0 1 0 0 1 0 0 1 0 0 1 0 0 1 0 0 1 0 0 1 0 0 1 0 0 1 0 0 1 0 0 1 0 0 1 0 0 0 1 0 0 1 0 0 1 0 0 1 0 1 0 0 1 0 0 1 0 0 1 0 0 1 0 0 1 0 0 1 0 0 1 0 0 1 0 0 1 0 0 1 0 0 1 0 0 1 0 0 1 0 0 1 0 0 1 0 0 1 0 0 1 0 0 1 0 0 1 0 0 1 0 0 1 0 0 1 0 0 1 0 0 1 0 0 1 0 0 1 0 0 1 0 0 0 -1 0 0 -1 0 0 -1 0 0 -1 0 -1 0 0 -1 0 0 -1 0 0 -1 0 0 -1 0 0 -1 0 0 -1 0 0 -1 0 0 -1 0 0 -1 0 0 -1 0 0 -1 0 0 -1 0 0 -1 0 0 -1 0 0 -1 0 0 -1 0 0 -1 0 0 -1 0 0 -1 0 0 -1 0 0 -1 0 0 -1 0 0 -1 0 0 -1 0 0 -1 0 0 -1 0 0 -1 0 0 0 1 0 0 1 0 0 1 0 0 1 0 1 0 0 1 0 0 1 0 0 1 0 0 0 -1 0 0 -1 0 0 -1 0 0 -1 0 -1 0 0 -1 0 0 -1 0 0 -1 0 0 0 1 0 0 1 0 0 1 0 0 1 0 1 0 0 1 0 0 1 0 0 1 0 0 0 -1 0 0 -1 0 0 -1 0 0 -1 0 -1 0 0 -1 0 0 -1 0 0 -1 0 0 0 1 0 0 1 0 0 1 0 0 1 0 0 1 0 0 1 0 0 1 0 0 1 0 -1 0 0 -1 0 0 -1 0 0 -1 0 0 -1 0 0 -1 0 0 -1 0 0 -1 0 0 -1 0 0 -1 0 0 -1 0 0 -1 0 0 -1 0 0 -1 0 0 -1 0 0 -1 0 0 -1 0 0 -1 0 0 -1 0 0 -1 0 0 -1 0 0 -1 0 0 -1 0 0 -1 0 0 -1 0 0 -1 0 0 -1 0 0 -1 0 0 0 -1 0 0 -1 0 0 -1 0 0 -1 0 1 0 0 1 0 0 1 0 0 1 0 0 1 0 0 1 0 0 1 0 0 1 0 0 1 0 0 1 0 0 1 0 0 1 0 0 1 0 0 1 0 0 1 0 0 1 0 0 1 0 0 1 0 0 1 0 0 1 0 0 1 0 0 1 0 0 1 0 0 1 0 0 1 0 0 1 0 0 1 0 0 1 0 0 0 1 0 0 1 0 0 1 0 0 1 0 -1 0 0 -1 0 0 -1 0 0 -1 0 0 0 -1 0 0 -1 0 0 -1 0 0 -1 0 1 0 0 1 0 0 1 0 0 1 0 0 0 1 0 0 1 0 0 1 0 0 1 0 -1 0 0 -1 0 0 -1 0 0 -1 0 0 0 -1 0 0 -1 0 0 -1 0 0 -1 0 1 0 0 1 0 0 1 0 0 1 0 0.005049296 0.114036 -0.9934638 0 0.1590361 -0.9872728 0 0.2677459 -0.9634896 0 -0.9423232 0.3347043 0 -0.9423232 0.3347043 0 -0.9772503 0.2120895 0 -0.9772503 0.2120895 0 -0.999146 -0.04131882 0 -0.999146 -0.04131882 0 -0.9564436 -0.291917 0 -0.9564436 -0.291917 0 -0.8519646 -0.5235994 0 -0.8519646 -0.5235994 0 -0.6924002 -0.7215137 0 -0.6924002 -0.7215137 0 -0.488042 -0.8728201 0 -0.488042 -0.8728201 0 -0.2521665 -0.9676839 0 -0.2521665 -0.9676839 0 1.122296e-15 -1 0.006426214 -0.04310095 -0.9990501 0.0001683413 0.2521805 -0.9676802 0 0.488042 -0.8728201 0 0.488042 -0.8728201 0 0.6924002 -0.7215137 0 0.6924002 -0.7215137 0 0.8519646 -0.5235994 0 0.8519646 -0.5235994 0 0.9564436 -0.291917 0 0.9564436 -0.291917 0 0.999146 -0.04131882 0 0.999146 -0.04131882 0 0.9772503 0.2120895 0 0.9772503 0.2120895 0 0.9423232 0.3347043 0 0.9423232 0.3347043 0 -0.2677563 -0.9634867 0 -0.1590574 -0.9872693 0.0001130562 -0.1170131 -0.9931304 0 -0.9423792 0.3345465 0 -0.9423792 0.3345465 0 -0.9772626 0.2120324 0 -0.9772626 0.2120324 0 -0.9991486 -0.04125606 0 -0.9991486 -0.04125606 0 -0.9564546 -0.2918812 0 -0.9564546 -0.2918812 0 -0.8519439 -0.5236331 0 -0.8519439 -0.5236331 0 -0.6923662 -0.7215463 0 -0.6923662 -0.7215463 0 -0.4880354 -0.8728238 0 -0.4880354 -0.8728238 0.001680889 -0.2532731 -0.9673934 0 0.9423792 0.3345465 0 0.9423792 0.3345465 0 0.9772626 0.2120324 0 0.9772626 0.2120324 0 0.9991486 -0.04125606 0 0.9991486 -0.04125606 0 0.9564546 -0.2918812 0 0.9564546 -0.2918812 0 0.8519439 -0.5236331 0 0.8519439 -0.5236331 0 0.6923662 -0.7215463 0 0.6923662 -0.7215463 0 0.4880354 -0.8728238 0 0.4880354 -0.8728238 0 0.2521728 -0.9676822 0 0.2521728 -0.9676822 0 0.04756694 -0.9988681 0.001765032 0.001141712 -0.9999978 0 -0.9423232 0.3347043 0 -0.9423232 0.3347043 0 -0.9772503 0.2120895 0 -0.9772503 0.2120895 0 -0.999146 -0.04131882 0 -0.999146 -0.04131882 0 -0.9564436 -0.291917 0 -0.9564436 -0.291917 0 -0.8519646 -0.5235994 0 -0.8519646 -0.5235994 0 -0.6924002 -0.7215137 0 -0.6924002 -0.7215137 0 -0.488042 -0.8728201 0 -0.488042 -0.8728201 0 -0.2521665 -0.9676839 0 -0.2521665 -0.9676839 0 -0.0475605 -0.9988684 -0.001764791 -0.001141558 -0.9999978 -0.0001130522 0.1169988 -0.993132 -0.001680646 0.2532667 -0.967395 0 0.1590361 -0.9872728 0 0.2677459 -0.9634896 0 0.488042 -0.8728201 0 0.488042 -0.8728201 0 0.6924002 -0.7215137 0 0.6924002 -0.7215137 0 0.8519646 -0.5235994 0 0.8519646 -0.5235994 0 0.9564436 -0.291917 0 0.9564436 -0.291917 0 0.999146 -0.04131882 0 0.999146 -0.04131882 0 0.9772503 0.2120895 0 0.9772503 0.2120895 0 0.9423232 0.3347043 0 0.9423232 0.3347043 -0.005049428 -0.1140502 -0.9934622 0 -0.1590574 -0.9872693 0 -0.2677563 -0.9634867 0 0.9423792 0.3345465 0 0.9423792 0.3345465 0 0.9772626 0.2120324 0 0.9772626 0.2120324 0 0.9991486 -0.04125606 0 0.9991486 -0.04125606 0 0.9564546 -0.2918812 0 0.9564546 -0.2918812 0 0.8519439 -0.5236331 0 0.8519439 -0.5236331 0 0.6923662 -0.7215463 0 0.6923662 -0.7215463 0 0.4880354 -0.8728238 0 0.4880354 -0.8728238 0 0.2521728 -0.9676822 0 0.2521728 -0.9676822 0 0 -1 -0.006426506 0.04310724 -0.9990498 -0.0001683476 -0.2521867 -0.9676786 0 -0.9423792 0.3345465 0 -0.9423792 0.3345465 0 -0.9772626 0.2120324 0 -0.9772626 0.2120324 0 -0.9991486 -0.04125606 0 -0.9991486 -0.04125606 0 -0.9564546 -0.2918812 0 -0.9564546 -0.2918812 0 -0.8519439 -0.5236331 0 -0.8519439 -0.5236331 0 -0.6923662 -0.7215463 0 -0.6923662 -0.7215463 0 -0.4880354 -0.8728238 0 -0.4880354 -0.8728238 0 5.797793e-16 1 0 5.970446e-16 1 0 -0.2588279 0.9659234 0 -0.2588279 0.9659234 0 -0.5000137 0.8660175 0 -0.5000137 0.8660175 0 -0.7071313 0.7070823 0 -0.7071313 0.7070823 0 -0.8660077 0.5000307 0 -0.8660077 0.5000307 0 -0.9659145 0.2588614 0 -0.9659145 0.2588614 0 -1 1.131705e-15 0 -1 1.113883e-15 0 -0.9659145 -0.2588614 0 -0.9659145 -0.2588614 0 -0.8660077 -0.5000307 0 -0.8660077 -0.5000307 0 -0.7071313 -0.7070823 0 -0.7071313 -0.7070823 0 -0.5000236 -0.8660118 0 -0.5000236 -0.8660118 0 -0.2588271 -0.9659237 0 -0.2588271 -0.9659237 0 5.703094e-16 -1 0 5.792205e-16 -1 0 0.2588271 -0.9659237 0 0.2588271 -0.9659237 0 0.5000236 -0.8660118 0 0.5000236 -0.8660118 0 0.7071313 -0.7070823 0 0.7071313 -0.7070823 0 0.8660077 -0.5000307 0 0.8660077 -0.5000307 0 0.9659145 -0.2588614 0 0.9659145 -0.2588614 0 1 1.113883e-15 0 1 1.131705e-15 0 0.9659145 0.2588614 0 0.9659145 0.2588614 0 0.8660077 0.5000307 0 0.8660077 0.5000307 0 0.7071313 0.7070823 0 0.7071313 0.7070823 0 0.5000137 0.8660175 0 0.5000137 0.8660175 0 0.2588279 0.9659234 0 0.2588279 0.9659234 0 -4.455556e-18 1 0 8.911113e-18 1 0 -0.2588279 0.9659234 0 -0.2588279 0.9659234 0 -0.5000137 0.8660175 0 -0.5000137 0.8660175 0 -0.7071313 0.7070823 0 -0.7071313 0.7070823 0 -0.8660077 0.5000307 0 -0.8660077 0.5000307 0 -0.9659145 0.2588614 0 -0.9659145 0.2588614 0 -1 1.113883e-15 0 -1 1.113883e-15 0 -0.9659145 -0.2588614 0 -0.9659145 -0.2588614 0 -0.8660077 -0.5000307 0 -0.8660077 -0.5000307 0 -0.7071313 -0.7070823 0 -0.7071313 -0.7070823 0 -0.5000236 -0.8660118 0 -0.5000236 -0.8660118 0 -0.2588271 -0.9659237 0 -0.2588271 -0.9659237 0 0 -1 0 0 -1 0 0.2588271 -0.9659237 0 0.2588271 -0.9659237 0 0.5000236 -0.8660118 0 0.5000236 -0.8660118 0 0.7071313 -0.7070823 0 0.7071313 -0.7070823 0 0.8660077 -0.5000307 0 0.8660077 -0.5000307 0 0.9659145 -0.2588614 0 0.9659145 -0.2588614 0 1 1.113883e-15 0 1 1.131705e-15 0 0.9659145 0.2588614 0 0.9659145 0.2588614 0 0.8660077 0.5000307 0 0.8660077 0.5000307 0 0.7071313 0.7070823 0 0.7071313 0.7070823 0 0.5000137 0.8660175 0 0.5000137 0.8660175 0 0.2588279 0.9659234 0 0.2588279 0.9659234 -5.15702e-05 0.7071301 -0.7070835 0 0.8660077 -0.5000307 -0.001515667 0.8758863 -0.4825151 0 0.9659145 -0.2588614 0 0.9659145 -0.2588614 0 1 1.122794e-15 0 1 1.113883e-15 0 0.9659145 0.2588614 0 0.9659145 0.2588614 0 0.8660077 0.5000307 0 0.8660077 0.5000307 0 0.7071313 0.7070823 0 0.7071313 0.7070823 0 0.5000137 0.8660175 0 0.5000137 0.8660175 0 0.2588279 0.9659234 0 0.2588279 0.9659234 0 5.614001e-16 1 0 5.614001e-16 1 0 -0.2588279 0.9659234 0 -0.2588279 0.9659234 0 -0.5000137 0.8660175 0 -0.5000137 0.8660175 0 -0.7071313 0.7070823 0 -0.7071313 0.7070823 0 -0.8660077 0.5000307 0 -0.8660077 0.5000307 0 -0.9659145 0.2588614 0 -0.9659145 0.2588614 0 -1 1.113883e-15 0 -1 1.122794e-15 0 -0.9659145 -0.2588614 0 -0.9659145 -0.2588614 0 -0.8763718 -0.4816353 -0.001048794 -0.8663488 -0.4994383 0.0007419031 -0.7574593 -0.6528819 -0.002240641 -0.7071964 -0.7070136 0.001582069 -0.690218 -0.7235997 0.0006876113 -0.6222584 -0.7828116 -0.002404524 -0.5000191 -0.866011 0 -0.497076 -0.867707 -5.789838e-05 -0.3797483 -0.9250898 -0.002024401 -0.2585859 -0.9659861 0 -0.2746698 -0.9615386 -3.939113e-05 -0.1651327 -0.9862714 -0.001605613 5.167714e-16 -0.9999987 0 5.155174e-16 -1 0.0004723045 0.1958693 -0.9806299 -0.002004563 0.258587 -0.9659859 0.001064499 0.2946035 -0.955619 0.0004903448 0.3662966 -0.930498 -0.001256972 0.5006918 -0.8656247 0 0.4971044 -0.8676907 -0.001600293 0.7793011 -0.6266476 -0.002387774 0.6967022 -0.7173565 -0.002403188 0.6077317 -0.7941388 -0.002402623 -0.500017 -0.8660123 0 -0.4970883 -0.8677 -5.789817e-05 -0.6066787 -0.7949471 -0.002273092 -0.7071969 -0.707013 0.0004895157 -0.3662049 -0.9305341 -0.002003462 -0.2585878 -0.9659857 0.001062749 -0.2945332 -0.9556407 0.0004714602 -0.1958184 -0.9806401 -0.001605613 -5.345911e-17 -0.9999987 0 2.532366e-16 -1 -3.939113e-05 0.1651327 -0.9862714 -0.002023663 0.2585864 -0.965986 0 0.2745793 -0.9615645 -5.78564e-05 0.3795261 -0.925181 -0.0005191221 0.5011252 -0.8653746 0 0.4968761 -0.8678215 0.0007554428 0.7067752 -0.7074378 -0.002322348 0.6881858 -0.7255308 -0.003167771 0.6239952 -0.7814217 0 -0.6979095 -0.716186 -5.105465e-05 -0.7786748 -0.6274278 -0.001048794 -0.8663488 -0.4994383 0 -0.8763718 -0.4816353 0 -0.9659145 -0.2588614 0 -0.9659145 -0.2588614 0 -1 1.122794e-15 0 -1 1.113883e-15 0 -0.9659145 0.2588614 0 -0.9659145 0.2588614 0 -0.8660077 0.5000307 0 -0.8660077 0.5000307 0 -0.7071313 0.7070823 0 -0.7071313 0.7070823 0 -0.5000137 0.8660175 0 -0.5000137 0.8660175 0 -0.2588279 0.9659234 0 -0.2588279 0.9659234 0 0 1 0 0 1 0 0.2588279 0.9659234 0 0.2588279 0.9659234 0 0.5000137 0.8660175 0 0.5000137 0.8660175 0 0.7071313 0.7070823 0 0.7071313 0.7070823 0 0.8660077 0.5000307 0 0.8660077 0.5000307 0 0.9659145 0.2588614 0 0.9659145 0.2588614 0 1 1.113883e-15 0 1 1.122794e-15 0 0.9659145 -0.2588614 0 0.9659145 -0.2588614 0 0.8660077 -0.5000307 -0.001515667 0.8758863 -0.4825151 -0.0007992421 0.7580697 -0.652173</float_array>
          <technique_common>
            <accessor count="1794" source="#normals-array-array" stride="3">
              <param type="float" name="X"/>
              <param type="float" name="Y"/>
              <param type="float" name="Z"/>
            </accessor>
          </technique_common>
        </source>
        <vertices id="verts-array-vertices">
          <input semantic="POSITION" source="#verts-array"/>
        </vertices>
        <triangles count="1752" material="material0">
          <input offset="0" semantic="VERTEX" source="#verts-array-vertices"/>
          <input offset="1" semantic="NORMAL" source="#normals-array"/>
          <p>0 0 1 1 2 2 3 3 2 2 1 1 4 4 5 5 6 6 2 2 6 6 5 5 6 6 2 2 7 7 3 3 7 7 2 2 0 0 2 2 8 8 9 9 8 8 2 2 8 8 9 9 10 10 10 10 11 11 12 12 13 13 12 12 11 11 12 12 13 13 14 14 15 15 16 16 17 17 18 18 19 19 20 20 21 21 20 20 19 19 20 20 21 21 17 17 22 22 17 17 21 21 17 17 22 22 15 15 14 14 23 23 12 12 17 17 12 12 23 23 12 12 17 17 24 24 16 16 24 24 17 17 25 25 26 26 27 27 25 25 27 27 28 28 29 29 30 30 27 27 31 31 27 27 30 30 27 27 31 31 28 28 32 32 33 33 34 34 27 27 34 34 33 33 34 34 27 27 35 35 26 26 35 35 27 27 36 36 37 37 38 38 39 39 38 38 37 37 38 38 39 39 40 40 41 41 40 40 39 39 40 40 41 41 42 42 43 43 42 42 41 41 42 42 43 43 9 9 33 33 9 9 43 43 9 9 33 33 10 10 32 32 10 10 33 33 10 10 32 32 11 11 44 44 45 45 46 46 5 5 4 4 47 47 48 48 49 49 50 50 51 51 50 50 49 49 47 47 52 52 5 5 53 53 5 5 52 52 5 5 53 53 46 46 54 54 46 46 53 53 46 46 54 54 55 55 56 56 49 49 57 57 58 58 57 57 49 49 59 59 60 60 29 29 61 61 29 29 60 60 29 29 61 61 30 30 62 62 63 63 46 46 64 64 46 46 63 63 46 46 64 64 44 44 65 65 66 66 67 67 68 68 67 67 66 66 67 67 68 68 69 69 18 18 70 70 19 19 71 71 19 19 70 70 19 19 71 71 72 72 73 73 72 72 71 71 74 74 75 75 48 48 76 76 48 48 75 75 48 48 76 76 49 49 77 77 49 49 76 76 49 49 77 77 58 58 78 78 79 79 55 55 65 65 80 80 66 66 81 81 66 66 80 80 66 66 81 81 49 49 82 82 49 49 81 81 49 49 82 82 51 51 83 83 84 84 85 85 79 79 86 86 55 55 87 87 55 55 86 86 55 55 87 87 46 46 88 88 46 46 87 87 46 46 88 88 62 62 69 69 89 89 67 67 90 90 67 67 89 89 67 67 90 90 91 91 92 92 91 91 90 90 91 91 92 92 55 55 93 93 55 55 92 92 55 55 93 93 78 78 94 94 95 95 56 56 96 96 56 56 95 95 56 56 96 96 49 49 97 97 98 98 99 99 100 100 99 99 98 98 99 99 100 100 101 101 84 84 102 102 85 85 103 103 85 85 102 102 85 85 103 103 104 104 105 105 104 104 103 103 104 104 105 105 56 56 106 106 56 56 105 105 56 56 106 106 94 94 73 73 71 71 107 107 108 108 107 107 71 71 107 107 108 108 48 48 109 109 48 48 108 108 48 48 109 109 74 74 101 101 110 110 99 99 111 111 99 99 110 110 99 99 111 111 112 112 59 59 29 29 113 113 99 99 113 113 29 29 113 113 99 99 85 85 112 112 85 85 99 99 85 85 112 112 83 83 114 114 115 115 116 116 117 117 116 116 115 115 116 116 117 117 118 118 119 119 120 120 121 121 120 120 119 119 116 116 122 122 116 116 119 119 116 116 122 122 114 114 123 123 124 124 125 125 126 126 125 125 124 124 127 127 128 128 129 129 130 130 129 129 128 128 130 130 131 131 129 129 132 132 129 129 131 131 129 129 132 132 133 133 134 134 133 133 132 132 133 133 134 134 135 135 136 136 137 137 133 133 121 121 138 138 119 119 139 139 119 119 138 138 119 119 139 139 140 140 141 141 140 140 139 139 126 126 142 142 125 125 143 143 125 125 142 142 125 125 143 143 129 129 144 144 129 129 143 143 129 129 144 144 127 127 145 145 146 146 135 135 145 145 135 135 147 147 137 137 148 148 133 133 149 149 133 133 148 148 133 133 149 149 150 150 151 151 152 152 153 153 154 154 153 153 152 152 153 153 154 154 141 141 155 155 141 141 154 154 141 141 155 155 140 140 146 146 156 156 135 135 157 157 135 135 156 156 135 135 157 157 133 133 158 158 133 133 157 157 133 133 158 158 136 136 147 147 135 135 159 159 160 160 159 159 135 135 159 159 160 160 161 161 162 162 161 161 160 160 161 161 162 162 155 155 163 163 155 155 162 162 155 155 163 163 140 140 164 164 165 165 166 166 167 167 125 125 168 168 164 164 168 168 125 125 168 168 164 164 169 169 153 153 170 170 151 151 171 171 151 151 170 170 151 151 171 171 172 172 173 173 172 172 171 171 172 172 173 173 174 174 166 166 175 175 164 164 176 176 164 164 175 175 164 164 176 176 177 177 177 177 178 178 164 164 179 179 164 164 178 178 164 164 179 179 169 169 180 180 169 169 179 179 169 169 180 180 181 181 167 167 182 182 125 125 183 183 125 125 182 182 125 125 183 183 184 184 185 185 186 186 187 187 184 184 188 188 125 125 189 189 125 125 188 188 125 125 189 189 190 190 181 181 191 191 169 169 192 192 169 169 191 191 169 169 192 192 193 193 194 194 193 193 192 192 193 193 194 194 187 187 195 195 187 187 194 194 187 187 195 195 185 185 174 174 196 196 172 172 187 187 172 172 196 196 172 172 187 187 197 197 186 186 197 197 187 187 123 123 125 125 198 198 190 190 198 198 125 125 198 198 190 190 118 118 199 199 118 118 190 190 118 118 199 199 116 116 200 200 201 201 202 202 203 203 202 202 201 201 202 202 203 203 204 204 205 205 204 204 203 203 204 204 205 205 206 206 207 207 206 206 205 205 208 208 209 209 210 210 211 211 210 210 209 209 210 210 211 211 212 212 213 213 212 212 211 211 212 212 213 213 214 214 215 215 214 214 213 213 216 216 217 217 218 218 219 219 218 218 217 217 218 218 219 219 220 220 221 221 220 220 219 219 220 220 221 221 222 222 223 223 222 222 221 221 224 224 225 225 226 226 227 227 226 226 225 225 228 228 229 229 230 230 231 231 230 230 229 229 232 232 233 233 234 234 235 235 234 234 233 233 234 234 235 235 236 236 237 237 236 236 235 235 238 238 239 239 240 240 241 241 240 240 239 239 240 240 241 241 242 242 243 243 242 242 241 241 244 244 245 245 246 246 247 247 246 246 245 245 248 248 249 249 250 250 251 251 252 252 253 253 254 254 253 253 252 252 253 253 254 254 255 255 256 256 255 255 254 254 257 257 252 252 258 258 259 259 258 258 252 252 248 248 250 250 260 260 261 261 262 262 263 263 264 264 263 263 262 262 265 265 266 266 267 267 267 267 268 268 265 265 269 269 265 265 268 268 265 265 269 269 254 254 270 270 254 254 269 269 254 254 270 270 256 256 271 271 272 272 254 254 273 273 254 254 272 272 260 260 250 250 274 274 275 275 274 274 250 250 274 274 275 275 276 276 277 277 278 278 250 250 279 279 250 250 278 278 250 250 279 279 280 280 273 273 281 281 254 254 282 282 254 254 281 281 254 254 282 282 250 250 283 283 250 250 282 282 250 250 283 283 277 277 284 284 285 285 250 250 286 286 250 250 285 285 250 250 286 286 275 275 249 249 287 287 250 250 288 288 250 250 287 287 250 250 288 288 262 262 289 289 262 262 288 288 262 262 289 289 264 264 257 257 290 290 252 252 291 291 252 252 290 290 252 252 291 291 254 254 292 292 254 254 291 291 254 254 292 292 271 271 276 276 293 293 274 274 294 294 274 274 293 293 274 274 294 294 295 295 296 296 297 297 280 280 298 298 280 280 297 297 280 280 298 298 250 250 299 299 250 250 298 298 250 250 299 299 284 284 295 295 300 300 274 274 301 301 274 274 300 300 274 274 301 301 302 302 280 280 303 303 304 304 305 305 304 304 303 303 304 304 305 305 302 302 306 306 302 302 305 305 302 302 306 306 307 307 307 307 308 308 302 302 309 309 302 302 308 308 302 302 309 309 274 274 310 310 274 274 309 309 274 274 310 310 252 252 311 311 252 252 310 310 252 252 311 311 259 259 304 304 312 312 280 280 313 313 280 280 312 312 280 280 313 313 314 314 314 314 315 315 280 280 316 316 280 280 315 315 280 280 316 316 317 317 317 317 318 318 280 280 319 319 280 280 318 318 280 280 319 319 296 296 320 320 321 321 322 322 323 323 324 324 325 325 326 326 327 327 322 322 328 328 322 322 327 327 322 322 328 328 329 329 330 330 331 331 332 332 322 322 332 332 331 331 332 332 322 322 333 333 329 329 333 333 322 322 330 330 334 334 331 331 335 335 331 331 334 334 331 331 335 335 336 336 337 337 338 338 339 339 340 340 339 339 338 338 339 339 340 340 341 341 342 342 341 341 340 340 340 340 343 343 344 344 325 325 345 345 323 323 346 346 323 323 345 345 323 323 346 346 340 340 347 347 340 340 346 346 340 340 347 347 342 342 348 348 349 349 350 350 351 351 352 352 338 338 351 351 338 338 353 353 344 344 354 354 340 340 355 355 340 340 354 354 340 340 355 355 322 322 356 356 322 322 355 355 322 322 356 356 320 320 357 357 358 358 359 359 360 360 359 359 358 358 350 350 361 361 348 348 362 362 348 348 361 361 348 348 362 362 358 358 363 363 358 358 362 362 358 358 363 363 360 360 364 364 365 365 340 340 366 366 326 326 367 367 322 322 367 367 326 326 367 367 322 322 368 368 321 321 368 368 322 322 352 352 369 369 338 338 370 370 338 338 369 369 338 338 370 370 340 340 371 371 340 340 370 370 340 340 371 371 364 364 366 366 372 372 326 326 373 373 326 326 372 372 326 326 373 373 374 374 374 374 375 375 326 326 376 376 326 326 375 375 326 326 376 376 358 358 365 365 377 377 340 340 378 378 340 340 377 377 340 340 378 378 379 379 357 357 380 380 358 358 381 381 358 358 380 380 358 358 381 381 326 326 382 382 326 326 381 381 326 326 382 382 338 338 383 383 338 338 382 382 338 338 383 383 353 353 348 348 384 384 349 349 385 385 349 349 384 384 349 349 385 385 386 386 387 387 386 386 385 385 387 387 388 388 386 386 389 389 386 386 388 388 386 386 389 389 379 379 390 390 379 379 389 389 379 379 390 390 340 340 391 391 340 340 390 390 340 340 391 391 343 343 392 392 393 393 394 394 395 395 394 394 393 393 396 396 397 397 398 398 399 399 398 398 397 397 400 400 401 401 402 402 403 403 402 402 401 401 404 404 405 405 406 406 407 407 406 406 405 405 408 408 409 409 410 410 410 410 411 411 408 408 412 412 408 408 411 411 408 408 412 412 413 413 414 414 413 413 412 412 415 415 416 416 413 413 417 417 418 418 419 419 420 420 419 419 418 418 419 419 420 420 421 421 422 422 421 421 420 420 421 421 422 422 423 423 423 423 424 424 421 421 415 415 421 421 424 424 421 421 415 415 425 425 413 413 425 425 415 415 425 425 413 413 426 426 414 414 426 426 413 413 416 416 427 427 413 413 428 428 413 413 427 427 413 413 428 428 429 429 430 430 431 431 432 432 433 433 432 432 431 431 434 434 435 435 436 436 437 437 436 436 435 435 436 436 437 437 438 438 439 439 440 440 441 441 434 434 442 442 435 435 443 443 435 435 442 442 435 435 443 443 444 444 445 445 446 446 447 447 437 437 448 448 449 449 439 439 441 441 447 447 450 450 447 447 441 441 447 447 450 450 445 445 449 449 451 451 437 437 452 452 437 437 451 451 437 437 452 452 453 453 438 438 437 437 454 454 453 453 454 454 437 437 454 454 453 453 439 439 455 455 439 439 453 453 439 439 455 455 440 440 456 456 457 457 458 458 459 459 458 458 457 457 460 460 461 461 462 462 463 463 462 462 461 461 462 462 463 463 464 464 465 465 464 464 463 463 464 464 465 465 466 466 467 467 466 466 465 465 466 466 467 467 468 468 469 469 468 468 467 467 468 468 469 469 470 470 471 471 470 470 469 469 470 470 471 471 472 472 473 473 472 472 471 471 472 472 473 473 474 474 475 475 474 474 473 473 474 474 475 475 476 476 477 477 476 476 475 475 476 476 477 477 478 478 479 479 478 478 477 477 478 478 479 479 480 480 481 481 480 480 479 479 480 480 481 481 482 482 483 483 482 482 481 481 482 482 483 483 484 484 485 485 484 484 483 483 484 484 485 485 486 486 487 487 486 486 485 485 486 486 487 487 488 488 489 489 488 488 487 487 488 488 489 489 490 490 491 491 490 490 489 489 490 490 491 491 492 492 493 493 492 492 491 491 492 492 493 493 494 494 495 495 494 494 493 493 494 494 495 495 496 496 497 497 496 496 495 495 496 496 497 497 498 498 499 499 498 498 497 497 498 498 499 499 500 500 501 501 500 500 499 499 500 500 501 501 502 502 503 503 502 502 501 501 502 502 503 503 504 504 505 505 504 504 503 503 504 504 505 505 506 506 507 507 506 506 505 505 506 506 507 507 460 460 461 461 460 460 507 507 508 508 509 509 510 510 511 511 510 510 509 509 510 510 511 511 512 512 513 513 512 512 511 511 512 512 513 513 514 514 515 515 514 514 513 513 514 514 515 515 516 516 517 517 516 516 515 515 516 516 517 517 518 518 519 519 518 518 517 517 518 518 519 519 520 520 521 521 520 520 519 519 520 520 521 521 522 522 523 523 522 522 521 521 522 522 523 523 524 524 525 525 524 524 523 523 524 524 525 525 526 526 527 527 526 526 525 525 526 526 527 527 528 528 529 529 528 528 527 527 528 528 529 529 530 530 531 531 530 530 529 529 530 530 531 531 532 532 533 533 532 532 531 531 532 532 533 533 534 534 535 535 534 534 533 533 534 534 535 535 536 536 537 537 536 536 535 535 536 536 537 537 538 538 539 539 538 538 537 537 538 538 539 539 540 540 541 541 540 540 539 539 540 540 541 541 542 542 543 543 542 542 541 541 542 542 543 543 544 544 545 545 544 544 543 543 544 544 545 545 546 546 547 547 546 546 545 545 546 546 547 547 548 548 549 549 548 548 547 547 548 548 549 549 550 550 551 551 550 550 549 549 550 550 551 551 552 552 553 553 552 552 551 551 552 552 553 553 554 554 555 555 554 554 553 553 554 554 555 555 508 508 509 509 508 508 555 555 556 556 557 557 558 558 559 559 558 558 557 557 558 558 559 559 560 560 561 561 560 560 559 559 560 560 561 561 562 562 563 563 562 562 561 561 562 562 563 563 564 564 565 565 564 564 563 563 564 564 565 565 566 566 567 567 566 566 565 565 566 566 567 567 568 568 569 569 568 568 567 567 568 568 569 569 570 570 571 571 570 570 569 569 570 570 571 571 572 572 573 573 572 572 571 571 572 572 573 573 574 574 575 575 574 574 573 573 574 574 575 575 576 576 577 577 576 576 575 575 576 576 577 577 578 578 579 579 578 578 577 577 578 578 579 579 580 580 581 581 580 580 579 579 580 580 581 581 582 582 583 583 582 582 581 581 582 582 583 583 584 584 585 585 584 584 583 583 584 584 585 585 586 586 587 587 586 586 585 585 586 586 587 587 588 588 589 589 588 588 587 587 588 588 589 589 590 590 591 591 590 590 589 589 590 590 591 591 592 592 593 593 592 592 591 591 592 592 593 593 594 594 595 595 594 594 593 593 594 594 595 595 596 596 597 597 596 596 595 595 596 596 597 597 598 598 599 599 598 598 597 597 598 598 599 599 600 600 601 601 600 600 599 599 600 600 601 601 602 602 603 603 602 602 601 601 602 602 603 603 556 556 557 557 556 556 603 603 604 604 605 605 606 606 607 607 606 606 605 605 606 606 607 607 608 608 609 609 608 608 607 607 608 608 609 609 610 610 611 611 610 610 609 609 610 610 611 611 612 612 613 613 612 612 611 611 612 612 613 613 614 614 615 615 614 614 613 613 614 614 615 615 616 616 617 617 616 616 615 615 616 616 617 617 618 618 619 619 618 618 617 617 618 618 619 619 620 620 621 621 620 620 619 619 620 620 621 621 622 622 623 623 622 622 621 621 622 622 623 623 624 624 625 625 624 624 623 623 624 624 625 625 626 626 627 627 626 626 625 625 626 626 627 627 628 628 629 629 628 628 627 627 628 628 629 629 630 630 631 631 630 630 629 629 630 630 631 631 632 632 633 633 632 632 631 631 632 632 633 633 634 634 635 635 634 634 633 633 634 634 635 635 636 636 637 637 636 636 635 635 636 636 637 637 638 638 639 639 638 638 637 637 638 638 639 639 640 640 641 641 640 640 639 639 640 640 641 641 642 642 643 643 642 642 641 641 642 642 643 643 644 644 645 645 644 644 643 643 644 644 645 645 646 646 647 647 646 646 645 645 646 646 647 647 648 648 649 649 648 648 647 647 648 648 649 649 650 650 651 651 650 650 649 649 650 650 651 651 604 604 605 605 604 604 651 651 652 652 653 653 654 654 655 655 654 654 653 653 654 654 655 655 656 656 657 657 656 656 655 655 656 656 657 657 658 658 659 659 658 658 657 657 658 658 659 659 660 660 661 661 660 660 659 659 660 660 661 661 662 662 663 663 662 662 661 661 662 662 663 663 664 664 665 665 664 664 663 663 664 664 665 665 666 666 667 667 666 666 665 665 666 666 667 667 668 668 669 669 668 668 667 667 668 668 669 669 670 670 671 671 670 670 669 669 670 670 671 671 672 672 673 673 672 672 671 671 672 672 673 673 674 674 675 675 674 674 673 673 674 674 675 675 676 676 677 677 676 676 675 675 676 676 677 677 678 678 679 679 678 678 677 677 678 678 679 679 680 680 681 681 680 680 679 679 680 680 681 681 682 682 683 683 682 682 681 681 682 682 683 683 684 684 685 685 684 684 683 683 684 684 685 685 686 686 687 687 686 686 685 685 686 686 687 687 688 688 689 689 688 688 687 687 688 688 689 689 690 690 691 691 690 690 689 689 690 690 691 691 692 692 693 693 692 692 691 691 692 692 693 693 694 694 695 695 694 694 693 693 694 694 695 695 696 696 697 697 696 696 695 695 696 696 697 697 698 698 699 699 698 698 697 697 698 698 699 699 652 652 653 653 652 652 699 699 700 700 701 701 702 702 703 703 702 702 701 701 702 702 703 703 704 704 705 705 704 704 703 703 704 704 705 705 706 706 707 707 706 706 705 705 706 706 707 707 708 708 709 709 708 708 707 707 708 708 709 709 710 710 711 711 710 710 709 709 710 710 711 711 712 712 713 713 712 712 711 711 712 712 713 713 714 714 715 715 714 714 713 713 714 714 715 715 716 716 717 717 716 716 715 715 716 716 717 717 718 718 719 719 718 718 717 717 718 718 719 719 720 720 721 721 720 720 719 719 720 720 721 721 722 722 723 723 722 722 721 721 722 722 723 723 724 724 725 725 724 724 723 723 724 724 725 725 726 726 727 727 726 726 725 725 726 726 727 727 728 728 729 729 728 728 727 727 728 728 729 729 730 730 731 731 730 730 729 729 730 730 731 731 732 732 733 733 732 732 731 731 732 732 733 733 734 734 735 735 734 734 733 733 734 734 735 735 736 736 737 737 736 736 735 735 736 736 737 737 738 738 739 739 738 738 737 737 738 738 739 739 740 740 741 741 740 740 739 739 740 740 741 741 742 742 743 743 742 742 741 741 742 742 743 743 744 744 745 745 744 744 743 743 744 744 745 745 746 746 747 747 746 746 745 745 746 746 747 747 700 700 701 701 700 700 747 747 748 748 749 749 750 750 751 751 750 750 749 749 750 750 751 751 752 752 753 753 752 752 751 751 752 752 753 753 754 754 755 755 754 754 753 753 754 754 755 755 756 756 757 757 756 756 755 755 756 756 757 757 758 758 759 759 758 758 757 757 758 758 759 759 760 760 761 761 760 760 759 759 760 760 761 761 762 762 763 763 762 762 761 761 762 762 763 763 764 764 765 765 764 764 763 763 764 764 765 765 766 766 767 767 766 766 765 765 766 766 767 767 768 768 769 769 768 768 767 767 768 768 769 769 770 770 771 771 770 770 769 769 770 770 771 771 772 772 773 773 772 772 771 771 772 772 773 773 774 774 775 775 774 774 773 773 774 774 775 775 776 776 777 777 776 776 775 775 776 776 777 777 778 778 779 779 778 778 777 777 778 778 779 779 780 780 781 781 780 780 779 779 780 780 781 781 782 782 783 783 782 782 781 781 782 782 783 783 784 784 785 785 784 784 783 783 784 784 785 785 786 786 787 787 786 786 785 785 786 786 787 787 788 788 789 789 788 788 787 787 788 788 789 789 790 790 791 791 790 790 789 789 790 790 791 791 792 792 793 793 792 792 791 791 792 792 793 793 794 794 795 795 794 794 793 793 794 794 795 795 748 748 749 749 748 748 795 795 796 796 797 797 798 798 799 799 798 798 797 797 798 798 799 799 800 800 801 801 800 800 799 799 800 800 801 801 802 802 803 803 802 802 801 801 802 802 803 803 804 804 805 805 804 804 803 803 804 804 805 805 806 806 807 807 806 806 805 805 806 806 807 807 808 808 809 809 808 808 807 807 808 808 809 809 810 810 811 811 810 810 809 809 810 810 811 811 812 812 813 813 812 812 811 811 812 812 813 813 814 814 815 815 814 814 813 813 814 814 815 815 816 816 817 817 816 816 815 815 816 816 817 817 818 818 819 819 818 818 817 817 818 818 819 819 820 820 821 821 820 820 819 819 820 820 821 821 822 822 823 823 822 822 821 821 822 822 823 823 824 824 825 825 824 824 823 823 824 824 825 825 826 826 827 827 826 826 825 825 826 826 827 827 828 828 829 829 828 828 827 827 828 828 829 829 830 830 831 831 830 830 829 829 830 830 831 831 832 832 833 833 832 832 831 831 832 832 833 833 834 834 835 835 834 834 833 833 834 834 835 835 836 836 837 837 836 836 835 835 836 836 837 837 838 838 839 839 838 838 837 837 838 838 839 839 840 840 841 841 840 840 839 839 840 840 841 841 842 842 843 843 842 842 841 841 842 842 843 843 796 796 797 797 796 796 843 843 844 844 845 845 846 846 847 847 846 846 845 845 846 846 847 847 848 848 849 849 848 848 847 847 848 848 849 849 850 850 851 851 850 850 849 849 850 850 851 851 844 844 845 845 844 844 851 851 36 36 852 852 37 37 853 853 37 37 852 852 854 854 855 855 856 856 857 857 858 858 859 859 860 860 857 857 861 861 859 859 861 861 857 857 861 861 859 859 862 862 863 863 864 864 865 865 866 866 857 857 867 867 860 860 867 867 857 857 867 867 860 860 868 868 865 865 864 864 869 869 870 870 869 869 864 864 869 869 870 870 871 871 859 859 854 854 862 862 856 856 862 862 854 854 862 862 856 856 872 872 869 869 872 872 856 856 865 865 857 857 863 863 866 866 863 863 857 857 863 863 866 866 871 871 873 873 871 871 866 866 871 871 873 873 869 869 868 868 869 869 873 873 869 869 868 868 872 872 860 860 872 872 868 868 874 874 875 875 876 876 877 877 878 878 879 879 880 880 879 879 878 878 881 881 882 882 883 883 884 884 885 885 886 886 887 887 888 888 889 889 875 875 890 890 876 876 891 891 876 876 890 890 876 876 891 891 892 892 893 893 894 894 888 888 895 895 888 888 894 894 888 888 895 895 896 896 897 897 898 898 899 899 900 900 899 899 898 898 901 901 902 902 880 880 903 903 904 904 899 899 905 905 899 899 904 904 899 899 905 905 897 897 906 906 907 907 908 908 908 908 909 909 906 906 910 910 906 906 909 909 906 906 910 910 911 911 912 912 876 876 913 913 914 914 913 913 876 876 915 915 886 886 916 916 881 881 916 916 886 886 916 916 881 881 917 917 883 883 917 917 881 881 918 918 919 919 880 880 920 920 880 880 919 919 880 880 920 920 921 921 884 884 886 886 922 922 923 923 924 924 880 880 887 887 925 925 888 888 926 926 888 888 925 925 888 888 926 926 893 893 911 911 927 927 906 906 879 879 906 906 927 927 906 906 879 879 928 928 880 880 928 928 879 879 928 928 880 880 929 929 902 902 929 929 880 880 914 914 876 876 906 906 930 930 906 906 876 876 906 906 930 930 907 907 874 874 876 876 931 931 912 912 931 931 876 876 931 931 912 912 932 932 915 915 933 933 886 886 934 934 886 886 933 933 886 886 934 934 922 922 935 935 922 922 934 934 922 922 935 935 936 936 885 885 937 937 886 886 938 938 886 886 937 937 886 886 938 938 939 939 900 900 940 940 899 899 941 941 899 899 940 940 899 899 941 941 895 895 942 942 895 895 941 941 895 895 942 942 896 896 943 943 944 944 945 945 946 946 945 945 944 944 947 947 948 948 881 881 949 949 881 881 948 948 881 881 949 949 882 882 944 944 882 882 949 949 882 882 944 944 950 950 943 943 950 950 944 944 921 921 951 951 880 880 952 952 880 880 951 951 880 880 952 952 887 887 953 953 887 887 952 952 887 887 953 953 954 954 954 954 955 955 887 887 956 956 887 887 955 955 887 887 956 956 936 936 957 957 936 936 956 956 936 936 957 957 922 922 924 924 958 958 880 880 959 959 880 880 958 958 880 880 959 959 918 918 892 892 960 960 876 876 961 961 876 876 960 960 876 876 961 961 881 881 962 962 881 881 961 961 881 881 962 962 963 963 963 963 964 964 881 881 965 965 881 881 964 964 881 881 965 965 947 947 939 939 966 966 886 886 967 967 886 886 966 966 886 886 967 967 880 880 968 968 880 880 967 967 880 880 968 968 923 923 912 912 969 969 932 932 970 970 932 932 969 969 932 932 970 970 971 971 904 904 971 971 970 970 889 889 972 972 887 887 973 973 887 887 972 972 887 887 973 973 880 880 974 974 880 880 973 973 880 880 974 974 901 901 946 946 944 944 975 975 976 976 975 975 944 944 975 975 976 976 977 977 978 978 977 977 976 976 977 977 978 978 979 979 980 980 979 979 978 978 979 979 980 980 903 903 980 980 981 981 903 903 982 982 903 903 981 981 903 903 982 982 904 904 983 983 904 904 982 982 904 904 983 983 971 971 984 984 985 985 986 986 987 987 988 988 989 989 990 990 989 989 988 988 989 989 990 990 991 991 986 986 985 985 992 992 993 993 992 992 985 985 992 992 993 993 994 994 992 992 995 995 996 996 997 997 996 996 995 995 996 996 997 997 988 988 998 998 988 988 997 997 988 988 998 998 990 990 986 986 988 988 984 984 987 987 984 984 988 988 984 984 987 987 994 994 999 999 994 994 987 987 994 994 999 999 992 992 991 991 992 992 999 999 992 992 991 991 995 995 990 990 995 995 991 991 1000 1000 1001 1001 1002 1002 1003 1003 1004 1004 1005 1005 1004 1004 1003 1003 1006 1006 1005 1005 1007 1007 1003 1003 1008 1008 1003 1003 1007 1007 1003 1003 1008 1008 1009 1009 1010 1010 1011 1011 1012 1012 1013 1013 1012 1012 1011 1011 1014 1014 1015 1015 1000 1000 1016 1016 1017 1017 1018 1018 1019 1019 1018 1018 1017 1017 1018 1018 1019 1019 1020 1020 1009 1009 1021 1021 1003 1003 1022 1022 1003 1003 1021 1021 1003 1003 1022 1022 1012 1012 1023 1023 1012 1012 1022 1022 1012 1012 1023 1023 1010 1010 1024 1024 1025 1025 1026 1026 1027 1027 1026 1026 1025 1025 1026 1026 1027 1027 1028 1028 1018 1018 1029 1029 1030 1030 1031 1031 1032 1032 1033 1033 1034 1034 1035 1035 1036 1036 1037 1037 1026 1026 1038 1038 1039 1039 1003 1003 1040 1040 1018 1018 1040 1040 1003 1003 1040 1040 1018 1018 1041 1041 1030 1030 1041 1041 1018 1018 1015 1015 1042 1042 1000 1000 1043 1043 1000 1000 1042 1042 1000 1000 1043 1043 1018 1018 1044 1044 1018 1018 1043 1043 1018 1018 1044 1044 1016 1016 1020 1020 1045 1045 1018 1018 1046 1046 1018 1018 1045 1045 1018 1018 1046 1046 1029 1029 1036 1036 1029 1029 1046 1046 1029 1029 1036 1036 1047 1047 1035 1035 1047 1047 1036 1036 1048 1048 1049 1049 1050 1050 1051 1051 1050 1050 1049 1049 1051 1051 1052 1052 1050 1050 1053 1053 1050 1050 1052 1052 1050 1050 1053 1053 1031 1031 1054 1054 1031 1031 1053 1053 1031 1031 1054 1054 1032 1032 1032 1032 1055 1055 1033 1033 1056 1056 1033 1033 1055 1055 1033 1033 1056 1056 1057 1057 1026 1026 1057 1057 1056 1056 1057 1057 1026 1026 1058 1058 1028 1028 1058 1058 1026 1026 1033 1033 1059 1059 1031 1031 1060 1060 1031 1031 1059 1059 1031 1031 1060 1060 1061 1061 1062 1062 1061 1061 1060 1060 1061 1061 1062 1062 1036 1036 1063 1063 1036 1036 1062 1062 1036 1036 1063 1063 1034 1034 1024 1024 1026 1026 1064 1064 1037 1037 1064 1064 1026 1026 1064 1064 1037 1037 1065 1065 1039 1039 1066 1066 1003 1003 1067 1067 1003 1003 1066 1066 1003 1003 1067 1067 1006 1006 1068 1068 1006 1006 1067 1067 1006 1006 1068 1068 1069 1069 1013 1013 1070 1070 1012 1012 1071 1071 1012 1012 1070 1070 1012 1012 1071 1071 1072 1072 1073 1073 1074 1074 1000 1000 1065 1065 1075 1075 1064 1064 1076 1076 1064 1064 1075 1075 1064 1064 1076 1076 1069 1069 1077 1077 1069 1069 1076 1076 1069 1069 1077 1077 1006 1006 1048 1048 1078 1078 1049 1049 1079 1079 1049 1049 1078 1078 1049 1049 1079 1079 1080 1080 1074 1074 1081 1081 1000 1000 1082 1082 1000 1000 1081 1081 1000 1000 1082 1082 1014 1014 1080 1080 1083 1083 1049 1049 1073 1073 1049 1049 1083 1083 1049 1049 1073 1073 1084 1084 1000 1000 1084 1084 1073 1073 1084 1084 1000 1000 1085 1085 1086 1086 1085 1085 1000 1000 1087 1087 1072 1072 1088 1088 1089 1089 1088 1088 1072 1072 1088 1088 1089 1089 1090 1090 1091 1091 1090 1090 1089 1089 1090 1090 1091 1091 1092 1092 1093 1093 1092 1092 1091 1091 1092 1092 1093 1093 1038 1038 1094 1094 1038 1038 1093 1093 1038 1038 1094 1094 1037 1037 1087 1087 1095 1095 1072 1072 1096 1096 1072 1072 1095 1095 1072 1072 1096 1096 1012 1012 1097 1097 1012 1012 1096 1096 1012 1012 1097 1097 1098 1098 1002 1002 1099 1099 1000 1000 1100 1100 1000 1000 1099 1099 1000 1000 1100 1100 1101 1101 1101 1101 1102 1102 1000 1000 1103 1103 1000 1000 1102 1102 1000 1000 1103 1103 1086 1086 1098 1098 1104 1104 1012 1012 1105 1105 1012 1012 1104 1104 1012 1012 1105 1105 1106 1106 1107 1107 1106 1106 1105 1105 1106 1106 1107 1107 1108 1108 1086 1086 1108 1108 1107 1107 1108 1108 1086 1086 1109 1109 1103 1103 1109 1109 1086 1086 1110 1110 1111 1111 1112 1112 1113 1113 1112 1112 1111 1111 1112 1112 1113 1113 1114 1114 1115 1115 1116 1116 1117 1117 1113 1113 1118 1118 1114 1114 1117 1117 1114 1114 1118 1118 1114 1114 1117 1117 1119 1119 1116 1116 1119 1119 1117 1117 1119 1119 1116 1116 1120 1120 1117 1117 1111 1111 1115 1115 1110 1110 1115 1115 1111 1111 1115 1115 1110 1110 1121 1121 1122 1122 1121 1121 1110 1110 1121 1121 1122 1122 1120 1120 1123 1123 1120 1120 1122 1122 1120 1120 1123 1123 1119 1119 1124 1124 1119 1119 1123 1123 1119 1119 1124 1124 1110 1110 1125 1125 1110 1110 1124 1124 1110 1110 1125 1125 1122 1122 1126 1126 1127 1127 1128 1128 1129 1129 1130 1130 1131 1131 1132 1132 1133 1133 1134 1134 1134 1134 1135 1135 1132 1132 1136 1136 1132 1132 1135 1135 1132 1132 1136 1136 1131 1131 1137 1137 1131 1131 1136 1136 1131 1131 1137 1137 1129 1129 1138 1138 1139 1139 1140 1140 1127 1127 1126 1126 1140 1140 1141 1141 1140 1140 1126 1126 1140 1140 1141 1141 1138 1138 1142 1142 1143 1143 1132 1132 1128 1128 1144 1144 1126 1126 1145 1145 1126 1126 1144 1144 1126 1126 1145 1145 1146 1146 1130 1130 1147 1147 1131 1131 1148 1148 1131 1131 1147 1147 1131 1131 1148 1148 1149 1149 1150 1150 1149 1149 1148 1148 1149 1149 1150 1150 1151 1151 1139 1139 1152 1152 1140 1140 1153 1153 1140 1140 1152 1152 1140 1140 1153 1153 1154 1154 1155 1155 1156 1156 1149 1149 1157 1157 1149 1149 1156 1156 1149 1149 1157 1157 1158 1158 1159 1159 1158 1158 1157 1157 1159 1159 1160 1160 1158 1158 1161 1161 1158 1158 1160 1160 1158 1158 1161 1161 1162 1162 1162 1162 1163 1163 1158 1158 1164 1164 1158 1158 1163 1163 1158 1158 1164 1164 1165 1165 1165 1165 1166 1166 1158 1158 1167 1167 1158 1158 1166 1166 1158 1158 1167 1167 1132 1132 1168 1168 1132 1132 1167 1167 1132 1132 1168 1168 1142 1142 1143 1143 1169 1169 1132 1132 1170 1170 1132 1132 1169 1169 1132 1132 1170 1170 1126 1126 1146 1146 1171 1171 1126 1126 1172 1172 1126 1126 1171 1171 1126 1126 1172 1172 1132 1132 1173 1173 1132 1132 1172 1172 1132 1132 1173 1173 1133 1133 1151 1151 1174 1174 1149 1149 1175 1175 1149 1149 1174 1174 1149 1149 1175 1175 1176 1176 1176 1176 1177 1177 1149 1149 1140 1140 1149 1149 1177 1177 1149 1149 1140 1140 1155 1155 1154 1154 1155 1155 1140 1140 1178 1178 1179 1179 1180 1180 1181 1181 1182 1182 1183 1183 1184 1184 1183 1183 1182 1182 1183 1183 1184 1184 1185 1185 1180 1180 1179 1179 1186 1186 1187 1187 1186 1186 1179 1179 1186 1186 1187 1187 1188 1188 1186 1186 1189 1189 1190 1190 1191 1191 1190 1190 1189 1189 1190 1190 1191 1191 1182 1182 1192 1192 1182 1182 1191 1191 1182 1182 1192 1192 1184 1184 1180 1180 1182 1182 1178 1178 1181 1181 1178 1178 1182 1182 1178 1178 1181 1181 1188 1188 1193 1193 1188 1188 1181 1181 1188 1188 1193 1193 1186 1186 1185 1185 1186 1186 1193 1193 1186 1186 1185 1185 1189 1189 1184 1184 1189 1189 1185 1185 1194 1194 1195 1195 1196 1196 1197 1197 1198 1198 1199 1199 1200 1200 1199 1199 1198 1198 1199 1199 1200 1200 1201 1201 1202 1202 1201 1201 1200 1200 1201 1201 1202 1202 1203 1203 1203 1203 1204 1204 1201 1201 1205 1205 1201 1201 1204 1204 1201 1201 1205 1205 1206 1206 1207 1207 1208 1208 1209 1209 1210 1210 1209 1209 1208 1208 1209 1209 1210 1210 1211 1211 1201 1201 1209 1209 1212 1212 1213 1213 1214 1214 1199 1199 1206 1206 1215 1215 1201 1201 1216 1216 1201 1201 1215 1215 1201 1201 1216 1216 1209 1209 1217 1217 1209 1209 1216 1216 1209 1209 1217 1217 1207 1207 1212 1212 1218 1218 1201 1201 1219 1219 1201 1201 1218 1218 1201 1201 1219 1219 1196 1196 1220 1220 1196 1196 1219 1219 1196 1196 1220 1220 1194 1194 1195 1195 1221 1221 1196 1196 1222 1222 1196 1196 1221 1221 1196 1196 1222 1222 1223 1223 1224 1224 1223 1223 1222 1222 1225 1225 1214 1214 1226 1226 1227 1227 1226 1226 1214 1214 1226 1226 1227 1227 1210 1210 1228 1228 1210 1210 1227 1227 1210 1210 1228 1228 1211 1211 1224 1224 1229 1229 1223 1223 1230 1230 1223 1223 1229 1229 1223 1223 1230 1230 1231 1231 1232 1232 1233 1233 1199 1199 1234 1234 1199 1199 1233 1233 1199 1199 1234 1234 1213 1213 1225 1225 1235 1235 1214 1214 1236 1236 1214 1214 1235 1235 1214 1214 1236 1236 1199 1199 1237 1237 1199 1199 1236 1236 1231 1231 1238 1238 1223 1223 1239 1239 1223 1223 1238 1238 1223 1223 1239 1239 1199 1199 1240 1240 1199 1199 1239 1239 1199 1199 1240 1240 1232 1232 1237 1237 1241 1241 1199 1199 1242 1242 1199 1199 1241 1241 1199 1199 1242 1242 1243 1243 1243 1243 1244 1244 1199 1199 1245 1245 1199 1199 1244 1244 1199 1199 1245 1245 1197 1197 1246 1246 1247 1247 1248 1248 1249 1249 1248 1248 1247 1247 1250 1250 1251 1251 1252 1252 1253 1253 1254 1254 1252 1252 1255 1255 1252 1252 1254 1254 1252 1252 1255 1255 1250 1250 1256 1256 1257 1257 1258 1258 1251 1251 1259 1259 1252 1252 1260 1260 1252 1252 1259 1259 1252 1252 1260 1260 1258 1258 1261 1261 1258 1258 1260 1260 1258 1258 1261 1261 1256 1256 1262 1262 1263 1263 1264 1264 1265 1265 1266 1266 1267 1267 1268 1268 1267 1267 1266 1266 1268 1268 1269 1269 1267 1267 1270 1270 1267 1267 1269 1269 1267 1267 1270 1270 1252 1252 1271 1271 1252 1252 1270 1270 1252 1252 1271 1271 1253 1253 1263 1263 1272 1272 1264 1264 1273 1273 1264 1264 1272 1272 1264 1264 1273 1273 1267 1267 1274 1274 1267 1267 1273 1273 1267 1267 1274 1274 1265 1265 1257 1257 1275 1275 1258 1258 1276 1276 1258 1258 1275 1275 1258 1258 1276 1276 1264 1264 1277 1277 1264 1264 1276 1276 1264 1264 1277 1277 1262 1262 1278 1278 1279 1279 1280 1280 1281 1281 1280 1280 1279 1279 1282 1282 1283 1283 1284 1284 1285 1285 1284 1284 1283 1283 1284 1284 1285 1285 1286 1286 1286 1286 1287 1287 1284 1284 1288 1288 1284 1284 1287 1287 1284 1284 1288 1288 1289 1289 1290 1290 1289 1289 1288 1288 1289 1289 1290 1290 1291 1291 1292 1292 1293 1293 1294 1294 1295 1295 1294 1294 1293 1293 1291 1291 1296 1296 1289 1289 1297 1297 1289 1289 1296 1296 1289 1289 1297 1297 1293 1293 1298 1298 1293 1293 1297 1297 1293 1293 1298 1298 1295 1295 1299 1299 1300 1300 1301 1301 1302 1302 1301 1301 1300 1300 1301 1301 1302 1302 1303 1303 1303 1303 1304 1304 1301 1301 1305 1305 1301 1301 1304 1304 1301 1301 1305 1305 1284 1284 1306 1306 1284 1284 1305 1305 1284 1284 1306 1306 1282 1282 1292 1292 1307 1307 1293 1293 1308 1308 1293 1293 1307 1307 1293 1293 1308 1308 1301 1301 1309 1309 1301 1301 1308 1308 1301 1301 1309 1309 1299 1299 1310 1310 1311 1311 1312 1312 1313 1313 1312 1312 1311 1311 1314 1314 1315 1315 1316 1316 1317 1317 1316 1316 1315 1315 1318 1318 1319 1319 1320 1320 1321 1321 1320 1320 1319 1319 1322 1322 1323 1323 1324 1324 1325 1325 1324 1324 1323 1323 1326 1326 1327 1327 1328 1328 1329 1329 1328 1328 1327 1327 1330 1330 1331 1331 1332 1332 1333 1333 1332 1332 1331 1331 1334 1334 1335 1335 1336 1336 1337 1337 1336 1336 1335 1335 1338 1338 1339 1339 1340 1340 1341 1341 1340 1340 1339 1339 1342 1342 1343 1343 1344 1344 1345 1345 1344 1344 1343 1343 1346 1346 1347 1347 1348 1348 1349 1349 1348 1348 1347 1347 1350 1350 1351 1351 1352 1352 1353 1353 1354 1354 1355 1355 1356 1356 1355 1355 1354 1354 1357 1357 1354 1354 1358 1358 1359 1359 1358 1358 1354 1354 1357 1357 1360 1360 1354 1354 1361 1361 1354 1354 1360 1360 1354 1354 1361 1361 1356 1356 1355 1355 1362 1362 1353 1353 1363 1363 1353 1353 1362 1362 1353 1353 1363 1363 1364 1364 1365 1365 1366 1366 1367 1367 1368 1368 1367 1367 1366 1366 1365 1365 1369 1369 1366 1366 1370 1370 1366 1366 1369 1369 1366 1366 1370 1370 1354 1354 1371 1371 1354 1354 1370 1370 1354 1354 1371 1371 1359 1359 1364 1364 1372 1372 1353 1353 1373 1373 1353 1353 1372 1372 1353 1353 1373 1373 1352 1352 1374 1374 1352 1352 1373 1373 1352 1352 1374 1374 1350 1350 1351 1351 1375 1375 1352 1352 1376 1376 1352 1352 1375 1375 1352 1352 1376 1376 1366 1366 1377 1377 1366 1366 1376 1376 1366 1366 1377 1377 1368 1368 1378 1378 1379 1379 1380 1380 1381 1381 1380 1380 1379 1379 1382 1382 1383 1383 1384 1384 1382 1382 1384 1384 1385 1385 1386 1386 1385 1385 1384 1384 1385 1385 1386 1386 1387 1387 1388 1388 1389 1389 1390 1390 1391 1391 1390 1390 1389 1389 1388 1388 1392 1392 1389 1389 1393 1393 1389 1389 1392 1392 1389 1389 1393 1393 1394 1394 1395 1395 1394 1394 1393 1393 1394 1394 1395 1395 1396 1396 1397 1397 1398 1398 1386 1386 1383 1383 1399 1399 1384 1384 1400 1400 1384 1384 1399 1399 1384 1384 1400 1400 1389 1389 1401 1401 1389 1389 1400 1400 1389 1389 1401 1401 1391 1391 1396 1396 1402 1402 1394 1394 1403 1403 1394 1394 1402 1402 1394 1394 1403 1403 1404 1404 1398 1398 1405 1405 1386 1386 1406 1406 1386 1386 1405 1405 1386 1386 1406 1406 1387 1387 1404 1404 1407 1407 1394 1394 1408 1408 1394 1394 1407 1407 1394 1394 1408 1408 1386 1386 1409 1409 1386 1386 1408 1408 1386 1386 1409 1409 1397 1397 1410 1410 1411 1411 1412 1412 1413 1413 1412 1412 1411 1411 1414 1414 1415 1415 1416 1416 1417 1417 1416 1416 1415 1415 1418 1418 1419 1419 1420 1420 1421 1421 1420 1420 1419 1419 1422 1422 1423 1423 1424 1424 1425 1425 1424 1424 1423 1423 1426 1426 1427 1427 1428 1428 1429 1429 1428 1428 1427 1427 1430 1430 1431 1431 1432 1432 1433 1433 1432 1432 1431 1431 1434 1434 1435 1435 1436 1436 1437 1437 1436 1436 1435 1435 1438 1438 1439 1439 1440 1440 1441 1441 1440 1440 1439 1439 1442 1442 1443 1443 1444 1444 1445 1445 1446 1446 1447 1447 1448 1448 1447 1447 1446 1446 1447 1447 1448 1448 1449 1449 1450 1450 1449 1449 1448 1448 1449 1449 1450 1450 1451 1451 1452 1452 1451 1451 1450 1450 1451 1451 1452 1452 1453 1453 1454 1454 1453 1453 1452 1452 1453 1453 1454 1454 1455 1455 1456 1456 1455 1455 1454 1454 1455 1455 1456 1456 1457 1457 1458 1458 1457 1457 1456 1456 1457 1457 1458 1458 1459 1459 1460 1460 1459 1459 1458 1458 1459 1459 1460 1460 1461 1461 1462 1462 1461 1461 1460 1460 1461 1461 1462 1462 1463 1463 1462 1462 1442 1442 1463 1463 1444 1444 1463 1463 1442 1442 1463 1463 1444 1444 1464 1464 1465 1465 1464 1464 1444 1444 1464 1464 1465 1465 1466 1466 1467 1467 1466 1466 1465 1465 1466 1466 1467 1467 1468 1468 1469 1469 1468 1468 1467 1467 1468 1468 1469 1469 1470 1470 1471 1471 1470 1470 1469 1469 1470 1470 1471 1471 1472 1472 1473 1473 1472 1472 1471 1471 1472 1472 1473 1473 1474 1474 1475 1475 1474 1474 1473 1473 1474 1474 1475 1475 1476 1476 1477 1477 1476 1476 1475 1475 1478 1478 1479 1479 1480 1480 1481 1481 1482 1482 1483 1483 1484 1484 1483 1483 1482 1482 1483 1483 1484 1484 1485 1485 1486 1486 1485 1485 1484 1484 1485 1485 1486 1486 1487 1487 1488 1488 1487 1487 1486 1486 1487 1487 1488 1488 1489 1489 1490 1490 1489 1489 1488 1488 1489 1489 1490 1490 1491 1491 1492 1492 1491 1491 1490 1490 1491 1491 1492 1492 1493 1493 1494 1494 1493 1493 1492 1492 1493 1493 1494 1494 1495 1495 1496 1496 1497 1497 1498 1498 1499 1499 1498 1498 1497 1497 1498 1498 1499 1499 1500 1500 1501 1501 1500 1500 1499 1499 1500 1500 1501 1501 1502 1502 1503 1503 1502 1502 1501 1501 1502 1502 1503 1503 1504 1504 1505 1505 1504 1504 1503 1503 1504 1504 1505 1505 1506 1506 1507 1507 1506 1506 1505 1505 1506 1506 1507 1507 1508 1508 1509 1509 1508 1508 1507 1507 1508 1508 1509 1509 1510 1510 1511 1511 1510 1510 1509 1509 1510 1510 1511 1511 1512 1512 1513 1513 1512 1512 1511 1511 1512 1512 1513 1513 1480 1480 1495 1495 1480 1480 1513 1513 1480 1480 1495 1495 1478 1478 1494 1494 1478 1478 1495 1495 1514 1514 1515 1515 1516 1516 1517 1517 1516 1516 1515 1515 1516 1516 1517 1517 1518 1518 1519 1519 1518 1518 1517 1517 1518 1518 1519 1519 1520 1520 1521 1521 1520 1520 1519 1519 1520 1520 1521 1521 1522 1522 1523 1523 1522 1522 1521 1521 1522 1522 1523 1523 1524 1524 1525 1525 1524 1524 1523 1523 1524 1524 1525 1525 1526 1526 1527 1527 1526 1526 1525 1525 1526 1526 1527 1527 1528 1528 1529 1529 1528 1528 1527 1527 1528 1528 1529 1529 1530 1530 1531 1531 1530 1530 1529 1529 1530 1530 1531 1531 1532 1532 1533 1533 1532 1532 1531 1531 1534 1534 1532 1532 1535 1535 1533 1533 1535 1535 1532 1532 1535 1535 1533 1533 1536 1536 1537 1537 1536 1536 1533 1533 1536 1536 1537 1537 1538 1538 1539 1539 1538 1538 1537 1537 1538 1538 1539 1539 1540 1540 1541 1541 1540 1540 1539 1539 1540 1540 1541 1541 1542 1542 1543 1543 1542 1542 1541 1541 1542 1542 1543 1543 1544 1544 1545 1545 1544 1544 1543 1543 1544 1544 1545 1545 1546 1546 1547 1547 1546 1546 1545 1545 1546 1546 1547 1547 1548 1548 1549 1549 1548 1548 1547 1547 1550 1550 1551 1551 1552 1552 1553 1553 1554 1554 1555 1555 1556 1556 1555 1555 1554 1554 1555 1555 1556 1556 1557 1557 1558 1558 1557 1557 1556 1556 1557 1557 1558 1558 1559 1559 1560 1560 1559 1559 1558 1558 1559 1559 1560 1560 1561 1561 1562 1562 1561 1561 1560 1560 1561 1561 1562 1562 1563 1563 1564 1564 1563 1563 1562 1562 1563 1563 1564 1564 1565 1565 1566 1566 1565 1565 1564 1564 1565 1565 1566 1566 1567 1567 1568 1568 1567 1567 1566 1566 1567 1567 1568 1568 1569 1569 1570 1570 1569 1569 1568 1568 1569 1569 1570 1570 1571 1571 1572 1572 1573 1573 1574 1574 1575 1575 1574 1574 1573 1573 1574 1574 1575 1575 1576 1576 1577 1577 1576 1576 1575 1575 1576 1576 1577 1577 1578 1578 1579 1579 1578 1578 1577 1577 1578 1578 1579 1579 1580 1580 1581 1581 1580 1580 1579 1579 1580 1580 1581 1581 1582 1582 1583 1583 1582 1582 1581 1581 1582 1582 1583 1583 1584 1584 1585 1585 1584 1584 1583 1583 1584 1584 1585 1585 1552 1552 1571 1571 1552 1552 1585 1585 1552 1552 1571 1571 1550 1550 1570 1570 1550 1550 1571 1571 1586 1586 1587 1587 1588 1588 1589 1589 1588 1588 1587 1587 1588 1588 1589 1589 1590 1590 1591 1591 1590 1590 1589 1589 1590 1590 1591 1591 1592 1592 1593 1593 1592 1592 1591 1591 1592 1592 1593 1593 1594 1594 1595 1595 1594 1594 1593 1593 1594 1594 1595 1595 1596 1596 1597 1597 1596 1596 1595 1595 1596 1596 1597 1597 1598 1598 1599 1599 1598 1598 1597 1597 1598 1598 1599 1599 1600 1600 1601 1601 1600 1600 1599 1599 1600 1600 1601 1601 1602 1602 1603 1603 1602 1602 1601 1601 1602 1602 1603 1603 1604 1604 1605 1605 1604 1604 1603 1603 1604 1604 1605 1605 1606 1606 1607 1607 1606 1606 1605 1605 1606 1606 1607 1607 1608 1608 1609 1609 1608 1608 1607 1607 1608 1608 1609 1609 1610 1610 1611 1611 1610 1610 1609 1609 1610 1610 1611 1611 1612 1612 1613 1613 1612 1612 1611 1611 1612 1612 1613 1613 1614 1614 1615 1615 1614 1614 1613 1613 1614 1614 1615 1615 1616 1616 1617 1617 1616 1616 1615 1615 1616 1616 1617 1617 1618 1618 1619 1619 1618 1618 1617 1617 1618 1618 1619 1619 1620 1620 1621 1621 1620 1620 1619 1619 1620 1620 1621 1621 1622 1622 1623 1623 1622 1622 1621 1621 1622 1622 1623 1623 1624 1624 1625 1625 1624 1624 1623 1623 1624 1624 1625 1625 1626 1626 1627 1627 1626 1626 1625 1625 1626 1626 1627 1627 1628 1628 1629 1629 1628 1628 1627 1627 1628 1628 1629 1629 1630 1630 1631 1631 1630 1630 1629 1629 1630 1630 1631 1631 1632 1632 1633 1633 1632 1632 1631 1631 1632 1632 1633 1633 1586 1586 1587 1587 1586 1586 1633 1633 1634 1634 1635 1635 1636 1636 1637 1637 1636 1636 1635 1635 1636 1636 1637 1637 1638 1638 1639 1639 1638 1638 1637 1637 1638 1638 1639 1639 1640 1640 1641 1641 1640 1640 1639 1639 1640 1640 1641 1641 1642 1642 1643 1643 1642 1642 1641 1641 1642 1642 1643 1643 1644 1644 1645 1645 1644 1644 1643 1643 1644 1644 1645 1645 1646 1646 1647 1647 1646 1646 1645 1645 1646 1646 1647 1647 1648 1648 1649 1649 1648 1648 1647 1647 1648 1648 1649 1649 1650 1650 1651 1651 1650 1650 1649 1649 1650 1650 1651 1651 1652 1652 1653 1653 1652 1652 1651 1651 1652 1652 1653 1653 1654 1654 1655 1655 1654 1654 1653 1653 1654 1654 1655 1655 1656 1656 1657 1657 1656 1656 1655 1655 1656 1656 1657 1657 1658 1658 1659 1659 1658 1658 1657 1657 1658 1658 1659 1659 1660 1660 1661 1661 1660 1660 1659 1659 1660 1660 1661 1661 1662 1662 1663 1663 1662 1662 1661 1661 1662 1662 1663 1663 1664 1664 1665 1665 1664 1664 1663 1663 1664 1664 1665 1665 1666 1666 1667 1667 1666 1666 1665 1665 1666 1666 1667 1667 1668 1668 1669 1669 1668 1668 1667 1667 1668 1668 1669 1669 1670 1670 1671 1671 1670 1670 1669 1669 1670 1670 1671 1671 1672 1672 1673 1673 1672 1672 1671 1671 1672 1672 1673 1673 1674 1674 1675 1675 1674 1674 1673 1673 1674 1674 1675 1675 1676 1676 1677 1677 1676 1676 1675 1675 1676 1676 1677 1677 1678 1678 1679 1679 1678 1678 1677 1677 1678 1678 1679 1679 1680 1680 1681 1681 1680 1680 1679 1679 1680 1680 1681 1681 1634 1634 1635 1635 1634 1634 1681 1681 1682 1682 1683 1683 1684 1684 1684 1684 1683 1683 1685 1685 1686 1686 1685 1685 1683 1683 1685 1685 1686 1686 1687 1687 1688 1688 1687 1687 1686 1686 1687 1687 1688 1688 1689 1689 1690 1690 1689 1689 1688 1688 1689 1689 1690 1690 1691 1691 1692 1692 1691 1691 1690 1690 1691 1691 1692 1692 1693 1693 1694 1694 1693 1693 1692 1692 1693 1693 1694 1694 1695 1695 1696 1696 1695 1695 1694 1694 1695 1695 1696 1696 1697 1697 1698 1698 1697 1697 1696 1696 1697 1697 1698 1698 1699 1699 1700 1700 1699 1699 1698 1698 1699 1699 1700 1700 1701 1701 1702 1702 1701 1701 1700 1700 1701 1701 1702 1702 1703 1703 1704 1704 1703 1703 1702 1702 1703 1703 1704 1704 1705 1705 1706 1706 1705 1705 1704 1704 1705 1705 1706 1706 1707 1707 1708 1708 1707 1707 1706 1706 1707 1707 1708 1708 1709 1709 1710 1710 1709 1709 1708 1708 1709 1709 1710 1710 1711 1711 1712 1712 1711 1711 1710 1710 1711 1711 1712 1712 1713 1713 1714 1714 1713 1713 1712 1712 1713 1713 1714 1714 1715 1715 1716 1716 1715 1715 1714 1714 1715 1715 1716 1716 1717 1717 1718 1718 1717 1717 1716 1716 1717 1717 1718 1718 1719 1719 1719 1719 1718 1718 1720 1720 1721 1721 1720 1720 1718 1718 1720 1720 1721 1721 1722 1722 1722 1722 1721 1721 1723 1723 1724 1724 1723 1723 1721 1721 1723 1723 1724 1724 1725 1725 1725 1725 1724 1724 1726 1726 1727 1727 1726 1726 1724 1724 1726 1726 1727 1727 1728 1728 1728 1728 1727 1727 1729 1729 1730 1730 1729 1729 1727 1727 1729 1729 1730 1730 1731 1731 1731 1731 1730 1730 1732 1732 1733 1733 1732 1732 1730 1730 1732 1732 1733 1733 1734 1734 1684 1684 1735 1735 1682 1682 1736 1736 1682 1682 1735 1735 1682 1682 1736 1736 1733 1733 1737 1737 1733 1733 1736 1736 1733 1733 1737 1737 1734 1734 1738 1738 1739 1739 1740 1740 1738 1738 1740 1740 1741 1741 1739 1739 1738 1738 1742 1742 1743 1743 1742 1742 1738 1738 1742 1742 1743 1743 1744 1744 1744 1744 1743 1743 1745 1745 1746 1746 1745 1745 1743 1743 1745 1745 1746 1746 1747 1747 1747 1747 1746 1746 1748 1748 1749 1749 1748 1748 1746 1746 1748 1748 1749 1749 1750 1750 1750 1750 1749 1749 1751 1751 1752 1752 1751 1751 1749 1749 1751 1751 1752 1752 1753 1753 1754 1754 1755 1755 1752 1752 1756 1756 1752 1752 1755 1755 1752 1752 1756 1756 1753 1753 1740 1740 1757 1757 1741 1741 1758 1758 1741 1741 1757 1757 1741 1741 1758 1758 1759 1759 1760 1760 1759 1759 1758 1758 1759 1759 1760 1760 1761 1761 1762 1762 1761 1761 1760 1760 1761 1761 1762 1762 1763 1763 1764 1764 1763 1763 1762 1762 1763 1763 1764 1764 1765 1765 1766 1766 1765 1765 1764 1764 1765 1765 1766 1766 1767 1767 1768 1768 1767 1767 1766 1766 1767 1767 1768 1768 1769 1769 1770 1770 1769 1769 1768 1768 1769 1769 1770 1770 1771 1771 1772 1772 1771 1771 1770 1770 1771 1771 1772 1772 1773 1773 1774 1774 1773 1773 1772 1772 1773 1773 1774 1774 1775 1775 1776 1776 1775 1775 1774 1774 1775 1775 1776 1776 1777 1777 1778 1778 1777 1777 1776 1776 1777 1777 1778 1778 1779 1779 1780 1780 1779 1779 1778 1778 1779 1779 1780 1780 1781 1781 1782 1782 1781 1781 1780 1780 1781 1781 1782 1782 1783 1783 1784 1784 1783 1783 1782 1782 1783 1783 1784 1784 1785 1785 1786 1786 1785 1785 1784 1784 1785 1785 1786 1786 1787 1787 1788 1788 1787 1787 1786 1786 1787 1787 1788 1788 1789 1789 1790 1790 1789 1789 1788 1788 1789 1789 1790 1790 1791 1791 1792 1792 1791 1791 1790 1790 1791 1791 1792 1792 1754 1754 1793 1793 1754 1754 1792 1792 1754 1754 1793 1793 1755 1755</p>
        </triangles>
      </mesh>
    </geometry>
  </library_geometries>
  <library_materials>
    <material id="82326ec3e6604b78b780b5515015a172" name="defaultmaterial">
      <instance_effect url="#074b1325615f43979272867460a31f2b"/>
    </material>
  </library_materials>
  <library_visual_scenes>
    <visual_scene id="scene">
      <node id="node0" name="node0">
        <instance_geometry url="#bd706823a0fb4087bb9aef69d40a576e">
          <bind_material>
            <technique_common>
              <instance_material symbol="material0" target="#82326ec3e6604b78b780b5515015a172"/>
            </technique_common>
          </bind_material>
        </instance_geometry>
      </node>
    </visual_scene>
  </library_visual_scenes>
  <scene>
    <instance_visual_scene url="#scene"/>
  </scene>
</COLLADA>
