<COLLADA xmlns="http://www.collada.org/2005/11/COLLADASchema" version="1.4.1">
  <asset>
    <created>2026-09-13T16:25:57.259598</created>
    <modified>2026-09-13T16:25:57.259598</modified>
    <up_axis>Y_UP</up_axis>
  </asset>
  <library_effects>
    <effect id="fa68fc79fa1b4889b2681da9adcbf620" name="fa68fc79fa1b4889b2681da9adcbf620">
      <profile_COMMON>
        <technique sid="common">
          <phong>
            <emission>
              <color>0.0 0.0 0.0 1.0</color>
            </emission>
            <ambient>
              <color>0.0 0.0 0.0 1.0</color>
            </ambient>
            <diffuse>
              <color>0.792156862745098 0.8196078431372549 0.9333333333333333 1.0</color>
            </diffuse>
            <specular>
              <color>0.0 0.0 0.0 1.0</color>
            </specular>
            <shininess>
              <float>0.0</float>
            </shininess>
            <reflective>
              <color>0.0 0.0 0.0 1.0</color>
            </reflective>
            <reflectivity>
              <float>0.0</float>
            </reflectivity>
            <transparent>
              <color>0.0 0.0 0.0 1.0</color>
            </transparent>
            <transparency>
              <float>1.0</float>
            </transparency>
          </phong>
        </technique>
        <extra>
          <technique profile="GOOGLEEARTH">
            <double_sided>0</double_sided>
          </technique>
        </extra>
      </profile_COMMON>
    </effect>
  </library_effects>
  <library_geometries>
    <geometry id="a3fe1eea227941349958a326c604cfad" name="594c2831b2bd457284eaabe6a1934063">
      <mesh>
        <source id="verts-array">
          <float_array count="4764" id="verts-array-array">-0.04226432 0.0178 0.0006144911 -0.04226432 0.0178 0.003614491 -0.02476432 0.0178 0.0006144911 -0.02476432 0.0178 0.003614491 0.02683568 0.0178 0.003614491 0.04433528 0.0178 0.003614491 0.02683568 0.0178 0.0006144911 0.04433528 0.0178 0.0006144911 0.02683568 -0.0173 -0.0006355089 0.02683568 -0.01676 -0.0006355089 0.01033568 -0.01676 -0.0006355089 -0.02026432 -0.0085 -0.0006355089 -0.01918432 -0.01272 -0.0006355089 -0.01918432 -1.387779e-17 -0.0006355089 0.01767568 0.0147094 -0.0006355089 0.01763568 0.01502 -0.0006355089 0.01033568 0.0173 -0.0006355089 0.01767568 0.0153306 -0.0006355089 0.01999468 0.0147094 -0.0006355089 0.02683568 0.01272 -0.0006355089 0.02003568 0.01502 -0.0006355089 0.02683568 0.0173 -0.0006355089 0.01999468 0.0153306 -0.0006355089 0.01987468 0.01442 -0.0006355089 0.01968368 0.0141715 -0.0006355089 0.01943568 0.0139808 -0.0006355089 0.01914568 0.0138609 -0.0006355089 0.01883568 0.01382 -0.0006355089 0.01033568 0.01272 -0.0006355089 0.01852468 0.0138609 -0.0006355089 0.01823568 0.0139808 -0.0006355089 0.01798668 0.0141715 -0.0006355089 0.01779568 0.01442 -0.0006355089 0.01779568 0.01562 -0.0006355089 0.01798668 0.0158685 -0.0006355089 0.01823568 0.0160592 -0.0006355089 0.01852468 0.0161791 -0.0006355089 0.01883568 0.01622 -0.0006355089 0.01914568 0.0161791 -0.0006355089 0.01943568 0.0160592 -0.0006355089 0.01968368 0.0158685 -0.0006355089 0.01987468 0.01562 -0.0006355089 0.0006356773 0.01502 -0.0006355089 0.0006756773 0.0153306 -0.0006355089 -0.006664323 0.0173 -0.0006355089 0.003035677 0.01502 -0.0006355089 0.002994677 0.0147094 -0.0006355089 0.0006756773 0.0147094 -0.0006355089 0.002874677 0.01442 -0.0006355089 0.002683677 0.0141715 -0.0006355089 0.002435677 0.0139808 -0.0006355089 0.0007956773 0.01562 -0.0006355089 0.0009866773 0.0158685 -0.0006355089 0.001235677 0.0160592 -0.0006355089 0.002145677 0.0138609 -0.0006355089 0.001835677 0.01382 -0.0006355089 -0.006664323 0.01272 -0.0006355089 0.001524677 0.0138609 -0.0006355089 0.001235677 0.0139808 -0.0006355089 0.001524677 0.0161791 -0.0006355089 0.001835677 0.01622 -0.0006355089 0.0009866773 0.0141715 -0.0006355089 0.0007956773 0.01442 -0.0006355089 0.002145677 0.0161791 -0.0006355089 0.002435677 0.0160592 -0.0006355089 0.002683677 0.0158685 -0.0006355089 0.002874677 0.01562 -0.0006355089 0.002994677 0.0153306 -0.0006355089 -0.01636432 0.01502 -0.0006355089 -0.01632332 0.0153306 -0.0006355089 -0.01831432 0.0173 -0.0006355089 -0.01396432 0.01502 -0.0006355089 -0.01400532 0.0147094 -0.0006355089 -0.01632332 0.0147094 -0.0006355089 -0.01412532 0.01442 -0.0006355089 -0.01431632 0.0141715 -0.0006355089 -0.01456432 0.0139808 -0.0006355089 -0.01620432 0.01562 -0.0006355089 -0.01601332 0.0158685 -0.0006355089 -0.01576432 0.0160592 -0.0006355089 -0.01485432 0.0138609 -0.0006355089 -0.01516432 0.01382 -0.0006355089 -0.01831432 0.01272 -0.0006355089 -0.01547532 0.0138609 -0.0006355089 -0.01547532 0.0161791 -0.0006355089 -0.01516432 0.01622 -0.0006355089 -0.01576432 0.0139808 -0.0006355089 -0.01601332 0.0141715 -0.0006355089 -0.01620432 0.01442 -0.0006355089 -0.01485432 0.0161791 -0.0006355089 -0.01456432 0.0160592 -0.0006355089 -0.01431632 0.0158685 -0.0006355089 -0.01412532 0.01562 -0.0006355089 -0.01400532 0.0153306 -0.0006355089 -0.01918432 0.01176 -0.0006355089 -0.02026432 0.0085 -0.0006355089 -0.02030532 0.0081894 -0.0006355089 -0.02042532 0.0079 -0.0006355089 -0.02061632 0.0076515 -0.0006355089 -0.02371432 -1.387779e-17 -0.0006355089 -0.02266432 0.0085 -0.0006355089 -0.02371432 0.01176 -0.0006355089 -0.02262432 0.0088106 -0.0006355089 -0.02250432 0.0091 -0.0006355089 -0.02231332 0.0093485 -0.0006355089 -0.02206432 0.0095392 -0.0006355089 -0.02177532 0.0096591 -0.0006355089 -0.02086432 0.0074608 -0.0006355089 -0.02115432 0.0073409 -0.0006355089 -0.02146432 0.0073 -0.0006355089 -0.02177532 0.0073409 -0.0006355089 -0.02206432 0.0074608 -0.0006355089 -0.02231332 0.0076515 -0.0006355089 -0.02146432 0.0097 -0.0006355089 -0.02371432 0.0173 -0.0006355089 -0.01918432 0.01272 -0.0006355089 -0.02250432 0.0079 -0.0006355089 -0.02262432 0.0081894 -0.0006355089 -0.02115432 0.0096591 -0.0006355089 -0.02086432 0.0095392 -0.0006355089 -0.02061632 0.0093485 -0.0006355089 -0.02042532 0.0091 -0.0006355089 -0.02030532 0.0088106 -0.0006355089 -0.01831432 -0.01272 -0.0006355089 -0.02371432 -0.01502 -0.0006355089 -0.02030532 -0.0088106 -0.0006355089 -0.02042532 -0.0091 -0.0006355089 -0.02061632 -0.0093485 -0.0006355089 -0.02231332 -0.0076515 -0.0006355089 -0.02206432 -0.0074608 -0.0006355089 -0.02177532 -0.0096591 -0.0006355089 -0.02206432 -0.0095392 -0.0006355089 -0.02231332 -0.0093485 -0.0006355089 -0.02250432 -0.0091 -0.0006355089 -0.02250432 -0.0079 -0.0006355089 -0.02262432 -0.0088106 -0.0006355089 -0.02266432 -0.0085 -0.0006355089 -0.02262432 -0.0081894 -0.0006355089 -0.02086432 -0.0074608 -0.0006355089 -0.02061632 -0.0076515 -0.0006355089 -0.02086432 -0.0095392 -0.0006355089 -0.02115432 -0.0096591 -0.0006355089 -0.02146432 -0.0097 -0.0006355089 -0.02042532 -0.0079 -0.0006355089 -0.02030532 -0.0081894 -0.0006355089 -0.02177532 -0.0073409 -0.0006355089 -0.02146432 -0.0073 -0.0006355089 -0.02115432 -0.0073409 -0.0006355089 -0.01456432 -0.0139808 -0.0006355089 -0.01431632 -0.0141715 -0.0006355089 -0.006664323 -0.01272 -0.0006355089 -0.01620432 -0.01442 -0.0006355089 -0.01601332 -0.0141715 -0.0006355089 -0.01576432 -0.0139808 -0.0006355089 -0.01547532 -0.0138609 -0.0006355089 -0.01516432 -0.01382 -0.0006355089 -0.01485432 -0.0138609 -0.0006355089 0.002435677 -0.0139808 -0.0006355089 0.002683677 -0.0141715 -0.0006355089 0.01033568 -0.01272 -0.0006355089 0.0007956773 -0.01442 -0.0006355089 0.0009866773 -0.0141715 -0.0006355089 0.001235677 -0.0139808 -0.0006355089 0.001524677 -0.0138609 -0.0006355089 0.001835677 -0.01382 -0.0006355089 0.002145677 -0.0138609 -0.0006355089 0.01823568 -0.0139808 -0.0006355089 0.01798668 -0.0141715 -0.0006355089 0.01779568 -0.01442 -0.0006355089 0.02683568 -0.01272 -0.0006355089 0.01943568 -0.0139808 -0.0006355089 0.01968368 -0.0141715 -0.0006355089 0.01852468 -0.0138609 -0.0006355089 0.01883568 -0.01382 -0.0006355089 0.01914568 -0.0138609 -0.0006355089 0.01987468 -0.01442 -0.0006355089 0.01999468 -0.0147094 -0.0006355089 0.02683568 -0.01502 -0.0006355089 0.02003568 -0.01502 -0.0006355089 0.01999468 -0.0153306 -0.0006355089 0.01767568 -0.0153306 -0.0006355089 0.01033568 -0.01502 -0.0006355089 0.01763568 -0.01502 -0.0006355089 0.01767568 -0.0147094 -0.0006355089 0.01987468 -0.01562 -0.0006355089 0.01968368 -0.0158685 -0.0006355089 0.01943568 -0.0160592 -0.0006355089 0.01823568 -0.0160592 -0.0006355089 0.01798668 -0.0158685 -0.0006355089 0.01779568 -0.01562 -0.0006355089 0.01914568 -0.0161791 -0.0006355089 0.01883568 -0.01622 -0.0006355089 0.01852468 -0.0161791 -0.0006355089 -0.01412532 -0.01442 -0.0006355089 -0.01400532 -0.0147094 -0.0006355089 -0.006664323 -0.01502 -0.0006355089 -0.01396432 -0.01502 -0.0006355089 -0.006664323 -0.01676 -0.0006355089 -0.01400532 -0.0153306 -0.0006355089 -0.01831432 -0.01676 -0.0006355089 -0.01576432 -0.0160592 -0.0006355089 -0.01601332 -0.0158685 -0.0006355089 -0.01620432 -0.01562 -0.0006355089 -0.01632332 -0.0153306 -0.0006355089 -0.01831432 -0.01502 -0.0006355089 -0.01636432 -0.01502 -0.0006355089 -0.01632332 -0.0147094 -0.0006355089 -0.01412532 -0.01562 -0.0006355089 -0.01431632 -0.0158685 -0.0006355089 -0.01456432 -0.0160592 -0.0006355089 -0.01485432 -0.0161791 -0.0006355089 -0.01516432 -0.01622 -0.0006355089 -0.01547532 -0.0161791 -0.0006355089 0.002874677 -0.01442 -0.0006355089 0.002994677 -0.0147094 -0.0006355089 0.003035677 -0.01502 -0.0006355089 0.002994677 -0.0153306 -0.0006355089 0.001235677 -0.0160592 -0.0006355089 0.0009866773 -0.0158685 -0.0006355089 0.0007956773 -0.01562 -0.0006355089 0.0006756773 -0.0153306 -0.0006355089 0.0006356773 -0.01502 -0.0006355089 0.0006756773 -0.0147094 -0.0006355089 0.002874677 -0.01562 -0.0006355089 0.002683677 -0.0158685 -0.0006355089 0.002435677 -0.0160592 -0.0006355089 0.002145677 -0.0161791 -0.0006355089 0.001835677 -0.01622 -0.0006355089 0.001524677 -0.0161791 -0.0006355089 -0.02371432 -0.01676 -0.0006355089 0.01033568 -0.0173 -0.0006355089 -0.006664323 -0.0173 -0.0006355089 -0.01831432 -0.0173 -0.0006355089 -0.02371432 -0.0173 -0.0006355089 -0.02476432 0.0173 -0.0006355089 -0.02476432 0.01176 -0.0006355089 -0.02476432 -1.387779e-17 -0.0006355089 -0.02476432 -0.01502 -0.0006355089 -0.02476432 -0.01676 -0.0006355089 -0.02476432 -0.0173 -0.0006355089 -0.02771432 -0.0173 -0.003385509 -0.03276432 -0.0173 -0.003385509 -0.03276432 -0.01676 -0.003385509 -0.01972432 -0.0173 -0.003385509 -0.02771432 -0.01676 -0.003385509 0.02683568 0.01272 -0.003385509 0.02343568 0.01272 -0.003385509 0.02343568 0.01327 -0.003385509 -0.01972432 -0.01676 -0.003385509 -0.01972432 -0.01121 -0.003385509 -0.01918432 -0.01272 -0.003385509 -0.01918432 -0.01121 -0.003385509 -0.01412532 -0.01442 -0.003385509 -0.01431632 -0.0141715 -0.003385509 -0.006664323 -0.01272 -0.003385509 -0.01576432 -0.0139808 -0.003385509 -0.01601332 -0.0141715 -0.003385509 -0.01547532 -0.0138609 -0.003385509 -0.01620432 -0.01442 -0.003385509 -0.01632332 -0.0147094 -0.003385509 -0.01636432 -0.01502 -0.003385509 -0.01632332 -0.0153306 -0.003385509 -0.01456432 -0.0160592 -0.003385509 -0.01431632 -0.0158685 -0.003385509 -0.006664323 -0.01676 -0.003385509 -0.01396432 -0.01502 -0.003385509 -0.01400532 -0.0147094 -0.003385509 -0.01456432 -0.0139808 -0.003385509 -0.01485432 -0.0138609 -0.003385509 -0.01516432 -0.01382 -0.003385509 -0.01620432 -0.01562 -0.003385509 -0.01601332 -0.0158685 -0.003385509 -0.01576432 -0.0160592 -0.003385509 -0.01412532 -0.01562 -0.003385509 -0.01400532 -0.0153306 -0.003385509 -0.01547532 -0.0161791 -0.003385509 -0.01516432 -0.01622 -0.003385509 -0.01485432 -0.0161791 -0.003385509 -0.01972432 -1.387779e-17 -0.003385509 -0.01918432 -1.387779e-17 -0.003385509 -0.01918432 0.01272 -0.003385509 -0.01972432 0.01327 -0.003385509 -0.006664323 0.01272 -0.003385509 -0.006664323 0.01327 -0.003385509 0.01033568 0.01272 -0.003385509 0.01033568 0.01327 -0.003385509 0.03483568 0.01327 -0.003385509 0.03483568 -1.387779e-17 -0.003385509 0.02683568 -1.387779e-17 -0.003385509 0.03483568 -0.01121 -0.003385509 0.02343568 -0.01676 -0.003385509 0.02343568 -0.01272 -0.003385509 0.03483568 -0.01676 -0.003385509 0.02683568 -0.01272 -0.003385509 0.02683568 -0.01121 -0.003385509 0.01943568 -0.0160592 -0.003385509 0.01968368 -0.0158685 -0.003385509 0.01987468 -0.01562 -0.003385509 0.01767568 -0.0147094 -0.003385509 0.01763568 -0.01502 -0.003385509 0.01033568 -0.01676 -0.003385509 0.01767568 -0.0153306 -0.003385509 0.01999468 -0.0153306 -0.003385509 0.02003568 -0.01502 -0.003385509 0.01999468 -0.0147094 -0.003385509 0.01779568 -0.01562 -0.003385509 0.01798668 -0.0158685 -0.003385509 0.01823568 -0.0160592 -0.003385509 0.01987468 -0.01442 -0.003385509 0.01968368 -0.0141715 -0.003385509 0.01943568 -0.0139808 -0.003385509 0.01823568 -0.0139808 -0.003385509 0.01798668 -0.0141715 -0.003385509 0.01033568 -0.01272 -0.003385509 0.01779568 -0.01442 -0.003385509 0.01852468 -0.0161791 -0.003385509 0.01883568 -0.01622 -0.003385509 0.01914568 -0.0161791 -0.003385509 0.01914568 -0.0138609 -0.003385509 0.01883568 -0.01382 -0.003385509 0.01852468 -0.0138609 -0.003385509 0.001235677 -0.0139808 -0.003385509 0.0009866773 -0.0141715 -0.003385509 0.002435677 -0.0160592 -0.003385509 0.002683677 -0.0158685 -0.003385509 0.003035677 -0.01502 -0.003385509 0.002994677 -0.0147094 -0.003385509 0.002874677 -0.01442 -0.003385509 0.002683677 -0.0141715 -0.003385509 0.002435677 -0.0139808 -0.003385509 0.0007956773 -0.01442 -0.003385509 0.0006756773 -0.0147094 -0.003385509 0.0006356773 -0.01502 -0.003385509 0.0006756773 -0.0153306 -0.003385509 0.0007956773 -0.01562 -0.003385509 0.0009866773 -0.0158685 -0.003385509 0.001235677 -0.0160592 -0.003385509 0.002874677 -0.01562 -0.003385509 0.002994677 -0.0153306 -0.003385509 0.001524677 -0.0161791 -0.003385509 0.001835677 -0.01622 -0.003385509 0.002145677 -0.0161791 -0.003385509 0.002145677 -0.0138609 -0.003385509 0.001835677 -0.01382 -0.003385509 0.001524677 -0.0138609 -0.003385509 -0.006664323 -0.0173 -0.003385509 0.01033568 -0.0173 -0.003385509 0.02343568 -0.0173 -0.003385509 0.03483568 -0.0173 -0.003385509 -0.02026432 -0.0085 -0.003385509 -0.02030532 -0.0081894 -0.003385509 -0.02042532 -0.0079 -0.003385509 -0.02061632 -0.0076515 -0.003385509 -0.02086432 -0.0074608 -0.003385509 -0.02771432 -1.387779e-17 -0.003385509 -0.02206432 -0.0074608 -0.003385509 -0.02231332 -0.0076515 -0.003385509 -0.02771432 -0.01121 -0.003385509 -0.02262432 -0.0088106 -0.003385509 -0.02250432 -0.0091 -0.003385509 -0.02231332 -0.0093485 -0.003385509 -0.02206432 -0.0095392 -0.003385509 -0.02177532 -0.0096591 -0.003385509 -0.02250432 -0.0079 -0.003385509 -0.02262432 -0.0081894 -0.003385509 -0.02266432 -0.0085 -0.003385509 -0.02146432 -0.0097 -0.003385509 -0.02115432 -0.0096591 -0.003385509 -0.02086432 -0.0095392 -0.003385509 -0.02061632 -0.0093485 -0.003385509 -0.02042532 -0.0091 -0.003385509 -0.02030532 -0.0088106 -0.003385509 -0.02115432 -0.0073409 -0.003385509 -0.02146432 -0.0073 -0.003385509 -0.02177532 -0.0073409 -0.003385509 -0.02771432 0.01327 -0.003385509 -0.02266432 0.0085 -0.003385509 -0.02262432 0.0081894 -0.003385509 -0.02250432 0.0079 -0.003385509 -0.02231332 0.0076515 -0.003385509 -0.02206432 0.0074608 -0.003385509 -0.02177532 0.0073409 -0.003385509 -0.02146432 0.0073 -0.003385509 -0.02115432 0.0073409 -0.003385509 -0.02061632 0.0093485 -0.003385509 -0.02086432 0.0095392 -0.003385509 -0.02086432 0.0074608 -0.003385509 -0.02061632 0.0076515 -0.003385509 -0.02042532 0.0079 -0.003385509 -0.02042532 0.0091 -0.003385509 -0.02030532 0.0081894 -0.003385509 -0.02026432 0.0085 -0.003385509 -0.02030532 0.0088106 -0.003385509 -0.02115432 0.0096591 -0.003385509 -0.02146432 0.0097 -0.003385509 -0.02177532 0.0096591 -0.003385509 -0.02206432 0.0095392 -0.003385509 -0.02231332 0.0093485 -0.003385509 -0.02250432 0.0091 -0.003385509 -0.02262432 0.0088106 -0.003385509 0.02343568 0.0173 -0.003385509 0.03483568 0.0173 -0.003385509 0.01999468 0.0147094 -0.003385509 0.02003568 0.01502 -0.003385509 0.01999468 0.0153306 -0.003385509 0.01767568 0.0147094 -0.003385509 0.01779568 0.01442 -0.003385509 0.01798668 0.0141715 -0.003385509 0.01823568 0.0139808 -0.003385509 0.01033568 0.0173 -0.003385509 0.01767568 0.0153306 -0.003385509 0.01763568 0.01502 -0.003385509 0.01852468 0.0138609 -0.003385509 0.01883568 0.01382 -0.003385509 0.01914568 0.0138609 -0.003385509 0.01943568 0.0139808 -0.003385509 0.01987468 0.01562 -0.003385509 0.01968368 0.0158685 -0.003385509 0.01943568 0.0160592 -0.003385509 0.01968368 0.0141715 -0.003385509 0.01987468 0.01442 -0.003385509 0.01914568 0.0161791 -0.003385509 0.01883568 0.01622 -0.003385509 0.01852468 0.0161791 -0.003385509 0.01823568 0.0160592 -0.003385509 0.01798668 0.0158685 -0.003385509 0.01779568 0.01562 -0.003385509 0.001235677 0.0139808 -0.003385509 0.001524677 0.0138609 -0.003385509 0.001835677 0.01382 -0.003385509 0.002145677 0.0138609 -0.003385509 0.0006756773 0.0147094 -0.003385509 0.0007956773 0.01442 -0.003385509 0.0009866773 0.0141715 -0.003385509 0.002683677 0.0158685 -0.003385509 0.002435677 0.0160592 -0.003385509 0.002435677 0.0139808 -0.003385509 0.002683677 0.0141715 -0.003385509 0.002874677 0.01442 -0.003385509 0.002874677 0.01562 -0.003385509 0.002994677 0.0147094 -0.003385509 0.003035677 0.01502 -0.003385509 0.002994677 0.0153306 -0.003385509 0.002145677 0.0161791 -0.003385509 0.001835677 0.01622 -0.003385509 -0.006664323 0.0173 -0.003385509 0.001524677 0.0161791 -0.003385509 0.001235677 0.0160592 -0.003385509 0.0009866773 0.0158685 -0.003385509 0.0007956773 0.01562 -0.003385509 0.0006756773 0.0153306 -0.003385509 0.0006356773 0.01502 -0.003385509 -0.01632332 0.0153306 -0.003385509 -0.01636432 0.01502 -0.003385509 -0.01632332 0.0147094 -0.003385509 -0.01620432 0.01442 -0.003385509 -0.01601332 0.0141715 -0.003385509 -0.01576432 0.0139808 -0.003385509 -0.01485432 0.0138609 -0.003385509 -0.01516432 0.01382 -0.003385509 -0.01547532 0.0138609 -0.003385509 -0.01431632 0.0158685 -0.003385509 -0.01456432 0.0160592 -0.003385509 -0.01456432 0.0139808 -0.003385509 -0.01431632 0.0141715 -0.003385509 -0.01412532 0.01442 -0.003385509 -0.01412532 0.01562 -0.003385509 -0.01400532 0.0147094 -0.003385509 -0.01396432 0.01502 -0.003385509 -0.01400532 0.0153306 -0.003385509 -0.01485432 0.0161791 -0.003385509 -0.01516432 0.01622 -0.003385509 -0.01972432 0.0173 -0.003385509 -0.01547532 0.0161791 -0.003385509 -0.01576432 0.0160592 -0.003385509 -0.01601332 0.0158685 -0.003385509 -0.01620432 0.01562 -0.003385509 -0.02771432 0.0173 -0.003385509 -0.03276432 -0.01121 -0.003385509 -0.03276432 -1.387779e-17 -0.003385509 -0.03276432 0.01327 -0.003385509 -0.03276432 0.0173 -0.003385509 0.01763568 0.01502 -0.0006355089 0.01763568 0.01502 -0.003385509 0.01767568 0.0153306 -0.0006355089 0.01767568 0.0153306 -0.003385509 0.01779568 0.01562 -0.0006355089 0.01779568 0.01562 -0.003385509 0.01798668 0.0158685 -0.0006355089 0.01798668 0.0158685 -0.003385509 0.01823568 0.0160592 -0.0006355089 0.01823568 0.0160592 -0.003385509 0.01852468 0.0161791 -0.0006355089 0.01852468 0.0161791 -0.003385509 0.01883568 0.01622 -0.0006355089 0.01883568 0.01622 -0.003385509 0.01914568 0.0161791 -0.0006355089 0.01914568 0.0161791 -0.003385509 0.01943568 0.0160592 -0.0006355089 0.01943568 0.0160592 -0.003385509 0.01968368 0.0158685 -0.0006355089 0.01968368 0.0158685 -0.003385509 0.01987468 0.01562 -0.0006355089 0.01987468 0.01562 -0.003385509 0.01999468 0.0153306 -0.0006355089 0.01999468 0.0153306 -0.003385509 0.02003568 0.01502 -0.0006355089 0.02003568 0.01502 -0.003385509 0.01999468 0.0147094 -0.0006355089 0.01999468 0.0147094 -0.003385509 0.01987468 0.01442 -0.0006355089 0.01987468 0.01442 -0.003385509 0.01968368 0.0141715 -0.0006355089 0.01968368 0.0141715 -0.003385509 0.01943568 0.0139808 -0.0006355089 0.01943568 0.0139808 -0.003385509 0.01914568 0.0138609 -0.0006355089 0.01914568 0.0138609 -0.003385509 0.01883568 0.01382 -0.0006355089 0.01883568 0.01382 -0.003385509 0.01852468 0.0138609 -0.0006355089 0.01852468 0.0138609 -0.003385509 0.01823568 0.0139808 -0.0006355089 0.01823568 0.0139808 -0.003385509 0.01798668 0.0141715 -0.0006355089 0.01798668 0.0141715 -0.003385509 0.01779568 0.01442 -0.0006355089 0.01779568 0.01442 -0.003385509 0.01767568 0.0147094 -0.0006355089 0.01767568 0.0147094 -0.003385509 0.01763568 -0.01502 -0.0006355089 0.01763568 -0.01502 -0.003385509 0.01767568 -0.0147094 -0.0006355089 0.01767568 -0.0147094 -0.003385509 0.01779568 -0.01442 -0.0006355089 0.01779568 -0.01442 -0.003385509 0.01798668 -0.0141715 -0.0006355089 0.01798668 -0.0141715 -0.003385509 0.01823568 -0.0139808 -0.0006355089 0.01823568 -0.0139808 -0.003385509 0.01852468 -0.0138609 -0.0006355089 0.01852468 -0.0138609 -0.003385509 0.01883568 -0.01382 -0.0006355089 0.01883568 -0.01382 -0.003385509 0.01914568 -0.0138609 -0.0006355089 0.01914568 -0.0138609 -0.003385509 0.01943568 -0.0139808 -0.0006355089 0.01943568 -0.0139808 -0.003385509 0.01968368 -0.0141715 -0.0006355089 0.01968368 -0.0141715 -0.003385509 0.01987468 -0.01442 -0.0006355089 0.01987468 -0.01442 -0.003385509 0.01999468 -0.0147094 -0.0006355089 0.01999468 -0.0147094 -0.003385509 0.02003568 -0.01502 -0.0006355089 0.02003568 -0.01502 -0.003385509 0.01999468 -0.0153306 -0.0006355089 0.01999468 -0.0153306 -0.003385509 0.01987468 -0.01562 -0.0006355089 0.01987468 -0.01562 -0.003385509 0.01968368 -0.0158685 -0.0006355089 0.01968368 -0.0158685 -0.003385509 0.01943568 -0.0160592 -0.0006355089 0.01943568 -0.0160592 -0.003385509 0.01914568 -0.0161791 -0.0006355089 0.01914568 -0.0161791 -0.003385509 0.01883568 -0.01622 -0.0006355089 0.01883568 -0.01622 -0.003385509 0.01852468 -0.0161791 -0.0006355089 0.01852468 -0.0161791 -0.003385509 0.01823568 -0.0160592 -0.0006355089 0.01823568 -0.0160592 -0.003385509 0.01798668 -0.0158685 -0.0006355089 0.01798668 -0.0158685 -0.003385509 0.01779568 -0.01562 -0.0006355089 0.01779568 -0.01562 -0.003385509 0.01767568 -0.0153306 -0.0006355089 0.01767568 -0.0153306 -0.003385509 -0.01636432 -0.01502 -0.0006355089 -0.01636432 -0.01502 -0.003385509 -0.01632332 -0.0147094 -0.0006355089 -0.01632332 -0.0147094 -0.003385509 -0.01620432 -0.01442 -0.0006355089 -0.01620432 -0.01442 -0.003385509 -0.01601332 -0.0141715 -0.0006355089 -0.01601332 -0.0141715 -0.003385509 -0.01576432 -0.0139808 -0.0006355089 -0.01576432 -0.0139808 -0.003385509 -0.01547532 -0.0138609 -0.0006355089 -0.01547532 -0.0138609 -0.003385509 -0.01516432 -0.01382 -0.0006355089 -0.01516432 -0.01382 -0.003385509 -0.01485432 -0.0138609 -0.0006355089 -0.01485432 -0.0138609 -0.003385509 -0.01456432 -0.0139808 -0.0006355089 -0.01456432 -0.0139808 -0.003385509 -0.01431632 -0.0141715 -0.0006355089 -0.01431632 -0.0141715 -0.003385509 -0.01412532 -0.01442 -0.0006355089 -0.01412532 -0.01442 -0.003385509 -0.01400532 -0.0147094 -0.0006355089 -0.01400532 -0.0147094 -0.003385509 -0.01396432 -0.01502 -0.0006355089 -0.01396432 -0.01502 -0.003385509 -0.01400532 -0.0153306 -0.0006355089 -0.01400532 -0.0153306 -0.003385509 -0.01412532 -0.01562 -0.0006355089 -0.01412532 -0.01562 -0.003385509 -0.01431632 -0.0158685 -0.0006355089 -0.01431632 -0.0158685 -0.003385509 -0.01456432 -0.0160592 -0.0006355089 -0.01456432 -0.0160592 -0.003385509 -0.01485432 -0.0161791 -0.0006355089 -0.01485432 -0.0161791 -0.003385509 -0.01516432 -0.01622 -0.0006355089 -0.01516432 -0.01622 -0.003385509 -0.01547532 -0.0161791 -0.0006355089 -0.01547532 -0.0161791 -0.003385509 -0.01576432 -0.0160592 -0.0006355089 -0.01576432 -0.0160592 -0.003385509 -0.01601332 -0.0158685 -0.0006355089 -0.01601332 -0.0158685 -0.003385509 -0.01620432 -0.01562 -0.0006355089 -0.01620432 -0.01562 -0.003385509 -0.01632332 -0.0153306 -0.0006355089 -0.01632332 -0.0153306 -0.003385509 -0.02266432 -0.0085 -0.0006355089 -0.02266432 -0.0085 -0.003385509 -0.02262432 -0.0081894 -0.0006355089 -0.02262432 -0.0081894 -0.003385509 -0.02250432 -0.0079 -0.0006355089 -0.02250432 -0.0079 -0.003385509 -0.02231332 -0.0076515 -0.0006355089 -0.02231332 -0.0076515 -0.003385509 -0.02206432 -0.0074608 -0.0006355089 -0.02206432 -0.0074608 -0.003385509 -0.02177532 -0.0073409 -0.0006355089 -0.02177532 -0.0073409 -0.003385509 -0.02146432 -0.0073 -0.0006355089 -0.02146432 -0.0073 -0.003385509 -0.02115432 -0.0073409 -0.0006355089 -0.02115432 -0.0073409 -0.003385509 -0.02086432 -0.0074608 -0.0006355089 -0.02086432 -0.0074608 -0.003385509 -0.02061632 -0.0076515 -0.0006355089 -0.02061632 -0.0076515 -0.003385509 -0.02042532 -0.0079 -0.0006355089 -0.02042532 -0.0079 -0.003385509 -0.02030532 -0.0081894 -0.0006355089 -0.02030532 -0.0081894 -0.003385509 -0.02026432 -0.0085 -0.0006355089 -0.02026432 -0.0085 -0.003385509 -0.02030532 -0.0088106 -0.0006355089 -0.02030532 -0.0088106 -0.003385509 -0.02042532 -0.0091 -0.0006355089 -0.02042532 -0.0091 -0.003385509 -0.02061632 -0.0093485 -0.0006355089 -0.02061632 -0.0093485 -0.003385509 -0.02086432 -0.0095392 -0.0006355089 -0.02086432 -0.0095392 -0.003385509 -0.02115432 -0.0096591 -0.0006355089 -0.02115432 -0.0096591 -0.003385509 -0.02146432 -0.0097 -0.0006355089 -0.02146432 -0.0097 -0.003385509 -0.02177532 -0.0096591 -0.0006355089 -0.02177532 -0.0096591 -0.003385509 -0.02206432 -0.0095392 -0.0006355089 -0.02206432 -0.0095392 -0.003385509 -0.02231332 -0.0093485 -0.0006355089 -0.02231332 -0.0093485 -0.003385509 -0.02250432 -0.0091 -0.0006355089 -0.02250432 -0.0091 -0.003385509 -0.02262432 -0.0088106 -0.0006355089 -0.02262432 -0.0088106 -0.003385509 -0.01636432 0.01502 -0.0006355089 -0.01636432 0.01502 -0.003385509 -0.01632332 0.0153306 -0.0006355089 -0.01632332 0.0153306 -0.003385509 -0.01620432 0.01562 -0.0006355089 -0.01620432 0.01562 -0.003385509 -0.01601332 0.0158685 -0.0006355089 -0.01601332 0.0158685 -0.003385509 -0.01576432 0.0160592 -0.0006355089 -0.01576432 0.0160592 -0.003385509 -0.01547532 0.0161791 -0.0006355089 -0.01547532 0.0161791 -0.003385509 -0.01516432 0.01622 -0.0006355089 -0.01516432 0.01622 -0.003385509 -0.01485432 0.0161791 -0.0006355089 -0.01485432 0.0161791 -0.003385509 -0.01456432 0.0160592 -0.0006355089 -0.01456432 0.0160592 -0.003385509 -0.01431632 0.0158685 -0.0006355089 -0.01431632 0.0158685 -0.003385509 -0.01412532 0.01562 -0.0006355089 -0.01412532 0.01562 -0.003385509 -0.01400532 0.0153306 -0.0006355089 -0.01400532 0.0153306 -0.003385509 -0.01396432 0.01502 -0.0006355089 -0.01396432 0.01502 -0.003385509 -0.01400532 0.0147094 -0.0006355089 -0.01400532 0.0147094 -0.003385509 -0.01412532 0.01442 -0.0006355089 -0.01412532 0.01442 -0.003385509 -0.01431632 0.0141715 -0.0006355089 -0.01431632 0.0141715 -0.003385509 -0.01456432 0.0139808 -0.0006355089 -0.01456432 0.0139808 -0.003385509 -0.01485432 0.0138609 -0.0006355089 -0.01485432 0.0138609 -0.003385509 -0.01516432 0.01382 -0.0006355089 -0.01516432 0.01382 -0.003385509 -0.01547532 0.0138609 -0.0006355089 -0.01547532 0.0138609 -0.003385509 -0.01576432 0.0139808 -0.0006355089 -0.01576432 0.0139808 -0.003385509 -0.01601332 0.0141715 -0.0006355089 -0.01601332 0.0141715 -0.003385509 -0.01620432 0.01442 -0.0006355089 -0.01620432 0.01442 -0.003385509 -0.01632332 0.0147094 -0.0006355089 -0.01632332 0.0147094 -0.003385509 -0.02266432 0.0085 -0.0006355089 -0.02266432 0.0085 -0.003385509 -0.02262432 0.0088106 -0.0006355089 -0.02262432 0.0088106 -0.003385509 -0.02250432 0.0091 -0.0006355089 -0.02250432 0.0091 -0.003385509 -0.02231332 0.0093485 -0.0006355089 -0.02231332 0.0093485 -0.003385509 -0.02206432 0.0095392 -0.0006355089 -0.02206432 0.0095392 -0.003385509 -0.02177532 0.0096591 -0.0006355089 -0.02177532 0.0096591 -0.003385509 -0.02146432 0.0097 -0.0006355089 -0.02146432 0.0097 -0.003385509 -0.02115432 0.0096591 -0.0006355089 -0.02115432 0.0096591 -0.003385509 -0.02086432 0.0095392 -0.0006355089 -0.02086432 0.0095392 -0.003385509 -0.02061632 0.0093485 -0.0006355089 -0.02061632 0.0093485 -0.003385509 -0.02042532 0.0091 -0.0006355089 -0.02042532 0.0091 -0.003385509 -0.02030532 0.0088106 -0.0006355089 -0.02030532 0.0088106 -0.003385509 -0.02026432 0.0085 -0.0006355089 -0.02026432 0.0085 -0.003385509 -0.02030532 0.0081894 -0.0006355089 -0.02030532 0.0081894 -0.003385509 -0.02042532 0.0079 -0.0006355089 -0.02042532 0.0079 -0.003385509 -0.02061632 0.0076515 -0.0006355089 -0.02061632 0.0076515 -0.003385509 -0.02086432 0.0074608 -0.0006355089 -0.02086432 0.0074608 -0.003385509 -0.02115432 0.0073409 -0.0006355089 -0.02115432 0.0073409 -0.003385509 -0.02146432 0.0073 -0.0006355089 -0.02146432 0.0073 -0.003385509 -0.02177532 0.0073409 -0.0006355089 -0.02177532 0.0073409 -0.003385509 -0.02206432 0.0074608 -0.0006355089 -0.02206432 0.0074608 -0.003385509 -0.02231332 0.0076515 -0.0006355089 -0.02231332 0.0076515 -0.003385509 -0.02250432 0.0079 -0.0006355089 -0.02250432 0.0079 -0.003385509 -0.02262432 0.0081894 -0.0006355089 -0.02262432 0.0081894 -0.003385509 0.0006356773 -0.01502 -0.0006355089 0.0006356773 -0.01502 -0.003385509 0.0006756773 -0.0147094 -0.0006355089 0.0006756773 -0.0147094 -0.003385509 0.0007956773 -0.01442 -0.0006355089 0.0007956773 -0.01442 -0.003385509 0.0009866773 -0.0141715 -0.0006355089 0.0009866773 -0.0141715 -0.003385509 0.001235677 -0.0139808 -0.0006355089 0.001235677 -0.0139808 -0.003385509 0.001524677 -0.0138609 -0.0006355089 0.001524677 -0.0138609 -0.003385509 0.001835677 -0.01382 -0.0006355089 0.001835677 -0.01382 -0.003385509 0.002145677 -0.0138609 -0.0006355089 0.002145677 -0.0138609 -0.003385509 0.002435677 -0.0139808 -0.0006355089 0.002435677 -0.0139808 -0.003385509 0.002683677 -0.0141715 -0.0006355089 0.002683677 -0.0141715 -0.003385509 0.002874677 -0.01442 -0.0006355089 0.002874677 -0.01442 -0.003385509 0.002994677 -0.0147094 -0.0006355089 0.002994677 -0.0147094 -0.003385509 0.003035677 -0.01502 -0.0006355089 0.003035677 -0.01502 -0.003385509 0.002994677 -0.0153306 -0.0006355089 0.002994677 -0.0153306 -0.003385509 0.002874677 -0.01562 -0.0006355089 0.002874677 -0.01562 -0.003385509 0.002683677 -0.0158685 -0.0006355089 0.002683677 -0.0158685 -0.003385509 0.002435677 -0.0160592 -0.0006355089 0.002435677 -0.0160592 -0.003385509 0.002145677 -0.0161791 -0.0006355089 0.002145677 -0.0161791 -0.003385509 0.001835677 -0.01622 -0.0006355089 0.001835677 -0.01622 -0.003385509 0.001524677 -0.0161791 -0.0006355089 0.001524677 -0.0161791 -0.003385509 0.001235677 -0.0160592 -0.0006355089 0.001235677 -0.0160592 -0.003385509 0.0009866773 -0.0158685 -0.0006355089 0.0009866773 -0.0158685 -0.003385509 0.0007956773 -0.01562 -0.0006355089 0.0007956773 -0.01562 -0.003385509 0.0006756773 -0.0153306 -0.0006355089 0.0006756773 -0.0153306 -0.003385509 0.0006356773 0.01502 -0.0006355089 0.0006356773 0.01502 -0.003385509 0.0006756773 0.0153306 -0.0006355089 0.0006756773 0.0153306 -0.003385509 0.0007956773 0.01562 -0.0006355089 0.0007956773 0.01562 -0.003385509 0.0009866773 0.0158685 -0.0006355089 0.0009866773 0.0158685 -0.003385509 0.001235677 0.0160592 -0.0006355089 0.001235677 0.0160592 -0.003385509 0.001524677 0.0161791 -0.0006355089 0.001524677 0.0161791 -0.003385509 0.001835677 0.01622 -0.0006355089 0.001835677 0.01622 -0.003385509 0.002145677 0.0161791 -0.0006355089 0.002145677 0.0161791 -0.003385509 0.002435677 0.0160592 -0.0006355089 0.002435677 0.0160592 -0.003385509 0.002683677 0.0158685 -0.0006355089 0.002683677 0.0158685 -0.003385509 0.002874677 0.01562 -0.0006355089 0.002874677 0.01562 -0.003385509 0.002994677 0.0153306 -0.0006355089 0.002994677 0.0153306 -0.003385509 0.003035677 0.01502 -0.0006355089 0.003035677 0.01502 -0.003385509 0.002994677 0.0147094 -0.0006355089 0.002994677 0.0147094 -0.003385509 0.002874677 0.01442 -0.0006355089 0.002874677 0.01442 -0.003385509 0.002683677 0.0141715 -0.0006355089 0.002683677 0.0141715 -0.003385509 0.002435677 0.0139808 -0.0006355089 0.002435677 0.0139808 -0.003385509 0.002145677 0.0138609 -0.0006355089 0.002145677 0.0138609 -0.003385509 0.001835677 0.01382 -0.0006355089 0.001835677 0.01382 -0.003385509 0.001524677 0.0138609 -0.0006355089 0.001524677 0.0138609 -0.003385509 0.001235677 0.0139808 -0.0006355089 0.001235677 0.0139808 -0.003385509 0.0009866773 0.0141715 -0.0006355089 0.0009866773 0.0141715 -0.003385509 0.0007956773 0.01442 -0.0006355089 0.0007956773 0.01442 -0.003385509 0.0006756773 0.0147094 -0.0006355089 0.0006756773 0.0147094 -0.003385509 0.04433528 -0.0178 0.0006144911 0.04433528 -0.0178 0.003614491 0.02683568 -0.0178 0.0006144911 0.02683568 -0.0178 0.003614491 -0.02476432 -0.0178 0.003614491 -0.04226432 -0.0178 0.003614491 -0.02476432 -0.0178 0.0006144911 -0.04226432 -0.0178 0.0006144911 0.02683568 -0.01121 -0.003385509 0.02683568 -0.01272 -0.003385509 0.02683568 -0.01272 -0.0006355089 0.02683568 -0.0178 0.003614491 0.02683568 0.0178 0.003614491 0.02683568 0.0173 0.0006144911 0.02683568 0.0178 0.0006144911 0.02683568 0.0173 -0.0006355089 0.02683568 0.01272 -0.0006355089 0.02683568 -0.01676 -0.0006355089 0.02683568 -0.0173 -0.0006355089 0.02683568 -0.0173 0.0006144911 0.02683568 -1.387779e-17 -0.003385509 0.02683568 -0.0178 0.0006144911 0.02683568 0.01272 -0.003385509 0.02683568 -0.01502 -0.0006355089 -0.01831432 0.01272 -0.0006355089 -0.01918432 0.01272 -0.0006355089 -0.01918432 0.01272 -0.003385509 -0.006664323 0.01272 -0.0006355089 -0.006664323 0.01272 -0.003385509 0.01033568 0.01272 -0.0006355089 0.01033568 0.01272 -0.003385509 0.02683568 0.01272 -0.0006355089 0.02343568 0.01272 -0.003385509 0.02683568 0.01272 -0.003385509 -0.01918432 0.01272 -0.003385509 -0.01918432 0.01272 -0.0006355089 -0.01918432 0.01176 -0.0006355089 -0.01918432 -1.387779e-17 -0.003385509 -0.01918432 -1.387779e-17 -0.0006355089 -0.01918432 -0.01121 -0.003385509 -0.01918432 -0.01272 -0.0006355089 -0.01918432 -0.01272 -0.003385509 0.02683568 -0.01272 -0.0006355089 0.02683568 -0.01272 -0.003385509 0.02343568 -0.01272 -0.003385509 0.01033568 -0.01272 -0.0006355089 0.01033568 -0.01272 -0.003385509 -0.006664323 -0.01272 -0.0006355089 -0.006664323 -0.01272 -0.003385509 -0.01831432 -0.01272 -0.0006355089 -0.01918432 -0.01272 -0.003385509 -0.01918432 -0.01272 -0.0006355089 -0.02476432 0.0178 0.0006144911 -0.02476432 0.0178 0.003614491 -0.02476432 0.0173 0.0006144911 -0.02476432 -0.0178 0.003614491 -0.02476432 -0.0173 0.0006144911 -0.02476432 -0.0178 0.0006144911 -0.02476432 -0.0173 -0.0006355089 -0.02476432 -0.01676 -0.0006355089 -0.02476432 -0.01502 -0.0006355089 -0.02476432 -1.387779e-17 -0.0006355089 -0.02476432 0.01176 -0.0006355089 -0.02476432 0.0173 -0.0006355089 0.02683568 0.0178 0.003614491 0.03838638 0.0118318 0.003614491 0.03833528 0.01222 0.003614491 0.03838638 0.0126082 0.003614491 0.03853628 0.01297 0.003614491 0.03877458 0.0132807 0.003614491 0.04089598 0.0010607 0.003614491 0.04113428 0.00075 0.003614491 0.04433528 0.0178 0.003614491 0.04128418 0.0003882 0.003614491 0.04022348 0.0136689 0.003614491 0.04058528 0.013519 0.003614491 0.04089598 0.0132807 0.003614491 0.04113428 0.01297 0.003614491 0.03877458 0.0010607 0.003614491 0.03908528 0.001299 0.003614491 0.04128418 0.0118318 0.003614491 0.03944708 0.0014489 0.003614491 0.04133528 -1.387779e-17 0.003614491 0.04128418 -0.0003882 0.003614491 0.04128418 -0.0118318 0.003614491 0.03908528 0.013519 0.003614491 0.03944708 0.0136689 0.003614491 0.03983528 0.01372 0.003614491 0.04128418 -0.0126082 0.003614491 0.04113428 -0.01297 0.003614491 0.04433528 -0.0178 0.003614491 0.04089598 -0.0132807 0.003614491 0.04058528 -0.013519 0.003614491 0.02683568 -0.0178 0.003614491 0.03908528 -0.013519 0.003614491 0.03877458 -0.0132807 0.003614491 0.04133528 -0.01222 0.003614491 0.04128418 0.0126082 0.003614491 0.04133528 0.01222 0.003614491 0.03853628 -0.01297 0.003614491 0.03838638 -0.0126082 0.003614491 0.03833528 -0.01222 0.003614491 0.03983528 0.0015 0.003614491 0.04022348 0.0014489 0.003614491 0.04058528 0.001299 0.003614491 0.04022348 -0.0136689 0.003614491 0.03983528 -0.01372 0.003614491 0.03944708 -0.0136689 0.003614491 0.04113428 -0.00075 0.003614491 0.04089598 -0.0010607 0.003614491 0.04113428 -0.01147 0.003614491 0.03908528 -0.001299 0.003614491 0.03877458 -0.0010607 0.003614491 0.03853628 -0.00075 0.003614491 0.04113428 0.01147 0.003614491 0.03838638 0.0003882 0.003614491 0.03853628 0.00075 0.003614491 0.04089598 0.0111593 0.003614491 0.04058528 0.010921 0.003614491 0.04022348 0.0107711 0.003614491 0.03944708 -0.0014489 0.003614491 0.03944708 -0.0107711 0.003614491 0.03908528 -0.010921 0.003614491 0.03853628 0.01147 0.003614491 0.03877458 0.0111593 0.003614491 0.03838638 -0.0118318 0.003614491 0.03853628 -0.01147 0.003614491 0.03877458 -0.0111593 0.003614491 0.03838638 -0.0003882 0.003614491 0.03833528 -1.387779e-17 0.003614491 0.03983528 -0.0015 0.003614491 0.03983528 -0.01072 0.003614491 0.04022348 -0.0014489 0.003614491 0.04022348 -0.0107711 0.003614491 0.04058528 -0.001299 0.003614491 0.04058528 -0.010921 0.003614491 0.04089598 -0.0111593 0.003614491 0.03983528 0.01072 0.003614491 0.03944708 0.0107711 0.003614491 0.03908528 0.010921 0.003614491 -0.03631632 0.0126082 0.003614491 -0.03626432 0.01222 0.003614491 -0.02476432 0.0178 0.003614491 -0.03737632 0.0136689 0.003614491 -0.03701432 0.013519 0.003614491 -0.03906332 -0.01147 0.003614491 -0.03882532 -0.0111593 0.003614491 -0.03670432 -0.0010607 0.003614491 -0.03670432 0.0132807 0.003614491 -0.03646532 0.01297 0.003614491 -0.03646532 -0.00075 0.003614491 -0.03815332 0.0107711 0.003614491 -0.03851432 0.010921 0.003614491 -0.04226432 -0.0178 0.003614491 -0.03882532 0.0111593 0.003614491 -0.04226432 0.0178 0.003614491 -0.03921332 0.0126082 0.003614491 -0.03906332 0.01297 0.003614491 -0.03776432 0.01372 0.003614491 -0.03815332 0.0136689 0.003614491 -0.03906332 0.01147 0.003614491 -0.03921332 0.0118318 0.003614491 -0.03926432 0.01222 0.003614491 -0.03882532 0.0132807 0.003614491 -0.03851432 0.013519 0.003614491 -0.03906332 0.00075 0.003614491 -0.03882532 0.0010607 0.003614491 -0.03701432 0.010921 0.003614491 -0.03851432 0.001299 0.003614491 -0.03631632 -0.0003882 0.003614491 -0.03851432 -0.010921 0.003614491 -0.03815332 -0.0107711 0.003614491 -0.03626432 -0.01222 0.003614491 -0.03631632 -0.0126082 0.003614491 -0.02476432 -0.0178 0.003614491 -0.03646532 -0.01297 0.003614491 -0.03670432 -0.0132807 0.003614491 -0.03670432 0.0010607 0.003614491 -0.03646532 0.00075 0.003614491 -0.03631632 0.0003882 0.003614491 -0.03626432 -1.387779e-17 0.003614491 -0.03921332 -0.0003882 0.003614491 -0.03906332 -0.00075 0.003614491 -0.03882532 -0.0010607 0.003614491 -0.03815332 0.0014489 0.003614491 -0.03776432 0.0015 0.003614491 -0.03670432 0.0111593 0.003614491 -0.03737632 0.0014489 0.003614491 -0.03631632 0.0118318 0.003614491 -0.03646532 0.01147 0.003614491 -0.03701432 0.001299 0.003614491 -0.03776432 -0.01072 0.003614491 -0.03737632 -0.0107711 0.003614491 -0.03701432 -0.010921 0.003614491 -0.03670432 -0.0111593 0.003614491 -0.03646532 -0.01147 0.003614491 -0.03631632 -0.0118318 0.003614491 -0.03921332 -0.0118318 0.003614491 -0.03701432 -0.001299 0.003614491 -0.03737632 -0.0014489 0.003614491 -0.03921332 0.0003882 0.003614491 -0.03737632 0.0107711 0.003614491 -0.03776432 0.01072 0.003614491 -0.03906332 -0.01297 0.003614491 -0.03921332 -0.0126082 0.003614491 -0.03926432 -0.01222 0.003614491 -0.03815332 -0.0136689 0.003614491 -0.03851432 -0.013519 0.003614491 -0.03882532 -0.0132807 0.003614491 -0.03776432 -0.0015 0.003614491 -0.03815332 -0.0014489 0.003614491 -0.03851432 -0.001299 0.003614491 -0.03701432 -0.013519 0.003614491 -0.03737632 -0.0136689 0.003614491 -0.03776432 -0.01372 0.003614491 -0.03926432 -1.387779e-17 0.003614491 -0.04226432 -0.0178 0.0006144911 -0.04226432 -0.0178 0.003614491 -0.04226432 0.0178 0.0006144911 -0.04226432 0.0178 0.003614491 -0.03921332 0.0126082 0.0006144911 -0.03926432 0.01222 0.0006144911 -0.04226432 0.0178 0.0006144911 -0.02476432 -0.0173 0.0006144911 -0.02476432 -0.0178 0.0006144911 -0.03276432 -0.0173 0.0006144911 -0.04226432 -0.0178 0.0006144911 -0.02476432 0.0178 0.0006144911 -0.03276432 0.0173 0.0006144911 -0.02476432 0.0173 0.0006144911 -0.03815332 0.0136689 0.0006144911 -0.03851432 0.013519 0.0006144911 -0.03926432 -1.387779e-17 0.0006144911 -0.03921332 0.0118318 0.0006144911 -0.03906332 0.01147 0.0006144911 -0.03646532 -0.01147 0.0006144911 -0.03670432 -0.0111593 0.0006144911 -0.03670432 -0.0010607 0.0006144911 -0.03882532 0.0111593 0.0006144911 -0.03851432 0.010921 0.0006144911 -0.03921332 0.0003882 0.0006144911 -0.03906332 0.00075 0.0006144911 -0.03646532 0.01147 0.0006144911 -0.03631632 0.0118318 0.0006144911 -0.03626432 0.01222 0.0006144911 -0.03646532 0.00075 0.0006144911 -0.03670432 0.0010607 0.0006144911 -0.03701432 0.010921 0.0006144911 -0.03737632 0.0107711 0.0006144911 -0.03646532 -0.00075 0.0006144911 -0.03631632 -0.0003882 0.0006144911 -0.03626432 -1.387779e-17 0.0006144911 -0.03670432 0.0111593 0.0006144911 -0.03631632 0.0126082 0.0006144911 -0.03646532 0.01297 0.0006144911 -0.03670432 0.0132807 0.0006144911 -0.03882532 0.0132807 0.0006144911 -0.03906332 0.01297 0.0006144911 -0.03631632 0.0003882 0.0006144911 -0.03882532 0.0010607 0.0006144911 -0.03815332 0.0107711 0.0006144911 -0.03851432 0.001299 0.0006144911 -0.03701432 -0.013519 0.0006144911 -0.03670432 -0.0132807 0.0006144911 -0.03631632 -0.0118318 0.0006144911 -0.03626432 -0.01222 0.0006144911 -0.03882532 -0.0111593 0.0006144911 -0.03906332 -0.01147 0.0006144911 -0.03921332 -0.0118318 0.0006144911 -0.03926432 -0.01222 0.0006144911 -0.03921332 -0.0126082 0.0006144911 -0.03701432 0.013519 0.0006144911 -0.03737632 0.0136689 0.0006144911 -0.03776432 0.01372 0.0006144911 -0.03646532 -0.01297 0.0006144911 -0.03631632 -0.0126082 0.0006144911 -0.03921332 -0.0003882 0.0006144911 -0.03906332 -0.00075 0.0006144911 -0.03701432 0.001299 0.0006144911 -0.03737632 0.0014489 0.0006144911 -0.03776432 0.01072 0.0006144911 -0.03776432 0.0015 0.0006144911 -0.03815332 0.0014489 0.0006144911 -0.03882532 -0.0010607 0.0006144911 -0.03851432 -0.001299 0.0006144911 -0.03851432 -0.010921 0.0006144911 -0.03701432 -0.010921 0.0006144911 -0.03737632 -0.0107711 0.0006144911 -0.03701432 -0.001299 0.0006144911 -0.03906332 -0.01297 0.0006144911 -0.03882532 -0.0132807 0.0006144911 -0.03851432 -0.013519 0.0006144911 -0.03815332 -0.0107711 0.0006144911 -0.03815332 -0.0014489 0.0006144911 -0.03776432 -0.01072 0.0006144911 -0.03776432 -0.0015 0.0006144911 -0.03737632 -0.0014489 0.0006144911 -0.03815332 -0.0136689 0.0006144911 -0.03776432 -0.01372 0.0006144911 -0.03737632 -0.0136689 0.0006144911 0.04433528 -0.0178 0.0006144911 0.02683568 -0.0178 0.0006144911 0.03483568 -0.0173 0.0006144911 0.02683568 -0.0173 0.0006144911 0.02683568 0.0173 0.0006144911 0.02683568 0.0178 0.0006144911 0.03483568 0.0173 0.0006144911 0.04433528 0.0178 0.0006144911 0.03833528 0.01222 0.0006144911 0.03838638 0.0118318 0.0006144911 0.03944708 0.0014489 0.0006144911 0.03908528 0.001299 0.0006144911 0.03877458 0.0010607 0.0006144911 0.03853628 0.00075 0.0006144911 0.04022348 -0.0136689 0.0006144911 0.04058528 -0.013519 0.0006144911 0.03908528 0.013519 0.0006144911 0.03877458 0.0132807 0.0006144911 0.04089598 0.0010607 0.0006144911 0.04058528 0.001299 0.0006144911 0.04128418 0.0126082 0.0006144911 0.04113428 0.01297 0.0006144911 0.04089598 0.0132807 0.0006144911 0.04058528 0.013519 0.0006144911 0.03853628 0.01297 0.0006144911 0.03838638 0.0126082 0.0006144911 0.04022348 0.0014489 0.0006144911 0.03983528 0.0015 0.0006144911 0.03877458 -0.0132807 0.0006144911 0.03853628 -0.01297 0.0006144911 0.03838638 -0.0126082 0.0006144911 0.03908528 -0.013519 0.0006144911 0.03944708 -0.0136689 0.0006144911 0.03983528 -0.01372 0.0006144911 0.04089598 -0.0132807 0.0006144911 0.04113428 -0.01297 0.0006144911 0.04128418 -0.0126082 0.0006144911 0.04113428 0.00075 0.0006144911 0.04128418 0.0003882 0.0006144911 0.03853628 0.01147 0.0006144911 0.03877458 0.0111593 0.0006144911 0.04022348 0.0107711 0.0006144911 0.04058528 0.010921 0.0006144911 0.04089598 0.0111593 0.0006144911 0.03877458 -0.0010607 0.0006144911 0.03908528 -0.001299 0.0006144911 0.04113428 0.01147 0.0006144911 0.04128418 0.0118318 0.0006144911 0.04133528 0.01222 0.0006144911 0.04022348 0.0136689 0.0006144911 0.03983528 0.01372 0.0006144911 0.03944708 0.0136689 0.0006144911 0.03853628 -0.00075 0.0006144911 0.04089598 -0.0111593 0.0006144911 0.04058528 -0.010921 0.0006144911 0.04128418 -0.0003882 0.0006144911 0.03838638 0.0003882 0.0006144911 0.03833528 -1.387779e-17 0.0006144911 0.03838638 -0.0003882 0.0006144911 0.04113428 -0.00075 0.0006144911 0.03908528 0.010921 0.0006144911 0.03944708 0.0107711 0.0006144911 0.03983528 0.01072 0.0006144911 0.04133528 -0.01222 0.0006144911 0.04128418 -0.0118318 0.0006144911 0.04113428 -0.01147 0.0006144911 0.03908528 -0.010921 0.0006144911 0.03877458 -0.0111593 0.0006144911 0.04133528 -1.387779e-17 0.0006144911 0.04089598 -0.0010607 0.0006144911 0.04022348 -0.0107711 0.0006144911 0.04058528 -0.001299 0.0006144911 0.03853628 -0.01147 0.0006144911 0.03838638 -0.0118318 0.0006144911 0.03833528 -0.01222 0.0006144911 0.03944708 -0.0107711 0.0006144911 0.03944708 -0.0014489 0.0006144911 0.03983528 -0.01072 0.0006144911 0.03983528 -0.0015 0.0006144911 0.04022348 -0.0014489 0.0006144911 0.04433528 0.0178 0.0006144911 0.04433528 0.0178 0.003614491 0.04433528 -0.0178 0.0006144911 0.04433528 -0.0178 0.003614491 0.03833528 0.01222 0.003614491 0.03833528 0.01222 0.0006144911 0.03838638 0.0126082 0.003614491 0.03838638 0.0126082 0.0006144911 0.03853628 0.01297 0.003614491 0.03853628 0.01297 0.0006144911 0.03877458 0.0132807 0.003614491 0.03877458 0.0132807 0.0006144911 0.03908528 0.013519 0.003614491 0.03908528 0.013519 0.0006144911 0.03944708 0.0136689 0.003614491 0.03944708 0.0136689 0.0006144911 0.03983528 0.01372 0.003614491 0.03983528 0.01372 0.0006144911 0.04022348 0.0136689 0.003614491 0.04022348 0.0136689 0.0006144911 0.04058528 0.013519 0.003614491 0.04058528 0.013519 0.0006144911 0.04089598 0.0132807 0.003614491 0.04089598 0.0132807 0.0006144911 0.04113428 0.01297 0.003614491 0.04113428 0.01297 0.0006144911 0.04128418 0.0126082 0.003614491 0.04128418 0.0126082 0.0006144911 0.04133528 0.01222 0.003614491 0.04133528 0.01222 0.0006144911 0.04128418 0.0118318 0.003614491 0.04128418 0.0118318 0.0006144911 0.04113428 0.01147 0.003614491 0.04113428 0.01147 0.0006144911 0.04089598 0.0111593 0.003614491 0.04089598 0.0111593 0.0006144911 0.04058528 0.010921 0.003614491 0.04058528 0.010921 0.0006144911 0.04022348 0.0107711 0.003614491 0.04022348 0.0107711 0.0006144911 0.03983528 0.01072 0.003614491 0.03983528 0.01072 0.0006144911 0.03944708 0.0107711 0.003614491 0.03944708 0.0107711 0.0006144911 0.03908528 0.010921 0.003614491 0.03908528 0.010921 0.0006144911 0.03877458 0.0111593 0.003614491 0.03877458 0.0111593 0.0006144911 0.03853628 0.01147 0.003614491 0.03853628 0.01147 0.0006144911 0.03838638 0.0118318 0.003614491 0.03838638 0.0118318 0.0006144911 0.03833528 -1.387779e-17 0.003614491 0.03833528 -1.387779e-17 0.0006144911 0.03838638 0.0003882 0.003614491 0.03838638 0.0003882 0.0006144911 0.03853628 0.00075 0.003614491 0.03853628 0.00075 0.0006144911 0.03877458 0.0010607 0.003614491 0.03877458 0.0010607 0.0006144911 0.03908528 0.001299 0.003614491 0.03908528 0.001299 0.0006144911 0.03944708 0.0014489 0.003614491 0.03944708 0.0014489 0.0006144911 0.03983528 0.0015 0.003614491 0.03983528 0.0015 0.0006144911 0.04022348 0.0014489 0.003614491 0.04022348 0.0014489 0.0006144911 0.04058528 0.001299 0.003614491 0.04058528 0.001299 0.0006144911 0.04089598 0.0010607 0.003614491 0.04089598 0.0010607 0.0006144911 0.04113428 0.00075 0.003614491 0.04113428 0.00075 0.0006144911 0.04128418 0.0003882 0.003614491 0.04128418 0.0003882 0.0006144911 0.04133528 -1.387779e-17 0.003614491 0.04133528 -1.387779e-17 0.0006144911 0.04128418 -0.0003882 0.003614491 0.04128418 -0.0003882 0.0006144911 0.04113428 -0.00075 0.003614491 0.04113428 -0.00075 0.0006144911 0.04089598 -0.0010607 0.003614491 0.04089598 -0.0010607 0.0006144911 0.04058528 -0.001299 0.003614491 0.04058528 -0.001299 0.0006144911 0.04022348 -0.0014489 0.003614491 0.04022348 -0.0014489 0.0006144911 0.03983528 -0.0015 0.003614491 0.03983528 -0.0015 0.0006144911 0.03944708 -0.0014489 0.003614491 0.03944708 -0.0014489 0.0006144911 0.03908528 -0.001299 0.003614491 0.03908528 -0.001299 0.0006144911 0.03877458 -0.0010607 0.003614491 0.03877458 -0.0010607 0.0006144911 0.03853628 -0.00075 0.003614491 0.03853628 -0.00075 0.0006144911 0.03838638 -0.0003882 0.003614491 0.03838638 -0.0003882 0.0006144911 0.03833528 -0.01222 0.003614491 0.03833528 -0.01222 0.0006144911 0.03838638 -0.0118318 0.003614491 0.03838638 -0.0118318 0.0006144911 0.03853628 -0.01147 0.003614491 0.03853628 -0.01147 0.0006144911 0.03877458 -0.0111593 0.003614491 0.03877458 -0.0111593 0.0006144911 0.03908528 -0.010921 0.003614491 0.03908528 -0.010921 0.0006144911 0.03944708 -0.0107711 0.003614491 0.03944708 -0.0107711 0.0006144911 0.03983528 -0.01072 0.003614491 0.03983528 -0.01072 0.0006144911 0.04022348 -0.0107711 0.003614491 0.04022348 -0.0107711 0.0006144911 0.04058528 -0.010921 0.003614491 0.04058528 -0.010921 0.0006144911 0.04089598 -0.0111593 0.003614491 0.04089598 -0.0111593 0.0006144911 0.04113428 -0.01147 0.003614491 0.04113428 -0.01147 0.0006144911 0.04128418 -0.0118318 0.003614491 0.04128418 -0.0118318 0.0006144911 0.04133528 -0.01222 0.003614491 0.04133528 -0.01222 0.0006144911 0.04128418 -0.0126082 0.003614491 0.04128418 -0.0126082 0.0006144911 0.04113428 -0.01297 0.003614491 0.04113428 -0.01297 0.0006144911 0.04089598 -0.0132807 0.003614491 0.04089598 -0.0132807 0.0006144911 0.04058528 -0.013519 0.003614491 0.04058528 -0.013519 0.0006144911 0.04022348 -0.0136689 0.003614491 0.04022348 -0.0136689 0.0006144911 0.03983528 -0.01372 0.003614491 0.03983528 -0.01372 0.0006144911 0.03944708 -0.0136689 0.003614491 0.03944708 -0.0136689 0.0006144911 0.03908528 -0.013519 0.003614491 0.03908528 -0.013519 0.0006144911 0.03877458 -0.0132807 0.003614491 0.03877458 -0.0132807 0.0006144911 0.03853628 -0.01297 0.003614491 0.03853628 -0.01297 0.0006144911 0.03838638 -0.0126082 0.003614491 0.03838638 -0.0126082 0.0006144911 -0.03926432 0.01222 0.003614491 -0.03926432 0.01222 0.0006144911 -0.03921332 0.0126082 0.003614491 -0.03921332 0.0126082 0.0006144911 -0.03906332 0.01297 0.003614491 -0.03906332 0.01297 0.0006144911 -0.03882532 0.0132807 0.003614491 -0.03882532 0.0132807 0.0006144911 -0.03851432 0.013519 0.003614491 -0.03851432 0.013519 0.0006144911 -0.03815332 0.0136689 0.003614491 -0.03815332 0.0136689 0.0006144911 -0.03776432 0.01372 0.003614491 -0.03776432 0.01372 0.0006144911 -0.03737632 0.0136689 0.003614491 -0.03737632 0.0136689 0.0006144911 -0.03701432 0.013519 0.003614491 -0.03701432 0.013519 0.0006144911 -0.03670432 0.0132807 0.003614491 -0.03670432 0.0132807 0.0006144911 -0.03646532 0.01297 0.003614491 -0.03646532 0.01297 0.0006144911 -0.03631632 0.0126082 0.003614491 -0.03631632 0.0126082 0.0006144911 -0.03626432 0.01222 0.003614491 -0.03626432 0.01222 0.0006144911 -0.03631632 0.0118318 0.003614491 -0.03631632 0.0118318 0.0006144911 -0.03646532 0.01147 0.003614491 -0.03646532 0.01147 0.0006144911 -0.03670432 0.0111593 0.003614491 -0.03670432 0.0111593 0.0006144911 -0.03701432 0.010921 0.003614491 -0.03701432 0.010921 0.0006144911 -0.03737632 0.0107711 0.003614491 -0.03737632 0.0107711 0.0006144911 -0.03776432 0.01072 0.003614491 -0.03776432 0.01072 0.0006144911 -0.03815332 0.0107711 0.003614491 -0.03815332 0.0107711 0.0006144911 -0.03851432 0.010921 0.003614491 -0.03851432 0.010921 0.0006144911 -0.03882532 0.0111593 0.003614491 -0.03882532 0.0111593 0.0006144911 -0.03906332 0.01147 0.003614491 -0.03906332 0.01147 0.0006144911 -0.03921332 0.0118318 0.003614491 -0.03921332 0.0118318 0.0006144911 -0.03926432 -1.387779e-17 0.003614491 -0.03926432 -1.387779e-17 0.0006144911 -0.03921332 0.0003882 0.003614491 -0.03921332 0.0003882 0.0006144911 -0.03906332 0.00075 0.003614491 -0.03906332 0.00075 0.0006144911 -0.03882532 0.0010607 0.003614491 -0.03882532 0.0010607 0.0006144911 -0.03851432 0.001299 0.003614491 -0.03851432 0.001299 0.0006144911 -0.03815332 0.0014489 0.003614491 -0.03815332 0.0014489 0.0006144911 -0.03776432 0.0015 0.003614491 -0.03776432 0.0015 0.0006144911 -0.03737632 0.0014489 0.003614491 -0.03737632 0.0014489 0.0006144911 -0.03701432 0.001299 0.003614491 -0.03701432 0.001299 0.0006144911 -0.03670432 0.0010607 0.003614491 -0.03670432 0.0010607 0.0006144911 -0.03646532 0.00075 0.003614491 -0.03646532 0.00075 0.0006144911 -0.03631632 0.0003882 0.003614491 -0.03631632 0.0003882 0.0006144911 -0.03626432 -1.387779e-17 0.003614491 -0.03626432 -1.387779e-17 0.0006144911 -0.03631632 -0.0003882 0.003614491 -0.03631632 -0.0003882 0.0006144911 -0.03646532 -0.00075 0.003614491 -0.03646532 -0.00075 0.0006144911 -0.03670432 -0.0010607 0.003614491 -0.03670432 -0.0010607 0.0006144911 -0.03701432 -0.001299 0.003614491 -0.03701432 -0.001299 0.0006144911 -0.03737632 -0.0014489 0.003614491 -0.03737632 -0.0014489 0.0006144911 -0.03776432 -0.0015 0.003614491 -0.03776432 -0.0015 0.0006144911 -0.03815332 -0.0014489 0.003614491 -0.03815332 -0.0014489 0.0006144911 -0.03851432 -0.001299 0.003614491 -0.03851432 -0.001299 0.0006144911 -0.03882532 -0.0010607 0.003614491 -0.03882532 -0.0010607 0.0006144911 -0.03906332 -0.00075 0.003614491 -0.03906332 -0.00075 0.0006144911 -0.03921332 -0.0003882 0.003614491 -0.03921332 -0.0003882 0.0006144911 -0.03926432 -0.01222 0.003614491 -0.03926432 -0.01222 0.0006144911 -0.03921332 -0.0118318 0.003614491 -0.03921332 -0.0118318 0.0006144911 -0.03906332 -0.01147 0.003614491 -0.03906332 -0.01147 0.0006144911 -0.03882532 -0.0111593 0.003614491 -0.03882532 -0.0111593 0.0006144911 -0.03851432 -0.010921 0.003614491 -0.03851432 -0.010921 0.0006144911 -0.03815332 -0.0107711 0.003614491 -0.03815332 -0.0107711 0.0006144911 -0.03776432 -0.01072 0.003614491 -0.03776432 -0.01072 0.0006144911 -0.03737632 -0.0107711 0.003614491 -0.03737632 -0.0107711 0.0006144911 -0.03701432 -0.010921 0.003614491 -0.03701432 -0.010921 0.0006144911 -0.03670432 -0.0111593 0.003614491 -0.03670432 -0.0111593 0.0006144911 -0.03646532 -0.01147 0.003614491 -0.03646532 -0.01147 0.0006144911 -0.03631632 -0.0118318 0.003614491 -0.03631632 -0.0118318 0.0006144911 -0.03626432 -0.01222 0.003614491 -0.03626432 -0.01222 0.0006144911 -0.03631632 -0.0126082 0.003614491 -0.03631632 -0.0126082 0.0006144911 -0.03646532 -0.01297 0.003614491 -0.03646532 -0.01297 0.0006144911 -0.03670432 -0.0132807 0.003614491 -0.03670432 -0.0132807 0.0006144911 -0.03701432 -0.013519 0.003614491 -0.03701432 -0.013519 0.0006144911 -0.03737632 -0.0136689 0.003614491 -0.03737632 -0.0136689 0.0006144911 -0.03776432 -0.01372 0.003614491 -0.03776432 -0.01372 0.0006144911 -0.03815332 -0.0136689 0.003614491 -0.03815332 -0.0136689 0.0006144911 -0.03851432 -0.013519 0.003614491 -0.03851432 -0.013519 0.0006144911 -0.03882532 -0.0132807 0.003614491 -0.03882532 -0.0132807 0.0006144911 -0.03906332 -0.01297 0.003614491 -0.03906332 -0.01297 0.0006144911 -0.03921332 -0.0126082 0.003614491 -0.03921332 -0.0126082 0.0006144911 0.03483568 -0.0173 0.0006144911 0.03483568 -0.0173 -0.003385509 0.03483568 -0.01676 -0.003385509 0.03483568 -0.01121 -0.003385509 0.03483568 -1.387779e-17 -0.003385509 0.03483568 0.0173 0.0006144911 0.03483568 0.01327 -0.003385509 0.03483568 0.0173 -0.003385509 -0.03276432 -0.01676 -0.003385509 -0.03276432 -0.0173 -0.003385509 -0.03276432 -0.0173 0.0006144911 -0.03276432 0.0173 -0.003385509 -0.03276432 0.01327 -0.003385509 -0.03276432 0.0173 0.0006144911 -0.03276432 -1.387779e-17 -0.003385509 -0.03276432 -0.01121 -0.003385509 0.03483568 -0.0173 0.0006144911 0.02683568 -0.0173 0.0006144911 0.03483568 -0.0173 -0.003385509 0.02683568 -0.0173 -0.0006355089 0.02343568 -0.0173 -0.003385509 -0.03276432 -0.0173 0.0006144911 -0.03276432 -0.0173 -0.003385509 -0.02771432 -0.0173 -0.003385509 -0.02476432 -0.0173 0.0006144911 0.01033568 -0.0173 -0.003385509 0.01033568 -0.0173 -0.0006355089 -0.006664323 -0.0173 -0.003385509 -0.006664323 -0.0173 -0.0006355089 -0.01831432 -0.0173 -0.0006355089 -0.01972432 -0.0173 -0.003385509 -0.02371432 -0.0173 -0.0006355089 -0.02476432 -0.0173 -0.0006355089 0.02683568 0.0173 -0.0006355089 0.02683568 0.0173 0.0006144911 0.03483568 0.0173 0.0006144911 -0.03276432 0.0173 0.0006144911 -0.02476432 0.0173 0.0006144911 -0.02476432 0.0173 -0.0006355089 -0.03276432 0.0173 -0.003385509 -0.02771432 0.0173 -0.003385509 -0.01972432 0.0173 -0.003385509 0.03483568 0.0173 -0.003385509 0.02343568 0.0173 -0.003385509 0.01033568 0.0173 -0.0006355089 0.01033568 0.0173 -0.003385509 -0.006664323 0.0173 -0.0006355089 -0.006664323 0.0173 -0.003385509 -0.01831432 0.0173 -0.0006355089 -0.02371432 0.0173 -0.0006355089</float_array>
          <technique_common>
            <accessor count="1588" source="#verts-array-array" stride="3">
              <param type="float" name="X"/>
              <param type="float" name="Y"/>
              <param type="float" name="Z"/>
            </accessor>
          </technique_common>
        </source>
        <source id="normals-array">
          <float_array count="4764" id="normals-array-array">0 1 0 0 1 0 0 1 0 0 1 0 0 1 0 0 1 0 0 1 0 0 1 0 0 0 1 0 0 1 0 0 1 0 0 1 0 0 1 0 0 1 0 0 1 0 0 1 0 0 1 0 0 1 0 0 1 0 0 1 0 0 1 0 0 1 0 0 1 0 0 1 0 0 1 0 0 1 0 0 1 0 0 1 0 0 1 0 0 1 0 0 1 0 0 1 0 0 1 0 0 1 0 0 1 0 0 1 0 0 1 0 0 1 0 0 1 0 0 1 0 0 1 0 0 1 0 0 1 0 0 1 0 0 1 0 0 1 0 0 1 0 0 1 0 0 1 0 0 1 0 0 1 0 0 1 0 0 1 0 0 1 0 0 1 0 0 1 0 0 1 0 0 1 0 0 1 0 0 1 0 0 1 0 0 1 0 0 1 0 0 1 0 0 1 0 0 1 0 0 1 0 0 1 0 0 1 0 0 1 0 0 1 0 0 1 0 0 1 0 0 1 0 0 1 0 0 1 0 0 1 0 0 1 0 0 1 0 0 1 0 0 1 0 0 1 0 0 1 0 0 1 0 0 1 0 0 1 0 0 1 0 0 1 0 0 1 0 0 1 0 0 1 0 0 1 0 0 1 0 0 1 0 0 1 0 0 1 0 0 1 0 0 1 0 0 1 0 0 1 0 0 1 0 0 1 0 0 1 0 0 1 0 0 1 0 0 1 0 0 1 0 0 1 0 0 1 0 0 1 0 0 1 0 0 1 0 0 1 0 0 1 0 0 1 0 0 1 0 0 1 0 0 1 0 0 1 0 0 1 0 0 1 0 0 1 0 0 1 0 0 1 0 0 1 0 0 1 0 0 1 0 0 1 0 0 1 0 0 1 0 0 1 0 0 1 0 0 1 0 0 1 0 0 1 0 0 1 0 0 1 0 0 1 0 0 1 0 0 1 0 0 1 0 0 1 0 0 1 0 0 1 0 0 1 0 0 1 0 0 1 0 0 1 0 0 1 0 0 1 0 0 1 0 0 1 0 0 1 0 0 1 0 0 1 0 0 1 0 0 1 0 0 1 0 0 1 0 0 1 0 0 1 0 0 1 0 0 1 0 0 1 0 0 1 0 0 1 0 0 1 0 0 1 0 0 1 0 0 1 0 0 1 0 0 1 0 0 1 0 0 1 0 0 1 0 0 1 0 0 1 0 0 1 0 0 1 0 0 1 0 0 1 0 0 1 0 0 1 0 0 1 0 0 1 0 0 1 0 0 1 0 0 1 0 0 1 0 0 1 0 0 1 0 0 1 0 0 1 0 0 1 0 0 1 0 0 1 0 0 1 0 0 1 0 0 1 0 0 1 0 0 1 0 0 1 0 0 1 0 0 1 0 0 1 0 0 1 0 0 1 0 0 1 0 0 1 0 0 1 0 0 1 0 0 1 0 0 1 0 0 1 0 0 1 0 0 1 0 0 1 0 0 1 0 0 1 0 0 1 0 0 1 0 0 1 0 0 1 0 0 1 0 0 1 0 0 1 0 0 1 0 0 1 0 0 1 0 0 1 0 0 1 0 0 1 0 0 1 0 0 1 0 0 1 0 0 1 0 0 1 0 0 1 0 0 1 0 0 1 0 0 -1 0 0 -1 0 0 -1 0 0 -1 0 0 -1 0 0 -1 0 0 -1 0 0 -1 0 0 -1 0 0 -1 0 0 -1 0 0 -1 0 0 -1 0 0 -1 0 0 -1 0 0 -1 0 0 -1 0 0 -1 0 0 -1 0 0 -1 0 0 -1 0 0 -1 0 0 -1 0 0 -1 0 0 -1 0 0 -1 0 0 -1 0 0 -1 0 0 -1 0 0 -1 0 0 -1 0 0 -1 0 0 -1 0 0 -1 0 0 -1 0 0 -1 0 0 -1 0 0 -1 0 0 -1 0 0 -1 0 0 -1 0 0 -1 0 0 -1 0 0 -1 0 0 -1 0 0 -1 0 0 -1 0 0 -1 0 0 -1 0 0 -1 0 0 -1 0 0 -1 0 0 -1 0 0 -1 0 0 -1 0 0 -1 0 0 -1 0 0 -1 0 0 -1 0 0 -1 0 0 -1 0 0 -1 0 0 -1 0 0 -1 0 0 -1 0 0 -1 0 0 -1 0 0 -1 0 0 -1 0 0 -1 0 0 -1 0 0 -1 0 0 -1 0 0 -1 0 0 -1 0 0 -1 0 0 -1 0 0 -1 0 0 -1 0 0 -1 0 0 -1 0 0 -1 0 0 -1 0 0 -1 0 0 -1 0 0 -1 0 0 -1 0 0 -1 0 0 -1 0 0 -1 0 0 -1 0 0 -1 0 0 -1 0 0 -1 0 0 -1 0 0 -1 0 0 -1 0 0 -1 0 0 -1 0 0 -1 0 0 -1 0 0 -1 0 0 -1 0 0 -1 0 0 -1 0 0 -1 0 0 -1 0 0 -1 0 0 -1 0 0 -1 0 0 -1 0 0 -1 0 0 -1 0 0 -1 0 0 -1 0 0 -1 0 0 -1 0 0 -1 0 0 -1 0 0 -1 0 0 -1 0 0 -1 0 0 -1 0 0 -1 0 0 -1 0 0 -1 0 0 -1 0 0 -1 0 0 -1 0 0 -1 0 0 -1 0 0 -1 0 0 -1 0 0 -1 0 0 -1 0 0 -1 0 0 -1 0 0 -1 0 0 -1 0 0 -1 0 0 -1 0 0 -1 0 0 -1 0 0 -1 0 0 -1 0 0 -1 0 0 -1 0 0 -1 0 0 -1 0 0 -1 0 0 -1 0 0 -1 0 0 -1 0 0 -1 0 0 -1 0 0 -1 0 0 -1 0 0 -1 0 0 -1 0 0 -1 0 0 -1 0 0 -1 0 0 -1 0 0 -1 0 0 -1 0 0 -1 0 0 -1 0 0 -1 0 0 -1 0 0 -1 0 0 -1 0 0 -1 0 0 -1 0 0 -1 0 0 -1 0 0 -1 0 0 -1 0 0 -1 0 0 -1 0 0 -1 0 0 -1 0 0 -1 0 0 -1 0 0 -1 0 0 -1 0 0 -1 0 0 -1 0 0 -1 0 0 -1 0 0 -1 0 0 -1 0 0 -1 0 0 -1 0 0 -1 0 0 -1 0 0 -1 0 0 -1 0 0 -1 0 0 -1 0 0 -1 0 0 -1 0 0 -1 0 0 -1 0 0 -1 0 0 -1 0 0 -1 0 0 -1 0 0 -1 0 0 -1 0 0 -1 0 0 -1 0 0 -1 0 0 -1 0 0 -1 0 0 -1 0 0 -1 0 0 -1 0 0 -1 0 0 -1 0 0 -1 0 0 -1 0 0 -1 0 0 -1 0 0 -1 0 0 -1 0 0 -1 0 0 -1 0 0 -1 0 0 -1 0 0 -1 0 0 -1 0 0 -1 0 0 -1 0 0 -1 0 0 -1 0 0 -1 0 0 -1 0 0 -1 0 0 -1 0 0 -1 0 0 -1 0 0 -1 1 1.11348e-18 0 1 0 0 0.9662419 -0.2576364 0 0.9662419 -0.2576364 0 0.8657299 -0.5005115 0 0.8657299 -0.5005115 0 0.7064949 -0.7077181 0 0.7064949 -0.7077181 0 0.4998467 -0.8661139 0 0.4998467 -0.8661139 0 0.2590262 -0.9658703 0 0.2590262 -0.9658703 0 -0.0002084973 -1 0 -0.0002084973 -1 0 -0.2586378 -0.9659744 0 -0.2586378 -0.9659744 0 -0.5001595 -0.8659333 0 -0.5001595 -0.8659333 0 -0.7071823 -0.7070312 0 -0.7071823 -0.7070312 0 -0.8657299 -0.5005115 0 -0.8657299 -0.5005115 0 -0.9658329 -0.2591655 0 -0.9658329 -0.2591655 0 -1 0 0 -1 0 0 -0.9658329 0.2591655 0 -0.9658329 0.2591655 0 -0.8657299 0.5005115 0 -0.8657299 0.5005115 0 -0.7071823 0.7070312 0 -0.7071823 0.7070312 0 -0.5001595 0.8659333 0 -0.5001595 0.8659333 0 -0.2586378 0.9659744 0 -0.2586378 0.9659744 0 -0.0002084973 1 0 -0.0002084973 1 0 0.2590262 0.9658703 0 0.2590262 0.9658703 0 0.4998467 0.8661139 0 0.4998467 0.8661139 0 0.7064949 0.7077181 0 0.7064949 0.7077181 0 0.8657299 0.5005115 0 0.8657299 0.5005115 0 0.9662419 0.2576364 0 0.9662419 0.2576364 0 1 0 0 1 0 0 0.9662419 -0.2576364 0 0.9662419 -0.2576364 0 0.8657299 -0.5005115 0 0.8657299 -0.5005115 0 0.7064949 -0.7077181 0 0.7064949 -0.7077181 0 0.4998467 -0.8661139 0 0.4998467 -0.8661139 0 0.2590262 -0.9658703 0 0.2590262 -0.9658703 0 -0.0002084973 -1 0 -0.0002084973 -1 0 -0.2586378 -0.9659744 0 -0.2586378 -0.9659744 0 -0.5001595 -0.8659333 0 -0.5001595 -0.8659333 0 -0.7071823 -0.7070312 0 -0.7071823 -0.7070312 0 -0.8657299 -0.5005115 0 -0.8657299 -0.5005115 0 -0.9658329 -0.2591655 0 -0.9658329 -0.2591655 0 -1 8.911514e-18 0 -1 -8.911514e-18 0 -0.9658329 0.2591655 0 -0.9658329 0.2591655 0 -0.8657299 0.5005115 0 -0.8657299 0.5005115 0 -0.7071823 0.7070312 0 -0.7071823 0.7070312 0 -0.5001595 0.8659333 0 -0.5001595 0.8659333 0 -0.2586378 0.9659744 0 -0.2586378 0.9659744 0 -0.0002084973 1 0 -0.0002084973 1 0 0.2590262 0.9658703 0 0.2590262 0.9658703 0 0.4998467 0.8661139 0 0.4998467 0.8661139 0 0.7064949 0.7077181 0 0.7064949 0.7077181 0 0.8657299 0.5005115 0 0.8657299 0.5005115 0 0.9662419 0.2576364 0 0.9662419 0.2576364 0 1 -6.126666e-18 0 1 8.911514e-18 0 0.9662144 -0.2577396 0 0.9662144 -0.2577396 0 0.8664677 -0.4992331 0 0.8664677 -0.4992331 0 0.7064949 -0.7077181 0 0.7064949 -0.7077181 0 0.4998467 -0.8661139 0 0.4998467 -0.8661139 0 0.2590262 -0.9658703 0 0.2590262 -0.9658703 0 -0.0002084973 -1 0 -0.0002084973 -1 0 -0.2586378 -0.9659744 0 -0.2586378 -0.9659744 0 -0.5001595 -0.8659333 0 -0.5001595 -0.8659333 0 -0.7071823 -0.7070312 0 -0.7071823 -0.7070312 0 -0.8657299 -0.5005115 0 -0.8657299 -0.5005115 0 -0.9658329 -0.2591655 0 -0.9658329 -0.2591655 0 -1 8.911514e-18 0 -1 -8.911514e-18 0 -0.9658329 0.2591655 0 -0.9658329 0.2591655 0 -0.8657299 0.5005115 0 -0.8657299 0.5005115 0 -0.7071823 0.7070312 0 -0.7071823 0.7070312 0 -0.5001595 0.8659333 0 -0.5001595 0.8659333 0 -0.2586378 0.9659744 0 -0.2586378 0.9659744 0 -0.0002084973 1 0 -0.0002084973 1 0 0.2590262 0.9658703 0 0.2590262 0.9658703 0 0.4998467 0.8661139 0 0.4998467 0.8661139 0 0.7064949 0.7077181 0 0.7064949 0.7077181 0 0.8664677 0.4992331 0 0.8664677 0.4992331 0 0.9662144 0.2577396 0 0.9662144 0.2577396 0 1 2.783699e-18 0 1 0 0 0.9662419 -0.2576364 0 0.9662419 -0.2576364 0 0.8657299 -0.5005115 0 0.8657299 -0.5005115 0 0.7064949 -0.7077181 0 0.7064949 -0.7077181 0 0.4998467 -0.8661139 0 0.4998467 -0.8661139 0 0.2590262 -0.9658703 0 0.2590262 -0.9658703 0 -0.0002084973 -1 0 -0.0002084973 -1 0 -0.2586378 -0.9659744 0 -0.2586378 -0.9659744 0 -0.5001595 -0.8659333 0 -0.5001595 -0.8659333 0 -0.7071823 -0.7070312 0 -0.7071823 -0.7070312 0 -0.8657299 -0.5005115 0 -0.8657299 -0.5005115 0 -0.9658329 -0.2591655 0 -0.9658329 -0.2591655 0 -1 8.911514e-18 0 -1 -8.911514e-18 0 -0.9658329 0.2591655 0 -0.9658329 0.2591655 0 -0.8657299 0.5005115 0 -0.8657299 0.5005115 0 -0.7071823 0.7070312 0 -0.7071823 0.7070312 0 -0.5001595 0.8659333 0 -0.5001595 0.8659333 0 -0.2586378 0.9659744 0 -0.2586378 0.9659744 0 -0.0002084973 1 0 -0.0002084973 1 0 0.2590262 0.9658703 0 0.2590262 0.9658703 0 0.4998467 0.8661139 0 0.4998467 0.8661139 0 0.7064949 0.7077181 0 0.7064949 0.7077181 0 0.8657299 0.5005115 0 0.8657299 0.5005115 0 0.9662419 0.2576364 0 0.9662419 0.2576364 0 1 -5.569696e-18 0 1 8.911514e-18 0 0.9662144 -0.2577396 0 0.9662144 -0.2577396 0 0.8664677 -0.4992331 0 0.8664677 -0.4992331 0 0.7064949 -0.7077181 0 0.7064949 -0.7077181 0 0.4998467 -0.8661139 0 0.4998467 -0.8661139 0 0.2590262 -0.9658703 0 0.2590262 -0.9658703 0 -0.0002084973 -1 0 -0.0002084973 -1 0 -0.2586378 -0.9659744 0 -0.2586378 -0.9659744 0 -0.5001595 -0.8659333 0 -0.5001595 -0.8659333 0 -0.7071823 -0.7070312 0 -0.7071823 -0.7070312 0 -0.8657299 -0.5005115 0 -0.8657299 -0.5005115 0 -0.9658329 -0.2591655 0 -0.9658329 -0.2591655 0 -1 8.911514e-18 0 -1 -8.911514e-18 0 -0.9658329 0.2591655 0 -0.9658329 0.2591655 0 -0.8657299 0.5005115 0 -0.8657299 0.5005115 0 -0.7071823 0.7070312 0 -0.7071823 0.7070312 0 -0.5001595 0.8659333 0 -0.5001595 0.8659333 0 -0.2586378 0.9659744 0 -0.2586378 0.9659744 0 -0.0002084973 1 0 -0.0002084973 1 0 0.2590262 0.9658703 0 0.2590262 0.9658703 0 0.4998467 0.8661139 0 0.4998467 0.8661139 0 0.7064949 0.7077181 0 0.7064949 0.7077181 0 0.8664677 0.4992331 0 0.8664677 0.4992331 0 0.9662144 0.2577396 0 0.9662144 0.2577396 0 1 -1.431378e-15 0 1 -1.425254e-15 0 0.9662419 -0.2576364 0 0.9662419 -0.2576364 0 0.8657299 -0.5005115 0 0.8657299 -0.5005115 0 0.7064949 -0.7077181 0 0.7064949 -0.7077181 0 0.4998467 -0.8661139 0 0.4998467 -0.8661139 0 0.2590262 -0.9658703 0 0.2590262 -0.9658703 0 -0.0002084973 -1 0 -0.0002084973 -1 0 -0.2586378 -0.9659744 0 -0.2586378 -0.9659744 0 -0.5001595 -0.8659333 0 -0.5001595 -0.8659333 0 -0.7071823 -0.7070312 0 -0.7071823 -0.7070312 0 -0.8657299 -0.5005115 0 -0.8657299 -0.5005115 0 -0.9658329 -0.2591655 0 -0.9658329 -0.2591655 0 -1 -1.443665e-15 0 -1 -1.443665e-15 0 -0.9658329 0.2591655 0 -0.9658329 0.2591655 0 -0.8657299 0.5005115 0 -0.8657299 0.5005115 0 -0.7071823 0.7070312 0 -0.7071823 0.7070312 0 -0.5001595 0.8659333 0 -0.5001595 0.8659333 0 -0.2586378 0.9659744 0 -0.2586378 0.9659744 0 -0.0002084973 1 0 -0.0002084973 1 0 0.2590262 0.9658703 0 0.2590262 0.9658703 0 0.4998467 0.8661139 0 0.4998467 0.8661139 0 0.7064949 0.7077181 0 0.7064949 0.7077181 0 0.8657299 0.5005115 0 0.8657299 0.5005115 0 0.9662419 0.2576364 0 0.9662419 0.2576364 0 1 3.340439e-18 0 1 0 0 0.9662419 -0.2576364 0 0.9662419 -0.2576364 0 0.8657299 -0.5005115 0 0.8657299 -0.5005115 0 0.7064949 -0.7077181 0 0.7064949 -0.7077181 0 0.4998467 -0.8661139 0 0.4998467 -0.8661139 0 0.2590262 -0.9658703 0 0.2590262 -0.9658703 0 -0.0002084973 -1 0 -0.0002084973 -1 0 -0.2586378 -0.9659744 0 -0.2586378 -0.9659744 0 -0.5001595 -0.8659333 0 -0.5001595 -0.8659333 0 -0.7071823 -0.7070312 0 -0.7071823 -0.7070312 0 -0.8657299 -0.5005115 0 -0.8657299 -0.5005115 0 -0.9658329 -0.2591655 0 -0.9658329 -0.2591655 0 -1 8.911514e-18 0 -1 -8.911514e-18 0 -0.9658329 0.2591655 0 -0.9658329 0.2591655 0 -0.8657299 0.5005115 0 -0.8657299 0.5005115 0 -0.7071823 0.7070312 0 -0.7071823 0.7070312 0 -0.5001595 0.8659333 0 -0.5001595 0.8659333 0 -0.2586378 0.9659744 0 -0.2586378 0.9659744 0 -0.0002084973 1 0 -0.0002084973 1 0 0.2590262 0.9658703 0 0.2590262 0.9658703 0 0.4998467 0.8661139 0 0.4998467 0.8661139 0 0.7064949 0.7077181 0 0.7064949 0.7077181 0 0.8657299 0.5005115 0 0.8657299 0.5005115 0 0.9662419 0.2576364 0 0.9662419 0.2576364 0 1 -5.567398e-19 0 1 0 0 0.9662419 -0.2576364 0 0.9662419 -0.2576364 0 0.8657299 -0.5005115 0 0.8657299 -0.5005115 0 0.7064949 -0.7077181 0 0.7064949 -0.7077181 0 0.4998467 -0.8661139 0 0.4998467 -0.8661139 0 0.2590262 -0.9658703 0 0.2590262 -0.9658703 0 -0.0002084973 -1 0 -0.0002084973 -1 0 -0.2586378 -0.9659744 0 -0.2586378 -0.9659744 0 -0.5001595 -0.8659333 0 -0.5001595 -0.8659333 0 -0.7071823 -0.7070312 0 -0.7071823 -0.7070312 0 -0.8657299 -0.5005115 0 -0.8657299 -0.5005115 0 -0.9658329 -0.2591655 0 -0.9658329 -0.2591655 0 -1 8.911514e-18 0 -1 -8.911514e-18 0 -0.9658329 0.2591655 0 -0.9658329 0.2591655 0 -0.8657299 0.5005115 0 -0.8657299 0.5005115 0 -0.7071823 0.7070312 0 -0.7071823 0.7070312 0 -0.5001595 0.8659333 0 -0.5001595 0.8659333 0 -0.2586378 0.9659744 0 -0.2586378 0.9659744 0 -0.0002084973 1 0 -0.0002084973 1 0 0.2590262 0.9658703 0 0.2590262 0.9658703 0 0.4998467 0.8661139 0 0.4998467 0.8661139 0 0.7064949 0.7077181 0 0.7064949 0.7077181 0 0.8657299 0.5005115 0 0.8657299 0.5005115 0 0.9662419 0.2576364 0 0.9662419 0.2576364 0 0 -1 0 0 -1 0 0 -1 0 0 -1 0 0 -1 0 0 -1 0 0 -1 0 0 -1 0 -1 0 0 -1 0 0 -1 0 0 -1 0 0 -1 0 0 -1 0 0 -1 0 0 -1 0 0 -1 0 0 -1 0 0 -1 0 0 -1 0 0 -1 0 0 -1 0 0 -1 0 0 -1 0 0 0 -1 0 0 -1 0 0 -1 0 0 -1 0 0 -1 0 0 -1 0 0 -1 0 0 -1 0 0 -1 0 0 -1 0 1 0 0 1 0 0 1 0 0 1 0 0 1 0 0 1 0 0 1 0 0 1 0 0 0 1 0 0 1 0 0 1 0 0 1 0 0 1 0 0 1 0 0 1 0 0 1 0 0 1 0 0 1 0 1 0 0 1 0 0 1 0 0 1 0 0 1 0 0 1 0 0 1 0 0 1 0 0 1 0 0 1 0 0 1 0 0 1 0 0 0 0 1 0 0 1 0 0 1 0 0 1 0 0 1 0 0 1 0 0 1 0 0 1 0 0 1 0 0 1 0 0 1 0 0 1 0 0 1 0 0 1 0 0 1 0 0 1 0 0 1 0 0 1 0 0 1 0 0 1 0 0 1 0 0 1 0 0 1 0 0 1 0 0 1 0 0 1 0 0 1 0 0 1 0 0 1 0 0 1 0 0 1 0 0 1 0 0 1 0 0 1 0 0 1 0 0 1 0 0 1 0 0 1 0 0 1 0 0 1 0 0 1 0 0 1 0 0 1 0 0 1 0 0 1 0 0 1 0 0 1 0 0 1 0 0 1 0 0 1 0 0 1 0 0 1 0 0 1 0 0 1 0 0 1 0 0 1 0 0 1 0 0 1 0 0 1 0 0 1 0 0 1 0 0 1 0 0 1 0 0 1 0 0 1 0 0 1 0 0 1 0 0 1 0 0 1 0 0 1 0 0 1 0 0 1 0 0 1 0 0 1 0 0 1 0 0 1 0 0 1 0 0 1 0 0 1 0 0 1 0 0 1 0 0 1 0 0 1 0 0 1 0 0 1 0 0 1 0 0 1 0 0 1 0 0 1 0 0 1 0 0 1 0 0 1 0 0 1 0 0 1 0 0 1 0 0 1 0 0 1 0 0 1 0 0 1 0 0 1 0 0 1 0 0 1 0 0 1 0 0 1 0 0 1 0 0 1 0 0 1 0 0 1 0 0 1 0 0 1 0 0 1 0 0 1 0 0 1 0 0 1 0 0 1 0 0 1 0 0 1 0 0 1 0 0 1 0 0 1 0 0 1 0 0 1 0 0 1 0 0 1 0 0 1 0 0 1 0 0 1 0 0 1 0 0 1 0 0 1 0 0 1 0 0 1 0 0 1 0 0 1 0 0 1 0 0 1 0 0 1 0 0 1 0 0 1 0 0 1 0 0 1 0 0 1 0 0 1 0 0 1 0 0 1 0 0 1 0 0 1 0 0 1 0 0 1 0 0 1 0 0 1 0 0 1 -1 0 0 -1 0 0 -1 0 0 -1 0 0 0 0 -1 0 0 -1 0 0 -1 0 0 -1 0 0 -1 0 0 -1 0 0 -1 0 0 -1 0 0 -1 0 0 -1 0 0 -1 0 0 -1 0 0 -1 0 0 -1 0 0 -1 0 0 -1 0 0 -1 0 0 -1 0 0 -1 0 0 -1 0 0 -1 0 0 -1 0 0 -1 0 0 -1 0 0 -1 0 0 -1 0 0 -1 0 0 -1 0 0 -1 0 0 -1 0 0 -1 0 0 -1 0 0 -1 0 0 -1 0 0 -1 0 0 -1 0 0 -1 0 0 -1 0 0 -1 0 0 -1 0 0 -1 0 0 -1 0 0 -1 0 0 -1 0 0 -1 0 0 -1 0 0 -1 0 0 -1 0 0 -1 0 0 -1 0 0 -1 0 0 -1 0 0 -1 0 0 -1 0 0 -1 0 0 -1 0 0 -1 0 0 -1 0 0 -1 0 0 -1 0 0 -1 0 0 -1 0 0 -1 0 0 -1 0 0 -1 0 0 -1 0 0 -1 0 0 -1 0 0 -1 0 0 -1 0 0 -1 0 0 -1 0 0 -1 0 0 -1 0 0 -1 0 0 -1 0 0 -1 0 0 -1 0 0 -1 0 0 -1 0 0 -1 0 0 -1 0 0 -1 0 0 -1 0 0 -1 0 0 -1 0 0 -1 0 0 -1 0 0 -1 0 0 -1 0 0 -1 0 0 -1 0 0 -1 0 0 -1 0 0 -1 0 0 -1 0 0 -1 0 0 -1 0 0 -1 0 0 -1 0 0 -1 0 0 -1 0 0 -1 0 0 -1 0 0 -1 0 0 -1 0 0 -1 0 0 -1 0 0 -1 0 0 -1 0 0 -1 0 0 -1 0 0 -1 0 0 -1 0 0 -1 0 0 -1 0 0 -1 0 0 -1 0 0 -1 0 0 -1 0 0 -1 0 0 -1 0 0 -1 0 0 -1 0 0 -1 0 0 -1 0 0 -1 0 0 -1 0 0 -1 0 0 -1 0 0 -1 0 0 -1 0 0 -1 0 0 -1 0 0 -1 0 0 -1 0 0 -1 0 0 -1 0 0 -1 0 0 -1 0 0 -1 0 0 -1 0 0 -1 0 0 -1 0 0 -1 0 0 -1 0 0 -1 0 0 -1 0 0 -1 0 0 -1 0 0 -1 0 0 -1 0 0 -1 0 0 -1 0 0 -1 0 0 -1 0 0 -1 0 0 -1 0 0 -1 0 0 -1 1 0 0 1 0 0 1 0 0 1 0 0 1 -1.1551e-15 0 1 -1.158441e-15 0 0.9659168 -0.2588526 0 0.9659168 -0.2588526 0 0.8660582 -0.4999432 0 0.8660582 -0.4999432 0 0.7071068 -0.7071068 0 0.7071068 -0.7071068 0 0.4999432 -0.8660582 0 0.4999432 -0.8660582 0 0.2588526 -0.9659168 0 0.2588526 -0.9659168 0 -2.316883e-15 -1 0 -2.316883e-15 -1 0 -0.2588526 -0.9659168 0 -0.2588526 -0.9659168 0 -0.4999432 -0.8660582 0 -0.4999432 -0.8660582 0 -0.7071068 -0.7071068 0 -0.7071068 -0.7071068 0 -0.8660582 -0.4999432 0 -0.8660582 -0.4999432 0 -0.9659168 -0.2588526 0 -0.9659168 -0.2588526 0 -1 -1.158441e-15 0 -1 -1.158441e-15 0 -0.9659168 0.2588526 0 -0.9659168 0.2588526 0 -0.8660582 0.4999432 0 -0.8660582 0.4999432 0 -0.7071068 0.7071068 0 -0.7071068 0.7071068 0 -0.4999432 0.8660582 0 -0.4999432 0.8660582 0 -0.2588526 0.9659168 0 -0.2588526 0.9659168 0 -2.325794e-15 1 0 -2.325794e-15 1 0 0.2588526 0.9659168 0 0.2588526 0.9659168 0 0.4999432 0.8660582 0 0.4999432 0.8660582 0 0.7071068 0.7071068 0 0.7071068 0.7071068 0 0.8660582 0.4999432 0 0.8660582 0.4999432 0 0.9659168 0.2588526 0 0.9659168 0.2588526 0 1 2.227772e-18 0 1 0 0 0.9659168 -0.2588526 0 0.9659168 -0.2588526 0 0.8660582 -0.4999432 0 0.8660582 -0.4999432 0 0.7071068 -0.7071068 0 0.7071068 -0.7071068 0 0.4999432 -0.8660582 0 0.4999432 -0.8660582 0 0.2588526 -0.9659168 0 0.2588526 -0.9659168 0 -2.325794e-15 -1 0 -2.325794e-15 -1 0 -0.2588526 -0.9659168 0 -0.2588526 -0.9659168 0 -0.4999432 -0.8660582 0 -0.4999432 -0.8660582 0 -0.7071068 -0.7071068 0 -0.7071068 -0.7071068 0 -0.8660582 -0.4999432 0 -0.8660582 -0.4999432 0 -0.9659168 -0.2588526 0 -0.9659168 -0.2588526 0 -1 0 0 -1 0 0 -0.9659168 0.2588526 0 -0.9659168 0.2588526 0 -0.8660582 0.4999432 0 -0.8660582 0.4999432 0 -0.7071068 0.7071068 0 -0.7071068 0.7071068 0 -0.4999432 0.8660582 0 -0.4999432 0.8660582 0 -0.2588526 0.9659168 0 -0.2588526 0.9659168 0 -2.316883e-15 1 0 -2.307972e-15 1 0 0.2588526 0.9659168 0 0.2588526 0.9659168 0 0.4999432 0.8660582 0 0.4999432 0.8660582 0 0.7071068 0.7071068 0 0.7071068 0.7071068 0 0.8660582 0.4999432 0 0.8660582 0.4999432 0 0.9659168 0.2588526 0 0.9659168 0.2588526 0 1 -5.814485e-16 0 1 -5.881318e-16 0 0.9659168 -0.2588526 0 0.9659168 -0.2588526 0 0.8660582 -0.4999432 0 0.8660582 -0.4999432 0 0.7071068 -0.7071068 0 0.7071068 -0.7071068 0 0.4999432 -0.8660582 0 0.4999432 -0.8660582 0 0.2588526 -0.9659168 0 0.2588526 -0.9659168 0 -2.316883e-15 -1 0 -2.316883e-15 -1 0 -0.2588526 -0.9659168 0 -0.2588526 -0.9659168 0 -0.4999432 -0.8660582 0 -0.4999432 -0.8660582 0 -0.7071068 -0.7071068 0 -0.7071068 -0.7071068 0 -0.8660582 -0.4999432 0 -0.8660582 -0.4999432 0 -0.9659168 -0.2588526 0 -0.9659168 -0.2588526 0 -1 -5.881318e-16 0 -1 -5.792207e-16 0 -0.9659168 0.2588526 0 -0.9659168 0.2588526 0 -0.8660582 0.4999432 0 -0.8660582 0.4999432 0 -0.7071068 0.7071068 0 -0.7071068 0.7071068 0 -0.4999432 0.8660582 0 -0.4999432 0.8660582 0 -0.2588526 0.9659168 0 -0.2588526 0.9659168 0 -2.325794e-15 1 0 -2.325794e-15 1 0 0.2588526 0.9659168 0 0.2588526 0.9659168 0 0.4999432 0.8660582 0 0.4999432 0.8660582 0 0.7071068 0.7071068 0 0.7071068 0.7071068 0 0.8660582 0.4999432 0 0.8660582 0.4999432 0 0.9659168 0.2588526 0 0.9659168 0.2588526 0 1 -1.141695e-15 0 1 -1.140581e-15 0 0.9659191 -0.2588443 0 0.9659191 -0.2588443 0 0.8661513 -0.4997819 0 0.8661513 -0.4997819 0 0.7071571 -0.7070565 0 0.7071571 -0.7070565 0 0.5000806 -0.8659789 0 0.5000806 -0.8659789 0 0.2591024 -0.9658498 0 0.2591024 -0.9658498 0 -0.0001664027 -1 0 -0.0001664027 -1 0 -0.2587905 -0.9659335 0 -0.2587905 -0.9659335 0 -0.5003303 -0.8658346 0 -0.5003303 -0.8658346 0 -0.706991 -0.7072225 0 -0.706991 -0.7072225 0 -0.8662351 -0.4996365 0 -0.8662351 -0.4996365 0 -0.965897 -0.2589266 0 -0.965897 -0.2589266 0 -1 -1.167706e-15 0 -1 -1.176619e-15 0 -0.965897 0.2589266 0 -0.965897 0.2589266 0 -0.8662351 0.4996365 0 -0.8662351 0.4996365 0 -0.706991 0.7072225 0 -0.706991 0.7072225 0 -0.5003303 0.8658346 0 -0.5003303 0.8658346 0 -0.2587905 0.9659335 0 -0.2587905 0.9659335 0 -0.0001664027 1 0 -0.0001664027 1 0 0.2591024 0.9658498 0 0.2591024 0.9658498 0 0.5000806 0.8659789 0 0.5000806 0.8659789 0 0.7071571 0.7070565 0 0.7071571 0.7070565 0 0.8661513 0.4997819 0 0.8661513 0.4997819 0 0.9659191 0.2588443 0 0.9659191 0.2588443 0 1 -4.455395e-18 0 1 8.910791e-18 0 0.9659191 -0.2588443 0 0.9659191 -0.2588443 0 0.8661513 -0.4997819 0 0.8661513 -0.4997819 0 0.7071571 -0.7070565 0 0.7071571 -0.7070565 0 0.5000806 -0.8659789 0 0.5000806 -0.8659789 0 0.2591024 -0.9658498 0 0.2591024 -0.9658498 0 -0.0001664027 -1 0 -0.0001664027 -1 0 -0.2587905 -0.9659335 0 -0.2587905 -0.9659335 0 -0.5003303 -0.8658346 0 -0.5003303 -0.8658346 0 -0.706991 -0.7072225 0 -0.706991 -0.7072225 0 -0.8662351 -0.4996365 0 -0.8662351 -0.4996365 0 -0.965897 -0.2589266 0 -0.965897 -0.2589266 0 -1 8.913784e-18 0 -1 0 0 -0.965897 0.2589266 0 -0.965897 0.2589266 0 -0.8662351 0.4996365 0 -0.8662351 0.4996365 0 -0.706991 0.7072225 0 -0.706991 0.7072225 0 -0.5003303 0.8658346 0 -0.5003303 0.8658346 0 -0.2587905 0.9659335 0 -0.2587905 0.9659335 0 -0.0001664027 1 0 -0.0001664027 1 0 0.2591024 0.9658498 0 0.2591024 0.9658498 0 0.5000806 0.8659789 0 0.5000806 0.8659789 0 0.7071571 0.7070565 0 0.7071571 0.7070565 0 0.8661513 0.4997819 0 0.8661513 0.4997819 0 0.9659191 0.2588443 0 0.9659191 0.2588443 0 1 -5.680629e-16 0 1 -5.613798e-16 0 0.9659191 -0.2588443 0 0.9659191 -0.2588443 0 0.8661513 -0.4997819 0 0.8661513 -0.4997819 0 0.7071571 -0.7070565 0 0.7071571 -0.7070565 0 0.5000806 -0.8659789 0 0.5000806 -0.8659789 0 0.2591024 -0.9658498 0 0.2591024 -0.9658498 0 -0.0001664027 -1 0 -0.0001664027 -1 0 -0.2587905 -0.9659335 0 -0.2587905 -0.9659335 0 -0.5003303 -0.8658346 0 -0.5003303 -0.8658346 0 -0.706991 -0.7072225 0 -0.706991 -0.7072225 0 -0.8662351 -0.4996365 0 -0.8662351 -0.4996365 0 -0.965897 -0.2589266 0 -0.965897 -0.2589266 0 -1 -5.79396e-16 0 -1 -5.972235e-16 0 -0.965897 0.2589266 0 -0.965897 0.2589266 0 -0.8662351 0.4996365 0 -0.8662351 0.4996365 0 -0.706991 0.7072225 0 -0.706991 0.7072225 0 -0.5003303 0.8658346 0 -0.5003303 0.8658346 0 -0.2587905 0.9659335 0 -0.2587905 0.9659335 0 -0.0001664027 1 0 -0.0001664027 1 0 0.2591024 0.9658498 0 0.2591024 0.9658498 0 0.5000806 0.8659789 0 0.5000806 0.8659789 0 0.7071571 0.7070565 0 0.7071571 0.7070565 0 0.8661513 0.4997819 0 0.8661513 0.4997819 0 0.9659191 0.2588443 0 0.9659191 0.2588443 0 1 0 0 1 0 0 1 0 0 1 0 0 1 0 0 1 0 0 1 0 0 1 0 0 -1 0 0 -1 0 0 -1 0 0 -1 0 0 -1 0 0 -1 0 0 -1 0 0 -1 0 0 0 -1 0 0 -1 0 0 -1 0 0 -1 0 0 -1 0 0 -1 0 0 -1 0 0 -1 0 0 -1 0 0 -1 0 0 -1 0 0 -1 0 0 -1 0 0 -1 0 0 -1 0 0 -1 0 0 -1 0 0 1 0 0 1 0 0 1 0 0 1 0 0 1 0 0 1 0 0 1 0 0 1 0 0 1 0 0 1 0 0 1 0 0 1 0 0 1 0 0 1 0 0 1 0 0 1 0 0 1 0</float_array>
          <technique_common>
            <accessor count="1588" source="#normals-array-array" stride="3">
              <param type="float" name="X"/>
              <param type="float" name="Y"/>
              <param type="float" name="Z"/>
            </accessor>
          </technique_common>
        </source>
        <vertices id="verts-array-vertices">
          <input semantic="POSITION" source="#verts-array"/>
        </vertices>
        <triangles count="1628" material="material0">
          <input offset="0" semantic="VERTEX" source="#verts-array-vertices"/>
          <input offset="1" semantic="NORMAL" source="#normals-array"/>
          <p>0 0 1 1 2 2 3 3 2 2 1 1 4 4 5 5 6 6 7 7 6 6 5 5 8 8 9 9 10 10 11 11 12 12 13 13 14 14 15 15 16 16 17 17 16 16 15 15 18 18 19 19 20 20 21 21 20 20 19 19 20 20 21 21 22 22 18 18 23 23 19 19 24 24 19 19 23 23 19 19 24 24 25 25 25 25 26 26 19 19 27 27 19 19 26 26 19 19 27 27 28 28 29 29 28 28 27 27 28 28 29 29 30 30 30 30 31 31 28 28 32 32 28 28 31 31 28 28 32 32 14 14 17 17 33 33 16 16 34 34 16 16 33 33 16 16 34 34 35 35 35 35 36 36 16 16 37 37 16 16 36 36 16 16 37 37 21 21 38 38 21 21 37 37 21 21 38 38 39 39 39 39 40 40 21 21 41 41 21 21 40 40 21 21 41 41 22 22 42 42 43 43 44 44 14 14 16 16 28 28 45 45 28 28 16 16 28 28 45 45 46 46 42 42 44 44 47 47 46 46 48 48 28 28 49 49 28 28 48 48 28 28 49 49 50 50 43 43 51 51 44 44 52 52 44 44 51 51 44 44 52 52 53 53 50 50 54 54 28 28 55 55 28 28 54 54 28 28 55 55 56 56 57 57 56 56 55 55 56 56 57 57 58 58 53 53 59 59 44 44 60 60 44 44 59 59 44 44 60 60 16 16 58 58 61 61 56 56 62 62 56 56 61 61 56 56 62 62 47 47 60 60 63 63 16 16 64 64 16 16 63 63 16 16 64 64 65 65 65 65 66 66 16 16 67 67 16 16 66 66 16 16 67 67 45 45 68 68 69 69 70 70 47 47 44 44 56 56 71 71 56 56 44 44 56 56 71 71 72 72 68 68 70 70 73 73 72 72 74 74 56 56 75 75 56 56 74 74 56 56 75 75 76 76 69 69 77 77 70 70 78 78 70 70 77 77 70 70 78 78 79 79 76 76 80 80 56 56 81 81 56 56 80 80 56 56 81 81 82 82 83 83 82 82 81 81 79 79 84 84 70 70 85 85 70 70 84 84 70 70 85 85 44 44 83 83 86 86 82 82 87 87 82 82 86 86 82 82 87 87 88 88 85 85 89 89 44 44 90 90 44 44 89 89 44 44 90 90 91 91 91 91 92 92 44 44 93 93 44 44 92 92 44 44 93 93 71 71 13 13 94 94 95 95 95 95 96 96 13 13 97 97 13 13 96 96 13 13 97 97 98 98 99 99 100 100 101 101 102 102 101 101 100 100 101 101 102 102 103 103 103 103 104 104 101 101 105 105 101 101 104 104 101 101 105 105 106 106 98 98 107 107 13 13 108 108 13 13 107 107 13 13 108 108 99 99 109 109 99 99 108 108 109 109 110 110 99 99 111 111 99 99 110 110 99 99 111 111 112 112 106 106 113 113 101 101 94 94 101 101 113 113 101 101 94 94 114 114 115 115 114 114 94 94 114 114 115 115 70 70 82 82 70 70 115 115 70 70 82 82 73 73 88 88 73 73 82 82 112 112 116 116 99 99 117 117 99 99 116 116 99 99 117 117 100 100 113 113 118 118 94 94 119 119 94 94 118 118 94 94 119 119 120 120 120 120 121 121 94 94 122 122 94 94 121 121 94 94 122 122 95 95 123 123 12 12 124 124 11 11 125 125 12 12 126 126 12 12 125 125 12 12 126 126 127 127 128 128 129 129 99 99 130 130 131 131 124 124 132 132 124 124 131 131 124 124 132 132 133 133 128 128 99 99 134 134 133 133 135 135 124 124 136 136 124 124 135 135 124 124 136 136 99 99 137 137 99 99 136 136 99 99 137 137 134 134 13 13 138 138 139 139 127 127 140 140 12 12 141 141 12 12 140 140 12 12 141 141 124 124 142 142 124 124 141 141 124 124 142 142 130 130 139 139 143 143 13 13 144 144 13 13 143 143 13 13 144 144 11 11 129 129 145 145 99 99 146 146 99 99 145 145 99 99 146 146 13 13 147 147 13 13 146 146 13 13 147 147 138 138 148 148 149 149 150 150 151 151 152 152 123 123 153 153 123 123 152 152 153 153 154 154 123 123 155 155 123 123 154 154 123 123 155 155 150 150 156 156 150 150 155 155 150 150 156 156 148 148 157 157 158 158 159 159 160 160 161 161 150 150 162 162 150 150 161 161 162 162 163 163 150 150 164 164 150 150 163 163 150 150 164 164 159 159 165 165 159 159 164 164 159 159 165 165 157 157 166 166 159 159 167 167 168 168 167 167 159 159 169 169 170 170 171 171 166 166 172 172 159 159 173 173 159 159 172 172 159 159 173 173 169 169 174 174 169 169 173 173 169 169 174 174 170 170 171 171 175 175 169 169 176 176 169 169 175 175 169 169 176 176 177 177 178 178 177 177 176 176 177 177 178 178 9 9 179 179 9 9 178 178 10 10 180 180 181 181 182 182 181 181 180 180 181 181 182 182 159 159 183 183 159 159 182 182 159 159 183 183 168 168 179 179 184 184 9 9 185 185 9 9 184 184 9 9 185 185 186 186 187 187 188 188 10 10 189 189 10 10 188 188 10 10 189 189 180 180 186 186 190 190 9 9 191 191 9 9 190 190 9 9 191 191 10 10 192 192 10 10 191 191 10 10 192 192 187 187 149 149 193 193 150 150 194 194 150 150 193 193 150 150 194 194 195 195 196 196 195 195 194 194 195 195 196 196 197 197 198 198 197 197 196 196 199 199 200 200 201 201 201 201 202 202 199 199 203 203 199 199 202 202 199 199 203 203 204 204 205 205 204 204 203 203 204 204 205 205 206 206 198 198 207 207 197 197 208 208 197 197 207 207 197 197 208 208 209 209 209 209 210 210 197 197 211 211 197 197 210 210 197 197 211 211 199 199 212 212 199 199 211 211 199 199 212 212 200 200 158 158 213 213 159 159 214 214 159 159 213 213 159 159 214 214 181 181 215 215 181 181 214 214 181 181 215 215 10 10 216 216 10 10 215 215 197 197 217 217 218 218 218 218 219 219 197 197 220 220 197 197 219 219 197 197 220 220 195 195 221 221 195 195 220 220 195 195 221 221 150 150 222 222 150 150 221 221 150 150 222 222 160 160 216 216 223 223 10 10 224 224 10 10 223 223 10 10 224 224 225 225 225 225 226 226 10 10 227 227 10 10 226 226 10 10 227 227 197 197 228 228 197 197 227 227 197 197 228 228 217 217 229 229 199 199 124 124 204 204 124 124 199 199 124 124 204 204 123 123 206 206 123 123 204 204 123 123 206 206 151 151 8 8 10 10 230 230 197 197 230 230 10 10 230 230 197 197 231 231 199 199 231 231 197 197 231 231 199 199 232 232 229 229 232 232 199 199 232 232 229 229 233 233 114 114 234 234 101 101 235 235 101 101 234 234 101 101 235 235 99 99 236 236 99 99 235 235 99 99 236 236 124 124 237 237 124 124 236 236 124 124 237 237 229 229 238 238 229 229 237 237 229 229 238 238 233 233 239 239 233 233 238 238 240 240 241 241 242 242 243 243 240 240 244 244 245 245 246 246 247 247 248 248 249 249 250 250 251 251 250 250 249 249 252 252 253 253 254 254 255 255 256 256 250 250 255 255 250 250 257 257 256 256 258 258 250 250 259 259 250 250 258 258 250 250 259 259 248 248 260 260 248 248 259 259 248 248 260 260 261 261 262 262 263 263 264 264 264 264 265 265 254 254 266 266 254 254 265 265 254 254 266 266 252 252 253 253 267 267 254 254 268 268 254 254 267 267 254 254 268 268 250 250 269 269 250 250 268 268 250 250 269 269 257 257 261 261 270 270 248 248 271 271 248 248 270 270 248 248 271 271 272 272 263 263 273 273 264 264 274 274 264 264 273 273 264 264 274 274 265 265 272 272 275 275 248 248 276 276 248 248 275 275 248 248 276 276 264 264 277 277 264 264 276 276 264 264 277 277 262 262 278 278 279 279 251 251 279 279 278 278 280 280 281 281 280 280 278 278 280 280 281 281 282 282 283 283 282 282 281 281 282 282 283 283 284 284 247 247 246 246 285 285 286 286 287 287 288 288 289 289 288 288 287 287 290 290 291 291 292 292 293 293 292 292 291 291 292 292 293 293 289 289 294 294 289 289 293 293 289 289 294 294 288 288 295 295 296 296 290 290 297 297 290 290 296 296 298 298 299 299 300 300 301 301 300 300 299 299 297 297 302 302 290 290 303 303 290 290 302 302 290 290 303 303 291 291 304 304 291 291 303 303 301 301 305 305 300 300 306 306 300 300 305 305 300 300 306 306 307 307 304 304 308 308 291 291 309 309 291 291 308 308 291 291 309 309 310 310 311 311 312 312 313 313 314 314 313 313 312 312 313 313 314 314 298 298 307 307 315 315 300 300 316 316 300 300 315 315 300 300 316 316 290 290 317 317 290 290 316 316 290 290 317 317 295 295 310 310 318 318 291 291 319 319 291 291 318 318 291 291 319 319 313 313 320 320 313 313 319 319 313 313 320 320 311 311 321 321 322 322 254 254 323 323 324 324 300 300 298 298 300 300 313 313 325 325 313 313 300 300 313 313 325 325 326 326 326 326 327 327 313 313 328 328 313 313 327 327 313 313 328 328 329 329 322 322 330 330 254 254 331 331 254 254 330 330 254 254 331 331 264 264 332 332 264 264 331 331 264 264 332 332 333 333 333 333 334 334 264 264 335 335 264 264 334 334 264 264 335 335 336 336 324 324 337 337 300 300 338 338 300 300 337 337 300 300 338 338 325 325 336 336 339 339 264 264 340 340 264 264 339 339 264 264 340 340 300 300 341 341 300 300 340 340 300 300 341 341 323 323 329 329 342 342 313 313 343 343 313 313 342 342 313 313 343 343 254 254 344 344 254 254 343 343 254 254 344 344 321 321 243 243 248 248 345 345 264 264 345 345 248 248 345 345 264 264 346 346 300 300 346 346 264 264 346 346 300 300 347 347 290 290 347 347 300 300 347 347 290 290 348 348 292 292 348 348 290 290 251 251 249 249 278 278 349 349 278 278 249 249 278 278 349 349 350 350 350 350 351 351 278 278 352 352 278 278 351 351 278 278 352 352 353 353 354 354 355 355 356 356 357 357 358 358 359 359 359 359 360 360 357 357 361 361 357 357 360 360 357 357 361 361 362 362 356 356 363 363 354 354 364 364 354 354 363 363 354 354 364 364 357 357 365 365 357 357 364 364 357 357 365 365 358 358 366 366 367 367 249 249 368 368 249 249 367 367 249 249 368 368 369 369 369 369 370 370 249 249 371 371 249 249 370 370 249 249 371 371 349 349 353 353 372 372 278 278 373 373 278 278 372 372 278 278 373 373 354 354 374 374 354 354 373 373 354 354 374 374 355 355 243 243 244 244 248 248 357 357 248 248 244 244 248 248 357 357 249 249 362 362 249 249 357 357 249 249 362 362 366 366 354 354 375 375 376 376 376 376 377 377 354 354 378 378 354 354 377 377 354 354 378 378 379 379 379 379 380 380 354 354 381 381 354 354 380 380 354 354 381 381 278 278 382 382 278 278 381 381 278 278 382 382 383 383 384 384 385 385 281 281 383 383 386 386 278 278 387 387 278 278 386 386 278 278 387 387 388 388 384 384 281 281 389 389 388 388 390 390 278 278 391 391 278 278 390 390 278 278 391 391 281 281 392 392 281 281 391 391 281 281 392 392 389 389 385 385 393 393 281 281 394 394 281 281 393 393 281 281 394 394 375 375 394 394 395 395 375 375 396 396 375 375 395 395 375 375 396 396 397 397 397 397 398 398 375 375 399 399 375 375 398 398 375 375 399 399 376 376 400 400 401 401 286 286 402 402 403 403 247 247 288 288 245 245 286 286 247 247 286 286 245 245 286 286 247 247 400 400 403 403 400 400 247 247 400 400 403 403 404 404 405 405 406 406 285 285 407 407 285 285 406 406 285 285 407 407 408 408 409 409 410 410 285 285 411 411 285 285 410 410 285 285 411 411 405 405 408 408 412 412 285 285 413 413 285 285 412 412 285 285 413 413 247 247 414 414 247 247 413 413 247 247 414 414 415 415 404 404 416 416 400 400 417 417 400 400 416 416 400 400 417 417 418 418 415 415 419 419 247 247 420 420 247 247 419 419 247 247 420 420 402 402 418 418 421 421 400 400 422 422 400 400 421 421 400 400 422 422 409 409 423 423 409 409 422 422 409 409 423 423 424 424 424 424 425 425 409 409 426 426 409 409 425 425 409 409 426 426 410 410 427 427 428 428 283 283 429 429 430 430 285 285 431 431 432 432 283 283 433 433 283 283 432 432 283 283 433 433 427 427 246 246 284 284 285 285 283 283 285 285 284 284 285 285 283 283 429 429 428 428 429 429 283 283 434 434 435 435 409 409 430 430 436 436 285 285 437 437 285 285 436 436 285 285 437 437 438 438 434 434 409 409 439 439 438 438 440 440 285 285 441 441 285 285 440 440 285 285 441 441 409 409 442 442 409 409 441 441 409 409 442 442 439 439 435 435 443 443 409 409 444 444 409 409 443 443 409 409 444 444 445 445 444 444 446 446 445 445 447 447 445 445 446 446 445 445 447 447 448 448 448 448 449 449 445 445 450 450 445 445 449 449 445 445 450 450 283 283 451 451 283 283 450 450 283 283 451 451 431 431 452 452 453 453 281 281 454 454 281 281 453 453 454 454 455 455 281 281 456 456 281 281 455 455 281 281 456 456 457 457 458 458 283 283 459 459 281 281 459 459 283 283 459 459 281 281 460 460 457 457 460 460 281 281 461 461 462 462 445 445 458 458 463 463 283 283 464 464 283 283 463 463 283 283 464 464 465 465 461 461 445 445 466 466 465 465 467 467 283 283 468 468 283 283 467 467 283 283 468 468 445 445 469 469 445 445 468 468 445 445 469 469 466 466 462 462 470 470 445 445 471 471 445 445 470 470 445 445 471 471 472 472 473 473 472 472 471 471 473 473 474 474 472 472 475 475 472 472 474 474 472 472 475 475 476 476 375 375 477 477 281 281 472 472 281 281 477 477 281 281 472 472 452 452 476 476 452 452 472 472 240 240 242 242 244 244 478 478 244 244 242 242 244 244 478 478 357 357 479 479 357 357 478 478 357 357 479 479 354 354 480 480 354 354 479 479 354 354 480 480 375 375 481 481 375 375 480 480 375 375 481 481 477 477 482 482 483 483 484 484 485 485 484 484 483 483 484 484 485 485 486 486 487 487 486 486 485 485 486 486 487 487 488 488 489 489 488 488 487 487 488 488 489 489 490 490 491 491 490 490 489 489 490 490 491 491 492 492 493 493 492 492 491 491 492 492 493 493 494 494 495 495 494 494 493 493 494 494 495 495 496 496 497 497 496 496 495 495 496 496 497 497 498 498 499 499 498 498 497 497 498 498 499 499 500 500 501 501 500 500 499 499 500 500 501 501 502 502 503 503 502 502 501 501 502 502 503 503 504 504 505 505 504 504 503 503 504 504 505 505 506 506 507 507 506 506 505 505 506 506 507 507 508 508 509 509 508 508 507 507 508 508 509 509 510 510 511 511 510 510 509 509 510 510 511 511 512 512 513 513 512 512 511 511 512 512 513 513 514 514 515 515 514 514 513 513 514 514 515 515 516 516 517 517 516 516 515 515 516 516 517 517 518 518 519 519 518 518 517 517 518 518 519 519 520 520 521 521 520 520 519 519 520 520 521 521 522 522 523 523 522 522 521 521 522 522 523 523 524 524 525 525 524 524 523 523 524 524 525 525 526 526 527 527 526 526 525 525 526 526 527 527 528 528 529 529 528 528 527 527 528 528 529 529 482 482 483 483 482 482 529 529 530 530 531 531 532 532 533 533 532 532 531 531 532 532 533 533 534 534 535 535 534 534 533 533 534 534 535 535 536 536 537 537 536 536 535 535 536 536 537 537 538 538 539 539 538 538 537 537 538 538 539 539 540 540 541 541 540 540 539 539 540 540 541 541 542 542 543 543 542 542 541 541 542 542 543 543 544 544 545 545 544 544 543 543 544 544 545 545 546 546 547 547 546 546 545 545 546 546 547 547 548 548 549 549 548 548 547 547 548 548 549 549 550 550 551 551 550 550 549 549 550 550 551 551 552 552 553 553 552 552 551 551 552 552 553 553 554 554 555 555 554 554 553 553 554 554 555 555 556 556 557 557 556 556 555 555 556 556 557 557 558 558 559 559 558 558 557 557 558 558 559 559 560 560 561 561 560 560 559 559 560 560 561 561 562 562 563 563 562 562 561 561 562 562 563 563 564 564 565 565 564 564 563 563 564 564 565 565 566 566 567 567 566 566 565 565 566 566 567 567 568 568 569 569 568 568 567 567 568 568 569 569 570 570 571 571 570 570 569 569 570 570 571 571 572 572 573 573 572 572 571 571 572 572 573 573 574 574 575 575 574 574 573 573 574 574 575 575 576 576 577 577 576 576 575 575 576 576 577 577 530 530 531 531 530 530 577 577 578 578 579 579 580 580 581 581 580 580 579 579 580 580 581 581 582 582 583 583 582 582 581 581 582 582 583 583 584 584 585 585 584 584 583 583 584 584 585 585 586 586 587 587 586 586 585 585 586 586 587 587 588 588 589 589 588 588 587 587 588 588 589 589 590 590 591 591 590 590 589 589 590 590 591 591 592 592 593 593 592 592 591 591 592 592 593 593 594 594 595 595 594 594 593 593 594 594 595 595 596 596 597 597 596 596 595 595 596 596 597 597 598 598 599 599 598 598 597 597 598 598 599 599 600 600 601 601 600 600 599 599 600 600 601 601 602 602 603 603 602 602 601 601 602 602 603 603 604 604 605 605 604 604 603 603 604 604 605 605 606 606 607 607 606 606 605 605 606 606 607 607 608 608 609 609 608 608 607 607 608 608 609 609 610 610 611 611 610 610 609 609 610 610 611 611 612 612 613 613 612 612 611 611 612 612 613 613 614 614 615 615 614 614 613 613 614 614 615 615 616 616 617 617 616 616 615 615 616 616 617 617 618 618 619 619 618 618 617 617 618 618 619 619 620 620 621 621 620 620 619 619 620 620 621 621 622 622 623 623 622 622 621 621 622 622 623 623 624 624 625 625 624 624 623 623 624 624 625 625 578 578 579 579 578 578 625 625 626 626 627 627 628 628 629 629 628 628 627 627 628 628 629 629 630 630 631 631 630 630 629 629 630 630 631 631 632 632 633 633 632 632 631 631 632 632 633 633 634 634 635 635 634 634 633 633 634 634 635 635 636 636 637 637 636 636 635 635 636 636 637 637 638 638 639 639 638 638 637 637 638 638 639 639 640 640 641 641 640 640 639 639 640 640 641 641 642 642 643 643 642 642 641 641 642 642 643 643 644 644 645 645 644 644 643 643 644 644 645 645 646 646 647 647 646 646 645 645 646 646 647 647 648 648 649 649 648 648 647 647 648 648 649 649 650 650 651 651 650 650 649 649 650 650 651 651 652 652 653 653 652 652 651 651 652 652 653 653 654 654 655 655 654 654 653 653 654 654 655 655 656 656 657 657 656 656 655 655 656 656 657 657 658 658 659 659 658 658 657 657 658 658 659 659 660 660 661 661 660 660 659 659 660 660 661 661 662 662 663 663 662 662 661 661 662 662 663 663 664 664 665 665 664 664 663 663 664 664 665 665 666 666 667 667 666 666 665 665 666 666 667 667 668 668 669 669 668 668 667 667 668 668 669 669 670 670 671 671 670 670 669 669 670 670 671 671 672 672 673 673 672 672 671 671 672 672 673 673 626 626 627 627 626 626 673 673 674 674 675 675 676 676 677 677 676 676 675 675 676 676 677 677 678 678 679 679 678 678 677 677 678 678 679 679 680 680 681 681 680 680 679 679 680 680 681 681 682 682 683 683 682 682 681 681 682 682 683 683 684 684 685 685 684 684 683 683 684 684 685 685 686 686 687 687 686 686 685 685 686 686 687 687 688 688 689 689 688 688 687 687 688 688 689 689 690 690 691 691 690 690 689 689 690 690 691 691 692 692 693 693 692 692 691 691 692 692 693 693 694 694 695 695 694 694 693 693 694 694 695 695 696 696 697 697 696 696 695 695 696 696 697 697 698 698 699 699 698 698 697 697 698 698 699 699 700 700 701 701 700 700 699 699 700 700 701 701 702 702 703 703 702 702 701 701 702 702 703 703 704 704 705 705 704 704 703 703 704 704 705 705 706 706 707 707 706 706 705 705 706 706 707 707 708 708 709 709 708 708 707 707 708 708 709 709 710 710 711 711 710 710 709 709 710 710 711 711 712 712 713 713 712 712 711 711 712 712 713 713 714 714 715 715 714 714 713 713 714 714 715 715 716 716 717 717 716 716 715 715 716 716 717 717 718 718 719 719 718 718 717 717 718 718 719 719 720 720 721 721 720 720 719 719 720 720 721 721 674 674 675 675 674 674 721 721 722 722 723 723 724 724 725 725 724 724 723 723 724 724 725 725 726 726 727 727 726 726 725 725 726 726 727 727 728 728 729 729 728 728 727 727 728 728 729 729 730 730 731 731 730 730 729 729 730 730 731 731 732 732 733 733 732 732 731 731 732 732 733 733 734 734 735 735 734 734 733 733 734 734 735 735 736 736 737 737 736 736 735 735 736 736 737 737 738 738 739 739 738 738 737 737 738 738 739 739 740 740 741 741 740 740 739 739 740 740 741 741 742 742 743 743 742 742 741 741 742 742 743 743 744 744 745 745 744 744 743 743 744 744 745 745 746 746 747 747 746 746 745 745 746 746 747 747 748 748 749 749 748 748 747 747 748 748 749 749 750 750 751 751 750 750 749 749 750 750 751 751 752 752 753 753 752 752 751 751 752 752 753 753 754 754 755 755 754 754 753 753 754 754 755 755 756 756 757 757 756 756 755 755 756 756 757 757 758 758 759 759 758 758 757 757 758 758 759 759 760 760 761 761 760 760 759 759 760 760 761 761 762 762 763 763 762 762 761 761 762 762 763 763 764 764 765 765 764 764 763 763 764 764 765 765 766 766 767 767 766 766 765 765 766 766 767 767 768 768 769 769 768 768 767 767 768 768 769 769 722 722 723 723 722 722 769 769 770 770 771 771 772 772 773 773 772 772 771 771 772 772 773 773 774 774 775 775 774 774 773 773 774 774 775 775 776 776 777 777 776 776 775 775 776 776 777 777 778 778 779 779 778 778 777 777 778 778 779 779 780 780 781 781 780 780 779 779 780 780 781 781 782 782 783 783 782 782 781 781 782 782 783 783 784 784 785 785 784 784 783 783 784 784 785 785 786 786 787 787 786 786 785 785 786 786 787 787 788 788 789 789 788 788 787 787 788 788 789 789 790 790 791 791 790 790 789 789 790 790 791 791 792 792 793 793 792 792 791 791 792 792 793 793 794 794 795 795 794 794 793 793 794 794 795 795 796 796 797 797 796 796 795 795 796 796 797 797 798 798 799 799 798 798 797 797 798 798 799 799 800 800 801 801 800 800 799 799 800 800 801 801 802 802 803 803 802 802 801 801 802 802 803 803 804 804 805 805 804 804 803 803 804 804 805 805 806 806 807 807 806 806 805 805 806 806 807 807 808 808 809 809 808 808 807 807 808 808 809 809 810 810 811 811 810 810 809 809 810 810 811 811 812 812 813 813 812 812 811 811 812 812 813 813 814 814 815 815 814 814 813 813 814 814 815 815 816 816 817 817 816 816 815 815 816 816 817 817 770 770 771 771 770 770 817 817 818 818 819 819 820 820 821 821 820 820 819 819 820 820 821 821 822 822 823 823 822 822 821 821 822 822 823 823 824 824 825 825 824 824 823 823 824 824 825 825 826 826 827 827 826 826 825 825 826 826 827 827 828 828 829 829 828 828 827 827 828 828 829 829 830 830 831 831 830 830 829 829 830 830 831 831 832 832 833 833 832 832 831 831 832 832 833 833 834 834 835 835 834 834 833 833 834 834 835 835 836 836 837 837 836 836 835 835 836 836 837 837 838 838 839 839 838 838 837 837 838 838 839 839 840 840 841 841 840 840 839 839 840 840 841 841 842 842 843 843 842 842 841 841 842 842 843 843 844 844 845 845 844 844 843 843 844 844 845 845 846 846 847 847 846 846 845 845 846 846 847 847 848 848 849 849 848 848 847 847 848 848 849 849 850 850 851 851 850 850 849 849 850 850 851 851 852 852 853 853 852 852 851 851 852 852 853 853 854 854 855 855 854 854 853 853 854 854 855 855 856 856 857 857 856 856 855 855 856 856 857 857 858 858 859 859 858 858 857 857 858 858 859 859 860 860 861 861 860 860 859 859 860 860 861 861 862 862 863 863 862 862 861 861 862 862 863 863 864 864 865 865 864 864 863 863 864 864 865 865 818 818 819 819 818 818 865 865 866 866 867 867 868 868 869 869 868 868 867 867 870 870 871 871 872 872 873 873 872 872 871 871 874 874 875 875 876 876 877 877 878 878 879 879 880 880 879 879 878 878 879 879 881 881 882 882 883 883 884 884 885 885 874 874 876 876 886 886 879 879 882 882 877 877 885 885 877 877 882 882 877 877 885 885 887 887 888 888 886 886 882 882 876 876 882 882 886 886 882 882 876 876 885 885 889 889 885 885 876 876 885 885 889 889 883 883 890 890 891 891 892 892 890 890 892 892 893 893 894 894 893 893 892 892 893 893 894 894 895 895 896 896 895 895 894 894 895 895 896 896 897 897 898 898 897 897 896 896 897 897 898 898 899 899 900 900 901 901 902 902 900 900 902 902 903 903 904 904 903 903 902 902 903 903 904 904 905 905 906 906 905 905 904 904 905 905 906 906 907 907 908 908 909 909 910 910 908 908 910 910 911 911 912 912 911 911 910 910 911 911 912 912 913 913 914 914 913 913 912 912 913 913 914 914 915 915 916 916 915 915 914 914 915 915 916 916 917 917 918 918 919 919 920 920 921 921 920 920 919 919 920 920 921 921 922 922 923 923 922 922 921 921 922 922 924 924 925 925 925 925 926 926 922 922 927 927 922 922 926 926 922 922 927 927 920 920 928 928 920 920 927 927 920 920 928 928 929 929 930 930 931 931 932 932 932 932 933 933 930 930 934 934 930 930 933 933 930 930 934 934 935 935 936 936 937 937 938 938 939 939 938 938 937 937 940 940 941 941 938 938 942 942 938 938 941 941 938 938 942 942 943 943 944 944 945 945 946 946 947 947 946 946 945 945 948 948 949 949 950 950 935 935 951 951 930 930 952 952 930 930 951 951 930 930 952 952 938 938 953 953 938 938 952 952 938 938 953 953 940 940 954 954 955 955 956 956 957 957 956 956 955 955 956 956 957 957 958 958 959 959 960 960 961 961 939 939 948 948 938 938 950 950 938 938 948 948 938 938 950 950 956 956 962 962 956 956 950 950 956 956 962 962 954 954 943 943 963 963 938 938 964 964 938 938 963 963 938 938 964 964 946 946 961 961 965 965 959 959 966 966 959 959 965 965 959 959 966 966 967 967 947 947 968 968 946 946 969 969 946 946 968 968 946 946 969 969 938 938 970 970 938 938 969 969 938 938 970 970 936 936 958 958 971 971 956 956 972 972 956 956 971 971 956 956 972 972 959 959 973 973 959 959 972 972 959 959 973 973 960 960 949 949 974 974 950 950 975 975 950 950 974 974 950 950 975 975 976 976 977 977 978 978 959 959 979 979 959 959 978 978 980 980 981 981 946 946 982 982 946 946 981 981 946 946 982 982 944 944 980 980 983 983 981 981 984 984 981 981 983 983 981 981 984 984 985 985 986 986 977 977 987 987 988 988 987 987 977 977 931 931 930 930 989 989 959 959 989 989 930 930 989 989 959 959 990 990 967 967 991 991 959 959 992 992 959 959 991 991 959 959 992 992 977 977 993 993 977 977 992 992 977 977 993 993 988 988 979 979 994 994 959 959 995 995 959 959 994 994 959 959 995 995 981 981 986 986 987 987 996 996 997 997 996 996 987 987 996 996 997 997 998 998 999 999 998 998 997 997 998 998 999 999 1000 1000 1001 1001 1000 1000 999 999 1000 1000 1001 1001 975 975 1002 1002 975 975 1001 1001 975 975 1002 1002 976 976 985 985 1003 1003 981 981 1004 1004 981 981 1003 1003 981 981 1004 1004 959 959 1005 1005 959 959 1004 1004 959 959 1005 1005 990 990 1006 1006 1007 1007 1008 1008 1009 1009 1010 1010 1008 1008 1011 1011 1012 1012 1013 1013 1010 1010 1014 1014 1008 1008 1015 1015 1008 1008 1014 1014 1008 1008 1015 1015 1006 1006 1013 1013 1012 1012 1016 1016 1017 1017 1018 1018 1019 1019 1020 1020 1019 1019 1018 1018 1021 1021 1022 1022 1023 1023 1009 1009 1008 1008 1024 1024 1021 1021 1024 1024 1008 1008 1024 1024 1021 1021 1025 1025 1020 1020 1026 1026 1019 1019 1027 1027 1019 1019 1026 1026 1019 1019 1027 1027 1021 1021 1028 1028 1021 1021 1027 1027 1021 1021 1028 1028 1022 1022 1023 1023 1029 1029 1021 1021 1030 1030 1021 1021 1029 1029 1021 1021 1030 1030 1025 1025 1031 1031 1032 1032 1033 1033 1034 1034 1033 1033 1032 1032 1016 1016 1012 1012 1035 1035 1036 1036 1035 1035 1012 1012 1035 1035 1036 1036 1037 1037 1038 1038 1039 1039 1040 1040 1041 1041 1040 1040 1039 1039 1040 1040 1041 1041 1042 1042 1043 1043 1044 1044 1008 1008 1045 1045 1008 1008 1044 1044 1008 1008 1045 1045 1046 1046 1047 1047 1019 1019 1048 1048 1049 1049 1048 1048 1019 1019 1034 1034 1050 1050 1033 1033 1051 1051 1033 1033 1050 1050 1033 1033 1051 1051 1052 1052 1053 1053 1052 1052 1051 1051 1007 1007 1054 1054 1008 1008 1055 1055 1008 1008 1054 1054 1008 1008 1055 1055 1043 1043 1052 1052 1043 1043 1055 1055 1043 1043 1052 1052 1056 1056 1053 1053 1056 1056 1052 1052 1037 1037 1057 1057 1035 1035 1058 1058 1035 1035 1057 1057 1035 1035 1058 1058 1046 1046 1059 1059 1046 1046 1058 1058 1046 1046 1059 1059 1008 1008 1059 1059 1060 1060 1008 1008 1061 1061 1008 1008 1060 1060 1008 1008 1061 1061 1040 1040 1062 1062 1040 1040 1061 1061 1040 1040 1062 1062 1038 1038 1011 1011 1013 1013 1063 1063 1064 1064 1063 1063 1013 1013 1063 1063 1064 1064 1065 1065 1031 1031 1033 1033 1066 1066 1067 1067 1066 1066 1033 1033 1066 1066 1067 1067 1068 1068 1069 1069 1070 1070 1019 1019 1071 1071 1019 1019 1070 1070 1019 1019 1071 1071 1063 1063 1072 1072 1073 1073 1019 1019 1074 1074 1019 1019 1073 1073 1019 1019 1074 1074 1069 1069 1065 1065 1075 1075 1063 1063 1076 1076 1063 1063 1075 1075 1063 1063 1076 1076 1019 1019 1077 1077 1019 1019 1076 1076 1019 1019 1077 1077 1049 1049 1042 1042 1078 1078 1040 1040 1079 1079 1040 1040 1078 1078 1040 1040 1079 1079 1019 1019 1080 1080 1019 1019 1079 1079 1019 1019 1080 1080 1072 1072 1047 1047 1081 1081 1019 1019 1066 1066 1019 1019 1081 1081 1019 1019 1066 1066 1017 1017 1068 1068 1017 1017 1066 1066 1082 1082 1083 1083 1084 1084 1085 1085 1084 1084 1083 1083 1086 1086 1087 1087 1088 1088 1089 1089 1090 1090 1091 1091 1092 1092 1091 1091 1090 1090 1088 1088 1093 1093 1094 1094 1095 1095 1094 1094 1093 1093 1096 1096 1097 1097 1088 1088 1098 1098 1099 1099 1100 1100 1101 1101 1102 1102 1103 1103 1100 1100 1104 1104 1098 1098 1105 1105 1098 1098 1104 1104 1098 1098 1105 1105 1106 1106 1107 1107 1106 1106 1105 1105 1108 1108 1109 1109 1094 1094 1110 1110 1094 1094 1109 1109 1111 1111 1112 1112 1113 1113 1113 1113 1112 1112 1114 1114 1103 1103 1115 1115 1091 1091 1116 1116 1091 1091 1115 1115 1091 1091 1116 1116 1094 1094 1117 1117 1094 1094 1116 1116 1094 1094 1117 1117 1108 1108 1118 1118 1108 1108 1117 1117 1110 1110 1119 1119 1094 1094 1120 1120 1094 1094 1119 1119 1094 1094 1120 1120 1121 1121 1097 1097 1122 1122 1088 1088 1123 1123 1088 1088 1122 1122 1088 1088 1123 1123 1086 1086 1118 1118 1117 1117 1113 1113 1124 1124 1113 1113 1117 1117 1113 1113 1124 1124 1111 1111 1107 1107 1105 1105 1125 1125 1126 1126 1125 1125 1105 1105 1125 1125 1126 1126 1127 1127 1128 1128 1129 1129 1091 1091 1101 1101 1103 1103 1130 1130 1091 1091 1130 1130 1103 1103 1130 1130 1091 1091 1131 1131 1132 1132 1133 1133 1088 1088 1134 1134 1088 1088 1133 1133 1088 1088 1134 1134 1092 1092 1135 1135 1092 1092 1134 1134 1092 1092 1135 1135 1136 1136 1121 1121 1137 1137 1094 1094 1138 1138 1094 1094 1137 1137 1094 1094 1138 1138 1088 1088 1139 1139 1088 1088 1138 1138 1088 1088 1139 1139 1096 1096 1129 1129 1140 1140 1091 1091 1141 1141 1091 1091 1140 1140 1091 1091 1141 1141 1131 1131 1087 1087 1099 1099 1088 1088 1098 1098 1088 1088 1099 1099 1088 1088 1098 1098 1132 1132 1142 1142 1132 1132 1098 1098 1132 1132 1142 1142 1143 1143 1112 1112 1144 1144 1114 1114 1145 1145 1114 1114 1144 1144 1114 1114 1145 1145 1146 1146 1147 1147 1146 1146 1145 1145 1146 1146 1147 1147 1126 1126 1148 1148 1126 1126 1147 1147 1126 1126 1148 1148 1127 1127 1143 1143 1149 1149 1132 1132 1150 1150 1132 1132 1149 1149 1132 1132 1150 1150 1151 1151 1102 1102 1152 1152 1103 1103 1153 1153 1103 1103 1152 1152 1103 1103 1153 1153 1154 1154 1136 1136 1155 1155 1092 1092 1156 1156 1092 1092 1155 1155 1092 1092 1156 1156 1157 1157 1151 1151 1150 1150 1158 1158 1159 1159 1158 1158 1150 1150 1158 1158 1159 1159 1160 1160 1161 1161 1160 1160 1159 1159 1160 1160 1161 1161 1153 1153 1162 1162 1153 1153 1161 1161 1153 1153 1162 1162 1154 1154 1157 1157 1163 1163 1092 1092 1164 1164 1092 1092 1163 1163 1092 1092 1164 1164 1091 1091 1165 1165 1091 1091 1164 1164 1091 1091 1165 1165 1128 1128 1166 1166 1167 1167 1168 1168 1169 1169 1168 1168 1167 1167 1170 1170 1171 1171 1172 1172 1173 1173 1172 1172 1171 1171 1172 1172 1174 1174 1175 1175 1176 1176 1177 1177 1172 1172 1178 1178 1172 1172 1177 1177 1172 1172 1178 1178 1179 1179 1180 1180 1181 1181 1166 1166 1172 1172 1182 1182 1183 1183 1172 1172 1184 1184 1185 1185 1186 1186 1187 1187 1173 1173 1188 1188 1173 1173 1187 1187 1173 1173 1188 1188 1189 1189 1183 1183 1190 1190 1172 1172 1191 1191 1172 1172 1190 1190 1172 1172 1191 1191 1174 1174 1185 1185 1192 1192 1172 1172 1193 1193 1172 1172 1192 1192 1172 1172 1193 1193 1176 1176 1194 1194 1168 1168 1195 1195 1196 1196 1195 1195 1168 1168 1194 1194 1197 1197 1168 1168 1198 1198 1168 1168 1197 1197 1168 1168 1198 1198 1166 1166 1199 1199 1166 1166 1198 1198 1166 1166 1199 1199 1180 1180 1181 1181 1200 1200 1166 1166 1201 1201 1166 1166 1200 1200 1166 1166 1201 1201 1202 1202 1184 1184 1172 1172 1203 1203 1175 1175 1203 1203 1172 1172 1203 1203 1175 1175 1204 1204 1205 1205 1204 1204 1175 1175 1204 1204 1205 1205 1206 1206 1207 1207 1208 1208 1166 1166 1209 1209 1166 1166 1208 1208 1210 1210 1211 1211 1168 1168 1209 1209 1212 1212 1166 1166 1213 1213 1166 1166 1212 1212 1166 1166 1213 1213 1173 1173 1214 1214 1173 1173 1213 1213 1173 1173 1214 1214 1186 1186 1189 1189 1215 1215 1173 1173 1216 1216 1173 1173 1215 1215 1173 1173 1216 1216 1172 1172 1217 1217 1172 1172 1216 1216 1172 1172 1217 1217 1182 1182 1210 1210 1168 1168 1218 1218 1219 1219 1220 1220 1221 1221 1179 1179 1222 1222 1172 1172 1223 1223 1172 1172 1222 1222 1172 1172 1223 1223 1168 1168 1224 1224 1168 1168 1223 1223 1168 1168 1224 1224 1218 1218 1221 1221 1220 1220 1225 1225 1206 1206 1226 1226 1204 1204 1227 1227 1204 1204 1226 1226 1204 1204 1227 1227 1228 1228 1202 1202 1229 1229 1166 1166 1230 1230 1166 1166 1229 1229 1166 1166 1230 1230 1221 1221 1231 1231 1221 1221 1230 1230 1221 1221 1231 1231 1219 1219 1211 1211 1232 1232 1233 1233 1221 1221 1234 1234 1166 1166 1204 1204 1166 1166 1234 1234 1166 1166 1204 1204 1207 1207 1228 1228 1207 1207 1204 1204 1225 1225 1220 1220 1235 1235 1236 1236 1235 1235 1220 1220 1235 1235 1236 1236 1237 1237 1233 1233 1238 1238 1211 1211 1239 1239 1211 1211 1238 1238 1211 1211 1239 1239 1168 1168 1240 1240 1168 1168 1239 1239 1168 1168 1240 1240 1196 1196 1232 1232 1211 1211 1241 1241 1242 1242 1241 1241 1211 1211 1241 1241 1242 1242 1243 1243 1244 1244 1243 1243 1242 1242 1243 1243 1244 1244 1236 1236 1245 1245 1236 1236 1244 1244 1236 1236 1245 1245 1237 1237 1246 1246 1247 1247 1248 1248 1249 1249 1248 1248 1247 1247 1250 1250 1251 1251 1252 1252 1253 1253 1252 1252 1251 1251 1252 1252 1253 1253 1254 1254 1255 1255 1254 1254 1253 1253 1254 1254 1255 1255 1256 1256 1257 1257 1256 1256 1255 1255 1256 1256 1257 1257 1258 1258 1259 1259 1258 1258 1257 1257 1258 1258 1259 1259 1260 1260 1261 1261 1260 1260 1259 1259 1260 1260 1261 1261 1262 1262 1263 1263 1262 1262 1261 1261 1262 1262 1263 1263 1264 1264 1265 1265 1264 1264 1263 1263 1264 1264 1265 1265 1266 1266 1267 1267 1266 1266 1265 1265 1266 1266 1267 1267 1268 1268 1269 1269 1268 1268 1267 1267 1268 1268 1269 1269 1270 1270 1271 1271 1270 1270 1269 1269 1270 1270 1271 1271 1272 1272 1273 1273 1272 1272 1271 1271 1272 1272 1273 1273 1274 1274 1275 1275 1274 1274 1273 1273 1274 1274 1275 1275 1276 1276 1277 1277 1276 1276 1275 1275 1276 1276 1277 1277 1278 1278 1279 1279 1278 1278 1277 1277 1278 1278 1279 1279 1280 1280 1281 1281 1280 1280 1279 1279 1280 1280 1281 1281 1282 1282 1283 1283 1282 1282 1281 1281 1282 1282 1283 1283 1284 1284 1285 1285 1284 1284 1283 1283 1284 1284 1285 1285 1286 1286 1287 1287 1286 1286 1285 1285 1286 1286 1287 1287 1288 1288 1289 1289 1288 1288 1287 1287 1288 1288 1289 1289 1290 1290 1291 1291 1290 1290 1289 1289 1290 1290 1291 1291 1292 1292 1293 1293 1292 1292 1291 1291 1292 1292 1293 1293 1294 1294 1295 1295 1294 1294 1293 1293 1294 1294 1295 1295 1296 1296 1297 1297 1296 1296 1295 1295 1296 1296 1297 1297 1250 1250 1251 1251 1250 1250 1297 1297 1298 1298 1299 1299 1300 1300 1301 1301 1300 1300 1299 1299 1300 1300 1301 1301 1302 1302 1303 1303 1302 1302 1301 1301 1302 1302 1303 1303 1304 1304 1305 1305 1304 1304 1303 1303 1304 1304 1305 1305 1306 1306 1307 1307 1306 1306 1305 1305 1306 1306 1307 1307 1308 1308 1309 1309 1308 1308 1307 1307 1308 1308 1309 1309 1310 1310 1311 1311 1310 1310 1309 1309 1310 1310 1311 1311 1312 1312 1313 1313 1312 1312 1311 1311 1312 1312 1313 1313 1314 1314 1315 1315 1314 1314 1313 1313 1314 1314 1315 1315 1316 1316 1317 1317 1316 1316 1315 1315 1316 1316 1317 1317 1318 1318 1319 1319 1318 1318 1317 1317 1318 1318 1319 1319 1320 1320 1321 1321 1320 1320 1319 1319 1320 1320 1321 1321 1322 1322 1323 1323 1322 1322 1321 1321 1322 1322 1323 1323 1324 1324 1325 1325 1324 1324 1323 1323 1324 1324 1325 1325 1326 1326 1327 1327 1326 1326 1325 1325 1326 1326 1327 1327 1328 1328 1329 1329 1328 1328 1327 1327 1328 1328 1329 1329 1330 1330 1331 1331 1330 1330 1329 1329 1330 1330 1331 1331 1332 1332 1333 1333 1332 1332 1331 1331 1332 1332 1333 1333 1334 1334 1335 1335 1334 1334 1333 1333 1334 1334 1335 1335 1336 1336 1337 1337 1336 1336 1335 1335 1336 1336 1337 1337 1338 1338 1339 1339 1338 1338 1337 1337 1338 1338 1339 1339 1340 1340 1341 1341 1340 1340 1339 1339 1340 1340 1341 1341 1342 1342 1343 1343 1342 1342 1341 1341 1342 1342 1343 1343 1344 1344 1345 1345 1344 1344 1343 1343 1344 1344 1345 1345 1298 1298 1299 1299 1298 1298 1345 1345 1346 1346 1347 1347 1348 1348 1349 1349 1348 1348 1347 1347 1348 1348 1349 1349 1350 1350 1351 1351 1350 1350 1349 1349 1350 1350 1351 1351 1352 1352 1353 1353 1352 1352 1351 1351 1352 1352 1353 1353 1354 1354 1355 1355 1354 1354 1353 1353 1354 1354 1355 1355 1356 1356 1357 1357 1356 1356 1355 1355 1356 1356 1357 1357 1358 1358 1359 1359 1358 1358 1357 1357 1358 1358 1359 1359 1360 1360 1361 1361 1360 1360 1359 1359 1360 1360 1361 1361 1362 1362 1363 1363 1362 1362 1361 1361 1362 1362 1363 1363 1364 1364 1365 1365 1364 1364 1363 1363 1364 1364 1365 1365 1366 1366 1367 1367 1366 1366 1365 1365 1366 1366 1367 1367 1368 1368 1369 1369 1368 1368 1367 1367 1368 1368 1369 1369 1370 1370 1371 1371 1370 1370 1369 1369 1370 1370 1371 1371 1372 1372 1373 1373 1372 1372 1371 1371 1372 1372 1373 1373 1374 1374 1375 1375 1374 1374 1373 1373 1374 1374 1375 1375 1376 1376 1377 1377 1376 1376 1375 1375 1376 1376 1377 1377 1378 1378 1379 1379 1378 1378 1377 1377 1378 1378 1379 1379 1380 1380 1381 1381 1380 1380 1379 1379 1380 1380 1381 1381 1382 1382 1383 1383 1382 1382 1381 1381 1382 1382 1383 1383 1384 1384 1385 1385 1384 1384 1383 1383 1384 1384 1385 1385 1386 1386 1387 1387 1386 1386 1385 1385 1386 1386 1387 1387 1388 1388 1389 1389 1388 1388 1387 1387 1388 1388 1389 1389 1390 1390 1391 1391 1390 1390 1389 1389 1390 1390 1391 1391 1392 1392 1393 1393 1392 1392 1391 1391 1392 1392 1393 1393 1346 1346 1347 1347 1346 1346 1393 1393 1394 1394 1395 1395 1396 1396 1397 1397 1396 1396 1395 1395 1396 1396 1397 1397 1398 1398 1399 1399 1398 1398 1397 1397 1398 1398 1399 1399 1400 1400 1401 1401 1400 1400 1399 1399 1400 1400 1401 1401 1402 1402 1403 1403 1402 1402 1401 1401 1402 1402 1403 1403 1404 1404 1405 1405 1404 1404 1403 1403 1404 1404 1405 1405 1406 1406 1407 1407 1406 1406 1405 1405 1406 1406 1407 1407 1408 1408 1409 1409 1408 1408 1407 1407 1408 1408 1409 1409 1410 1410 1411 1411 1410 1410 1409 1409 1410 1410 1411 1411 1412 1412 1413 1413 1412 1412 1411 1411 1412 1412 1413 1413 1414 1414 1415 1415 1414 1414 1413 1413 1414 1414 1415 1415 1416 1416 1417 1417 1416 1416 1415 1415 1416 1416 1417 1417 1418 1418 1419 1419 1418 1418 1417 1417 1418 1418 1419 1419 1420 1420 1421 1421 1420 1420 1419 1419 1420 1420 1421 1421 1422 1422 1423 1423 1422 1422 1421 1421 1422 1422 1423 1423 1424 1424 1425 1425 1424 1424 1423 1423 1424 1424 1425 1425 1426 1426 1427 1427 1426 1426 1425 1425 1426 1426 1427 1427 1428 1428 1429 1429 1428 1428 1427 1427 1428 1428 1429 1429 1430 1430 1431 1431 1430 1430 1429 1429 1430 1430 1431 1431 1432 1432 1433 1433 1432 1432 1431 1431 1432 1432 1433 1433 1434 1434 1435 1435 1434 1434 1433 1433 1434 1434 1435 1435 1436 1436 1437 1437 1436 1436 1435 1435 1436 1436 1437 1437 1438 1438 1439 1439 1438 1438 1437 1437 1438 1438 1439 1439 1440 1440 1441 1441 1440 1440 1439 1439 1440 1440 1441 1441 1394 1394 1395 1395 1394 1394 1441 1441 1442 1442 1443 1443 1444 1444 1445 1445 1444 1444 1443 1443 1444 1444 1445 1445 1446 1446 1447 1447 1446 1446 1445 1445 1446 1446 1447 1447 1448 1448 1449 1449 1448 1448 1447 1447 1448 1448 1449 1449 1450 1450 1451 1451 1450 1450 1449 1449 1450 1450 1451 1451 1452 1452 1453 1453 1452 1452 1451 1451 1452 1452 1453 1453 1454 1454 1455 1455 1454 1454 1453 1453 1454 1454 1455 1455 1456 1456 1457 1457 1456 1456 1455 1455 1456 1456 1457 1457 1458 1458 1459 1459 1458 1458 1457 1457 1458 1458 1459 1459 1460 1460 1461 1461 1460 1460 1459 1459 1460 1460 1461 1461 1462 1462 1463 1463 1462 1462 1461 1461 1462 1462 1463 1463 1464 1464 1465 1465 1464 1464 1463 1463 1464 1464 1465 1465 1466 1466 1467 1467 1466 1466 1465 1465 1466 1466 1467 1467 1468 1468 1469 1469 1468 1468 1467 1467 1468 1468 1469 1469 1470 1470 1471 1471 1470 1470 1469 1469 1470 1470 1471 1471 1472 1472 1473 1473 1472 1472 1471 1471 1472 1472 1473 1473 1474 1474 1475 1475 1474 1474 1473 1473 1474 1474 1475 1475 1476 1476 1477 1477 1476 1476 1475 1475 1476 1476 1477 1477 1478 1478 1479 1479 1478 1478 1477 1477 1478 1478 1479 1479 1480 1480 1481 1481 1480 1480 1479 1479 1480 1480 1481 1481 1482 1482 1483 1483 1482 1482 1481 1481 1482 1482 1483 1483 1484 1484 1485 1485 1484 1484 1483 1483 1484 1484 1485 1485 1486 1486 1487 1487 1486 1486 1485 1485 1486 1486 1487 1487 1488 1488 1489 1489 1488 1488 1487 1487 1488 1488 1489 1489 1442 1442 1443 1443 1442 1442 1489 1489 1490 1490 1491 1491 1492 1492 1493 1493 1492 1492 1491 1491 1492 1492 1493 1493 1494 1494 1495 1495 1494 1494 1493 1493 1494 1494 1495 1495 1496 1496 1497 1497 1496 1496 1495 1495 1496 1496 1497 1497 1498 1498 1499 1499 1498 1498 1497 1497 1498 1498 1499 1499 1500 1500 1501 1501 1500 1500 1499 1499 1500 1500 1501 1501 1502 1502 1503 1503 1502 1502 1501 1501 1502 1502 1503 1503 1504 1504 1505 1505 1504 1504 1503 1503 1504 1504 1505 1505 1506 1506 1507 1507 1506 1506 1505 1505 1506 1506 1507 1507 1508 1508 1509 1509 1508 1508 1507 1507 1508 1508 1509 1509 1510 1510 1511 1511 1510 1510 1509 1509 1510 1510 1511 1511 1512 1512 1513 1513 1512 1512 1511 1511 1512 1512 1513 1513 1514 1514 1515 1515 1514 1514 1513 1513 1514 1514 1515 1515 1516 1516 1517 1517 1516 1516 1515 1515 1516 1516 1517 1517 1518 1518 1519 1519 1518 1518 1517 1517 1518 1518 1519 1519 1520 1520 1521 1521 1520 1520 1519 1519 1520 1520 1521 1521 1522 1522 1523 1523 1522 1522 1521 1521 1522 1522 1523 1523 1524 1524 1525 1525 1524 1524 1523 1523 1524 1524 1525 1525 1526 1526 1527 1527 1526 1526 1525 1525 1526 1526 1527 1527 1528 1528 1529 1529 1528 1528 1527 1527 1528 1528 1529 1529 1530 1530 1531 1531 1530 1530 1529 1529 1530 1530 1531 1531 1532 1532 1533 1533 1532 1532 1531 1531 1532 1532 1533 1533 1534 1534 1535 1535 1534 1534 1533 1533 1534 1534 1535 1535 1536 1536 1537 1537 1536 1536 1535 1535 1536 1536 1537 1537 1490 1490 1491 1491 1490 1490 1537 1537 1538 1538 1539 1539 1540 1540 1540 1540 1541 1541 1538 1538 1542 1542 1538 1538 1541 1541 1538 1538 1542 1542 1543 1543 1544 1544 1543 1543 1542 1542 1543 1543 1544 1544 1545 1545 1546 1546 1547 1547 1548 1548 1549 1549 1550 1550 1551 1551 1552 1552 1551 1551 1550 1550 1551 1551 1552 1552 1548 1548 1553 1553 1548 1548 1552 1552 1548 1548 1553 1553 1546 1546 1554 1554 1555 1555 1556 1556 1557 1557 1556 1556 1555 1555 1556 1556 1557 1557 1558 1558 1559 1559 1560 1560 1561 1561 1559 1559 1561 1561 1562 1562 1558 1558 1557 1557 1563 1563 1564 1564 1563 1563 1557 1557 1563 1563 1564 1564 1565 1565 1564 1564 1566 1566 1565 1565 1567 1567 1565 1565 1566 1566 1565 1565 1567 1567 1568 1568 1569 1569 1568 1568 1567 1567 1568 1568 1569 1569 1561 1561 1570 1570 1561 1561 1569 1569 1561 1561 1570 1570 1562 1562 1571 1571 1572 1572 1573 1573 1574 1574 1575 1575 1576 1576 1577 1577 1574 1574 1578 1578 1576 1576 1578 1578 1574 1574 1578 1578 1576 1576 1579 1579 1573 1573 1580 1580 1571 1571 1581 1581 1571 1571 1580 1580 1571 1571 1581 1581 1582 1582 1583 1583 1582 1582 1581 1581 1582 1582 1583 1583 1584 1584 1585 1585 1584 1584 1583 1583 1584 1584 1585 1585 1586 1586 1579 1579 1586 1586 1585 1585 1586 1586 1579 1579 1587 1587 1576 1576 1587 1587 1579 1579</p>
        </triangles>
      </mesh>
    </geometry>
  </library_geometries>
  <library_materials>
    <material id="de56a24a671b4897ad6567f563dba64c" name="defaultmaterial">
      <instance_effect url="#fa68fc79fa1b4889b2681da9adcbf620"/>
    </material>
  </library_materials>
  <library_visual_scenes>
    <visual_scene id="scene">
      <node id="node0" name="node0">
        <instance_geometry url="#a3fe1eea227941349958a326c604cfad">
          <bind_material>
            <technique_common>
              <instance_material symbol="material0" target="#de56a24a671b4897ad6567f563dba64c"/>
            </technique_common>
          </bind_material>
        </instance_geometry>
      </node>
    </visual_scene>
  </library_visual_scenes>
  <scene>
    <instance_visual_scene url="#scene"/>
  </scene>
</COLLADA>
